[2025-10-08 15:16:40,191] [INFO] Trying to create session grok-3_mas_rag:r__vs__mistral-medium_mas:l...
[2025-10-08 15:16:40,219] [INFO] DIALOGUE START: Parent graph invoked, waiting for Langgraph return state...
[2025-10-08 15:16:41,106] [INFO] ENTER: 'VectorBasedRAG' calling '_vector_based_examples'; CURRENT SPEAKER: grok-3_mas_rag, DIALOGUE TURN NUM = 0.
[2025-10-08 15:16:41,107] [INFO] ENTER: 'VectorBasedRAG' calling '_query_graph'; CURRENT SPEAKER: grok-3_mas_rag, DIALOGUE TURN NUM = 0.
[2025-10-08 15:16:41,219] [INFO] EXIT: 'VectorBasedRAG' calling '_query_graph' (0.11275386810302734 secs).
[2025-10-08 15:16:41,222] [INFO] EXIT: 'VectorBasedRAG' calling '_vector_based_examples' (0.11513614654541016 secs).
[2025-10-08 15:16:41,222] [INFO] ENTER: 'VectorBasedRAG' calling '_vector_based_examples'; CURRENT SPEAKER: grok-3_mas_rag, DIALOGUE TURN NUM = 0.
[2025-10-08 15:16:41,222] [INFO] ENTER: 'VectorBasedRAG' calling '_query_graph'; CURRENT SPEAKER: grok-3_mas_rag, DIALOGUE TURN NUM = 0.
[2025-10-08 15:16:41,279] [INFO] EXIT: 'VectorBasedRAG' calling '_query_graph' (0.05728626251220703 secs).
[2025-10-08 15:16:41,280] [INFO] EXIT: 'VectorBasedRAG' calling '_vector_based_examples' (0.058234453201293945 secs).
[2025-10-08 15:16:41,280] [INFO] ENTER: 'VectorBasedRAG' calling '_create_prompt'; CURRENT SPEAKER: grok-3_mas_rag, DIALOGUE TURN NUM = 0.
[2025-10-08 15:16:41,280] [INFO] EXIT: 'VectorBasedRAG' calling '_create_prompt' (1.5497207641601562e-05 secs).
[2025-10-08 15:16:41,280] [INFO] ENTER: 'VectorBasedRAG' calling '_generate_completion'; CURRENT SPEAKER: grok-3_mas_rag, DIALOGUE TURN NUM = 0.
[2025-10-08 15:17:08,482] [INFO] 'VectorBasedRAG' agent persona completion returned and validated; MODEL = 'grok-3'.
[2025-10-08 15:17:08,482] [INFO] EXIT: 'VectorBasedRAG' calling '_generate_completion' (27.202049732208252 secs).
[2025-10-08 15:17:08,482] [INFO] ENTER: 'VectorBasedRAG' calling 'persona_string'; CURRENT SPEAKER: grok-3_mas_rag, DIALOGUE TURN NUM = 0.
[2025-10-08 15:17:08,482] [INFO] 'VectorBasedRAG' agent persona string generated; MODEL = 'grok-3'.
[2025-10-08 15:17:08,482] [INFO] EXIT: 'VectorBasedRAG' calling 'persona_string' (7.414817810058594e-05 secs).
[2025-10-08 15:17:08,483] [INFO] ENTER: 'DialogueMoveGenerator' calling 'generate'; CURRENT SPEAKER: grok-3_mas_rag, DIALOGUE TURN NUM = 0.
[2025-10-08 15:17:08,483] [INFO] ENTER: 'MASPromptGenerator' calling 'initial_llm_claim'; CURRENT SPEAKER: grok-3_mas_rag, DIALOGUE TURN NUM = 0.
[2025-10-08 15:17:08,483] [INFO] EXIT: 'MASPromptGenerator' calling 'initial_llm_claim' (5.0067901611328125e-06 secs).
[2025-10-08 15:17:11,780] [INFO] Completion returned and validated from MODEL = 'grok-3'.
[2025-10-08 15:17:11,780] [INFO] EXIT: 'DialogueMoveGenerator' calling 'generate' (3.296853542327881 secs).
[2025-10-08 15:17:11,780] [INFO] ENTER: 'MASPromptGenerator' calling 'persuasiveness_choice'; CURRENT SPEAKER: grok-3_mas_rag, DIALOGUE TURN NUM = 0.
[2025-10-08 15:17:11,780] [INFO] EXIT: 'MASPromptGenerator' calling 'persuasiveness_choice' (1.1682510375976562e-05 secs).
[2025-10-08 15:17:13,228] [INFO] Completion returned and validated within 'PersuasivenessChoiceAgent'; MODEL = 'grok-3'; DIALOGUE TURN NUM = 0.
[2025-10-08 15:17:13,229] [INFO] ENTER: 'DisambiguationAgent' calling 'return_disambiguated_sentences'; CURRENT SPEAKER: grok-3_mas_rag, DIALOGUE TURN NUM = 0.
[2025-10-08 15:17:13,229] [INFO] EXIT: 'DisambiguationAgent' calling 'return_disambiguated_sentences' (2.1457672119140625e-06 secs).
[2025-10-08 15:17:13,230] [ERROR] Wrong state used; State of type HumanState; error message: dict has unexpected extra key(s): "graph_rag_examples", "intermediate_generations", "knowledge_base_ensemble_or_model_name", "model_seed", "model_temp", "model_top_p", "number_of_graph_rag_examples", "number_of_vector_based_rag_examples", "political_position_prob_of_na", "political_position_range", "political_position_std", "speaker_model_name", "speaker_type", "vector_based_persona_string", "vector_based_persona_sys_prompt"
[2025-10-08 15:17:13,230] [INFO] Correct state used; State of type GenerationAgentsState; 'IGNORE THE ABOVE ERRORS'.
[2025-10-08 15:17:13,913] [INFO] 'commitment_update' completed '___Claim___' update for current speaker's commitments; MODEL = 'grok-3'.
[2025-10-08 15:17:13,979] [ERROR] Wrong state used; State of type HumanState; error message: dict has unexpected extra key(s): "graph_rag_examples", "intermediate_generations", "knowledge_base_ensemble_or_model_name", "model_seed", "model_temp", "model_top_p", "number_of_graph_rag_examples", "number_of_vector_based_rag_examples", "political_position_prob_of_na", "political_position_range", "political_position_std", "speaker_model_name", "speaker_type", "vector_based_persona_string", "vector_based_persona_sys_prompt"
[2025-10-08 15:17:13,980] [INFO] Correct state used; State of type GenerationAgentsState; 'IGNORE THE ABOVE ERRORS'.
[2025-10-08 15:17:13,980] [INFO] ENTER: 'UtteranceClassificationAgent' calling '_classify_sentence_utterance_types'; CURRENT SPEAKER: mistral-medium_mas, DIALOGUE TURN NUM = 1.
[2025-10-08 15:17:14,374] [INFO] 'UtteranceClassificationAgent' completion returned and validated from MODEL = 'ModelName.MISTRAL_MEDIUM'.
[2025-10-08 15:17:14,374] [INFO] EXIT: 'UtteranceClassificationAgent' calling '_classify_sentence_utterance_types' (0.3937675952911377 secs).
[2025-10-08 15:17:14,374] [INFO] ENTER: 'UtteranceClassificationAgent' calling 'return_classified_sentences'; CURRENT SPEAKER: mistral-medium_mas, DIALOGUE TURN NUM = 1.
[2025-10-08 15:17:14,374] [INFO] EXIT: 'UtteranceClassificationAgent' calling 'return_classified_sentences' (2.6226043701171875e-06 secs).
[2025-10-08 15:17:14,376] [INFO] ENTER: 'DialogueMoveGenerator' calling 'generate'; CURRENT SPEAKER: mistral-medium_mas, DIALOGUE TURN NUM = 1.
[2025-10-08 15:17:14,376] [INFO] ENTER: 'MASPromptGenerator' calling 'concede_claim'; CURRENT SPEAKER: mistral-medium_mas, DIALOGUE TURN NUM = 1.
[2025-10-08 15:17:14,376] [INFO] EXIT: 'MASPromptGenerator' calling 'concede_claim' (2.09808349609375e-05 secs).
[2025-10-08 15:17:14,377] [INFO] ENTER: 'DialogueMoveGenerator' calling 'generate'; CURRENT SPEAKER: mistral-medium_mas, DIALOGUE TURN NUM = 1.
[2025-10-08 15:17:14,378] [INFO] ENTER: 'MASPromptGenerator' calling 'why_claim'; CURRENT SPEAKER: mistral-medium_mas, DIALOGUE TURN NUM = 1.
[2025-10-08 15:17:14,378] [INFO] EXIT: 'MASPromptGenerator' calling 'why_claim' (1.3828277587890625e-05 secs).
[2025-10-08 15:17:14,379] [INFO] ENTER: 'DialogueMoveGenerator' calling 'generate'; CURRENT SPEAKER: mistral-medium_mas, DIALOGUE TURN NUM = 1.
[2025-10-08 15:17:14,379] [INFO] ENTER: 'MASPromptGenerator' calling 'question_claim'; CURRENT SPEAKER: mistral-medium_mas, DIALOGUE TURN NUM = 1.
[2025-10-08 15:17:14,379] [INFO] EXIT: 'MASPromptGenerator' calling 'question_claim' (1.3113021850585938e-05 secs).
[2025-10-08 15:17:16,045] [INFO] Completion returned and validated from MODEL = 'mistral-medium'.
[2025-10-08 15:17:16,045] [INFO] EXIT: 'DialogueMoveGenerator' calling 'generate' (1.6692345142364502 secs).
[2025-10-08 15:18:20,659] [INFO] Completion returned and validated from MODEL = 'mistral-medium'.
[2025-10-08 15:18:20,660] [INFO] EXIT: 'DialogueMoveGenerator' calling 'generate' (66.28067064285278 secs).
[2025-10-08 15:19:17,179] [INFO] Completion returned and validated from MODEL = 'mistral-medium'.
[2025-10-08 15:19:17,179] [INFO] EXIT: 'DialogueMoveGenerator' calling 'generate' (122.80187749862671 secs).
[2025-10-08 15:19:17,181] [INFO] ENTER: 'MASPromptGenerator' calling 'persuasiveness_choice'; CURRENT SPEAKER: mistral-medium_mas, DIALOGUE TURN NUM = 1.
[2025-10-08 15:19:17,181] [INFO] EXIT: 'MASPromptGenerator' calling 'persuasiveness_choice' (3.266334533691406e-05 secs).
[2025-10-08 15:19:19,115] [INFO] Completion returned and validated within 'PersuasivenessChoiceAgent'; MODEL = 'mistral-medium'; DIALOGUE TURN NUM = 1.
[2025-10-08 15:19:19,116] [INFO] ENTER: 'DisambiguationAgent' calling '_grouping_similar_utterance_types'; CURRENT SPEAKER: mistral-medium_mas, DIALOGUE TURN NUM = 1.
[2025-10-08 15:19:19,116] [INFO] EXIT: 'DisambiguationAgent' calling '_grouping_similar_utterance_types' (4.76837158203125e-06 secs).
[2025-10-08 15:19:19,116] [INFO] ENTER: 'DisambiguationAgent' calling '_identifying_similar_sentences_and_choosing_one_to_return_to_user'; CURRENT SPEAKER: mistral-medium_mas, DIALOGUE TURN NUM = 1.
[2025-10-08 15:19:20,682] [INFO] 'DisambiguationAgent' grouped similar sentences, completion returned and validated; MODEL = 'mistral-medium'.
[2025-10-08 15:19:21,640] [INFO] 'DisambiguationAgent' chose sentences to remove, completion returned and validated from MODEL = 'mistral-medium'.
[2025-10-08 15:19:21,640] [INFO] EXIT: 'DisambiguationAgent' calling '_identifying_similar_sentences_and_choosing_one_to_return_to_user' (2.524564266204834 secs).
[2025-10-08 15:19:21,640] [INFO] ENTER: 'DisambiguationAgent' calling '_removing_repetitive_sentences'; CURRENT SPEAKER: mistral-medium_mas, DIALOGUE TURN NUM = 1.
[2025-10-08 15:19:21,641] [INFO] EXIT: 'DisambiguationAgent' calling '_removing_repetitive_sentences' (7.152557373046875e-06 secs).
[2025-10-08 15:19:21,641] [INFO] ENTER: 'DisambiguationAgent' calling 'return_disambiguated_sentences'; CURRENT SPEAKER: mistral-medium_mas, DIALOGUE TURN NUM = 1.
[2025-10-08 15:19:21,641] [INFO] EXIT: 'DisambiguationAgent' calling 'return_disambiguated_sentences' (1.9073486328125e-06 secs).
[2025-10-08 15:19:21,641] [ERROR] Wrong state used; State of type HumanState; error message: dict has unexpected extra key(s): "graph_rag_examples", "intermediate_generations", "knowledge_base_ensemble_or_model_name", "model_seed", "model_temp", "model_top_p", "number_of_graph_rag_examples", "number_of_vector_based_rag_examples", "political_position_prob_of_na", "political_position_range", "political_position_std", "speaker_model_name", "speaker_type", "vector_based_persona_string", "vector_based_persona_sys_prompt"
[2025-10-08 15:19:21,641] [INFO] Correct state used; State of type GenerationAgentsState; 'IGNORE THE ABOVE ERRORS'.
[2025-10-08 15:19:21,704] [ERROR] Wrong state used; State of type HumanState; error message: dict has unexpected extra key(s): "graph_rag_examples", "intermediate_generations", "knowledge_base_ensemble_or_model_name", "model_seed", "model_temp", "model_top_p", "number_of_graph_rag_examples", "number_of_vector_based_rag_examples", "political_position_prob_of_na", "political_position_range", "political_position_std", "speaker_model_name", "speaker_type", "vector_based_persona_string", "vector_based_persona_sys_prompt"
[2025-10-08 15:19:21,704] [INFO] Correct state used; State of type GenerationAgentsState; 'IGNORE THE ABOVE ERRORS'.
[2025-10-08 15:19:21,704] [INFO] ENTER: 'UtteranceClassificationAgent' calling '_classify_sentence_utterance_types'; CURRENT SPEAKER: grok-3_mas_rag, DIALOGUE TURN NUM = 2.
[2025-10-08 15:19:24,205] [INFO] 'UtteranceClassificationAgent' completion returned and validated from MODEL = 'ModelName.GROK_3'.
[2025-10-08 15:19:24,935] [INFO] 'UtteranceClassificationAgent' completion returned and validated from MODEL = 'ModelName.GROK_3'.
[2025-10-08 15:19:24,935] [INFO] EXIT: 'UtteranceClassificationAgent' calling '_classify_sentence_utterance_types' (3.2303686141967773 secs).
[2025-10-08 15:19:24,935] [INFO] ENTER: 'UtteranceClassificationAgent' calling 'return_classified_sentences'; CURRENT SPEAKER: grok-3_mas_rag, DIALOGUE TURN NUM = 2.
[2025-10-08 15:19:24,935] [INFO] EXIT: 'UtteranceClassificationAgent' calling 'return_classified_sentences' (2.6226043701171875e-06 secs).
[2025-10-08 15:19:24,954] [INFO] ENTER: 'GraphRAG' calling 'since'; CURRENT SPEAKER: grok-3_mas_rag, DIALOGUE TURN NUM = 2.
[2025-10-08 15:19:24,954] [INFO] ENTER: 'GraphRAG' calling 'query_graph'; CURRENT SPEAKER: grok-3_mas_rag, DIALOGUE TURN NUM = 2.
[2025-10-08 15:19:24,974] [INFO] EXIT: 'GraphRAG' calling 'query_graph' (0.019420146942138672 secs).
[2025-10-08 15:19:24,974] [INFO] EXIT: 'GraphRAG' calling 'since' (0.019785165786743164 secs).
[2025-10-08 15:19:24,974] [INFO] ENTER: 'GraphRAG' calling 'claim'; CURRENT SPEAKER: grok-3_mas_rag, DIALOGUE TURN NUM = 2.
[2025-10-08 15:19:24,974] [INFO] ENTER: 'GraphRAG' calling 'query_graph'; CURRENT SPEAKER: grok-3_mas_rag, DIALOGUE TURN NUM = 2.
[2025-10-08 15:19:24,989] [INFO] EXIT: 'GraphRAG' calling 'query_graph' (0.01479959487915039 secs).
[2025-10-08 15:19:24,989] [INFO] EXIT: 'GraphRAG' calling 'claim' (0.01512289047241211 secs).
[2025-10-08 15:19:25,003] [INFO] ENTER: 'GraphRAG' calling 'since'; CURRENT SPEAKER: grok-3_mas_rag, DIALOGUE TURN NUM = 2.
[2025-10-08 15:19:25,003] [INFO] ENTER: 'GraphRAG' calling 'query_graph'; CURRENT SPEAKER: grok-3_mas_rag, DIALOGUE TURN NUM = 2.
[2025-10-08 15:19:25,022] [INFO] EXIT: 'GraphRAG' calling 'query_graph' (0.018889427185058594 secs).
[2025-10-08 15:19:25,022] [INFO] EXIT: 'GraphRAG' calling 'since' (0.019226551055908203 secs).
[2025-10-08 15:19:25,022] [INFO] ENTER: 'GraphRAG' calling 'claim'; CURRENT SPEAKER: grok-3_mas_rag, DIALOGUE TURN NUM = 2.
[2025-10-08 15:19:25,023] [INFO] ENTER: 'GraphRAG' calling 'query_graph'; CURRENT SPEAKER: grok-3_mas_rag, DIALOGUE TURN NUM = 2.
[2025-10-08 15:19:25,038] [INFO] EXIT: 'GraphRAG' calling 'query_graph' (0.014886140823364258 secs).
[2025-10-08 15:19:25,038] [INFO] EXIT: 'GraphRAG' calling 'claim' (0.015305042266845703 secs).
[2025-10-08 15:19:25,038] [INFO] ENTER: 'GraphRAG' calling 'return_rag_examples'; CURRENT SPEAKER: grok-3_mas_rag, DIALOGUE TURN NUM = 2.
[2025-10-08 15:19:25,038] [INFO] EXIT: 'GraphRAG' calling 'return_rag_examples' (2.1457672119140625e-06 secs).
[2025-10-08 15:19:25,040] [INFO] ENTER: 'DialogueMoveGenerator' calling 'generate'; CURRENT SPEAKER: grok-3_mas_rag, DIALOGUE TURN NUM = 2.
[2025-10-08 15:19:25,040] [INFO] ENTER: 'MASPromptGenerator' calling 'claim'; CURRENT SPEAKER: grok-3_mas_rag, DIALOGUE TURN NUM = 2.
[2025-10-08 15:19:25,040] [INFO] EXIT: 'MASPromptGenerator' calling 'claim' (3.266334533691406e-05 secs).
[2025-10-08 15:19:25,041] [INFO] ENTER: 'DialogueMoveGenerator' calling 'generate'; CURRENT SPEAKER: grok-3_mas_rag, DIALOGUE TURN NUM = 2.
[2025-10-08 15:19:25,041] [INFO] ENTER: 'MASPromptGenerator' calling 'retract_claim'; CURRENT SPEAKER: grok-3_mas_rag, DIALOGUE TURN NUM = 2.
[2025-10-08 15:19:25,041] [INFO] EXIT: 'MASPromptGenerator' calling 'retract_claim' (2.5033950805664062e-05 secs).
[2025-10-08 15:19:25,042] [INFO] ENTER: 'DialogueMoveGenerator' calling 'generate'; CURRENT SPEAKER: grok-3_mas_rag, DIALOGUE TURN NUM = 2.
[2025-10-08 15:19:25,042] [INFO] ENTER: 'MASPromptGenerator' calling 'since_claim'; CURRENT SPEAKER: grok-3_mas_rag, DIALOGUE TURN NUM = 2.
[2025-10-08 15:19:25,042] [INFO] EXIT: 'MASPromptGenerator' calling 'since_claim' (2.4318695068359375e-05 secs).
[2025-10-08 15:19:31,281] [INFO] Completion returned and validated from MODEL = 'grok-3'.
[2025-10-08 15:19:31,738] [INFO] Completion returned and validated from MODEL = 'grok-3'.
[2025-10-08 15:19:31,810] [INFO] Completion returned and validated from MODEL = 'grok-3'.
[2025-10-08 15:19:35,307] [INFO] Completion returned and validated from MODEL = 'grok-3'.
[2025-10-08 15:19:35,307] [INFO] EXIT: 'DialogueMoveGenerator' calling 'generate' (10.265819787979126 secs).
[2025-10-08 15:19:35,694] [INFO] Completion returned and validated from MODEL = 'grok-3'.
[2025-10-08 15:19:35,694] [INFO] EXIT: 'DialogueMoveGenerator' calling 'generate' (10.65200924873352 secs).
[2025-10-08 15:19:35,909] [INFO] Completion returned and validated from MODEL = 'grok-3'.
[2025-10-08 15:19:35,909] [INFO] EXIT: 'DialogueMoveGenerator' calling 'generate' (10.869166851043701 secs).
[2025-10-08 15:19:35,910] [INFO] ENTER: 'MASPromptGenerator' calling 'persuasiveness_choice'; CURRENT SPEAKER: grok-3_mas_rag, DIALOGUE TURN NUM = 2.
[2025-10-08 15:19:35,910] [INFO] EXIT: 'MASPromptGenerator' calling 'persuasiveness_choice' (6.866455078125e-05 secs).
[2025-10-08 15:19:40,592] [INFO] Completion returned and validated within 'PersuasivenessChoiceAgent'; MODEL = 'grok-3'; DIALOGUE TURN NUM = 2.
[2025-10-08 15:19:44,878] [INFO] Completion returned and validated within 'PersuasivenessChoiceAgent'; MODEL = 'grok-3'; DIALOGUE TURN NUM = 2.
[2025-10-08 15:19:44,879] [INFO] ENTER: 'DisambiguationAgent' calling '_grouping_similar_utterance_types'; CURRENT SPEAKER: grok-3_mas_rag, DIALOGUE TURN NUM = 2.
[2025-10-08 15:19:44,879] [INFO] EXIT: 'DisambiguationAgent' calling '_grouping_similar_utterance_types' (8.106231689453125e-06 secs).
[2025-10-08 15:19:44,879] [INFO] ENTER: 'DisambiguationAgent' calling '_identifying_similar_sentences_and_choosing_one_to_return_to_user'; CURRENT SPEAKER: grok-3_mas_rag, DIALOGUE TURN NUM = 2.
[2025-10-08 15:19:49,728] [INFO] 'DisambiguationAgent' grouped similar sentences, completion returned and validated; MODEL = 'grok-3'.
[2025-10-08 15:19:50,821] [INFO] 'DisambiguationAgent' chose sentences to remove, completion returned and validated from MODEL = 'grok-3'.
[2025-10-08 15:19:52,134] [INFO] 'DisambiguationAgent' chose sentences to remove, completion returned and validated from MODEL = 'grok-3'.
[2025-10-08 15:19:52,134] [INFO] EXIT: 'DisambiguationAgent' calling '_identifying_similar_sentences_and_choosing_one_to_return_to_user' (7.255543947219849 secs).
[2025-10-08 15:19:52,134] [INFO] ENTER: 'DisambiguationAgent' calling '_removing_repetitive_sentences'; CURRENT SPEAKER: grok-3_mas_rag, DIALOGUE TURN NUM = 2.
[2025-10-08 15:19:52,135] [INFO] EXIT: 'DisambiguationAgent' calling '_removing_repetitive_sentences' (1.1682510375976562e-05 secs).
[2025-10-08 15:19:52,135] [INFO] ENTER: 'DisambiguationAgent' calling 'return_disambiguated_sentences'; CURRENT SPEAKER: grok-3_mas_rag, DIALOGUE TURN NUM = 2.
[2025-10-08 15:19:52,135] [INFO] EXIT: 'DisambiguationAgent' calling 'return_disambiguated_sentences' (2.1457672119140625e-06 secs).
[2025-10-08 15:19:52,135] [ERROR] Wrong state used; State of type HumanState; error message: dict has unexpected extra key(s): "graph_rag_examples", "intermediate_generations", "knowledge_base_ensemble_or_model_name", "model_seed", "model_temp", "model_top_p", "number_of_graph_rag_examples", "number_of_vector_based_rag_examples", "political_position_prob_of_na", "political_position_range", "political_position_std", "speaker_model_name", "speaker_type", "vector_based_persona_string", "vector_based_persona_sys_prompt"
[2025-10-08 15:19:52,135] [INFO] Correct state used; State of type GenerationAgentsState; 'IGNORE THE ABOVE ERRORS'.
[2025-10-08 15:19:55,216] [INFO] 'commitment_update' completed '___Claim___' update for current speaker's commitments; MODEL = 'grok-3'.
[2025-10-08 15:19:56,008] [INFO] 'commitment_update' completed '___Claim___' update for current speaker's commitments; MODEL = 'grok-3'.
[2025-10-08 15:19:56,687] [INFO] 'commitment_update' completed '___Claim___' update for current speaker's commitments; MODEL = 'grok-3'.
[2025-10-08 15:19:56,755] [ERROR] Wrong state used; State of type HumanState; error message: dict has unexpected extra key(s): "graph_rag_examples", "intermediate_generations", "knowledge_base_ensemble_or_model_name", "model_seed", "model_temp", "model_top_p", "number_of_graph_rag_examples", "number_of_vector_based_rag_examples", "political_position_prob_of_na", "political_position_range", "political_position_std", "speaker_model_name", "speaker_type", "vector_based_persona_string", "vector_based_persona_sys_prompt"
[2025-10-08 15:19:56,756] [INFO] Correct state used; State of type GenerationAgentsState; 'IGNORE THE ABOVE ERRORS'.
[2025-10-08 15:19:56,756] [INFO] ENTER: 'UtteranceClassificationAgent' calling '_classify_sentence_utterance_types'; CURRENT SPEAKER: mistral-medium_mas, DIALOGUE TURN NUM = 3.
[2025-10-08 15:19:58,119] [INFO] 'UtteranceClassificationAgent' completion returned and validated from MODEL = 'ModelName.MISTRAL_MEDIUM'.
[2025-10-08 15:19:58,557] [INFO] 'UtteranceClassificationAgent' completion returned and validated from MODEL = 'ModelName.MISTRAL_MEDIUM'.
[2025-10-08 15:19:58,961] [INFO] 'UtteranceClassificationAgent' completion returned and validated from MODEL = 'ModelName.MISTRAL_MEDIUM'.
[2025-10-08 15:19:58,961] [INFO] EXIT: 'UtteranceClassificationAgent' calling '_classify_sentence_utterance_types' (2.2048423290252686 secs).
[2025-10-08 15:19:58,961] [INFO] ENTER: 'UtteranceClassificationAgent' calling 'return_classified_sentences'; CURRENT SPEAKER: mistral-medium_mas, DIALOGUE TURN NUM = 3.
[2025-10-08 15:19:58,961] [INFO] EXIT: 'UtteranceClassificationAgent' calling 'return_classified_sentences' (2.86102294921875e-06 secs).
[2025-10-08 15:19:58,963] [INFO] ENTER: 'DialogueMoveGenerator' calling 'generate'; CURRENT SPEAKER: mistral-medium_mas, DIALOGUE TURN NUM = 3.
[2025-10-08 15:19:58,963] [INFO] ENTER: 'MASPromptGenerator' calling 'concede_claim'; CURRENT SPEAKER: mistral-medium_mas, DIALOGUE TURN NUM = 3.
[2025-10-08 15:19:58,963] [INFO] EXIT: 'MASPromptGenerator' calling 'concede_claim' (3.790855407714844e-05 secs).
[2025-10-08 15:19:58,964] [INFO] ENTER: 'DialogueMoveGenerator' calling 'generate'; CURRENT SPEAKER: mistral-medium_mas, DIALOGUE TURN NUM = 3.
[2025-10-08 15:19:58,964] [INFO] ENTER: 'MASPromptGenerator' calling 'question_claim'; CURRENT SPEAKER: mistral-medium_mas, DIALOGUE TURN NUM = 3.
[2025-10-08 15:19:58,964] [INFO] EXIT: 'MASPromptGenerator' calling 'question_claim' (2.0503997802734375e-05 secs).
[2025-10-08 15:19:58,965] [INFO] ENTER: 'DialogueMoveGenerator' calling 'generate'; CURRENT SPEAKER: mistral-medium_mas, DIALOGUE TURN NUM = 3.
[2025-10-08 15:19:58,965] [INFO] ENTER: 'MASPromptGenerator' calling 'why_claim'; CURRENT SPEAKER: mistral-medium_mas, DIALOGUE TURN NUM = 3.
[2025-10-08 15:19:58,965] [INFO] EXIT: 'MASPromptGenerator' calling 'why_claim' (2.7418136596679688e-05 secs).
[2025-10-08 15:20:01,182] [INFO] Completion returned and validated from MODEL = 'mistral-medium'.
[2025-10-08 15:20:01,683] [INFO] Completion returned and validated from MODEL = 'mistral-medium'.
[2025-10-08 15:20:03,368] [INFO] Completion returned and validated from MODEL = 'mistral-medium'.
[2025-10-08 15:20:22,770] [INFO] Completion returned and validated from MODEL = 'mistral-medium'.
[2025-10-08 15:20:30,848] [INFO] Completion returned and validated from MODEL = 'mistral-medium'.
[2025-10-08 15:20:31,827] [INFO] Completion returned and validated from MODEL = 'mistral-medium'.
[2025-10-08 15:20:32,794] [INFO] Completion returned and validated from MODEL = 'mistral-medium'.
[2025-10-08 15:20:32,794] [INFO] EXIT: 'DialogueMoveGenerator' calling 'generate' (33.83139109611511 secs).
[2025-10-08 15:20:48,992] [INFO] Completion returned and validated from MODEL = 'mistral-medium'.
[2025-10-08 15:20:48,992] [INFO] EXIT: 'DialogueMoveGenerator' calling 'generate' (50.02783417701721 secs).
[2025-10-08 15:22:00,501] [INFO] Completion returned and validated from MODEL = 'mistral-medium'.
[2025-10-08 15:22:00,501] [INFO] EXIT: 'DialogueMoveGenerator' calling 'generate' (121.53696203231812 secs).
[2025-10-08 15:22:00,502] [INFO] ENTER: 'MASPromptGenerator' calling 'persuasiveness_choice'; CURRENT SPEAKER: mistral-medium_mas, DIALOGUE TURN NUM = 3.
[2025-10-08 15:22:00,502] [INFO] EXIT: 'MASPromptGenerator' calling 'persuasiveness_choice' (8.678436279296875e-05 secs).
[2025-10-08 15:22:04,893] [INFO] Completion returned and validated within 'PersuasivenessChoiceAgent'; MODEL = 'mistral-medium'; DIALOGUE TURN NUM = 3.
[2025-10-08 15:22:30,289] [INFO] Completion returned and validated within 'PersuasivenessChoiceAgent'; MODEL = 'mistral-medium'; DIALOGUE TURN NUM = 3.
[2025-10-08 15:26:11,504] [INFO] Completion returned and validated within 'PersuasivenessChoiceAgent'; MODEL = 'mistral-medium'; DIALOGUE TURN NUM = 3.
[2025-10-08 15:26:11,504] [INFO] ENTER: 'DisambiguationAgent' calling '_grouping_similar_utterance_types'; CURRENT SPEAKER: mistral-medium_mas, DIALOGUE TURN NUM = 3.
[2025-10-08 15:26:11,504] [INFO] EXIT: 'DisambiguationAgent' calling '_grouping_similar_utterance_types' (6.4373016357421875e-06 secs).
[2025-10-08 15:26:11,504] [INFO] ENTER: 'DisambiguationAgent' calling '_identifying_similar_sentences_and_choosing_one_to_return_to_user'; CURRENT SPEAKER: mistral-medium_mas, DIALOGUE TURN NUM = 3.
[2025-10-08 15:26:19,860] [INFO] 'DisambiguationAgent' grouped similar sentences, completion returned and validated; MODEL = 'mistral-medium'.
[2025-10-08 15:26:20,777] [INFO] 'DisambiguationAgent' chose sentences to remove, completion returned and validated from MODEL = 'mistral-medium'.
[2025-10-08 15:26:29,110] [INFO] 'DisambiguationAgent' chose sentences to remove, completion returned and validated from MODEL = 'mistral-medium'.
[2025-10-08 15:28:31,109] [INFO] 'DisambiguationAgent' chose sentences to remove, completion returned and validated from MODEL = 'mistral-medium'.
[2025-10-08 15:28:31,109] [INFO] EXIT: 'DisambiguationAgent' calling '_identifying_similar_sentences_and_choosing_one_to_return_to_user' (139.60475826263428 secs).
[2025-10-08 15:28:31,109] [INFO] ENTER: 'DisambiguationAgent' calling '_removing_repetitive_sentences'; CURRENT SPEAKER: mistral-medium_mas, DIALOGUE TURN NUM = 3.
[2025-10-08 15:28:31,109] [INFO] EXIT: 'DisambiguationAgent' calling '_removing_repetitive_sentences' (1.3113021850585938e-05 secs).
[2025-10-08 15:28:31,109] [INFO] ENTER: 'DisambiguationAgent' calling 'return_disambiguated_sentences'; CURRENT SPEAKER: mistral-medium_mas, DIALOGUE TURN NUM = 3.
[2025-10-08 15:28:31,109] [INFO] EXIT: 'DisambiguationAgent' calling 'return_disambiguated_sentences' (2.6226043701171875e-06 secs).
[2025-10-08 15:28:31,110] [ERROR] Wrong state used; State of type HumanState; error message: dict has unexpected extra key(s): "graph_rag_examples", "intermediate_generations", "knowledge_base_ensemble_or_model_name", "model_seed", "model_temp", "model_top_p", "number_of_graph_rag_examples", "number_of_vector_based_rag_examples", "political_position_prob_of_na", "political_position_range", "political_position_std", "speaker_model_name", "speaker_type", "vector_based_persona_string", "vector_based_persona_sys_prompt"
[2025-10-08 15:28:31,110] [INFO] Correct state used; State of type GenerationAgentsState; 'IGNORE THE ABOVE ERRORS'.
[2025-10-08 15:28:31,182] [ERROR] Wrong state used; State of type HumanState; error message: dict has unexpected extra key(s): "graph_rag_examples", "intermediate_generations", "knowledge_base_ensemble_or_model_name", "model_seed", "model_temp", "model_top_p", "number_of_graph_rag_examples", "number_of_vector_based_rag_examples", "political_position_prob_of_na", "political_position_range", "political_position_std", "speaker_model_name", "speaker_type", "vector_based_persona_string", "vector_based_persona_sys_prompt"
[2025-10-08 15:28:31,182] [INFO] Correct state used; State of type GenerationAgentsState; 'IGNORE THE ABOVE ERRORS'.
[2025-10-08 15:28:31,182] [INFO] ENTER: 'UtteranceClassificationAgent' calling '_classify_sentence_utterance_types'; CURRENT SPEAKER: grok-3_mas_rag, DIALOGUE TURN NUM = 4.
[2025-10-08 15:28:32,426] [INFO] 'UtteranceClassificationAgent' completion returned and validated from MODEL = 'ModelName.GROK_3'.
[2025-10-08 15:28:33,122] [INFO] 'UtteranceClassificationAgent' completion returned and validated from MODEL = 'ModelName.GROK_3'.
[2025-10-08 15:28:33,857] [INFO] 'UtteranceClassificationAgent' completion returned and validated from MODEL = 'ModelName.GROK_3'.
[2025-10-08 15:28:35,276] [INFO] 'UtteranceClassificationAgent' completion returned and validated from MODEL = 'ModelName.GROK_3'.
[2025-10-08 15:28:36,081] [INFO] 'UtteranceClassificationAgent' completion returned and validated from MODEL = 'ModelName.GROK_3'.
[2025-10-08 15:28:36,081] [INFO] EXIT: 'UtteranceClassificationAgent' calling '_classify_sentence_utterance_types' (4.8990631103515625 secs).
[2025-10-08 15:28:36,081] [INFO] ENTER: 'UtteranceClassificationAgent' calling 'return_classified_sentences'; CURRENT SPEAKER: grok-3_mas_rag, DIALOGUE TURN NUM = 4.
[2025-10-08 15:28:36,081] [INFO] EXIT: 'UtteranceClassificationAgent' calling 'return_classified_sentences' (2.86102294921875e-06 secs).
[2025-10-08 15:28:36,102] [INFO] ENTER: 'GraphRAG' calling 'since'; CURRENT SPEAKER: grok-3_mas_rag, DIALOGUE TURN NUM = 4.
[2025-10-08 15:28:36,103] [INFO] ENTER: 'GraphRAG' calling 'query_graph'; CURRENT SPEAKER: grok-3_mas_rag, DIALOGUE TURN NUM = 4.
[2025-10-08 15:28:36,123] [INFO] EXIT: 'GraphRAG' calling 'query_graph' (0.020511627197265625 secs).
[2025-10-08 15:28:36,123] [INFO] EXIT: 'GraphRAG' calling 'since' (0.02086496353149414 secs).
[2025-10-08 15:28:36,123] [INFO] ENTER: 'GraphRAG' calling 'claim'; CURRENT SPEAKER: grok-3_mas_rag, DIALOGUE TURN NUM = 4.
[2025-10-08 15:28:36,124] [INFO] ENTER: 'GraphRAG' calling 'query_graph'; CURRENT SPEAKER: grok-3_mas_rag, DIALOGUE TURN NUM = 4.
[2025-10-08 15:28:36,139] [INFO] EXIT: 'GraphRAG' calling 'query_graph' (0.015034675598144531 secs).
[2025-10-08 15:28:36,139] [INFO] EXIT: 'GraphRAG' calling 'claim' (0.0153350830078125 secs).
[2025-10-08 15:28:36,153] [INFO] ENTER: 'GraphRAG' calling 'since'; CURRENT SPEAKER: grok-3_mas_rag, DIALOGUE TURN NUM = 4.
[2025-10-08 15:28:36,154] [INFO] ENTER: 'GraphRAG' calling 'query_graph'; CURRENT SPEAKER: grok-3_mas_rag, DIALOGUE TURN NUM = 4.
[2025-10-08 15:28:36,174] [INFO] EXIT: 'GraphRAG' calling 'query_graph' (0.019991159439086914 secs).
[2025-10-08 15:28:36,174] [INFO] EXIT: 'GraphRAG' calling 'since' (0.020366907119750977 secs).
[2025-10-08 15:28:36,174] [INFO] ENTER: 'GraphRAG' calling 'claim'; CURRENT SPEAKER: grok-3_mas_rag, DIALOGUE TURN NUM = 4.
[2025-10-08 15:28:36,174] [INFO] ENTER: 'GraphRAG' calling 'query_graph'; CURRENT SPEAKER: grok-3_mas_rag, DIALOGUE TURN NUM = 4.
[2025-10-08 15:28:36,190] [INFO] EXIT: 'GraphRAG' calling 'query_graph' (0.015196800231933594 secs).
[2025-10-08 15:28:36,190] [INFO] EXIT: 'GraphRAG' calling 'claim' (0.015574455261230469 secs).
[2025-10-08 15:28:36,204] [INFO] ENTER: 'GraphRAG' calling 'since'; CURRENT SPEAKER: grok-3_mas_rag, DIALOGUE TURN NUM = 4.
[2025-10-08 15:28:36,205] [INFO] ENTER: 'GraphRAG' calling 'query_graph'; CURRENT SPEAKER: grok-3_mas_rag, DIALOGUE TURN NUM = 4.
[2025-10-08 15:28:36,225] [INFO] EXIT: 'GraphRAG' calling 'query_graph' (0.0199429988861084 secs).
[2025-10-08 15:28:36,225] [INFO] EXIT: 'GraphRAG' calling 'since' (0.020279645919799805 secs).
[2025-10-08 15:28:36,225] [INFO] ENTER: 'GraphRAG' calling 'claim'; CURRENT SPEAKER: grok-3_mas_rag, DIALOGUE TURN NUM = 4.
[2025-10-08 15:28:36,225] [INFO] ENTER: 'GraphRAG' calling 'query_graph'; CURRENT SPEAKER: grok-3_mas_rag, DIALOGUE TURN NUM = 4.
[2025-10-08 15:28:36,240] [INFO] EXIT: 'GraphRAG' calling 'query_graph' (0.015296220779418945 secs).
[2025-10-08 15:28:36,240] [INFO] EXIT: 'GraphRAG' calling 'claim' (0.01564311981201172 secs).
[2025-10-08 15:28:36,255] [INFO] ENTER: 'GraphRAG' calling 'claim'; CURRENT SPEAKER: grok-3_mas_rag, DIALOGUE TURN NUM = 4.
[2025-10-08 15:28:36,256] [INFO] ENTER: 'GraphRAG' calling 'query_graph'; CURRENT SPEAKER: grok-3_mas_rag, DIALOGUE TURN NUM = 4.
[2025-10-08 15:28:36,387] [INFO] EXIT: 'GraphRAG' calling 'query_graph' (0.1316971778869629 secs).
[2025-10-08 15:28:36,388] [INFO] EXIT: 'GraphRAG' calling 'claim' (0.13213515281677246 secs).
[2025-10-08 15:28:36,388] [INFO] ENTER: 'GraphRAG' calling 'claim_negation'; CURRENT SPEAKER: grok-3_mas_rag, DIALOGUE TURN NUM = 4.
[2025-10-08 15:28:36,388] [INFO] ENTER: 'GraphRAG' calling 'query_graph'; CURRENT SPEAKER: grok-3_mas_rag, DIALOGUE TURN NUM = 4.
[2025-10-08 15:28:36,442] [INFO] EXIT: 'GraphRAG' calling 'query_graph' (0.05386161804199219 secs).
[2025-10-08 15:28:36,442] [INFO] EXIT: 'GraphRAG' calling 'claim_negation' (0.05426168441772461 secs).
[2025-10-08 15:28:36,457] [INFO] ENTER: 'GraphRAG' calling 'since'; CURRENT SPEAKER: grok-3_mas_rag, DIALOGUE TURN NUM = 4.
[2025-10-08 15:28:36,457] [INFO] ENTER: 'GraphRAG' calling 'query_graph'; CURRENT SPEAKER: grok-3_mas_rag, DIALOGUE TURN NUM = 4.
[2025-10-08 15:28:36,477] [INFO] EXIT: 'GraphRAG' calling 'query_graph' (0.019588947296142578 secs).
[2025-10-08 15:28:36,477] [INFO] EXIT: 'GraphRAG' calling 'since' (0.01994943618774414 secs).
[2025-10-08 15:28:36,477] [INFO] ENTER: 'GraphRAG' calling 'claim'; CURRENT SPEAKER: grok-3_mas_rag, DIALOGUE TURN NUM = 4.
[2025-10-08 15:28:36,477] [INFO] ENTER: 'GraphRAG' calling 'query_graph'; CURRENT SPEAKER: grok-3_mas_rag, DIALOGUE TURN NUM = 4.
[2025-10-08 15:28:36,493] [INFO] EXIT: 'GraphRAG' calling 'query_graph' (0.015241384506225586 secs).
[2025-10-08 15:28:36,493] [INFO] EXIT: 'GraphRAG' calling 'claim' (0.01564502716064453 secs).
[2025-10-08 15:28:36,493] [INFO] ENTER: 'GraphRAG' calling 'return_rag_examples'; CURRENT SPEAKER: grok-3_mas_rag, DIALOGUE TURN NUM = 4.
[2025-10-08 15:28:36,493] [INFO] EXIT: 'GraphRAG' calling 'return_rag_examples' (2.384185791015625e-06 secs).
[2025-10-08 15:28:36,495] [INFO] ENTER: 'DialogueMoveGenerator' calling 'generate'; CURRENT SPEAKER: grok-3_mas_rag, DIALOGUE TURN NUM = 4.
[2025-10-08 15:28:36,496] [INFO] ENTER: 'MASPromptGenerator' calling 'claim'; CURRENT SPEAKER: grok-3_mas_rag, DIALOGUE TURN NUM = 4.
[2025-10-08 15:28:36,496] [INFO] EXIT: 'MASPromptGenerator' calling 'claim' (4.482269287109375e-05 secs).
[2025-10-08 15:28:36,496] [INFO] ENTER: 'DialogueMoveGenerator' calling 'generate'; CURRENT SPEAKER: grok-3_mas_rag, DIALOGUE TURN NUM = 4.
[2025-10-08 15:28:36,497] [INFO] ENTER: 'MASPromptGenerator' calling 'claim_negation'; CURRENT SPEAKER: grok-3_mas_rag, DIALOGUE TURN NUM = 4.
[2025-10-08 15:28:36,497] [INFO] EXIT: 'MASPromptGenerator' calling 'claim_negation' (2.1696090698242188e-05 secs).
[2025-10-08 15:28:36,498] [INFO] ENTER: 'DialogueMoveGenerator' calling 'generate'; CURRENT SPEAKER: grok-3_mas_rag, DIALOGUE TURN NUM = 4.
[2025-10-08 15:28:36,498] [INFO] ENTER: 'DialogueMoveGenerator' calling 'generate'; CURRENT SPEAKER: grok-3_mas_rag, DIALOGUE TURN NUM = 4.
[2025-10-08 15:28:36,498] [INFO] ENTER: 'MASPromptGenerator' calling 'retract_claim'; CURRENT SPEAKER: grok-3_mas_rag, DIALOGUE TURN NUM = 4.
[2025-10-08 15:28:36,499] [INFO] ENTER: 'MASPromptGenerator' calling 'since_claim'; CURRENT SPEAKER: grok-3_mas_rag, DIALOGUE TURN NUM = 4.
[2025-10-08 15:28:36,499] [INFO] EXIT: 'MASPromptGenerator' calling 'retract_claim' (3.4332275390625e-05 secs).
[2025-10-08 15:28:36,499] [INFO] EXIT: 'MASPromptGenerator' calling 'since_claim' (3.457069396972656e-05 secs).
[2025-10-08 15:28:44,895] [INFO] Completion returned and validated from MODEL = 'grok-3'.
[2025-10-08 15:28:45,252] [INFO] Completion returned and validated from MODEL = 'grok-3'.
[2025-10-08 15:28:45,333] [INFO] Completion returned and validated from MODEL = 'grok-3'.
[2025-10-08 15:28:45,333] [INFO] EXIT: 'DialogueMoveGenerator' calling 'generate' (8.836876392364502 secs).
[2025-10-08 15:28:51,089] [INFO] Completion returned and validated from MODEL = 'grok-3'.
[2025-10-08 15:28:51,518] [INFO] Completion returned and validated from MODEL = 'grok-3'.
[2025-10-08 15:28:57,237] [INFO] Completion returned and validated from MODEL = 'grok-3'.
[2025-10-08 15:28:58,928] [INFO] Completion returned and validated from MODEL = 'grok-3'.
[2025-10-08 15:29:02,187] [INFO] Completion returned and validated from MODEL = 'grok-3'.
[2025-10-08 15:29:04,009] [INFO] Completion returned and validated from MODEL = 'grok-3'.
[2025-10-08 15:29:04,009] [INFO] EXIT: 'DialogueMoveGenerator' calling 'generate' (27.5100417137146 secs).
[2025-10-08 15:29:07,313] [INFO] Completion returned and validated from MODEL = 'grok-3'.
[2025-10-08 15:29:07,313] [INFO] EXIT: 'DialogueMoveGenerator' calling 'generate' (30.8150634765625 secs).
[2025-10-08 15:30:41,777] [INFO] Completion returned and validated from MODEL = 'grok-3'.
[2025-10-08 15:30:45,800] [INFO] Completion returned and validated from MODEL = 'grok-3'.
[2025-10-08 15:30:50,263] [INFO] Completion returned and validated from MODEL = 'grok-3'.
[2025-10-08 15:30:54,737] [INFO] Completion returned and validated from MODEL = 'grok-3'.
[2025-10-08 15:30:58,881] [INFO] Completion returned and validated from MODEL = 'grok-3'.
[2025-10-08 15:30:58,881] [INFO] EXIT: 'DialogueMoveGenerator' calling 'generate' (142.38485836982727 secs).
[2025-10-08 15:30:58,882] [INFO] ENTER: 'MASPromptGenerator' calling 'persuasiveness_choice'; CURRENT SPEAKER: grok-3_mas_rag, DIALOGUE TURN NUM = 4.
[2025-10-08 15:30:58,882] [INFO] EXIT: 'MASPromptGenerator' calling 'persuasiveness_choice' (0.00017786026000976562 secs).
[2025-10-08 15:31:01,854] [INFO] Completion returned and validated within 'PersuasivenessChoiceAgent'; MODEL = 'grok-3'; DIALOGUE TURN NUM = 4.
[2025-10-08 15:31:07,146] [INFO] Completion returned and validated within 'PersuasivenessChoiceAgent'; MODEL = 'grok-3'; DIALOGUE TURN NUM = 4.
[2025-10-08 15:31:11,803] [INFO] Completion returned and validated within 'PersuasivenessChoiceAgent'; MODEL = 'grok-3'; DIALOGUE TURN NUM = 4.
[2025-10-08 15:31:16,976] [INFO] Completion returned and validated within 'PersuasivenessChoiceAgent'; MODEL = 'grok-3'; DIALOGUE TURN NUM = 4.
[2025-10-08 15:31:20,566] [INFO] Completion returned and validated within 'PersuasivenessChoiceAgent'; MODEL = 'grok-3'; DIALOGUE TURN NUM = 4.
[2025-10-08 15:31:20,566] [INFO] ENTER: 'DisambiguationAgent' calling '_grouping_similar_utterance_types'; CURRENT SPEAKER: grok-3_mas_rag, DIALOGUE TURN NUM = 4.
[2025-10-08 15:31:20,566] [INFO] EXIT: 'DisambiguationAgent' calling '_grouping_similar_utterance_types' (1.4543533325195312e-05 secs).
[2025-10-08 15:31:20,567] [INFO] ENTER: 'DisambiguationAgent' calling '_identifying_similar_sentences_and_choosing_one_to_return_to_user'; CURRENT SPEAKER: grok-3_mas_rag, DIALOGUE TURN NUM = 4.
[2025-10-08 15:31:37,670] [INFO] 'DisambiguationAgent' grouped similar sentences, completion returned and validated; MODEL = 'grok-3'.
[2025-10-08 15:31:38,804] [INFO] 'DisambiguationAgent' chose sentences to remove, completion returned and validated from MODEL = 'grok-3'.
[2025-10-08 15:31:39,958] [INFO] 'DisambiguationAgent' chose sentences to remove, completion returned and validated from MODEL = 'grok-3'.
[2025-10-08 15:31:40,966] [INFO] 'DisambiguationAgent' chose sentences to remove, completion returned and validated from MODEL = 'grok-3'.
[2025-10-08 15:31:41,964] [INFO] 'DisambiguationAgent' chose sentences to remove, completion returned and validated from MODEL = 'grok-3'.
[2025-10-08 15:31:42,876] [INFO] 'DisambiguationAgent' chose sentences to remove, completion returned and validated from MODEL = 'grok-3'.
[2025-10-08 15:31:43,930] [INFO] 'DisambiguationAgent' chose sentences to remove, completion returned and validated from MODEL = 'grok-3'.
[2025-10-08 15:31:44,886] [INFO] 'DisambiguationAgent' chose sentences to remove, completion returned and validated from MODEL = 'grok-3'.
[2025-10-08 15:31:46,015] [INFO] 'DisambiguationAgent' chose sentences to remove, completion returned and validated from MODEL = 'grok-3'.
[2025-10-08 15:31:46,015] [INFO] EXIT: 'DisambiguationAgent' calling '_identifying_similar_sentences_and_choosing_one_to_return_to_user' (25.448609113693237 secs).
[2025-10-08 15:31:46,015] [INFO] ENTER: 'DisambiguationAgent' calling '_removing_repetitive_sentences'; CURRENT SPEAKER: grok-3_mas_rag, DIALOGUE TURN NUM = 4.
[2025-10-08 15:31:46,015] [INFO] EXIT: 'DisambiguationAgent' calling '_removing_repetitive_sentences' (2.193450927734375e-05 secs).
[2025-10-08 15:31:46,015] [INFO] ENTER: 'DisambiguationAgent' calling '_choose_the_most_persuasive_sentences'; CURRENT SPEAKER: grok-3_mas_rag, DIALOGUE TURN NUM = 4.
[2025-10-08 15:31:50,422] [INFO] 'DisambiguationAgent': reached maximum allowed sentences, succussfully chose most persuasive sentences, completion returned and validated from MODEL = 'grok-3'.
[2025-10-08 15:31:50,422] [INFO] EXIT: 'DisambiguationAgent' calling '_choose_the_most_persuasive_sentences' (4.406429052352905 secs).
[2025-10-08 15:31:50,422] [INFO] ENTER: 'DisambiguationAgent' calling 'return_disambiguated_sentences'; CURRENT SPEAKER: grok-3_mas_rag, DIALOGUE TURN NUM = 4.
[2025-10-08 15:31:50,422] [INFO] EXIT: 'DisambiguationAgent' calling 'return_disambiguated_sentences' (2.86102294921875e-06 secs).
[2025-10-08 15:31:50,422] [ERROR] Wrong state used; State of type HumanState; error message: dict has unexpected extra key(s): "graph_rag_examples", "intermediate_generations", "knowledge_base_ensemble_or_model_name", "model_seed", "model_temp", "model_top_p", "number_of_graph_rag_examples", "number_of_vector_based_rag_examples", "political_position_prob_of_na", "political_position_range", "political_position_std", "speaker_model_name", "speaker_type", "vector_based_persona_string", "vector_based_persona_sys_prompt"
[2025-10-08 15:31:50,423] [INFO] Correct state used; State of type GenerationAgentsState; 'IGNORE THE ABOVE ERRORS'.
[2025-10-08 15:31:51,196] [INFO] 'commitment_update' completed '___Since___' update; MODEL = 'grok-3'.
[2025-10-08 15:31:51,888] [INFO] 'commitment_update' completed '___Claim___' update for current speaker's commitments; MODEL = 'grok-3'.
[2025-10-08 15:31:52,577] [INFO] 'commitment_update' completed '___Claim___' update for current speaker's commitments; MODEL = 'grok-3'.
[2025-10-08 15:31:53,260] [INFO] 'commitment_update' completed '___Claim___' update for current speaker's commitments; MODEL = 'grok-3'.
[2025-10-08 15:31:53,953] [INFO] 'commitment_update' completed '___Claim___' update for current speaker's commitments; MODEL = 'grok-3'.
[2025-10-08 15:31:54,026] [ERROR] Wrong state used; State of type HumanState; error message: dict has unexpected extra key(s): "graph_rag_examples", "intermediate_generations", "knowledge_base_ensemble_or_model_name", "model_seed", "model_temp", "model_top_p", "number_of_graph_rag_examples", "number_of_vector_based_rag_examples", "political_position_prob_of_na", "political_position_range", "political_position_std", "speaker_model_name", "speaker_type", "vector_based_persona_string", "vector_based_persona_sys_prompt"
[2025-10-08 15:31:54,027] [INFO] Correct state used; State of type GenerationAgentsState; 'IGNORE THE ABOVE ERRORS'.
[2025-10-08 15:31:54,027] [INFO] ENTER: 'UtteranceClassificationAgent' calling '_classify_sentence_utterance_types'; CURRENT SPEAKER: mistral-medium_mas, DIALOGUE TURN NUM = 5.
[2025-10-08 15:32:04,994] [INFO] 'UtteranceClassificationAgent' completion returned and validated from MODEL = 'ModelName.MISTRAL_MEDIUM'.
[2025-10-08 15:32:05,457] [INFO] 'UtteranceClassificationAgent' completion returned and validated from MODEL = 'ModelName.MISTRAL_MEDIUM'.
[2025-10-08 15:32:06,393] [INFO] 'UtteranceClassificationAgent' completion returned and validated from MODEL = 'ModelName.MISTRAL_MEDIUM'.
[2025-10-08 15:32:06,900] [INFO] 'UtteranceClassificationAgent' completion returned and validated from MODEL = 'ModelName.MISTRAL_MEDIUM'.
[2025-10-08 15:32:07,416] [INFO] 'UtteranceClassificationAgent' completion returned and validated from MODEL = 'ModelName.MISTRAL_MEDIUM'.
[2025-10-08 15:32:07,416] [INFO] EXIT: 'UtteranceClassificationAgent' calling '_classify_sentence_utterance_types' (13.389205694198608 secs).
[2025-10-08 15:32:07,416] [INFO] ENTER: 'UtteranceClassificationAgent' calling 'return_classified_sentences'; CURRENT SPEAKER: mistral-medium_mas, DIALOGUE TURN NUM = 5.
[2025-10-08 15:32:07,416] [INFO] EXIT: 'UtteranceClassificationAgent' calling 'return_classified_sentences' (2.384185791015625e-06 secs).
[2025-10-08 15:32:07,418] [INFO] ENTER: 'DialogueMoveGenerator' calling 'generate'; CURRENT SPEAKER: mistral-medium_mas, DIALOGUE TURN NUM = 5.
[2025-10-08 15:32:07,418] [INFO] ENTER: 'MASPromptGenerator' calling 'claim_negation'; CURRENT SPEAKER: mistral-medium_mas, DIALOGUE TURN NUM = 5.
[2025-10-08 15:32:07,418] [INFO] EXIT: 'MASPromptGenerator' calling 'claim_negation' (3.24249267578125e-05 secs).
[2025-10-08 15:32:07,419] [INFO] ENTER: 'DialogueMoveGenerator' calling 'generate'; CURRENT SPEAKER: mistral-medium_mas, DIALOGUE TURN NUM = 5.
[2025-10-08 15:32:07,419] [INFO] ENTER: 'MASPromptGenerator' calling 'concede_claim'; CURRENT SPEAKER: mistral-medium_mas, DIALOGUE TURN NUM = 5.
[2025-10-08 15:32:07,419] [INFO] EXIT: 'MASPromptGenerator' calling 'concede_claim' (2.3365020751953125e-05 secs).
[2025-10-08 15:32:07,419] [INFO] ENTER: 'DialogueMoveGenerator' calling 'generate'; CURRENT SPEAKER: mistral-medium_mas, DIALOGUE TURN NUM = 5.
[2025-10-08 15:32:07,420] [INFO] ENTER: 'MASPromptGenerator' calling 'question_claim'; CURRENT SPEAKER: mistral-medium_mas, DIALOGUE TURN NUM = 5.
[2025-10-08 15:32:07,420] [INFO] EXIT: 'MASPromptGenerator' calling 'question_claim' (3.4809112548828125e-05 secs).
[2025-10-08 15:32:07,420] [INFO] ENTER: 'DialogueMoveGenerator' calling 'generate'; CURRENT SPEAKER: mistral-medium_mas, DIALOGUE TURN NUM = 5.
[2025-10-08 15:32:07,421] [INFO] ENTER: 'MASPromptGenerator' calling 'why_claim'; CURRENT SPEAKER: mistral-medium_mas, DIALOGUE TURN NUM = 5.
[2025-10-08 15:32:07,421] [INFO] EXIT: 'MASPromptGenerator' calling 'why_claim' (2.384185791015625e-05 secs).
[2025-10-08 15:32:10,166] [INFO] Completion returned and validated from MODEL = 'mistral-medium'.
[2025-10-08 15:32:10,259] [INFO] Completion returned and validated from MODEL = 'mistral-medium'.
[2025-10-08 15:32:50,120] [INFO] Completion returned and validated from MODEL = 'mistral-medium'.
[2025-10-08 15:32:50,120] [INFO] EXIT: 'DialogueMoveGenerator' calling 'generate' (42.70202827453613 secs).
[2025-10-08 15:33:40,315] [INFO] Completion returned and validated from MODEL = 'mistral-medium'.
[2025-10-08 15:33:42,359] [INFO] Completion returned and validated from MODEL = 'mistral-medium'.
[2025-10-08 15:33:59,898] [INFO] Completion returned and validated from MODEL = 'mistral-medium'.
[2025-10-08 15:34:12,939] [INFO] Completion returned and validated from MODEL = 'mistral-medium'.
[2025-10-08 15:34:23,409] [INFO] Completion returned and validated from MODEL = 'mistral-medium'.
[2025-10-08 15:34:35,259] [INFO] Completion returned and validated from MODEL = 'mistral-medium'.
[2025-10-08 15:34:37,907] [INFO] Completion returned and validated from MODEL = 'mistral-medium'.
[2025-10-08 15:34:37,907] [INFO] EXIT: 'DialogueMoveGenerator' calling 'generate' (150.48857021331787 secs).
[2025-10-08 15:34:39,561] [INFO] Completion returned and validated from MODEL = 'mistral-medium'.
[2025-10-08 15:34:40,100] [INFO] Completion returned and validated from MODEL = 'mistral-medium'.
[2025-10-08 15:34:49,965] [INFO] Completion returned and validated from MODEL = 'mistral-medium'.
[2025-10-08 15:34:49,965] [INFO] EXIT: 'DialogueMoveGenerator' calling 'generate' (162.54426789283752 secs).
[2025-10-08 15:35:08,291] [INFO] Completion returned and validated from MODEL = 'mistral-medium'.
[2025-10-08 15:35:10,239] [INFO] Completion returned and validated from MODEL = 'mistral-medium'.
[2025-10-08 15:35:22,699] [INFO] Completion returned and validated from MODEL = 'mistral-medium'.
[2025-10-08 15:35:22,699] [INFO] EXIT: 'DialogueMoveGenerator' calling 'generate' (195.27940464019775 secs).
[2025-10-08 15:35:22,700] [INFO] ENTER: 'MASPromptGenerator' calling 'persuasiveness_choice'; CURRENT SPEAKER: mistral-medium_mas, DIALOGUE TURN NUM = 5.
[2025-10-08 15:35:22,703] [INFO] EXIT: 'MASPromptGenerator' calling 'persuasiveness_choice' (0.002753019332885742 secs).
[2025-10-08 15:35:48,081] [INFO] Completion returned and validated within 'PersuasivenessChoiceAgent'; MODEL = 'mistral-medium'; DIALOGUE TURN NUM = 5.
[2025-10-08 15:36:12,930] [INFO] Completion returned and validated within 'PersuasivenessChoiceAgent'; MODEL = 'mistral-medium'; DIALOGUE TURN NUM = 5.
[2025-10-08 15:36:15,807] [INFO] Completion returned and validated within 'PersuasivenessChoiceAgent'; MODEL = 'mistral-medium'; DIALOGUE TURN NUM = 5.
[2025-10-08 15:36:27,808] [INFO] Completion returned and validated within 'PersuasivenessChoiceAgent'; MODEL = 'mistral-medium'; DIALOGUE TURN NUM = 5.
[2025-10-08 15:38:14,201] [INFO] Completion returned and validated within 'PersuasivenessChoiceAgent'; MODEL = 'mistral-medium'; DIALOGUE TURN NUM = 5.
[2025-10-08 15:38:14,202] [INFO] ENTER: 'DisambiguationAgent' calling '_grouping_similar_utterance_types'; CURRENT SPEAKER: mistral-medium_mas, DIALOGUE TURN NUM = 5.
[2025-10-08 15:38:14,202] [INFO] EXIT: 'DisambiguationAgent' calling '_grouping_similar_utterance_types' (9.059906005859375e-06 secs).
[2025-10-08 15:38:14,202] [INFO] ENTER: 'DisambiguationAgent' calling '_identifying_similar_sentences_and_choosing_one_to_return_to_user'; CURRENT SPEAKER: mistral-medium_mas, DIALOGUE TURN NUM = 5.
[2025-10-08 15:38:57,939] [INFO] 'DisambiguationAgent' grouped similar sentences, completion returned and validated; MODEL = 'mistral-medium'.
[2025-10-08 15:39:37,766] [INFO] 'DisambiguationAgent' chose sentences to remove, completion returned and validated from MODEL = 'mistral-medium'.
[2025-10-08 15:39:41,523] [INFO] 'DisambiguationAgent' chose sentences to remove, completion returned and validated from MODEL = 'mistral-medium'.
[2025-10-08 15:39:42,411] [INFO] 'DisambiguationAgent' chose sentences to remove, completion returned and validated from MODEL = 'mistral-medium'.
[2025-10-08 15:39:48,594] [INFO] 'DisambiguationAgent' chose sentences to remove, completion returned and validated from MODEL = 'mistral-medium'.
[2025-10-08 15:40:02,048] [INFO] 'DisambiguationAgent' chose sentences to remove, completion returned and validated from MODEL = 'mistral-medium'.
[2025-10-08 15:40:02,048] [INFO] EXIT: 'DisambiguationAgent' calling '_identifying_similar_sentences_and_choosing_one_to_return_to_user' (107.84614729881287 secs).
[2025-10-08 15:40:02,048] [INFO] ENTER: 'DisambiguationAgent' calling '_removing_repetitive_sentences'; CURRENT SPEAKER: mistral-medium_mas, DIALOGUE TURN NUM = 5.
[2025-10-08 15:40:02,048] [INFO] EXIT: 'DisambiguationAgent' calling '_removing_repetitive_sentences' (1.621246337890625e-05 secs).
[2025-10-08 15:40:02,048] [INFO] ENTER: 'DisambiguationAgent' calling '_choose_the_most_persuasive_sentences'; CURRENT SPEAKER: mistral-medium_mas, DIALOGUE TURN NUM = 5.
[2025-10-08 15:40:22,756] [INFO] 'DisambiguationAgent': reached maximum allowed sentences, succussfully chose most persuasive sentences, completion returned and validated from MODEL = 'mistral-medium'.
[2025-10-08 15:40:22,756] [INFO] EXIT: 'DisambiguationAgent' calling '_choose_the_most_persuasive_sentences' (20.708008766174316 secs).
[2025-10-08 15:40:22,756] [INFO] ENTER: 'DisambiguationAgent' calling 'return_disambiguated_sentences'; CURRENT SPEAKER: mistral-medium_mas, DIALOGUE TURN NUM = 5.
[2025-10-08 15:40:22,756] [INFO] EXIT: 'DisambiguationAgent' calling 'return_disambiguated_sentences' (2.6226043701171875e-06 secs).
[2025-10-08 15:40:22,757] [ERROR] Wrong state used; State of type HumanState; error message: dict has unexpected extra key(s): "graph_rag_examples", "intermediate_generations", "knowledge_base_ensemble_or_model_name", "model_seed", "model_temp", "model_top_p", "number_of_graph_rag_examples", "number_of_vector_based_rag_examples", "political_position_prob_of_na", "political_position_range", "political_position_std", "speaker_model_name", "speaker_type", "vector_based_persona_string", "vector_based_persona_sys_prompt"
[2025-10-08 15:40:22,757] [INFO] Correct state used; State of type GenerationAgentsState; 'IGNORE THE ABOVE ERRORS'.
[2025-10-08 15:40:22,828] [ERROR] Wrong state used; State of type HumanState; error message: dict has unexpected extra key(s): "graph_rag_examples", "intermediate_generations", "knowledge_base_ensemble_or_model_name", "model_seed", "model_temp", "model_top_p", "number_of_graph_rag_examples", "number_of_vector_based_rag_examples", "political_position_prob_of_na", "political_position_range", "political_position_std", "speaker_model_name", "speaker_type", "vector_based_persona_string", "vector_based_persona_sys_prompt"
[2025-10-08 15:40:22,828] [INFO] Correct state used; State of type GenerationAgentsState; 'IGNORE THE ABOVE ERRORS'.
[2025-10-08 15:40:22,828] [INFO] ENTER: 'UtteranceClassificationAgent' calling '_classify_sentence_utterance_types'; CURRENT SPEAKER: grok-3_mas_rag, DIALOGUE TURN NUM = 6.
[2025-10-08 15:40:23,486] [INFO] 'UtteranceClassificationAgent' completion returned and validated from MODEL = 'ModelName.GROK_3'.
[2025-10-08 15:40:24,132] [INFO] 'UtteranceClassificationAgent' completion returned and validated from MODEL = 'ModelName.GROK_3'.
[2025-10-08 15:40:24,746] [INFO] 'UtteranceClassificationAgent' completion returned and validated from MODEL = 'ModelName.GROK_3'.
[2025-10-08 15:40:25,361] [INFO] 'UtteranceClassificationAgent' completion returned and validated from MODEL = 'ModelName.GROK_3'.
[2025-10-08 15:40:26,020] [INFO] 'UtteranceClassificationAgent' completion returned and validated from MODEL = 'ModelName.GROK_3'.
[2025-10-08 15:40:26,020] [INFO] EXIT: 'UtteranceClassificationAgent' calling '_classify_sentence_utterance_types' (3.1924777030944824 secs).
[2025-10-08 15:40:26,020] [INFO] ENTER: 'UtteranceClassificationAgent' calling 'return_classified_sentences'; CURRENT SPEAKER: grok-3_mas_rag, DIALOGUE TURN NUM = 6.
[2025-10-08 15:40:26,021] [INFO] EXIT: 'UtteranceClassificationAgent' calling 'return_classified_sentences' (2.384185791015625e-06 secs).
[2025-10-08 15:40:26,042] [INFO] ENTER: 'GraphRAG' calling 'claim'; CURRENT SPEAKER: grok-3_mas_rag, DIALOGUE TURN NUM = 6.
[2025-10-08 15:40:26,042] [INFO] ENTER: 'GraphRAG' calling 'query_graph'; CURRENT SPEAKER: grok-3_mas_rag, DIALOGUE TURN NUM = 6.
[2025-10-08 15:40:26,121] [INFO] EXIT: 'GraphRAG' calling 'query_graph' (0.0793917179107666 secs).
[2025-10-08 15:40:26,121] [INFO] EXIT: 'GraphRAG' calling 'claim' (0.07980680465698242 secs).
[2025-10-08 15:40:26,121] [INFO] ENTER: 'GraphRAG' calling 'claim_negation'; CURRENT SPEAKER: grok-3_mas_rag, DIALOGUE TURN NUM = 6.
[2025-10-08 15:40:26,122] [INFO] ENTER: 'GraphRAG' calling 'query_graph'; CURRENT SPEAKER: grok-3_mas_rag, DIALOGUE TURN NUM = 6.
[2025-10-08 15:40:26,141] [INFO] EXIT: 'GraphRAG' calling 'query_graph' (0.01956963539123535 secs).
[2025-10-08 15:40:26,141] [INFO] EXIT: 'GraphRAG' calling 'claim_negation' (0.019921541213989258 secs).
[2025-10-08 15:40:26,161] [INFO] ENTER: 'GraphRAG' calling 'since'; CURRENT SPEAKER: grok-3_mas_rag, DIALOGUE TURN NUM = 6.
[2025-10-08 15:40:26,161] [INFO] ENTER: 'GraphRAG' calling 'query_graph'; CURRENT SPEAKER: grok-3_mas_rag, DIALOGUE TURN NUM = 6.
[2025-10-08 15:40:26,181] [INFO] EXIT: 'GraphRAG' calling 'query_graph' (0.019563913345336914 secs).
[2025-10-08 15:40:26,181] [INFO] EXIT: 'GraphRAG' calling 'since' (0.019928932189941406 secs).
[2025-10-08 15:40:26,181] [INFO] ENTER: 'GraphRAG' calling 'claim'; CURRENT SPEAKER: grok-3_mas_rag, DIALOGUE TURN NUM = 6.
[2025-10-08 15:40:26,181] [INFO] ENTER: 'GraphRAG' calling 'query_graph'; CURRENT SPEAKER: grok-3_mas_rag, DIALOGUE TURN NUM = 6.
[2025-10-08 15:40:26,196] [INFO] EXIT: 'GraphRAG' calling 'query_graph' (0.015072822570800781 secs).
[2025-10-08 15:40:26,196] [INFO] EXIT: 'GraphRAG' calling 'claim' (0.015393257141113281 secs).
[2025-10-08 15:40:26,213] [INFO] ENTER: 'GraphRAG' calling 'since'; CURRENT SPEAKER: grok-3_mas_rag, DIALOGUE TURN NUM = 6.
[2025-10-08 15:40:26,213] [INFO] ENTER: 'GraphRAG' calling 'query_graph'; CURRENT SPEAKER: grok-3_mas_rag, DIALOGUE TURN NUM = 6.
[2025-10-08 15:40:26,233] [INFO] EXIT: 'GraphRAG' calling 'query_graph' (0.019436120986938477 secs).
[2025-10-08 15:40:26,233] [INFO] EXIT: 'GraphRAG' calling 'since' (0.019788503646850586 secs).
[2025-10-08 15:40:26,233] [INFO] ENTER: 'GraphRAG' calling 'claim'; CURRENT SPEAKER: grok-3_mas_rag, DIALOGUE TURN NUM = 6.
[2025-10-08 15:40:26,233] [INFO] ENTER: 'GraphRAG' calling 'query_graph'; CURRENT SPEAKER: grok-3_mas_rag, DIALOGUE TURN NUM = 6.
[2025-10-08 15:40:26,248] [INFO] EXIT: 'GraphRAG' calling 'query_graph' (0.014958858489990234 secs).
[2025-10-08 15:40:26,248] [INFO] EXIT: 'GraphRAG' calling 'claim' (0.015364885330200195 secs).
[2025-10-08 15:40:26,265] [INFO] ENTER: 'GraphRAG' calling 'claim'; CURRENT SPEAKER: grok-3_mas_rag, DIALOGUE TURN NUM = 6.
[2025-10-08 15:40:26,265] [INFO] ENTER: 'GraphRAG' calling 'query_graph'; CURRENT SPEAKER: grok-3_mas_rag, DIALOGUE TURN NUM = 6.
[2025-10-08 15:40:26,342] [INFO] EXIT: 'GraphRAG' calling 'query_graph' (0.07677125930786133 secs).
[2025-10-08 15:40:26,342] [INFO] EXIT: 'GraphRAG' calling 'claim' (0.07717704772949219 secs).
[2025-10-08 15:40:26,342] [INFO] ENTER: 'GraphRAG' calling 'claim_negation'; CURRENT SPEAKER: grok-3_mas_rag, DIALOGUE TURN NUM = 6.
[2025-10-08 15:40:26,343] [INFO] ENTER: 'GraphRAG' calling 'query_graph'; CURRENT SPEAKER: grok-3_mas_rag, DIALOGUE TURN NUM = 6.
[2025-10-08 15:40:26,362] [INFO] EXIT: 'GraphRAG' calling 'query_graph' (0.019123077392578125 secs).
[2025-10-08 15:40:26,362] [INFO] EXIT: 'GraphRAG' calling 'claim_negation' (0.019455671310424805 secs).
[2025-10-08 15:40:26,379] [INFO] ENTER: 'GraphRAG' calling 'since'; CURRENT SPEAKER: grok-3_mas_rag, DIALOGUE TURN NUM = 6.
[2025-10-08 15:40:26,379] [INFO] ENTER: 'GraphRAG' calling 'query_graph'; CURRENT SPEAKER: grok-3_mas_rag, DIALOGUE TURN NUM = 6.
[2025-10-08 15:40:26,400] [INFO] EXIT: 'GraphRAG' calling 'query_graph' (0.021026134490966797 secs).
[2025-10-08 15:40:26,400] [INFO] EXIT: 'GraphRAG' calling 'since' (0.02138543128967285 secs).
[2025-10-08 15:40:26,400] [INFO] ENTER: 'GraphRAG' calling 'claim'; CURRENT SPEAKER: grok-3_mas_rag, DIALOGUE TURN NUM = 6.
[2025-10-08 15:40:26,401] [INFO] ENTER: 'GraphRAG' calling 'query_graph'; CURRENT SPEAKER: grok-3_mas_rag, DIALOGUE TURN NUM = 6.
[2025-10-08 15:40:26,416] [INFO] EXIT: 'GraphRAG' calling 'query_graph' (0.015119314193725586 secs).
[2025-10-08 15:40:26,416] [INFO] EXIT: 'GraphRAG' calling 'claim' (0.015433073043823242 secs).
[2025-10-08 15:40:26,416] [INFO] ENTER: 'GraphRAG' calling 'return_rag_examples'; CURRENT SPEAKER: grok-3_mas_rag, DIALOGUE TURN NUM = 6.
[2025-10-08 15:40:26,416] [INFO] EXIT: 'GraphRAG' calling 'return_rag_examples' (1.6689300537109375e-06 secs).
[2025-10-08 15:40:26,418] [INFO] ENTER: 'DialogueMoveGenerator' calling 'generate'; CURRENT SPEAKER: grok-3_mas_rag, DIALOGUE TURN NUM = 6.
[2025-10-08 15:40:26,419] [INFO] ENTER: 'MASPromptGenerator' calling 'claim'; CURRENT SPEAKER: grok-3_mas_rag, DIALOGUE TURN NUM = 6.
[2025-10-08 15:40:26,419] [INFO] EXIT: 'MASPromptGenerator' calling 'claim' (4.887580871582031e-05 secs).
[2025-10-08 15:40:26,419] [INFO] ENTER: 'DialogueMoveGenerator' calling 'generate'; CURRENT SPEAKER: grok-3_mas_rag, DIALOGUE TURN NUM = 6.
[2025-10-08 15:40:26,420] [INFO] ENTER: 'DialogueMoveGenerator' calling 'generate'; CURRENT SPEAKER: grok-3_mas_rag, DIALOGUE TURN NUM = 6.
[2025-10-08 15:40:26,420] [INFO] ENTER: 'MASPromptGenerator' calling 'claim_negation'; CURRENT SPEAKER: grok-3_mas_rag, DIALOGUE TURN NUM = 6.
[2025-10-08 15:40:26,420] [INFO] ENTER: 'MASPromptGenerator' calling 'retract_claim'; CURRENT SPEAKER: grok-3_mas_rag, DIALOGUE TURN NUM = 6.
[2025-10-08 15:40:26,420] [INFO] ENTER: 'DialogueMoveGenerator' calling 'generate'; CURRENT SPEAKER: grok-3_mas_rag, DIALOGUE TURN NUM = 6.
[2025-10-08 15:40:26,421] [INFO] EXIT: 'MASPromptGenerator' calling 'claim_negation' (4.076957702636719e-05 secs).
[2025-10-08 15:40:26,421] [INFO] EXIT: 'MASPromptGenerator' calling 'retract_claim' (3.790855407714844e-05 secs).
[2025-10-08 15:40:26,421] [INFO] ENTER: 'MASPromptGenerator' calling 'since_claim'; CURRENT SPEAKER: grok-3_mas_rag, DIALOGUE TURN NUM = 6.
[2025-10-08 15:40:26,422] [INFO] EXIT: 'MASPromptGenerator' calling 'since_claim' (3.600120544433594e-05 secs).
[2025-10-08 15:40:30,389] [INFO] Completion returned and validated from MODEL = 'grok-3'.
[2025-10-08 15:40:30,585] [INFO] Completion returned and validated from MODEL = 'grok-3'.
[2025-10-08 15:40:30,607] [INFO] Completion returned and validated from MODEL = 'grok-3'.
[2025-10-08 15:40:30,787] [INFO] Completion returned and validated from MODEL = 'grok-3'.
[2025-10-08 15:40:33,864] [INFO] Completion returned and validated from MODEL = 'grok-3'.
[2025-10-08 15:40:34,199] [INFO] Completion returned and validated from MODEL = 'grok-3'.
[2025-10-08 15:40:34,199] [INFO] EXIT: 'DialogueMoveGenerator' calling 'generate' (7.779512166976929 secs).
[2025-10-08 15:40:35,094] [INFO] Completion returned and validated from MODEL = 'grok-3'.
[2025-10-08 15:40:37,842] [INFO] Completion returned and validated from MODEL = 'grok-3'.
[2025-10-08 15:40:39,412] [INFO] Completion returned and validated from MODEL = 'grok-3'.
[2025-10-08 15:40:40,747] [INFO] Completion returned and validated from MODEL = 'grok-3'.
[2025-10-08 15:40:41,621] [INFO] Completion returned and validated from MODEL = 'grok-3'.
[2025-10-08 15:40:43,539] [INFO] Completion returned and validated from MODEL = 'grok-3'.
[2025-10-08 15:40:44,426] [INFO] Completion returned and validated from MODEL = 'grok-3'.
[2025-10-08 15:40:44,426] [INFO] EXIT: 'DialogueMoveGenerator' calling 'generate' (18.004515171051025 secs).
[2025-10-08 15:40:44,979] [INFO] Completion returned and validated from MODEL = 'grok-3'.
[2025-10-08 15:40:44,979] [INFO] EXIT: 'DialogueMoveGenerator' calling 'generate' (18.56086015701294 secs).
[2025-10-08 15:40:47,133] [INFO] Completion returned and validated from MODEL = 'grok-3'.
[2025-10-08 15:40:47,133] [INFO] EXIT: 'DialogueMoveGenerator' calling 'generate' (20.712806701660156 secs).
[2025-10-08 15:40:47,134] [INFO] ENTER: 'MASPromptGenerator' calling 'persuasiveness_choice'; CURRENT SPEAKER: grok-3_mas_rag, DIALOGUE TURN NUM = 6.
[2025-10-08 15:40:47,135] [INFO] EXIT: 'MASPromptGenerator' calling 'persuasiveness_choice' (0.00013446807861328125 secs).
[2025-10-08 15:40:49,786] [INFO] Completion returned and validated within 'PersuasivenessChoiceAgent'; MODEL = 'grok-3'; DIALOGUE TURN NUM = 6.
[2025-10-08 15:40:52,906] [INFO] Completion returned and validated within 'PersuasivenessChoiceAgent'; MODEL = 'grok-3'; DIALOGUE TURN NUM = 6.
[2025-10-08 15:40:56,564] [INFO] Completion returned and validated within 'PersuasivenessChoiceAgent'; MODEL = 'grok-3'; DIALOGUE TURN NUM = 6.
[2025-10-08 15:40:59,615] [INFO] Completion returned and validated within 'PersuasivenessChoiceAgent'; MODEL = 'grok-3'; DIALOGUE TURN NUM = 6.
[2025-10-08 15:41:03,428] [INFO] Completion returned and validated within 'PersuasivenessChoiceAgent'; MODEL = 'grok-3'; DIALOGUE TURN NUM = 6.
[2025-10-08 15:41:03,429] [INFO] ENTER: 'DisambiguationAgent' calling '_grouping_similar_utterance_types'; CURRENT SPEAKER: grok-3_mas_rag, DIALOGUE TURN NUM = 6.
[2025-10-08 15:41:03,429] [INFO] EXIT: 'DisambiguationAgent' calling '_grouping_similar_utterance_types' (1.4781951904296875e-05 secs).
[2025-10-08 15:41:03,429] [INFO] ENTER: 'DisambiguationAgent' calling '_identifying_similar_sentences_and_choosing_one_to_return_to_user'; CURRENT SPEAKER: grok-3_mas_rag, DIALOGUE TURN NUM = 6.
[2025-10-08 15:41:18,782] [INFO] 'DisambiguationAgent' grouped similar sentences, completion returned and validated; MODEL = 'grok-3'.
[2025-10-08 15:41:20,515] [INFO] 'DisambiguationAgent' chose sentences to remove, completion returned and validated from MODEL = 'grok-3'.
[2025-10-08 15:41:21,696] [INFO] 'DisambiguationAgent' chose sentences to remove, completion returned and validated from MODEL = 'grok-3'.
[2025-10-08 15:41:22,738] [INFO] 'DisambiguationAgent' chose sentences to remove, completion returned and validated from MODEL = 'grok-3'.
[2025-10-08 15:41:23,757] [INFO] 'DisambiguationAgent' chose sentences to remove, completion returned and validated from MODEL = 'grok-3'.
[2025-10-08 15:41:25,222] [INFO] 'DisambiguationAgent' chose sentences to remove, completion returned and validated from MODEL = 'grok-3'.
[2025-10-08 15:41:26,538] [INFO] 'DisambiguationAgent' chose sentences to remove, completion returned and validated from MODEL = 'grok-3'.
[2025-10-08 15:41:27,708] [INFO] 'DisambiguationAgent' chose sentences to remove, completion returned and validated from MODEL = 'grok-3'.
[2025-10-08 15:41:27,708] [INFO] EXIT: 'DisambiguationAgent' calling '_identifying_similar_sentences_and_choosing_one_to_return_to_user' (24.278964519500732 secs).
[2025-10-08 15:41:27,708] [INFO] ENTER: 'DisambiguationAgent' calling '_removing_repetitive_sentences'; CURRENT SPEAKER: grok-3_mas_rag, DIALOGUE TURN NUM = 6.
[2025-10-08 15:41:27,708] [INFO] EXIT: 'DisambiguationAgent' calling '_removing_repetitive_sentences' (2.3126602172851562e-05 secs).
[2025-10-08 15:41:27,708] [INFO] ENTER: 'DisambiguationAgent' calling '_choose_the_most_persuasive_sentences'; CURRENT SPEAKER: grok-3_mas_rag, DIALOGUE TURN NUM = 6.
[2025-10-08 15:41:31,668] [INFO] 'DisambiguationAgent': reached maximum allowed sentences, succussfully chose most persuasive sentences, completion returned and validated from MODEL = 'grok-3'.
[2025-10-08 15:41:31,668] [INFO] EXIT: 'DisambiguationAgent' calling '_choose_the_most_persuasive_sentences' (3.9596872329711914 secs).
[2025-10-08 15:41:31,668] [INFO] ENTER: 'DisambiguationAgent' calling 'return_disambiguated_sentences'; CURRENT SPEAKER: grok-3_mas_rag, DIALOGUE TURN NUM = 6.
[2025-10-08 15:41:31,668] [INFO] EXIT: 'DisambiguationAgent' calling 'return_disambiguated_sentences' (3.0994415283203125e-06 secs).
[2025-10-08 15:41:31,669] [ERROR] Wrong state used; State of type HumanState; error message: dict has unexpected extra key(s): "graph_rag_examples", "intermediate_generations", "knowledge_base_ensemble_or_model_name", "model_seed", "model_temp", "model_top_p", "number_of_graph_rag_examples", "number_of_vector_based_rag_examples", "political_position_prob_of_na", "political_position_range", "political_position_std", "speaker_model_name", "speaker_type", "vector_based_persona_string", "vector_based_persona_sys_prompt"
[2025-10-08 15:41:31,669] [INFO] Correct state used; State of type GenerationAgentsState; 'IGNORE THE ABOVE ERRORS'.
[2025-10-08 15:41:32,518] [INFO] 'commitment_update' completed '___Claim___' update for current speaker's commitments; MODEL = 'grok-3'.
[2025-10-08 15:41:33,207] [INFO] 'commitment_update' completed '___Since___' update; MODEL = 'grok-3'.
[2025-10-08 15:41:34,017] [INFO] 'commitment_update' completed '___Claim___' update for current speaker's commitments; MODEL = 'grok-3'.
[2025-10-08 15:41:34,843] [INFO] 'commitment_update' completed '___Since___' update; MODEL = 'grok-3'.
[2025-10-08 15:41:35,638] [INFO] 'commitment_update' completed '___Claim___' update for current speaker's commitments; MODEL = 'grok-3'.
[2025-10-08 15:41:35,733] [ERROR] Wrong state used; State of type HumanState; error message: dict has unexpected extra key(s): "graph_rag_examples", "intermediate_generations", "knowledge_base_ensemble_or_model_name", "model_seed", "model_temp", "model_top_p", "number_of_graph_rag_examples", "number_of_vector_based_rag_examples", "political_position_prob_of_na", "political_position_range", "political_position_std", "speaker_model_name", "speaker_type", "vector_based_persona_string", "vector_based_persona_sys_prompt"
[2025-10-08 15:41:35,733] [INFO] Correct state used; State of type GenerationAgentsState; 'IGNORE THE ABOVE ERRORS'.
[2025-10-08 15:41:35,733] [INFO] ENTER: 'UtteranceClassificationAgent' calling '_classify_sentence_utterance_types'; CURRENT SPEAKER: mistral-medium_mas, DIALOGUE TURN NUM = 7.
[2025-10-08 15:41:38,146] [INFO] 'UtteranceClassificationAgent' completion returned and validated from MODEL = 'ModelName.MISTRAL_MEDIUM'.
[2025-10-08 15:41:38,961] [INFO] 'UtteranceClassificationAgent' completion returned and validated from MODEL = 'ModelName.MISTRAL_MEDIUM'.
[2025-10-08 15:41:39,483] [INFO] 'UtteranceClassificationAgent' completion returned and validated from MODEL = 'ModelName.MISTRAL_MEDIUM'.
[2025-10-08 15:41:39,976] [INFO] 'UtteranceClassificationAgent' completion returned and validated from MODEL = 'ModelName.MISTRAL_MEDIUM'.
[2025-10-08 15:41:40,400] [INFO] 'UtteranceClassificationAgent' completion returned and validated from MODEL = 'ModelName.MISTRAL_MEDIUM'.
[2025-10-08 15:41:40,400] [INFO] EXIT: 'UtteranceClassificationAgent' calling '_classify_sentence_utterance_types' (4.666654586791992 secs).
[2025-10-08 15:41:40,400] [INFO] ENTER: 'UtteranceClassificationAgent' calling 'return_classified_sentences'; CURRENT SPEAKER: mistral-medium_mas, DIALOGUE TURN NUM = 7.
[2025-10-08 15:41:40,400] [INFO] EXIT: 'UtteranceClassificationAgent' calling 'return_classified_sentences' (2.6226043701171875e-06 secs).
[2025-10-08 15:41:40,404] [INFO] ENTER: 'DialogueMoveGenerator' calling 'generate'; CURRENT SPEAKER: mistral-medium_mas, DIALOGUE TURN NUM = 7.
[2025-10-08 15:41:40,404] [INFO] ENTER: 'MASPromptGenerator' calling 'claim_negation'; CURRENT SPEAKER: mistral-medium_mas, DIALOGUE TURN NUM = 7.
[2025-10-08 15:41:40,404] [INFO] EXIT: 'MASPromptGenerator' calling 'claim_negation' (4.482269287109375e-05 secs).
[2025-10-08 15:41:40,404] [INFO] ENTER: 'DialogueMoveGenerator' calling 'generate'; CURRENT SPEAKER: mistral-medium_mas, DIALOGUE TURN NUM = 7.
[2025-10-08 15:41:40,404] [INFO] ENTER: 'MASPromptGenerator' calling 'concede_claim'; CURRENT SPEAKER: mistral-medium_mas, DIALOGUE TURN NUM = 7.
[2025-10-08 15:41:40,404] [INFO] EXIT: 'MASPromptGenerator' calling 'concede_claim' (2.4318695068359375e-05 secs).
[2025-10-08 15:41:40,405] [INFO] ENTER: 'DialogueMoveGenerator' calling 'generate'; CURRENT SPEAKER: mistral-medium_mas, DIALOGUE TURN NUM = 7.
[2025-10-08 15:41:40,405] [INFO] ENTER: 'DialogueMoveGenerator' calling 'generate'; CURRENT SPEAKER: mistral-medium_mas, DIALOGUE TURN NUM = 7.
[2025-10-08 15:41:40,406] [INFO] ENTER: 'MASPromptGenerator' calling 'question_claim'; CURRENT SPEAKER: mistral-medium_mas, DIALOGUE TURN NUM = 7.
[2025-10-08 15:41:40,407] [INFO] ENTER: 'MASPromptGenerator' calling 'why_claim'; CURRENT SPEAKER: mistral-medium_mas, DIALOGUE TURN NUM = 7.
[2025-10-08 15:41:40,407] [INFO] EXIT: 'MASPromptGenerator' calling 'question_claim' (3.0279159545898438e-05 secs).
[2025-10-08 15:41:40,408] [INFO] EXIT: 'MASPromptGenerator' calling 'why_claim' (3.790855407714844e-05 secs).
[2025-10-08 15:41:42,656] [INFO] Completion returned and validated from MODEL = 'mistral-medium'.
[2025-10-08 15:41:43,011] [INFO] Completion returned and validated from MODEL = 'mistral-medium'.
[2025-10-08 15:41:44,305] [INFO] Completion returned and validated from MODEL = 'mistral-medium'.
[2025-10-08 15:41:44,530] [INFO] Completion returned and validated from MODEL = 'mistral-medium'.
[2025-10-08 15:41:44,741] [INFO] Completion returned and validated from MODEL = 'mistral-medium'.
[2025-10-08 15:41:45,320] [INFO] Completion returned and validated from MODEL = 'mistral-medium'.
[2025-10-08 15:41:45,320] [INFO] EXIT: 'DialogueMoveGenerator' calling 'generate' (4.916189193725586 secs).
[2025-10-08 15:41:46,122] [INFO] Completion returned and validated from MODEL = 'mistral-medium'.
[2025-10-08 15:41:46,640] [INFO] Completion returned and validated from MODEL = 'mistral-medium'.
[2025-10-08 15:41:48,011] [INFO] Completion returned and validated from MODEL = 'mistral-medium'.
[2025-10-08 15:41:48,054] [INFO] Completion returned and validated from MODEL = 'mistral-medium'.
[2025-10-08 15:41:48,827] [INFO] Completion returned and validated from MODEL = 'mistral-medium'.
[2025-10-08 15:41:50,808] [INFO] Completion returned and validated from MODEL = 'mistral-medium'.
[2025-10-08 15:41:52,012] [INFO] Completion returned and validated from MODEL = 'mistral-medium'.
[2025-10-08 15:41:54,023] [INFO] Completion returned and validated from MODEL = 'mistral-medium'.
[2025-10-08 15:41:54,023] [INFO] EXIT: 'DialogueMoveGenerator' calling 'generate' (13.615827798843384 secs).
[2025-10-08 15:41:54,287] [INFO] Completion returned and validated from MODEL = 'mistral-medium'.
[2025-10-08 15:41:54,287] [INFO] EXIT: 'DialogueMoveGenerator' calling 'generate' (13.88240647315979 secs).
[2025-10-08 15:41:56,748] [INFO] Completion returned and validated from MODEL = 'mistral-medium'.
[2025-10-08 15:42:02,035] [INFO] Completion returned and validated from MODEL = 'mistral-medium'.
[2025-10-08 15:42:02,035] [INFO] EXIT: 'DialogueMoveGenerator' calling 'generate' (21.629873275756836 secs).
[2025-10-08 15:42:02,038] [INFO] ENTER: 'MASPromptGenerator' calling 'persuasiveness_choice'; CURRENT SPEAKER: mistral-medium_mas, DIALOGUE TURN NUM = 7.
[2025-10-08 15:42:02,038] [INFO] EXIT: 'MASPromptGenerator' calling 'persuasiveness_choice' (0.00011944770812988281 secs).
[2025-10-08 15:42:04,206] [INFO] Completion returned and validated within 'PersuasivenessChoiceAgent'; MODEL = 'mistral-medium'; DIALOGUE TURN NUM = 7.
[2025-10-08 15:42:06,068] [INFO] Completion returned and validated within 'PersuasivenessChoiceAgent'; MODEL = 'mistral-medium'; DIALOGUE TURN NUM = 7.
[2025-10-08 15:42:08,579] [INFO] Completion returned and validated within 'PersuasivenessChoiceAgent'; MODEL = 'mistral-medium'; DIALOGUE TURN NUM = 7.
[2025-10-08 15:42:22,295] [INFO] Completion returned and validated within 'PersuasivenessChoiceAgent'; MODEL = 'mistral-medium'; DIALOGUE TURN NUM = 7.
[2025-10-08 15:42:42,921] [INFO] Completion returned and validated within 'PersuasivenessChoiceAgent'; MODEL = 'mistral-medium'; DIALOGUE TURN NUM = 7.
[2025-10-08 15:42:42,922] [INFO] ENTER: 'DisambiguationAgent' calling '_grouping_similar_utterance_types'; CURRENT SPEAKER: mistral-medium_mas, DIALOGUE TURN NUM = 7.
[2025-10-08 15:42:42,922] [INFO] EXIT: 'DisambiguationAgent' calling '_grouping_similar_utterance_types' (9.775161743164062e-06 secs).
[2025-10-08 15:42:42,922] [INFO] ENTER: 'DisambiguationAgent' calling '_identifying_similar_sentences_and_choosing_one_to_return_to_user'; CURRENT SPEAKER: mistral-medium_mas, DIALOGUE TURN NUM = 7.
[2025-10-08 15:42:51,089] [INFO] 'DisambiguationAgent' grouped similar sentences, completion returned and validated; MODEL = 'mistral-medium'.
[2025-10-08 15:44:53,406] [INFO] 'DisambiguationAgent' chose sentences to remove, completion returned and validated from MODEL = 'mistral-medium'.
[2025-10-08 15:45:17,196] [INFO] 'DisambiguationAgent' chose sentences to remove, completion returned and validated from MODEL = 'mistral-medium'.
[2025-10-08 15:45:18,866] [INFO] 'DisambiguationAgent' chose sentences to remove, completion returned and validated from MODEL = 'mistral-medium'.
[2025-10-08 15:45:19,777] [INFO] 'DisambiguationAgent' chose sentences to remove, completion returned and validated from MODEL = 'mistral-medium'.
[2025-10-08 15:45:24,073] [INFO] 'DisambiguationAgent' chose sentences to remove, completion returned and validated from MODEL = 'mistral-medium'.
[2025-10-08 15:45:25,125] [INFO] 'DisambiguationAgent' chose sentences to remove, completion returned and validated from MODEL = 'mistral-medium'.
[2025-10-08 15:45:25,125] [INFO] EXIT: 'DisambiguationAgent' calling '_identifying_similar_sentences_and_choosing_one_to_return_to_user' (162.2033019065857 secs).
[2025-10-08 15:45:25,126] [INFO] ENTER: 'DisambiguationAgent' calling '_removing_repetitive_sentences'; CURRENT SPEAKER: mistral-medium_mas, DIALOGUE TURN NUM = 7.
[2025-10-08 15:45:25,126] [INFO] EXIT: 'DisambiguationAgent' calling '_removing_repetitive_sentences' (1.5020370483398438e-05 secs).
[2025-10-08 15:45:25,126] [INFO] ENTER: 'DisambiguationAgent' calling '_choose_the_most_persuasive_sentences'; CURRENT SPEAKER: mistral-medium_mas, DIALOGUE TURN NUM = 7.
[2025-10-08 15:45:28,025] [INFO] 'DisambiguationAgent': reached maximum allowed sentences, succussfully chose most persuasive sentences, completion returned and validated from MODEL = 'mistral-medium'.
[2025-10-08 15:45:28,025] [INFO] EXIT: 'DisambiguationAgent' calling '_choose_the_most_persuasive_sentences' (2.899733304977417 secs).
[2025-10-08 15:45:28,025] [INFO] ENTER: 'DisambiguationAgent' calling 'return_disambiguated_sentences'; CURRENT SPEAKER: mistral-medium_mas, DIALOGUE TURN NUM = 7.
[2025-10-08 15:45:28,025] [INFO] EXIT: 'DisambiguationAgent' calling 'return_disambiguated_sentences' (2.1457672119140625e-06 secs).
[2025-10-08 15:45:28,026] [ERROR] Wrong state used; State of type HumanState; error message: dict has unexpected extra key(s): "graph_rag_examples", "intermediate_generations", "knowledge_base_ensemble_or_model_name", "model_seed", "model_temp", "model_top_p", "number_of_graph_rag_examples", "number_of_vector_based_rag_examples", "political_position_prob_of_na", "political_position_range", "political_position_std", "speaker_model_name", "speaker_type", "vector_based_persona_string", "vector_based_persona_sys_prompt"
[2025-10-08 15:45:28,026] [INFO] Correct state used; State of type GenerationAgentsState; 'IGNORE THE ABOVE ERRORS'.
[2025-10-08 15:45:28,091] [ERROR] Wrong state used; State of type HumanState; error message: dict has unexpected extra key(s): "graph_rag_examples", "intermediate_generations", "knowledge_base_ensemble_or_model_name", "model_seed", "model_temp", "model_top_p", "number_of_graph_rag_examples", "number_of_vector_based_rag_examples", "political_position_prob_of_na", "political_position_range", "political_position_std", "speaker_model_name", "speaker_type", "vector_based_persona_string", "vector_based_persona_sys_prompt"
[2025-10-08 15:45:28,092] [INFO] Correct state used; State of type GenerationAgentsState; 'IGNORE THE ABOVE ERRORS'.
[2025-10-08 15:45:28,092] [INFO] ENTER: 'UtteranceClassificationAgent' calling '_classify_sentence_utterance_types'; CURRENT SPEAKER: grok-3_mas_rag, DIALOGUE TURN NUM = 8.
[2025-10-08 15:45:28,717] [INFO] 'UtteranceClassificationAgent' completion returned and validated from MODEL = 'ModelName.GROK_3'.
[2025-10-08 15:45:29,360] [INFO] 'UtteranceClassificationAgent' completion returned and validated from MODEL = 'ModelName.GROK_3'.
[2025-10-08 15:45:30,033] [INFO] 'UtteranceClassificationAgent' completion returned and validated from MODEL = 'ModelName.GROK_3'.
[2025-10-08 15:45:30,689] [INFO] 'UtteranceClassificationAgent' completion returned and validated from MODEL = 'ModelName.GROK_3'.
[2025-10-08 15:45:31,339] [INFO] 'UtteranceClassificationAgent' completion returned and validated from MODEL = 'ModelName.GROK_3'.
[2025-10-08 15:45:31,340] [INFO] EXIT: 'UtteranceClassificationAgent' calling '_classify_sentence_utterance_types' (3.247335910797119 secs).
[2025-10-08 15:45:31,340] [INFO] ENTER: 'UtteranceClassificationAgent' calling 'return_classified_sentences'; CURRENT SPEAKER: grok-3_mas_rag, DIALOGUE TURN NUM = 8.
[2025-10-08 15:45:31,340] [INFO] EXIT: 'UtteranceClassificationAgent' calling 'return_classified_sentences' (2.86102294921875e-06 secs).
[2025-10-08 15:45:31,362] [INFO] ENTER: 'GraphRAG' calling 'since'; CURRENT SPEAKER: grok-3_mas_rag, DIALOGUE TURN NUM = 8.
[2025-10-08 15:45:31,362] [INFO] ENTER: 'GraphRAG' calling 'query_graph'; CURRENT SPEAKER: grok-3_mas_rag, DIALOGUE TURN NUM = 8.
[2025-10-08 15:45:31,383] [INFO] EXIT: 'GraphRAG' calling 'query_graph' (0.02059173583984375 secs).
[2025-10-08 15:45:31,383] [INFO] EXIT: 'GraphRAG' calling 'since' (0.020929813385009766 secs).
[2025-10-08 15:45:31,383] [INFO] ENTER: 'GraphRAG' calling 'claim'; CURRENT SPEAKER: grok-3_mas_rag, DIALOGUE TURN NUM = 8.
[2025-10-08 15:45:31,383] [INFO] ENTER: 'GraphRAG' calling 'query_graph'; CURRENT SPEAKER: grok-3_mas_rag, DIALOGUE TURN NUM = 8.
[2025-10-08 15:45:31,399] [INFO] EXIT: 'GraphRAG' calling 'query_graph' (0.015571832656860352 secs).
[2025-10-08 15:45:31,399] [INFO] EXIT: 'GraphRAG' calling 'claim' (0.01586771011352539 secs).
[2025-10-08 15:45:31,415] [INFO] ENTER: 'GraphRAG' calling 'since'; CURRENT SPEAKER: grok-3_mas_rag, DIALOGUE TURN NUM = 8.
[2025-10-08 15:45:31,415] [INFO] ENTER: 'GraphRAG' calling 'query_graph'; CURRENT SPEAKER: grok-3_mas_rag, DIALOGUE TURN NUM = 8.
[2025-10-08 15:45:31,434] [INFO] EXIT: 'GraphRAG' calling 'query_graph' (0.01863718032836914 secs).
[2025-10-08 15:45:31,434] [INFO] EXIT: 'GraphRAG' calling 'since' (0.019013404846191406 secs).
[2025-10-08 15:45:31,434] [INFO] ENTER: 'GraphRAG' calling 'claim'; CURRENT SPEAKER: grok-3_mas_rag, DIALOGUE TURN NUM = 8.
[2025-10-08 15:45:31,434] [INFO] ENTER: 'GraphRAG' calling 'query_graph'; CURRENT SPEAKER: grok-3_mas_rag, DIALOGUE TURN NUM = 8.
[2025-10-08 15:45:31,449] [INFO] EXIT: 'GraphRAG' calling 'query_graph' (0.015284538269042969 secs).
[2025-10-08 15:45:31,450] [INFO] EXIT: 'GraphRAG' calling 'claim' (0.015668392181396484 secs).
[2025-10-08 15:45:31,464] [INFO] ENTER: 'GraphRAG' calling 'since'; CURRENT SPEAKER: grok-3_mas_rag, DIALOGUE TURN NUM = 8.
[2025-10-08 15:45:31,465] [INFO] ENTER: 'GraphRAG' calling 'query_graph'; CURRENT SPEAKER: grok-3_mas_rag, DIALOGUE TURN NUM = 8.
[2025-10-08 15:45:31,484] [INFO] EXIT: 'GraphRAG' calling 'query_graph' (0.019008874893188477 secs).
[2025-10-08 15:45:31,484] [INFO] EXIT: 'GraphRAG' calling 'since' (0.019350767135620117 secs).
[2025-10-08 15:45:31,484] [INFO] ENTER: 'GraphRAG' calling 'claim'; CURRENT SPEAKER: grok-3_mas_rag, DIALOGUE TURN NUM = 8.
[2025-10-08 15:45:31,484] [INFO] ENTER: 'GraphRAG' calling 'query_graph'; CURRENT SPEAKER: grok-3_mas_rag, DIALOGUE TURN NUM = 8.
[2025-10-08 15:45:31,500] [INFO] EXIT: 'GraphRAG' calling 'query_graph' (0.015360116958618164 secs).
[2025-10-08 15:45:31,500] [INFO] EXIT: 'GraphRAG' calling 'claim' (0.01572871208190918 secs).
[2025-10-08 15:45:31,514] [INFO] ENTER: 'GraphRAG' calling 'since'; CURRENT SPEAKER: grok-3_mas_rag, DIALOGUE TURN NUM = 8.
[2025-10-08 15:45:31,515] [INFO] ENTER: 'GraphRAG' calling 'query_graph'; CURRENT SPEAKER: grok-3_mas_rag, DIALOGUE TURN NUM = 8.
[2025-10-08 15:45:31,533] [INFO] EXIT: 'GraphRAG' calling 'query_graph' (0.01880478858947754 secs).
[2025-10-08 15:45:31,533] [INFO] EXIT: 'GraphRAG' calling 'since' (0.019125699996948242 secs).
[2025-10-08 15:45:31,533] [INFO] ENTER: 'GraphRAG' calling 'claim'; CURRENT SPEAKER: grok-3_mas_rag, DIALOGUE TURN NUM = 8.
[2025-10-08 15:45:31,534] [INFO] ENTER: 'GraphRAG' calling 'query_graph'; CURRENT SPEAKER: grok-3_mas_rag, DIALOGUE TURN NUM = 8.
[2025-10-08 15:45:31,549] [INFO] EXIT: 'GraphRAG' calling 'query_graph' (0.015422582626342773 secs).
[2025-10-08 15:45:31,549] [INFO] EXIT: 'GraphRAG' calling 'claim' (0.015714168548583984 secs).
[2025-10-08 15:45:31,565] [INFO] ENTER: 'GraphRAG' calling 'since'; CURRENT SPEAKER: grok-3_mas_rag, DIALOGUE TURN NUM = 8.
[2025-10-08 15:45:31,565] [INFO] ENTER: 'GraphRAG' calling 'query_graph'; CURRENT SPEAKER: grok-3_mas_rag, DIALOGUE TURN NUM = 8.
[2025-10-08 15:45:31,584] [INFO] EXIT: 'GraphRAG' calling 'query_graph' (0.018671274185180664 secs).
[2025-10-08 15:45:31,584] [INFO] EXIT: 'GraphRAG' calling 'since' (0.01901412010192871 secs).
[2025-10-08 15:45:31,584] [INFO] ENTER: 'GraphRAG' calling 'claim'; CURRENT SPEAKER: grok-3_mas_rag, DIALOGUE TURN NUM = 8.
[2025-10-08 15:45:31,584] [INFO] ENTER: 'GraphRAG' calling 'query_graph'; CURRENT SPEAKER: grok-3_mas_rag, DIALOGUE TURN NUM = 8.
[2025-10-08 15:45:31,599] [INFO] EXIT: 'GraphRAG' calling 'query_graph' (0.015202999114990234 secs).
[2025-10-08 15:45:31,599] [INFO] EXIT: 'GraphRAG' calling 'claim' (0.015557289123535156 secs).
[2025-10-08 15:45:31,600] [INFO] ENTER: 'GraphRAG' calling 'return_rag_examples'; CURRENT SPEAKER: grok-3_mas_rag, DIALOGUE TURN NUM = 8.
[2025-10-08 15:45:31,600] [INFO] EXIT: 'GraphRAG' calling 'return_rag_examples' (2.1457672119140625e-06 secs).
[2025-10-08 15:45:31,602] [INFO] ENTER: 'DialogueMoveGenerator' calling 'generate'; CURRENT SPEAKER: grok-3_mas_rag, DIALOGUE TURN NUM = 8.
[2025-10-08 15:45:31,602] [INFO] ENTER: 'MASPromptGenerator' calling 'claim'; CURRENT SPEAKER: grok-3_mas_rag, DIALOGUE TURN NUM = 8.
[2025-10-08 15:45:31,602] [INFO] EXIT: 'MASPromptGenerator' calling 'claim' (5.1021575927734375e-05 secs).
[2025-10-08 15:45:31,603] [INFO] ENTER: 'DialogueMoveGenerator' calling 'generate'; CURRENT SPEAKER: grok-3_mas_rag, DIALOGUE TURN NUM = 8.
[2025-10-08 15:45:31,603] [INFO] ENTER: 'MASPromptGenerator' calling 'retract_claim'; CURRENT SPEAKER: grok-3_mas_rag, DIALOGUE TURN NUM = 8.
[2025-10-08 15:45:31,603] [INFO] EXIT: 'MASPromptGenerator' calling 'retract_claim' (4.506111145019531e-05 secs).
[2025-10-08 15:45:31,604] [INFO] ENTER: 'DialogueMoveGenerator' calling 'generate'; CURRENT SPEAKER: grok-3_mas_rag, DIALOGUE TURN NUM = 8.
[2025-10-08 15:45:31,605] [INFO] ENTER: 'MASPromptGenerator' calling 'since_claim'; CURRENT SPEAKER: grok-3_mas_rag, DIALOGUE TURN NUM = 8.
[2025-10-08 15:45:31,605] [INFO] EXIT: 'MASPromptGenerator' calling 'since_claim' (4.696846008300781e-05 secs).
[2025-10-08 15:45:35,213] [INFO] Completion returned and validated from MODEL = 'grok-3'.
[2025-10-08 15:45:36,480] [INFO] Completion returned and validated from MODEL = 'grok-3'.
[2025-10-08 15:45:36,762] [INFO] Completion returned and validated from MODEL = 'grok-3'.
[2025-10-08 15:45:39,647] [INFO] Completion returned and validated from MODEL = 'grok-3'.
[2025-10-08 15:45:41,226] [INFO] Completion returned and validated from MODEL = 'grok-3'.
[2025-10-08 15:45:41,525] [INFO] Completion returned and validated from MODEL = 'grok-3'.
[2025-10-08 15:45:43,575] [INFO] Completion returned and validated from MODEL = 'grok-3'.
[2025-10-08 15:45:45,982] [INFO] Completion returned and validated from MODEL = 'grok-3'.
[2025-10-08 15:45:46,159] [INFO] Completion returned and validated from MODEL = 'grok-3'.
[2025-10-08 15:45:48,035] [INFO] Completion returned and validated from MODEL = 'grok-3'.
[2025-10-08 15:45:49,918] [INFO] Completion returned and validated from MODEL = 'grok-3'.
[2025-10-08 15:45:50,428] [INFO] Completion returned and validated from MODEL = 'grok-3'.
[2025-10-08 15:45:52,466] [INFO] Completion returned and validated from MODEL = 'grok-3'.
[2025-10-08 15:45:52,466] [INFO] EXIT: 'DialogueMoveGenerator' calling 'generate' (20.863065242767334 secs).
[2025-10-08 15:45:54,459] [INFO] Completion returned and validated from MODEL = 'grok-3'.
[2025-10-08 15:45:54,459] [INFO] EXIT: 'DialogueMoveGenerator' calling 'generate' (22.854553699493408 secs).
[2025-10-08 15:45:55,542] [INFO] Completion returned and validated from MODEL = 'grok-3'.
[2025-10-08 15:45:55,542] [INFO] EXIT: 'DialogueMoveGenerator' calling 'generate' (23.94015336036682 secs).
[2025-10-08 15:45:55,543] [INFO] ENTER: 'MASPromptGenerator' calling 'persuasiveness_choice'; CURRENT SPEAKER: grok-3_mas_rag, DIALOGUE TURN NUM = 8.
[2025-10-08 15:45:55,543] [INFO] EXIT: 'MASPromptGenerator' calling 'persuasiveness_choice' (0.00016736984252929688 secs).
[2025-10-08 15:45:59,205] [INFO] Completion returned and validated within 'PersuasivenessChoiceAgent'; MODEL = 'grok-3'; DIALOGUE TURN NUM = 8.
[2025-10-08 15:46:02,786] [INFO] Completion returned and validated within 'PersuasivenessChoiceAgent'; MODEL = 'grok-3'; DIALOGUE TURN NUM = 8.
[2025-10-08 15:46:07,342] [INFO] Completion returned and validated within 'PersuasivenessChoiceAgent'; MODEL = 'grok-3'; DIALOGUE TURN NUM = 8.
[2025-10-08 15:46:10,708] [INFO] Completion returned and validated within 'PersuasivenessChoiceAgent'; MODEL = 'grok-3'; DIALOGUE TURN NUM = 8.
[2025-10-08 15:46:14,128] [INFO] Completion returned and validated within 'PersuasivenessChoiceAgent'; MODEL = 'grok-3'; DIALOGUE TURN NUM = 8.
[2025-10-08 15:46:14,129] [INFO] ENTER: 'DisambiguationAgent' calling '_grouping_similar_utterance_types'; CURRENT SPEAKER: grok-3_mas_rag, DIALOGUE TURN NUM = 8.
[2025-10-08 15:46:14,129] [INFO] EXIT: 'DisambiguationAgent' calling '_grouping_similar_utterance_types' (1.33514404296875e-05 secs).
[2025-10-08 15:46:14,129] [INFO] ENTER: 'DisambiguationAgent' calling '_identifying_similar_sentences_and_choosing_one_to_return_to_user'; CURRENT SPEAKER: grok-3_mas_rag, DIALOGUE TURN NUM = 8.
[2025-10-08 15:46:27,171] [INFO] 'DisambiguationAgent' grouped similar sentences, completion returned and validated; MODEL = 'grok-3'.
[2025-10-08 15:46:28,430] [INFO] 'DisambiguationAgent' chose sentences to remove, completion returned and validated from MODEL = 'grok-3'.
[2025-10-08 15:46:29,621] [INFO] 'DisambiguationAgent' chose sentences to remove, completion returned and validated from MODEL = 'grok-3'.
[2025-10-08 15:46:30,847] [INFO] 'DisambiguationAgent' chose sentences to remove, completion returned and validated from MODEL = 'grok-3'.
[2025-10-08 15:46:32,467] [INFO] 'DisambiguationAgent' chose sentences to remove, completion returned and validated from MODEL = 'grok-3'.
[2025-10-08 15:46:32,467] [INFO] EXIT: 'DisambiguationAgent' calling '_identifying_similar_sentences_and_choosing_one_to_return_to_user' (18.33834743499756 secs).
[2025-10-08 15:46:32,467] [INFO] ENTER: 'DisambiguationAgent' calling '_removing_repetitive_sentences'; CURRENT SPEAKER: grok-3_mas_rag, DIALOGUE TURN NUM = 8.
[2025-10-08 15:46:32,467] [INFO] EXIT: 'DisambiguationAgent' calling '_removing_repetitive_sentences' (2.1219253540039062e-05 secs).
[2025-10-08 15:46:32,468] [INFO] ENTER: 'DisambiguationAgent' calling '_choose_the_most_persuasive_sentences'; CURRENT SPEAKER: grok-3_mas_rag, DIALOGUE TURN NUM = 8.
[2025-10-08 15:46:35,905] [INFO] 'DisambiguationAgent': reached maximum allowed sentences, succussfully chose most persuasive sentences, completion returned and validated from MODEL = 'grok-3'.
[2025-10-08 15:46:35,905] [INFO] EXIT: 'DisambiguationAgent' calling '_choose_the_most_persuasive_sentences' (3.4371273517608643 secs).
[2025-10-08 15:46:35,905] [INFO] ENTER: 'DisambiguationAgent' calling 'return_disambiguated_sentences'; CURRENT SPEAKER: grok-3_mas_rag, DIALOGUE TURN NUM = 8.
[2025-10-08 15:46:35,905] [INFO] EXIT: 'DisambiguationAgent' calling 'return_disambiguated_sentences' (2.6226043701171875e-06 secs).
[2025-10-08 15:46:35,905] [ERROR] Wrong state used; State of type HumanState; error message: dict has unexpected extra key(s): "graph_rag_examples", "intermediate_generations", "knowledge_base_ensemble_or_model_name", "model_seed", "model_temp", "model_top_p", "number_of_graph_rag_examples", "number_of_vector_based_rag_examples", "political_position_prob_of_na", "political_position_range", "political_position_std", "speaker_model_name", "speaker_type", "vector_based_persona_string", "vector_based_persona_sys_prompt"
[2025-10-08 15:46:35,906] [INFO] Correct state used; State of type GenerationAgentsState; 'IGNORE THE ABOVE ERRORS'.
[2025-10-08 15:46:36,735] [INFO] 'commitment_update' completed '___Claim___' update for current speaker's commitments; MODEL = 'grok-3'.
[2025-10-08 15:46:37,446] [INFO] 'commitment_update' completed '___Claim___' update for current speaker's commitments; MODEL = 'grok-3'.
[2025-10-08 15:46:38,446] [INFO] 'commitment_update' completed '___Since___' update; MODEL = 'grok-3'.
[2025-10-08 15:46:39,097] [INFO] 'commitment_update' completed '___Claim___' update for current speaker's commitments; MODEL = 'grok-3'.
[2025-10-08 15:46:39,764] [INFO] 'commitment_update' completed '___Claim___' update for current speaker's commitments; MODEL = 'grok-3'.
[2025-10-08 15:46:39,840] [ERROR] Wrong state used; State of type HumanState; error message: dict has unexpected extra key(s): "graph_rag_examples", "intermediate_generations", "knowledge_base_ensemble_or_model_name", "model_seed", "model_temp", "model_top_p", "number_of_graph_rag_examples", "number_of_vector_based_rag_examples", "political_position_prob_of_na", "political_position_range", "political_position_std", "speaker_model_name", "speaker_type", "vector_based_persona_string", "vector_based_persona_sys_prompt"
[2025-10-08 15:46:39,841] [INFO] Correct state used; State of type GenerationAgentsState; 'IGNORE THE ABOVE ERRORS'.
[2025-10-08 15:46:39,841] [INFO] ENTER: 'UtteranceClassificationAgent' calling '_classify_sentence_utterance_types'; CURRENT SPEAKER: mistral-medium_mas, DIALOGUE TURN NUM = 9.
[2025-10-08 15:46:40,537] [INFO] 'UtteranceClassificationAgent' completion returned and validated from MODEL = 'ModelName.MISTRAL_MEDIUM'.
[2025-10-08 15:46:40,957] [INFO] 'UtteranceClassificationAgent' completion returned and validated from MODEL = 'ModelName.MISTRAL_MEDIUM'.
[2025-10-08 15:46:41,474] [INFO] 'UtteranceClassificationAgent' completion returned and validated from MODEL = 'ModelName.MISTRAL_MEDIUM'.
[2025-10-08 15:46:42,194] [INFO] 'UtteranceClassificationAgent' completion returned and validated from MODEL = 'ModelName.MISTRAL_MEDIUM'.
[2025-10-08 15:46:42,680] [INFO] 'UtteranceClassificationAgent' completion returned and validated from MODEL = 'ModelName.MISTRAL_MEDIUM'.
[2025-10-08 15:46:42,680] [INFO] EXIT: 'UtteranceClassificationAgent' calling '_classify_sentence_utterance_types' (2.8389768600463867 secs).
[2025-10-08 15:46:42,680] [INFO] ENTER: 'UtteranceClassificationAgent' calling 'return_classified_sentences'; CURRENT SPEAKER: mistral-medium_mas, DIALOGUE TURN NUM = 9.
[2025-10-08 15:46:42,680] [INFO] EXIT: 'UtteranceClassificationAgent' calling 'return_classified_sentences' (2.384185791015625e-06 secs).
[2025-10-08 15:46:42,681] [INFO] ENTER: 'DialogueMoveGenerator' calling 'generate'; CURRENT SPEAKER: mistral-medium_mas, DIALOGUE TURN NUM = 9.
[2025-10-08 15:46:42,683] [INFO] ENTER: 'MASPromptGenerator' calling 'claim_negation'; CURRENT SPEAKER: mistral-medium_mas, DIALOGUE TURN NUM = 9.
[2025-10-08 15:46:42,683] [INFO] EXIT: 'MASPromptGenerator' calling 'claim_negation' (2.9325485229492188e-05 secs).
[2025-10-08 15:46:42,684] [INFO] ENTER: 'DialogueMoveGenerator' calling 'generate'; CURRENT SPEAKER: mistral-medium_mas, DIALOGUE TURN NUM = 9.
[2025-10-08 15:46:42,684] [INFO] ENTER: 'MASPromptGenerator' calling 'concede_claim'; CURRENT SPEAKER: mistral-medium_mas, DIALOGUE TURN NUM = 9.
[2025-10-08 15:46:42,684] [INFO] EXIT: 'MASPromptGenerator' calling 'concede_claim' (3.24249267578125e-05 secs).
[2025-10-08 15:46:42,685] [INFO] ENTER: 'DialogueMoveGenerator' calling 'generate'; CURRENT SPEAKER: mistral-medium_mas, DIALOGUE TURN NUM = 9.
[2025-10-08 15:46:42,685] [INFO] ENTER: 'MASPromptGenerator' calling 'question_claim'; CURRENT SPEAKER: mistral-medium_mas, DIALOGUE TURN NUM = 9.
[2025-10-08 15:46:42,685] [INFO] EXIT: 'MASPromptGenerator' calling 'question_claim' (3.62396240234375e-05 secs).
[2025-10-08 15:46:42,687] [INFO] ENTER: 'DialogueMoveGenerator' calling 'generate'; CURRENT SPEAKER: mistral-medium_mas, DIALOGUE TURN NUM = 9.
[2025-10-08 15:46:42,688] [INFO] ENTER: 'MASPromptGenerator' calling 'why_claim'; CURRENT SPEAKER: mistral-medium_mas, DIALOGUE TURN NUM = 9.
[2025-10-08 15:46:42,688] [INFO] EXIT: 'MASPromptGenerator' calling 'why_claim' (3.0994415283203125e-05 secs).
[2025-10-08 15:46:44,995] [INFO] Completion returned and validated from MODEL = 'mistral-medium'.
[2025-10-08 15:46:45,253] [INFO] Completion returned and validated from MODEL = 'mistral-medium'.
[2025-10-08 15:46:46,899] [INFO] Completion returned and validated from MODEL = 'mistral-medium'.
[2025-10-08 15:46:47,030] [INFO] Completion returned and validated from MODEL = 'mistral-medium'.
[2025-10-08 15:46:47,273] [INFO] Completion returned and validated from MODEL = 'mistral-medium'.
[2025-10-08 15:46:49,416] [INFO] Completion returned and validated from MODEL = 'mistral-medium'.
[2025-10-08 15:46:49,416] [INFO] EXIT: 'DialogueMoveGenerator' calling 'generate' (6.732852935791016 secs).
[2025-10-08 15:46:49,422] [INFO] Completion returned and validated from MODEL = 'mistral-medium'.
[2025-10-08 15:46:49,595] [INFO] Completion returned and validated from MODEL = 'mistral-medium'.
[2025-10-08 15:46:51,585] [INFO] Completion returned and validated from MODEL = 'mistral-medium'.
[2025-10-08 15:46:54,174] [INFO] Completion returned and validated from MODEL = 'mistral-medium'.
[2025-10-08 15:47:06,980] [INFO] Completion returned and validated from MODEL = 'mistral-medium'.
[2025-10-08 15:47:16,696] [INFO] Completion returned and validated from MODEL = 'mistral-medium'.
[2025-10-08 15:47:16,696] [INFO] EXIT: 'DialogueMoveGenerator' calling 'generate' (34.01091027259827 secs).
[2025-10-08 15:48:44,842] [INFO] Completion returned and validated from MODEL = 'mistral-medium'.
[2025-10-08 15:48:45,046] [INFO] Completion returned and validated from MODEL = 'mistral-medium'.
[2025-10-08 15:48:45,046] [INFO] EXIT: 'DialogueMoveGenerator' calling 'generate' (122.36155223846436 secs).
[2025-10-08 15:48:49,222] [INFO] Completion returned and validated from MODEL = 'mistral-medium'.
[2025-10-08 15:48:51,107] [INFO] Completion returned and validated from MODEL = 'mistral-medium'.
[2025-10-08 15:48:51,107] [INFO] EXIT: 'DialogueMoveGenerator' calling 'generate' (128.41952896118164 secs).
[2025-10-08 15:48:51,109] [INFO] ENTER: 'MASPromptGenerator' calling 'persuasiveness_choice'; CURRENT SPEAKER: mistral-medium_mas, DIALOGUE TURN NUM = 9.
[2025-10-08 15:48:51,109] [INFO] EXIT: 'MASPromptGenerator' calling 'persuasiveness_choice' (0.00016236305236816406 secs).
[2025-10-08 15:48:53,846] [INFO] Completion returned and validated within 'PersuasivenessChoiceAgent'; MODEL = 'mistral-medium'; DIALOGUE TURN NUM = 9.
[2025-10-08 15:48:59,828] [INFO] Completion returned and validated within 'PersuasivenessChoiceAgent'; MODEL = 'mistral-medium'; DIALOGUE TURN NUM = 9.
[2025-10-08 15:49:03,632] [INFO] Completion returned and validated within 'PersuasivenessChoiceAgent'; MODEL = 'mistral-medium'; DIALOGUE TURN NUM = 9.
[2025-10-08 15:49:05,789] [INFO] Completion returned and validated within 'PersuasivenessChoiceAgent'; MODEL = 'mistral-medium'; DIALOGUE TURN NUM = 9.
[2025-10-08 15:49:07,961] [INFO] Completion returned and validated within 'PersuasivenessChoiceAgent'; MODEL = 'mistral-medium'; DIALOGUE TURN NUM = 9.
[2025-10-08 15:49:07,962] [INFO] ENTER: 'DisambiguationAgent' calling '_grouping_similar_utterance_types'; CURRENT SPEAKER: mistral-medium_mas, DIALOGUE TURN NUM = 9.
[2025-10-08 15:49:07,962] [INFO] EXIT: 'DisambiguationAgent' calling '_grouping_similar_utterance_types' (1.1920928955078125e-05 secs).
[2025-10-08 15:49:07,962] [INFO] ENTER: 'DisambiguationAgent' calling '_identifying_similar_sentences_and_choosing_one_to_return_to_user'; CURRENT SPEAKER: mistral-medium_mas, DIALOGUE TURN NUM = 9.
[2025-10-08 15:49:15,596] [INFO] 'DisambiguationAgent' grouped similar sentences, completion returned and validated; MODEL = 'mistral-medium'.
[2025-10-08 15:49:16,642] [INFO] 'DisambiguationAgent' chose sentences to remove, completion returned and validated from MODEL = 'mistral-medium'.
[2025-10-08 15:49:17,759] [INFO] 'DisambiguationAgent' chose sentences to remove, completion returned and validated from MODEL = 'mistral-medium'.
[2025-10-08 15:49:20,216] [INFO] 'DisambiguationAgent' chose sentences to remove, completion returned and validated from MODEL = 'mistral-medium'.
[2025-10-08 15:49:21,096] [INFO] 'DisambiguationAgent' chose sentences to remove, completion returned and validated from MODEL = 'mistral-medium'.
[2025-10-08 15:49:21,913] [INFO] 'DisambiguationAgent' chose sentences to remove, completion returned and validated from MODEL = 'mistral-medium'.
[2025-10-08 15:49:22,756] [INFO] 'DisambiguationAgent' chose sentences to remove, completion returned and validated from MODEL = 'mistral-medium'.
[2025-10-08 15:49:22,756] [INFO] EXIT: 'DisambiguationAgent' calling '_identifying_similar_sentences_and_choosing_one_to_return_to_user' (14.793514728546143 secs).
[2025-10-08 15:49:22,756] [INFO] ENTER: 'DisambiguationAgent' calling '_removing_repetitive_sentences'; CURRENT SPEAKER: mistral-medium_mas, DIALOGUE TURN NUM = 9.
[2025-10-08 15:49:22,756] [INFO] EXIT: 'DisambiguationAgent' calling '_removing_repetitive_sentences' (1.5974044799804688e-05 secs).
[2025-10-08 15:49:22,756] [INFO] ENTER: 'DisambiguationAgent' calling '_choose_the_most_persuasive_sentences'; CURRENT SPEAKER: mistral-medium_mas, DIALOGUE TURN NUM = 9.
[2025-10-08 15:49:26,081] [INFO] 'DisambiguationAgent': reached maximum allowed sentences, succussfully chose most persuasive sentences, completion returned and validated from MODEL = 'mistral-medium'.
[2025-10-08 15:49:26,082] [INFO] EXIT: 'DisambiguationAgent' calling '_choose_the_most_persuasive_sentences' (3.3255860805511475 secs).
[2025-10-08 15:49:26,082] [INFO] ENTER: 'DisambiguationAgent' calling 'return_disambiguated_sentences'; CURRENT SPEAKER: mistral-medium_mas, DIALOGUE TURN NUM = 9.
[2025-10-08 15:49:26,082] [INFO] EXIT: 'DisambiguationAgent' calling 'return_disambiguated_sentences' (2.6226043701171875e-06 secs).
[2025-10-08 15:49:26,082] [ERROR] Wrong state used; State of type HumanState; error message: dict has unexpected extra key(s): "graph_rag_examples", "intermediate_generations", "knowledge_base_ensemble_or_model_name", "model_seed", "model_temp", "model_top_p", "number_of_graph_rag_examples", "number_of_vector_based_rag_examples", "political_position_prob_of_na", "political_position_range", "political_position_std", "speaker_model_name", "speaker_type", "vector_based_persona_string", "vector_based_persona_sys_prompt"
[2025-10-08 15:49:26,082] [INFO] Correct state used; State of type GenerationAgentsState; 'IGNORE THE ABOVE ERRORS'.
[2025-10-08 15:49:26,154] [ERROR] Wrong state used; State of type HumanState; error message: dict has unexpected extra key(s): "graph_rag_examples", "intermediate_generations", "knowledge_base_ensemble_or_model_name", "model_seed", "model_temp", "model_top_p", "number_of_graph_rag_examples", "number_of_vector_based_rag_examples", "political_position_prob_of_na", "political_position_range", "political_position_std", "speaker_model_name", "speaker_type", "vector_based_persona_string", "vector_based_persona_sys_prompt"
[2025-10-08 15:49:26,155] [INFO] Correct state used; State of type GenerationAgentsState; 'IGNORE THE ABOVE ERRORS'.
[2025-10-08 15:49:26,155] [INFO] ENTER: 'UtteranceClassificationAgent' calling '_classify_sentence_utterance_types'; CURRENT SPEAKER: grok-3_mas_rag, DIALOGUE TURN NUM = 10.
[2025-10-08 15:49:26,895] [INFO] 'UtteranceClassificationAgent' completion returned and validated from MODEL = 'ModelName.GROK_3'.
[2025-10-08 15:49:27,626] [INFO] 'UtteranceClassificationAgent' completion returned and validated from MODEL = 'ModelName.GROK_3'.
[2025-10-08 15:49:29,435] [INFO] 'UtteranceClassificationAgent' completion returned and validated from MODEL = 'ModelName.GROK_3'.
[2025-10-08 15:49:30,101] [INFO] 'UtteranceClassificationAgent' completion returned and validated from MODEL = 'ModelName.GROK_3'.
[2025-10-08 15:49:30,926] [INFO] 'UtteranceClassificationAgent' completion returned and validated from MODEL = 'ModelName.GROK_3'.
[2025-10-08 15:49:30,926] [INFO] EXIT: 'UtteranceClassificationAgent' calling '_classify_sentence_utterance_types' (4.771062850952148 secs).
[2025-10-08 15:49:30,926] [INFO] ENTER: 'UtteranceClassificationAgent' calling 'return_classified_sentences'; CURRENT SPEAKER: grok-3_mas_rag, DIALOGUE TURN NUM = 10.
[2025-10-08 15:49:30,926] [INFO] EXIT: 'UtteranceClassificationAgent' calling 'return_classified_sentences' (2.384185791015625e-06 secs).
[2025-10-08 15:49:30,944] [INFO] ENTER: 'GraphRAG' calling 'since'; CURRENT SPEAKER: grok-3_mas_rag, DIALOGUE TURN NUM = 10.
[2025-10-08 15:49:30,944] [INFO] ENTER: 'GraphRAG' calling 'query_graph'; CURRENT SPEAKER: grok-3_mas_rag, DIALOGUE TURN NUM = 10.
[2025-10-08 15:49:30,965] [INFO] EXIT: 'GraphRAG' calling 'query_graph' (0.020011186599731445 secs).
[2025-10-08 15:49:30,965] [INFO] EXIT: 'GraphRAG' calling 'since' (0.020340919494628906 secs).
[2025-10-08 15:49:30,965] [INFO] ENTER: 'GraphRAG' calling 'claim'; CURRENT SPEAKER: grok-3_mas_rag, DIALOGUE TURN NUM = 10.
[2025-10-08 15:49:30,965] [INFO] ENTER: 'GraphRAG' calling 'query_graph'; CURRENT SPEAKER: grok-3_mas_rag, DIALOGUE TURN NUM = 10.
[2025-10-08 15:49:30,980] [INFO] EXIT: 'GraphRAG' calling 'query_graph' (0.014898300170898438 secs).
[2025-10-08 15:49:30,980] [INFO] EXIT: 'GraphRAG' calling 'claim' (0.015231132507324219 secs).
[2025-10-08 15:49:30,995] [INFO] ENTER: 'GraphRAG' calling 'since'; CURRENT SPEAKER: grok-3_mas_rag, DIALOGUE TURN NUM = 10.
[2025-10-08 15:49:30,995] [INFO] ENTER: 'GraphRAG' calling 'query_graph'; CURRENT SPEAKER: grok-3_mas_rag, DIALOGUE TURN NUM = 10.
[2025-10-08 15:49:31,015] [INFO] EXIT: 'GraphRAG' calling 'query_graph' (0.01944899559020996 secs).
[2025-10-08 15:49:31,015] [INFO] EXIT: 'GraphRAG' calling 'since' (0.019773244857788086 secs).
[2025-10-08 15:49:31,015] [INFO] ENTER: 'GraphRAG' calling 'claim'; CURRENT SPEAKER: grok-3_mas_rag, DIALOGUE TURN NUM = 10.
[2025-10-08 15:49:31,015] [INFO] ENTER: 'GraphRAG' calling 'query_graph'; CURRENT SPEAKER: grok-3_mas_rag, DIALOGUE TURN NUM = 10.
[2025-10-08 15:49:31,030] [INFO] EXIT: 'GraphRAG' calling 'query_graph' (0.014896392822265625 secs).
[2025-10-08 15:49:31,030] [INFO] EXIT: 'GraphRAG' calling 'claim' (0.015227556228637695 secs).
[2025-10-08 15:49:31,046] [INFO] ENTER: 'GraphRAG' calling 'since'; CURRENT SPEAKER: grok-3_mas_rag, DIALOGUE TURN NUM = 10.
[2025-10-08 15:49:31,046] [INFO] ENTER: 'GraphRAG' calling 'query_graph'; CURRENT SPEAKER: grok-3_mas_rag, DIALOGUE TURN NUM = 10.
[2025-10-08 15:49:31,065] [INFO] EXIT: 'GraphRAG' calling 'query_graph' (0.01947307586669922 secs).
[2025-10-08 15:49:31,066] [INFO] EXIT: 'GraphRAG' calling 'since' (0.019838809967041016 secs).
[2025-10-08 15:49:31,066] [INFO] ENTER: 'GraphRAG' calling 'claim'; CURRENT SPEAKER: grok-3_mas_rag, DIALOGUE TURN NUM = 10.
[2025-10-08 15:49:31,066] [INFO] ENTER: 'GraphRAG' calling 'query_graph'; CURRENT SPEAKER: grok-3_mas_rag, DIALOGUE TURN NUM = 10.
[2025-10-08 15:49:31,081] [INFO] EXIT: 'GraphRAG' calling 'query_graph' (0.01507258415222168 secs).
[2025-10-08 15:49:31,081] [INFO] EXIT: 'GraphRAG' calling 'claim' (0.015410661697387695 secs).
[2025-10-08 15:49:31,097] [INFO] ENTER: 'GraphRAG' calling 'claim'; CURRENT SPEAKER: grok-3_mas_rag, DIALOGUE TURN NUM = 10.
[2025-10-08 15:49:31,097] [INFO] ENTER: 'GraphRAG' calling 'query_graph'; CURRENT SPEAKER: grok-3_mas_rag, DIALOGUE TURN NUM = 10.
[2025-10-08 15:49:31,172] [INFO] EXIT: 'GraphRAG' calling 'query_graph' (0.07436418533325195 secs).
[2025-10-08 15:49:31,172] [INFO] EXIT: 'GraphRAG' calling 'claim' (0.07474970817565918 secs).
[2025-10-08 15:49:31,172] [INFO] ENTER: 'GraphRAG' calling 'claim_negation'; CURRENT SPEAKER: grok-3_mas_rag, DIALOGUE TURN NUM = 10.
[2025-10-08 15:49:31,172] [INFO] ENTER: 'GraphRAG' calling 'query_graph'; CURRENT SPEAKER: grok-3_mas_rag, DIALOGUE TURN NUM = 10.
[2025-10-08 15:49:31,191] [INFO] EXIT: 'GraphRAG' calling 'query_graph' (0.019140243530273438 secs).
[2025-10-08 15:49:31,191] [INFO] EXIT: 'GraphRAG' calling 'claim_negation' (0.01947784423828125 secs).
[2025-10-08 15:49:31,206] [INFO] ENTER: 'GraphRAG' calling 'since'; CURRENT SPEAKER: grok-3_mas_rag, DIALOGUE TURN NUM = 10.
[2025-10-08 15:49:31,207] [INFO] ENTER: 'GraphRAG' calling 'query_graph'; CURRENT SPEAKER: grok-3_mas_rag, DIALOGUE TURN NUM = 10.
[2025-10-08 15:49:31,226] [INFO] EXIT: 'GraphRAG' calling 'query_graph' (0.019268274307250977 secs).
[2025-10-08 15:49:31,226] [INFO] EXIT: 'GraphRAG' calling 'since' (0.019612789154052734 secs).
[2025-10-08 15:49:31,226] [INFO] ENTER: 'GraphRAG' calling 'claim'; CURRENT SPEAKER: grok-3_mas_rag, DIALOGUE TURN NUM = 10.
[2025-10-08 15:49:31,226] [INFO] ENTER: 'GraphRAG' calling 'query_graph'; CURRENT SPEAKER: grok-3_mas_rag, DIALOGUE TURN NUM = 10.
[2025-10-08 15:49:31,241] [INFO] EXIT: 'GraphRAG' calling 'query_graph' (0.01473855972290039 secs).
[2025-10-08 15:49:31,241] [INFO] EXIT: 'GraphRAG' calling 'claim' (0.015055179595947266 secs).
[2025-10-08 15:49:31,241] [INFO] ENTER: 'GraphRAG' calling 'return_rag_examples'; CURRENT SPEAKER: grok-3_mas_rag, DIALOGUE TURN NUM = 10.
[2025-10-08 15:49:31,241] [INFO] EXIT: 'GraphRAG' calling 'return_rag_examples' (1.6689300537109375e-06 secs).
[2025-10-08 15:49:31,243] [INFO] ENTER: 'DialogueMoveGenerator' calling 'generate'; CURRENT SPEAKER: grok-3_mas_rag, DIALOGUE TURN NUM = 10.
[2025-10-08 15:49:31,243] [INFO] ENTER: 'MASPromptGenerator' calling 'claim'; CURRENT SPEAKER: grok-3_mas_rag, DIALOGUE TURN NUM = 10.
[2025-10-08 15:49:31,244] [INFO] EXIT: 'MASPromptGenerator' calling 'claim' (5.269050598144531e-05 secs).
[2025-10-08 15:49:31,244] [INFO] ENTER: 'DialogueMoveGenerator' calling 'generate'; CURRENT SPEAKER: grok-3_mas_rag, DIALOGUE TURN NUM = 10.
[2025-10-08 15:49:31,244] [INFO] ENTER: 'MASPromptGenerator' calling 'claim_negation'; CURRENT SPEAKER: grok-3_mas_rag, DIALOGUE TURN NUM = 10.
[2025-10-08 15:49:31,244] [INFO] EXIT: 'MASPromptGenerator' calling 'claim_negation' (3.886222839355469e-05 secs).
[2025-10-08 15:49:31,245] [INFO] ENTER: 'DialogueMoveGenerator' calling 'generate'; CURRENT SPEAKER: grok-3_mas_rag, DIALOGUE TURN NUM = 10.
[2025-10-08 15:49:31,246] [INFO] ENTER: 'DialogueMoveGenerator' calling 'generate'; CURRENT SPEAKER: grok-3_mas_rag, DIALOGUE TURN NUM = 10.
[2025-10-08 15:49:31,246] [INFO] ENTER: 'MASPromptGenerator' calling 'retract_claim'; CURRENT SPEAKER: grok-3_mas_rag, DIALOGUE TURN NUM = 10.
[2025-10-08 15:49:31,246] [INFO] ENTER: 'MASPromptGenerator' calling 'since_claim'; CURRENT SPEAKER: grok-3_mas_rag, DIALOGUE TURN NUM = 10.
[2025-10-08 15:49:31,246] [INFO] EXIT: 'MASPromptGenerator' calling 'retract_claim' (4.1484832763671875e-05 secs).
[2025-10-08 15:49:31,247] [INFO] EXIT: 'MASPromptGenerator' calling 'since_claim' (4.863739013671875e-05 secs).
[2025-10-08 15:49:37,623] [INFO] Completion returned and validated from MODEL = 'grok-3'.
[2025-10-08 15:49:37,632] [INFO] Completion returned and validated from MODEL = 'grok-3'.
[2025-10-08 15:49:37,937] [INFO] Completion returned and validated from MODEL = 'grok-3'.
[2025-10-08 15:49:37,937] [INFO] EXIT: 'DialogueMoveGenerator' calling 'generate' (6.692576885223389 secs).
[2025-10-08 15:49:38,646] [INFO] Completion returned and validated from MODEL = 'grok-3'.
[2025-10-08 15:49:42,013] [INFO] Completion returned and validated from MODEL = 'grok-3'.
[2025-10-08 15:49:43,619] [INFO] Completion returned and validated from MODEL = 'grok-3'.
[2025-10-08 15:49:44,976] [INFO] Completion returned and validated from MODEL = 'grok-3'.
[2025-10-08 15:49:46,386] [INFO] Completion returned and validated from MODEL = 'grok-3'.
[2025-10-08 15:49:48,178] [INFO] Completion returned and validated from MODEL = 'grok-3'.
[2025-10-08 15:49:50,562] [INFO] Completion returned and validated from MODEL = 'grok-3'.
[2025-10-08 15:49:50,903] [INFO] Completion returned and validated from MODEL = 'grok-3'.
[2025-10-08 15:49:50,903] [INFO] EXIT: 'DialogueMoveGenerator' calling 'generate' (19.65723419189453 secs).
[2025-10-08 15:49:53,066] [INFO] Completion returned and validated from MODEL = 'grok-3'.
[2025-10-08 15:49:55,074] [INFO] Completion returned and validated from MODEL = 'grok-3'.
[2025-10-08 15:49:56,770] [INFO] Completion returned and validated from MODEL = 'grok-3'.
[2025-10-08 15:49:56,770] [INFO] EXIT: 'DialogueMoveGenerator' calling 'generate' (25.524839401245117 secs).
[2025-10-08 15:49:59,776] [INFO] Completion returned and validated from MODEL = 'grok-3'.
[2025-10-08 15:49:59,776] [INFO] EXIT: 'DialogueMoveGenerator' calling 'generate' (28.53280544281006 secs).
[2025-10-08 15:49:59,778] [INFO] ENTER: 'MASPromptGenerator' calling 'persuasiveness_choice'; CURRENT SPEAKER: grok-3_mas_rag, DIALOGUE TURN NUM = 10.
[2025-10-08 15:49:59,778] [INFO] EXIT: 'MASPromptGenerator' calling 'persuasiveness_choice' (0.0001556873321533203 secs).
[2025-10-08 15:50:02,799] [INFO] Completion returned and validated within 'PersuasivenessChoiceAgent'; MODEL = 'grok-3'; DIALOGUE TURN NUM = 10.
[2025-10-08 15:50:07,686] [INFO] Completion returned and validated within 'PersuasivenessChoiceAgent'; MODEL = 'grok-3'; DIALOGUE TURN NUM = 10.
[2025-10-08 15:50:14,090] [INFO] Completion returned and validated within 'PersuasivenessChoiceAgent'; MODEL = 'grok-3'; DIALOGUE TURN NUM = 10.
[2025-10-08 15:50:21,689] [INFO] Completion returned and validated within 'PersuasivenessChoiceAgent'; MODEL = 'grok-3'; DIALOGUE TURN NUM = 10.
[2025-10-08 15:50:27,217] [INFO] Completion returned and validated within 'PersuasivenessChoiceAgent'; MODEL = 'grok-3'; DIALOGUE TURN NUM = 10.
[2025-10-08 15:50:27,217] [INFO] ENTER: 'DisambiguationAgent' calling '_grouping_similar_utterance_types'; CURRENT SPEAKER: grok-3_mas_rag, DIALOGUE TURN NUM = 10.
[2025-10-08 15:50:27,218] [INFO] EXIT: 'DisambiguationAgent' calling '_grouping_similar_utterance_types' (1.2874603271484375e-05 secs).
[2025-10-08 15:50:27,218] [INFO] ENTER: 'DisambiguationAgent' calling '_identifying_similar_sentences_and_choosing_one_to_return_to_user'; CURRENT SPEAKER: grok-3_mas_rag, DIALOGUE TURN NUM = 10.
[2025-10-08 15:50:44,667] [INFO] 'DisambiguationAgent' grouped similar sentences, completion returned and validated; MODEL = 'grok-3'.
[2025-10-08 15:50:45,844] [INFO] 'DisambiguationAgent' chose sentences to remove, completion returned and validated from MODEL = 'grok-3'.
[2025-10-08 15:50:47,402] [INFO] 'DisambiguationAgent' chose sentences to remove, completion returned and validated from MODEL = 'grok-3'.
[2025-10-08 15:50:49,730] [INFO] 'DisambiguationAgent' chose sentences to remove, completion returned and validated from MODEL = 'grok-3'.
[2025-10-08 15:50:50,924] [INFO] 'DisambiguationAgent' chose sentences to remove, completion returned and validated from MODEL = 'grok-3'.
[2025-10-08 15:50:52,076] [INFO] 'DisambiguationAgent' chose sentences to remove, completion returned and validated from MODEL = 'grok-3'.
[2025-10-08 15:50:54,339] [INFO] 'DisambiguationAgent' chose sentences to remove, completion returned and validated from MODEL = 'grok-3'.
[2025-10-08 15:50:54,339] [INFO] EXIT: 'DisambiguationAgent' calling '_identifying_similar_sentences_and_choosing_one_to_return_to_user' (27.12108850479126 secs).
[2025-10-08 15:50:54,339] [INFO] ENTER: 'DisambiguationAgent' calling '_removing_repetitive_sentences'; CURRENT SPEAKER: grok-3_mas_rag, DIALOGUE TURN NUM = 10.
[2025-10-08 15:50:54,339] [INFO] EXIT: 'DisambiguationAgent' calling '_removing_repetitive_sentences' (2.193450927734375e-05 secs).
[2025-10-08 15:50:54,339] [INFO] ENTER: 'DisambiguationAgent' calling '_choose_the_most_persuasive_sentences'; CURRENT SPEAKER: grok-3_mas_rag, DIALOGUE TURN NUM = 10.
[2025-10-08 15:50:57,955] [INFO] 'DisambiguationAgent': reached maximum allowed sentences, succussfully chose most persuasive sentences, completion returned and validated from MODEL = 'grok-3'.
[2025-10-08 15:50:57,955] [INFO] EXIT: 'DisambiguationAgent' calling '_choose_the_most_persuasive_sentences' (3.616501569747925 secs).
[2025-10-08 15:50:57,955] [INFO] ENTER: 'DisambiguationAgent' calling 'return_disambiguated_sentences'; CURRENT SPEAKER: grok-3_mas_rag, DIALOGUE TURN NUM = 10.
[2025-10-08 15:50:57,955] [INFO] EXIT: 'DisambiguationAgent' calling 'return_disambiguated_sentences' (2.86102294921875e-06 secs).
[2025-10-08 15:50:57,956] [ERROR] Wrong state used; State of type HumanState; error message: dict has unexpected extra key(s): "graph_rag_examples", "intermediate_generations", "knowledge_base_ensemble_or_model_name", "model_seed", "model_temp", "model_top_p", "number_of_graph_rag_examples", "number_of_vector_based_rag_examples", "political_position_prob_of_na", "political_position_range", "political_position_std", "speaker_model_name", "speaker_type", "vector_based_persona_string", "vector_based_persona_sys_prompt"
[2025-10-08 15:50:57,956] [INFO] Correct state used; State of type GenerationAgentsState; 'IGNORE THE ABOVE ERRORS'.
[2025-10-08 15:50:58,671] [INFO] 'commitment_update' completed '___Since___' update; MODEL = 'grok-3'.
[2025-10-08 15:50:59,333] [INFO] 'commitment_update' completed '___Claim___' update for current speaker's commitments; MODEL = 'grok-3'.
[2025-10-08 15:51:00,080] [INFO] 'commitment_update' completed '___Claim___' update for current speaker's commitments; MODEL = 'grok-3'.
[2025-10-08 15:51:00,757] [INFO] 'commitment_update' completed '___Since___' update; MODEL = 'grok-3'.
[2025-10-08 15:51:01,474] [INFO] 'commitment_update' completed '___Claim___' update for current speaker's commitments; MODEL = 'grok-3'.
[2025-10-08 15:51:01,544] [ERROR] Wrong state used; State of type HumanState; error message: dict has unexpected extra key(s): "graph_rag_examples", "intermediate_generations", "knowledge_base_ensemble_or_model_name", "model_seed", "model_temp", "model_top_p", "number_of_graph_rag_examples", "number_of_vector_based_rag_examples", "political_position_prob_of_na", "political_position_range", "political_position_std", "speaker_model_name", "speaker_type", "vector_based_persona_string", "vector_based_persona_sys_prompt"
[2025-10-08 15:51:01,545] [INFO] Correct state used; State of type GenerationAgentsState; 'IGNORE THE ABOVE ERRORS'.
[2025-10-08 15:51:01,545] [INFO] ENTER: 'UtteranceClassificationAgent' calling '_classify_sentence_utterance_types'; CURRENT SPEAKER: mistral-medium_mas, DIALOGUE TURN NUM = 11.
[2025-10-08 15:51:02,016] [INFO] 'UtteranceClassificationAgent' completion returned and validated from MODEL = 'ModelName.MISTRAL_MEDIUM'.
[2025-10-08 15:51:02,509] [INFO] 'UtteranceClassificationAgent' completion returned and validated from MODEL = 'ModelName.MISTRAL_MEDIUM'.
[2025-10-08 15:51:03,088] [INFO] 'UtteranceClassificationAgent' completion returned and validated from MODEL = 'ModelName.MISTRAL_MEDIUM'.
[2025-10-08 15:51:03,632] [INFO] 'UtteranceClassificationAgent' completion returned and validated from MODEL = 'ModelName.MISTRAL_MEDIUM'.
[2025-10-08 15:51:04,025] [INFO] 'UtteranceClassificationAgent' completion returned and validated from MODEL = 'ModelName.MISTRAL_MEDIUM'.
[2025-10-08 15:51:04,025] [INFO] EXIT: 'UtteranceClassificationAgent' calling '_classify_sentence_utterance_types' (2.480761766433716 secs).
[2025-10-08 15:51:04,025] [INFO] ENTER: 'UtteranceClassificationAgent' calling 'return_classified_sentences'; CURRENT SPEAKER: mistral-medium_mas, DIALOGUE TURN NUM = 11.
[2025-10-08 15:51:04,025] [INFO] EXIT: 'UtteranceClassificationAgent' calling 'return_classified_sentences' (2.1457672119140625e-06 secs).
[2025-10-08 15:51:04,027] [INFO] ENTER: 'DialogueMoveGenerator' calling 'generate'; CURRENT SPEAKER: mistral-medium_mas, DIALOGUE TURN NUM = 11.
[2025-10-08 15:51:04,029] [INFO] ENTER: 'MASPromptGenerator' calling 'concede_claim'; CURRENT SPEAKER: mistral-medium_mas, DIALOGUE TURN NUM = 11.
[2025-10-08 15:51:04,029] [INFO] EXIT: 'MASPromptGenerator' calling 'concede_claim' (3.910064697265625e-05 secs).
[2025-10-08 15:51:04,030] [INFO] ENTER: 'DialogueMoveGenerator' calling 'generate'; CURRENT SPEAKER: mistral-medium_mas, DIALOGUE TURN NUM = 11.
[2025-10-08 15:51:04,032] [INFO] ENTER: 'MASPromptGenerator' calling 'question_claim'; CURRENT SPEAKER: mistral-medium_mas, DIALOGUE TURN NUM = 11.
[2025-10-08 15:51:04,032] [INFO] ENTER: 'DialogueMoveGenerator' calling 'generate'; CURRENT SPEAKER: mistral-medium_mas, DIALOGUE TURN NUM = 11.
[2025-10-08 15:51:04,032] [INFO] EXIT: 'MASPromptGenerator' calling 'question_claim' (3.790855407714844e-05 secs).
[2025-10-08 15:51:04,033] [INFO] ENTER: 'MASPromptGenerator' calling 'why_claim'; CURRENT SPEAKER: mistral-medium_mas, DIALOGUE TURN NUM = 11.
[2025-10-08 15:51:04,034] [INFO] EXIT: 'MASPromptGenerator' calling 'why_claim' (3.7670135498046875e-05 secs).
[2025-10-08 15:51:06,159] [INFO] Completion returned and validated from MODEL = 'mistral-medium'.
[2025-10-08 15:51:06,175] [INFO] Completion returned and validated from MODEL = 'mistral-medium'.
[2025-10-08 15:51:06,247] [INFO] Completion returned and validated from MODEL = 'mistral-medium'.
[2025-10-08 15:51:08,349] [INFO] Completion returned and validated from MODEL = 'mistral-medium'.
[2025-10-08 15:51:08,420] [INFO] Completion returned and validated from MODEL = 'mistral-medium'.
[2025-10-08 15:51:08,784] [INFO] Completion returned and validated from MODEL = 'mistral-medium'.
[2025-10-08 15:51:10,306] [INFO] Completion returned and validated from MODEL = 'mistral-medium'.
[2025-10-08 15:51:12,010] [INFO] Completion returned and validated from MODEL = 'mistral-medium'.
[2025-10-08 15:51:13,999] [INFO] Completion returned and validated from MODEL = 'mistral-medium'.
[2025-10-08 15:51:13,999] [INFO] EXIT: 'DialogueMoveGenerator' calling 'generate' (9.970098495483398 secs).
[2025-10-08 15:51:20,611] [INFO] Completion returned and validated from MODEL = 'mistral-medium'.
[2025-10-08 15:51:20,750] [INFO] Completion returned and validated from MODEL = 'mistral-medium'.
[2025-10-08 15:51:22,369] [INFO] Completion returned and validated from MODEL = 'mistral-medium'.
[2025-10-08 15:51:22,457] [INFO] Completion returned and validated from MODEL = 'mistral-medium'.
[2025-10-08 15:51:27,339] [INFO] Completion returned and validated from MODEL = 'mistral-medium'.
[2025-10-08 15:51:27,339] [INFO] EXIT: 'DialogueMoveGenerator' calling 'generate' (23.30580496788025 secs).
[2025-10-08 15:51:50,430] [INFO] Completion returned and validated from MODEL = 'mistral-medium'.
[2025-10-08 15:51:50,430] [INFO] EXIT: 'DialogueMoveGenerator' calling 'generate' (46.398247957229614 secs).
[2025-10-08 15:51:50,431] [INFO] ENTER: 'MASPromptGenerator' calling 'persuasiveness_choice'; CURRENT SPEAKER: mistral-medium_mas, DIALOGUE TURN NUM = 11.
[2025-10-08 15:51:50,431] [INFO] EXIT: 'MASPromptGenerator' calling 'persuasiveness_choice' (0.00015282630920410156 secs).
[2025-10-08 15:51:52,759] [INFO] Completion returned and validated within 'PersuasivenessChoiceAgent'; MODEL = 'mistral-medium'; DIALOGUE TURN NUM = 11.
[2025-10-08 15:51:54,305] [INFO] Completion returned and validated within 'PersuasivenessChoiceAgent'; MODEL = 'mistral-medium'; DIALOGUE TURN NUM = 11.
[2025-10-08 15:51:56,639] [INFO] Completion returned and validated within 'PersuasivenessChoiceAgent'; MODEL = 'mistral-medium'; DIALOGUE TURN NUM = 11.
[2025-10-08 15:51:58,660] [INFO] Completion returned and validated within 'PersuasivenessChoiceAgent'; MODEL = 'mistral-medium'; DIALOGUE TURN NUM = 11.
[2025-10-08 15:52:29,178] [INFO] Completion returned and validated within 'PersuasivenessChoiceAgent'; MODEL = 'mistral-medium'; DIALOGUE TURN NUM = 11.
[2025-10-08 15:52:29,179] [INFO] ENTER: 'DisambiguationAgent' calling '_grouping_similar_utterance_types'; CURRENT SPEAKER: mistral-medium_mas, DIALOGUE TURN NUM = 11.
[2025-10-08 15:52:29,179] [INFO] EXIT: 'DisambiguationAgent' calling '_grouping_similar_utterance_types' (9.5367431640625e-06 secs).
[2025-10-08 15:52:29,179] [INFO] ENTER: 'DisambiguationAgent' calling '_identifying_similar_sentences_and_choosing_one_to_return_to_user'; CURRENT SPEAKER: mistral-medium_mas, DIALOGUE TURN NUM = 11.
[2025-10-08 15:52:37,137] [INFO] 'DisambiguationAgent' grouped similar sentences, completion returned and validated; MODEL = 'mistral-medium'.
[2025-10-08 15:52:59,020] [INFO] 'DisambiguationAgent' chose sentences to remove, completion returned and validated from MODEL = 'mistral-medium'.
[2025-10-08 15:53:00,250] [INFO] 'DisambiguationAgent' chose sentences to remove, completion returned and validated from MODEL = 'mistral-medium'.
[2025-10-08 15:55:14,160] [INFO] 'DisambiguationAgent' chose sentences to remove, completion returned and validated from MODEL = 'mistral-medium'.
[2025-10-08 15:55:14,971] [INFO] 'DisambiguationAgent' chose sentences to remove, completion returned and validated from MODEL = 'mistral-medium'.
[2025-10-08 15:55:18,078] [INFO] 'DisambiguationAgent' chose sentences to remove, completion returned and validated from MODEL = 'mistral-medium'.
[2025-10-08 15:55:18,078] [INFO] EXIT: 'DisambiguationAgent' calling '_identifying_similar_sentences_and_choosing_one_to_return_to_user' (168.8989861011505 secs).
[2025-10-08 15:55:18,078] [INFO] ENTER: 'DisambiguationAgent' calling '_removing_repetitive_sentences'; CURRENT SPEAKER: mistral-medium_mas, DIALOGUE TURN NUM = 11.
[2025-10-08 15:55:18,078] [INFO] EXIT: 'DisambiguationAgent' calling '_removing_repetitive_sentences' (1.6689300537109375e-05 secs).
[2025-10-08 15:55:18,078] [INFO] ENTER: 'DisambiguationAgent' calling '_choose_the_most_persuasive_sentences'; CURRENT SPEAKER: mistral-medium_mas, DIALOGUE TURN NUM = 11.
[2025-10-08 15:55:30,728] [INFO] 'DisambiguationAgent': reached maximum allowed sentences, succussfully chose most persuasive sentences, completion returned and validated from MODEL = 'mistral-medium'.
[2025-10-08 15:55:30,728] [INFO] EXIT: 'DisambiguationAgent' calling '_choose_the_most_persuasive_sentences' (12.650513410568237 secs).
[2025-10-08 15:55:30,728] [INFO] ENTER: 'DisambiguationAgent' calling 'return_disambiguated_sentences'; CURRENT SPEAKER: mistral-medium_mas, DIALOGUE TURN NUM = 11.
[2025-10-08 15:55:30,729] [INFO] EXIT: 'DisambiguationAgent' calling 'return_disambiguated_sentences' (2.384185791015625e-06 secs).
[2025-10-08 15:55:30,729] [ERROR] Wrong state used; State of type HumanState; error message: dict has unexpected extra key(s): "graph_rag_examples", "intermediate_generations", "knowledge_base_ensemble_or_model_name", "model_seed", "model_temp", "model_top_p", "number_of_graph_rag_examples", "number_of_vector_based_rag_examples", "political_position_prob_of_na", "political_position_range", "political_position_std", "speaker_model_name", "speaker_type", "vector_based_persona_string", "vector_based_persona_sys_prompt"
[2025-10-08 15:55:30,729] [INFO] Correct state used; State of type GenerationAgentsState; 'IGNORE THE ABOVE ERRORS'.
[2025-10-08 15:55:30,812] [ERROR] Wrong state used; State of type HumanState; error message: dict has unexpected extra key(s): "graph_rag_examples", "intermediate_generations", "knowledge_base_ensemble_or_model_name", "model_seed", "model_temp", "model_top_p", "number_of_graph_rag_examples", "number_of_vector_based_rag_examples", "political_position_prob_of_na", "political_position_range", "political_position_std", "speaker_model_name", "speaker_type", "vector_based_persona_string", "vector_based_persona_sys_prompt"
[2025-10-08 15:55:30,812] [INFO] Correct state used; State of type GenerationAgentsState; 'IGNORE THE ABOVE ERRORS'.
[2025-10-08 15:55:30,812] [INFO] ENTER: 'UtteranceClassificationAgent' calling '_classify_sentence_utterance_types'; CURRENT SPEAKER: grok-3_mas_rag, DIALOGUE TURN NUM = 12.
[2025-10-08 15:55:31,663] [INFO] 'UtteranceClassificationAgent' completion returned and validated from MODEL = 'ModelName.GROK_3'.
[2025-10-08 15:55:32,327] [INFO] 'UtteranceClassificationAgent' completion returned and validated from MODEL = 'ModelName.GROK_3'.
[2025-10-08 15:55:33,011] [INFO] 'UtteranceClassificationAgent' completion returned and validated from MODEL = 'ModelName.GROK_3'.
[2025-10-08 15:55:33,698] [INFO] 'UtteranceClassificationAgent' completion returned and validated from MODEL = 'ModelName.GROK_3'.
[2025-10-08 15:55:34,424] [INFO] 'UtteranceClassificationAgent' completion returned and validated from MODEL = 'ModelName.GROK_3'.
[2025-10-08 15:55:34,424] [INFO] EXIT: 'UtteranceClassificationAgent' calling '_classify_sentence_utterance_types' (3.6122493743896484 secs).
[2025-10-08 15:55:34,425] [INFO] ENTER: 'UtteranceClassificationAgent' calling 'return_classified_sentences'; CURRENT SPEAKER: grok-3_mas_rag, DIALOGUE TURN NUM = 12.
[2025-10-08 15:55:34,425] [INFO] EXIT: 'UtteranceClassificationAgent' calling 'return_classified_sentences' (2.384185791015625e-06 secs).
[2025-10-08 15:55:34,443] [INFO] ENTER: 'GraphRAG' calling 'since'; CURRENT SPEAKER: grok-3_mas_rag, DIALOGUE TURN NUM = 12.
[2025-10-08 15:55:34,444] [INFO] ENTER: 'GraphRAG' calling 'query_graph'; CURRENT SPEAKER: grok-3_mas_rag, DIALOGUE TURN NUM = 12.
[2025-10-08 15:55:34,464] [INFO] EXIT: 'GraphRAG' calling 'query_graph' (0.019704580307006836 secs).
[2025-10-08 15:55:34,464] [INFO] EXIT: 'GraphRAG' calling 'since' (0.020056962966918945 secs).
[2025-10-08 15:55:34,464] [INFO] ENTER: 'GraphRAG' calling 'claim'; CURRENT SPEAKER: grok-3_mas_rag, DIALOGUE TURN NUM = 12.
[2025-10-08 15:55:34,464] [INFO] ENTER: 'GraphRAG' calling 'query_graph'; CURRENT SPEAKER: grok-3_mas_rag, DIALOGUE TURN NUM = 12.
[2025-10-08 15:55:34,479] [INFO] EXIT: 'GraphRAG' calling 'query_graph' (0.014671802520751953 secs).
[2025-10-08 15:55:34,479] [INFO] EXIT: 'GraphRAG' calling 'claim' (0.015011787414550781 secs).
[2025-10-08 15:55:34,492] [INFO] ENTER: 'GraphRAG' calling 'since'; CURRENT SPEAKER: grok-3_mas_rag, DIALOGUE TURN NUM = 12.
[2025-10-08 15:55:34,493] [INFO] ENTER: 'GraphRAG' calling 'query_graph'; CURRENT SPEAKER: grok-3_mas_rag, DIALOGUE TURN NUM = 12.
[2025-10-08 15:55:34,512] [INFO] EXIT: 'GraphRAG' calling 'query_graph' (0.019062519073486328 secs).
[2025-10-08 15:55:34,512] [INFO] EXIT: 'GraphRAG' calling 'since' (0.019431114196777344 secs).
[2025-10-08 15:55:34,512] [INFO] ENTER: 'GraphRAG' calling 'claim'; CURRENT SPEAKER: grok-3_mas_rag, DIALOGUE TURN NUM = 12.
[2025-10-08 15:55:34,512] [INFO] ENTER: 'GraphRAG' calling 'query_graph'; CURRENT SPEAKER: grok-3_mas_rag, DIALOGUE TURN NUM = 12.
[2025-10-08 15:55:34,527] [INFO] EXIT: 'GraphRAG' calling 'query_graph' (0.015137195587158203 secs).
[2025-10-08 15:55:34,527] [INFO] EXIT: 'GraphRAG' calling 'claim' (0.015525341033935547 secs).
[2025-10-08 15:55:34,542] [INFO] ENTER: 'GraphRAG' calling 'since'; CURRENT SPEAKER: grok-3_mas_rag, DIALOGUE TURN NUM = 12.
[2025-10-08 15:55:34,542] [INFO] ENTER: 'GraphRAG' calling 'query_graph'; CURRENT SPEAKER: grok-3_mas_rag, DIALOGUE TURN NUM = 12.
[2025-10-08 15:55:34,562] [INFO] EXIT: 'GraphRAG' calling 'query_graph' (0.019136905670166016 secs).
[2025-10-08 15:55:34,562] [INFO] EXIT: 'GraphRAG' calling 'since' (0.019463062286376953 secs).
[2025-10-08 15:55:34,562] [INFO] ENTER: 'GraphRAG' calling 'claim'; CURRENT SPEAKER: grok-3_mas_rag, DIALOGUE TURN NUM = 12.
[2025-10-08 15:55:34,562] [INFO] ENTER: 'GraphRAG' calling 'query_graph'; CURRENT SPEAKER: grok-3_mas_rag, DIALOGUE TURN NUM = 12.
[2025-10-08 15:55:34,577] [INFO] EXIT: 'GraphRAG' calling 'query_graph' (0.014871597290039062 secs).
[2025-10-08 15:55:34,577] [INFO] EXIT: 'GraphRAG' calling 'claim' (0.015202999114990234 secs).
[2025-10-08 15:55:34,590] [INFO] ENTER: 'GraphRAG' calling 'since'; CURRENT SPEAKER: grok-3_mas_rag, DIALOGUE TURN NUM = 12.
[2025-10-08 15:55:34,591] [INFO] ENTER: 'GraphRAG' calling 'query_graph'; CURRENT SPEAKER: grok-3_mas_rag, DIALOGUE TURN NUM = 12.
[2025-10-08 15:55:34,611] [INFO] EXIT: 'GraphRAG' calling 'query_graph' (0.020686864852905273 secs).
[2025-10-08 15:55:34,611] [INFO] EXIT: 'GraphRAG' calling 'since' (0.021029233932495117 secs).
[2025-10-08 15:55:34,612] [INFO] ENTER: 'GraphRAG' calling 'claim'; CURRENT SPEAKER: grok-3_mas_rag, DIALOGUE TURN NUM = 12.
[2025-10-08 15:55:34,612] [INFO] ENTER: 'GraphRAG' calling 'query_graph'; CURRENT SPEAKER: grok-3_mas_rag, DIALOGUE TURN NUM = 12.
[2025-10-08 15:55:34,627] [INFO] EXIT: 'GraphRAG' calling 'query_graph' (0.014786720275878906 secs).
[2025-10-08 15:55:34,627] [INFO] EXIT: 'GraphRAG' calling 'claim' (0.015193462371826172 secs).
[2025-10-08 15:55:34,640] [INFO] ENTER: 'GraphRAG' calling 'since'; CURRENT SPEAKER: grok-3_mas_rag, DIALOGUE TURN NUM = 12.
[2025-10-08 15:55:34,641] [INFO] ENTER: 'GraphRAG' calling 'query_graph'; CURRENT SPEAKER: grok-3_mas_rag, DIALOGUE TURN NUM = 12.
[2025-10-08 15:55:34,660] [INFO] EXIT: 'GraphRAG' calling 'query_graph' (0.019516706466674805 secs).
[2025-10-08 15:55:34,660] [INFO] EXIT: 'GraphRAG' calling 'since' (0.019887208938598633 secs).
[2025-10-08 15:55:34,661] [INFO] ENTER: 'GraphRAG' calling 'claim'; CURRENT SPEAKER: grok-3_mas_rag, DIALOGUE TURN NUM = 12.
[2025-10-08 15:55:34,661] [INFO] ENTER: 'GraphRAG' calling 'query_graph'; CURRENT SPEAKER: grok-3_mas_rag, DIALOGUE TURN NUM = 12.
[2025-10-08 15:55:34,676] [INFO] EXIT: 'GraphRAG' calling 'query_graph' (0.014815568923950195 secs).
[2025-10-08 15:55:34,676] [INFO] EXIT: 'GraphRAG' calling 'claim' (0.01520681381225586 secs).
[2025-10-08 15:55:34,676] [INFO] ENTER: 'GraphRAG' calling 'return_rag_examples'; CURRENT SPEAKER: grok-3_mas_rag, DIALOGUE TURN NUM = 12.
[2025-10-08 15:55:34,676] [INFO] EXIT: 'GraphRAG' calling 'return_rag_examples' (2.384185791015625e-06 secs).
[2025-10-08 15:55:34,678] [INFO] ENTER: 'DialogueMoveGenerator' calling 'generate'; CURRENT SPEAKER: grok-3_mas_rag, DIALOGUE TURN NUM = 12.
[2025-10-08 15:55:34,678] [INFO] ENTER: 'MASPromptGenerator' calling 'claim'; CURRENT SPEAKER: grok-3_mas_rag, DIALOGUE TURN NUM = 12.
[2025-10-08 15:55:34,678] [INFO] EXIT: 'MASPromptGenerator' calling 'claim' (6.532669067382812e-05 secs).
[2025-10-08 15:55:34,679] [INFO] ENTER: 'DialogueMoveGenerator' calling 'generate'; CURRENT SPEAKER: grok-3_mas_rag, DIALOGUE TURN NUM = 12.
[2025-10-08 15:55:34,679] [INFO] ENTER: 'MASPromptGenerator' calling 'retract_claim'; CURRENT SPEAKER: grok-3_mas_rag, DIALOGUE TURN NUM = 12.
[2025-10-08 15:55:34,679] [INFO] EXIT: 'MASPromptGenerator' calling 'retract_claim' (3.9577484130859375e-05 secs).
[2025-10-08 15:55:34,680] [INFO] ENTER: 'DialogueMoveGenerator' calling 'generate'; CURRENT SPEAKER: grok-3_mas_rag, DIALOGUE TURN NUM = 12.
[2025-10-08 15:55:34,680] [INFO] ENTER: 'MASPromptGenerator' calling 'since_claim'; CURRENT SPEAKER: grok-3_mas_rag, DIALOGUE TURN NUM = 12.
[2025-10-08 15:55:34,680] [INFO] EXIT: 'MASPromptGenerator' calling 'since_claim' (6.818771362304688e-05 secs).
[2025-10-08 15:55:38,374] [INFO] Completion returned and validated from MODEL = 'grok-3'.
[2025-10-08 15:55:40,050] [INFO] Completion returned and validated from MODEL = 'grok-3'.
[2025-10-08 15:55:40,072] [INFO] Completion returned and validated from MODEL = 'grok-3'.
[2025-10-08 15:55:44,917] [INFO] Completion returned and validated from MODEL = 'grok-3'.
[2025-10-08 15:55:47,179] [INFO] Completion returned and validated from MODEL = 'grok-3'.
[2025-10-08 15:55:47,293] [INFO] Completion returned and validated from MODEL = 'grok-3'.
[2025-10-08 15:55:49,352] [INFO] Completion returned and validated from MODEL = 'grok-3'.
[2025-10-08 15:55:51,995] [INFO] Completion returned and validated from MODEL = 'grok-3'.
[2025-10-08 15:55:56,017] [INFO] Completion returned and validated from MODEL = 'grok-3'.
[2025-10-08 15:55:56,344] [INFO] Completion returned and validated from MODEL = 'grok-3'.
[2025-10-08 15:56:00,894] [INFO] Completion returned and validated from MODEL = 'grok-3'.
[2025-10-08 15:56:00,894] [INFO] EXIT: 'DialogueMoveGenerator' calling 'generate' (26.215290069580078 secs).
[2025-10-08 15:56:01,793] [INFO] Completion returned and validated from MODEL = 'grok-3'.
[2025-10-08 15:56:02,528] [INFO] Completion returned and validated from MODEL = 'grok-3'.
[2025-10-08 15:56:06,672] [INFO] Completion returned and validated from MODEL = 'grok-3'.
[2025-10-08 15:56:06,673] [INFO] EXIT: 'DialogueMoveGenerator' calling 'generate' (31.994649648666382 secs).
[2025-10-08 15:56:08,320] [INFO] Completion returned and validated from MODEL = 'grok-3'.
[2025-10-08 15:56:08,320] [INFO] EXIT: 'DialogueMoveGenerator' calling 'generate' (33.639875173568726 secs).
[2025-10-08 15:56:08,320] [INFO] ENTER: 'MASPromptGenerator' calling 'persuasiveness_choice'; CURRENT SPEAKER: grok-3_mas_rag, DIALOGUE TURN NUM = 12.
[2025-10-08 15:56:08,321] [INFO] EXIT: 'MASPromptGenerator' calling 'persuasiveness_choice' (0.00016927719116210938 secs).
[2025-10-08 15:56:11,043] [INFO] Completion returned and validated within 'PersuasivenessChoiceAgent'; MODEL = 'grok-3'; DIALOGUE TURN NUM = 12.
[2025-10-08 15:56:13,764] [INFO] Completion returned and validated within 'PersuasivenessChoiceAgent'; MODEL = 'grok-3'; DIALOGUE TURN NUM = 12.
[2025-10-08 15:56:16,871] [INFO] Completion returned and validated within 'PersuasivenessChoiceAgent'; MODEL = 'grok-3'; DIALOGUE TURN NUM = 12.
[2025-10-08 15:56:20,449] [INFO] Completion returned and validated within 'PersuasivenessChoiceAgent'; MODEL = 'grok-3'; DIALOGUE TURN NUM = 12.
[2025-10-08 15:56:24,385] [INFO] Completion returned and validated within 'PersuasivenessChoiceAgent'; MODEL = 'grok-3'; DIALOGUE TURN NUM = 12.
[2025-10-08 15:56:24,386] [INFO] ENTER: 'DisambiguationAgent' calling '_grouping_similar_utterance_types'; CURRENT SPEAKER: grok-3_mas_rag, DIALOGUE TURN NUM = 12.
[2025-10-08 15:56:24,386] [INFO] EXIT: 'DisambiguationAgent' calling '_grouping_similar_utterance_types' (1.3589859008789062e-05 secs).
[2025-10-08 15:56:24,386] [INFO] ENTER: 'DisambiguationAgent' calling '_identifying_similar_sentences_and_choosing_one_to_return_to_user'; CURRENT SPEAKER: grok-3_mas_rag, DIALOGUE TURN NUM = 12.
[2025-10-08 15:57:49,661] [INFO] 'DisambiguationAgent' grouped similar sentences, completion returned and validated; MODEL = 'grok-3'.
[2025-10-08 15:57:51,261] [INFO] 'DisambiguationAgent' chose sentences to remove, completion returned and validated from MODEL = 'grok-3'.
[2025-10-08 15:57:53,308] [INFO] 'DisambiguationAgent' chose sentences to remove, completion returned and validated from MODEL = 'grok-3'.
[2025-10-08 15:57:54,993] [INFO] 'DisambiguationAgent' chose sentences to remove, completion returned and validated from MODEL = 'grok-3'.
[2025-10-08 15:57:56,386] [INFO] 'DisambiguationAgent' chose sentences to remove, completion returned and validated from MODEL = 'grok-3'.
[2025-10-08 15:57:57,498] [INFO] 'DisambiguationAgent' chose sentences to remove, completion returned and validated from MODEL = 'grok-3'.
[2025-10-08 15:57:58,620] [INFO] 'DisambiguationAgent' chose sentences to remove, completion returned and validated from MODEL = 'grok-3'.
[2025-10-08 15:57:58,620] [INFO] EXIT: 'DisambiguationAgent' calling '_identifying_similar_sentences_and_choosing_one_to_return_to_user' (94.23405122756958 secs).
[2025-10-08 15:57:58,620] [INFO] ENTER: 'DisambiguationAgent' calling '_removing_repetitive_sentences'; CURRENT SPEAKER: grok-3_mas_rag, DIALOGUE TURN NUM = 12.
[2025-10-08 15:57:58,620] [INFO] EXIT: 'DisambiguationAgent' calling '_removing_repetitive_sentences' (3.838539123535156e-05 secs).
[2025-10-08 15:57:58,620] [INFO] ENTER: 'DisambiguationAgent' calling '_choose_the_most_persuasive_sentences'; CURRENT SPEAKER: grok-3_mas_rag, DIALOGUE TURN NUM = 12.
[2025-10-08 15:58:05,048] [INFO] 'DisambiguationAgent': reached maximum allowed sentences, succussfully chose most persuasive sentences, completion returned and validated from MODEL = 'grok-3'.
[2025-10-08 15:58:05,048] [INFO] EXIT: 'DisambiguationAgent' calling '_choose_the_most_persuasive_sentences' (6.427748203277588 secs).
[2025-10-08 15:58:05,048] [INFO] ENTER: 'DisambiguationAgent' calling 'return_disambiguated_sentences'; CURRENT SPEAKER: grok-3_mas_rag, DIALOGUE TURN NUM = 12.
[2025-10-08 15:58:05,048] [INFO] EXIT: 'DisambiguationAgent' calling 'return_disambiguated_sentences' (3.337860107421875e-06 secs).
[2025-10-08 15:58:05,048] [ERROR] Wrong state used; State of type HumanState; error message: dict has unexpected extra key(s): "graph_rag_examples", "intermediate_generations", "knowledge_base_ensemble_or_model_name", "model_seed", "model_temp", "model_top_p", "number_of_graph_rag_examples", "number_of_vector_based_rag_examples", "political_position_prob_of_na", "political_position_range", "political_position_std", "speaker_model_name", "speaker_type", "vector_based_persona_string", "vector_based_persona_sys_prompt"
[2025-10-08 15:58:05,049] [INFO] Correct state used; State of type GenerationAgentsState; 'IGNORE THE ABOVE ERRORS'.
[2025-10-08 15:58:06,654] [INFO] 'commitment_update' completed '___Since___' update; MODEL = 'grok-3'.
[2025-10-08 15:58:07,412] [INFO] 'commitment_update' completed '___Claim___' update for current speaker's commitments; MODEL = 'grok-3'.
[2025-10-08 15:58:08,141] [INFO] 'commitment_update' completed '___Since___' update; MODEL = 'grok-3'.
[2025-10-08 15:58:09,530] [INFO] 'commitment_update' completed '___Claim___' update for current speaker's commitments; MODEL = 'grok-3'.
[2025-10-08 15:58:10,180] [INFO] 'commitment_update' completed '___Claim___' update for current speaker's commitments; MODEL = 'grok-3'.
[2025-10-08 15:58:10,862] [INFO] 'commitment_update' completed '___Claim___' update for current speaker's commitments; MODEL = 'grok-3'.
[2025-10-08 15:58:10,942] [ERROR] Wrong state used; State of type HumanState; error message: dict has unexpected extra key(s): "graph_rag_examples", "intermediate_generations", "knowledge_base_ensemble_or_model_name", "model_seed", "model_temp", "model_top_p", "number_of_graph_rag_examples", "number_of_vector_based_rag_examples", "political_position_prob_of_na", "political_position_range", "political_position_std", "speaker_model_name", "speaker_type", "vector_based_persona_string", "vector_based_persona_sys_prompt"
[2025-10-08 15:58:10,942] [INFO] Correct state used; State of type GenerationAgentsState; 'IGNORE THE ABOVE ERRORS'.
[2025-10-08 15:58:10,942] [INFO] ENTER: 'UtteranceClassificationAgent' calling '_classify_sentence_utterance_types'; CURRENT SPEAKER: mistral-medium_mas, DIALOGUE TURN NUM = 13.
[2025-10-08 15:58:11,771] [INFO] 'UtteranceClassificationAgent' completion returned and validated from MODEL = 'ModelName.MISTRAL_MEDIUM'.
[2025-10-08 15:58:47,612] [INFO] 'UtteranceClassificationAgent' completion returned and validated from MODEL = 'ModelName.MISTRAL_MEDIUM'.
[2025-10-08 15:58:48,471] [INFO] 'UtteranceClassificationAgent' completion returned and validated from MODEL = 'ModelName.MISTRAL_MEDIUM'.
[2025-10-08 15:58:48,892] [INFO] 'UtteranceClassificationAgent' completion returned and validated from MODEL = 'ModelName.MISTRAL_MEDIUM'.
[2025-10-08 15:58:50,007] [INFO] 'UtteranceClassificationAgent' completion returned and validated from MODEL = 'ModelName.MISTRAL_MEDIUM'.
[2025-10-08 15:59:07,768] [INFO] 'UtteranceClassificationAgent' completion returned and validated from MODEL = 'ModelName.MISTRAL_MEDIUM'.
[2025-10-08 15:59:07,768] [INFO] EXIT: 'UtteranceClassificationAgent' calling '_classify_sentence_utterance_types' (56.82609939575195 secs).
[2025-10-08 15:59:07,768] [INFO] ENTER: 'UtteranceClassificationAgent' calling 'return_classified_sentences'; CURRENT SPEAKER: mistral-medium_mas, DIALOGUE TURN NUM = 13.
[2025-10-08 15:59:07,768] [INFO] EXIT: 'UtteranceClassificationAgent' calling 'return_classified_sentences' (2.1457672119140625e-06 secs).
[2025-10-08 15:59:07,770] [INFO] ENTER: 'DialogueMoveGenerator' calling 'generate'; CURRENT SPEAKER: mistral-medium_mas, DIALOGUE TURN NUM = 13.
[2025-10-08 15:59:07,770] [INFO] ENTER: 'DialogueMoveGenerator' calling 'generate'; CURRENT SPEAKER: mistral-medium_mas, DIALOGUE TURN NUM = 13.
[2025-10-08 15:59:07,771] [INFO] ENTER: 'MASPromptGenerator' calling 'concede_claim'; CURRENT SPEAKER: mistral-medium_mas, DIALOGUE TURN NUM = 13.
[2025-10-08 15:59:07,771] [INFO] ENTER: 'MASPromptGenerator' calling 'question_claim'; CURRENT SPEAKER: mistral-medium_mas, DIALOGUE TURN NUM = 13.
[2025-10-08 15:59:07,771] [INFO] EXIT: 'MASPromptGenerator' calling 'concede_claim' (4.6253204345703125e-05 secs).
[2025-10-08 15:59:07,771] [INFO] ENTER: 'DialogueMoveGenerator' calling 'generate'; CURRENT SPEAKER: mistral-medium_mas, DIALOGUE TURN NUM = 13.
[2025-10-08 15:59:07,771] [INFO] EXIT: 'MASPromptGenerator' calling 'question_claim' (3.2901763916015625e-05 secs).
[2025-10-08 15:59:07,773] [INFO] ENTER: 'MASPromptGenerator' calling 'why_claim'; CURRENT SPEAKER: mistral-medium_mas, DIALOGUE TURN NUM = 13.
[2025-10-08 15:59:07,773] [INFO] EXIT: 'MASPromptGenerator' calling 'why_claim' (3.3855438232421875e-05 secs).
[2025-10-08 15:59:11,147] [INFO] Completion returned and validated from MODEL = 'mistral-medium'.
[2025-10-08 15:59:16,154] [INFO] Completion returned and validated from MODEL = 'mistral-medium'.
[2025-10-08 15:59:23,146] [INFO] Completion returned and validated from MODEL = 'mistral-medium'.
[2025-10-08 15:59:32,928] [INFO] Completion returned and validated from MODEL = 'mistral-medium'.
[2025-10-08 15:59:33,282] [INFO] Completion returned and validated from MODEL = 'mistral-medium'.
[2025-10-08 15:59:36,899] [INFO] Completion returned and validated from MODEL = 'mistral-medium'.
[2025-10-08 15:59:37,722] [INFO] Completion returned and validated from MODEL = 'mistral-medium'.
[2025-10-08 15:59:39,748] [INFO] Completion returned and validated from MODEL = 'mistral-medium'.
[2025-10-08 15:59:42,028] [INFO] Completion returned and validated from MODEL = 'mistral-medium'.
[2025-10-08 15:59:53,937] [INFO] Completion returned and validated from MODEL = 'mistral-medium'.
[2025-10-08 15:59:54,035] [INFO] Completion returned and validated from MODEL = 'mistral-medium'.
[2025-10-08 15:59:54,190] [INFO] Completion returned and validated from MODEL = 'mistral-medium'.
[2025-10-08 15:59:58,061] [INFO] Completion returned and validated from MODEL = 'mistral-medium'.
[2025-10-08 15:59:59,929] [INFO] Completion returned and validated from MODEL = 'mistral-medium'.
[2025-10-08 16:00:01,859] [INFO] Completion returned and validated from MODEL = 'mistral-medium'.
[2025-10-08 16:00:01,859] [INFO] EXIT: 'DialogueMoveGenerator' calling 'generate' (54.08838486671448 secs).
[2025-10-08 16:00:10,996] [INFO] Completion returned and validated from MODEL = 'mistral-medium'.
[2025-10-08 16:00:11,175] [INFO] Completion returned and validated from MODEL = 'mistral-medium'.
[2025-10-08 16:00:11,175] [INFO] EXIT: 'DialogueMoveGenerator' calling 'generate' (63.40460562705994 secs).
[2025-10-08 16:00:13,289] [INFO] Completion returned and validated from MODEL = 'mistral-medium'.
[2025-10-08 16:00:13,289] [INFO] EXIT: 'DialogueMoveGenerator' calling 'generate' (65.51618266105652 secs).
[2025-10-08 16:00:13,290] [INFO] ENTER: 'MASPromptGenerator' calling 'persuasiveness_choice'; CURRENT SPEAKER: mistral-medium_mas, DIALOGUE TURN NUM = 13.
[2025-10-08 16:00:13,290] [INFO] EXIT: 'MASPromptGenerator' calling 'persuasiveness_choice' (0.00018024444580078125 secs).
[2025-10-08 16:00:16,118] [INFO] Completion returned and validated within 'PersuasivenessChoiceAgent'; MODEL = 'mistral-medium'; DIALOGUE TURN NUM = 13.
[2025-10-08 16:00:17,973] [INFO] Completion returned and validated within 'PersuasivenessChoiceAgent'; MODEL = 'mistral-medium'; DIALOGUE TURN NUM = 13.
[2025-10-08 16:00:20,445] [INFO] Completion returned and validated within 'PersuasivenessChoiceAgent'; MODEL = 'mistral-medium'; DIALOGUE TURN NUM = 13.
[2025-10-08 16:00:25,196] [INFO] Completion returned and validated within 'PersuasivenessChoiceAgent'; MODEL = 'mistral-medium'; DIALOGUE TURN NUM = 13.
[2025-10-08 16:00:27,775] [INFO] Completion returned and validated within 'PersuasivenessChoiceAgent'; MODEL = 'mistral-medium'; DIALOGUE TURN NUM = 13.
[2025-10-08 16:00:30,644] [INFO] Completion returned and validated within 'PersuasivenessChoiceAgent'; MODEL = 'mistral-medium'; DIALOGUE TURN NUM = 13.
[2025-10-08 16:00:30,645] [INFO] ENTER: 'DisambiguationAgent' calling '_grouping_similar_utterance_types'; CURRENT SPEAKER: mistral-medium_mas, DIALOGUE TURN NUM = 13.
[2025-10-08 16:00:30,645] [INFO] EXIT: 'DisambiguationAgent' calling '_grouping_similar_utterance_types' (1.430511474609375e-05 secs).
[2025-10-08 16:00:30,645] [INFO] ENTER: 'DisambiguationAgent' calling '_identifying_similar_sentences_and_choosing_one_to_return_to_user'; CURRENT SPEAKER: mistral-medium_mas, DIALOGUE TURN NUM = 13.
[2025-10-08 16:00:42,223] [INFO] 'DisambiguationAgent' grouped similar sentences, completion returned and validated; MODEL = 'mistral-medium'.
[2025-10-08 16:00:43,272] [INFO] 'DisambiguationAgent' chose sentences to remove, completion returned and validated from MODEL = 'mistral-medium'.
[2025-10-08 16:00:44,350] [INFO] 'DisambiguationAgent' chose sentences to remove, completion returned and validated from MODEL = 'mistral-medium'.
[2025-10-08 16:00:45,200] [INFO] 'DisambiguationAgent' chose sentences to remove, completion returned and validated from MODEL = 'mistral-medium'.
[2025-10-08 16:00:46,050] [INFO] 'DisambiguationAgent' chose sentences to remove, completion returned and validated from MODEL = 'mistral-medium'.
[2025-10-08 16:00:46,924] [INFO] 'DisambiguationAgent' chose sentences to remove, completion returned and validated from MODEL = 'mistral-medium'.
[2025-10-08 16:00:48,704] [INFO] 'DisambiguationAgent' chose sentences to remove, completion returned and validated from MODEL = 'mistral-medium'.
[2025-10-08 16:00:49,487] [INFO] 'DisambiguationAgent' chose sentences to remove, completion returned and validated from MODEL = 'mistral-medium'.
[2025-10-08 16:00:49,487] [INFO] EXIT: 'DisambiguationAgent' calling '_identifying_similar_sentences_and_choosing_one_to_return_to_user' (18.842175722122192 secs).
[2025-10-08 16:00:49,487] [INFO] ENTER: 'DisambiguationAgent' calling '_removing_repetitive_sentences'; CURRENT SPEAKER: mistral-medium_mas, DIALOGUE TURN NUM = 13.
[2025-10-08 16:00:49,487] [INFO] EXIT: 'DisambiguationAgent' calling '_removing_repetitive_sentences' (2.0265579223632812e-05 secs).
[2025-10-08 16:00:49,487] [INFO] ENTER: 'DisambiguationAgent' calling '_choose_the_most_persuasive_sentences'; CURRENT SPEAKER: mistral-medium_mas, DIALOGUE TURN NUM = 13.
[2025-10-08 16:01:29,967] [INFO] 'DisambiguationAgent': reached maximum allowed sentences, succussfully chose most persuasive sentences, completion returned and validated from MODEL = 'mistral-medium'.
[2025-10-08 16:01:29,967] [INFO] EXIT: 'DisambiguationAgent' calling '_choose_the_most_persuasive_sentences' (40.479923725128174 secs).
[2025-10-08 16:01:29,967] [INFO] ENTER: 'DisambiguationAgent' calling 'return_disambiguated_sentences'; CURRENT SPEAKER: mistral-medium_mas, DIALOGUE TURN NUM = 13.
[2025-10-08 16:01:29,967] [INFO] EXIT: 'DisambiguationAgent' calling 'return_disambiguated_sentences' (2.86102294921875e-06 secs).
[2025-10-08 16:01:29,968] [ERROR] Wrong state used; State of type HumanState; error message: dict has unexpected extra key(s): "graph_rag_examples", "intermediate_generations", "knowledge_base_ensemble_or_model_name", "model_seed", "model_temp", "model_top_p", "number_of_graph_rag_examples", "number_of_vector_based_rag_examples", "political_position_prob_of_na", "political_position_range", "political_position_std", "speaker_model_name", "speaker_type", "vector_based_persona_string", "vector_based_persona_sys_prompt"
[2025-10-08 16:01:29,968] [INFO] Correct state used; State of type GenerationAgentsState; 'IGNORE THE ABOVE ERRORS'.
[2025-10-08 16:01:30,046] [ERROR] Wrong state used; State of type HumanState; error message: dict has unexpected extra key(s): "graph_rag_examples", "intermediate_generations", "knowledge_base_ensemble_or_model_name", "model_seed", "model_temp", "model_top_p", "number_of_graph_rag_examples", "number_of_vector_based_rag_examples", "political_position_prob_of_na", "political_position_range", "political_position_std", "speaker_model_name", "speaker_type", "vector_based_persona_string", "vector_based_persona_sys_prompt"
[2025-10-08 16:01:30,046] [INFO] Correct state used; State of type GenerationAgentsState; 'IGNORE THE ABOVE ERRORS'.
[2025-10-08 16:01:30,046] [INFO] ENTER: 'UtteranceClassificationAgent' calling '_classify_sentence_utterance_types'; CURRENT SPEAKER: grok-3_mas_rag, DIALOGUE TURN NUM = 14.
[2025-10-08 16:01:30,698] [INFO] 'UtteranceClassificationAgent' completion returned and validated from MODEL = 'ModelName.GROK_3'.
[2025-10-08 16:01:31,686] [INFO] 'UtteranceClassificationAgent' completion returned and validated from MODEL = 'ModelName.GROK_3'.
[2025-10-08 16:01:32,344] [INFO] 'UtteranceClassificationAgent' completion returned and validated from MODEL = 'ModelName.GROK_3'.
[2025-10-08 16:01:33,000] [INFO] 'UtteranceClassificationAgent' completion returned and validated from MODEL = 'ModelName.GROK_3'.
[2025-10-08 16:01:33,614] [INFO] 'UtteranceClassificationAgent' completion returned and validated from MODEL = 'ModelName.GROK_3'.
[2025-10-08 16:01:33,615] [INFO] EXIT: 'UtteranceClassificationAgent' calling '_classify_sentence_utterance_types' (3.5685696601867676 secs).
[2025-10-08 16:01:33,615] [INFO] ENTER: 'UtteranceClassificationAgent' calling 'return_classified_sentences'; CURRENT SPEAKER: grok-3_mas_rag, DIALOGUE TURN NUM = 14.
[2025-10-08 16:01:33,615] [INFO] EXIT: 'UtteranceClassificationAgent' calling 'return_classified_sentences' (2.384185791015625e-06 secs).
[2025-10-08 16:01:33,633] [INFO] ENTER: 'GraphRAG' calling 'since'; CURRENT SPEAKER: grok-3_mas_rag, DIALOGUE TURN NUM = 14.
[2025-10-08 16:01:33,633] [INFO] ENTER: 'GraphRAG' calling 'query_graph'; CURRENT SPEAKER: grok-3_mas_rag, DIALOGUE TURN NUM = 14.
[2025-10-08 16:01:33,653] [INFO] EXIT: 'GraphRAG' calling 'query_graph' (0.019484758377075195 secs).
[2025-10-08 16:01:33,653] [INFO] EXIT: 'GraphRAG' calling 'since' (0.019855976104736328 secs).
[2025-10-08 16:01:33,653] [INFO] ENTER: 'GraphRAG' calling 'claim'; CURRENT SPEAKER: grok-3_mas_rag, DIALOGUE TURN NUM = 14.
[2025-10-08 16:01:33,653] [INFO] ENTER: 'GraphRAG' calling 'query_graph'; CURRENT SPEAKER: grok-3_mas_rag, DIALOGUE TURN NUM = 14.
[2025-10-08 16:01:33,668] [INFO] EXIT: 'GraphRAG' calling 'query_graph' (0.014798641204833984 secs).
[2025-10-08 16:01:33,668] [INFO] EXIT: 'GraphRAG' calling 'claim' (0.015110015869140625 secs).
[2025-10-08 16:01:33,683] [INFO] ENTER: 'GraphRAG' calling 'since'; CURRENT SPEAKER: grok-3_mas_rag, DIALOGUE TURN NUM = 14.
[2025-10-08 16:01:33,683] [INFO] ENTER: 'GraphRAG' calling 'query_graph'; CURRENT SPEAKER: grok-3_mas_rag, DIALOGUE TURN NUM = 14.
[2025-10-08 16:01:33,702] [INFO] EXIT: 'GraphRAG' calling 'query_graph' (0.019367218017578125 secs).
[2025-10-08 16:01:33,702] [INFO] EXIT: 'GraphRAG' calling 'since' (0.019739627838134766 secs).
[2025-10-08 16:01:33,702] [INFO] ENTER: 'GraphRAG' calling 'claim'; CURRENT SPEAKER: grok-3_mas_rag, DIALOGUE TURN NUM = 14.
[2025-10-08 16:01:33,703] [INFO] ENTER: 'GraphRAG' calling 'query_graph'; CURRENT SPEAKER: grok-3_mas_rag, DIALOGUE TURN NUM = 14.
[2025-10-08 16:01:33,718] [INFO] EXIT: 'GraphRAG' calling 'query_graph' (0.015149116516113281 secs).
[2025-10-08 16:01:33,718] [INFO] EXIT: 'GraphRAG' calling 'claim' (0.015548944473266602 secs).
[2025-10-08 16:01:33,733] [INFO] ENTER: 'GraphRAG' calling 'since'; CURRENT SPEAKER: grok-3_mas_rag, DIALOGUE TURN NUM = 14.
[2025-10-08 16:01:33,733] [INFO] ENTER: 'GraphRAG' calling 'query_graph'; CURRENT SPEAKER: grok-3_mas_rag, DIALOGUE TURN NUM = 14.
[2025-10-08 16:01:33,752] [INFO] EXIT: 'GraphRAG' calling 'query_graph' (0.019227266311645508 secs).
[2025-10-08 16:01:33,752] [INFO] EXIT: 'GraphRAG' calling 'since' (0.01959705352783203 secs).
[2025-10-08 16:01:33,752] [INFO] ENTER: 'GraphRAG' calling 'claim'; CURRENT SPEAKER: grok-3_mas_rag, DIALOGUE TURN NUM = 14.
[2025-10-08 16:01:33,753] [INFO] ENTER: 'GraphRAG' calling 'query_graph'; CURRENT SPEAKER: grok-3_mas_rag, DIALOGUE TURN NUM = 14.
[2025-10-08 16:01:33,767] [INFO] EXIT: 'GraphRAG' calling 'query_graph' (0.014767169952392578 secs).
[2025-10-08 16:01:33,767] [INFO] EXIT: 'GraphRAG' calling 'claim' (0.015116691589355469 secs).
[2025-10-08 16:01:33,781] [INFO] ENTER: 'GraphRAG' calling 'since'; CURRENT SPEAKER: grok-3_mas_rag, DIALOGUE TURN NUM = 14.
[2025-10-08 16:01:33,782] [INFO] ENTER: 'GraphRAG' calling 'query_graph'; CURRENT SPEAKER: grok-3_mas_rag, DIALOGUE TURN NUM = 14.
[2025-10-08 16:01:33,801] [INFO] EXIT: 'GraphRAG' calling 'query_graph' (0.01918816566467285 secs).
[2025-10-08 16:01:33,801] [INFO] EXIT: 'GraphRAG' calling 'since' (0.019513845443725586 secs).
[2025-10-08 16:01:33,801] [INFO] ENTER: 'GraphRAG' calling 'claim'; CURRENT SPEAKER: grok-3_mas_rag, DIALOGUE TURN NUM = 14.
[2025-10-08 16:01:33,801] [INFO] ENTER: 'GraphRAG' calling 'query_graph'; CURRENT SPEAKER: grok-3_mas_rag, DIALOGUE TURN NUM = 14.
[2025-10-08 16:01:33,816] [INFO] EXIT: 'GraphRAG' calling 'query_graph' (0.014888286590576172 secs).
[2025-10-08 16:01:33,816] [INFO] EXIT: 'GraphRAG' calling 'claim' (0.015195369720458984 secs).
[2025-10-08 16:01:33,831] [INFO] ENTER: 'GraphRAG' calling 'since'; CURRENT SPEAKER: grok-3_mas_rag, DIALOGUE TURN NUM = 14.
[2025-10-08 16:01:33,832] [INFO] ENTER: 'GraphRAG' calling 'query_graph'; CURRENT SPEAKER: grok-3_mas_rag, DIALOGUE TURN NUM = 14.
[2025-10-08 16:01:33,851] [INFO] EXIT: 'GraphRAG' calling 'query_graph' (0.01943659782409668 secs).
[2025-10-08 16:01:33,851] [INFO] EXIT: 'GraphRAG' calling 'since' (0.019780397415161133 secs).
[2025-10-08 16:01:33,851] [INFO] ENTER: 'GraphRAG' calling 'claim'; CURRENT SPEAKER: grok-3_mas_rag, DIALOGUE TURN NUM = 14.
[2025-10-08 16:01:33,851] [INFO] ENTER: 'GraphRAG' calling 'query_graph'; CURRENT SPEAKER: grok-3_mas_rag, DIALOGUE TURN NUM = 14.
[2025-10-08 16:01:33,866] [INFO] EXIT: 'GraphRAG' calling 'query_graph' (0.014893054962158203 secs).
[2025-10-08 16:01:33,866] [INFO] EXIT: 'GraphRAG' calling 'claim' (0.015209674835205078 secs).
[2025-10-08 16:01:33,866] [INFO] ENTER: 'GraphRAG' calling 'return_rag_examples'; CURRENT SPEAKER: grok-3_mas_rag, DIALOGUE TURN NUM = 14.
[2025-10-08 16:01:33,866] [INFO] EXIT: 'GraphRAG' calling 'return_rag_examples' (1.9073486328125e-06 secs).
[2025-10-08 16:01:33,868] [INFO] ENTER: 'DialogueMoveGenerator' calling 'generate'; CURRENT SPEAKER: grok-3_mas_rag, DIALOGUE TURN NUM = 14.
[2025-10-08 16:01:33,869] [INFO] ENTER: 'MASPromptGenerator' calling 'claim'; CURRENT SPEAKER: grok-3_mas_rag, DIALOGUE TURN NUM = 14.
[2025-10-08 16:01:33,869] [INFO] EXIT: 'MASPromptGenerator' calling 'claim' (6.127357482910156e-05 secs).
[2025-10-08 16:01:33,870] [INFO] ENTER: 'DialogueMoveGenerator' calling 'generate'; CURRENT SPEAKER: grok-3_mas_rag, DIALOGUE TURN NUM = 14.
[2025-10-08 16:01:33,870] [INFO] ENTER: 'MASPromptGenerator' calling 'retract_claim'; CURRENT SPEAKER: grok-3_mas_rag, DIALOGUE TURN NUM = 14.
[2025-10-08 16:01:33,871] [INFO] EXIT: 'MASPromptGenerator' calling 'retract_claim' (4.57763671875e-05 secs).
[2025-10-08 16:01:33,871] [INFO] ENTER: 'DialogueMoveGenerator' calling 'generate'; CURRENT SPEAKER: grok-3_mas_rag, DIALOGUE TURN NUM = 14.
[2025-10-08 16:01:33,872] [INFO] ENTER: 'MASPromptGenerator' calling 'since_claim'; CURRENT SPEAKER: grok-3_mas_rag, DIALOGUE TURN NUM = 14.
[2025-10-08 16:01:33,872] [INFO] EXIT: 'MASPromptGenerator' calling 'since_claim' (5.340576171875e-05 secs).
[2025-10-08 16:01:37,664] [INFO] Completion returned and validated from MODEL = 'grok-3'.
[2025-10-08 16:01:38,351] [INFO] Completion returned and validated from MODEL = 'grok-3'.
[2025-10-08 16:01:38,471] [INFO] Completion returned and validated from MODEL = 'grok-3'.
[2025-10-08 16:01:41,404] [INFO] Completion returned and validated from MODEL = 'grok-3'.
[2025-10-08 16:01:41,995] [INFO] Completion returned and validated from MODEL = 'grok-3'.
[2025-10-08 16:01:42,218] [INFO] Completion returned and validated from MODEL = 'grok-3'.
[2025-10-08 16:01:44,870] [INFO] Completion returned and validated from MODEL = 'grok-3'.
[2025-10-08 16:01:45,726] [INFO] Completion returned and validated from MODEL = 'grok-3'.
[2025-10-08 16:01:45,994] [INFO] Completion returned and validated from MODEL = 'grok-3'.
[2025-10-08 16:01:50,380] [INFO] Completion returned and validated from MODEL = 'grok-3'.
[2025-10-08 16:01:51,751] [INFO] Completion returned and validated from MODEL = 'grok-3'.
[2025-10-08 16:01:51,891] [INFO] Completion returned and validated from MODEL = 'grok-3'.
[2025-10-08 16:01:57,008] [INFO] Completion returned and validated from MODEL = 'grok-3'.
[2025-10-08 16:01:57,008] [INFO] EXIT: 'DialogueMoveGenerator' calling 'generate' (23.137284755706787 secs).
[2025-10-08 16:01:59,508] [INFO] Completion returned and validated from MODEL = 'grok-3'.
[2025-10-08 16:01:59,508] [INFO] EXIT: 'DialogueMoveGenerator' calling 'generate' (25.636289358139038 secs).
[2025-10-08 16:01:59,953] [INFO] Completion returned and validated from MODEL = 'grok-3'.
[2025-10-08 16:01:59,953] [INFO] EXIT: 'DialogueMoveGenerator' calling 'generate' (26.083744525909424 secs).
[2025-10-08 16:01:59,954] [INFO] ENTER: 'MASPromptGenerator' calling 'persuasiveness_choice'; CURRENT SPEAKER: grok-3_mas_rag, DIALOGUE TURN NUM = 14.
[2025-10-08 16:01:59,954] [INFO] EXIT: 'MASPromptGenerator' calling 'persuasiveness_choice' (0.00022983551025390625 secs).
[2025-10-08 16:02:06,280] [INFO] Completion returned and validated within 'PersuasivenessChoiceAgent'; MODEL = 'grok-3'; DIALOGUE TURN NUM = 14.
[2025-10-08 16:02:10,714] [INFO] Completion returned and validated within 'PersuasivenessChoiceAgent'; MODEL = 'grok-3'; DIALOGUE TURN NUM = 14.
[2025-10-08 16:02:16,408] [INFO] Completion returned and validated within 'PersuasivenessChoiceAgent'; MODEL = 'grok-3'; DIALOGUE TURN NUM = 14.
[2025-10-08 16:02:23,572] [INFO] Completion returned and validated within 'PersuasivenessChoiceAgent'; MODEL = 'grok-3'; DIALOGUE TURN NUM = 14.
[2025-10-08 16:02:29,748] [INFO] Completion returned and validated within 'PersuasivenessChoiceAgent'; MODEL = 'grok-3'; DIALOGUE TURN NUM = 14.
[2025-10-08 16:02:29,749] [INFO] ENTER: 'DisambiguationAgent' calling '_grouping_similar_utterance_types'; CURRENT SPEAKER: grok-3_mas_rag, DIALOGUE TURN NUM = 14.
[2025-10-08 16:02:29,749] [INFO] EXIT: 'DisambiguationAgent' calling '_grouping_similar_utterance_types' (1.430511474609375e-05 secs).
[2025-10-08 16:02:29,749] [INFO] ENTER: 'DisambiguationAgent' calling '_identifying_similar_sentences_and_choosing_one_to_return_to_user'; CURRENT SPEAKER: grok-3_mas_rag, DIALOGUE TURN NUM = 14.
[2025-10-08 16:02:47,407] [INFO] 'DisambiguationAgent' grouped similar sentences, completion returned and validated; MODEL = 'grok-3'.
[2025-10-08 16:02:49,207] [INFO] 'DisambiguationAgent' chose sentences to remove, completion returned and validated from MODEL = 'grok-3'.
[2025-10-08 16:02:50,391] [INFO] 'DisambiguationAgent' chose sentences to remove, completion returned and validated from MODEL = 'grok-3'.
[2025-10-08 16:02:51,657] [INFO] 'DisambiguationAgent' chose sentences to remove, completion returned and validated from MODEL = 'grok-3'.
[2025-10-08 16:02:53,149] [INFO] 'DisambiguationAgent' chose sentences to remove, completion returned and validated from MODEL = 'grok-3'.
[2025-10-08 16:02:54,559] [INFO] 'DisambiguationAgent' chose sentences to remove, completion returned and validated from MODEL = 'grok-3'.
[2025-10-08 16:02:55,849] [INFO] 'DisambiguationAgent' chose sentences to remove, completion returned and validated from MODEL = 'grok-3'.
[2025-10-08 16:02:57,116] [INFO] 'DisambiguationAgent' chose sentences to remove, completion returned and validated from MODEL = 'grok-3'.
[2025-10-08 16:02:57,116] [INFO] EXIT: 'DisambiguationAgent' calling '_identifying_similar_sentences_and_choosing_one_to_return_to_user' (27.36706781387329 secs).
[2025-10-08 16:02:57,116] [INFO] ENTER: 'DisambiguationAgent' calling '_removing_repetitive_sentences'; CURRENT SPEAKER: grok-3_mas_rag, DIALOGUE TURN NUM = 14.
[2025-10-08 16:02:57,116] [INFO] EXIT: 'DisambiguationAgent' calling '_removing_repetitive_sentences' (2.3126602172851562e-05 secs).
[2025-10-08 16:02:57,116] [INFO] ENTER: 'DisambiguationAgent' calling '_choose_the_most_persuasive_sentences'; CURRENT SPEAKER: grok-3_mas_rag, DIALOGUE TURN NUM = 14.
[2025-10-08 16:03:02,327] [INFO] 'DisambiguationAgent': reached maximum allowed sentences, succussfully chose most persuasive sentences, completion returned and validated from MODEL = 'grok-3'.
[2025-10-08 16:03:02,327] [INFO] EXIT: 'DisambiguationAgent' calling '_choose_the_most_persuasive_sentences' (5.211190462112427 secs).
[2025-10-08 16:03:02,327] [INFO] ENTER: 'DisambiguationAgent' calling 'return_disambiguated_sentences'; CURRENT SPEAKER: grok-3_mas_rag, DIALOGUE TURN NUM = 14.
[2025-10-08 16:03:02,327] [INFO] EXIT: 'DisambiguationAgent' calling 'return_disambiguated_sentences' (2.6226043701171875e-06 secs).
[2025-10-08 16:03:02,328] [ERROR] Wrong state used; State of type HumanState; error message: dict has unexpected extra key(s): "graph_rag_examples", "intermediate_generations", "knowledge_base_ensemble_or_model_name", "model_seed", "model_temp", "model_top_p", "number_of_graph_rag_examples", "number_of_vector_based_rag_examples", "political_position_prob_of_na", "political_position_range", "political_position_std", "speaker_model_name", "speaker_type", "vector_based_persona_string", "vector_based_persona_sys_prompt"
[2025-10-08 16:03:02,328] [INFO] Correct state used; State of type GenerationAgentsState; 'IGNORE THE ABOVE ERRORS'.
[2025-10-08 16:03:03,204] [INFO] 'commitment_update' completed '___Claim___' update for current speaker's commitments; MODEL = 'grok-3'.
[2025-10-08 16:03:04,686] [INFO] 'commitment_update' completed '___Claim___' update for current speaker's commitments; MODEL = 'grok-3'.
[2025-10-08 16:03:05,358] [INFO] 'commitment_update' completed '___Since___' update; MODEL = 'grok-3'.
[2025-10-08 16:03:06,018] [INFO] 'commitment_update' completed '___Claim___' update for current speaker's commitments; MODEL = 'grok-3'.
[2025-10-08 16:03:08,585] [INFO] 'commitment_update' completed '___Since___' update; MODEL = 'grok-3'.
[2025-10-08 16:03:08,658] [ERROR] Wrong state used; State of type HumanState; error message: dict has unexpected extra key(s): "graph_rag_examples", "intermediate_generations", "knowledge_base_ensemble_or_model_name", "model_seed", "model_temp", "model_top_p", "number_of_graph_rag_examples", "number_of_vector_based_rag_examples", "political_position_prob_of_na", "political_position_range", "political_position_std", "speaker_model_name", "speaker_type", "vector_based_persona_string", "vector_based_persona_sys_prompt"
[2025-10-08 16:03:08,659] [INFO] Correct state used; State of type GenerationAgentsState; 'IGNORE THE ABOVE ERRORS'.
[2025-10-08 16:03:08,659] [INFO] ENTER: 'UtteranceClassificationAgent' calling '_classify_sentence_utterance_types'; CURRENT SPEAKER: mistral-medium_mas, DIALOGUE TURN NUM = 15.
[2025-10-08 16:03:09,068] [INFO] 'UtteranceClassificationAgent' completion returned and validated from MODEL = 'ModelName.MISTRAL_MEDIUM'.
[2025-10-08 16:03:09,961] [INFO] 'UtteranceClassificationAgent' completion returned and validated from MODEL = 'ModelName.MISTRAL_MEDIUM'.
[2025-10-08 16:03:10,472] [INFO] 'UtteranceClassificationAgent' completion returned and validated from MODEL = 'ModelName.MISTRAL_MEDIUM'.
[2025-10-08 16:03:11,067] [INFO] 'UtteranceClassificationAgent' completion returned and validated from MODEL = 'ModelName.MISTRAL_MEDIUM'.
[2025-10-08 16:03:15,562] [INFO] 'UtteranceClassificationAgent' completion returned and validated from MODEL = 'ModelName.MISTRAL_MEDIUM'.
[2025-10-08 16:03:15,562] [INFO] EXIT: 'UtteranceClassificationAgent' calling '_classify_sentence_utterance_types' (6.903295993804932 secs).
[2025-10-08 16:03:15,562] [INFO] ENTER: 'UtteranceClassificationAgent' calling 'return_classified_sentences'; CURRENT SPEAKER: mistral-medium_mas, DIALOGUE TURN NUM = 15.
[2025-10-08 16:03:15,562] [INFO] EXIT: 'UtteranceClassificationAgent' calling 'return_classified_sentences' (1.9073486328125e-06 secs).
[2025-10-08 16:03:15,564] [INFO] ENTER: 'DialogueMoveGenerator' calling 'generate'; CURRENT SPEAKER: mistral-medium_mas, DIALOGUE TURN NUM = 15.
[2025-10-08 16:03:15,564] [INFO] ENTER: 'MASPromptGenerator' calling 'concede_claim'; CURRENT SPEAKER: mistral-medium_mas, DIALOGUE TURN NUM = 15.
[2025-10-08 16:03:15,565] [INFO] EXIT: 'MASPromptGenerator' calling 'concede_claim' (3.814697265625e-05 secs).
[2025-10-08 16:03:15,565] [INFO] ENTER: 'DialogueMoveGenerator' calling 'generate'; CURRENT SPEAKER: mistral-medium_mas, DIALOGUE TURN NUM = 15.
[2025-10-08 16:03:15,565] [INFO] ENTER: 'MASPromptGenerator' calling 'question_claim'; CURRENT SPEAKER: mistral-medium_mas, DIALOGUE TURN NUM = 15.
[2025-10-08 16:03:15,565] [INFO] EXIT: 'MASPromptGenerator' calling 'question_claim' (4.649162292480469e-05 secs).
[2025-10-08 16:03:15,566] [INFO] ENTER: 'DialogueMoveGenerator' calling 'generate'; CURRENT SPEAKER: mistral-medium_mas, DIALOGUE TURN NUM = 15.
[2025-10-08 16:03:15,567] [INFO] ENTER: 'MASPromptGenerator' calling 'why_claim'; CURRENT SPEAKER: mistral-medium_mas, DIALOGUE TURN NUM = 15.
[2025-10-08 16:03:15,567] [INFO] EXIT: 'MASPromptGenerator' calling 'why_claim' (3.3855438232421875e-05 secs).
[2025-10-08 16:03:17,544] [INFO] Completion returned and validated from MODEL = 'mistral-medium'.
[2025-10-08 16:03:19,361] [INFO] Completion returned and validated from MODEL = 'mistral-medium'.
[2025-10-08 16:03:20,980] [INFO] Completion returned and validated from MODEL = 'mistral-medium'.
[2025-10-08 16:03:21,301] [INFO] Completion returned and validated from MODEL = 'mistral-medium'.
[2025-10-08 16:03:23,314] [INFO] Completion returned and validated from MODEL = 'mistral-medium'.
[2025-10-08 16:03:25,463] [INFO] Completion returned and validated from MODEL = 'mistral-medium'.
[2025-10-08 16:03:27,475] [INFO] Completion returned and validated from MODEL = 'mistral-medium'.
[2025-10-08 16:03:27,608] [INFO] Completion returned and validated from MODEL = 'mistral-medium'.
[2025-10-08 16:03:28,370] [INFO] Completion returned and validated from MODEL = 'mistral-medium'.
[2025-10-08 16:03:29,206] [INFO] Completion returned and validated from MODEL = 'mistral-medium'.
[2025-10-08 16:03:29,206] [INFO] EXIT: 'DialogueMoveGenerator' calling 'generate' (13.641677379608154 secs).
[2025-10-08 16:03:30,452] [INFO] Completion returned and validated from MODEL = 'mistral-medium'.
[2025-10-08 16:03:32,137] [INFO] Completion returned and validated from MODEL = 'mistral-medium'.
[2025-10-08 16:03:32,137] [INFO] EXIT: 'DialogueMoveGenerator' calling 'generate' (16.570292234420776 secs).
[2025-10-08 16:03:34,711] [INFO] Completion returned and validated from MODEL = 'mistral-medium'.
[2025-10-08 16:03:36,742] [INFO] Completion returned and validated from MODEL = 'mistral-medium'.
[2025-10-08 16:03:40,085] [INFO] Completion returned and validated from MODEL = 'mistral-medium'.
[2025-10-08 16:03:40,085] [INFO] EXIT: 'DialogueMoveGenerator' calling 'generate' (24.5193510055542 secs).
[2025-10-08 16:03:40,086] [INFO] ENTER: 'MASPromptGenerator' calling 'persuasiveness_choice'; CURRENT SPEAKER: mistral-medium_mas, DIALOGUE TURN NUM = 15.
[2025-10-08 16:03:40,086] [INFO] EXIT: 'MASPromptGenerator' calling 'persuasiveness_choice' (0.00014972686767578125 secs).
[2025-10-08 16:03:45,405] [INFO] Completion returned and validated within 'PersuasivenessChoiceAgent'; MODEL = 'mistral-medium'; DIALOGUE TURN NUM = 15.
[2025-10-08 16:05:16,930] [INFO] Completion returned and validated within 'PersuasivenessChoiceAgent'; MODEL = 'mistral-medium'; DIALOGUE TURN NUM = 15.
[2025-10-08 16:06:53,803] [INFO] Completion returned and validated within 'PersuasivenessChoiceAgent'; MODEL = 'mistral-medium'; DIALOGUE TURN NUM = 15.
[2025-10-08 16:06:55,967] [INFO] Completion returned and validated within 'PersuasivenessChoiceAgent'; MODEL = 'mistral-medium'; DIALOGUE TURN NUM = 15.
[2025-10-08 16:06:58,080] [INFO] Completion returned and validated within 'PersuasivenessChoiceAgent'; MODEL = 'mistral-medium'; DIALOGUE TURN NUM = 15.
[2025-10-08 16:06:58,080] [INFO] ENTER: 'DisambiguationAgent' calling '_grouping_similar_utterance_types'; CURRENT SPEAKER: mistral-medium_mas, DIALOGUE TURN NUM = 15.
[2025-10-08 16:06:58,080] [INFO] EXIT: 'DisambiguationAgent' calling '_grouping_similar_utterance_types' (1.2874603271484375e-05 secs).
[2025-10-08 16:06:58,080] [INFO] ENTER: 'DisambiguationAgent' calling '_identifying_similar_sentences_and_choosing_one_to_return_to_user'; CURRENT SPEAKER: mistral-medium_mas, DIALOGUE TURN NUM = 15.
[2025-10-08 16:07:08,367] [INFO] 'DisambiguationAgent' grouped similar sentences, completion returned and validated; MODEL = 'mistral-medium'.
[2025-10-08 16:07:09,998] [INFO] 'DisambiguationAgent' chose sentences to remove, completion returned and validated from MODEL = 'mistral-medium'.
[2025-10-08 16:08:16,169] [INFO] 'DisambiguationAgent' chose sentences to remove, completion returned and validated from MODEL = 'mistral-medium'.
[2025-10-08 16:09:16,661] [INFO] 'DisambiguationAgent' chose sentences to remove, completion returned and validated from MODEL = 'mistral-medium'.
[2025-10-08 16:09:17,678] [INFO] 'DisambiguationAgent' chose sentences to remove, completion returned and validated from MODEL = 'mistral-medium'.
[2025-10-08 16:09:18,642] [INFO] 'DisambiguationAgent' chose sentences to remove, completion returned and validated from MODEL = 'mistral-medium'.
[2025-10-08 16:09:19,950] [INFO] 'DisambiguationAgent' chose sentences to remove, completion returned and validated from MODEL = 'mistral-medium'.
[2025-10-08 16:09:19,950] [INFO] EXIT: 'DisambiguationAgent' calling '_identifying_similar_sentences_and_choosing_one_to_return_to_user' (141.86937284469604 secs).
[2025-10-08 16:09:19,950] [INFO] ENTER: 'DisambiguationAgent' calling '_removing_repetitive_sentences'; CURRENT SPEAKER: mistral-medium_mas, DIALOGUE TURN NUM = 15.
[2025-10-08 16:09:19,950] [INFO] EXIT: 'DisambiguationAgent' calling '_removing_repetitive_sentences' (2.002716064453125e-05 secs).
[2025-10-08 16:09:19,950] [INFO] ENTER: 'DisambiguationAgent' calling '_choose_the_most_persuasive_sentences'; CURRENT SPEAKER: mistral-medium_mas, DIALOGUE TURN NUM = 15.
[2025-10-08 16:09:23,253] [INFO] 'DisambiguationAgent': reached maximum allowed sentences, succussfully chose most persuasive sentences, completion returned and validated from MODEL = 'mistral-medium'.
[2025-10-08 16:09:23,253] [INFO] EXIT: 'DisambiguationAgent' calling '_choose_the_most_persuasive_sentences' (3.3025879859924316 secs).
[2025-10-08 16:09:23,253] [INFO] ENTER: 'DisambiguationAgent' calling 'return_disambiguated_sentences'; CURRENT SPEAKER: mistral-medium_mas, DIALOGUE TURN NUM = 15.
[2025-10-08 16:09:23,253] [INFO] EXIT: 'DisambiguationAgent' calling 'return_disambiguated_sentences' (2.6226043701171875e-06 secs).
[2025-10-08 16:09:23,253] [ERROR] Wrong state used; State of type HumanState; error message: dict has unexpected extra key(s): "graph_rag_examples", "intermediate_generations", "knowledge_base_ensemble_or_model_name", "model_seed", "model_temp", "model_top_p", "number_of_graph_rag_examples", "number_of_vector_based_rag_examples", "political_position_prob_of_na", "political_position_range", "political_position_std", "speaker_model_name", "speaker_type", "vector_based_persona_string", "vector_based_persona_sys_prompt"
[2025-10-08 16:09:23,254] [INFO] Correct state used; State of type GenerationAgentsState; 'IGNORE THE ABOVE ERRORS'.
[2025-10-08 16:09:23,335] [ERROR] Wrong state used; State of type HumanState; error message: dict has unexpected extra key(s): "graph_rag_examples", "intermediate_generations", "knowledge_base_ensemble_or_model_name", "model_seed", "model_temp", "model_top_p", "number_of_graph_rag_examples", "number_of_vector_based_rag_examples", "political_position_prob_of_na", "political_position_range", "political_position_std", "speaker_model_name", "speaker_type", "vector_based_persona_string", "vector_based_persona_sys_prompt"
[2025-10-08 16:09:23,335] [INFO] Correct state used; State of type GenerationAgentsState; 'IGNORE THE ABOVE ERRORS'.
[2025-10-08 16:09:23,335] [INFO] ENTER: 'UtteranceClassificationAgent' calling '_classify_sentence_utterance_types'; CURRENT SPEAKER: grok-3_mas_rag, DIALOGUE TURN NUM = 16.
[2025-10-08 16:09:24,003] [INFO] 'UtteranceClassificationAgent' completion returned and validated from MODEL = 'ModelName.GROK_3'.
[2025-10-08 16:09:24,615] [INFO] 'UtteranceClassificationAgent' completion returned and validated from MODEL = 'ModelName.GROK_3'.
[2025-10-08 16:09:25,240] [INFO] 'UtteranceClassificationAgent' completion returned and validated from MODEL = 'ModelName.GROK_3'.
[2025-10-08 16:09:26,089] [INFO] 'UtteranceClassificationAgent' completion returned and validated from MODEL = 'ModelName.GROK_3'.
[2025-10-08 16:09:26,723] [INFO] 'UtteranceClassificationAgent' completion returned and validated from MODEL = 'ModelName.GROK_3'.
[2025-10-08 16:09:26,723] [INFO] EXIT: 'UtteranceClassificationAgent' calling '_classify_sentence_utterance_types' (3.3878891468048096 secs).
[2025-10-08 16:09:26,723] [INFO] ENTER: 'UtteranceClassificationAgent' calling 'return_classified_sentences'; CURRENT SPEAKER: grok-3_mas_rag, DIALOGUE TURN NUM = 16.
[2025-10-08 16:09:26,723] [INFO] EXIT: 'UtteranceClassificationAgent' calling 'return_classified_sentences' (1.9073486328125e-06 secs).
[2025-10-08 16:09:26,743] [INFO] ENTER: 'GraphRAG' calling 'since'; CURRENT SPEAKER: grok-3_mas_rag, DIALOGUE TURN NUM = 16.
[2025-10-08 16:09:26,743] [INFO] ENTER: 'GraphRAG' calling 'query_graph'; CURRENT SPEAKER: grok-3_mas_rag, DIALOGUE TURN NUM = 16.
[2025-10-08 16:09:26,763] [INFO] EXIT: 'GraphRAG' calling 'query_graph' (0.01998162269592285 secs).
[2025-10-08 16:09:26,763] [INFO] EXIT: 'GraphRAG' calling 'since' (0.020354270935058594 secs).
[2025-10-08 16:09:26,763] [INFO] ENTER: 'GraphRAG' calling 'claim'; CURRENT SPEAKER: grok-3_mas_rag, DIALOGUE TURN NUM = 16.
[2025-10-08 16:09:26,763] [INFO] ENTER: 'GraphRAG' calling 'query_graph'; CURRENT SPEAKER: grok-3_mas_rag, DIALOGUE TURN NUM = 16.
[2025-10-08 16:09:26,778] [INFO] EXIT: 'GraphRAG' calling 'query_graph' (0.014856576919555664 secs).
[2025-10-08 16:09:26,778] [INFO] EXIT: 'GraphRAG' calling 'claim' (0.015161514282226562 secs).
[2025-10-08 16:09:26,793] [INFO] ENTER: 'GraphRAG' calling 'since'; CURRENT SPEAKER: grok-3_mas_rag, DIALOGUE TURN NUM = 16.
[2025-10-08 16:09:26,793] [INFO] ENTER: 'GraphRAG' calling 'query_graph'; CURRENT SPEAKER: grok-3_mas_rag, DIALOGUE TURN NUM = 16.
[2025-10-08 16:09:26,812] [INFO] EXIT: 'GraphRAG' calling 'query_graph' (0.018558025360107422 secs).
[2025-10-08 16:09:26,812] [INFO] EXIT: 'GraphRAG' calling 'since' (0.018892526626586914 secs).
[2025-10-08 16:09:26,812] [INFO] ENTER: 'GraphRAG' calling 'claim'; CURRENT SPEAKER: grok-3_mas_rag, DIALOGUE TURN NUM = 16.
[2025-10-08 16:09:26,812] [INFO] ENTER: 'GraphRAG' calling 'query_graph'; CURRENT SPEAKER: grok-3_mas_rag, DIALOGUE TURN NUM = 16.
[2025-10-08 16:09:26,828] [INFO] EXIT: 'GraphRAG' calling 'query_graph' (0.01530599594116211 secs).
[2025-10-08 16:09:26,828] [INFO] EXIT: 'GraphRAG' calling 'claim' (0.015635013580322266 secs).
[2025-10-08 16:09:26,843] [INFO] ENTER: 'GraphRAG' calling 'claim'; CURRENT SPEAKER: grok-3_mas_rag, DIALOGUE TURN NUM = 16.
[2025-10-08 16:09:26,843] [INFO] ENTER: 'GraphRAG' calling 'query_graph'; CURRENT SPEAKER: grok-3_mas_rag, DIALOGUE TURN NUM = 16.
[2025-10-08 16:09:26,917] [INFO] EXIT: 'GraphRAG' calling 'query_graph' (0.0739130973815918 secs).
[2025-10-08 16:09:26,917] [INFO] EXIT: 'GraphRAG' calling 'claim' (0.07430148124694824 secs).
[2025-10-08 16:09:26,917] [INFO] ENTER: 'GraphRAG' calling 'claim_negation'; CURRENT SPEAKER: grok-3_mas_rag, DIALOGUE TURN NUM = 16.
[2025-10-08 16:09:26,917] [INFO] ENTER: 'GraphRAG' calling 'query_graph'; CURRENT SPEAKER: grok-3_mas_rag, DIALOGUE TURN NUM = 16.
[2025-10-08 16:09:26,936] [INFO] EXIT: 'GraphRAG' calling 'query_graph' (0.01893019676208496 secs).
[2025-10-08 16:09:26,936] [INFO] EXIT: 'GraphRAG' calling 'claim_negation' (0.019295692443847656 secs).
[2025-10-08 16:09:26,951] [INFO] ENTER: 'GraphRAG' calling 'since'; CURRENT SPEAKER: grok-3_mas_rag, DIALOGUE TURN NUM = 16.
[2025-10-08 16:09:26,951] [INFO] ENTER: 'GraphRAG' calling 'query_graph'; CURRENT SPEAKER: grok-3_mas_rag, DIALOGUE TURN NUM = 16.
[2025-10-08 16:09:26,970] [INFO] EXIT: 'GraphRAG' calling 'query_graph' (0.0185396671295166 secs).
[2025-10-08 16:09:26,970] [INFO] EXIT: 'GraphRAG' calling 'since' (0.018878936767578125 secs).
[2025-10-08 16:09:26,970] [INFO] ENTER: 'GraphRAG' calling 'claim'; CURRENT SPEAKER: grok-3_mas_rag, DIALOGUE TURN NUM = 16.
[2025-10-08 16:09:26,970] [INFO] ENTER: 'GraphRAG' calling 'query_graph'; CURRENT SPEAKER: grok-3_mas_rag, DIALOGUE TURN NUM = 16.
[2025-10-08 16:09:26,986] [INFO] EXIT: 'GraphRAG' calling 'query_graph' (0.015446186065673828 secs).
[2025-10-08 16:09:26,986] [INFO] EXIT: 'GraphRAG' calling 'claim' (0.015802383422851562 secs).
[2025-10-08 16:09:27,001] [INFO] ENTER: 'GraphRAG' calling 'since'; CURRENT SPEAKER: grok-3_mas_rag, DIALOGUE TURN NUM = 16.
[2025-10-08 16:09:27,002] [INFO] ENTER: 'GraphRAG' calling 'query_graph'; CURRENT SPEAKER: grok-3_mas_rag, DIALOGUE TURN NUM = 16.
[2025-10-08 16:09:27,023] [INFO] EXIT: 'GraphRAG' calling 'query_graph' (0.02087116241455078 secs).
[2025-10-08 16:09:27,023] [INFO] EXIT: 'GraphRAG' calling 'since' (0.021201372146606445 secs).
[2025-10-08 16:09:27,023] [INFO] ENTER: 'GraphRAG' calling 'claim'; CURRENT SPEAKER: grok-3_mas_rag, DIALOGUE TURN NUM = 16.
[2025-10-08 16:09:27,023] [INFO] ENTER: 'GraphRAG' calling 'query_graph'; CURRENT SPEAKER: grok-3_mas_rag, DIALOGUE TURN NUM = 16.
[2025-10-08 16:09:27,057] [INFO] EXIT: 'GraphRAG' calling 'query_graph' (0.033727169036865234 secs).
[2025-10-08 16:09:27,057] [INFO] EXIT: 'GraphRAG' calling 'claim' (0.03423786163330078 secs).
[2025-10-08 16:09:27,057] [INFO] ENTER: 'GraphRAG' calling 'return_rag_examples'; CURRENT SPEAKER: grok-3_mas_rag, DIALOGUE TURN NUM = 16.
[2025-10-08 16:09:27,057] [INFO] EXIT: 'GraphRAG' calling 'return_rag_examples' (2.1457672119140625e-06 secs).
[2025-10-08 16:09:27,059] [INFO] ENTER: 'DialogueMoveGenerator' calling 'generate'; CURRENT SPEAKER: grok-3_mas_rag, DIALOGUE TURN NUM = 16.
[2025-10-08 16:09:27,059] [INFO] ENTER: 'MASPromptGenerator' calling 'claim'; CURRENT SPEAKER: grok-3_mas_rag, DIALOGUE TURN NUM = 16.
[2025-10-08 16:09:27,060] [INFO] EXIT: 'MASPromptGenerator' calling 'claim' (7.009506225585938e-05 secs).
[2025-10-08 16:09:27,060] [INFO] ENTER: 'DialogueMoveGenerator' calling 'generate'; CURRENT SPEAKER: grok-3_mas_rag, DIALOGUE TURN NUM = 16.
[2025-10-08 16:09:27,061] [INFO] ENTER: 'MASPromptGenerator' calling 'claim_negation'; CURRENT SPEAKER: grok-3_mas_rag, DIALOGUE TURN NUM = 16.
[2025-10-08 16:09:27,061] [INFO] EXIT: 'MASPromptGenerator' calling 'claim_negation' (4.267692565917969e-05 secs).
[2025-10-08 16:09:27,061] [INFO] ENTER: 'DialogueMoveGenerator' calling 'generate'; CURRENT SPEAKER: grok-3_mas_rag, DIALOGUE TURN NUM = 16.
[2025-10-08 16:09:27,062] [INFO] ENTER: 'MASPromptGenerator' calling 'retract_claim'; CURRENT SPEAKER: grok-3_mas_rag, DIALOGUE TURN NUM = 16.
[2025-10-08 16:09:27,062] [INFO] EXIT: 'MASPromptGenerator' calling 'retract_claim' (5.0067901611328125e-05 secs).
[2025-10-08 16:09:27,062] [INFO] ENTER: 'DialogueMoveGenerator' calling 'generate'; CURRENT SPEAKER: grok-3_mas_rag, DIALOGUE TURN NUM = 16.
[2025-10-08 16:09:27,063] [INFO] ENTER: 'MASPromptGenerator' calling 'since_claim'; CURRENT SPEAKER: grok-3_mas_rag, DIALOGUE TURN NUM = 16.
[2025-10-08 16:09:27,063] [INFO] EXIT: 'MASPromptGenerator' calling 'since_claim' (4.792213439941406e-05 secs).
[2025-10-08 16:09:32,150] [INFO] Completion returned and validated from MODEL = 'grok-3'.
[2025-10-08 16:09:32,150] [INFO] EXIT: 'DialogueMoveGenerator' calling 'generate' (5.0893189907073975 secs).
[2025-10-08 16:09:32,774] [INFO] Completion returned and validated from MODEL = 'grok-3'.
[2025-10-08 16:09:32,853] [INFO] Completion returned and validated from MODEL = 'grok-3'.
[2025-10-08 16:09:33,431] [INFO] Completion returned and validated from MODEL = 'grok-3'.
[2025-10-08 16:09:40,545] [INFO] Completion returned and validated from MODEL = 'grok-3'.
[2025-10-08 16:09:41,267] [INFO] Completion returned and validated from MODEL = 'grok-3'.
[2025-10-08 16:09:45,106] [INFO] Completion returned and validated from MODEL = 'grok-3'.
[2025-10-08 16:09:46,503] [INFO] Completion returned and validated from MODEL = 'grok-3'.
[2025-10-08 16:09:49,999] [INFO] Completion returned and validated from MODEL = 'grok-3'.
[2025-10-08 16:09:49,999] [INFO] EXIT: 'DialogueMoveGenerator' calling 'generate' (22.935842037200928 secs).
[2025-10-08 16:09:50,059] [INFO] Completion returned and validated from MODEL = 'grok-3'.
[2025-10-08 16:09:50,749] [INFO] Completion returned and validated from MODEL = 'grok-3'.
[2025-10-08 16:09:53,760] [INFO] Completion returned and validated from MODEL = 'grok-3'.
[2025-10-08 16:09:55,103] [INFO] Completion returned and validated from MODEL = 'grok-3'.
[2025-10-08 16:09:55,103] [INFO] EXIT: 'DialogueMoveGenerator' calling 'generate' (28.04176616668701 secs).
[2025-10-08 16:09:59,013] [INFO] Completion returned and validated from MODEL = 'grok-3'.
[2025-10-08 16:10:07,202] [INFO] Completion returned and validated from MODEL = 'grok-3'.
[2025-10-08 16:10:07,202] [INFO] EXIT: 'DialogueMoveGenerator' calling 'generate' (40.14242935180664 secs).
[2025-10-08 16:10:07,203] [INFO] ENTER: 'MASPromptGenerator' calling 'persuasiveness_choice'; CURRENT SPEAKER: grok-3_mas_rag, DIALOGUE TURN NUM = 16.
[2025-10-08 16:10:07,203] [INFO] EXIT: 'MASPromptGenerator' calling 'persuasiveness_choice' (0.00024771690368652344 secs).
[2025-10-08 16:10:14,517] [INFO] Completion returned and validated within 'PersuasivenessChoiceAgent'; MODEL = 'grok-3'; DIALOGUE TURN NUM = 16.
[2025-10-08 16:10:19,062] [INFO] Completion returned and validated within 'PersuasivenessChoiceAgent'; MODEL = 'grok-3'; DIALOGUE TURN NUM = 16.
[2025-10-08 16:10:23,199] [INFO] Completion returned and validated within 'PersuasivenessChoiceAgent'; MODEL = 'grok-3'; DIALOGUE TURN NUM = 16.
[2025-10-08 16:10:29,470] [INFO] Completion returned and validated within 'PersuasivenessChoiceAgent'; MODEL = 'grok-3'; DIALOGUE TURN NUM = 16.
[2025-10-08 16:10:33,795] [INFO] Completion returned and validated within 'PersuasivenessChoiceAgent'; MODEL = 'grok-3'; DIALOGUE TURN NUM = 16.
[2025-10-08 16:10:33,795] [INFO] ENTER: 'DisambiguationAgent' calling '_grouping_similar_utterance_types'; CURRENT SPEAKER: grok-3_mas_rag, DIALOGUE TURN NUM = 16.
[2025-10-08 16:10:33,795] [INFO] EXIT: 'DisambiguationAgent' calling '_grouping_similar_utterance_types' (1.4543533325195312e-05 secs).
[2025-10-08 16:10:33,795] [INFO] ENTER: 'DisambiguationAgent' calling '_identifying_similar_sentences_and_choosing_one_to_return_to_user'; CURRENT SPEAKER: grok-3_mas_rag, DIALOGUE TURN NUM = 16.
[2025-10-08 16:10:55,894] [INFO] 'DisambiguationAgent' grouped similar sentences, completion returned and validated; MODEL = 'grok-3'.
[2025-10-08 16:10:57,415] [INFO] 'DisambiguationAgent' chose sentences to remove, completion returned and validated from MODEL = 'grok-3'.
[2025-10-08 16:10:58,852] [INFO] 'DisambiguationAgent' chose sentences to remove, completion returned and validated from MODEL = 'grok-3'.
[2025-10-08 16:11:00,890] [INFO] 'DisambiguationAgent' chose sentences to remove, completion returned and validated from MODEL = 'grok-3'.
[2025-10-08 16:11:02,177] [INFO] 'DisambiguationAgent' chose sentences to remove, completion returned and validated from MODEL = 'grok-3'.
[2025-10-08 16:11:04,612] [INFO] 'DisambiguationAgent' chose sentences to remove, completion returned and validated from MODEL = 'grok-3'.
[2025-10-08 16:11:06,207] [INFO] 'DisambiguationAgent' chose sentences to remove, completion returned and validated from MODEL = 'grok-3'.
[2025-10-08 16:11:06,207] [INFO] EXIT: 'DisambiguationAgent' calling '_identifying_similar_sentences_and_choosing_one_to_return_to_user' (32.41173768043518 secs).
[2025-10-08 16:11:06,207] [INFO] ENTER: 'DisambiguationAgent' calling '_removing_repetitive_sentences'; CURRENT SPEAKER: grok-3_mas_rag, DIALOGUE TURN NUM = 16.
[2025-10-08 16:11:06,207] [INFO] EXIT: 'DisambiguationAgent' calling '_removing_repetitive_sentences' (2.2649765014648438e-05 secs).
[2025-10-08 16:11:06,207] [INFO] ENTER: 'DisambiguationAgent' calling '_choose_the_most_persuasive_sentences'; CURRENT SPEAKER: grok-3_mas_rag, DIALOGUE TURN NUM = 16.
[2025-10-08 16:11:10,964] [INFO] 'DisambiguationAgent': reached maximum allowed sentences, succussfully chose most persuasive sentences, completion returned and validated from MODEL = 'grok-3'.
[2025-10-08 16:11:10,964] [INFO] EXIT: 'DisambiguationAgent' calling '_choose_the_most_persuasive_sentences' (4.757133483886719 secs).
[2025-10-08 16:11:10,964] [INFO] ENTER: 'DisambiguationAgent' calling 'return_disambiguated_sentences'; CURRENT SPEAKER: grok-3_mas_rag, DIALOGUE TURN NUM = 16.
[2025-10-08 16:11:10,964] [INFO] EXIT: 'DisambiguationAgent' calling 'return_disambiguated_sentences' (3.0994415283203125e-06 secs).
[2025-10-08 16:11:10,965] [ERROR] Wrong state used; State of type HumanState; error message: dict has unexpected extra key(s): "graph_rag_examples", "intermediate_generations", "knowledge_base_ensemble_or_model_name", "model_seed", "model_temp", "model_top_p", "number_of_graph_rag_examples", "number_of_vector_based_rag_examples", "political_position_prob_of_na", "political_position_range", "political_position_std", "speaker_model_name", "speaker_type", "vector_based_persona_string", "vector_based_persona_sys_prompt"
[2025-10-08 16:11:10,965] [INFO] Correct state used; State of type GenerationAgentsState; 'IGNORE THE ABOVE ERRORS'.
[2025-10-08 16:11:12,002] [INFO] 'commitment_update' completed '___Since___' update; MODEL = 'grok-3'.
[2025-10-08 16:11:13,051] [INFO] 'commitment_update' completed '___Claim___' update for current speaker's commitments; MODEL = 'grok-3'.
[2025-10-08 16:11:13,758] [INFO] 'commitment_update' completed '___Claim___' update for current speaker's commitments; MODEL = 'grok-3'.
[2025-10-08 16:11:14,498] [INFO] 'commitment_update' completed '___Since___' update; MODEL = 'grok-3'.
[2025-10-08 16:11:15,170] [INFO] 'commitment_update' completed '___Claim___' update for current speaker's commitments; MODEL = 'grok-3'.
[2025-10-08 16:11:15,256] [ERROR] Wrong state used; State of type HumanState; error message: dict has unexpected extra key(s): "graph_rag_examples", "intermediate_generations", "knowledge_base_ensemble_or_model_name", "model_seed", "model_temp", "model_top_p", "number_of_graph_rag_examples", "number_of_vector_based_rag_examples", "political_position_prob_of_na", "political_position_range", "political_position_std", "speaker_model_name", "speaker_type", "vector_based_persona_string", "vector_based_persona_sys_prompt"
[2025-10-08 16:11:15,256] [INFO] Correct state used; State of type GenerationAgentsState; 'IGNORE THE ABOVE ERRORS'.
[2025-10-08 16:11:15,256] [INFO] ENTER: 'UtteranceClassificationAgent' calling '_classify_sentence_utterance_types'; CURRENT SPEAKER: mistral-medium_mas, DIALOGUE TURN NUM = 17.
[2025-10-08 16:11:23,176] [INFO] 'UtteranceClassificationAgent' completion returned and validated from MODEL = 'ModelName.MISTRAL_MEDIUM'.
[2025-10-08 16:11:24,076] [INFO] 'UtteranceClassificationAgent' completion returned and validated from MODEL = 'ModelName.MISTRAL_MEDIUM'.
[2025-10-08 16:11:26,255] [INFO] 'UtteranceClassificationAgent' completion returned and validated from MODEL = 'ModelName.MISTRAL_MEDIUM'.
[2025-10-08 16:11:29,395] [INFO] 'UtteranceClassificationAgent' completion returned and validated from MODEL = 'ModelName.MISTRAL_MEDIUM'.
[2025-10-08 16:11:29,812] [INFO] 'UtteranceClassificationAgent' completion returned and validated from MODEL = 'ModelName.MISTRAL_MEDIUM'.
[2025-10-08 16:11:29,812] [INFO] EXIT: 'UtteranceClassificationAgent' calling '_classify_sentence_utterance_types' (14.555687427520752 secs).
[2025-10-08 16:11:29,812] [INFO] ENTER: 'UtteranceClassificationAgent' calling 'return_classified_sentences'; CURRENT SPEAKER: mistral-medium_mas, DIALOGUE TURN NUM = 17.
[2025-10-08 16:11:29,812] [INFO] EXIT: 'UtteranceClassificationAgent' calling 'return_classified_sentences' (1.9073486328125e-06 secs).
[2025-10-08 16:11:29,814] [INFO] ENTER: 'DialogueMoveGenerator' calling 'generate'; CURRENT SPEAKER: mistral-medium_mas, DIALOGUE TURN NUM = 17.
[2025-10-08 16:11:29,814] [INFO] ENTER: 'MASPromptGenerator' calling 'concede_claim'; CURRENT SPEAKER: mistral-medium_mas, DIALOGUE TURN NUM = 17.
[2025-10-08 16:11:29,814] [INFO] EXIT: 'MASPromptGenerator' calling 'concede_claim' (5.364418029785156e-05 secs).
[2025-10-08 16:11:29,815] [INFO] ENTER: 'DialogueMoveGenerator' calling 'generate'; CURRENT SPEAKER: mistral-medium_mas, DIALOGUE TURN NUM = 17.
[2025-10-08 16:11:29,815] [INFO] ENTER: 'MASPromptGenerator' calling 'question_claim'; CURRENT SPEAKER: mistral-medium_mas, DIALOGUE TURN NUM = 17.
[2025-10-08 16:11:29,815] [INFO] EXIT: 'MASPromptGenerator' calling 'question_claim' (5.7220458984375e-05 secs).
[2025-10-08 16:11:29,816] [INFO] ENTER: 'DialogueMoveGenerator' calling 'generate'; CURRENT SPEAKER: mistral-medium_mas, DIALOGUE TURN NUM = 17.
[2025-10-08 16:11:29,816] [INFO] ENTER: 'MASPromptGenerator' calling 'why_claim'; CURRENT SPEAKER: mistral-medium_mas, DIALOGUE TURN NUM = 17.
[2025-10-08 16:11:29,816] [INFO] EXIT: 'MASPromptGenerator' calling 'why_claim' (5.1021575927734375e-05 secs).
[2025-10-08 16:11:32,211] [INFO] Completion returned and validated from MODEL = 'mistral-medium'.
[2025-10-08 16:11:34,656] [INFO] Completion returned and validated from MODEL = 'mistral-medium'.
[2025-10-08 16:11:35,315] [INFO] Completion returned and validated from MODEL = 'mistral-medium'.
[2025-10-08 16:11:35,353] [INFO] Completion returned and validated from MODEL = 'mistral-medium'.
[2025-10-08 16:11:37,105] [INFO] Completion returned and validated from MODEL = 'mistral-medium'.
[2025-10-08 16:11:37,360] [INFO] Completion returned and validated from MODEL = 'mistral-medium'.
[2025-10-08 16:11:37,762] [INFO] Completion returned and validated from MODEL = 'mistral-medium'.
[2025-10-08 16:11:39,516] [INFO] Completion returned and validated from MODEL = 'mistral-medium'.
[2025-10-08 16:11:39,680] [INFO] Completion returned and validated from MODEL = 'mistral-medium'.
[2025-10-08 16:11:40,187] [INFO] Completion returned and validated from MODEL = 'mistral-medium'.
[2025-10-08 16:11:41,381] [INFO] Completion returned and validated from MODEL = 'mistral-medium'.
[2025-10-08 16:11:41,914] [INFO] Completion returned and validated from MODEL = 'mistral-medium'.
[2025-10-08 16:11:42,668] [INFO] Completion returned and validated from MODEL = 'mistral-medium'.
[2025-10-08 16:11:42,668] [INFO] EXIT: 'DialogueMoveGenerator' calling 'generate' (12.854128122329712 secs).
[2025-10-08 16:11:43,284] [INFO] Completion returned and validated from MODEL = 'mistral-medium'.
[2025-10-08 16:11:43,284] [INFO] EXIT: 'DialogueMoveGenerator' calling 'generate' (13.468091249465942 secs).
[2025-10-08 16:11:44,172] [INFO] Completion returned and validated from MODEL = 'mistral-medium'.
[2025-10-08 16:11:44,172] [INFO] EXIT: 'DialogueMoveGenerator' calling 'generate' (14.357816457748413 secs).
[2025-10-08 16:11:44,175] [INFO] ENTER: 'MASPromptGenerator' calling 'persuasiveness_choice'; CURRENT SPEAKER: mistral-medium_mas, DIALOGUE TURN NUM = 17.
[2025-10-08 16:11:44,176] [INFO] EXIT: 'MASPromptGenerator' calling 'persuasiveness_choice' (0.00015735626220703125 secs).
[2025-10-08 16:11:46,265] [INFO] Completion returned and validated within 'PersuasivenessChoiceAgent'; MODEL = 'mistral-medium'; DIALOGUE TURN NUM = 17.
[2025-10-08 16:14:00,672] [INFO] Completion returned and validated within 'PersuasivenessChoiceAgent'; MODEL = 'mistral-medium'; DIALOGUE TURN NUM = 17.
[2025-10-08 16:16:39,596] [INFO] Completion returned and validated within 'PersuasivenessChoiceAgent'; MODEL = 'mistral-medium'; DIALOGUE TURN NUM = 17.
[2025-10-08 16:17:46,200] [INFO] Completion returned and validated within 'PersuasivenessChoiceAgent'; MODEL = 'mistral-medium'; DIALOGUE TURN NUM = 17.
[2025-10-08 16:17:47,624] [INFO] Completion returned and validated within 'PersuasivenessChoiceAgent'; MODEL = 'mistral-medium'; DIALOGUE TURN NUM = 17.
[2025-10-08 16:17:47,624] [INFO] ENTER: 'DisambiguationAgent' calling '_grouping_similar_utterance_types'; CURRENT SPEAKER: mistral-medium_mas, DIALOGUE TURN NUM = 17.
[2025-10-08 16:17:47,624] [INFO] EXIT: 'DisambiguationAgent' calling '_grouping_similar_utterance_types' (9.298324584960938e-06 secs).
[2025-10-08 16:17:47,624] [INFO] ENTER: 'DisambiguationAgent' calling '_identifying_similar_sentences_and_choosing_one_to_return_to_user'; CURRENT SPEAKER: mistral-medium_mas, DIALOGUE TURN NUM = 17.
[2025-10-08 16:18:39,238] [INFO] 'DisambiguationAgent' grouped similar sentences, completion returned and validated; MODEL = 'mistral-medium'.
[2025-10-08 16:18:55,242] [INFO] 'DisambiguationAgent' chose sentences to remove, completion returned and validated from MODEL = 'mistral-medium'.
[2025-10-08 16:19:02,053] [INFO] 'DisambiguationAgent' chose sentences to remove, completion returned and validated from MODEL = 'mistral-medium'.
[2025-10-08 16:19:05,494] [INFO] 'DisambiguationAgent' chose sentences to remove, completion returned and validated from MODEL = 'mistral-medium'.
[2025-10-08 16:19:13,035] [INFO] 'DisambiguationAgent' chose sentences to remove, completion returned and validated from MODEL = 'mistral-medium'.
[2025-10-08 16:19:14,950] [INFO] 'DisambiguationAgent' chose sentences to remove, completion returned and validated from MODEL = 'mistral-medium'.
[2025-10-08 16:19:17,984] [INFO] 'DisambiguationAgent' chose sentences to remove, completion returned and validated from MODEL = 'mistral-medium'.
[2025-10-08 16:19:17,984] [INFO] EXIT: 'DisambiguationAgent' calling '_identifying_similar_sentences_and_choosing_one_to_return_to_user' (90.35983800888062 secs).
[2025-10-08 16:19:17,984] [INFO] ENTER: 'DisambiguationAgent' calling '_removing_repetitive_sentences'; CURRENT SPEAKER: mistral-medium_mas, DIALOGUE TURN NUM = 17.
[2025-10-08 16:19:17,984] [INFO] EXIT: 'DisambiguationAgent' calling '_removing_repetitive_sentences' (1.5020370483398438e-05 secs).
[2025-10-08 16:19:17,984] [INFO] ENTER: 'DisambiguationAgent' calling '_choose_the_most_persuasive_sentences'; CURRENT SPEAKER: mistral-medium_mas, DIALOGUE TURN NUM = 17.
[2025-10-08 16:19:20,842] [INFO] 'DisambiguationAgent': reached maximum allowed sentences, succussfully chose most persuasive sentences, completion returned and validated from MODEL = 'mistral-medium'.
[2025-10-08 16:19:20,842] [INFO] EXIT: 'DisambiguationAgent' calling '_choose_the_most_persuasive_sentences' (2.857465982437134 secs).
[2025-10-08 16:19:20,842] [INFO] ENTER: 'DisambiguationAgent' calling 'return_disambiguated_sentences'; CURRENT SPEAKER: mistral-medium_mas, DIALOGUE TURN NUM = 17.
[2025-10-08 16:19:20,842] [INFO] EXIT: 'DisambiguationAgent' calling 'return_disambiguated_sentences' (2.6226043701171875e-06 secs).
[2025-10-08 16:19:20,842] [ERROR] Wrong state used; State of type HumanState; error message: dict has unexpected extra key(s): "graph_rag_examples", "intermediate_generations", "knowledge_base_ensemble_or_model_name", "model_seed", "model_temp", "model_top_p", "number_of_graph_rag_examples", "number_of_vector_based_rag_examples", "political_position_prob_of_na", "political_position_range", "political_position_std", "speaker_model_name", "speaker_type", "vector_based_persona_string", "vector_based_persona_sys_prompt"
[2025-10-08 16:19:20,842] [INFO] Correct state used; State of type GenerationAgentsState; 'IGNORE THE ABOVE ERRORS'.
[2025-10-08 16:19:20,924] [ERROR] Wrong state used; State of type HumanState; error message: dict has unexpected extra key(s): "graph_rag_examples", "intermediate_generations", "knowledge_base_ensemble_or_model_name", "model_seed", "model_temp", "model_top_p", "number_of_graph_rag_examples", "number_of_vector_based_rag_examples", "political_position_prob_of_na", "political_position_range", "political_position_std", "speaker_model_name", "speaker_type", "vector_based_persona_string", "vector_based_persona_sys_prompt"
[2025-10-08 16:19:20,925] [INFO] Correct state used; State of type GenerationAgentsState; 'IGNORE THE ABOVE ERRORS'.
[2025-10-08 16:19:20,925] [INFO] ENTER: 'UtteranceClassificationAgent' calling '_classify_sentence_utterance_types'; CURRENT SPEAKER: grok-3_mas_rag, DIALOGUE TURN NUM = 18.
[2025-10-08 16:19:21,984] [INFO] 'UtteranceClassificationAgent' completion returned and validated from MODEL = 'ModelName.GROK_3'.
[2025-10-08 16:19:22,765] [INFO] 'UtteranceClassificationAgent' completion returned and validated from MODEL = 'ModelName.GROK_3'.
[2025-10-08 16:19:24,701] [INFO] 'UtteranceClassificationAgent' completion returned and validated from MODEL = 'ModelName.GROK_3'.
[2025-10-08 16:19:25,451] [INFO] 'UtteranceClassificationAgent' completion returned and validated from MODEL = 'ModelName.GROK_3'.
[2025-10-08 16:19:26,173] [INFO] 'UtteranceClassificationAgent' completion returned and validated from MODEL = 'ModelName.GROK_3'.
[2025-10-08 16:19:26,173] [INFO] EXIT: 'UtteranceClassificationAgent' calling '_classify_sentence_utterance_types' (5.2485456466674805 secs).
[2025-10-08 16:19:26,173] [INFO] ENTER: 'UtteranceClassificationAgent' calling 'return_classified_sentences'; CURRENT SPEAKER: grok-3_mas_rag, DIALOGUE TURN NUM = 18.
[2025-10-08 16:19:26,173] [INFO] EXIT: 'UtteranceClassificationAgent' calling 'return_classified_sentences' (2.6226043701171875e-06 secs).
[2025-10-08 16:19:26,192] [INFO] ENTER: 'GraphRAG' calling 'since'; CURRENT SPEAKER: grok-3_mas_rag, DIALOGUE TURN NUM = 18.
[2025-10-08 16:19:26,193] [INFO] ENTER: 'GraphRAG' calling 'query_graph'; CURRENT SPEAKER: grok-3_mas_rag, DIALOGUE TURN NUM = 18.
[2025-10-08 16:19:26,214] [INFO] EXIT: 'GraphRAG' calling 'query_graph' (0.020961523056030273 secs).
[2025-10-08 16:19:26,214] [INFO] EXIT: 'GraphRAG' calling 'since' (0.021582841873168945 secs).
[2025-10-08 16:19:26,214] [INFO] ENTER: 'GraphRAG' calling 'claim'; CURRENT SPEAKER: grok-3_mas_rag, DIALOGUE TURN NUM = 18.
[2025-10-08 16:19:26,214] [INFO] ENTER: 'GraphRAG' calling 'query_graph'; CURRENT SPEAKER: grok-3_mas_rag, DIALOGUE TURN NUM = 18.
[2025-10-08 16:19:26,229] [INFO] EXIT: 'GraphRAG' calling 'query_graph' (0.014850139617919922 secs).
[2025-10-08 16:19:26,229] [INFO] EXIT: 'GraphRAG' calling 'claim' (0.015158414840698242 secs).
[2025-10-08 16:19:26,244] [INFO] ENTER: 'GraphRAG' calling 'since'; CURRENT SPEAKER: grok-3_mas_rag, DIALOGUE TURN NUM = 18.
[2025-10-08 16:19:26,244] [INFO] ENTER: 'GraphRAG' calling 'query_graph'; CURRENT SPEAKER: grok-3_mas_rag, DIALOGUE TURN NUM = 18.
[2025-10-08 16:19:26,263] [INFO] EXIT: 'GraphRAG' calling 'query_graph' (0.01848292350769043 secs).
[2025-10-08 16:19:26,263] [INFO] EXIT: 'GraphRAG' calling 'since' (0.01881551742553711 secs).
[2025-10-08 16:19:26,263] [INFO] ENTER: 'GraphRAG' calling 'claim'; CURRENT SPEAKER: grok-3_mas_rag, DIALOGUE TURN NUM = 18.
[2025-10-08 16:19:26,263] [INFO] ENTER: 'GraphRAG' calling 'query_graph'; CURRENT SPEAKER: grok-3_mas_rag, DIALOGUE TURN NUM = 18.
[2025-10-08 16:19:26,278] [INFO] EXIT: 'GraphRAG' calling 'query_graph' (0.014563322067260742 secs).
[2025-10-08 16:19:26,278] [INFO] EXIT: 'GraphRAG' calling 'claim' (0.014865875244140625 secs).
[2025-10-08 16:19:26,292] [INFO] ENTER: 'GraphRAG' calling 'since'; CURRENT SPEAKER: grok-3_mas_rag, DIALOGUE TURN NUM = 18.
[2025-10-08 16:19:26,293] [INFO] ENTER: 'GraphRAG' calling 'query_graph'; CURRENT SPEAKER: grok-3_mas_rag, DIALOGUE TURN NUM = 18.
[2025-10-08 16:19:26,312] [INFO] EXIT: 'GraphRAG' calling 'query_graph' (0.01938343048095703 secs).
[2025-10-08 16:19:26,312] [INFO] EXIT: 'GraphRAG' calling 'since' (0.019719839096069336 secs).
[2025-10-08 16:19:26,312] [INFO] ENTER: 'GraphRAG' calling 'claim'; CURRENT SPEAKER: grok-3_mas_rag, DIALOGUE TURN NUM = 18.
[2025-10-08 16:19:26,312] [INFO] ENTER: 'GraphRAG' calling 'query_graph'; CURRENT SPEAKER: grok-3_mas_rag, DIALOGUE TURN NUM = 18.
[2025-10-08 16:19:26,327] [INFO] EXIT: 'GraphRAG' calling 'query_graph' (0.014696359634399414 secs).
[2025-10-08 16:19:26,327] [INFO] EXIT: 'GraphRAG' calling 'claim' (0.014992237091064453 secs).
[2025-10-08 16:19:26,342] [INFO] ENTER: 'GraphRAG' calling 'since'; CURRENT SPEAKER: grok-3_mas_rag, DIALOGUE TURN NUM = 18.
[2025-10-08 16:19:26,343] [INFO] ENTER: 'GraphRAG' calling 'query_graph'; CURRENT SPEAKER: grok-3_mas_rag, DIALOGUE TURN NUM = 18.
[2025-10-08 16:19:26,361] [INFO] EXIT: 'GraphRAG' calling 'query_graph' (0.0186765193939209 secs).
[2025-10-08 16:19:26,361] [INFO] EXIT: 'GraphRAG' calling 'since' (0.019020795822143555 secs).
[2025-10-08 16:19:26,362] [INFO] ENTER: 'GraphRAG' calling 'claim'; CURRENT SPEAKER: grok-3_mas_rag, DIALOGUE TURN NUM = 18.
[2025-10-08 16:19:26,362] [INFO] ENTER: 'GraphRAG' calling 'query_graph'; CURRENT SPEAKER: grok-3_mas_rag, DIALOGUE TURN NUM = 18.
[2025-10-08 16:19:26,377] [INFO] EXIT: 'GraphRAG' calling 'query_graph' (0.014693260192871094 secs).
[2025-10-08 16:19:26,377] [INFO] EXIT: 'GraphRAG' calling 'claim' (0.015081167221069336 secs).
[2025-10-08 16:19:26,391] [INFO] ENTER: 'GraphRAG' calling 'since'; CURRENT SPEAKER: grok-3_mas_rag, DIALOGUE TURN NUM = 18.
[2025-10-08 16:19:26,391] [INFO] ENTER: 'GraphRAG' calling 'query_graph'; CURRENT SPEAKER: grok-3_mas_rag, DIALOGUE TURN NUM = 18.
[2025-10-08 16:19:26,410] [INFO] EXIT: 'GraphRAG' calling 'query_graph' (0.01848912239074707 secs).
[2025-10-08 16:19:26,410] [INFO] EXIT: 'GraphRAG' calling 'since' (0.018826723098754883 secs).
[2025-10-08 16:19:26,410] [INFO] ENTER: 'GraphRAG' calling 'claim'; CURRENT SPEAKER: grok-3_mas_rag, DIALOGUE TURN NUM = 18.
[2025-10-08 16:19:26,410] [INFO] ENTER: 'GraphRAG' calling 'query_graph'; CURRENT SPEAKER: grok-3_mas_rag, DIALOGUE TURN NUM = 18.
[2025-10-08 16:19:26,425] [INFO] EXIT: 'GraphRAG' calling 'query_graph' (0.014624357223510742 secs).
[2025-10-08 16:19:26,425] [INFO] EXIT: 'GraphRAG' calling 'claim' (0.014932632446289062 secs).
[2025-10-08 16:19:26,425] [INFO] ENTER: 'GraphRAG' calling 'return_rag_examples'; CURRENT SPEAKER: grok-3_mas_rag, DIALOGUE TURN NUM = 18.
[2025-10-08 16:19:26,425] [INFO] EXIT: 'GraphRAG' calling 'return_rag_examples' (2.384185791015625e-06 secs).
[2025-10-08 16:19:26,427] [INFO] ENTER: 'DialogueMoveGenerator' calling 'generate'; CURRENT SPEAKER: grok-3_mas_rag, DIALOGUE TURN NUM = 18.
[2025-10-08 16:19:26,428] [INFO] ENTER: 'MASPromptGenerator' calling 'claim'; CURRENT SPEAKER: grok-3_mas_rag, DIALOGUE TURN NUM = 18.
[2025-10-08 16:19:26,428] [INFO] EXIT: 'MASPromptGenerator' calling 'claim' (6.961822509765625e-05 secs).
[2025-10-08 16:19:26,429] [INFO] ENTER: 'DialogueMoveGenerator' calling 'generate'; CURRENT SPEAKER: grok-3_mas_rag, DIALOGUE TURN NUM = 18.
[2025-10-08 16:19:26,430] [INFO] ENTER: 'MASPromptGenerator' calling 'retract_claim'; CURRENT SPEAKER: grok-3_mas_rag, DIALOGUE TURN NUM = 18.
[2025-10-08 16:19:26,430] [INFO] EXIT: 'MASPromptGenerator' calling 'retract_claim' (5.745887756347656e-05 secs).
[2025-10-08 16:19:26,430] [INFO] ENTER: 'DialogueMoveGenerator' calling 'generate'; CURRENT SPEAKER: grok-3_mas_rag, DIALOGUE TURN NUM = 18.
[2025-10-08 16:19:26,430] [INFO] ENTER: 'MASPromptGenerator' calling 'since_claim'; CURRENT SPEAKER: grok-3_mas_rag, DIALOGUE TURN NUM = 18.
[2025-10-08 16:19:26,430] [INFO] EXIT: 'MASPromptGenerator' calling 'since_claim' (5.626678466796875e-05 secs).
[2025-10-08 16:19:33,854] [INFO] Completion returned and validated from MODEL = 'grok-3'.
[2025-10-08 16:19:33,927] [INFO] Completion returned and validated from MODEL = 'grok-3'.
[2025-10-08 16:19:34,287] [INFO] Completion returned and validated from MODEL = 'grok-3'.
[2025-10-08 16:19:40,406] [INFO] Completion returned and validated from MODEL = 'grok-3'.
[2025-10-08 16:19:40,909] [INFO] Completion returned and validated from MODEL = 'grok-3'.
[2025-10-08 16:19:40,915] [INFO] Completion returned and validated from MODEL = 'grok-3'.
[2025-10-08 16:19:44,134] [INFO] Completion returned and validated from MODEL = 'grok-3'.
[2025-10-08 16:19:47,046] [INFO] Completion returned and validated from MODEL = 'grok-3'.
[2025-10-08 16:19:48,097] [INFO] Completion returned and validated from MODEL = 'grok-3'.
[2025-10-08 16:19:48,215] [INFO] Completion returned and validated from MODEL = 'grok-3'.
[2025-10-08 16:19:51,438] [INFO] Completion returned and validated from MODEL = 'grok-3'.
[2025-10-08 16:19:52,187] [INFO] Completion returned and validated from MODEL = 'grok-3'.
[2025-10-08 16:19:52,187] [INFO] EXIT: 'DialogueMoveGenerator' calling 'generate' (25.757927179336548 secs).
[2025-10-08 16:19:52,324] [INFO] Completion returned and validated from MODEL = 'grok-3'.
[2025-10-08 16:19:56,474] [INFO] Completion returned and validated from MODEL = 'grok-3'.
[2025-10-08 16:19:56,475] [INFO] EXIT: 'DialogueMoveGenerator' calling 'generate' (30.046403169631958 secs).
[2025-10-08 16:19:57,271] [INFO] Completion returned and validated from MODEL = 'grok-3'.
[2025-10-08 16:19:57,271] [INFO] EXIT: 'DialogueMoveGenerator' calling 'generate' (30.840614080429077 secs).
[2025-10-08 16:19:57,272] [INFO] ENTER: 'MASPromptGenerator' calling 'persuasiveness_choice'; CURRENT SPEAKER: grok-3_mas_rag, DIALOGUE TURN NUM = 18.
[2025-10-08 16:19:57,272] [INFO] EXIT: 'MASPromptGenerator' calling 'persuasiveness_choice' (0.00020265579223632812 secs).
[2025-10-08 16:20:03,002] [INFO] Completion returned and validated within 'PersuasivenessChoiceAgent'; MODEL = 'grok-3'; DIALOGUE TURN NUM = 18.
[2025-10-08 16:20:06,163] [INFO] Completion returned and validated within 'PersuasivenessChoiceAgent'; MODEL = 'grok-3'; DIALOGUE TURN NUM = 18.
[2025-10-08 16:20:10,172] [INFO] Completion returned and validated within 'PersuasivenessChoiceAgent'; MODEL = 'grok-3'; DIALOGUE TURN NUM = 18.
[2025-10-08 16:20:14,680] [INFO] Completion returned and validated within 'PersuasivenessChoiceAgent'; MODEL = 'grok-3'; DIALOGUE TURN NUM = 18.
[2025-10-08 16:20:19,015] [INFO] Completion returned and validated within 'PersuasivenessChoiceAgent'; MODEL = 'grok-3'; DIALOGUE TURN NUM = 18.
[2025-10-08 16:20:19,015] [INFO] ENTER: 'DisambiguationAgent' calling '_grouping_similar_utterance_types'; CURRENT SPEAKER: grok-3_mas_rag, DIALOGUE TURN NUM = 18.
[2025-10-08 16:20:19,015] [INFO] EXIT: 'DisambiguationAgent' calling '_grouping_similar_utterance_types' (1.4781951904296875e-05 secs).
[2025-10-08 16:20:19,015] [INFO] ENTER: 'DisambiguationAgent' calling '_identifying_similar_sentences_and_choosing_one_to_return_to_user'; CURRENT SPEAKER: grok-3_mas_rag, DIALOGUE TURN NUM = 18.
[2025-10-08 16:20:37,094] [INFO] 'DisambiguationAgent' grouped similar sentences, completion returned and validated; MODEL = 'grok-3'.
[2025-10-08 16:20:38,568] [INFO] 'DisambiguationAgent' chose sentences to remove, completion returned and validated from MODEL = 'grok-3'.
[2025-10-08 16:20:42,140] [INFO] 'DisambiguationAgent' chose sentences to remove, completion returned and validated from MODEL = 'grok-3'.
[2025-10-08 16:20:43,548] [INFO] 'DisambiguationAgent' chose sentences to remove, completion returned and validated from MODEL = 'grok-3'.
[2025-10-08 16:20:44,803] [INFO] 'DisambiguationAgent' chose sentences to remove, completion returned and validated from MODEL = 'grok-3'.
[2025-10-08 16:20:46,009] [INFO] 'DisambiguationAgent' chose sentences to remove, completion returned and validated from MODEL = 'grok-3'.
[2025-10-08 16:20:47,378] [INFO] 'DisambiguationAgent' chose sentences to remove, completion returned and validated from MODEL = 'grok-3'.
[2025-10-08 16:20:47,378] [INFO] EXIT: 'DisambiguationAgent' calling '_identifying_similar_sentences_and_choosing_one_to_return_to_user' (28.362674474716187 secs).
[2025-10-08 16:20:47,378] [INFO] ENTER: 'DisambiguationAgent' calling '_removing_repetitive_sentences'; CURRENT SPEAKER: grok-3_mas_rag, DIALOGUE TURN NUM = 18.
[2025-10-08 16:20:47,378] [INFO] EXIT: 'DisambiguationAgent' calling '_removing_repetitive_sentences' (2.193450927734375e-05 secs).
[2025-10-08 16:20:47,378] [INFO] ENTER: 'DisambiguationAgent' calling '_choose_the_most_persuasive_sentences'; CURRENT SPEAKER: grok-3_mas_rag, DIALOGUE TURN NUM = 18.
[2025-10-08 16:20:53,868] [INFO] 'DisambiguationAgent': reached maximum allowed sentences, succussfully chose most persuasive sentences, completion returned and validated from MODEL = 'grok-3'.
[2025-10-08 16:20:53,868] [INFO] EXIT: 'DisambiguationAgent' calling '_choose_the_most_persuasive_sentences' (6.489639520645142 secs).
[2025-10-08 16:20:53,868] [INFO] ENTER: 'DisambiguationAgent' calling 'return_disambiguated_sentences'; CURRENT SPEAKER: grok-3_mas_rag, DIALOGUE TURN NUM = 18.
[2025-10-08 16:20:53,868] [INFO] EXIT: 'DisambiguationAgent' calling 'return_disambiguated_sentences' (2.384185791015625e-06 secs).
[2025-10-08 16:20:53,869] [ERROR] Wrong state used; State of type HumanState; error message: dict has unexpected extra key(s): "graph_rag_examples", "intermediate_generations", "knowledge_base_ensemble_or_model_name", "model_seed", "model_temp", "model_top_p", "number_of_graph_rag_examples", "number_of_vector_based_rag_examples", "political_position_prob_of_na", "political_position_range", "political_position_std", "speaker_model_name", "speaker_type", "vector_based_persona_string", "vector_based_persona_sys_prompt"
[2025-10-08 16:20:53,869] [INFO] Correct state used; State of type GenerationAgentsState; 'IGNORE THE ABOVE ERRORS'.
[2025-10-08 16:20:54,587] [INFO] 'commitment_update' completed '___Since___' update; MODEL = 'grok-3'.
[2025-10-08 16:20:55,278] [INFO] 'commitment_update' completed '___Since___' update; MODEL = 'grok-3'.
[2025-10-08 16:20:55,980] [INFO] 'commitment_update' completed '___Since___' update; MODEL = 'grok-3'.
[2025-10-08 16:20:56,698] [INFO] 'commitment_update' completed '___Claim___' update for current speaker's commitments; MODEL = 'grok-3'.
[2025-10-08 16:20:57,355] [INFO] 'commitment_update' completed '___Claim___' update for current speaker's commitments; MODEL = 'grok-3'.
[2025-10-08 16:20:57,451] [ERROR] Wrong state used; State of type HumanState; error message: dict has unexpected extra key(s): "graph_rag_examples", "intermediate_generations", "knowledge_base_ensemble_or_model_name", "model_seed", "model_temp", "model_top_p", "number_of_graph_rag_examples", "number_of_vector_based_rag_examples", "political_position_prob_of_na", "political_position_range", "political_position_std", "speaker_model_name", "speaker_type", "vector_based_persona_string", "vector_based_persona_sys_prompt"
[2025-10-08 16:20:57,451] [INFO] Correct state used; State of type GenerationAgentsState; 'IGNORE THE ABOVE ERRORS'.
[2025-10-08 16:20:57,451] [INFO] ENTER: 'UtteranceClassificationAgent' calling '_classify_sentence_utterance_types'; CURRENT SPEAKER: mistral-medium_mas, DIALOGUE TURN NUM = 19.
[2025-10-08 16:20:57,882] [INFO] 'UtteranceClassificationAgent' completion returned and validated from MODEL = 'ModelName.MISTRAL_MEDIUM'.
[2025-10-08 16:20:58,262] [INFO] 'UtteranceClassificationAgent' completion returned and validated from MODEL = 'ModelName.MISTRAL_MEDIUM'.
[2025-10-08 16:20:58,716] [INFO] 'UtteranceClassificationAgent' completion returned and validated from MODEL = 'ModelName.MISTRAL_MEDIUM'.
[2025-10-08 16:21:59,604] [INFO] 'UtteranceClassificationAgent' completion returned and validated from MODEL = 'ModelName.MISTRAL_MEDIUM'.
[2025-10-08 16:22:00,029] [INFO] 'UtteranceClassificationAgent' completion returned and validated from MODEL = 'ModelName.MISTRAL_MEDIUM'.
[2025-10-08 16:22:00,029] [INFO] EXIT: 'UtteranceClassificationAgent' calling '_classify_sentence_utterance_types' (62.577332496643066 secs).
[2025-10-08 16:22:00,029] [INFO] ENTER: 'UtteranceClassificationAgent' calling 'return_classified_sentences'; CURRENT SPEAKER: mistral-medium_mas, DIALOGUE TURN NUM = 19.
[2025-10-08 16:22:00,029] [INFO] EXIT: 'UtteranceClassificationAgent' calling 'return_classified_sentences' (2.1457672119140625e-06 secs).
[2025-10-08 16:22:00,032] [INFO] ENTER: 'DialogueMoveGenerator' calling 'generate'; CURRENT SPEAKER: mistral-medium_mas, DIALOGUE TURN NUM = 19.
[2025-10-08 16:22:00,032] [INFO] ENTER: 'MASPromptGenerator' calling 'concede_claim'; CURRENT SPEAKER: mistral-medium_mas, DIALOGUE TURN NUM = 19.
[2025-10-08 16:22:00,032] [INFO] EXIT: 'MASPromptGenerator' calling 'concede_claim' (4.601478576660156e-05 secs).
[2025-10-08 16:22:00,033] [INFO] ENTER: 'DialogueMoveGenerator' calling 'generate'; CURRENT SPEAKER: mistral-medium_mas, DIALOGUE TURN NUM = 19.
[2025-10-08 16:22:00,033] [INFO] ENTER: 'MASPromptGenerator' calling 'question_claim'; CURRENT SPEAKER: mistral-medium_mas, DIALOGUE TURN NUM = 19.
[2025-10-08 16:22:00,033] [INFO] EXIT: 'MASPromptGenerator' calling 'question_claim' (3.457069396972656e-05 secs).
[2025-10-08 16:22:00,033] [INFO] ENTER: 'DialogueMoveGenerator' calling 'generate'; CURRENT SPEAKER: mistral-medium_mas, DIALOGUE TURN NUM = 19.
[2025-10-08 16:22:00,034] [INFO] ENTER: 'MASPromptGenerator' calling 'why_claim'; CURRENT SPEAKER: mistral-medium_mas, DIALOGUE TURN NUM = 19.
[2025-10-08 16:22:00,034] [INFO] EXIT: 'MASPromptGenerator' calling 'why_claim' (5.269050598144531e-05 secs).
[2025-10-08 16:22:02,334] [INFO] Completion returned and validated from MODEL = 'mistral-medium'.
[2025-10-08 16:22:02,432] [INFO] Completion returned and validated from MODEL = 'mistral-medium'.
[2025-10-08 16:22:02,511] [INFO] Completion returned and validated from MODEL = 'mistral-medium'.
[2025-10-08 16:22:04,200] [INFO] Completion returned and validated from MODEL = 'mistral-medium'.
[2025-10-08 16:22:04,296] [INFO] Completion returned and validated from MODEL = 'mistral-medium'.
[2025-10-08 16:22:04,510] [INFO] Completion returned and validated from MODEL = 'mistral-medium'.
[2025-10-08 16:22:06,442] [INFO] Completion returned and validated from MODEL = 'mistral-medium'.
[2025-10-08 16:22:06,445] [INFO] Completion returned and validated from MODEL = 'mistral-medium'.
[2025-10-08 16:22:06,514] [INFO] Completion returned and validated from MODEL = 'mistral-medium'.
[2025-10-08 16:22:08,376] [INFO] Completion returned and validated from MODEL = 'mistral-medium'.
[2025-10-08 16:22:08,434] [INFO] Completion returned and validated from MODEL = 'mistral-medium'.
[2025-10-08 16:22:08,493] [INFO] Completion returned and validated from MODEL = 'mistral-medium'.
[2025-10-08 16:22:15,333] [INFO] Completion returned and validated from MODEL = 'mistral-medium'.
[2025-10-08 16:22:15,333] [INFO] EXIT: 'DialogueMoveGenerator' calling 'generate' (15.30026626586914 secs).
[2025-10-08 16:22:27,824] [INFO] Completion returned and validated from MODEL = 'mistral-medium'.
[2025-10-08 16:22:27,824] [INFO] EXIT: 'DialogueMoveGenerator' calling 'generate' (27.791549682617188 secs).
[2025-10-08 16:24:28,609] [INFO] Completion returned and validated from MODEL = 'mistral-medium'.
[2025-10-08 16:24:28,609] [INFO] EXIT: 'DialogueMoveGenerator' calling 'generate' (148.57489132881165 secs).
[2025-10-08 16:24:28,610] [INFO] ENTER: 'MASPromptGenerator' calling 'persuasiveness_choice'; CURRENT SPEAKER: mistral-medium_mas, DIALOGUE TURN NUM = 19.
[2025-10-08 16:24:28,610] [INFO] EXIT: 'MASPromptGenerator' calling 'persuasiveness_choice' (0.00018262863159179688 secs).
[2025-10-08 16:24:30,727] [INFO] Completion returned and validated within 'PersuasivenessChoiceAgent'; MODEL = 'mistral-medium'; DIALOGUE TURN NUM = 19.
[2025-10-08 16:24:33,063] [INFO] Completion returned and validated within 'PersuasivenessChoiceAgent'; MODEL = 'mistral-medium'; DIALOGUE TURN NUM = 19.
[2025-10-08 16:25:35,520] [INFO] Completion returned and validated within 'PersuasivenessChoiceAgent'; MODEL = 'mistral-medium'; DIALOGUE TURN NUM = 19.
[2025-10-08 16:25:37,139] [INFO] Completion returned and validated within 'PersuasivenessChoiceAgent'; MODEL = 'mistral-medium'; DIALOGUE TURN NUM = 19.
[2025-10-08 16:25:39,109] [INFO] Completion returned and validated within 'PersuasivenessChoiceAgent'; MODEL = 'mistral-medium'; DIALOGUE TURN NUM = 19.
[2025-10-08 16:25:39,110] [INFO] ENTER: 'DisambiguationAgent' calling '_grouping_similar_utterance_types'; CURRENT SPEAKER: mistral-medium_mas, DIALOGUE TURN NUM = 19.
[2025-10-08 16:25:39,110] [INFO] EXIT: 'DisambiguationAgent' calling '_grouping_similar_utterance_types' (9.775161743164062e-06 secs).
[2025-10-08 16:25:39,110] [INFO] ENTER: 'DisambiguationAgent' calling '_identifying_similar_sentences_and_choosing_one_to_return_to_user'; CURRENT SPEAKER: mistral-medium_mas, DIALOGUE TURN NUM = 19.
[2025-10-08 16:25:46,836] [INFO] 'DisambiguationAgent' grouped similar sentences, completion returned and validated; MODEL = 'mistral-medium'.
[2025-10-08 16:26:54,649] [INFO] 'DisambiguationAgent' chose sentences to remove, completion returned and validated from MODEL = 'mistral-medium'.
[2025-10-08 16:26:57,816] [INFO] 'DisambiguationAgent' chose sentences to remove, completion returned and validated from MODEL = 'mistral-medium'.
[2025-10-08 16:28:00,453] [INFO] 'DisambiguationAgent' chose sentences to remove, completion returned and validated from MODEL = 'mistral-medium'.
[2025-10-08 16:28:01,450] [INFO] 'DisambiguationAgent' chose sentences to remove, completion returned and validated from MODEL = 'mistral-medium'.
[2025-10-08 16:28:02,264] [INFO] 'DisambiguationAgent' chose sentences to remove, completion returned and validated from MODEL = 'mistral-medium'.
[2025-10-08 16:28:03,084] [INFO] 'DisambiguationAgent' chose sentences to remove, completion returned and validated from MODEL = 'mistral-medium'.
[2025-10-08 16:28:03,084] [INFO] EXIT: 'DisambiguationAgent' calling '_identifying_similar_sentences_and_choosing_one_to_return_to_user' (143.97440385818481 secs).
[2025-10-08 16:28:03,084] [INFO] ENTER: 'DisambiguationAgent' calling '_removing_repetitive_sentences'; CURRENT SPEAKER: mistral-medium_mas, DIALOGUE TURN NUM = 19.
[2025-10-08 16:28:03,084] [INFO] EXIT: 'DisambiguationAgent' calling '_removing_repetitive_sentences' (1.6450881958007812e-05 secs).
[2025-10-08 16:28:03,085] [INFO] ENTER: 'DisambiguationAgent' calling '_choose_the_most_persuasive_sentences'; CURRENT SPEAKER: mistral-medium_mas, DIALOGUE TURN NUM = 19.
[2025-10-08 16:29:12,758] [INFO] 'DisambiguationAgent': reached maximum allowed sentences, succussfully chose most persuasive sentences, completion returned and validated from MODEL = 'mistral-medium'.
[2025-10-08 16:29:12,758] [INFO] EXIT: 'DisambiguationAgent' calling '_choose_the_most_persuasive_sentences' (69.67350912094116 secs).
[2025-10-08 16:29:12,758] [INFO] ENTER: 'DisambiguationAgent' calling 'return_disambiguated_sentences'; CURRENT SPEAKER: mistral-medium_mas, DIALOGUE TURN NUM = 19.
[2025-10-08 16:29:12,758] [INFO] EXIT: 'DisambiguationAgent' calling 'return_disambiguated_sentences' (2.86102294921875e-06 secs).
[2025-10-08 16:29:12,759] [ERROR] Wrong state used; State of type HumanState; error message: dict has unexpected extra key(s): "graph_rag_examples", "intermediate_generations", "knowledge_base_ensemble_or_model_name", "model_seed", "model_temp", "model_top_p", "number_of_graph_rag_examples", "number_of_vector_based_rag_examples", "political_position_prob_of_na", "political_position_range", "political_position_std", "speaker_model_name", "speaker_type", "vector_based_persona_string", "vector_based_persona_sys_prompt"
[2025-10-08 16:29:12,759] [INFO] Correct state used; State of type GenerationAgentsState; 'IGNORE THE ABOVE ERRORS'.
[2025-10-08 16:29:12,843] [ERROR] Wrong state used; State of type HumanState; error message: dict has unexpected extra key(s): "graph_rag_examples", "intermediate_generations", "knowledge_base_ensemble_or_model_name", "model_seed", "model_temp", "model_top_p", "number_of_graph_rag_examples", "number_of_vector_based_rag_examples", "political_position_prob_of_na", "political_position_range", "political_position_std", "speaker_model_name", "speaker_type", "vector_based_persona_string", "vector_based_persona_sys_prompt"
[2025-10-08 16:29:12,843] [INFO] Correct state used; State of type GenerationAgentsState; 'IGNORE THE ABOVE ERRORS'.
[2025-10-08 16:29:12,843] [INFO] ENTER: 'UtteranceClassificationAgent' calling '_classify_sentence_utterance_types'; CURRENT SPEAKER: grok-3_mas_rag, DIALOGUE TURN NUM = 20.
[2025-10-08 16:29:13,879] [INFO] 'UtteranceClassificationAgent' completion returned and validated from MODEL = 'ModelName.GROK_3'.
[2025-10-08 16:29:14,875] [INFO] 'UtteranceClassificationAgent' completion returned and validated from MODEL = 'ModelName.GROK_3'.
[2025-10-08 16:29:15,543] [INFO] 'UtteranceClassificationAgent' completion returned and validated from MODEL = 'ModelName.GROK_3'.
[2025-10-08 16:29:16,201] [INFO] 'UtteranceClassificationAgent' completion returned and validated from MODEL = 'ModelName.GROK_3'.
[2025-10-08 16:29:16,894] [INFO] 'UtteranceClassificationAgent' completion returned and validated from MODEL = 'ModelName.GROK_3'.
[2025-10-08 16:29:16,894] [INFO] EXIT: 'UtteranceClassificationAgent' calling '_classify_sentence_utterance_types' (4.0508198738098145 secs).
[2025-10-08 16:29:16,894] [INFO] ENTER: 'UtteranceClassificationAgent' calling 'return_classified_sentences'; CURRENT SPEAKER: grok-3_mas_rag, DIALOGUE TURN NUM = 20.
[2025-10-08 16:29:16,894] [INFO] EXIT: 'UtteranceClassificationAgent' calling 'return_classified_sentences' (1.9073486328125e-06 secs).
[2025-10-08 16:29:16,913] [INFO] ENTER: 'GraphRAG' calling 'since'; CURRENT SPEAKER: grok-3_mas_rag, DIALOGUE TURN NUM = 20.
[2025-10-08 16:29:16,913] [INFO] ENTER: 'GraphRAG' calling 'query_graph'; CURRENT SPEAKER: grok-3_mas_rag, DIALOGUE TURN NUM = 20.
[2025-10-08 16:29:16,933] [INFO] EXIT: 'GraphRAG' calling 'query_graph' (0.01990818977355957 secs).
[2025-10-08 16:29:16,933] [INFO] EXIT: 'GraphRAG' calling 'since' (0.020255088806152344 secs).
[2025-10-08 16:29:16,933] [INFO] ENTER: 'GraphRAG' calling 'claim'; CURRENT SPEAKER: grok-3_mas_rag, DIALOGUE TURN NUM = 20.
[2025-10-08 16:29:16,934] [INFO] ENTER: 'GraphRAG' calling 'query_graph'; CURRENT SPEAKER: grok-3_mas_rag, DIALOGUE TURN NUM = 20.
[2025-10-08 16:29:16,948] [INFO] EXIT: 'GraphRAG' calling 'query_graph' (0.014713287353515625 secs).
[2025-10-08 16:29:16,948] [INFO] EXIT: 'GraphRAG' calling 'claim' (0.015053749084472656 secs).
[2025-10-08 16:29:16,968] [INFO] ENTER: 'GraphRAG' calling 'since'; CURRENT SPEAKER: grok-3_mas_rag, DIALOGUE TURN NUM = 20.
[2025-10-08 16:29:16,968] [INFO] ENTER: 'GraphRAG' calling 'query_graph'; CURRENT SPEAKER: grok-3_mas_rag, DIALOGUE TURN NUM = 20.
[2025-10-08 16:29:16,987] [INFO] EXIT: 'GraphRAG' calling 'query_graph' (0.01910543441772461 secs).
[2025-10-08 16:29:16,988] [INFO] EXIT: 'GraphRAG' calling 'since' (0.019428730010986328 secs).
[2025-10-08 16:29:16,988] [INFO] ENTER: 'GraphRAG' calling 'claim'; CURRENT SPEAKER: grok-3_mas_rag, DIALOGUE TURN NUM = 20.
[2025-10-08 16:29:16,988] [INFO] ENTER: 'GraphRAG' calling 'query_graph'; CURRENT SPEAKER: grok-3_mas_rag, DIALOGUE TURN NUM = 20.
[2025-10-08 16:29:17,003] [INFO] EXIT: 'GraphRAG' calling 'query_graph' (0.014865636825561523 secs).
[2025-10-08 16:29:17,003] [INFO] EXIT: 'GraphRAG' calling 'claim' (0.015201807022094727 secs).
[2025-10-08 16:29:17,018] [INFO] ENTER: 'GraphRAG' calling 'since'; CURRENT SPEAKER: grok-3_mas_rag, DIALOGUE TURN NUM = 20.
[2025-10-08 16:29:17,019] [INFO] ENTER: 'GraphRAG' calling 'query_graph'; CURRENT SPEAKER: grok-3_mas_rag, DIALOGUE TURN NUM = 20.
[2025-10-08 16:29:17,038] [INFO] EXIT: 'GraphRAG' calling 'query_graph' (0.01881265640258789 secs).
[2025-10-08 16:29:17,038] [INFO] EXIT: 'GraphRAG' calling 'since' (0.019140005111694336 secs).
[2025-10-08 16:29:17,038] [INFO] ENTER: 'GraphRAG' calling 'claim'; CURRENT SPEAKER: grok-3_mas_rag, DIALOGUE TURN NUM = 20.
[2025-10-08 16:29:17,038] [INFO] ENTER: 'GraphRAG' calling 'query_graph'; CURRENT SPEAKER: grok-3_mas_rag, DIALOGUE TURN NUM = 20.
[2025-10-08 16:29:17,053] [INFO] EXIT: 'GraphRAG' calling 'query_graph' (0.014702558517456055 secs).
[2025-10-08 16:29:17,053] [INFO] EXIT: 'GraphRAG' calling 'claim' (0.015039205551147461 secs).
[2025-10-08 16:29:17,070] [INFO] ENTER: 'GraphRAG' calling 'since'; CURRENT SPEAKER: grok-3_mas_rag, DIALOGUE TURN NUM = 20.
[2025-10-08 16:29:17,070] [INFO] ENTER: 'GraphRAG' calling 'query_graph'; CURRENT SPEAKER: grok-3_mas_rag, DIALOGUE TURN NUM = 20.
[2025-10-08 16:29:17,089] [INFO] EXIT: 'GraphRAG' calling 'query_graph' (0.018864870071411133 secs).
[2025-10-08 16:29:17,089] [INFO] EXIT: 'GraphRAG' calling 'since' (0.019202709197998047 secs).
[2025-10-08 16:29:17,089] [INFO] ENTER: 'GraphRAG' calling 'claim'; CURRENT SPEAKER: grok-3_mas_rag, DIALOGUE TURN NUM = 20.
[2025-10-08 16:29:17,090] [INFO] ENTER: 'GraphRAG' calling 'query_graph'; CURRENT SPEAKER: grok-3_mas_rag, DIALOGUE TURN NUM = 20.
[2025-10-08 16:29:17,105] [INFO] EXIT: 'GraphRAG' calling 'query_graph' (0.014844894409179688 secs).
[2025-10-08 16:29:17,105] [INFO] EXIT: 'GraphRAG' calling 'claim' (0.015211105346679688 secs).
[2025-10-08 16:29:17,121] [INFO] ENTER: 'GraphRAG' calling 'since'; CURRENT SPEAKER: grok-3_mas_rag, DIALOGUE TURN NUM = 20.
[2025-10-08 16:29:17,121] [INFO] ENTER: 'GraphRAG' calling 'query_graph'; CURRENT SPEAKER: grok-3_mas_rag, DIALOGUE TURN NUM = 20.
[2025-10-08 16:29:17,140] [INFO] EXIT: 'GraphRAG' calling 'query_graph' (0.019224166870117188 secs).
[2025-10-08 16:29:17,140] [INFO] EXIT: 'GraphRAG' calling 'since' (0.01956343650817871 secs).
[2025-10-08 16:29:17,140] [INFO] ENTER: 'GraphRAG' calling 'claim'; CURRENT SPEAKER: grok-3_mas_rag, DIALOGUE TURN NUM = 20.
[2025-10-08 16:29:17,141] [INFO] ENTER: 'GraphRAG' calling 'query_graph'; CURRENT SPEAKER: grok-3_mas_rag, DIALOGUE TURN NUM = 20.
[2025-10-08 16:29:17,156] [INFO] EXIT: 'GraphRAG' calling 'query_graph' (0.014863252639770508 secs).
[2025-10-08 16:29:17,156] [INFO] EXIT: 'GraphRAG' calling 'claim' (0.015255451202392578 secs).
[2025-10-08 16:29:17,156] [INFO] ENTER: 'GraphRAG' calling 'return_rag_examples'; CURRENT SPEAKER: grok-3_mas_rag, DIALOGUE TURN NUM = 20.
[2025-10-08 16:29:17,156] [INFO] EXIT: 'GraphRAG' calling 'return_rag_examples' (2.6226043701171875e-06 secs).
[2025-10-08 16:29:17,158] [INFO] ENTER: 'DialogueMoveGenerator' calling 'generate'; CURRENT SPEAKER: grok-3_mas_rag, DIALOGUE TURN NUM = 20.
[2025-10-08 16:29:17,159] [INFO] ENTER: 'MASPromptGenerator' calling 'claim'; CURRENT SPEAKER: grok-3_mas_rag, DIALOGUE TURN NUM = 20.
[2025-10-08 16:29:17,159] [INFO] EXIT: 'MASPromptGenerator' calling 'claim' (8.7738037109375e-05 secs).
[2025-10-08 16:29:17,159] [INFO] ENTER: 'DialogueMoveGenerator' calling 'generate'; CURRENT SPEAKER: grok-3_mas_rag, DIALOGUE TURN NUM = 20.
[2025-10-08 16:29:17,160] [INFO] ENTER: 'MASPromptGenerator' calling 'retract_claim'; CURRENT SPEAKER: grok-3_mas_rag, DIALOGUE TURN NUM = 20.
[2025-10-08 16:29:17,160] [INFO] EXIT: 'MASPromptGenerator' calling 'retract_claim' (5.626678466796875e-05 secs).
[2025-10-08 16:29:17,161] [INFO] ENTER: 'DialogueMoveGenerator' calling 'generate'; CURRENT SPEAKER: grok-3_mas_rag, DIALOGUE TURN NUM = 20.
[2025-10-08 16:29:17,161] [INFO] ENTER: 'MASPromptGenerator' calling 'since_claim'; CURRENT SPEAKER: grok-3_mas_rag, DIALOGUE TURN NUM = 20.
[2025-10-08 16:29:17,161] [INFO] EXIT: 'MASPromptGenerator' calling 'since_claim' (6.103515625e-05 secs).
[2025-10-08 16:29:22,127] [INFO] Completion returned and validated from MODEL = 'grok-3'.
[2025-10-08 16:29:22,273] [INFO] Completion returned and validated from MODEL = 'grok-3'.
[2025-10-08 16:29:22,531] [INFO] Completion returned and validated from MODEL = 'grok-3'.
[2025-10-08 16:29:26,442] [INFO] Completion returned and validated from MODEL = 'grok-3'.
[2025-10-08 16:29:26,528] [INFO] Completion returned and validated from MODEL = 'grok-3'.
[2025-10-08 16:29:32,737] [INFO] Completion returned and validated from MODEL = 'grok-3'.
[2025-10-08 16:29:35,902] [INFO] Completion returned and validated from MODEL = 'grok-3'.
[2025-10-08 16:29:35,926] [INFO] Completion returned and validated from MODEL = 'grok-3'.
[2025-10-08 16:29:36,361] [INFO] Completion returned and validated from MODEL = 'grok-3'.
[2025-10-08 16:29:43,152] [INFO] Completion returned and validated from MODEL = 'grok-3'.
[2025-10-08 16:29:43,459] [INFO] Completion returned and validated from MODEL = 'grok-3'.
[2025-10-08 16:29:43,711] [INFO] Completion returned and validated from MODEL = 'grok-3'.
[2025-10-08 16:29:47,488] [INFO] Completion returned and validated from MODEL = 'grok-3'.
[2025-10-08 16:29:47,488] [INFO] EXIT: 'DialogueMoveGenerator' calling 'generate' (30.328643560409546 secs).
[2025-10-08 16:29:47,549] [INFO] Completion returned and validated from MODEL = 'grok-3'.
[2025-10-08 16:29:47,549] [INFO] EXIT: 'DialogueMoveGenerator' calling 'generate' (30.388330459594727 secs).
[2025-10-08 16:29:55,333] [INFO] Completion returned and validated from MODEL = 'grok-3'.
[2025-10-08 16:29:55,333] [INFO] EXIT: 'DialogueMoveGenerator' calling 'generate' (38.17433142662048 secs).
[2025-10-08 16:29:55,334] [INFO] ENTER: 'MASPromptGenerator' calling 'persuasiveness_choice'; CURRENT SPEAKER: grok-3_mas_rag, DIALOGUE TURN NUM = 20.
[2025-10-08 16:29:55,334] [INFO] EXIT: 'MASPromptGenerator' calling 'persuasiveness_choice' (0.00018906593322753906 secs).
[2025-10-08 16:29:58,779] [INFO] Completion returned and validated within 'PersuasivenessChoiceAgent'; MODEL = 'grok-3'; DIALOGUE TURN NUM = 20.
[2025-10-08 16:30:03,838] [INFO] Completion returned and validated within 'PersuasivenessChoiceAgent'; MODEL = 'grok-3'; DIALOGUE TURN NUM = 20.
[2025-10-08 16:30:08,162] [INFO] Completion returned and validated within 'PersuasivenessChoiceAgent'; MODEL = 'grok-3'; DIALOGUE TURN NUM = 20.
[2025-10-08 16:30:11,904] [INFO] Completion returned and validated within 'PersuasivenessChoiceAgent'; MODEL = 'grok-3'; DIALOGUE TURN NUM = 20.
[2025-10-08 16:30:15,596] [INFO] Completion returned and validated within 'PersuasivenessChoiceAgent'; MODEL = 'grok-3'; DIALOGUE TURN NUM = 20.
[2025-10-08 16:30:15,597] [INFO] ENTER: 'DisambiguationAgent' calling '_grouping_similar_utterance_types'; CURRENT SPEAKER: grok-3_mas_rag, DIALOGUE TURN NUM = 20.
[2025-10-08 16:30:15,597] [INFO] EXIT: 'DisambiguationAgent' calling '_grouping_similar_utterance_types' (1.430511474609375e-05 secs).
[2025-10-08 16:30:15,597] [INFO] ENTER: 'DisambiguationAgent' calling '_identifying_similar_sentences_and_choosing_one_to_return_to_user'; CURRENT SPEAKER: grok-3_mas_rag, DIALOGUE TURN NUM = 20.
[2025-10-08 16:30:33,387] [INFO] 'DisambiguationAgent' grouped similar sentences, completion returned and validated; MODEL = 'grok-3'.
[2025-10-08 16:30:34,921] [INFO] 'DisambiguationAgent' chose sentences to remove, completion returned and validated from MODEL = 'grok-3'.
[2025-10-08 16:30:36,026] [INFO] 'DisambiguationAgent' chose sentences to remove, completion returned and validated from MODEL = 'grok-3'.
[2025-10-08 16:30:37,335] [INFO] 'DisambiguationAgent' chose sentences to remove, completion returned and validated from MODEL = 'grok-3'.
[2025-10-08 16:30:38,781] [INFO] 'DisambiguationAgent' chose sentences to remove, completion returned and validated from MODEL = 'grok-3'.
[2025-10-08 16:30:40,208] [INFO] 'DisambiguationAgent' chose sentences to remove, completion returned and validated from MODEL = 'grok-3'.
[2025-10-08 16:30:41,362] [INFO] 'DisambiguationAgent' chose sentences to remove, completion returned and validated from MODEL = 'grok-3'.
[2025-10-08 16:30:43,499] [INFO] 'DisambiguationAgent' chose sentences to remove, completion returned and validated from MODEL = 'grok-3'.
[2025-10-08 16:30:44,761] [INFO] 'DisambiguationAgent' chose sentences to remove, completion returned and validated from MODEL = 'grok-3'.
[2025-10-08 16:30:44,761] [INFO] EXIT: 'DisambiguationAgent' calling '_identifying_similar_sentences_and_choosing_one_to_return_to_user' (29.16352677345276 secs).
[2025-10-08 16:30:44,761] [INFO] ENTER: 'DisambiguationAgent' calling '_removing_repetitive_sentences'; CURRENT SPEAKER: grok-3_mas_rag, DIALOGUE TURN NUM = 20.
[2025-10-08 16:30:44,761] [INFO] EXIT: 'DisambiguationAgent' calling '_removing_repetitive_sentences' (2.0742416381835938e-05 secs).
[2025-10-08 16:30:44,761] [INFO] ENTER: 'DisambiguationAgent' calling '_choose_the_most_persuasive_sentences'; CURRENT SPEAKER: grok-3_mas_rag, DIALOGUE TURN NUM = 20.
[2025-10-08 16:30:50,230] [INFO] 'DisambiguationAgent': reached maximum allowed sentences, succussfully chose most persuasive sentences, completion returned and validated from MODEL = 'grok-3'.
[2025-10-08 16:30:50,230] [INFO] EXIT: 'DisambiguationAgent' calling '_choose_the_most_persuasive_sentences' (5.468777656555176 secs).
[2025-10-08 16:30:50,230] [INFO] ENTER: 'DisambiguationAgent' calling 'return_disambiguated_sentences'; CURRENT SPEAKER: grok-3_mas_rag, DIALOGUE TURN NUM = 20.
[2025-10-08 16:30:50,230] [INFO] EXIT: 'DisambiguationAgent' calling 'return_disambiguated_sentences' (2.6226043701171875e-06 secs).
[2025-10-08 16:30:50,230] [ERROR] Wrong state used; State of type HumanState; error message: dict has unexpected extra key(s): "graph_rag_examples", "intermediate_generations", "knowledge_base_ensemble_or_model_name", "model_seed", "model_temp", "model_top_p", "number_of_graph_rag_examples", "number_of_vector_based_rag_examples", "political_position_prob_of_na", "political_position_range", "political_position_std", "speaker_model_name", "speaker_type", "vector_based_persona_string", "vector_based_persona_sys_prompt"
[2025-10-08 16:30:50,231] [INFO] Correct state used; State of type GenerationAgentsState; 'IGNORE THE ABOVE ERRORS'.
[2025-10-08 16:30:50,934] [INFO] 'commitment_update' completed '___Claim___' update for current speaker's commitments; MODEL = 'grok-3'.
[2025-10-08 16:30:51,561] [INFO] 'commitment_update' completed '___Claim___' update for current speaker's commitments; MODEL = 'grok-3'.
[2025-10-08 16:30:52,275] [INFO] 'commitment_update' completed '___Since___' update; MODEL = 'grok-3'.
[2025-10-08 16:30:52,972] [INFO] 'commitment_update' completed '___Since___' update; MODEL = 'grok-3'.
[2025-10-08 16:30:53,671] [INFO] 'commitment_update' completed '___Claim___' update for current speaker's commitments; MODEL = 'grok-3'.
[2025-10-08 16:30:53,748] [ERROR] Wrong state used; State of type HumanState; error message: dict has unexpected extra key(s): "graph_rag_examples", "intermediate_generations", "knowledge_base_ensemble_or_model_name", "model_seed", "model_temp", "model_top_p", "number_of_graph_rag_examples", "number_of_vector_based_rag_examples", "political_position_prob_of_na", "political_position_range", "political_position_std", "speaker_model_name", "speaker_type", "vector_based_persona_string", "vector_based_persona_sys_prompt"
[2025-10-08 16:30:53,749] [INFO] Correct state used; State of type GenerationAgentsState; 'IGNORE THE ABOVE ERRORS'.
[2025-10-08 16:30:53,749] [INFO] ENTER: 'UtteranceClassificationAgent' calling '_classify_sentence_utterance_types'; CURRENT SPEAKER: mistral-medium_mas, DIALOGUE TURN NUM = 21.
[2025-10-08 16:30:54,184] [INFO] 'UtteranceClassificationAgent' completion returned and validated from MODEL = 'ModelName.MISTRAL_MEDIUM'.
[2025-10-08 16:30:58,849] [INFO] 'UtteranceClassificationAgent' completion returned and validated from MODEL = 'ModelName.MISTRAL_MEDIUM'.
[2025-10-08 16:31:03,917] [INFO] 'UtteranceClassificationAgent' completion returned and validated from MODEL = 'ModelName.MISTRAL_MEDIUM'.
[2025-10-08 16:31:04,418] [INFO] 'UtteranceClassificationAgent' completion returned and validated from MODEL = 'ModelName.MISTRAL_MEDIUM'.
[2025-10-08 16:31:21,362] [INFO] 'UtteranceClassificationAgent' completion returned and validated from MODEL = 'ModelName.MISTRAL_MEDIUM'.
[2025-10-08 16:31:21,362] [INFO] EXIT: 'UtteranceClassificationAgent' calling '_classify_sentence_utterance_types' (27.612812280654907 secs).
[2025-10-08 16:31:21,362] [INFO] ENTER: 'UtteranceClassificationAgent' calling 'return_classified_sentences'; CURRENT SPEAKER: mistral-medium_mas, DIALOGUE TURN NUM = 21.
[2025-10-08 16:31:21,362] [INFO] EXIT: 'UtteranceClassificationAgent' calling 'return_classified_sentences' (2.384185791015625e-06 secs).
[2025-10-08 16:31:21,365] [INFO] ENTER: 'DialogueMoveGenerator' calling 'generate'; CURRENT SPEAKER: mistral-medium_mas, DIALOGUE TURN NUM = 21.
[2025-10-08 16:31:21,366] [INFO] ENTER: 'MASPromptGenerator' calling 'concede_claim'; CURRENT SPEAKER: mistral-medium_mas, DIALOGUE TURN NUM = 21.
[2025-10-08 16:31:21,366] [INFO] EXIT: 'MASPromptGenerator' calling 'concede_claim' (5.054473876953125e-05 secs).
[2025-10-08 16:31:21,367] [INFO] ENTER: 'DialogueMoveGenerator' calling 'generate'; CURRENT SPEAKER: mistral-medium_mas, DIALOGUE TURN NUM = 21.
[2025-10-08 16:31:21,367] [INFO] ENTER: 'MASPromptGenerator' calling 'question_claim'; CURRENT SPEAKER: mistral-medium_mas, DIALOGUE TURN NUM = 21.
[2025-10-08 16:31:21,367] [INFO] EXIT: 'MASPromptGenerator' calling 'question_claim' (3.62396240234375e-05 secs).
[2025-10-08 16:31:21,369] [INFO] ENTER: 'DialogueMoveGenerator' calling 'generate'; CURRENT SPEAKER: mistral-medium_mas, DIALOGUE TURN NUM = 21.
[2025-10-08 16:31:21,369] [INFO] ENTER: 'MASPromptGenerator' calling 'why_claim'; CURRENT SPEAKER: mistral-medium_mas, DIALOGUE TURN NUM = 21.
[2025-10-08 16:31:21,369] [INFO] EXIT: 'MASPromptGenerator' calling 'why_claim' (5.412101745605469e-05 secs).
[2025-10-08 16:31:26,333] [INFO] Completion returned and validated from MODEL = 'mistral-medium'.
[2025-10-08 16:31:26,368] [INFO] Completion returned and validated from MODEL = 'mistral-medium'.
[2025-10-08 16:31:26,377] [INFO] Completion returned and validated from MODEL = 'mistral-medium'.
[2025-10-08 16:31:34,995] [INFO] Completion returned and validated from MODEL = 'mistral-medium'.
[2025-10-08 16:31:35,502] [INFO] Completion returned and validated from MODEL = 'mistral-medium'.
[2025-10-08 16:31:36,528] [INFO] Completion returned and validated from MODEL = 'mistral-medium'.
[2025-10-08 16:31:37,248] [INFO] Completion returned and validated from MODEL = 'mistral-medium'.
[2025-10-08 16:31:37,576] [INFO] Completion returned and validated from MODEL = 'mistral-medium'.
[2025-10-08 16:31:39,506] [INFO] Completion returned and validated from MODEL = 'mistral-medium'.
[2025-10-08 16:31:39,873] [INFO] Completion returned and validated from MODEL = 'mistral-medium'.
[2025-10-08 16:31:40,306] [INFO] Completion returned and validated from MODEL = 'mistral-medium'.
[2025-10-08 16:31:41,563] [INFO] Completion returned and validated from MODEL = 'mistral-medium'.
[2025-10-08 16:31:41,907] [INFO] Completion returned and validated from MODEL = 'mistral-medium'.
[2025-10-08 16:31:41,907] [INFO] EXIT: 'DialogueMoveGenerator' calling 'generate' (20.537943840026855 secs).
[2025-10-08 16:31:42,576] [INFO] Completion returned and validated from MODEL = 'mistral-medium'.
[2025-10-08 16:31:42,576] [INFO] EXIT: 'DialogueMoveGenerator' calling 'generate' (21.209099292755127 secs).
[2025-10-08 16:31:44,103] [INFO] Completion returned and validated from MODEL = 'mistral-medium'.
[2025-10-08 16:31:44,103] [INFO] EXIT: 'DialogueMoveGenerator' calling 'generate' (22.73711585998535 secs).
[2025-10-08 16:31:44,104] [INFO] ENTER: 'MASPromptGenerator' calling 'persuasiveness_choice'; CURRENT SPEAKER: mistral-medium_mas, DIALOGUE TURN NUM = 21.
[2025-10-08 16:31:44,104] [INFO] EXIT: 'MASPromptGenerator' calling 'persuasiveness_choice' (0.00018906593322753906 secs).
[2025-10-08 16:31:46,454] [INFO] Completion returned and validated within 'PersuasivenessChoiceAgent'; MODEL = 'mistral-medium'; DIALOGUE TURN NUM = 21.
[2025-10-08 16:31:48,436] [INFO] Completion returned and validated within 'PersuasivenessChoiceAgent'; MODEL = 'mistral-medium'; DIALOGUE TURN NUM = 21.
[2025-10-08 16:31:51,872] [INFO] Completion returned and validated within 'PersuasivenessChoiceAgent'; MODEL = 'mistral-medium'; DIALOGUE TURN NUM = 21.
[2025-10-08 16:32:33,220] [INFO] Completion returned and validated within 'PersuasivenessChoiceAgent'; MODEL = 'mistral-medium'; DIALOGUE TURN NUM = 21.
[2025-10-08 16:33:59,739] [INFO] Completion returned and validated within 'PersuasivenessChoiceAgent'; MODEL = 'mistral-medium'; DIALOGUE TURN NUM = 21.
[2025-10-08 16:33:59,740] [INFO] ENTER: 'DisambiguationAgent' calling '_grouping_similar_utterance_types'; CURRENT SPEAKER: mistral-medium_mas, DIALOGUE TURN NUM = 21.
[2025-10-08 16:33:59,740] [INFO] EXIT: 'DisambiguationAgent' calling '_grouping_similar_utterance_types' (9.298324584960938e-06 secs).
[2025-10-08 16:33:59,740] [INFO] ENTER: 'DisambiguationAgent' calling '_identifying_similar_sentences_and_choosing_one_to_return_to_user'; CURRENT SPEAKER: mistral-medium_mas, DIALOGUE TURN NUM = 21.
[2025-10-08 16:35:46,282] [INFO] 'DisambiguationAgent' grouped similar sentences, completion returned and validated; MODEL = 'mistral-medium'.
[2025-10-08 16:35:51,334] [INFO] 'DisambiguationAgent' chose sentences to remove, completion returned and validated from MODEL = 'mistral-medium'.
[2025-10-08 16:37:12,796] [INFO] 'DisambiguationAgent' chose sentences to remove, completion returned and validated from MODEL = 'mistral-medium'.
[2025-10-08 16:37:14,930] [INFO] 'DisambiguationAgent' chose sentences to remove, completion returned and validated from MODEL = 'mistral-medium'.
[2025-10-08 16:37:29,659] [INFO] 'DisambiguationAgent' chose sentences to remove, completion returned and validated from MODEL = 'mistral-medium'.
[2025-10-08 16:37:29,659] [INFO] EXIT: 'DisambiguationAgent' calling '_identifying_similar_sentences_and_choosing_one_to_return_to_user' (209.91913843154907 secs).
[2025-10-08 16:37:29,659] [INFO] ENTER: 'DisambiguationAgent' calling '_removing_repetitive_sentences'; CURRENT SPEAKER: mistral-medium_mas, DIALOGUE TURN NUM = 21.
[2025-10-08 16:37:29,659] [INFO] EXIT: 'DisambiguationAgent' calling '_removing_repetitive_sentences' (1.4781951904296875e-05 secs).
[2025-10-08 16:37:29,659] [INFO] ENTER: 'DisambiguationAgent' calling 'return_disambiguated_sentences'; CURRENT SPEAKER: mistral-medium_mas, DIALOGUE TURN NUM = 21.
[2025-10-08 16:37:29,659] [INFO] EXIT: 'DisambiguationAgent' calling 'return_disambiguated_sentences' (1.9073486328125e-06 secs).
[2025-10-08 16:37:29,660] [ERROR] Wrong state used; State of type HumanState; error message: dict has unexpected extra key(s): "graph_rag_examples", "intermediate_generations", "knowledge_base_ensemble_or_model_name", "model_seed", "model_temp", "model_top_p", "number_of_graph_rag_examples", "number_of_vector_based_rag_examples", "political_position_prob_of_na", "political_position_range", "political_position_std", "speaker_model_name", "speaker_type", "vector_based_persona_string", "vector_based_persona_sys_prompt"
[2025-10-08 16:37:29,660] [INFO] Correct state used; State of type GenerationAgentsState; 'IGNORE THE ABOVE ERRORS'.
[2025-10-08 16:37:29,745] [ERROR] Wrong state used; State of type HumanState; error message: dict has unexpected extra key(s): "graph_rag_examples", "intermediate_generations", "knowledge_base_ensemble_or_model_name", "model_seed", "model_temp", "model_top_p", "number_of_graph_rag_examples", "number_of_vector_based_rag_examples", "political_position_prob_of_na", "political_position_range", "political_position_std", "speaker_model_name", "speaker_type", "vector_based_persona_string", "vector_based_persona_sys_prompt"
[2025-10-08 16:37:29,745] [INFO] Correct state used; State of type GenerationAgentsState; 'IGNORE THE ABOVE ERRORS'.
[2025-10-08 16:37:29,745] [INFO] ENTER: 'UtteranceClassificationAgent' calling '_classify_sentence_utterance_types'; CURRENT SPEAKER: grok-3_mas_rag, DIALOGUE TURN NUM = 22.
[2025-10-08 16:37:30,792] [INFO] 'UtteranceClassificationAgent' completion returned and validated from MODEL = 'ModelName.GROK_3'.
[2025-10-08 16:37:31,858] [INFO] 'UtteranceClassificationAgent' completion returned and validated from MODEL = 'ModelName.GROK_3'.
[2025-10-08 16:37:32,569] [INFO] 'UtteranceClassificationAgent' completion returned and validated from MODEL = 'ModelName.GROK_3'.
[2025-10-08 16:37:33,230] [INFO] 'UtteranceClassificationAgent' completion returned and validated from MODEL = 'ModelName.GROK_3'.
[2025-10-08 16:37:33,230] [INFO] EXIT: 'UtteranceClassificationAgent' calling '_classify_sentence_utterance_types' (3.4850401878356934 secs).
[2025-10-08 16:37:33,230] [INFO] ENTER: 'UtteranceClassificationAgent' calling 'return_classified_sentences'; CURRENT SPEAKER: grok-3_mas_rag, DIALOGUE TURN NUM = 22.
[2025-10-08 16:37:33,230] [INFO] EXIT: 'UtteranceClassificationAgent' calling 'return_classified_sentences' (2.1457672119140625e-06 secs).
[2025-10-08 16:37:33,251] [INFO] ENTER: 'GraphRAG' calling 'since'; CURRENT SPEAKER: grok-3_mas_rag, DIALOGUE TURN NUM = 22.
[2025-10-08 16:37:33,251] [INFO] ENTER: 'GraphRAG' calling 'query_graph'; CURRENT SPEAKER: grok-3_mas_rag, DIALOGUE TURN NUM = 22.
[2025-10-08 16:37:33,271] [INFO] EXIT: 'GraphRAG' calling 'query_graph' (0.019913911819458008 secs).
[2025-10-08 16:37:33,271] [INFO] EXIT: 'GraphRAG' calling 'since' (0.020275354385375977 secs).
[2025-10-08 16:37:33,271] [INFO] ENTER: 'GraphRAG' calling 'claim'; CURRENT SPEAKER: grok-3_mas_rag, DIALOGUE TURN NUM = 22.
[2025-10-08 16:37:33,271] [INFO] ENTER: 'GraphRAG' calling 'query_graph'; CURRENT SPEAKER: grok-3_mas_rag, DIALOGUE TURN NUM = 22.
[2025-10-08 16:37:33,286] [INFO] EXIT: 'GraphRAG' calling 'query_graph' (0.014778852462768555 secs).
[2025-10-08 16:37:33,286] [INFO] EXIT: 'GraphRAG' calling 'claim' (0.015106439590454102 secs).
[2025-10-08 16:37:33,303] [INFO] ENTER: 'GraphRAG' calling 'claim'; CURRENT SPEAKER: grok-3_mas_rag, DIALOGUE TURN NUM = 22.
[2025-10-08 16:37:33,303] [INFO] ENTER: 'GraphRAG' calling 'query_graph'; CURRENT SPEAKER: grok-3_mas_rag, DIALOGUE TURN NUM = 22.
[2025-10-08 16:37:33,379] [INFO] EXIT: 'GraphRAG' calling 'query_graph' (0.07613253593444824 secs).
[2025-10-08 16:37:33,380] [INFO] EXIT: 'GraphRAG' calling 'claim' (0.07695627212524414 secs).
[2025-10-08 16:37:33,380] [INFO] ENTER: 'GraphRAG' calling 'claim_negation'; CURRENT SPEAKER: grok-3_mas_rag, DIALOGUE TURN NUM = 22.
[2025-10-08 16:37:33,380] [INFO] ENTER: 'GraphRAG' calling 'query_graph'; CURRENT SPEAKER: grok-3_mas_rag, DIALOGUE TURN NUM = 22.
[2025-10-08 16:37:33,399] [INFO] EXIT: 'GraphRAG' calling 'query_graph' (0.018754243850708008 secs).
[2025-10-08 16:37:33,399] [INFO] EXIT: 'GraphRAG' calling 'claim_negation' (0.019167184829711914 secs).
[2025-10-08 16:37:33,415] [INFO] ENTER: 'GraphRAG' calling 'since'; CURRENT SPEAKER: grok-3_mas_rag, DIALOGUE TURN NUM = 22.
[2025-10-08 16:37:33,415] [INFO] ENTER: 'GraphRAG' calling 'query_graph'; CURRENT SPEAKER: grok-3_mas_rag, DIALOGUE TURN NUM = 22.
[2025-10-08 16:37:33,435] [INFO] EXIT: 'GraphRAG' calling 'query_graph' (0.01974964141845703 secs).
[2025-10-08 16:37:33,435] [INFO] EXIT: 'GraphRAG' calling 'since' (0.020146608352661133 secs).
[2025-10-08 16:37:33,435] [INFO] ENTER: 'GraphRAG' calling 'claim'; CURRENT SPEAKER: grok-3_mas_rag, DIALOGUE TURN NUM = 22.
[2025-10-08 16:37:33,436] [INFO] ENTER: 'GraphRAG' calling 'query_graph'; CURRENT SPEAKER: grok-3_mas_rag, DIALOGUE TURN NUM = 22.
[2025-10-08 16:37:33,450] [INFO] EXIT: 'GraphRAG' calling 'query_graph' (0.01454305648803711 secs).
[2025-10-08 16:37:33,450] [INFO] EXIT: 'GraphRAG' calling 'claim' (0.014906883239746094 secs).
[2025-10-08 16:37:33,471] [INFO] ENTER: 'GraphRAG' calling 'since'; CURRENT SPEAKER: grok-3_mas_rag, DIALOGUE TURN NUM = 22.
[2025-10-08 16:37:33,471] [INFO] ENTER: 'GraphRAG' calling 'query_graph'; CURRENT SPEAKER: grok-3_mas_rag, DIALOGUE TURN NUM = 22.
[2025-10-08 16:37:33,490] [INFO] EXIT: 'GraphRAG' calling 'query_graph' (0.01908421516418457 secs).
[2025-10-08 16:37:33,490] [INFO] EXIT: 'GraphRAG' calling 'since' (0.019478559494018555 secs).
[2025-10-08 16:37:33,490] [INFO] ENTER: 'GraphRAG' calling 'claim'; CURRENT SPEAKER: grok-3_mas_rag, DIALOGUE TURN NUM = 22.
[2025-10-08 16:37:33,490] [INFO] ENTER: 'GraphRAG' calling 'query_graph'; CURRENT SPEAKER: grok-3_mas_rag, DIALOGUE TURN NUM = 22.
[2025-10-08 16:37:33,505] [INFO] EXIT: 'GraphRAG' calling 'query_graph' (0.014679670333862305 secs).
[2025-10-08 16:37:33,505] [INFO] EXIT: 'GraphRAG' calling 'claim' (0.015040397644042969 secs).
[2025-10-08 16:37:33,505] [INFO] ENTER: 'GraphRAG' calling 'return_rag_examples'; CURRENT SPEAKER: grok-3_mas_rag, DIALOGUE TURN NUM = 22.
[2025-10-08 16:37:33,505] [INFO] EXIT: 'GraphRAG' calling 'return_rag_examples' (1.9073486328125e-06 secs).
[2025-10-08 16:37:33,507] [INFO] ENTER: 'DialogueMoveGenerator' calling 'generate'; CURRENT SPEAKER: grok-3_mas_rag, DIALOGUE TURN NUM = 22.
[2025-10-08 16:37:33,508] [INFO] ENTER: 'MASPromptGenerator' calling 'claim'; CURRENT SPEAKER: grok-3_mas_rag, DIALOGUE TURN NUM = 22.
[2025-10-08 16:37:33,508] [INFO] EXIT: 'MASPromptGenerator' calling 'claim' (7.414817810058594e-05 secs).
[2025-10-08 16:37:33,508] [INFO] ENTER: 'DialogueMoveGenerator' calling 'generate'; CURRENT SPEAKER: grok-3_mas_rag, DIALOGUE TURN NUM = 22.
[2025-10-08 16:37:33,509] [INFO] ENTER: 'MASPromptGenerator' calling 'claim_negation'; CURRENT SPEAKER: grok-3_mas_rag, DIALOGUE TURN NUM = 22.
[2025-10-08 16:37:33,509] [INFO] EXIT: 'MASPromptGenerator' calling 'claim_negation' (5.054473876953125e-05 secs).
[2025-10-08 16:37:33,510] [INFO] ENTER: 'DialogueMoveGenerator' calling 'generate'; CURRENT SPEAKER: grok-3_mas_rag, DIALOGUE TURN NUM = 22.
[2025-10-08 16:37:33,510] [INFO] ENTER: 'MASPromptGenerator' calling 'retract_claim'; CURRENT SPEAKER: grok-3_mas_rag, DIALOGUE TURN NUM = 22.
[2025-10-08 16:37:33,510] [INFO] EXIT: 'MASPromptGenerator' calling 'retract_claim' (6.723403930664062e-05 secs).
[2025-10-08 16:37:33,510] [INFO] ENTER: 'DialogueMoveGenerator' calling 'generate'; CURRENT SPEAKER: grok-3_mas_rag, DIALOGUE TURN NUM = 22.
[2025-10-08 16:37:33,511] [INFO] ENTER: 'MASPromptGenerator' calling 'since_claim'; CURRENT SPEAKER: grok-3_mas_rag, DIALOGUE TURN NUM = 22.
[2025-10-08 16:37:33,511] [INFO] EXIT: 'MASPromptGenerator' calling 'since_claim' (5.3882598876953125e-05 secs).
[2025-10-08 16:37:37,186] [INFO] Completion returned and validated from MODEL = 'grok-3'.
[2025-10-08 16:37:37,186] [INFO] EXIT: 'DialogueMoveGenerator' calling 'generate' (3.677375078201294 secs).
[2025-10-08 16:37:41,517] [INFO] Completion returned and validated from MODEL = 'grok-3'.
[2025-10-08 16:37:46,081] [INFO] Completion returned and validated from MODEL = 'grok-3'.
[2025-10-08 16:37:46,596] [INFO] Completion returned and validated from MODEL = 'grok-3'.
[2025-10-08 16:37:48,356] [INFO] Completion returned and validated from MODEL = 'grok-3'.
[2025-10-08 16:37:51,358] [INFO] Completion returned and validated from MODEL = 'grok-3'.
[2025-10-08 16:37:53,235] [INFO] Completion returned and validated from MODEL = 'grok-3'.
[2025-10-08 16:37:53,235] [INFO] EXIT: 'DialogueMoveGenerator' calling 'generate' (19.724485874176025 secs).
[2025-10-08 16:37:54,753] [INFO] Completion returned and validated from MODEL = 'grok-3'.
[2025-10-08 16:38:01,682] [INFO] Completion returned and validated from MODEL = 'grok-3'.
[2025-10-08 16:38:02,122] [INFO] Completion returned and validated from MODEL = 'grok-3'.
[2025-10-08 16:38:08,680] [INFO] Completion returned and validated from MODEL = 'grok-3'.
[2025-10-08 16:38:08,681] [INFO] EXIT: 'DialogueMoveGenerator' calling 'generate' (35.173009634017944 secs).
[2025-10-08 16:38:14,577] [INFO] Completion returned and validated from MODEL = 'grok-3'.
[2025-10-08 16:38:14,577] [INFO] EXIT: 'DialogueMoveGenerator' calling 'generate' (41.06745386123657 secs).
[2025-10-08 16:38:14,578] [INFO] ENTER: 'MASPromptGenerator' calling 'persuasiveness_choice'; CURRENT SPEAKER: grok-3_mas_rag, DIALOGUE TURN NUM = 22.
[2025-10-08 16:38:14,578] [INFO] EXIT: 'MASPromptGenerator' calling 'persuasiveness_choice' (0.0001780986785888672 secs).
[2025-10-08 16:38:18,775] [INFO] Completion returned and validated within 'PersuasivenessChoiceAgent'; MODEL = 'grok-3'; DIALOGUE TURN NUM = 22.
[2025-10-08 16:38:21,112] [INFO] Completion returned and validated within 'PersuasivenessChoiceAgent'; MODEL = 'grok-3'; DIALOGUE TURN NUM = 22.
[2025-10-08 16:38:26,141] [INFO] Completion returned and validated within 'PersuasivenessChoiceAgent'; MODEL = 'grok-3'; DIALOGUE TURN NUM = 22.
[2025-10-08 16:38:30,315] [INFO] Completion returned and validated within 'PersuasivenessChoiceAgent'; MODEL = 'grok-3'; DIALOGUE TURN NUM = 22.
[2025-10-08 16:38:30,316] [INFO] ENTER: 'DisambiguationAgent' calling '_grouping_similar_utterance_types'; CURRENT SPEAKER: grok-3_mas_rag, DIALOGUE TURN NUM = 22.
[2025-10-08 16:38:30,316] [INFO] EXIT: 'DisambiguationAgent' calling '_grouping_similar_utterance_types' (1.0251998901367188e-05 secs).
[2025-10-08 16:38:30,316] [INFO] ENTER: 'DisambiguationAgent' calling '_identifying_similar_sentences_and_choosing_one_to_return_to_user'; CURRENT SPEAKER: grok-3_mas_rag, DIALOGUE TURN NUM = 22.
[2025-10-08 16:38:45,131] [INFO] 'DisambiguationAgent' grouped similar sentences, completion returned and validated; MODEL = 'grok-3'.
[2025-10-08 16:38:46,400] [INFO] 'DisambiguationAgent' chose sentences to remove, completion returned and validated from MODEL = 'grok-3'.
[2025-10-08 16:38:47,646] [INFO] 'DisambiguationAgent' chose sentences to remove, completion returned and validated from MODEL = 'grok-3'.
[2025-10-08 16:38:48,849] [INFO] 'DisambiguationAgent' chose sentences to remove, completion returned and validated from MODEL = 'grok-3'.
[2025-10-08 16:38:50,704] [INFO] 'DisambiguationAgent' chose sentences to remove, completion returned and validated from MODEL = 'grok-3'.
[2025-10-08 16:38:52,637] [INFO] 'DisambiguationAgent' chose sentences to remove, completion returned and validated from MODEL = 'grok-3'.
[2025-10-08 16:38:52,637] [INFO] EXIT: 'DisambiguationAgent' calling '_identifying_similar_sentences_and_choosing_one_to_return_to_user' (22.32120966911316 secs).
[2025-10-08 16:38:52,637] [INFO] ENTER: 'DisambiguationAgent' calling '_removing_repetitive_sentences'; CURRENT SPEAKER: grok-3_mas_rag, DIALOGUE TURN NUM = 22.
[2025-10-08 16:38:52,637] [INFO] EXIT: 'DisambiguationAgent' calling '_removing_repetitive_sentences' (1.9550323486328125e-05 secs).
[2025-10-08 16:38:52,637] [INFO] ENTER: 'DisambiguationAgent' calling 'return_disambiguated_sentences'; CURRENT SPEAKER: grok-3_mas_rag, DIALOGUE TURN NUM = 22.
[2025-10-08 16:38:52,637] [INFO] EXIT: 'DisambiguationAgent' calling 'return_disambiguated_sentences' (2.384185791015625e-06 secs).
[2025-10-08 16:38:52,638] [ERROR] Wrong state used; State of type HumanState; error message: dict has unexpected extra key(s): "graph_rag_examples", "intermediate_generations", "knowledge_base_ensemble_or_model_name", "model_seed", "model_temp", "model_top_p", "number_of_graph_rag_examples", "number_of_vector_based_rag_examples", "political_position_prob_of_na", "political_position_range", "political_position_std", "speaker_model_name", "speaker_type", "vector_based_persona_string", "vector_based_persona_sys_prompt"
[2025-10-08 16:38:52,638] [INFO] Correct state used; State of type GenerationAgentsState; 'IGNORE THE ABOVE ERRORS'.
[2025-10-08 16:38:53,354] [INFO] 'commitment_update' completed '___Since___' update; MODEL = 'grok-3'.
[2025-10-08 16:38:54,073] [INFO] 'commitment_update' completed '___Claim___' update for current speaker's commitments; MODEL = 'grok-3'.
[2025-10-08 16:38:55,221] [INFO] 'commitment_update' completed '___Claim___' update for current speaker's commitments; MODEL = 'grok-3'.
[2025-10-08 16:38:55,924] [INFO] 'commitment_update' completed '___Claim___' update for current speaker's commitments; MODEL = 'grok-3'.
[2025-10-08 16:38:56,647] [INFO] 'commitment_update' completed '___Claim___' update for current speaker's commitments; MODEL = 'grok-3'.
[2025-10-08 16:38:56,735] [ERROR] Wrong state used; State of type HumanState; error message: dict has unexpected extra key(s): "graph_rag_examples", "intermediate_generations", "knowledge_base_ensemble_or_model_name", "model_seed", "model_temp", "model_top_p", "number_of_graph_rag_examples", "number_of_vector_based_rag_examples", "political_position_prob_of_na", "political_position_range", "political_position_std", "speaker_model_name", "speaker_type", "vector_based_persona_string", "vector_based_persona_sys_prompt"
[2025-10-08 16:38:56,735] [INFO] Correct state used; State of type GenerationAgentsState; 'IGNORE THE ABOVE ERRORS'.
[2025-10-08 16:38:56,735] [INFO] ENTER: 'UtteranceClassificationAgent' calling '_classify_sentence_utterance_types'; CURRENT SPEAKER: mistral-medium_mas, DIALOGUE TURN NUM = 23.
[2025-10-08 16:40:43,977] [INFO] 'UtteranceClassificationAgent' completion returned and validated from MODEL = 'ModelName.MISTRAL_MEDIUM'.
[2025-10-08 16:41:44,961] [INFO] 'UtteranceClassificationAgent' completion returned and validated from MODEL = 'ModelName.MISTRAL_MEDIUM'.
[2025-10-08 16:41:45,858] [INFO] 'UtteranceClassificationAgent' completion returned and validated from MODEL = 'ModelName.MISTRAL_MEDIUM'.
[2025-10-08 16:41:46,299] [INFO] 'UtteranceClassificationAgent' completion returned and validated from MODEL = 'ModelName.MISTRAL_MEDIUM'.
[2025-10-08 16:41:46,749] [INFO] 'UtteranceClassificationAgent' completion returned and validated from MODEL = 'ModelName.MISTRAL_MEDIUM'.
[2025-10-08 16:41:46,749] [INFO] EXIT: 'UtteranceClassificationAgent' calling '_classify_sentence_utterance_types' (170.01428604125977 secs).
[2025-10-08 16:41:46,749] [INFO] ENTER: 'UtteranceClassificationAgent' calling 'return_classified_sentences'; CURRENT SPEAKER: mistral-medium_mas, DIALOGUE TURN NUM = 23.
[2025-10-08 16:41:46,750] [INFO] EXIT: 'UtteranceClassificationAgent' calling 'return_classified_sentences' (2.1457672119140625e-06 secs).
[2025-10-08 16:41:46,752] [INFO] ENTER: 'DialogueMoveGenerator' calling 'generate'; CURRENT SPEAKER: mistral-medium_mas, DIALOGUE TURN NUM = 23.
[2025-10-08 16:41:46,752] [INFO] ENTER: 'MASPromptGenerator' calling 'concede_claim'; CURRENT SPEAKER: mistral-medium_mas, DIALOGUE TURN NUM = 23.
[2025-10-08 16:41:46,752] [INFO] EXIT: 'MASPromptGenerator' calling 'concede_claim' (5.650520324707031e-05 secs).
[2025-10-08 16:41:46,752] [INFO] ENTER: 'DialogueMoveGenerator' calling 'generate'; CURRENT SPEAKER: mistral-medium_mas, DIALOGUE TURN NUM = 23.
[2025-10-08 16:41:46,753] [INFO] ENTER: 'MASPromptGenerator' calling 'question_claim'; CURRENT SPEAKER: mistral-medium_mas, DIALOGUE TURN NUM = 23.
[2025-10-08 16:41:46,753] [INFO] EXIT: 'MASPromptGenerator' calling 'question_claim' (4.649162292480469e-05 secs).
[2025-10-08 16:41:46,754] [INFO] ENTER: 'DialogueMoveGenerator' calling 'generate'; CURRENT SPEAKER: mistral-medium_mas, DIALOGUE TURN NUM = 23.
[2025-10-08 16:41:46,754] [INFO] ENTER: 'MASPromptGenerator' calling 'why_claim'; CURRENT SPEAKER: mistral-medium_mas, DIALOGUE TURN NUM = 23.
[2025-10-08 16:41:46,754] [INFO] EXIT: 'MASPromptGenerator' calling 'why_claim' (5.0067901611328125e-05 secs).
[2025-10-08 16:41:48,949] [INFO] Completion returned and validated from MODEL = 'mistral-medium'.
[2025-10-08 16:41:49,899] [INFO] Completion returned and validated from MODEL = 'mistral-medium'.
[2025-10-08 16:41:49,945] [INFO] Completion returned and validated from MODEL = 'mistral-medium'.
[2025-10-08 16:41:52,640] [INFO] Completion returned and validated from MODEL = 'mistral-medium'.
[2025-10-08 16:41:55,058] [INFO] Completion returned and validated from MODEL = 'mistral-medium'.
[2025-10-08 16:41:57,015] [INFO] Completion returned and validated from MODEL = 'mistral-medium'.
[2025-10-08 16:41:59,274] [INFO] Completion returned and validated from MODEL = 'mistral-medium'.
[2025-10-08 16:41:59,274] [INFO] EXIT: 'DialogueMoveGenerator' calling 'generate' (12.5222806930542 secs).
[2025-10-08 16:42:05,123] [INFO] Completion returned and validated from MODEL = 'mistral-medium'.
[2025-10-08 16:42:05,422] [INFO] Completion returned and validated from MODEL = 'mistral-medium'.
[2025-10-08 16:42:06,974] [INFO] Completion returned and validated from MODEL = 'mistral-medium'.
[2025-10-08 16:42:07,683] [INFO] Completion returned and validated from MODEL = 'mistral-medium'.
[2025-10-08 16:42:08,950] [INFO] Completion returned and validated from MODEL = 'mistral-medium'.
[2025-10-08 16:42:10,057] [INFO] Completion returned and validated from MODEL = 'mistral-medium'.
[2025-10-08 16:42:10,870] [INFO] Completion returned and validated from MODEL = 'mistral-medium'.
[2025-10-08 16:42:10,870] [INFO] EXIT: 'DialogueMoveGenerator' calling 'generate' (24.11783790588379 secs).
[2025-10-08 16:42:11,989] [INFO] Completion returned and validated from MODEL = 'mistral-medium'.
[2025-10-08 16:42:11,989] [INFO] EXIT: 'DialogueMoveGenerator' calling 'generate' (25.235145568847656 secs).
[2025-10-08 16:42:11,990] [INFO] ENTER: 'MASPromptGenerator' calling 'persuasiveness_choice'; CURRENT SPEAKER: mistral-medium_mas, DIALOGUE TURN NUM = 23.
[2025-10-08 16:42:11,990] [INFO] EXIT: 'MASPromptGenerator' calling 'persuasiveness_choice' (0.00021123886108398438 secs).
[2025-10-08 16:42:14,018] [INFO] Completion returned and validated within 'PersuasivenessChoiceAgent'; MODEL = 'mistral-medium'; DIALOGUE TURN NUM = 23.
[2025-10-08 16:42:16,383] [INFO] Completion returned and validated within 'PersuasivenessChoiceAgent'; MODEL = 'mistral-medium'; DIALOGUE TURN NUM = 23.
[2025-10-08 16:42:18,713] [INFO] Completion returned and validated within 'PersuasivenessChoiceAgent'; MODEL = 'mistral-medium'; DIALOGUE TURN NUM = 23.
[2025-10-08 16:42:20,559] [INFO] Completion returned and validated within 'PersuasivenessChoiceAgent'; MODEL = 'mistral-medium'; DIALOGUE TURN NUM = 23.
[2025-10-08 16:42:22,991] [INFO] Completion returned and validated within 'PersuasivenessChoiceAgent'; MODEL = 'mistral-medium'; DIALOGUE TURN NUM = 23.
[2025-10-08 16:42:22,991] [INFO] ENTER: 'DisambiguationAgent' calling '_grouping_similar_utterance_types'; CURRENT SPEAKER: mistral-medium_mas, DIALOGUE TURN NUM = 23.
[2025-10-08 16:42:22,992] [INFO] EXIT: 'DisambiguationAgent' calling '_grouping_similar_utterance_types' (1.0251998901367188e-05 secs).
[2025-10-08 16:42:22,992] [INFO] ENTER: 'DisambiguationAgent' calling '_identifying_similar_sentences_and_choosing_one_to_return_to_user'; CURRENT SPEAKER: mistral-medium_mas, DIALOGUE TURN NUM = 23.
[2025-10-08 16:42:34,782] [INFO] 'DisambiguationAgent' grouped similar sentences, completion returned and validated; MODEL = 'mistral-medium'.
[2025-10-08 16:42:35,821] [INFO] 'DisambiguationAgent' chose sentences to remove, completion returned and validated from MODEL = 'mistral-medium'.
[2025-10-08 16:42:38,701] [INFO] 'DisambiguationAgent' chose sentences to remove, completion returned and validated from MODEL = 'mistral-medium'.
[2025-10-08 16:42:40,117] [INFO] 'DisambiguationAgent' chose sentences to remove, completion returned and validated from MODEL = 'mistral-medium'.
[2025-10-08 16:42:40,844] [INFO] 'DisambiguationAgent' chose sentences to remove, completion returned and validated from MODEL = 'mistral-medium'.
[2025-10-08 16:42:41,728] [INFO] 'DisambiguationAgent' chose sentences to remove, completion returned and validated from MODEL = 'mistral-medium'.
[2025-10-08 16:42:41,728] [INFO] EXIT: 'DisambiguationAgent' calling '_identifying_similar_sentences_and_choosing_one_to_return_to_user' (18.736027717590332 secs).
[2025-10-08 16:42:41,728] [INFO] ENTER: 'DisambiguationAgent' calling '_removing_repetitive_sentences'; CURRENT SPEAKER: mistral-medium_mas, DIALOGUE TURN NUM = 23.
[2025-10-08 16:42:41,728] [INFO] EXIT: 'DisambiguationAgent' calling '_removing_repetitive_sentences' (1.71661376953125e-05 secs).
[2025-10-08 16:42:41,728] [INFO] ENTER: 'DisambiguationAgent' calling 'return_disambiguated_sentences'; CURRENT SPEAKER: mistral-medium_mas, DIALOGUE TURN NUM = 23.
[2025-10-08 16:42:41,728] [INFO] EXIT: 'DisambiguationAgent' calling 'return_disambiguated_sentences' (1.9073486328125e-06 secs).
[2025-10-08 16:42:41,728] [ERROR] Wrong state used; State of type HumanState; error message: dict has unexpected extra key(s): "graph_rag_examples", "intermediate_generations", "knowledge_base_ensemble_or_model_name", "model_seed", "model_temp", "model_top_p", "number_of_graph_rag_examples", "number_of_vector_based_rag_examples", "political_position_prob_of_na", "political_position_range", "political_position_std", "speaker_model_name", "speaker_type", "vector_based_persona_string", "vector_based_persona_sys_prompt"
[2025-10-08 16:42:41,729] [INFO] Correct state used; State of type GenerationAgentsState; 'IGNORE THE ABOVE ERRORS'.
[2025-10-08 16:42:41,814] [ERROR] Wrong state used; State of type HumanState; error message: dict has unexpected extra key(s): "graph_rag_examples", "intermediate_generations", "knowledge_base_ensemble_or_model_name", "model_seed", "model_temp", "model_top_p", "number_of_graph_rag_examples", "number_of_vector_based_rag_examples", "political_position_prob_of_na", "political_position_range", "political_position_std", "speaker_model_name", "speaker_type", "vector_based_persona_string", "vector_based_persona_sys_prompt"
[2025-10-08 16:42:41,815] [INFO] Correct state used; State of type GenerationAgentsState; 'IGNORE THE ABOVE ERRORS'.
[2025-10-08 16:42:41,815] [INFO] ENTER: 'UtteranceClassificationAgent' calling '_classify_sentence_utterance_types'; CURRENT SPEAKER: grok-3_mas_rag, DIALOGUE TURN NUM = 24.
[2025-10-08 16:42:45,514] [INFO] 'UtteranceClassificationAgent' completion returned and validated from MODEL = 'ModelName.GROK_3'.
[2025-10-08 16:42:46,576] [INFO] 'UtteranceClassificationAgent' completion returned and validated from MODEL = 'ModelName.GROK_3'.
[2025-10-08 16:42:47,317] [INFO] 'UtteranceClassificationAgent' completion returned and validated from MODEL = 'ModelName.GROK_3'.
[2025-10-08 16:42:48,097] [INFO] 'UtteranceClassificationAgent' completion returned and validated from MODEL = 'ModelName.GROK_3'.
[2025-10-08 16:42:49,054] [INFO] 'UtteranceClassificationAgent' completion returned and validated from MODEL = 'ModelName.GROK_3'.
[2025-10-08 16:42:49,054] [INFO] EXIT: 'UtteranceClassificationAgent' calling '_classify_sentence_utterance_types' (7.239049911499023 secs).
[2025-10-08 16:42:49,054] [INFO] ENTER: 'UtteranceClassificationAgent' calling 'return_classified_sentences'; CURRENT SPEAKER: grok-3_mas_rag, DIALOGUE TURN NUM = 24.
[2025-10-08 16:42:49,054] [INFO] EXIT: 'UtteranceClassificationAgent' calling 'return_classified_sentences' (2.6226043701171875e-06 secs).
[2025-10-08 16:42:49,077] [INFO] ENTER: 'GraphRAG' calling 'since'; CURRENT SPEAKER: grok-3_mas_rag, DIALOGUE TURN NUM = 24.
[2025-10-08 16:42:49,077] [INFO] ENTER: 'GraphRAG' calling 'query_graph'; CURRENT SPEAKER: grok-3_mas_rag, DIALOGUE TURN NUM = 24.
[2025-10-08 16:42:49,099] [INFO] EXIT: 'GraphRAG' calling 'query_graph' (0.022015094757080078 secs).
[2025-10-08 16:42:49,099] [INFO] EXIT: 'GraphRAG' calling 'since' (0.022387266159057617 secs).
[2025-10-08 16:42:49,100] [INFO] ENTER: 'GraphRAG' calling 'claim'; CURRENT SPEAKER: grok-3_mas_rag, DIALOGUE TURN NUM = 24.
[2025-10-08 16:42:49,100] [INFO] ENTER: 'GraphRAG' calling 'query_graph'; CURRENT SPEAKER: grok-3_mas_rag, DIALOGUE TURN NUM = 24.
[2025-10-08 16:42:49,115] [INFO] EXIT: 'GraphRAG' calling 'query_graph' (0.01505279541015625 secs).
[2025-10-08 16:42:49,115] [INFO] EXIT: 'GraphRAG' calling 'claim' (0.015452861785888672 secs).
[2025-10-08 16:42:49,131] [INFO] ENTER: 'GraphRAG' calling 'since'; CURRENT SPEAKER: grok-3_mas_rag, DIALOGUE TURN NUM = 24.
[2025-10-08 16:42:49,131] [INFO] ENTER: 'GraphRAG' calling 'query_graph'; CURRENT SPEAKER: grok-3_mas_rag, DIALOGUE TURN NUM = 24.
[2025-10-08 16:42:49,152] [INFO] EXIT: 'GraphRAG' calling 'query_graph' (0.021131277084350586 secs).
[2025-10-08 16:42:49,152] [INFO] EXIT: 'GraphRAG' calling 'since' (0.021527528762817383 secs).
[2025-10-08 16:42:49,152] [INFO] ENTER: 'GraphRAG' calling 'claim'; CURRENT SPEAKER: grok-3_mas_rag, DIALOGUE TURN NUM = 24.
[2025-10-08 16:42:49,153] [INFO] ENTER: 'GraphRAG' calling 'query_graph'; CURRENT SPEAKER: grok-3_mas_rag, DIALOGUE TURN NUM = 24.
[2025-10-08 16:42:49,168] [INFO] EXIT: 'GraphRAG' calling 'query_graph' (0.015326261520385742 secs).
[2025-10-08 16:42:49,168] [INFO] EXIT: 'GraphRAG' calling 'claim' (0.015723228454589844 secs).
[2025-10-08 16:42:49,186] [INFO] ENTER: 'GraphRAG' calling 'since'; CURRENT SPEAKER: grok-3_mas_rag, DIALOGUE TURN NUM = 24.
[2025-10-08 16:42:49,187] [INFO] ENTER: 'GraphRAG' calling 'query_graph'; CURRENT SPEAKER: grok-3_mas_rag, DIALOGUE TURN NUM = 24.
[2025-10-08 16:42:49,206] [INFO] EXIT: 'GraphRAG' calling 'query_graph' (0.019182920455932617 secs).
[2025-10-08 16:42:49,206] [INFO] EXIT: 'GraphRAG' calling 'since' (0.019573211669921875 secs).
[2025-10-08 16:42:49,206] [INFO] ENTER: 'GraphRAG' calling 'claim'; CURRENT SPEAKER: grok-3_mas_rag, DIALOGUE TURN NUM = 24.
[2025-10-08 16:42:49,206] [INFO] ENTER: 'GraphRAG' calling 'query_graph'; CURRENT SPEAKER: grok-3_mas_rag, DIALOGUE TURN NUM = 24.
[2025-10-08 16:42:49,222] [INFO] EXIT: 'GraphRAG' calling 'query_graph' (0.015322446823120117 secs).
[2025-10-08 16:42:49,222] [INFO] EXIT: 'GraphRAG' calling 'claim' (0.01575303077697754 secs).
[2025-10-08 16:42:49,238] [INFO] ENTER: 'GraphRAG' calling 'since'; CURRENT SPEAKER: grok-3_mas_rag, DIALOGUE TURN NUM = 24.
[2025-10-08 16:42:49,238] [INFO] ENTER: 'GraphRAG' calling 'query_graph'; CURRENT SPEAKER: grok-3_mas_rag, DIALOGUE TURN NUM = 24.
[2025-10-08 16:42:49,258] [INFO] EXIT: 'GraphRAG' calling 'query_graph' (0.01948261260986328 secs).
[2025-10-08 16:42:49,258] [INFO] EXIT: 'GraphRAG' calling 'since' (0.019861221313476562 secs).
[2025-10-08 16:42:49,258] [INFO] ENTER: 'GraphRAG' calling 'claim'; CURRENT SPEAKER: grok-3_mas_rag, DIALOGUE TURN NUM = 24.
[2025-10-08 16:42:49,258] [INFO] ENTER: 'GraphRAG' calling 'query_graph'; CURRENT SPEAKER: grok-3_mas_rag, DIALOGUE TURN NUM = 24.
[2025-10-08 16:42:49,273] [INFO] EXIT: 'GraphRAG' calling 'query_graph' (0.015269279479980469 secs).
[2025-10-08 16:42:49,273] [INFO] EXIT: 'GraphRAG' calling 'claim' (0.01569080352783203 secs).
[2025-10-08 16:42:49,292] [INFO] ENTER: 'GraphRAG' calling 'since'; CURRENT SPEAKER: grok-3_mas_rag, DIALOGUE TURN NUM = 24.
[2025-10-08 16:42:49,293] [INFO] ENTER: 'GraphRAG' calling 'query_graph'; CURRENT SPEAKER: grok-3_mas_rag, DIALOGUE TURN NUM = 24.
[2025-10-08 16:42:49,312] [INFO] EXIT: 'GraphRAG' calling 'query_graph' (0.019083738327026367 secs).
[2025-10-08 16:42:49,312] [INFO] EXIT: 'GraphRAG' calling 'since' (0.019481420516967773 secs).
[2025-10-08 16:42:49,312] [INFO] ENTER: 'GraphRAG' calling 'claim'; CURRENT SPEAKER: grok-3_mas_rag, DIALOGUE TURN NUM = 24.
[2025-10-08 16:42:49,312] [INFO] ENTER: 'GraphRAG' calling 'query_graph'; CURRENT SPEAKER: grok-3_mas_rag, DIALOGUE TURN NUM = 24.
[2025-10-08 16:42:49,327] [INFO] EXIT: 'GraphRAG' calling 'query_graph' (0.014842510223388672 secs).
[2025-10-08 16:42:49,327] [INFO] EXIT: 'GraphRAG' calling 'claim' (0.015171051025390625 secs).
[2025-10-08 16:42:49,327] [INFO] ENTER: 'GraphRAG' calling 'return_rag_examples'; CURRENT SPEAKER: grok-3_mas_rag, DIALOGUE TURN NUM = 24.
[2025-10-08 16:42:49,327] [INFO] EXIT: 'GraphRAG' calling 'return_rag_examples' (1.6689300537109375e-06 secs).
[2025-10-08 16:42:49,331] [INFO] ENTER: 'DialogueMoveGenerator' calling 'generate'; CURRENT SPEAKER: grok-3_mas_rag, DIALOGUE TURN NUM = 24.
[2025-10-08 16:42:49,331] [INFO] ENTER: 'MASPromptGenerator' calling 'claim'; CURRENT SPEAKER: grok-3_mas_rag, DIALOGUE TURN NUM = 24.
[2025-10-08 16:42:49,331] [INFO] EXIT: 'MASPromptGenerator' calling 'claim' (7.796287536621094e-05 secs).
[2025-10-08 16:42:49,332] [INFO] ENTER: 'DialogueMoveGenerator' calling 'generate'; CURRENT SPEAKER: grok-3_mas_rag, DIALOGUE TURN NUM = 24.
[2025-10-08 16:42:49,333] [INFO] ENTER: 'MASPromptGenerator' calling 'retract_claim'; CURRENT SPEAKER: grok-3_mas_rag, DIALOGUE TURN NUM = 24.
[2025-10-08 16:42:49,333] [INFO] EXIT: 'MASPromptGenerator' calling 'retract_claim' (6.198883056640625e-05 secs).
[2025-10-08 16:42:49,335] [INFO] ENTER: 'DialogueMoveGenerator' calling 'generate'; CURRENT SPEAKER: grok-3_mas_rag, DIALOGUE TURN NUM = 24.
[2025-10-08 16:42:49,335] [INFO] ENTER: 'MASPromptGenerator' calling 'since_claim'; CURRENT SPEAKER: grok-3_mas_rag, DIALOGUE TURN NUM = 24.
[2025-10-08 16:42:49,335] [INFO] EXIT: 'MASPromptGenerator' calling 'since_claim' (7.390975952148438e-05 secs).
[2025-10-08 16:42:54,337] [INFO] Completion returned and validated from MODEL = 'grok-3'.
[2025-10-08 16:42:54,429] [INFO] Completion returned and validated from MODEL = 'grok-3'.
[2025-10-08 16:42:55,838] [INFO] Completion returned and validated from MODEL = 'grok-3'.
[2025-10-08 16:42:58,517] [INFO] Completion returned and validated from MODEL = 'grok-3'.
[2025-10-08 16:42:59,263] [INFO] Completion returned and validated from MODEL = 'grok-3'.
[2025-10-08 16:43:00,221] [INFO] Completion returned and validated from MODEL = 'grok-3'.
[2025-10-08 16:43:02,860] [INFO] Completion returned and validated from MODEL = 'grok-3'.
[2025-10-08 16:43:03,796] [INFO] Completion returned and validated from MODEL = 'grok-3'.
[2025-10-08 16:43:04,387] [INFO] Completion returned and validated from MODEL = 'grok-3'.
[2025-10-08 16:43:06,833] [INFO] Completion returned and validated from MODEL = 'grok-3'.
[2025-10-08 16:43:08,572] [INFO] Completion returned and validated from MODEL = 'grok-3'.
[2025-10-08 16:43:10,399] [INFO] Completion returned and validated from MODEL = 'grok-3'.
[2025-10-08 16:43:12,855] [INFO] Completion returned and validated from MODEL = 'grok-3'.
[2025-10-08 16:43:12,855] [INFO] EXIT: 'DialogueMoveGenerator' calling 'generate' (23.52201223373413 secs).
[2025-10-08 16:43:14,288] [INFO] Completion returned and validated from MODEL = 'grok-3'.
[2025-10-08 16:43:14,288] [INFO] EXIT: 'DialogueMoveGenerator' calling 'generate' (24.95707869529724 secs).
[2025-10-08 16:43:14,981] [INFO] Completion returned and validated from MODEL = 'grok-3'.
[2025-10-08 16:43:14,981] [INFO] EXIT: 'DialogueMoveGenerator' calling 'generate' (25.646093130111694 secs).
[2025-10-08 16:43:14,982] [INFO] ENTER: 'MASPromptGenerator' calling 'persuasiveness_choice'; CURRENT SPEAKER: grok-3_mas_rag, DIALOGUE TURN NUM = 24.
[2025-10-08 16:43:14,982] [INFO] EXIT: 'MASPromptGenerator' calling 'persuasiveness_choice' (0.00023937225341796875 secs).
[2025-10-08 16:43:19,311] [INFO] Completion returned and validated within 'PersuasivenessChoiceAgent'; MODEL = 'grok-3'; DIALOGUE TURN NUM = 24.
[2025-10-08 16:43:23,527] [INFO] Completion returned and validated within 'PersuasivenessChoiceAgent'; MODEL = 'grok-3'; DIALOGUE TURN NUM = 24.
[2025-10-08 16:43:28,911] [INFO] Completion returned and validated within 'PersuasivenessChoiceAgent'; MODEL = 'grok-3'; DIALOGUE TURN NUM = 24.
[2025-10-08 16:43:33,733] [INFO] Completion returned and validated within 'PersuasivenessChoiceAgent'; MODEL = 'grok-3'; DIALOGUE TURN NUM = 24.
[2025-10-08 16:43:37,997] [INFO] Completion returned and validated within 'PersuasivenessChoiceAgent'; MODEL = 'grok-3'; DIALOGUE TURN NUM = 24.
[2025-10-08 16:43:37,998] [INFO] ENTER: 'DisambiguationAgent' calling '_grouping_similar_utterance_types'; CURRENT SPEAKER: grok-3_mas_rag, DIALOGUE TURN NUM = 24.
[2025-10-08 16:43:37,998] [INFO] EXIT: 'DisambiguationAgent' calling '_grouping_similar_utterance_types' (1.5497207641601562e-05 secs).
[2025-10-08 16:43:37,998] [INFO] ENTER: 'DisambiguationAgent' calling '_identifying_similar_sentences_and_choosing_one_to_return_to_user'; CURRENT SPEAKER: grok-3_mas_rag, DIALOGUE TURN NUM = 24.
[2025-10-08 16:43:56,235] [INFO] 'DisambiguationAgent' grouped similar sentences, completion returned and validated; MODEL = 'grok-3'.
[2025-10-08 16:43:57,402] [INFO] 'DisambiguationAgent' chose sentences to remove, completion returned and validated from MODEL = 'grok-3'.
[2025-10-08 16:43:58,780] [INFO] 'DisambiguationAgent' chose sentences to remove, completion returned and validated from MODEL = 'grok-3'.
[2025-10-08 16:44:00,042] [INFO] 'DisambiguationAgent' chose sentences to remove, completion returned and validated from MODEL = 'grok-3'.
[2025-10-08 16:44:01,367] [INFO] 'DisambiguationAgent' chose sentences to remove, completion returned and validated from MODEL = 'grok-3'.
[2025-10-08 16:44:02,634] [INFO] 'DisambiguationAgent' chose sentences to remove, completion returned and validated from MODEL = 'grok-3'.
[2025-10-08 16:44:03,934] [INFO] 'DisambiguationAgent' chose sentences to remove, completion returned and validated from MODEL = 'grok-3'.
[2025-10-08 16:44:03,934] [INFO] EXIT: 'DisambiguationAgent' calling '_identifying_similar_sentences_and_choosing_one_to_return_to_user' (25.93565607070923 secs).
[2025-10-08 16:44:03,934] [INFO] ENTER: 'DisambiguationAgent' calling '_removing_repetitive_sentences'; CURRENT SPEAKER: grok-3_mas_rag, DIALOGUE TURN NUM = 24.
[2025-10-08 16:44:03,934] [INFO] EXIT: 'DisambiguationAgent' calling '_removing_repetitive_sentences' (2.4318695068359375e-05 secs).
[2025-10-08 16:44:03,934] [INFO] ENTER: 'DisambiguationAgent' calling '_choose_the_most_persuasive_sentences'; CURRENT SPEAKER: grok-3_mas_rag, DIALOGUE TURN NUM = 24.
[2025-10-08 16:44:08,353] [INFO] 'DisambiguationAgent': reached maximum allowed sentences, succussfully chose most persuasive sentences, completion returned and validated from MODEL = 'grok-3'.
[2025-10-08 16:44:08,353] [INFO] EXIT: 'DisambiguationAgent' calling '_choose_the_most_persuasive_sentences' (4.4190168380737305 secs).
[2025-10-08 16:44:08,353] [INFO] ENTER: 'DisambiguationAgent' calling 'return_disambiguated_sentences'; CURRENT SPEAKER: grok-3_mas_rag, DIALOGUE TURN NUM = 24.
[2025-10-08 16:44:08,353] [INFO] EXIT: 'DisambiguationAgent' calling 'return_disambiguated_sentences' (2.6226043701171875e-06 secs).
[2025-10-08 16:44:08,354] [ERROR] Wrong state used; State of type HumanState; error message: dict has unexpected extra key(s): "graph_rag_examples", "intermediate_generations", "knowledge_base_ensemble_or_model_name", "model_seed", "model_temp", "model_top_p", "number_of_graph_rag_examples", "number_of_vector_based_rag_examples", "political_position_prob_of_na", "political_position_range", "political_position_std", "speaker_model_name", "speaker_type", "vector_based_persona_string", "vector_based_persona_sys_prompt"
[2025-10-08 16:44:08,354] [INFO] Correct state used; State of type GenerationAgentsState; 'IGNORE THE ABOVE ERRORS'.
[2025-10-08 16:44:10,661] [INFO] 'commitment_update' completed '___Claim___' update for current speaker's commitments; MODEL = 'grok-3'.
[2025-10-08 16:44:11,670] [INFO] 'commitment_update' completed '___Since___' update; MODEL = 'grok-3'.
[2025-10-08 16:44:12,378] [INFO] 'commitment_update' completed '___Since___' update; MODEL = 'grok-3'.
[2025-10-08 16:44:14,673] [INFO] 'commitment_update' completed '___Since___' update; MODEL = 'grok-3'.
[2025-10-08 16:44:15,733] [INFO] 'commitment_update' completed '___Claim___' update for current speaker's commitments; MODEL = 'grok-3'.
[2025-10-08 16:44:15,813] [ERROR] Wrong state used; State of type HumanState; error message: dict has unexpected extra key(s): "graph_rag_examples", "intermediate_generations", "knowledge_base_ensemble_or_model_name", "model_seed", "model_temp", "model_top_p", "number_of_graph_rag_examples", "number_of_vector_based_rag_examples", "political_position_prob_of_na", "political_position_range", "political_position_std", "speaker_model_name", "speaker_type", "vector_based_persona_string", "vector_based_persona_sys_prompt"
[2025-10-08 16:44:15,814] [INFO] Correct state used; State of type GenerationAgentsState; 'IGNORE THE ABOVE ERRORS'.
[2025-10-08 16:44:15,814] [INFO] ENTER: 'UtteranceClassificationAgent' calling '_classify_sentence_utterance_types'; CURRENT SPEAKER: mistral-medium_mas, DIALOGUE TURN NUM = 25.
[2025-10-08 16:44:19,898] [INFO] 'UtteranceClassificationAgent' completion returned and validated from MODEL = 'ModelName.MISTRAL_MEDIUM'.
[2025-10-08 16:44:20,437] [INFO] 'UtteranceClassificationAgent' completion returned and validated from MODEL = 'ModelName.MISTRAL_MEDIUM'.
[2025-10-08 16:44:30,247] [INFO] 'UtteranceClassificationAgent' completion returned and validated from MODEL = 'ModelName.MISTRAL_MEDIUM'.
[2025-10-08 16:44:30,783] [INFO] 'UtteranceClassificationAgent' completion returned and validated from MODEL = 'ModelName.MISTRAL_MEDIUM'.
[2025-10-08 16:44:33,261] [INFO] 'UtteranceClassificationAgent' completion returned and validated from MODEL = 'ModelName.MISTRAL_MEDIUM'.
[2025-10-08 16:44:33,261] [INFO] EXIT: 'UtteranceClassificationAgent' calling '_classify_sentence_utterance_types' (17.447474479675293 secs).
[2025-10-08 16:44:33,261] [INFO] ENTER: 'UtteranceClassificationAgent' calling 'return_classified_sentences'; CURRENT SPEAKER: mistral-medium_mas, DIALOGUE TURN NUM = 25.
[2025-10-08 16:44:33,261] [INFO] EXIT: 'UtteranceClassificationAgent' calling 'return_classified_sentences' (2.6226043701171875e-06 secs).
[2025-10-08 16:44:33,265] [INFO] ENTER: 'DialogueMoveGenerator' calling 'generate'; CURRENT SPEAKER: mistral-medium_mas, DIALOGUE TURN NUM = 25.
[2025-10-08 16:44:33,265] [INFO] ENTER: 'MASPromptGenerator' calling 'concede_claim'; CURRENT SPEAKER: mistral-medium_mas, DIALOGUE TURN NUM = 25.
[2025-10-08 16:44:33,265] [INFO] EXIT: 'MASPromptGenerator' calling 'concede_claim' (7.510185241699219e-05 secs).
[2025-10-08 16:44:33,266] [INFO] ENTER: 'DialogueMoveGenerator' calling 'generate'; CURRENT SPEAKER: mistral-medium_mas, DIALOGUE TURN NUM = 25.
[2025-10-08 16:44:33,267] [INFO] ENTER: 'MASPromptGenerator' calling 'question_claim'; CURRENT SPEAKER: mistral-medium_mas, DIALOGUE TURN NUM = 25.
[2025-10-08 16:44:33,267] [INFO] EXIT: 'MASPromptGenerator' calling 'question_claim' (6.747245788574219e-05 secs).
[2025-10-08 16:44:33,267] [INFO] ENTER: 'DialogueMoveGenerator' calling 'generate'; CURRENT SPEAKER: mistral-medium_mas, DIALOGUE TURN NUM = 25.
[2025-10-08 16:44:33,267] [INFO] ENTER: 'MASPromptGenerator' calling 'why_claim'; CURRENT SPEAKER: mistral-medium_mas, DIALOGUE TURN NUM = 25.
[2025-10-08 16:44:33,267] [INFO] EXIT: 'MASPromptGenerator' calling 'why_claim' (4.744529724121094e-05 secs).
[2025-10-08 16:44:35,105] [INFO] Completion returned and validated from MODEL = 'mistral-medium'.
[2025-10-08 16:44:35,534] [INFO] Completion returned and validated from MODEL = 'mistral-medium'.
[2025-10-08 16:44:35,672] [INFO] Completion returned and validated from MODEL = 'mistral-medium'.
[2025-10-08 16:44:37,087] [INFO] Completion returned and validated from MODEL = 'mistral-medium'.
[2025-10-08 16:44:37,532] [INFO] Completion returned and validated from MODEL = 'mistral-medium'.
[2025-10-08 16:44:37,775] [INFO] Completion returned and validated from MODEL = 'mistral-medium'.
[2025-10-08 16:44:39,707] [INFO] Completion returned and validated from MODEL = 'mistral-medium'.
[2025-10-08 16:44:41,031] [INFO] Completion returned and validated from MODEL = 'mistral-medium'.
[2025-10-08 16:44:41,813] [INFO] Completion returned and validated from MODEL = 'mistral-medium'.
[2025-10-08 16:44:43,487] [INFO] Completion returned and validated from MODEL = 'mistral-medium'.
[2025-10-08 16:44:45,617] [INFO] Completion returned and validated from MODEL = 'mistral-medium'.
[2025-10-08 16:44:45,617] [INFO] EXIT: 'DialogueMoveGenerator' calling 'generate' (12.351639032363892 secs).
[2025-10-08 16:44:45,628] [INFO] Completion returned and validated from MODEL = 'mistral-medium'.
[2025-10-08 16:44:45,628] [INFO] EXIT: 'DialogueMoveGenerator' calling 'generate' (12.360373735427856 secs).
[2025-10-08 16:46:21,929] [INFO] Completion returned and validated from MODEL = 'mistral-medium'.
[2025-10-08 16:47:03,299] [INFO] Completion returned and validated from MODEL = 'mistral-medium'.
[2025-10-08 16:47:05,337] [INFO] Completion returned and validated from MODEL = 'mistral-medium'.
[2025-10-08 16:47:05,337] [INFO] EXIT: 'DialogueMoveGenerator' calling 'generate' (152.07066011428833 secs).
[2025-10-08 16:47:05,338] [INFO] ENTER: 'MASPromptGenerator' calling 'persuasiveness_choice'; CURRENT SPEAKER: mistral-medium_mas, DIALOGUE TURN NUM = 25.
[2025-10-08 16:47:05,338] [INFO] EXIT: 'MASPromptGenerator' calling 'persuasiveness_choice' (0.00020503997802734375 secs).
[2025-10-08 16:47:17,796] [INFO] Completion returned and validated within 'PersuasivenessChoiceAgent'; MODEL = 'mistral-medium'; DIALOGUE TURN NUM = 25.
[2025-10-08 16:47:20,046] [INFO] Completion returned and validated within 'PersuasivenessChoiceAgent'; MODEL = 'mistral-medium'; DIALOGUE TURN NUM = 25.
[2025-10-08 16:47:29,660] [INFO] Completion returned and validated within 'PersuasivenessChoiceAgent'; MODEL = 'mistral-medium'; DIALOGUE TURN NUM = 25.
[2025-10-08 16:47:31,461] [INFO] Completion returned and validated within 'PersuasivenessChoiceAgent'; MODEL = 'mistral-medium'; DIALOGUE TURN NUM = 25.
[2025-10-08 16:47:33,584] [INFO] Completion returned and validated within 'PersuasivenessChoiceAgent'; MODEL = 'mistral-medium'; DIALOGUE TURN NUM = 25.
[2025-10-08 16:47:33,585] [INFO] ENTER: 'DisambiguationAgent' calling '_grouping_similar_utterance_types'; CURRENT SPEAKER: mistral-medium_mas, DIALOGUE TURN NUM = 25.
[2025-10-08 16:47:33,585] [INFO] EXIT: 'DisambiguationAgent' calling '_grouping_similar_utterance_types' (1.0013580322265625e-05 secs).
[2025-10-08 16:47:33,585] [INFO] ENTER: 'DisambiguationAgent' calling '_identifying_similar_sentences_and_choosing_one_to_return_to_user'; CURRENT SPEAKER: mistral-medium_mas, DIALOGUE TURN NUM = 25.
[2025-10-08 16:48:16,950] [INFO] 'DisambiguationAgent' grouped similar sentences, completion returned and validated; MODEL = 'mistral-medium'.
[2025-10-08 16:48:18,315] [INFO] 'DisambiguationAgent' chose sentences to remove, completion returned and validated from MODEL = 'mistral-medium'.
[2025-10-08 16:48:27,647] [INFO] 'DisambiguationAgent' chose sentences to remove, completion returned and validated from MODEL = 'mistral-medium'.
[2025-10-08 16:48:34,494] [INFO] 'DisambiguationAgent' chose sentences to remove, completion returned and validated from MODEL = 'mistral-medium'.
[2025-10-08 16:48:37,013] [INFO] 'DisambiguationAgent' chose sentences to remove, completion returned and validated from MODEL = 'mistral-medium'.
[2025-10-08 16:48:38,674] [INFO] 'DisambiguationAgent' chose sentences to remove, completion returned and validated from MODEL = 'mistral-medium'.
[2025-10-08 16:48:38,674] [INFO] EXIT: 'DisambiguationAgent' calling '_identifying_similar_sentences_and_choosing_one_to_return_to_user' (65.08924961090088 secs).
[2025-10-08 16:48:38,674] [INFO] ENTER: 'DisambiguationAgent' calling '_removing_repetitive_sentences'; CURRENT SPEAKER: mistral-medium_mas, DIALOGUE TURN NUM = 25.
[2025-10-08 16:48:38,674] [INFO] EXIT: 'DisambiguationAgent' calling '_removing_repetitive_sentences' (1.621246337890625e-05 secs).
[2025-10-08 16:48:38,674] [INFO] ENTER: 'DisambiguationAgent' calling '_choose_the_most_persuasive_sentences'; CURRENT SPEAKER: mistral-medium_mas, DIALOGUE TURN NUM = 25.
[2025-10-08 16:48:42,885] [INFO] 'DisambiguationAgent': reached maximum allowed sentences, succussfully chose most persuasive sentences, completion returned and validated from MODEL = 'mistral-medium'.
[2025-10-08 16:48:42,885] [INFO] EXIT: 'DisambiguationAgent' calling '_choose_the_most_persuasive_sentences' (4.210923194885254 secs).
[2025-10-08 16:48:42,885] [INFO] ENTER: 'DisambiguationAgent' calling 'return_disambiguated_sentences'; CURRENT SPEAKER: mistral-medium_mas, DIALOGUE TURN NUM = 25.
[2025-10-08 16:48:42,885] [INFO] EXIT: 'DisambiguationAgent' calling 'return_disambiguated_sentences' (2.6226043701171875e-06 secs).
[2025-10-08 16:48:42,886] [ERROR] Wrong state used; State of type HumanState; error message: dict has unexpected extra key(s): "graph_rag_examples", "intermediate_generations", "knowledge_base_ensemble_or_model_name", "model_seed", "model_temp", "model_top_p", "number_of_graph_rag_examples", "number_of_vector_based_rag_examples", "political_position_prob_of_na", "political_position_range", "political_position_std", "speaker_model_name", "speaker_type", "vector_based_persona_string", "vector_based_persona_sys_prompt"
[2025-10-08 16:48:42,886] [INFO] Correct state used; State of type GenerationAgentsState; 'IGNORE THE ABOVE ERRORS'.
[2025-10-08 16:48:42,970] [ERROR] Wrong state used; State of type HumanState; error message: dict has unexpected extra key(s): "graph_rag_examples", "intermediate_generations", "knowledge_base_ensemble_or_model_name", "model_seed", "model_temp", "model_top_p", "number_of_graph_rag_examples", "number_of_vector_based_rag_examples", "political_position_prob_of_na", "political_position_range", "political_position_std", "speaker_model_name", "speaker_type", "vector_based_persona_string", "vector_based_persona_sys_prompt"
[2025-10-08 16:48:42,970] [INFO] Correct state used; State of type GenerationAgentsState; 'IGNORE THE ABOVE ERRORS'.
[2025-10-08 16:48:42,970] [INFO] ENTER: 'UtteranceClassificationAgent' calling '_classify_sentence_utterance_types'; CURRENT SPEAKER: grok-3_mas_rag, DIALOGUE TURN NUM = 26.
[2025-10-08 16:48:46,417] [INFO] 'UtteranceClassificationAgent' completion returned and validated from MODEL = 'ModelName.GROK_3'.
[2025-10-08 16:48:47,200] [INFO] 'UtteranceClassificationAgent' completion returned and validated from MODEL = 'ModelName.GROK_3'.
[2025-10-08 16:48:47,892] [INFO] 'UtteranceClassificationAgent' completion returned and validated from MODEL = 'ModelName.GROK_3'.
[2025-10-08 16:48:48,580] [INFO] 'UtteranceClassificationAgent' completion returned and validated from MODEL = 'ModelName.GROK_3'.
[2025-10-08 16:48:50,648] [INFO] 'UtteranceClassificationAgent' completion returned and validated from MODEL = 'ModelName.GROK_3'.
[2025-10-08 16:48:50,648] [INFO] EXIT: 'UtteranceClassificationAgent' calling '_classify_sentence_utterance_types' (7.678066730499268 secs).
[2025-10-08 16:48:50,648] [INFO] ENTER: 'UtteranceClassificationAgent' calling 'return_classified_sentences'; CURRENT SPEAKER: grok-3_mas_rag, DIALOGUE TURN NUM = 26.
[2025-10-08 16:48:50,648] [INFO] EXIT: 'UtteranceClassificationAgent' calling 'return_classified_sentences' (2.1457672119140625e-06 secs).
[2025-10-08 16:48:50,668] [INFO] ENTER: 'GraphRAG' calling 'since'; CURRENT SPEAKER: grok-3_mas_rag, DIALOGUE TURN NUM = 26.
[2025-10-08 16:48:50,668] [INFO] ENTER: 'GraphRAG' calling 'query_graph'; CURRENT SPEAKER: grok-3_mas_rag, DIALOGUE TURN NUM = 26.
[2025-10-08 16:48:50,687] [INFO] EXIT: 'GraphRAG' calling 'query_graph' (0.019188880920410156 secs).
[2025-10-08 16:48:50,687] [INFO] EXIT: 'GraphRAG' calling 'since' (0.019540071487426758 secs).
[2025-10-08 16:48:50,687] [INFO] ENTER: 'GraphRAG' calling 'claim'; CURRENT SPEAKER: grok-3_mas_rag, DIALOGUE TURN NUM = 26.
[2025-10-08 16:48:50,687] [INFO] ENTER: 'GraphRAG' calling 'query_graph'; CURRENT SPEAKER: grok-3_mas_rag, DIALOGUE TURN NUM = 26.
[2025-10-08 16:48:50,702] [INFO] EXIT: 'GraphRAG' calling 'query_graph' (0.014240026473999023 secs).
[2025-10-08 16:48:50,702] [INFO] EXIT: 'GraphRAG' calling 'claim' (0.014535665512084961 secs).
[2025-10-08 16:48:50,717] [INFO] ENTER: 'GraphRAG' calling 'since'; CURRENT SPEAKER: grok-3_mas_rag, DIALOGUE TURN NUM = 26.
[2025-10-08 16:48:50,717] [INFO] ENTER: 'GraphRAG' calling 'query_graph'; CURRENT SPEAKER: grok-3_mas_rag, DIALOGUE TURN NUM = 26.
[2025-10-08 16:48:50,737] [INFO] EXIT: 'GraphRAG' calling 'query_graph' (0.019090890884399414 secs).
[2025-10-08 16:48:50,737] [INFO] EXIT: 'GraphRAG' calling 'since' (0.019423961639404297 secs).
[2025-10-08 16:48:50,737] [INFO] ENTER: 'GraphRAG' calling 'claim'; CURRENT SPEAKER: grok-3_mas_rag, DIALOGUE TURN NUM = 26.
[2025-10-08 16:48:50,737] [INFO] ENTER: 'GraphRAG' calling 'query_graph'; CURRENT SPEAKER: grok-3_mas_rag, DIALOGUE TURN NUM = 26.
[2025-10-08 16:48:50,752] [INFO] EXIT: 'GraphRAG' calling 'query_graph' (0.014822959899902344 secs).
[2025-10-08 16:48:50,752] [INFO] EXIT: 'GraphRAG' calling 'claim' (0.015219926834106445 secs).
[2025-10-08 16:48:50,766] [INFO] ENTER: 'GraphRAG' calling 'since'; CURRENT SPEAKER: grok-3_mas_rag, DIALOGUE TURN NUM = 26.
[2025-10-08 16:48:50,767] [INFO] ENTER: 'GraphRAG' calling 'query_graph'; CURRENT SPEAKER: grok-3_mas_rag, DIALOGUE TURN NUM = 26.
[2025-10-08 16:48:50,786] [INFO] EXIT: 'GraphRAG' calling 'query_graph' (0.019016504287719727 secs).
[2025-10-08 16:48:50,786] [INFO] EXIT: 'GraphRAG' calling 'since' (0.019374847412109375 secs).
[2025-10-08 16:48:50,786] [INFO] ENTER: 'GraphRAG' calling 'claim'; CURRENT SPEAKER: grok-3_mas_rag, DIALOGUE TURN NUM = 26.
[2025-10-08 16:48:50,786] [INFO] ENTER: 'GraphRAG' calling 'query_graph'; CURRENT SPEAKER: grok-3_mas_rag, DIALOGUE TURN NUM = 26.
[2025-10-08 16:48:50,802] [INFO] EXIT: 'GraphRAG' calling 'query_graph' (0.015392065048217773 secs).
[2025-10-08 16:48:50,802] [INFO] EXIT: 'GraphRAG' calling 'claim' (0.015766620635986328 secs).
[2025-10-08 16:48:50,816] [INFO] ENTER: 'GraphRAG' calling 'since'; CURRENT SPEAKER: grok-3_mas_rag, DIALOGUE TURN NUM = 26.
[2025-10-08 16:48:50,817] [INFO] ENTER: 'GraphRAG' calling 'query_graph'; CURRENT SPEAKER: grok-3_mas_rag, DIALOGUE TURN NUM = 26.
[2025-10-08 16:48:50,838] [INFO] EXIT: 'GraphRAG' calling 'query_graph' (0.02102494239807129 secs).
[2025-10-08 16:48:50,838] [INFO] EXIT: 'GraphRAG' calling 'since' (0.02134084701538086 secs).
[2025-10-08 16:48:50,838] [INFO] ENTER: 'GraphRAG' calling 'claim'; CURRENT SPEAKER: grok-3_mas_rag, DIALOGUE TURN NUM = 26.
[2025-10-08 16:48:50,838] [INFO] ENTER: 'GraphRAG' calling 'query_graph'; CURRENT SPEAKER: grok-3_mas_rag, DIALOGUE TURN NUM = 26.
[2025-10-08 16:48:50,853] [INFO] EXIT: 'GraphRAG' calling 'query_graph' (0.014955759048461914 secs).
[2025-10-08 16:48:50,853] [INFO] EXIT: 'GraphRAG' calling 'claim' (0.015281438827514648 secs).
[2025-10-08 16:48:50,867] [INFO] ENTER: 'GraphRAG' calling 'since'; CURRENT SPEAKER: grok-3_mas_rag, DIALOGUE TURN NUM = 26.
[2025-10-08 16:48:50,867] [INFO] ENTER: 'GraphRAG' calling 'query_graph'; CURRENT SPEAKER: grok-3_mas_rag, DIALOGUE TURN NUM = 26.
[2025-10-08 16:48:50,887] [INFO] EXIT: 'GraphRAG' calling 'query_graph' (0.019091367721557617 secs).
[2025-10-08 16:48:50,887] [INFO] EXIT: 'GraphRAG' calling 'since' (0.019400835037231445 secs).
[2025-10-08 16:48:50,887] [INFO] ENTER: 'GraphRAG' calling 'claim'; CURRENT SPEAKER: grok-3_mas_rag, DIALOGUE TURN NUM = 26.
[2025-10-08 16:48:50,887] [INFO] ENTER: 'GraphRAG' calling 'query_graph'; CURRENT SPEAKER: grok-3_mas_rag, DIALOGUE TURN NUM = 26.
[2025-10-08 16:48:50,902] [INFO] EXIT: 'GraphRAG' calling 'query_graph' (0.014876842498779297 secs).
[2025-10-08 16:48:50,902] [INFO] EXIT: 'GraphRAG' calling 'claim' (0.015205144882202148 secs).
[2025-10-08 16:48:50,902] [INFO] ENTER: 'GraphRAG' calling 'return_rag_examples'; CURRENT SPEAKER: grok-3_mas_rag, DIALOGUE TURN NUM = 26.
[2025-10-08 16:48:50,902] [INFO] EXIT: 'GraphRAG' calling 'return_rag_examples' (1.9073486328125e-06 secs).
[2025-10-08 16:48:50,904] [INFO] ENTER: 'DialogueMoveGenerator' calling 'generate'; CURRENT SPEAKER: grok-3_mas_rag, DIALOGUE TURN NUM = 26.
[2025-10-08 16:48:50,905] [INFO] ENTER: 'MASPromptGenerator' calling 'claim'; CURRENT SPEAKER: grok-3_mas_rag, DIALOGUE TURN NUM = 26.
[2025-10-08 16:48:50,905] [INFO] EXIT: 'MASPromptGenerator' calling 'claim' (7.581710815429688e-05 secs).
[2025-10-08 16:48:50,905] [INFO] ENTER: 'DialogueMoveGenerator' calling 'generate'; CURRENT SPEAKER: grok-3_mas_rag, DIALOGUE TURN NUM = 26.
[2025-10-08 16:48:50,907] [INFO] ENTER: 'MASPromptGenerator' calling 'retract_claim'; CURRENT SPEAKER: grok-3_mas_rag, DIALOGUE TURN NUM = 26.
[2025-10-08 16:48:50,907] [INFO] EXIT: 'MASPromptGenerator' calling 'retract_claim' (7.462501525878906e-05 secs).
[2025-10-08 16:48:50,908] [INFO] ENTER: 'DialogueMoveGenerator' calling 'generate'; CURRENT SPEAKER: grok-3_mas_rag, DIALOGUE TURN NUM = 26.
[2025-10-08 16:48:50,909] [INFO] ENTER: 'MASPromptGenerator' calling 'since_claim'; CURRENT SPEAKER: grok-3_mas_rag, DIALOGUE TURN NUM = 26.
[2025-10-08 16:48:50,909] [INFO] EXIT: 'MASPromptGenerator' calling 'since_claim' (7.43865966796875e-05 secs).
[2025-10-08 16:48:55,451] [INFO] Completion returned and validated from MODEL = 'grok-3'.
[2025-10-08 16:48:56,993] [INFO] Completion returned and validated from MODEL = 'grok-3'.
[2025-10-08 16:48:57,784] [INFO] Completion returned and validated from MODEL = 'grok-3'.
[2025-10-08 16:49:01,014] [INFO] Completion returned and validated from MODEL = 'grok-3'.
[2025-10-08 16:49:02,420] [INFO] Completion returned and validated from MODEL = 'grok-3'.
[2025-10-08 16:49:03,128] [INFO] Completion returned and validated from MODEL = 'grok-3'.
[2025-10-08 16:49:05,294] [INFO] Completion returned and validated from MODEL = 'grok-3'.
[2025-10-08 16:49:06,909] [INFO] Completion returned and validated from MODEL = 'grok-3'.
[2025-10-08 16:49:07,834] [INFO] Completion returned and validated from MODEL = 'grok-3'.
[2025-10-08 16:49:10,130] [INFO] Completion returned and validated from MODEL = 'grok-3'.
[2025-10-08 16:49:11,315] [INFO] Completion returned and validated from MODEL = 'grok-3'.
[2025-10-08 16:49:11,648] [INFO] Completion returned and validated from MODEL = 'grok-3'.
[2025-10-08 16:49:14,113] [INFO] Completion returned and validated from MODEL = 'grok-3'.
[2025-10-08 16:49:14,113] [INFO] EXIT: 'DialogueMoveGenerator' calling 'generate' (23.208559036254883 secs).
[2025-10-08 16:49:15,361] [INFO] Completion returned and validated from MODEL = 'grok-3'.
[2025-10-08 16:49:15,361] [INFO] EXIT: 'DialogueMoveGenerator' calling 'generate' (24.452899932861328 secs).
[2025-10-08 16:49:15,551] [INFO] Completion returned and validated from MODEL = 'grok-3'.
[2025-10-08 16:49:15,551] [INFO] EXIT: 'DialogueMoveGenerator' calling 'generate' (24.6442608833313 secs).
[2025-10-08 16:49:15,552] [INFO] ENTER: 'MASPromptGenerator' calling 'persuasiveness_choice'; CURRENT SPEAKER: grok-3_mas_rag, DIALOGUE TURN NUM = 26.
[2025-10-08 16:49:15,552] [INFO] EXIT: 'MASPromptGenerator' calling 'persuasiveness_choice' (0.0002257823944091797 secs).
[2025-10-08 16:49:18,443] [INFO] Completion returned and validated within 'PersuasivenessChoiceAgent'; MODEL = 'grok-3'; DIALOGUE TURN NUM = 26.
[2025-10-08 16:49:23,932] [INFO] Completion returned and validated within 'PersuasivenessChoiceAgent'; MODEL = 'grok-3'; DIALOGUE TURN NUM = 26.
[2025-10-08 16:49:28,877] [INFO] Completion returned and validated within 'PersuasivenessChoiceAgent'; MODEL = 'grok-3'; DIALOGUE TURN NUM = 26.
[2025-10-08 16:49:33,311] [INFO] Completion returned and validated within 'PersuasivenessChoiceAgent'; MODEL = 'grok-3'; DIALOGUE TURN NUM = 26.
[2025-10-08 16:49:37,640] [INFO] Completion returned and validated within 'PersuasivenessChoiceAgent'; MODEL = 'grok-3'; DIALOGUE TURN NUM = 26.
[2025-10-08 16:49:37,640] [INFO] ENTER: 'DisambiguationAgent' calling '_grouping_similar_utterance_types'; CURRENT SPEAKER: grok-3_mas_rag, DIALOGUE TURN NUM = 26.
[2025-10-08 16:49:37,641] [INFO] EXIT: 'DisambiguationAgent' calling '_grouping_similar_utterance_types' (1.5497207641601562e-05 secs).
[2025-10-08 16:49:37,641] [INFO] ENTER: 'DisambiguationAgent' calling '_identifying_similar_sentences_and_choosing_one_to_return_to_user'; CURRENT SPEAKER: grok-3_mas_rag, DIALOGUE TURN NUM = 26.
[2025-10-08 16:49:59,724] [INFO] 'DisambiguationAgent' grouped similar sentences, completion returned and validated; MODEL = 'grok-3'.
[2025-10-08 16:50:01,322] [INFO] 'DisambiguationAgent' chose sentences to remove, completion returned and validated from MODEL = 'grok-3'.
[2025-10-08 16:50:02,765] [INFO] 'DisambiguationAgent' chose sentences to remove, completion returned and validated from MODEL = 'grok-3'.
[2025-10-08 16:50:06,019] [INFO] 'DisambiguationAgent' chose sentences to remove, completion returned and validated from MODEL = 'grok-3'.
[2025-10-08 16:50:07,447] [INFO] 'DisambiguationAgent' chose sentences to remove, completion returned and validated from MODEL = 'grok-3'.
[2025-10-08 16:50:08,494] [INFO] 'DisambiguationAgent' chose sentences to remove, completion returned and validated from MODEL = 'grok-3'.
[2025-10-08 16:50:08,494] [INFO] EXIT: 'DisambiguationAgent' calling '_identifying_similar_sentences_and_choosing_one_to_return_to_user' (30.853315114974976 secs).
[2025-10-08 16:50:08,494] [INFO] ENTER: 'DisambiguationAgent' calling '_removing_repetitive_sentences'; CURRENT SPEAKER: grok-3_mas_rag, DIALOGUE TURN NUM = 26.
[2025-10-08 16:50:08,494] [INFO] EXIT: 'DisambiguationAgent' calling '_removing_repetitive_sentences' (2.5272369384765625e-05 secs).
[2025-10-08 16:50:08,494] [INFO] ENTER: 'DisambiguationAgent' calling '_choose_the_most_persuasive_sentences'; CURRENT SPEAKER: grok-3_mas_rag, DIALOGUE TURN NUM = 26.
[2025-10-08 16:50:13,732] [INFO] 'DisambiguationAgent': reached maximum allowed sentences, succussfully chose most persuasive sentences, completion returned and validated from MODEL = 'grok-3'.
[2025-10-08 16:50:13,732] [INFO] EXIT: 'DisambiguationAgent' calling '_choose_the_most_persuasive_sentences' (5.2376604080200195 secs).
[2025-10-08 16:50:13,732] [INFO] ENTER: 'DisambiguationAgent' calling 'return_disambiguated_sentences'; CURRENT SPEAKER: grok-3_mas_rag, DIALOGUE TURN NUM = 26.
[2025-10-08 16:50:13,732] [INFO] EXIT: 'DisambiguationAgent' calling 'return_disambiguated_sentences' (2.6226043701171875e-06 secs).
[2025-10-08 16:50:13,732] [ERROR] Wrong state used; State of type HumanState; error message: dict has unexpected extra key(s): "graph_rag_examples", "intermediate_generations", "knowledge_base_ensemble_or_model_name", "model_seed", "model_temp", "model_top_p", "number_of_graph_rag_examples", "number_of_vector_based_rag_examples", "political_position_prob_of_na", "political_position_range", "political_position_std", "speaker_model_name", "speaker_type", "vector_based_persona_string", "vector_based_persona_sys_prompt"
[2025-10-08 16:50:13,733] [INFO] Correct state used; State of type GenerationAgentsState; 'IGNORE THE ABOVE ERRORS'.
[2025-10-08 16:50:14,818] [INFO] 'commitment_update' completed '___Claim___' update for current speaker's commitments; MODEL = 'grok-3'.
[2025-10-08 16:50:15,549] [INFO] 'commitment_update' completed '___Claim___' update for current speaker's commitments; MODEL = 'grok-3'.
[2025-10-08 16:50:17,167] [INFO] 'commitment_update' completed '___Claim___' update for current speaker's commitments; MODEL = 'grok-3'.
[2025-10-08 16:50:17,941] [INFO] 'commitment_update' completed '___Claim___' update for current speaker's commitments; MODEL = 'grok-3'.
[2025-10-08 16:50:18,679] [INFO] 'commitment_update' completed '___Claim___' update for current speaker's commitments; MODEL = 'grok-3'.
[2025-10-08 16:50:18,761] [ERROR] Wrong state used; State of type HumanState; error message: dict has unexpected extra key(s): "graph_rag_examples", "intermediate_generations", "knowledge_base_ensemble_or_model_name", "model_seed", "model_temp", "model_top_p", "number_of_graph_rag_examples", "number_of_vector_based_rag_examples", "political_position_prob_of_na", "political_position_range", "political_position_std", "speaker_model_name", "speaker_type", "vector_based_persona_string", "vector_based_persona_sys_prompt"
[2025-10-08 16:50:18,762] [INFO] Correct state used; State of type GenerationAgentsState; 'IGNORE THE ABOVE ERRORS'.
[2025-10-08 16:50:18,762] [INFO] ENTER: 'UtteranceClassificationAgent' calling '_classify_sentence_utterance_types'; CURRENT SPEAKER: mistral-medium_mas, DIALOGUE TURN NUM = 27.
[2025-10-08 16:50:22,542] [INFO] 'UtteranceClassificationAgent' completion returned and validated from MODEL = 'ModelName.MISTRAL_MEDIUM'.
[2025-10-08 16:50:22,911] [INFO] 'UtteranceClassificationAgent' completion returned and validated from MODEL = 'ModelName.MISTRAL_MEDIUM'.
[2025-10-08 16:50:24,318] [INFO] 'UtteranceClassificationAgent' completion returned and validated from MODEL = 'ModelName.MISTRAL_MEDIUM'.
[2025-10-08 16:50:26,503] [INFO] 'UtteranceClassificationAgent' completion returned and validated from MODEL = 'ModelName.MISTRAL_MEDIUM'.
[2025-10-08 16:50:26,989] [INFO] 'UtteranceClassificationAgent' completion returned and validated from MODEL = 'ModelName.MISTRAL_MEDIUM'.
[2025-10-08 16:50:26,989] [INFO] EXIT: 'UtteranceClassificationAgent' calling '_classify_sentence_utterance_types' (8.227376222610474 secs).
[2025-10-08 16:50:26,989] [INFO] ENTER: 'UtteranceClassificationAgent' calling 'return_classified_sentences'; CURRENT SPEAKER: mistral-medium_mas, DIALOGUE TURN NUM = 27.
[2025-10-08 16:50:26,989] [INFO] EXIT: 'UtteranceClassificationAgent' calling 'return_classified_sentences' (2.384185791015625e-06 secs).
[2025-10-08 16:50:26,991] [INFO] ENTER: 'DialogueMoveGenerator' calling 'generate'; CURRENT SPEAKER: mistral-medium_mas, DIALOGUE TURN NUM = 27.
[2025-10-08 16:50:26,992] [INFO] ENTER: 'MASPromptGenerator' calling 'concede_claim'; CURRENT SPEAKER: mistral-medium_mas, DIALOGUE TURN NUM = 27.
[2025-10-08 16:50:26,992] [INFO] EXIT: 'MASPromptGenerator' calling 'concede_claim' (5.2928924560546875e-05 secs).
[2025-10-08 16:50:26,992] [INFO] ENTER: 'DialogueMoveGenerator' calling 'generate'; CURRENT SPEAKER: mistral-medium_mas, DIALOGUE TURN NUM = 27.
[2025-10-08 16:50:26,992] [INFO] ENTER: 'MASPromptGenerator' calling 'question_claim'; CURRENT SPEAKER: mistral-medium_mas, DIALOGUE TURN NUM = 27.
[2025-10-08 16:50:26,992] [INFO] EXIT: 'MASPromptGenerator' calling 'question_claim' (5.626678466796875e-05 secs).
[2025-10-08 16:50:26,993] [INFO] ENTER: 'DialogueMoveGenerator' calling 'generate'; CURRENT SPEAKER: mistral-medium_mas, DIALOGUE TURN NUM = 27.
[2025-10-08 16:50:26,993] [INFO] ENTER: 'MASPromptGenerator' calling 'why_claim'; CURRENT SPEAKER: mistral-medium_mas, DIALOGUE TURN NUM = 27.
[2025-10-08 16:50:26,993] [INFO] EXIT: 'MASPromptGenerator' calling 'why_claim' (5.054473876953125e-05 secs).
[2025-10-08 16:50:29,152] [INFO] Completion returned and validated from MODEL = 'mistral-medium'.
[2025-10-08 16:50:29,203] [INFO] Completion returned and validated from MODEL = 'mistral-medium'.
[2025-10-08 16:50:29,387] [INFO] Completion returned and validated from MODEL = 'mistral-medium'.
[2025-10-08 16:50:31,303] [INFO] Completion returned and validated from MODEL = 'mistral-medium'.
[2025-10-08 16:50:31,995] [INFO] Completion returned and validated from MODEL = 'mistral-medium'.
[2025-10-08 16:50:33,766] [INFO] Completion returned and validated from MODEL = 'mistral-medium'.
[2025-10-08 16:50:34,512] [INFO] Completion returned and validated from MODEL = 'mistral-medium'.
[2025-10-08 16:50:55,919] [INFO] Completion returned and validated from MODEL = 'mistral-medium'.
[2025-10-08 16:50:55,982] [INFO] Completion returned and validated from MODEL = 'mistral-medium'.
[2025-10-08 16:50:57,896] [INFO] Completion returned and validated from MODEL = 'mistral-medium'.
[2025-10-08 16:50:57,896] [INFO] EXIT: 'DialogueMoveGenerator' calling 'generate' (30.90284037590027 secs).
[2025-10-08 16:51:02,248] [INFO] Completion returned and validated from MODEL = 'mistral-medium'.
[2025-10-08 16:51:02,248] [INFO] EXIT: 'DialogueMoveGenerator' calling 'generate' (35.25623035430908 secs).
[2025-10-08 16:51:22,687] [INFO] Completion returned and validated from MODEL = 'mistral-medium'.
[2025-10-08 16:51:26,411] [INFO] Completion returned and validated from MODEL = 'mistral-medium'.
[2025-10-08 16:51:29,071] [INFO] Completion returned and validated from MODEL = 'mistral-medium'.
[2025-10-08 16:51:34,327] [INFO] Completion returned and validated from MODEL = 'mistral-medium'.
[2025-10-08 16:51:34,327] [INFO] EXIT: 'DialogueMoveGenerator' calling 'generate' (67.33583211898804 secs).
[2025-10-08 16:51:34,329] [INFO] ENTER: 'MASPromptGenerator' calling 'persuasiveness_choice'; CURRENT SPEAKER: mistral-medium_mas, DIALOGUE TURN NUM = 27.
[2025-10-08 16:51:34,330] [INFO] EXIT: 'MASPromptGenerator' calling 'persuasiveness_choice' (0.00023055076599121094 secs).
[2025-10-08 16:51:49,479] [INFO] Completion returned and validated within 'PersuasivenessChoiceAgent'; MODEL = 'mistral-medium'; DIALOGUE TURN NUM = 27.
[2025-10-08 16:52:19,995] [INFO] Completion returned and validated within 'PersuasivenessChoiceAgent'; MODEL = 'mistral-medium'; DIALOGUE TURN NUM = 27.
[2025-10-08 16:53:10,239] [INFO] Completion returned and validated within 'PersuasivenessChoiceAgent'; MODEL = 'mistral-medium'; DIALOGUE TURN NUM = 27.
[2025-10-08 16:53:13,250] [INFO] Completion returned and validated within 'PersuasivenessChoiceAgent'; MODEL = 'mistral-medium'; DIALOGUE TURN NUM = 27.
[2025-10-08 16:53:15,207] [INFO] Completion returned and validated within 'PersuasivenessChoiceAgent'; MODEL = 'mistral-medium'; DIALOGUE TURN NUM = 27.
[2025-10-08 16:53:15,208] [INFO] ENTER: 'DisambiguationAgent' calling '_grouping_similar_utterance_types'; CURRENT SPEAKER: mistral-medium_mas, DIALOGUE TURN NUM = 27.
[2025-10-08 16:53:15,208] [INFO] EXIT: 'DisambiguationAgent' calling '_grouping_similar_utterance_types' (1.1444091796875e-05 secs).
[2025-10-08 16:53:15,208] [INFO] ENTER: 'DisambiguationAgent' calling '_identifying_similar_sentences_and_choosing_one_to_return_to_user'; CURRENT SPEAKER: mistral-medium_mas, DIALOGUE TURN NUM = 27.
[2025-10-08 16:53:24,800] [INFO] 'DisambiguationAgent' grouped similar sentences, completion returned and validated; MODEL = 'mistral-medium'.
[2025-10-08 16:53:25,658] [INFO] 'DisambiguationAgent' chose sentences to remove, completion returned and validated from MODEL = 'mistral-medium'.
[2025-10-08 16:53:26,418] [INFO] 'DisambiguationAgent' chose sentences to remove, completion returned and validated from MODEL = 'mistral-medium'.
[2025-10-08 16:53:27,190] [INFO] 'DisambiguationAgent' chose sentences to remove, completion returned and validated from MODEL = 'mistral-medium'.
[2025-10-08 16:53:31,294] [INFO] 'DisambiguationAgent' chose sentences to remove, completion returned and validated from MODEL = 'mistral-medium'.
[2025-10-08 16:53:32,097] [INFO] 'DisambiguationAgent' chose sentences to remove, completion returned and validated from MODEL = 'mistral-medium'.
[2025-10-08 16:53:33,221] [INFO] 'DisambiguationAgent' chose sentences to remove, completion returned and validated from MODEL = 'mistral-medium'.
[2025-10-08 16:53:34,037] [INFO] 'DisambiguationAgent' chose sentences to remove, completion returned and validated from MODEL = 'mistral-medium'.
[2025-10-08 16:53:34,037] [INFO] EXIT: 'DisambiguationAgent' calling '_identifying_similar_sentences_and_choosing_one_to_return_to_user' (18.82890248298645 secs).
[2025-10-08 16:53:34,037] [INFO] ENTER: 'DisambiguationAgent' calling '_removing_repetitive_sentences'; CURRENT SPEAKER: mistral-medium_mas, DIALOGUE TURN NUM = 27.
[2025-10-08 16:53:34,037] [INFO] EXIT: 'DisambiguationAgent' calling '_removing_repetitive_sentences' (1.7404556274414062e-05 secs).
[2025-10-08 16:53:34,037] [INFO] ENTER: 'DisambiguationAgent' calling '_choose_the_most_persuasive_sentences'; CURRENT SPEAKER: mistral-medium_mas, DIALOGUE TURN NUM = 27.
[2025-10-08 16:53:36,866] [INFO] 'DisambiguationAgent': reached maximum allowed sentences, succussfully chose most persuasive sentences, completion returned and validated from MODEL = 'mistral-medium'.
[2025-10-08 16:53:36,866] [INFO] EXIT: 'DisambiguationAgent' calling '_choose_the_most_persuasive_sentences' (2.8290627002716064 secs).
[2025-10-08 16:53:36,866] [INFO] ENTER: 'DisambiguationAgent' calling 'return_disambiguated_sentences'; CURRENT SPEAKER: mistral-medium_mas, DIALOGUE TURN NUM = 27.
[2025-10-08 16:53:36,866] [INFO] EXIT: 'DisambiguationAgent' calling 'return_disambiguated_sentences' (2.384185791015625e-06 secs).
[2025-10-08 16:53:36,867] [ERROR] Wrong state used; State of type HumanState; error message: dict has unexpected extra key(s): "graph_rag_examples", "intermediate_generations", "knowledge_base_ensemble_or_model_name", "model_seed", "model_temp", "model_top_p", "number_of_graph_rag_examples", "number_of_vector_based_rag_examples", "political_position_prob_of_na", "political_position_range", "political_position_std", "speaker_model_name", "speaker_type", "vector_based_persona_string", "vector_based_persona_sys_prompt"
[2025-10-08 16:53:36,867] [INFO] Correct state used; State of type GenerationAgentsState; 'IGNORE THE ABOVE ERRORS'.
[2025-10-08 16:53:36,957] [ERROR] Wrong state used; State of type HumanState; error message: dict has unexpected extra key(s): "graph_rag_examples", "intermediate_generations", "knowledge_base_ensemble_or_model_name", "model_seed", "model_temp", "model_top_p", "number_of_graph_rag_examples", "number_of_vector_based_rag_examples", "political_position_prob_of_na", "political_position_range", "political_position_std", "speaker_model_name", "speaker_type", "vector_based_persona_string", "vector_based_persona_sys_prompt"
[2025-10-08 16:53:36,957] [INFO] Correct state used; State of type GenerationAgentsState; 'IGNORE THE ABOVE ERRORS'.
[2025-10-08 16:53:36,957] [INFO] ENTER: 'UtteranceClassificationAgent' calling '_classify_sentence_utterance_types'; CURRENT SPEAKER: grok-3_mas_rag, DIALOGUE TURN NUM = 28.
[2025-10-08 16:53:37,619] [INFO] 'UtteranceClassificationAgent' completion returned and validated from MODEL = 'ModelName.GROK_3'.
[2025-10-08 16:53:38,313] [INFO] 'UtteranceClassificationAgent' completion returned and validated from MODEL = 'ModelName.GROK_3'.
[2025-10-08 16:53:38,984] [INFO] 'UtteranceClassificationAgent' completion returned and validated from MODEL = 'ModelName.GROK_3'.
[2025-10-08 16:53:39,664] [INFO] 'UtteranceClassificationAgent' completion returned and validated from MODEL = 'ModelName.GROK_3'.
[2025-10-08 16:53:40,297] [INFO] 'UtteranceClassificationAgent' completion returned and validated from MODEL = 'ModelName.GROK_3'.
[2025-10-08 16:53:40,297] [INFO] EXIT: 'UtteranceClassificationAgent' calling '_classify_sentence_utterance_types' (3.3400638103485107 secs).
[2025-10-08 16:53:40,297] [INFO] ENTER: 'UtteranceClassificationAgent' calling 'return_classified_sentences'; CURRENT SPEAKER: grok-3_mas_rag, DIALOGUE TURN NUM = 28.
[2025-10-08 16:53:40,297] [INFO] EXIT: 'UtteranceClassificationAgent' calling 'return_classified_sentences' (2.1457672119140625e-06 secs).
[2025-10-08 16:53:40,321] [INFO] ENTER: 'GraphRAG' calling 'since'; CURRENT SPEAKER: grok-3_mas_rag, DIALOGUE TURN NUM = 28.
[2025-10-08 16:53:40,322] [INFO] ENTER: 'GraphRAG' calling 'query_graph'; CURRENT SPEAKER: grok-3_mas_rag, DIALOGUE TURN NUM = 28.
[2025-10-08 16:53:40,341] [INFO] EXIT: 'GraphRAG' calling 'query_graph' (0.019263029098510742 secs).
[2025-10-08 16:53:40,341] [INFO] EXIT: 'GraphRAG' calling 'since' (0.019635677337646484 secs).
[2025-10-08 16:53:40,341] [INFO] ENTER: 'GraphRAG' calling 'claim'; CURRENT SPEAKER: grok-3_mas_rag, DIALOGUE TURN NUM = 28.
[2025-10-08 16:53:40,341] [INFO] ENTER: 'GraphRAG' calling 'query_graph'; CURRENT SPEAKER: grok-3_mas_rag, DIALOGUE TURN NUM = 28.
[2025-10-08 16:53:40,356] [INFO] EXIT: 'GraphRAG' calling 'query_graph' (0.015119791030883789 secs).
[2025-10-08 16:53:40,357] [INFO] EXIT: 'GraphRAG' calling 'claim' (0.015453577041625977 secs).
[2025-10-08 16:53:40,372] [INFO] ENTER: 'GraphRAG' calling 'since'; CURRENT SPEAKER: grok-3_mas_rag, DIALOGUE TURN NUM = 28.
[2025-10-08 16:53:40,373] [INFO] ENTER: 'GraphRAG' calling 'query_graph'; CURRENT SPEAKER: grok-3_mas_rag, DIALOGUE TURN NUM = 28.
[2025-10-08 16:53:40,392] [INFO] EXIT: 'GraphRAG' calling 'query_graph' (0.019137859344482422 secs).
[2025-10-08 16:53:40,392] [INFO] EXIT: 'GraphRAG' calling 'since' (0.019506216049194336 secs).
[2025-10-08 16:53:40,392] [INFO] ENTER: 'GraphRAG' calling 'claim'; CURRENT SPEAKER: grok-3_mas_rag, DIALOGUE TURN NUM = 28.
[2025-10-08 16:53:40,392] [INFO] ENTER: 'GraphRAG' calling 'query_graph'; CURRENT SPEAKER: grok-3_mas_rag, DIALOGUE TURN NUM = 28.
[2025-10-08 16:53:40,407] [INFO] EXIT: 'GraphRAG' calling 'query_graph' (0.015150785446166992 secs).
[2025-10-08 16:53:40,408] [INFO] EXIT: 'GraphRAG' calling 'claim' (0.015514135360717773 secs).
[2025-10-08 16:53:40,422] [INFO] ENTER: 'GraphRAG' calling 'since'; CURRENT SPEAKER: grok-3_mas_rag, DIALOGUE TURN NUM = 28.
[2025-10-08 16:53:40,422] [INFO] ENTER: 'GraphRAG' calling 'query_graph'; CURRENT SPEAKER: grok-3_mas_rag, DIALOGUE TURN NUM = 28.
[2025-10-08 16:53:40,442] [INFO] EXIT: 'GraphRAG' calling 'query_graph' (0.01948404312133789 secs).
[2025-10-08 16:53:40,442] [INFO] EXIT: 'GraphRAG' calling 'since' (0.01985907554626465 secs).
[2025-10-08 16:53:40,442] [INFO] ENTER: 'GraphRAG' calling 'claim'; CURRENT SPEAKER: grok-3_mas_rag, DIALOGUE TURN NUM = 28.
[2025-10-08 16:53:40,442] [INFO] ENTER: 'GraphRAG' calling 'query_graph'; CURRENT SPEAKER: grok-3_mas_rag, DIALOGUE TURN NUM = 28.
[2025-10-08 16:53:40,458] [INFO] EXIT: 'GraphRAG' calling 'query_graph' (0.01525425910949707 secs).
[2025-10-08 16:53:40,458] [INFO] EXIT: 'GraphRAG' calling 'claim' (0.015622615814208984 secs).
[2025-10-08 16:53:40,477] [INFO] ENTER: 'GraphRAG' calling 'since'; CURRENT SPEAKER: grok-3_mas_rag, DIALOGUE TURN NUM = 28.
[2025-10-08 16:53:40,478] [INFO] ENTER: 'GraphRAG' calling 'query_graph'; CURRENT SPEAKER: grok-3_mas_rag, DIALOGUE TURN NUM = 28.
[2025-10-08 16:53:40,497] [INFO] EXIT: 'GraphRAG' calling 'query_graph' (0.01948261260986328 secs).
[2025-10-08 16:53:40,497] [INFO] EXIT: 'GraphRAG' calling 'since' (0.019845247268676758 secs).
[2025-10-08 16:53:40,497] [INFO] ENTER: 'GraphRAG' calling 'claim'; CURRENT SPEAKER: grok-3_mas_rag, DIALOGUE TURN NUM = 28.
[2025-10-08 16:53:40,498] [INFO] ENTER: 'GraphRAG' calling 'query_graph'; CURRENT SPEAKER: grok-3_mas_rag, DIALOGUE TURN NUM = 28.
[2025-10-08 16:53:40,513] [INFO] EXIT: 'GraphRAG' calling 'query_graph' (0.015146017074584961 secs).
[2025-10-08 16:53:40,513] [INFO] EXIT: 'GraphRAG' calling 'claim' (0.015500307083129883 secs).
[2025-10-08 16:53:40,527] [INFO] ENTER: 'GraphRAG' calling 'since'; CURRENT SPEAKER: grok-3_mas_rag, DIALOGUE TURN NUM = 28.
[2025-10-08 16:53:40,528] [INFO] ENTER: 'GraphRAG' calling 'query_graph'; CURRENT SPEAKER: grok-3_mas_rag, DIALOGUE TURN NUM = 28.
[2025-10-08 16:53:40,547] [INFO] EXIT: 'GraphRAG' calling 'query_graph' (0.019162893295288086 secs).
[2025-10-08 16:53:40,547] [INFO] EXIT: 'GraphRAG' calling 'since' (0.01958751678466797 secs).
[2025-10-08 16:53:40,547] [INFO] ENTER: 'GraphRAG' calling 'claim'; CURRENT SPEAKER: grok-3_mas_rag, DIALOGUE TURN NUM = 28.
[2025-10-08 16:53:40,547] [INFO] ENTER: 'GraphRAG' calling 'query_graph'; CURRENT SPEAKER: grok-3_mas_rag, DIALOGUE TURN NUM = 28.
[2025-10-08 16:53:40,562] [INFO] EXIT: 'GraphRAG' calling 'query_graph' (0.015014886856079102 secs).
[2025-10-08 16:53:40,562] [INFO] EXIT: 'GraphRAG' calling 'claim' (0.015405654907226562 secs).
[2025-10-08 16:53:40,562] [INFO] ENTER: 'GraphRAG' calling 'return_rag_examples'; CURRENT SPEAKER: grok-3_mas_rag, DIALOGUE TURN NUM = 28.
[2025-10-08 16:53:40,562] [INFO] EXIT: 'GraphRAG' calling 'return_rag_examples' (1.9073486328125e-06 secs).
[2025-10-08 16:53:40,565] [INFO] ENTER: 'DialogueMoveGenerator' calling 'generate'; CURRENT SPEAKER: grok-3_mas_rag, DIALOGUE TURN NUM = 28.
[2025-10-08 16:53:40,565] [INFO] ENTER: 'MASPromptGenerator' calling 'claim'; CURRENT SPEAKER: grok-3_mas_rag, DIALOGUE TURN NUM = 28.
[2025-10-08 16:53:40,565] [INFO] EXIT: 'MASPromptGenerator' calling 'claim' (8.58306884765625e-05 secs).
[2025-10-08 16:53:40,566] [INFO] ENTER: 'DialogueMoveGenerator' calling 'generate'; CURRENT SPEAKER: grok-3_mas_rag, DIALOGUE TURN NUM = 28.
[2025-10-08 16:53:40,566] [INFO] ENTER: 'MASPromptGenerator' calling 'retract_claim'; CURRENT SPEAKER: grok-3_mas_rag, DIALOGUE TURN NUM = 28.
[2025-10-08 16:53:40,566] [INFO] EXIT: 'MASPromptGenerator' calling 'retract_claim' (6.890296936035156e-05 secs).
[2025-10-08 16:53:40,567] [INFO] ENTER: 'DialogueMoveGenerator' calling 'generate'; CURRENT SPEAKER: grok-3_mas_rag, DIALOGUE TURN NUM = 28.
[2025-10-08 16:53:40,567] [INFO] ENTER: 'MASPromptGenerator' calling 'since_claim'; CURRENT SPEAKER: grok-3_mas_rag, DIALOGUE TURN NUM = 28.
[2025-10-08 16:53:40,567] [INFO] EXIT: 'MASPromptGenerator' calling 'since_claim' (7.939338684082031e-05 secs).
[2025-10-08 16:53:44,322] [INFO] Completion returned and validated from MODEL = 'grok-3'.
[2025-10-08 16:53:44,698] [INFO] Completion returned and validated from MODEL = 'grok-3'.
[2025-10-08 16:53:44,756] [INFO] Completion returned and validated from MODEL = 'grok-3'.
[2025-10-08 16:53:49,176] [INFO] Completion returned and validated from MODEL = 'grok-3'.
[2025-10-08 16:53:49,382] [INFO] Completion returned and validated from MODEL = 'grok-3'.
[2025-10-08 16:53:49,524] [INFO] Completion returned and validated from MODEL = 'grok-3'.
[2025-10-08 16:53:53,513] [INFO] Completion returned and validated from MODEL = 'grok-3'.
[2025-10-08 16:53:54,071] [INFO] Completion returned and validated from MODEL = 'grok-3'.
[2025-10-08 16:53:54,829] [INFO] Completion returned and validated from MODEL = 'grok-3'.
[2025-10-08 16:53:57,951] [INFO] Completion returned and validated from MODEL = 'grok-3'.
[2025-10-08 16:53:58,285] [INFO] Completion returned and validated from MODEL = 'grok-3'.
[2025-10-08 16:53:59,717] [INFO] Completion returned and validated from MODEL = 'grok-3'.
[2025-10-08 16:54:01,824] [INFO] Completion returned and validated from MODEL = 'grok-3'.
[2025-10-08 16:54:01,824] [INFO] EXIT: 'DialogueMoveGenerator' calling 'generate' (21.25887942314148 secs).
[2025-10-08 16:54:02,159] [INFO] Completion returned and validated from MODEL = 'grok-3'.
[2025-10-08 16:54:02,159] [INFO] EXIT: 'DialogueMoveGenerator' calling 'generate' (21.592199087142944 secs).
[2025-10-08 16:54:04,295] [INFO] Completion returned and validated from MODEL = 'grok-3'.
[2025-10-08 16:54:04,296] [INFO] EXIT: 'DialogueMoveGenerator' calling 'generate' (23.72935128211975 secs).
[2025-10-08 16:54:04,296] [INFO] ENTER: 'MASPromptGenerator' calling 'persuasiveness_choice'; CURRENT SPEAKER: grok-3_mas_rag, DIALOGUE TURN NUM = 28.
[2025-10-08 16:54:04,297] [INFO] EXIT: 'MASPromptGenerator' calling 'persuasiveness_choice' (0.00028228759765625 secs).
[2025-10-08 16:54:07,689] [INFO] Completion returned and validated within 'PersuasivenessChoiceAgent'; MODEL = 'grok-3'; DIALOGUE TURN NUM = 28.
[2025-10-08 16:54:10,370] [INFO] Completion returned and validated within 'PersuasivenessChoiceAgent'; MODEL = 'grok-3'; DIALOGUE TURN NUM = 28.
[2025-10-08 16:54:14,283] [INFO] Completion returned and validated within 'PersuasivenessChoiceAgent'; MODEL = 'grok-3'; DIALOGUE TURN NUM = 28.
[2025-10-08 16:54:18,254] [INFO] Completion returned and validated within 'PersuasivenessChoiceAgent'; MODEL = 'grok-3'; DIALOGUE TURN NUM = 28.
[2025-10-08 16:54:22,015] [INFO] Completion returned and validated within 'PersuasivenessChoiceAgent'; MODEL = 'grok-3'; DIALOGUE TURN NUM = 28.
[2025-10-08 16:54:22,016] [INFO] ENTER: 'DisambiguationAgent' calling '_grouping_similar_utterance_types'; CURRENT SPEAKER: grok-3_mas_rag, DIALOGUE TURN NUM = 28.
[2025-10-08 16:54:22,016] [INFO] EXIT: 'DisambiguationAgent' calling '_grouping_similar_utterance_types' (1.6450881958007812e-05 secs).
[2025-10-08 16:54:22,016] [INFO] ENTER: 'DisambiguationAgent' calling '_identifying_similar_sentences_and_choosing_one_to_return_to_user'; CURRENT SPEAKER: grok-3_mas_rag, DIALOGUE TURN NUM = 28.
[2025-10-08 16:54:38,997] [INFO] 'DisambiguationAgent' grouped similar sentences, completion returned and validated; MODEL = 'grok-3'.
[2025-10-08 16:54:40,263] [INFO] 'DisambiguationAgent' chose sentences to remove, completion returned and validated from MODEL = 'grok-3'.
[2025-10-08 16:55:33,507] [INFO] 'DisambiguationAgent' chose sentences to remove, completion returned and validated from MODEL = 'grok-3'.
[2025-10-08 16:55:34,936] [INFO] 'DisambiguationAgent' chose sentences to remove, completion returned and validated from MODEL = 'grok-3'.
[2025-10-08 16:55:36,208] [INFO] 'DisambiguationAgent' chose sentences to remove, completion returned and validated from MODEL = 'grok-3'.
[2025-10-08 16:55:36,209] [INFO] EXIT: 'DisambiguationAgent' calling '_identifying_similar_sentences_and_choosing_one_to_return_to_user' (74.1926658153534 secs).
[2025-10-08 16:55:36,209] [INFO] ENTER: 'DisambiguationAgent' calling '_removing_repetitive_sentences'; CURRENT SPEAKER: grok-3_mas_rag, DIALOGUE TURN NUM = 28.
[2025-10-08 16:55:36,209] [INFO] EXIT: 'DisambiguationAgent' calling '_removing_repetitive_sentences' (2.6702880859375e-05 secs).
[2025-10-08 16:55:36,209] [INFO] ENTER: 'DisambiguationAgent' calling 'return_disambiguated_sentences'; CURRENT SPEAKER: grok-3_mas_rag, DIALOGUE TURN NUM = 28.
[2025-10-08 16:55:36,209] [INFO] EXIT: 'DisambiguationAgent' calling 'return_disambiguated_sentences' (2.6226043701171875e-06 secs).
[2025-10-08 16:55:36,209] [ERROR] Wrong state used; State of type HumanState; error message: dict has unexpected extra key(s): "graph_rag_examples", "intermediate_generations", "knowledge_base_ensemble_or_model_name", "model_seed", "model_temp", "model_top_p", "number_of_graph_rag_examples", "number_of_vector_based_rag_examples", "political_position_prob_of_na", "political_position_range", "political_position_std", "speaker_model_name", "speaker_type", "vector_based_persona_string", "vector_based_persona_sys_prompt"
[2025-10-08 16:55:36,209] [INFO] Correct state used; State of type GenerationAgentsState; 'IGNORE THE ABOVE ERRORS'.
[2025-10-08 16:55:36,871] [INFO] 'commitment_update' completed '___Since___' update; MODEL = 'grok-3'.
[2025-10-08 16:55:38,409] [INFO] 'commitment_update' completed '___Since___' update; MODEL = 'grok-3'.
[2025-10-08 16:55:39,103] [INFO] 'commitment_update' completed '___Since___' update; MODEL = 'grok-3'.
[2025-10-08 16:55:39,782] [INFO] 'commitment_update' completed '___Claim___' update for current speaker's commitments; MODEL = 'grok-3'.
[2025-10-08 16:55:40,454] [INFO] 'commitment_update' completed '___Claim___' update for current speaker's commitments; MODEL = 'grok-3'.
[2025-10-08 16:55:40,548] [ERROR] Wrong state used; State of type HumanState; error message: dict has unexpected extra key(s): "graph_rag_examples", "intermediate_generations", "knowledge_base_ensemble_or_model_name", "model_seed", "model_temp", "model_top_p", "number_of_graph_rag_examples", "number_of_vector_based_rag_examples", "political_position_prob_of_na", "political_position_range", "political_position_std", "speaker_model_name", "speaker_type", "vector_based_persona_string", "vector_based_persona_sys_prompt"
[2025-10-08 16:55:40,549] [INFO] Correct state used; State of type GenerationAgentsState; 'IGNORE THE ABOVE ERRORS'.
[2025-10-08 16:55:40,549] [INFO] ENTER: 'UtteranceClassificationAgent' calling '_classify_sentence_utterance_types'; CURRENT SPEAKER: mistral-medium_mas, DIALOGUE TURN NUM = 29.
[2025-10-08 16:55:41,015] [INFO] 'UtteranceClassificationAgent' completion returned and validated from MODEL = 'ModelName.MISTRAL_MEDIUM'.
[2025-10-08 16:55:41,546] [INFO] 'UtteranceClassificationAgent' completion returned and validated from MODEL = 'ModelName.MISTRAL_MEDIUM'.
[2025-10-08 16:56:20,949] [INFO] 'UtteranceClassificationAgent' completion returned and validated from MODEL = 'ModelName.MISTRAL_MEDIUM'.
[2025-10-08 16:56:45,003] [INFO] 'UtteranceClassificationAgent' completion returned and validated from MODEL = 'ModelName.MISTRAL_MEDIUM'.
[2025-10-08 16:56:45,433] [INFO] 'UtteranceClassificationAgent' completion returned and validated from MODEL = 'ModelName.MISTRAL_MEDIUM'.
[2025-10-08 16:56:45,433] [INFO] EXIT: 'UtteranceClassificationAgent' calling '_classify_sentence_utterance_types' (64.88421511650085 secs).
[2025-10-08 16:56:45,433] [INFO] ENTER: 'UtteranceClassificationAgent' calling 'return_classified_sentences'; CURRENT SPEAKER: mistral-medium_mas, DIALOGUE TURN NUM = 29.
[2025-10-08 16:56:45,433] [INFO] EXIT: 'UtteranceClassificationAgent' calling 'return_classified_sentences' (2.1457672119140625e-06 secs).
[2025-10-08 16:56:45,435] [INFO] ENTER: 'DialogueMoveGenerator' calling 'generate'; CURRENT SPEAKER: mistral-medium_mas, DIALOGUE TURN NUM = 29.
[2025-10-08 16:56:45,436] [INFO] ENTER: 'MASPromptGenerator' calling 'concede_claim'; CURRENT SPEAKER: mistral-medium_mas, DIALOGUE TURN NUM = 29.
[2025-10-08 16:56:45,436] [INFO] EXIT: 'MASPromptGenerator' calling 'concede_claim' (6.246566772460938e-05 secs).
[2025-10-08 16:56:45,436] [INFO] ENTER: 'DialogueMoveGenerator' calling 'generate'; CURRENT SPEAKER: mistral-medium_mas, DIALOGUE TURN NUM = 29.
[2025-10-08 16:56:45,437] [INFO] ENTER: 'MASPromptGenerator' calling 'question_claim'; CURRENT SPEAKER: mistral-medium_mas, DIALOGUE TURN NUM = 29.
[2025-10-08 16:56:45,437] [INFO] EXIT: 'MASPromptGenerator' calling 'question_claim' (4.696846008300781e-05 secs).
[2025-10-08 16:56:45,439] [INFO] ENTER: 'DialogueMoveGenerator' calling 'generate'; CURRENT SPEAKER: mistral-medium_mas, DIALOGUE TURN NUM = 29.
[2025-10-08 16:56:45,440] [INFO] ENTER: 'MASPromptGenerator' calling 'why_claim'; CURRENT SPEAKER: mistral-medium_mas, DIALOGUE TURN NUM = 29.
[2025-10-08 16:56:45,440] [INFO] EXIT: 'MASPromptGenerator' calling 'why_claim' (6.699562072753906e-05 secs).
[2025-10-08 16:56:49,756] [INFO] Completion returned and validated from MODEL = 'mistral-medium'.
[2025-10-08 16:56:51,557] [INFO] Completion returned and validated from MODEL = 'mistral-medium'.
[2025-10-08 16:56:55,523] [INFO] Completion returned and validated from MODEL = 'mistral-medium'.
[2025-10-08 16:57:17,444] [INFO] Completion returned and validated from MODEL = 'mistral-medium'.
[2025-10-08 16:57:17,670] [INFO] Completion returned and validated from MODEL = 'mistral-medium'.
[2025-10-08 16:57:20,141] [INFO] Completion returned and validated from MODEL = 'mistral-medium'.
[2025-10-08 16:57:22,658] [INFO] Completion returned and validated from MODEL = 'mistral-medium'.
[2025-10-08 16:57:22,680] [INFO] Completion returned and validated from MODEL = 'mistral-medium'.
[2025-10-08 16:57:29,115] [INFO] Completion returned and validated from MODEL = 'mistral-medium'.
[2025-10-08 16:57:29,249] [INFO] Completion returned and validated from MODEL = 'mistral-medium'.
[2025-10-08 16:57:31,006] [INFO] Completion returned and validated from MODEL = 'mistral-medium'.
[2025-10-08 16:57:31,475] [INFO] Completion returned and validated from MODEL = 'mistral-medium'.
[2025-10-08 16:57:31,475] [INFO] EXIT: 'DialogueMoveGenerator' calling 'generate' (46.03981018066406 secs).
[2025-10-08 16:57:32,613] [INFO] Completion returned and validated from MODEL = 'mistral-medium'.
[2025-10-08 16:57:32,613] [INFO] EXIT: 'DialogueMoveGenerator' calling 'generate' (47.173510789871216 secs).
[2025-10-08 16:58:37,591] [INFO] Completion returned and validated from MODEL = 'mistral-medium'.
[2025-10-08 16:58:55,803] [INFO] Completion returned and validated from MODEL = 'mistral-medium'.
[2025-10-08 16:58:55,803] [INFO] EXIT: 'DialogueMoveGenerator' calling 'generate' (130.36690473556519 secs).
[2025-10-08 16:58:55,805] [INFO] ENTER: 'MASPromptGenerator' calling 'persuasiveness_choice'; CURRENT SPEAKER: mistral-medium_mas, DIALOGUE TURN NUM = 29.
[2025-10-08 16:58:55,805] [INFO] EXIT: 'MASPromptGenerator' calling 'persuasiveness_choice' (0.00025200843811035156 secs).
[2025-10-08 16:58:58,748] [INFO] Completion returned and validated within 'PersuasivenessChoiceAgent'; MODEL = 'mistral-medium'; DIALOGUE TURN NUM = 29.
[2025-10-08 16:59:01,793] [INFO] Completion returned and validated within 'PersuasivenessChoiceAgent'; MODEL = 'mistral-medium'; DIALOGUE TURN NUM = 29.
[2025-10-08 16:59:03,952] [INFO] Completion returned and validated within 'PersuasivenessChoiceAgent'; MODEL = 'mistral-medium'; DIALOGUE TURN NUM = 29.
[2025-10-08 17:00:37,696] [INFO] Completion returned and validated within 'PersuasivenessChoiceAgent'; MODEL = 'mistral-medium'; DIALOGUE TURN NUM = 29.
[2025-10-08 17:00:49,862] [INFO] Completion returned and validated within 'PersuasivenessChoiceAgent'; MODEL = 'mistral-medium'; DIALOGUE TURN NUM = 29.
[2025-10-08 17:00:49,862] [INFO] ENTER: 'DisambiguationAgent' calling '_grouping_similar_utterance_types'; CURRENT SPEAKER: mistral-medium_mas, DIALOGUE TURN NUM = 29.
[2025-10-08 17:00:49,862] [INFO] EXIT: 'DisambiguationAgent' calling '_grouping_similar_utterance_types' (1.2636184692382812e-05 secs).
[2025-10-08 17:00:49,862] [INFO] ENTER: 'DisambiguationAgent' calling '_identifying_similar_sentences_and_choosing_one_to_return_to_user'; CURRENT SPEAKER: mistral-medium_mas, DIALOGUE TURN NUM = 29.
[2025-10-08 17:00:59,106] [INFO] 'DisambiguationAgent' grouped similar sentences, completion returned and validated; MODEL = 'mistral-medium'.
[2025-10-08 17:00:59,852] [INFO] 'DisambiguationAgent' chose sentences to remove, completion returned and validated from MODEL = 'mistral-medium'.
[2025-10-08 17:01:00,881] [INFO] 'DisambiguationAgent' chose sentences to remove, completion returned and validated from MODEL = 'mistral-medium'.
[2025-10-08 17:01:01,779] [INFO] 'DisambiguationAgent' chose sentences to remove, completion returned and validated from MODEL = 'mistral-medium'.
[2025-10-08 17:01:02,653] [INFO] 'DisambiguationAgent' chose sentences to remove, completion returned and validated from MODEL = 'mistral-medium'.
[2025-10-08 17:01:02,653] [INFO] EXIT: 'DisambiguationAgent' calling '_identifying_similar_sentences_and_choosing_one_to_return_to_user' (12.790686130523682 secs).
[2025-10-08 17:01:02,653] [INFO] ENTER: 'DisambiguationAgent' calling '_removing_repetitive_sentences'; CURRENT SPEAKER: mistral-medium_mas, DIALOGUE TURN NUM = 29.
[2025-10-08 17:01:02,653] [INFO] EXIT: 'DisambiguationAgent' calling '_removing_repetitive_sentences' (1.9788742065429688e-05 secs).
[2025-10-08 17:01:02,653] [INFO] ENTER: 'DisambiguationAgent' calling 'return_disambiguated_sentences'; CURRENT SPEAKER: mistral-medium_mas, DIALOGUE TURN NUM = 29.
[2025-10-08 17:01:02,653] [INFO] EXIT: 'DisambiguationAgent' calling 'return_disambiguated_sentences' (2.384185791015625e-06 secs).
[2025-10-08 17:01:02,654] [ERROR] Wrong state used; State of type HumanState; error message: dict has unexpected extra key(s): "graph_rag_examples", "intermediate_generations", "knowledge_base_ensemble_or_model_name", "model_seed", "model_temp", "model_top_p", "number_of_graph_rag_examples", "number_of_vector_based_rag_examples", "political_position_prob_of_na", "political_position_range", "political_position_std", "speaker_model_name", "speaker_type", "vector_based_persona_string", "vector_based_persona_sys_prompt"
[2025-10-08 17:01:02,654] [INFO] Correct state used; State of type GenerationAgentsState; 'IGNORE THE ABOVE ERRORS'.
[2025-10-08 17:01:02,733] [ERROR] Wrong state used; State of type HumanState; error message: dict has unexpected extra key(s): "graph_rag_examples", "intermediate_generations", "knowledge_base_ensemble_or_model_name", "model_seed", "model_temp", "model_top_p", "number_of_graph_rag_examples", "number_of_vector_based_rag_examples", "political_position_prob_of_na", "political_position_range", "political_position_std", "speaker_model_name", "speaker_type", "vector_based_persona_string", "vector_based_persona_sys_prompt"
[2025-10-08 17:01:02,734] [INFO] Correct state used; State of type GenerationAgentsState; 'IGNORE THE ABOVE ERRORS'.
[2025-10-08 17:01:02,734] [INFO] ENTER: 'UtteranceClassificationAgent' calling '_classify_sentence_utterance_types'; CURRENT SPEAKER: grok-3_mas_rag, DIALOGUE TURN NUM = 30.
[2025-10-08 17:01:03,790] [INFO] 'UtteranceClassificationAgent' completion returned and validated from MODEL = 'ModelName.GROK_3'.
[2025-10-08 17:01:04,857] [INFO] 'UtteranceClassificationAgent' completion returned and validated from MODEL = 'ModelName.GROK_3'.
[2025-10-08 17:01:05,889] [INFO] 'UtteranceClassificationAgent' completion returned and validated from MODEL = 'ModelName.GROK_3'.
[2025-10-08 17:01:06,862] [INFO] 'UtteranceClassificationAgent' completion returned and validated from MODEL = 'ModelName.GROK_3'.
[2025-10-08 17:01:07,569] [INFO] 'UtteranceClassificationAgent' completion returned and validated from MODEL = 'ModelName.GROK_3'.
[2025-10-08 17:01:07,569] [INFO] EXIT: 'UtteranceClassificationAgent' calling '_classify_sentence_utterance_types' (4.835151195526123 secs).
[2025-10-08 17:01:07,569] [INFO] ENTER: 'UtteranceClassificationAgent' calling 'return_classified_sentences'; CURRENT SPEAKER: grok-3_mas_rag, DIALOGUE TURN NUM = 30.
[2025-10-08 17:01:07,569] [INFO] EXIT: 'UtteranceClassificationAgent' calling 'return_classified_sentences' (1.9073486328125e-06 secs).
[2025-10-08 17:01:07,591] [INFO] ENTER: 'GraphRAG' calling 'claim'; CURRENT SPEAKER: grok-3_mas_rag, DIALOGUE TURN NUM = 30.
[2025-10-08 17:01:07,592] [INFO] ENTER: 'GraphRAG' calling 'query_graph'; CURRENT SPEAKER: grok-3_mas_rag, DIALOGUE TURN NUM = 30.
[2025-10-08 17:01:07,666] [INFO] EXIT: 'GraphRAG' calling 'query_graph' (0.0743856430053711 secs).
[2025-10-08 17:01:07,666] [INFO] EXIT: 'GraphRAG' calling 'claim' (0.07478594779968262 secs).
[2025-10-08 17:01:07,666] [INFO] ENTER: 'GraphRAG' calling 'claim_negation'; CURRENT SPEAKER: grok-3_mas_rag, DIALOGUE TURN NUM = 30.
[2025-10-08 17:01:07,666] [INFO] ENTER: 'GraphRAG' calling 'query_graph'; CURRENT SPEAKER: grok-3_mas_rag, DIALOGUE TURN NUM = 30.
[2025-10-08 17:01:07,686] [INFO] EXIT: 'GraphRAG' calling 'query_graph' (0.019041776657104492 secs).
[2025-10-08 17:01:07,686] [INFO] EXIT: 'GraphRAG' calling 'claim_negation' (0.019394874572753906 secs).
[2025-10-08 17:01:07,703] [INFO] ENTER: 'GraphRAG' calling 'since'; CURRENT SPEAKER: grok-3_mas_rag, DIALOGUE TURN NUM = 30.
[2025-10-08 17:01:07,703] [INFO] ENTER: 'GraphRAG' calling 'query_graph'; CURRENT SPEAKER: grok-3_mas_rag, DIALOGUE TURN NUM = 30.
[2025-10-08 17:01:07,722] [INFO] EXIT: 'GraphRAG' calling 'query_graph' (0.018957853317260742 secs).
[2025-10-08 17:01:07,722] [INFO] EXIT: 'GraphRAG' calling 'since' (0.019334077835083008 secs).
[2025-10-08 17:01:07,722] [INFO] ENTER: 'GraphRAG' calling 'claim'; CURRENT SPEAKER: grok-3_mas_rag, DIALOGUE TURN NUM = 30.
[2025-10-08 17:01:07,722] [INFO] ENTER: 'GraphRAG' calling 'query_graph'; CURRENT SPEAKER: grok-3_mas_rag, DIALOGUE TURN NUM = 30.
[2025-10-08 17:01:07,737] [INFO] EXIT: 'GraphRAG' calling 'query_graph' (0.015116691589355469 secs).
[2025-10-08 17:01:07,738] [INFO] EXIT: 'GraphRAG' calling 'claim' (0.015438079833984375 secs).
[2025-10-08 17:01:07,754] [INFO] ENTER: 'GraphRAG' calling 'since'; CURRENT SPEAKER: grok-3_mas_rag, DIALOGUE TURN NUM = 30.
[2025-10-08 17:01:07,754] [INFO] ENTER: 'GraphRAG' calling 'query_graph'; CURRENT SPEAKER: grok-3_mas_rag, DIALOGUE TURN NUM = 30.
[2025-10-08 17:01:07,773] [INFO] EXIT: 'GraphRAG' calling 'query_graph' (0.01906299591064453 secs).
[2025-10-08 17:01:07,773] [INFO] EXIT: 'GraphRAG' calling 'since' (0.019422054290771484 secs).
[2025-10-08 17:01:07,774] [INFO] ENTER: 'GraphRAG' calling 'claim'; CURRENT SPEAKER: grok-3_mas_rag, DIALOGUE TURN NUM = 30.
[2025-10-08 17:01:07,774] [INFO] ENTER: 'GraphRAG' calling 'query_graph'; CURRENT SPEAKER: grok-3_mas_rag, DIALOGUE TURN NUM = 30.
[2025-10-08 17:01:07,789] [INFO] EXIT: 'GraphRAG' calling 'query_graph' (0.014992713928222656 secs).
[2025-10-08 17:01:07,789] [INFO] EXIT: 'GraphRAG' calling 'claim' (0.015423059463500977 secs).
[2025-10-08 17:01:07,805] [INFO] ENTER: 'GraphRAG' calling 'since'; CURRENT SPEAKER: grok-3_mas_rag, DIALOGUE TURN NUM = 30.
[2025-10-08 17:01:07,805] [INFO] ENTER: 'GraphRAG' calling 'query_graph'; CURRENT SPEAKER: grok-3_mas_rag, DIALOGUE TURN NUM = 30.
[2025-10-08 17:01:07,824] [INFO] EXIT: 'GraphRAG' calling 'query_graph' (0.019076108932495117 secs).
[2025-10-08 17:01:07,824] [INFO] EXIT: 'GraphRAG' calling 'since' (0.019437551498413086 secs).
[2025-10-08 17:01:07,824] [INFO] ENTER: 'GraphRAG' calling 'claim'; CURRENT SPEAKER: grok-3_mas_rag, DIALOGUE TURN NUM = 30.
[2025-10-08 17:01:07,825] [INFO] ENTER: 'GraphRAG' calling 'query_graph'; CURRENT SPEAKER: grok-3_mas_rag, DIALOGUE TURN NUM = 30.
[2025-10-08 17:01:07,840] [INFO] EXIT: 'GraphRAG' calling 'query_graph' (0.014933586120605469 secs).
[2025-10-08 17:01:07,840] [INFO] EXIT: 'GraphRAG' calling 'claim' (0.01535940170288086 secs).
[2025-10-08 17:01:07,856] [INFO] ENTER: 'GraphRAG' calling 'since'; CURRENT SPEAKER: grok-3_mas_rag, DIALOGUE TURN NUM = 30.
[2025-10-08 17:01:07,857] [INFO] ENTER: 'GraphRAG' calling 'query_graph'; CURRENT SPEAKER: grok-3_mas_rag, DIALOGUE TURN NUM = 30.
[2025-10-08 17:01:07,876] [INFO] EXIT: 'GraphRAG' calling 'query_graph' (0.019002914428710938 secs).
[2025-10-08 17:01:07,876] [INFO] EXIT: 'GraphRAG' calling 'since' (0.019390344619750977 secs).
[2025-10-08 17:01:07,876] [INFO] ENTER: 'GraphRAG' calling 'claim'; CURRENT SPEAKER: grok-3_mas_rag, DIALOGUE TURN NUM = 30.
[2025-10-08 17:01:07,876] [INFO] ENTER: 'GraphRAG' calling 'query_graph'; CURRENT SPEAKER: grok-3_mas_rag, DIALOGUE TURN NUM = 30.
[2025-10-08 17:01:07,893] [INFO] EXIT: 'GraphRAG' calling 'query_graph' (0.01681828498840332 secs).
[2025-10-08 17:01:07,893] [INFO] EXIT: 'GraphRAG' calling 'claim' (0.017215251922607422 secs).
[2025-10-08 17:01:07,893] [INFO] ENTER: 'GraphRAG' calling 'return_rag_examples'; CURRENT SPEAKER: grok-3_mas_rag, DIALOGUE TURN NUM = 30.
[2025-10-08 17:01:07,893] [INFO] EXIT: 'GraphRAG' calling 'return_rag_examples' (2.1457672119140625e-06 secs).
[2025-10-08 17:01:07,896] [INFO] ENTER: 'DialogueMoveGenerator' calling 'generate'; CURRENT SPEAKER: grok-3_mas_rag, DIALOGUE TURN NUM = 30.
[2025-10-08 17:01:07,896] [INFO] ENTER: 'MASPromptGenerator' calling 'claim'; CURRENT SPEAKER: grok-3_mas_rag, DIALOGUE TURN NUM = 30.
[2025-10-08 17:01:07,896] [INFO] EXIT: 'MASPromptGenerator' calling 'claim' (9.107589721679688e-05 secs).
[2025-10-08 17:01:07,897] [INFO] ENTER: 'DialogueMoveGenerator' calling 'generate'; CURRENT SPEAKER: grok-3_mas_rag, DIALOGUE TURN NUM = 30.
[2025-10-08 17:01:07,897] [INFO] ENTER: 'MASPromptGenerator' calling 'claim_negation'; CURRENT SPEAKER: grok-3_mas_rag, DIALOGUE TURN NUM = 30.
[2025-10-08 17:01:07,897] [INFO] EXIT: 'MASPromptGenerator' calling 'claim_negation' (6.67572021484375e-05 secs).
[2025-10-08 17:01:07,898] [INFO] ENTER: 'DialogueMoveGenerator' calling 'generate'; CURRENT SPEAKER: grok-3_mas_rag, DIALOGUE TURN NUM = 30.
[2025-10-08 17:01:07,899] [INFO] ENTER: 'MASPromptGenerator' calling 'retract_claim'; CURRENT SPEAKER: grok-3_mas_rag, DIALOGUE TURN NUM = 30.
[2025-10-08 17:01:07,899] [INFO] EXIT: 'MASPromptGenerator' calling 'retract_claim' (5.364418029785156e-05 secs).
[2025-10-08 17:01:07,900] [INFO] ENTER: 'DialogueMoveGenerator' calling 'generate'; CURRENT SPEAKER: grok-3_mas_rag, DIALOGUE TURN NUM = 30.
[2025-10-08 17:01:07,902] [INFO] ENTER: 'MASPromptGenerator' calling 'since_claim'; CURRENT SPEAKER: grok-3_mas_rag, DIALOGUE TURN NUM = 30.
[2025-10-08 17:01:07,902] [INFO] EXIT: 'MASPromptGenerator' calling 'since_claim' (6.67572021484375e-05 secs).
[2025-10-08 17:01:12,769] [INFO] Completion returned and validated from MODEL = 'grok-3'.
[2025-10-08 17:01:12,780] [INFO] Completion returned and validated from MODEL = 'grok-3'.
[2025-10-08 17:01:17,519] [INFO] Completion returned and validated from MODEL = 'grok-3'.
[2025-10-08 17:01:19,724] [INFO] Completion returned and validated from MODEL = 'grok-3'.
[2025-10-08 17:01:19,724] [INFO] EXIT: 'DialogueMoveGenerator' calling 'generate' (11.827362775802612 secs).
[2025-10-08 17:01:20,770] [INFO] Completion returned and validated from MODEL = 'grok-3'.
[2025-10-08 17:01:21,359] [INFO] Completion returned and validated from MODEL = 'grok-3'.
[2025-10-08 17:01:24,953] [INFO] Completion returned and validated from MODEL = 'grok-3'.
[2025-10-08 17:01:26,758] [INFO] Completion returned and validated from MODEL = 'grok-3'.
[2025-10-08 17:01:27,343] [INFO] Completion returned and validated from MODEL = 'grok-3'.
[2025-10-08 17:01:30,321] [INFO] Completion returned and validated from MODEL = 'grok-3'.
[2025-10-08 17:01:30,349] [INFO] Completion returned and validated from MODEL = 'grok-3'.
[2025-10-08 17:01:30,566] [INFO] Completion returned and validated from MODEL = 'grok-3'.
[2025-10-08 17:01:33,728] [INFO] Completion returned and validated from MODEL = 'grok-3'.
[2025-10-08 17:01:33,728] [INFO] EXIT: 'DialogueMoveGenerator' calling 'generate' (25.826310396194458 secs).
[2025-10-08 17:01:34,197] [INFO] Completion returned and validated from MODEL = 'grok-3'.
[2025-10-08 17:01:34,197] [INFO] EXIT: 'DialogueMoveGenerator' calling 'generate' (26.29796838760376 secs).
[2025-10-08 17:01:35,353] [INFO] Completion returned and validated from MODEL = 'grok-3'.
[2025-10-08 17:01:35,353] [INFO] EXIT: 'DialogueMoveGenerator' calling 'generate' (27.457675457000732 secs).
[2025-10-08 17:01:35,354] [INFO] ENTER: 'MASPromptGenerator' calling 'persuasiveness_choice'; CURRENT SPEAKER: grok-3_mas_rag, DIALOGUE TURN NUM = 30.
[2025-10-08 17:01:35,355] [INFO] EXIT: 'MASPromptGenerator' calling 'persuasiveness_choice' (0.00027632713317871094 secs).
[2025-10-08 17:01:38,694] [INFO] Completion returned and validated within 'PersuasivenessChoiceAgent'; MODEL = 'grok-3'; DIALOGUE TURN NUM = 30.
[2025-10-08 17:01:41,727] [INFO] Completion returned and validated within 'PersuasivenessChoiceAgent'; MODEL = 'grok-3'; DIALOGUE TURN NUM = 30.
[2025-10-08 17:01:45,329] [INFO] Completion returned and validated within 'PersuasivenessChoiceAgent'; MODEL = 'grok-3'; DIALOGUE TURN NUM = 30.
[2025-10-08 17:01:49,790] [INFO] Completion returned and validated within 'PersuasivenessChoiceAgent'; MODEL = 'grok-3'; DIALOGUE TURN NUM = 30.
[2025-10-08 17:01:52,312] [INFO] Completion returned and validated within 'PersuasivenessChoiceAgent'; MODEL = 'grok-3'; DIALOGUE TURN NUM = 30.
[2025-10-08 17:01:52,312] [INFO] ENTER: 'DisambiguationAgent' calling '_grouping_similar_utterance_types'; CURRENT SPEAKER: grok-3_mas_rag, DIALOGUE TURN NUM = 30.
[2025-10-08 17:01:52,312] [INFO] EXIT: 'DisambiguationAgent' calling '_grouping_similar_utterance_types' (1.2874603271484375e-05 secs).
[2025-10-08 17:01:52,312] [INFO] ENTER: 'DisambiguationAgent' calling '_identifying_similar_sentences_and_choosing_one_to_return_to_user'; CURRENT SPEAKER: grok-3_mas_rag, DIALOGUE TURN NUM = 30.
[2025-10-08 17:02:10,664] [INFO] 'DisambiguationAgent' grouped similar sentences, completion returned and validated; MODEL = 'grok-3'.
[2025-10-08 17:02:12,107] [INFO] 'DisambiguationAgent' chose sentences to remove, completion returned and validated from MODEL = 'grok-3'.
[2025-10-08 17:02:14,363] [INFO] 'DisambiguationAgent' chose sentences to remove, completion returned and validated from MODEL = 'grok-3'.
[2025-10-08 17:02:16,267] [INFO] 'DisambiguationAgent' chose sentences to remove, completion returned and validated from MODEL = 'grok-3'.
[2025-10-08 17:02:18,672] [INFO] 'DisambiguationAgent' chose sentences to remove, completion returned and validated from MODEL = 'grok-3'.
[2025-10-08 17:02:20,689] [INFO] 'DisambiguationAgent' chose sentences to remove, completion returned and validated from MODEL = 'grok-3'.
[2025-10-08 17:02:20,689] [INFO] EXIT: 'DisambiguationAgent' calling '_identifying_similar_sentences_and_choosing_one_to_return_to_user' (28.37662982940674 secs).
[2025-10-08 17:02:20,689] [INFO] ENTER: 'DisambiguationAgent' calling '_removing_repetitive_sentences'; CURRENT SPEAKER: grok-3_mas_rag, DIALOGUE TURN NUM = 30.
[2025-10-08 17:02:20,689] [INFO] EXIT: 'DisambiguationAgent' calling '_removing_repetitive_sentences' (2.0265579223632812e-05 secs).
[2025-10-08 17:02:20,689] [INFO] ENTER: 'DisambiguationAgent' calling '_choose_the_most_persuasive_sentences'; CURRENT SPEAKER: grok-3_mas_rag, DIALOGUE TURN NUM = 30.
[2025-10-08 17:02:24,974] [INFO] 'DisambiguationAgent': reached maximum allowed sentences, succussfully chose most persuasive sentences, completion returned and validated from MODEL = 'grok-3'.
[2025-10-08 17:02:24,975] [INFO] EXIT: 'DisambiguationAgent' calling '_choose_the_most_persuasive_sentences' (4.285295724868774 secs).
[2025-10-08 17:02:24,975] [INFO] ENTER: 'DisambiguationAgent' calling 'return_disambiguated_sentences'; CURRENT SPEAKER: grok-3_mas_rag, DIALOGUE TURN NUM = 30.
[2025-10-08 17:02:24,975] [INFO] EXIT: 'DisambiguationAgent' calling 'return_disambiguated_sentences' (2.86102294921875e-06 secs).
[2025-10-08 17:02:24,975] [ERROR] Wrong state used; State of type HumanState; error message: dict has unexpected extra key(s): "graph_rag_examples", "intermediate_generations", "knowledge_base_ensemble_or_model_name", "model_seed", "model_temp", "model_top_p", "number_of_graph_rag_examples", "number_of_vector_based_rag_examples", "political_position_prob_of_na", "political_position_range", "political_position_std", "speaker_model_name", "speaker_type", "vector_based_persona_string", "vector_based_persona_sys_prompt"
[2025-10-08 17:02:24,975] [INFO] Correct state used; State of type GenerationAgentsState; 'IGNORE THE ABOVE ERRORS'.
[2025-10-08 17:02:25,645] [INFO] 'commitment_update' completed '___Since___' update; MODEL = 'grok-3'.
[2025-10-08 17:02:26,697] [INFO] 'commitment_update' completed '___Claim___' update for current speaker's commitments; MODEL = 'grok-3'.
[2025-10-08 17:02:27,792] [INFO] 'commitment_update' completed '___Claim___' update for current speaker's commitments; MODEL = 'grok-3'.
[2025-10-08 17:02:28,426] [INFO] 'commitment_update' completed '___Claim___' update for current speaker's commitments; MODEL = 'grok-3'.
[2025-10-08 17:02:29,098] [INFO] 'commitment_update' completed '___Claim___' update for current speaker's commitments; MODEL = 'grok-3'.
[2025-10-08 17:02:29,189] [ERROR] Wrong state used; State of type HumanState; error message: dict has unexpected extra key(s): "graph_rag_examples", "intermediate_generations", "knowledge_base_ensemble_or_model_name", "model_seed", "model_temp", "model_top_p", "number_of_graph_rag_examples", "number_of_vector_based_rag_examples", "political_position_prob_of_na", "political_position_range", "political_position_std", "speaker_model_name", "speaker_type", "vector_based_persona_string", "vector_based_persona_sys_prompt"
[2025-10-08 17:02:29,189] [INFO] Correct state used; State of type GenerationAgentsState; 'IGNORE THE ABOVE ERRORS'.
[2025-10-08 17:02:29,189] [INFO] ENTER: 'UtteranceClassificationAgent' calling '_classify_sentence_utterance_types'; CURRENT SPEAKER: mistral-medium_mas, DIALOGUE TURN NUM = 31.
[2025-10-08 17:02:29,806] [INFO] 'UtteranceClassificationAgent' completion returned and validated from MODEL = 'ModelName.MISTRAL_MEDIUM'.
[2025-10-08 17:02:30,326] [INFO] 'UtteranceClassificationAgent' completion returned and validated from MODEL = 'ModelName.MISTRAL_MEDIUM'.
[2025-10-08 17:02:30,837] [INFO] 'UtteranceClassificationAgent' completion returned and validated from MODEL = 'ModelName.MISTRAL_MEDIUM'.
[2025-10-08 17:02:31,353] [INFO] 'UtteranceClassificationAgent' completion returned and validated from MODEL = 'ModelName.MISTRAL_MEDIUM'.
[2025-10-08 17:02:31,829] [INFO] 'UtteranceClassificationAgent' completion returned and validated from MODEL = 'ModelName.MISTRAL_MEDIUM'.
[2025-10-08 17:02:31,829] [INFO] EXIT: 'UtteranceClassificationAgent' calling '_classify_sentence_utterance_types' (2.640050172805786 secs).
[2025-10-08 17:02:31,829] [INFO] ENTER: 'UtteranceClassificationAgent' calling 'return_classified_sentences'; CURRENT SPEAKER: mistral-medium_mas, DIALOGUE TURN NUM = 31.
[2025-10-08 17:02:31,829] [INFO] EXIT: 'UtteranceClassificationAgent' calling 'return_classified_sentences' (2.384185791015625e-06 secs).
[2025-10-08 17:02:31,831] [INFO] ENTER: 'DialogueMoveGenerator' calling 'generate'; CURRENT SPEAKER: mistral-medium_mas, DIALOGUE TURN NUM = 31.
[2025-10-08 17:02:31,832] [INFO] ENTER: 'MASPromptGenerator' calling 'concede_claim'; CURRENT SPEAKER: mistral-medium_mas, DIALOGUE TURN NUM = 31.
[2025-10-08 17:02:31,832] [INFO] EXIT: 'MASPromptGenerator' calling 'concede_claim' (6.246566772460938e-05 secs).
[2025-10-08 17:02:31,832] [INFO] ENTER: 'DialogueMoveGenerator' calling 'generate'; CURRENT SPEAKER: mistral-medium_mas, DIALOGUE TURN NUM = 31.
[2025-10-08 17:02:31,833] [INFO] ENTER: 'MASPromptGenerator' calling 'question_claim'; CURRENT SPEAKER: mistral-medium_mas, DIALOGUE TURN NUM = 31.
[2025-10-08 17:02:31,833] [INFO] EXIT: 'MASPromptGenerator' calling 'question_claim' (6.532669067382812e-05 secs).
[2025-10-08 17:02:31,833] [INFO] ENTER: 'DialogueMoveGenerator' calling 'generate'; CURRENT SPEAKER: mistral-medium_mas, DIALOGUE TURN NUM = 31.
[2025-10-08 17:02:31,834] [INFO] ENTER: 'MASPromptGenerator' calling 'why_claim'; CURRENT SPEAKER: mistral-medium_mas, DIALOGUE TURN NUM = 31.
[2025-10-08 17:02:31,834] [INFO] EXIT: 'MASPromptGenerator' calling 'why_claim' (4.9114227294921875e-05 secs).
[2025-10-08 17:02:33,854] [INFO] Completion returned and validated from MODEL = 'mistral-medium'.
[2025-10-08 17:02:35,818] [INFO] Completion returned and validated from MODEL = 'mistral-medium'.
[2025-10-08 17:02:38,043] [INFO] Completion returned and validated from MODEL = 'mistral-medium'.
[2025-10-08 17:02:40,477] [INFO] Completion returned and validated from MODEL = 'mistral-medium'.
[2025-10-08 17:02:52,970] [INFO] Completion returned and validated from MODEL = 'mistral-medium'.
[2025-10-08 17:02:53,028] [INFO] Completion returned and validated from MODEL = 'mistral-medium'.
[2025-10-08 17:02:53,028] [INFO] EXIT: 'DialogueMoveGenerator' calling 'generate' (21.195313692092896 secs).
[2025-10-08 17:02:53,230] [INFO] Completion returned and validated from MODEL = 'mistral-medium'.
[2025-10-08 17:02:55,902] [INFO] Completion returned and validated from MODEL = 'mistral-medium'.
[2025-10-08 17:02:57,436] [INFO] Completion returned and validated from MODEL = 'mistral-medium'.
[2025-10-08 17:02:57,806] [INFO] Completion returned and validated from MODEL = 'mistral-medium'.
[2025-10-08 17:02:59,712] [INFO] Completion returned and validated from MODEL = 'mistral-medium'.
[2025-10-08 17:02:59,790] [INFO] Completion returned and validated from MODEL = 'mistral-medium'.
[2025-10-08 17:03:01,643] [INFO] Completion returned and validated from MODEL = 'mistral-medium'.
[2025-10-08 17:03:01,643] [INFO] EXIT: 'DialogueMoveGenerator' calling 'generate' (29.809641361236572 secs).
[2025-10-08 17:03:01,891] [INFO] Completion returned and validated from MODEL = 'mistral-medium'.
[2025-10-08 17:03:03,715] [INFO] Completion returned and validated from MODEL = 'mistral-medium'.
[2025-10-08 17:03:03,715] [INFO] EXIT: 'DialogueMoveGenerator' calling 'generate' (31.884003162384033 secs).
[2025-10-08 17:03:03,717] [INFO] ENTER: 'MASPromptGenerator' calling 'persuasiveness_choice'; CURRENT SPEAKER: mistral-medium_mas, DIALOGUE TURN NUM = 31.
[2025-10-08 17:03:03,717] [INFO] EXIT: 'MASPromptGenerator' calling 'persuasiveness_choice' (0.00023555755615234375 secs).
[2025-10-08 17:03:06,362] [INFO] Completion returned and validated within 'PersuasivenessChoiceAgent'; MODEL = 'mistral-medium'; DIALOGUE TURN NUM = 31.
[2025-10-08 17:03:08,730] [INFO] Completion returned and validated within 'PersuasivenessChoiceAgent'; MODEL = 'mistral-medium'; DIALOGUE TURN NUM = 31.
[2025-10-08 17:03:10,917] [INFO] Completion returned and validated within 'PersuasivenessChoiceAgent'; MODEL = 'mistral-medium'; DIALOGUE TURN NUM = 31.
[2025-10-08 17:03:13,372] [INFO] Completion returned and validated within 'PersuasivenessChoiceAgent'; MODEL = 'mistral-medium'; DIALOGUE TURN NUM = 31.
[2025-10-08 17:03:45,188] [INFO] Completion returned and validated within 'PersuasivenessChoiceAgent'; MODEL = 'mistral-medium'; DIALOGUE TURN NUM = 31.
[2025-10-08 17:03:45,188] [INFO] ENTER: 'DisambiguationAgent' calling '_grouping_similar_utterance_types'; CURRENT SPEAKER: mistral-medium_mas, DIALOGUE TURN NUM = 31.
[2025-10-08 17:03:45,188] [INFO] EXIT: 'DisambiguationAgent' calling '_grouping_similar_utterance_types' (1.1205673217773438e-05 secs).
[2025-10-08 17:03:45,188] [INFO] ENTER: 'DisambiguationAgent' calling '_identifying_similar_sentences_and_choosing_one_to_return_to_user'; CURRENT SPEAKER: mistral-medium_mas, DIALOGUE TURN NUM = 31.
[2025-10-08 17:04:06,174] [INFO] 'DisambiguationAgent' grouped similar sentences, completion returned and validated; MODEL = 'mistral-medium'.
[2025-10-08 17:04:07,240] [INFO] 'DisambiguationAgent' chose sentences to remove, completion returned and validated from MODEL = 'mistral-medium'.
[2025-10-08 17:04:39,667] [INFO] 'DisambiguationAgent' chose sentences to remove, completion returned and validated from MODEL = 'mistral-medium'.
[2025-10-08 17:04:41,124] [INFO] 'DisambiguationAgent' chose sentences to remove, completion returned and validated from MODEL = 'mistral-medium'.
[2025-10-08 17:04:41,871] [INFO] 'DisambiguationAgent' chose sentences to remove, completion returned and validated from MODEL = 'mistral-medium'.
[2025-10-08 17:05:21,725] [INFO] 'DisambiguationAgent' chose sentences to remove, completion returned and validated from MODEL = 'mistral-medium'.
[2025-10-08 17:05:22,912] [INFO] 'DisambiguationAgent' chose sentences to remove, completion returned and validated from MODEL = 'mistral-medium'.
[2025-10-08 17:05:27,679] [INFO] 'DisambiguationAgent' chose sentences to remove, completion returned and validated from MODEL = 'mistral-medium'.
[2025-10-08 17:05:27,679] [INFO] EXIT: 'DisambiguationAgent' calling '_identifying_similar_sentences_and_choosing_one_to_return_to_user' (102.4907214641571 secs).
[2025-10-08 17:05:27,679] [INFO] ENTER: 'DisambiguationAgent' calling '_removing_repetitive_sentences'; CURRENT SPEAKER: mistral-medium_mas, DIALOGUE TURN NUM = 31.
[2025-10-08 17:05:27,679] [INFO] EXIT: 'DisambiguationAgent' calling '_removing_repetitive_sentences' (1.621246337890625e-05 secs).
[2025-10-08 17:05:27,679] [INFO] ENTER: 'DisambiguationAgent' calling '_choose_the_most_persuasive_sentences'; CURRENT SPEAKER: mistral-medium_mas, DIALOGUE TURN NUM = 31.
[2025-10-08 17:05:39,185] [INFO] 'DisambiguationAgent': reached maximum allowed sentences, succussfully chose most persuasive sentences, completion returned and validated from MODEL = 'mistral-medium'.
[2025-10-08 17:05:39,185] [INFO] EXIT: 'DisambiguationAgent' calling '_choose_the_most_persuasive_sentences' (11.505953073501587 secs).
[2025-10-08 17:05:39,185] [INFO] ENTER: 'DisambiguationAgent' calling 'return_disambiguated_sentences'; CURRENT SPEAKER: mistral-medium_mas, DIALOGUE TURN NUM = 31.
[2025-10-08 17:05:39,185] [INFO] EXIT: 'DisambiguationAgent' calling 'return_disambiguated_sentences' (2.6226043701171875e-06 secs).
[2025-10-08 17:05:39,186] [ERROR] Wrong state used; State of type HumanState; error message: dict has unexpected extra key(s): "graph_rag_examples", "intermediate_generations", "knowledge_base_ensemble_or_model_name", "model_seed", "model_temp", "model_top_p", "number_of_graph_rag_examples", "number_of_vector_based_rag_examples", "political_position_prob_of_na", "political_position_range", "political_position_std", "speaker_model_name", "speaker_type", "vector_based_persona_string", "vector_based_persona_sys_prompt"
[2025-10-08 17:05:39,186] [INFO] Correct state used; State of type GenerationAgentsState; 'IGNORE THE ABOVE ERRORS'.
[2025-10-08 17:05:39,273] [ERROR] Wrong state used; State of type HumanState; error message: dict has unexpected extra key(s): "graph_rag_examples", "intermediate_generations", "knowledge_base_ensemble_or_model_name", "model_seed", "model_temp", "model_top_p", "number_of_graph_rag_examples", "number_of_vector_based_rag_examples", "political_position_prob_of_na", "political_position_range", "political_position_std", "speaker_model_name", "speaker_type", "vector_based_persona_string", "vector_based_persona_sys_prompt"
[2025-10-08 17:05:39,274] [INFO] Correct state used; State of type GenerationAgentsState; 'IGNORE THE ABOVE ERRORS'.
[2025-10-08 17:05:39,274] [INFO] ENTER: 'UtteranceClassificationAgent' calling '_classify_sentence_utterance_types'; CURRENT SPEAKER: grok-3_mas_rag, DIALOGUE TURN NUM = 32.
[2025-10-08 17:05:39,974] [INFO] 'UtteranceClassificationAgent' completion returned and validated from MODEL = 'ModelName.GROK_3'.
[2025-10-08 17:05:41,162] [INFO] 'UtteranceClassificationAgent' completion returned and validated from MODEL = 'ModelName.GROK_3'.
[2025-10-08 17:05:42,162] [INFO] 'UtteranceClassificationAgent' completion returned and validated from MODEL = 'ModelName.GROK_3'.
[2025-10-08 17:05:43,212] [INFO] 'UtteranceClassificationAgent' completion returned and validated from MODEL = 'ModelName.GROK_3'.
[2025-10-08 17:05:43,881] [INFO] 'UtteranceClassificationAgent' completion returned and validated from MODEL = 'ModelName.GROK_3'.
[2025-10-08 17:05:44,550] [INFO] 'UtteranceClassificationAgent' completion returned and validated from MODEL = 'ModelName.GROK_3'.
[2025-10-08 17:05:44,550] [INFO] EXIT: 'UtteranceClassificationAgent' calling '_classify_sentence_utterance_types' (5.275863885879517 secs).
[2025-10-08 17:05:44,550] [INFO] ENTER: 'UtteranceClassificationAgent' calling 'return_classified_sentences'; CURRENT SPEAKER: grok-3_mas_rag, DIALOGUE TURN NUM = 32.
[2025-10-08 17:05:44,550] [INFO] EXIT: 'UtteranceClassificationAgent' calling 'return_classified_sentences' (2.1457672119140625e-06 secs).
[2025-10-08 17:05:44,568] [INFO] ENTER: 'GraphRAG' calling 'since'; CURRENT SPEAKER: grok-3_mas_rag, DIALOGUE TURN NUM = 32.
[2025-10-08 17:05:44,568] [INFO] ENTER: 'GraphRAG' calling 'query_graph'; CURRENT SPEAKER: grok-3_mas_rag, DIALOGUE TURN NUM = 32.
[2025-10-08 17:05:44,587] [INFO] EXIT: 'GraphRAG' calling 'query_graph' (0.01912236213684082 secs).
[2025-10-08 17:05:44,588] [INFO] EXIT: 'GraphRAG' calling 'since' (0.019458770751953125 secs).
[2025-10-08 17:05:44,588] [INFO] ENTER: 'GraphRAG' calling 'claim'; CURRENT SPEAKER: grok-3_mas_rag, DIALOGUE TURN NUM = 32.
[2025-10-08 17:05:44,588] [INFO] ENTER: 'GraphRAG' calling 'query_graph'; CURRENT SPEAKER: grok-3_mas_rag, DIALOGUE TURN NUM = 32.
[2025-10-08 17:05:44,602] [INFO] EXIT: 'GraphRAG' calling 'query_graph' (0.0145263671875 secs).
[2025-10-08 17:05:44,603] [INFO] EXIT: 'GraphRAG' calling 'claim' (0.014911890029907227 secs).
[2025-10-08 17:05:44,618] [INFO] ENTER: 'GraphRAG' calling 'since'; CURRENT SPEAKER: grok-3_mas_rag, DIALOGUE TURN NUM = 32.
[2025-10-08 17:05:44,618] [INFO] ENTER: 'GraphRAG' calling 'query_graph'; CURRENT SPEAKER: grok-3_mas_rag, DIALOGUE TURN NUM = 32.
[2025-10-08 17:05:44,637] [INFO] EXIT: 'GraphRAG' calling 'query_graph' (0.01859760284423828 secs).
[2025-10-08 17:05:44,637] [INFO] EXIT: 'GraphRAG' calling 'since' (0.0189208984375 secs).
[2025-10-08 17:05:44,637] [INFO] ENTER: 'GraphRAG' calling 'claim'; CURRENT SPEAKER: grok-3_mas_rag, DIALOGUE TURN NUM = 32.
[2025-10-08 17:05:44,637] [INFO] ENTER: 'GraphRAG' calling 'query_graph'; CURRENT SPEAKER: grok-3_mas_rag, DIALOGUE TURN NUM = 32.
[2025-10-08 17:05:44,652] [INFO] EXIT: 'GraphRAG' calling 'query_graph' (0.014622688293457031 secs).
[2025-10-08 17:05:44,652] [INFO] EXIT: 'GraphRAG' calling 'claim' (0.014917135238647461 secs).
[2025-10-08 17:05:44,667] [INFO] ENTER: 'GraphRAG' calling 'since'; CURRENT SPEAKER: grok-3_mas_rag, DIALOGUE TURN NUM = 32.
[2025-10-08 17:05:44,667] [INFO] ENTER: 'GraphRAG' calling 'query_graph'; CURRENT SPEAKER: grok-3_mas_rag, DIALOGUE TURN NUM = 32.
[2025-10-08 17:05:44,686] [INFO] EXIT: 'GraphRAG' calling 'query_graph' (0.018650293350219727 secs).
[2025-10-08 17:05:44,686] [INFO] EXIT: 'GraphRAG' calling 'since' (0.018991708755493164 secs).
[2025-10-08 17:05:44,686] [INFO] ENTER: 'GraphRAG' calling 'claim'; CURRENT SPEAKER: grok-3_mas_rag, DIALOGUE TURN NUM = 32.
[2025-10-08 17:05:44,686] [INFO] ENTER: 'GraphRAG' calling 'query_graph'; CURRENT SPEAKER: grok-3_mas_rag, DIALOGUE TURN NUM = 32.
[2025-10-08 17:05:44,701] [INFO] EXIT: 'GraphRAG' calling 'query_graph' (0.01497507095336914 secs).
[2025-10-08 17:05:44,701] [INFO] EXIT: 'GraphRAG' calling 'claim' (0.015303373336791992 secs).
[2025-10-08 17:05:44,716] [INFO] ENTER: 'GraphRAG' calling 'since'; CURRENT SPEAKER: grok-3_mas_rag, DIALOGUE TURN NUM = 32.
[2025-10-08 17:05:44,716] [INFO] ENTER: 'GraphRAG' calling 'query_graph'; CURRENT SPEAKER: grok-3_mas_rag, DIALOGUE TURN NUM = 32.
[2025-10-08 17:05:44,737] [INFO] EXIT: 'GraphRAG' calling 'query_graph' (0.02049398422241211 secs).
[2025-10-08 17:05:44,737] [INFO] EXIT: 'GraphRAG' calling 'since' (0.02084207534790039 secs).
[2025-10-08 17:05:44,737] [INFO] ENTER: 'GraphRAG' calling 'claim'; CURRENT SPEAKER: grok-3_mas_rag, DIALOGUE TURN NUM = 32.
[2025-10-08 17:05:44,737] [INFO] ENTER: 'GraphRAG' calling 'query_graph'; CURRENT SPEAKER: grok-3_mas_rag, DIALOGUE TURN NUM = 32.
[2025-10-08 17:05:44,752] [INFO] EXIT: 'GraphRAG' calling 'query_graph' (0.014885663986206055 secs).
[2025-10-08 17:05:44,752] [INFO] EXIT: 'GraphRAG' calling 'claim' (0.015233755111694336 secs).
[2025-10-08 17:05:44,769] [INFO] ENTER: 'GraphRAG' calling 'since'; CURRENT SPEAKER: grok-3_mas_rag, DIALOGUE TURN NUM = 32.
[2025-10-08 17:05:44,770] [INFO] ENTER: 'GraphRAG' calling 'query_graph'; CURRENT SPEAKER: grok-3_mas_rag, DIALOGUE TURN NUM = 32.
[2025-10-08 17:05:44,773] [INFO] EXIT: 'GraphRAG' calling 'query_graph' (0.003228902816772461 secs).
[2025-10-08 17:05:44,773] [INFO] EXIT: 'GraphRAG' calling 'since' (0.003563404083251953 secs).
[2025-10-08 17:05:44,773] [INFO] ENTER: 'GraphRAG' calling 'claim'; CURRENT SPEAKER: grok-3_mas_rag, DIALOGUE TURN NUM = 32.
[2025-10-08 17:05:44,773] [INFO] ENTER: 'GraphRAG' calling 'query_graph'; CURRENT SPEAKER: grok-3_mas_rag, DIALOGUE TURN NUM = 32.
[2025-10-08 17:05:44,775] [INFO] EXIT: 'GraphRAG' calling 'query_graph' (0.0013518333435058594 secs).
[2025-10-08 17:05:44,775] [INFO] EXIT: 'GraphRAG' calling 'claim' (0.0017299652099609375 secs).
[2025-10-08 17:05:44,790] [INFO] ENTER: 'GraphRAG' calling 'since'; CURRENT SPEAKER: grok-3_mas_rag, DIALOGUE TURN NUM = 32.
[2025-10-08 17:05:44,790] [INFO] ENTER: 'GraphRAG' calling 'query_graph'; CURRENT SPEAKER: grok-3_mas_rag, DIALOGUE TURN NUM = 32.
[2025-10-08 17:05:44,809] [INFO] EXIT: 'GraphRAG' calling 'query_graph' (0.018795013427734375 secs).
[2025-10-08 17:05:44,809] [INFO] EXIT: 'GraphRAG' calling 'since' (0.019185304641723633 secs).
[2025-10-08 17:05:44,809] [INFO] ENTER: 'GraphRAG' calling 'claim'; CURRENT SPEAKER: grok-3_mas_rag, DIALOGUE TURN NUM = 32.
[2025-10-08 17:05:44,809] [INFO] ENTER: 'GraphRAG' calling 'query_graph'; CURRENT SPEAKER: grok-3_mas_rag, DIALOGUE TURN NUM = 32.
[2025-10-08 17:05:44,844] [INFO] EXIT: 'GraphRAG' calling 'query_graph' (0.034842729568481445 secs).
[2025-10-08 17:05:44,844] [INFO] EXIT: 'GraphRAG' calling 'claim' (0.03520631790161133 secs).
[2025-10-08 17:05:44,844] [INFO] ENTER: 'GraphRAG' calling 'return_rag_examples'; CURRENT SPEAKER: grok-3_mas_rag, DIALOGUE TURN NUM = 32.
[2025-10-08 17:05:44,844] [INFO] EXIT: 'GraphRAG' calling 'return_rag_examples' (2.1457672119140625e-06 secs).
[2025-10-08 17:05:44,849] [INFO] ENTER: 'DialogueMoveGenerator' calling 'generate'; CURRENT SPEAKER: grok-3_mas_rag, DIALOGUE TURN NUM = 32.
[2025-10-08 17:05:44,850] [INFO] ENTER: 'MASPromptGenerator' calling 'claim'; CURRENT SPEAKER: grok-3_mas_rag, DIALOGUE TURN NUM = 32.
[2025-10-08 17:05:44,850] [INFO] EXIT: 'MASPromptGenerator' calling 'claim' (0.00011110305786132812 secs).
[2025-10-08 17:05:44,851] [INFO] ENTER: 'DialogueMoveGenerator' calling 'generate'; CURRENT SPEAKER: grok-3_mas_rag, DIALOGUE TURN NUM = 32.
[2025-10-08 17:05:44,851] [INFO] ENTER: 'MASPromptGenerator' calling 'retract_claim'; CURRENT SPEAKER: grok-3_mas_rag, DIALOGUE TURN NUM = 32.
[2025-10-08 17:05:44,851] [INFO] EXIT: 'MASPromptGenerator' calling 'retract_claim' (7.152557373046875e-05 secs).
[2025-10-08 17:05:44,852] [INFO] ENTER: 'DialogueMoveGenerator' calling 'generate'; CURRENT SPEAKER: grok-3_mas_rag, DIALOGUE TURN NUM = 32.
[2025-10-08 17:05:44,853] [INFO] ENTER: 'MASPromptGenerator' calling 'since_claim'; CURRENT SPEAKER: grok-3_mas_rag, DIALOGUE TURN NUM = 32.
[2025-10-08 17:05:44,853] [INFO] EXIT: 'MASPromptGenerator' calling 'since_claim' (7.867813110351562e-05 secs).
[2025-10-08 17:05:52,665] [INFO] Completion returned and validated from MODEL = 'grok-3'.
[2025-10-08 17:05:54,299] [INFO] Completion returned and validated from MODEL = 'grok-3'.
[2025-10-08 17:05:54,618] [INFO] Completion returned and validated from MODEL = 'grok-3'.
[2025-10-08 17:05:56,956] [INFO] Completion returned and validated from MODEL = 'grok-3'.
[2025-10-08 17:06:01,622] [INFO] Completion returned and validated from MODEL = 'grok-3'.
[2025-10-08 17:06:03,948] [INFO] Completion returned and validated from MODEL = 'grok-3'.
[2025-10-08 17:06:06,565] [INFO] Completion returned and validated from MODEL = 'grok-3'.
[2025-10-08 17:06:08,696] [INFO] Completion returned and validated from MODEL = 'grok-3'.
[2025-10-08 17:06:08,892] [INFO] Completion returned and validated from MODEL = 'grok-3'.
[2025-10-08 17:06:11,865] [INFO] Completion returned and validated from MODEL = 'grok-3'.
[2025-10-08 17:06:17,067] [INFO] Completion returned and validated from MODEL = 'grok-3'.
[2025-10-08 17:06:17,817] [INFO] Completion returned and validated from MODEL = 'grok-3'.
[2025-10-08 17:06:20,123] [INFO] Completion returned and validated from MODEL = 'grok-3'.
[2025-10-08 17:06:23,058] [INFO] Completion returned and validated from MODEL = 'grok-3'.
[2025-10-08 17:06:23,677] [INFO] Completion returned and validated from MODEL = 'grok-3'.
[2025-10-08 17:06:24,376] [INFO] Completion returned and validated from MODEL = 'grok-3'.
[2025-10-08 17:06:24,376] [INFO] EXIT: 'DialogueMoveGenerator' calling 'generate' (39.52647399902344 secs).
[2025-10-08 17:06:27,307] [INFO] Completion returned and validated from MODEL = 'grok-3'.
[2025-10-08 17:06:27,308] [INFO] EXIT: 'DialogueMoveGenerator' calling 'generate' (42.45481276512146 secs).
[2025-10-08 17:06:27,427] [INFO] Completion returned and validated from MODEL = 'grok-3'.
[2025-10-08 17:06:27,427] [INFO] EXIT: 'DialogueMoveGenerator' calling 'generate' (42.5762722492218 secs).
[2025-10-08 17:06:27,428] [INFO] ENTER: 'MASPromptGenerator' calling 'persuasiveness_choice'; CURRENT SPEAKER: grok-3_mas_rag, DIALOGUE TURN NUM = 32.
[2025-10-08 17:06:27,428] [INFO] EXIT: 'MASPromptGenerator' calling 'persuasiveness_choice' (0.000331878662109375 secs).
[2025-10-08 17:06:30,964] [INFO] Completion returned and validated within 'PersuasivenessChoiceAgent'; MODEL = 'grok-3'; DIALOGUE TURN NUM = 32.
[2025-10-08 17:06:34,930] [INFO] Completion returned and validated within 'PersuasivenessChoiceAgent'; MODEL = 'grok-3'; DIALOGUE TURN NUM = 32.
[2025-10-08 17:06:40,755] [INFO] Completion returned and validated within 'PersuasivenessChoiceAgent'; MODEL = 'grok-3'; DIALOGUE TURN NUM = 32.
[2025-10-08 17:06:44,997] [INFO] Completion returned and validated within 'PersuasivenessChoiceAgent'; MODEL = 'grok-3'; DIALOGUE TURN NUM = 32.
[2025-10-08 17:06:49,334] [INFO] Completion returned and validated within 'PersuasivenessChoiceAgent'; MODEL = 'grok-3'; DIALOGUE TURN NUM = 32.
[2025-10-08 17:06:54,185] [INFO] Completion returned and validated within 'PersuasivenessChoiceAgent'; MODEL = 'grok-3'; DIALOGUE TURN NUM = 32.
[2025-10-08 17:06:54,185] [INFO] ENTER: 'DisambiguationAgent' calling '_grouping_similar_utterance_types'; CURRENT SPEAKER: grok-3_mas_rag, DIALOGUE TURN NUM = 32.
[2025-10-08 17:06:54,186] [INFO] EXIT: 'DisambiguationAgent' calling '_grouping_similar_utterance_types' (1.621246337890625e-05 secs).
[2025-10-08 17:06:54,186] [INFO] ENTER: 'DisambiguationAgent' calling '_identifying_similar_sentences_and_choosing_one_to_return_to_user'; CURRENT SPEAKER: grok-3_mas_rag, DIALOGUE TURN NUM = 32.
[2025-10-08 17:07:13,632] [INFO] 'DisambiguationAgent' grouped similar sentences, completion returned and validated; MODEL = 'grok-3'.
[2025-10-08 17:07:14,819] [INFO] 'DisambiguationAgent' chose sentences to remove, completion returned and validated from MODEL = 'grok-3'.
[2025-10-08 17:07:15,945] [INFO] 'DisambiguationAgent' chose sentences to remove, completion returned and validated from MODEL = 'grok-3'.
[2025-10-08 17:07:17,604] [INFO] 'DisambiguationAgent' chose sentences to remove, completion returned and validated from MODEL = 'grok-3'.
[2025-10-08 17:07:18,825] [INFO] 'DisambiguationAgent' chose sentences to remove, completion returned and validated from MODEL = 'grok-3'.
[2025-10-08 17:07:20,405] [INFO] 'DisambiguationAgent' chose sentences to remove, completion returned and validated from MODEL = 'grok-3'.
[2025-10-08 17:07:20,405] [INFO] EXIT: 'DisambiguationAgent' calling '_identifying_similar_sentences_and_choosing_one_to_return_to_user' (26.219157457351685 secs).
[2025-10-08 17:07:20,405] [INFO] ENTER: 'DisambiguationAgent' calling '_removing_repetitive_sentences'; CURRENT SPEAKER: grok-3_mas_rag, DIALOGUE TURN NUM = 32.
[2025-10-08 17:07:20,405] [INFO] EXIT: 'DisambiguationAgent' calling '_removing_repetitive_sentences' (2.8371810913085938e-05 secs).
[2025-10-08 17:07:20,405] [INFO] ENTER: 'DisambiguationAgent' calling 'return_disambiguated_sentences'; CURRENT SPEAKER: grok-3_mas_rag, DIALOGUE TURN NUM = 32.
[2025-10-08 17:07:20,405] [INFO] EXIT: 'DisambiguationAgent' calling 'return_disambiguated_sentences' (2.1457672119140625e-06 secs).
[2025-10-08 17:07:20,405] [ERROR] Wrong state used; State of type HumanState; error message: dict has unexpected extra key(s): "graph_rag_examples", "intermediate_generations", "knowledge_base_ensemble_or_model_name", "model_seed", "model_temp", "model_top_p", "number_of_graph_rag_examples", "number_of_vector_based_rag_examples", "political_position_prob_of_na", "political_position_range", "political_position_std", "speaker_model_name", "speaker_type", "vector_based_persona_string", "vector_based_persona_sys_prompt"
[2025-10-08 17:07:20,406] [INFO] Correct state used; State of type GenerationAgentsState; 'IGNORE THE ABOVE ERRORS'.
[2025-10-08 17:07:21,082] [INFO] 'commitment_update' completed '___Claim___' update for current speaker's commitments; MODEL = 'grok-3'.
[2025-10-08 17:07:21,670] [INFO] 'commitment_update' completed '___Since___' update; MODEL = 'grok-3'.
[2025-10-08 17:07:22,357] [INFO] 'commitment_update' completed '___Claim___' update for current speaker's commitments; MODEL = 'grok-3'.
[2025-10-08 17:07:23,789] [INFO] 'commitment_update' completed '___Claim___' update for current speaker's commitments; MODEL = 'grok-3'.
[2025-10-08 17:07:24,503] [INFO] 'commitment_update' completed '___Since___' update; MODEL = 'grok-3'.
[2025-10-08 17:07:24,602] [ERROR] Wrong state used; State of type HumanState; error message: dict has unexpected extra key(s): "graph_rag_examples", "intermediate_generations", "knowledge_base_ensemble_or_model_name", "model_seed", "model_temp", "model_top_p", "number_of_graph_rag_examples", "number_of_vector_based_rag_examples", "political_position_prob_of_na", "political_position_range", "political_position_std", "speaker_model_name", "speaker_type", "vector_based_persona_string", "vector_based_persona_sys_prompt"
[2025-10-08 17:07:24,603] [INFO] Correct state used; State of type GenerationAgentsState; 'IGNORE THE ABOVE ERRORS'.
[2025-10-08 17:07:24,603] [INFO] ENTER: 'UtteranceClassificationAgent' calling '_classify_sentence_utterance_types'; CURRENT SPEAKER: mistral-medium_mas, DIALOGUE TURN NUM = 33.
[2025-10-08 17:07:25,579] [INFO] 'UtteranceClassificationAgent' completion returned and validated from MODEL = 'ModelName.MISTRAL_MEDIUM'.
[2025-10-08 17:07:26,163] [INFO] 'UtteranceClassificationAgent' completion returned and validated from MODEL = 'ModelName.MISTRAL_MEDIUM'.
[2025-10-08 17:07:27,701] [INFO] 'UtteranceClassificationAgent' completion returned and validated from MODEL = 'ModelName.MISTRAL_MEDIUM'.
[2025-10-08 17:07:59,044] [INFO] 'UtteranceClassificationAgent' completion returned and validated from MODEL = 'ModelName.MISTRAL_MEDIUM'.
[2025-10-08 17:08:04,437] [INFO] 'UtteranceClassificationAgent' completion returned and validated from MODEL = 'ModelName.MISTRAL_MEDIUM'.
[2025-10-08 17:08:04,437] [INFO] EXIT: 'UtteranceClassificationAgent' calling '_classify_sentence_utterance_types' (39.83481788635254 secs).
[2025-10-08 17:08:04,437] [INFO] ENTER: 'UtteranceClassificationAgent' calling 'return_classified_sentences'; CURRENT SPEAKER: mistral-medium_mas, DIALOGUE TURN NUM = 33.
[2025-10-08 17:08:04,437] [INFO] EXIT: 'UtteranceClassificationAgent' calling 'return_classified_sentences' (2.6226043701171875e-06 secs).
[2025-10-08 17:08:04,440] [INFO] ENTER: 'DialogueMoveGenerator' calling 'generate'; CURRENT SPEAKER: mistral-medium_mas, DIALOGUE TURN NUM = 33.
[2025-10-08 17:08:04,440] [INFO] ENTER: 'MASPromptGenerator' calling 'claim_negation'; CURRENT SPEAKER: mistral-medium_mas, DIALOGUE TURN NUM = 33.
[2025-10-08 17:08:04,440] [INFO] EXIT: 'MASPromptGenerator' calling 'claim_negation' (6.246566772460938e-05 secs).
[2025-10-08 17:08:04,443] [INFO] ENTER: 'DialogueMoveGenerator' calling 'generate'; CURRENT SPEAKER: mistral-medium_mas, DIALOGUE TURN NUM = 33.
[2025-10-08 17:08:04,443] [INFO] ENTER: 'MASPromptGenerator' calling 'concede_claim'; CURRENT SPEAKER: mistral-medium_mas, DIALOGUE TURN NUM = 33.
[2025-10-08 17:08:04,443] [INFO] EXIT: 'MASPromptGenerator' calling 'concede_claim' (6.4849853515625e-05 secs).
[2025-10-08 17:08:04,444] [INFO] ENTER: 'DialogueMoveGenerator' calling 'generate'; CURRENT SPEAKER: mistral-medium_mas, DIALOGUE TURN NUM = 33.
[2025-10-08 17:08:04,444] [INFO] ENTER: 'MASPromptGenerator' calling 'question_claim'; CURRENT SPEAKER: mistral-medium_mas, DIALOGUE TURN NUM = 33.
[2025-10-08 17:08:04,444] [INFO] EXIT: 'MASPromptGenerator' calling 'question_claim' (5.602836608886719e-05 secs).
[2025-10-08 17:08:04,445] [INFO] ENTER: 'DialogueMoveGenerator' calling 'generate'; CURRENT SPEAKER: mistral-medium_mas, DIALOGUE TURN NUM = 33.
[2025-10-08 17:08:04,445] [INFO] ENTER: 'MASPromptGenerator' calling 'why_claim'; CURRENT SPEAKER: mistral-medium_mas, DIALOGUE TURN NUM = 33.
[2025-10-08 17:08:04,445] [INFO] EXIT: 'MASPromptGenerator' calling 'why_claim' (6.389617919921875e-05 secs).
[2025-10-08 17:08:06,559] [INFO] Completion returned and validated from MODEL = 'mistral-medium'.
[2025-10-08 17:08:06,753] [INFO] Completion returned and validated from MODEL = 'mistral-medium'.
[2025-10-08 17:08:07,183] [INFO] Completion returned and validated from MODEL = 'mistral-medium'.
[2025-10-08 17:08:09,703] [INFO] Completion returned and validated from MODEL = 'mistral-medium'.
[2025-10-08 17:08:16,373] [INFO] Completion returned and validated from MODEL = 'mistral-medium'.
[2025-10-08 17:08:24,634] [INFO] Completion returned and validated from MODEL = 'mistral-medium'.
[2025-10-08 17:08:24,668] [INFO] Completion returned and validated from MODEL = 'mistral-medium'.
[2025-10-08 17:08:25,100] [INFO] Completion returned and validated from MODEL = 'mistral-medium'.
[2025-10-08 17:08:27,089] [INFO] Completion returned and validated from MODEL = 'mistral-medium'.
[2025-10-08 17:08:27,089] [INFO] EXIT: 'DialogueMoveGenerator' calling 'generate' (22.64895462989807 secs).
[2025-10-08 17:08:29,972] [INFO] Completion returned and validated from MODEL = 'mistral-medium'.
[2025-10-08 17:08:30,608] [INFO] Completion returned and validated from MODEL = 'mistral-medium'.
[2025-10-08 17:08:30,636] [INFO] Completion returned and validated from MODEL = 'mistral-medium'.
[2025-10-08 17:08:32,179] [INFO] Completion returned and validated from MODEL = 'mistral-medium'.
[2025-10-08 17:08:38,715] [INFO] Completion returned and validated from MODEL = 'mistral-medium'.
[2025-10-08 17:08:38,716] [INFO] EXIT: 'DialogueMoveGenerator' calling 'generate' (34.27088975906372 secs).
[2025-10-08 17:08:44,465] [INFO] Completion returned and validated from MODEL = 'mistral-medium'.
[2025-10-08 17:08:44,465] [INFO] EXIT: 'DialogueMoveGenerator' calling 'generate' (40.02214813232422 secs).
[2025-10-08 17:09:23,654] [INFO] Completion returned and validated from MODEL = 'mistral-medium'.
[2025-10-08 17:09:28,639] [INFO] Completion returned and validated from MODEL = 'mistral-medium'.
[2025-10-08 17:09:28,639] [INFO] EXIT: 'DialogueMoveGenerator' calling 'generate' (84.19472551345825 secs).
[2025-10-08 17:09:28,640] [INFO] ENTER: 'MASPromptGenerator' calling 'persuasiveness_choice'; CURRENT SPEAKER: mistral-medium_mas, DIALOGUE TURN NUM = 33.
[2025-10-08 17:09:28,640] [INFO] EXIT: 'MASPromptGenerator' calling 'persuasiveness_choice' (0.0002980232238769531 secs).
[2025-10-08 17:09:53,364] [INFO] Completion returned and validated within 'PersuasivenessChoiceAgent'; MODEL = 'mistral-medium'; DIALOGUE TURN NUM = 33.
[2025-10-08 17:10:07,000] [INFO] Completion returned and validated within 'PersuasivenessChoiceAgent'; MODEL = 'mistral-medium'; DIALOGUE TURN NUM = 33.
[2025-10-08 17:11:32,776] [INFO] Completion returned and validated within 'PersuasivenessChoiceAgent'; MODEL = 'mistral-medium'; DIALOGUE TURN NUM = 33.
[2025-10-08 17:11:35,509] [INFO] Completion returned and validated within 'PersuasivenessChoiceAgent'; MODEL = 'mistral-medium'; DIALOGUE TURN NUM = 33.
[2025-10-08 17:11:37,781] [INFO] Completion returned and validated within 'PersuasivenessChoiceAgent'; MODEL = 'mistral-medium'; DIALOGUE TURN NUM = 33.
[2025-10-08 17:11:37,782] [INFO] ENTER: 'DisambiguationAgent' calling '_grouping_similar_utterance_types'; CURRENT SPEAKER: mistral-medium_mas, DIALOGUE TURN NUM = 33.
[2025-10-08 17:11:37,782] [INFO] EXIT: 'DisambiguationAgent' calling '_grouping_similar_utterance_types' (1.239776611328125e-05 secs).
[2025-10-08 17:11:37,782] [INFO] ENTER: 'DisambiguationAgent' calling '_identifying_similar_sentences_and_choosing_one_to_return_to_user'; CURRENT SPEAKER: mistral-medium_mas, DIALOGUE TURN NUM = 33.
[2025-10-08 17:11:57,105] [INFO] 'DisambiguationAgent' grouped similar sentences, completion returned and validated; MODEL = 'mistral-medium'.
[2025-10-08 17:11:58,029] [INFO] 'DisambiguationAgent' chose sentences to remove, completion returned and validated from MODEL = 'mistral-medium'.
[2025-10-08 17:11:58,899] [INFO] 'DisambiguationAgent' chose sentences to remove, completion returned and validated from MODEL = 'mistral-medium'.
[2025-10-08 17:12:11,055] [INFO] 'DisambiguationAgent' chose sentences to remove, completion returned and validated from MODEL = 'mistral-medium'.
[2025-10-08 17:12:11,055] [INFO] EXIT: 'DisambiguationAgent' calling '_identifying_similar_sentences_and_choosing_one_to_return_to_user' (33.273253202438354 secs).
[2025-10-08 17:12:11,055] [INFO] ENTER: 'DisambiguationAgent' calling '_removing_repetitive_sentences'; CURRENT SPEAKER: mistral-medium_mas, DIALOGUE TURN NUM = 33.
[2025-10-08 17:12:11,055] [INFO] EXIT: 'DisambiguationAgent' calling '_removing_repetitive_sentences' (2.09808349609375e-05 secs).
[2025-10-08 17:12:11,055] [INFO] ENTER: 'DisambiguationAgent' calling 'return_disambiguated_sentences'; CURRENT SPEAKER: mistral-medium_mas, DIALOGUE TURN NUM = 33.
[2025-10-08 17:12:11,055] [INFO] EXIT: 'DisambiguationAgent' calling 'return_disambiguated_sentences' (1.9073486328125e-06 secs).
[2025-10-08 17:12:11,056] [ERROR] Wrong state used; State of type HumanState; error message: dict has unexpected extra key(s): "graph_rag_examples", "intermediate_generations", "knowledge_base_ensemble_or_model_name", "model_seed", "model_temp", "model_top_p", "number_of_graph_rag_examples", "number_of_vector_based_rag_examples", "political_position_prob_of_na", "political_position_range", "political_position_std", "speaker_model_name", "speaker_type", "vector_based_persona_string", "vector_based_persona_sys_prompt"
[2025-10-08 17:12:11,056] [INFO] Correct state used; State of type GenerationAgentsState; 'IGNORE THE ABOVE ERRORS'.
[2025-10-08 17:12:11,145] [ERROR] Wrong state used; State of type HumanState; error message: dict has unexpected extra key(s): "graph_rag_examples", "intermediate_generations", "knowledge_base_ensemble_or_model_name", "model_seed", "model_temp", "model_top_p", "number_of_graph_rag_examples", "number_of_vector_based_rag_examples", "political_position_prob_of_na", "political_position_range", "political_position_std", "speaker_model_name", "speaker_type", "vector_based_persona_string", "vector_based_persona_sys_prompt"
[2025-10-08 17:12:11,145] [INFO] Correct state used; State of type GenerationAgentsState; 'IGNORE THE ABOVE ERRORS'.
[2025-10-08 17:12:11,146] [INFO] ENTER: 'UtteranceClassificationAgent' calling '_classify_sentence_utterance_types'; CURRENT SPEAKER: grok-3_mas_rag, DIALOGUE TURN NUM = 34.
[2025-10-08 17:12:11,818] [INFO] 'UtteranceClassificationAgent' completion returned and validated from MODEL = 'ModelName.GROK_3'.
[2025-10-08 17:12:12,849] [INFO] 'UtteranceClassificationAgent' completion returned and validated from MODEL = 'ModelName.GROK_3'.
[2025-10-08 17:12:13,840] [INFO] 'UtteranceClassificationAgent' completion returned and validated from MODEL = 'ModelName.GROK_3'.
[2025-10-08 17:12:13,840] [INFO] EXIT: 'UtteranceClassificationAgent' calling '_classify_sentence_utterance_types' (2.694453239440918 secs).
[2025-10-08 17:12:13,840] [INFO] ENTER: 'UtteranceClassificationAgent' calling 'return_classified_sentences'; CURRENT SPEAKER: grok-3_mas_rag, DIALOGUE TURN NUM = 34.
[2025-10-08 17:12:13,840] [INFO] EXIT: 'UtteranceClassificationAgent' calling 'return_classified_sentences' (2.1457672119140625e-06 secs).
[2025-10-08 17:12:13,859] [INFO] ENTER: 'GraphRAG' calling 'since'; CURRENT SPEAKER: grok-3_mas_rag, DIALOGUE TURN NUM = 34.
[2025-10-08 17:12:13,859] [INFO] ENTER: 'GraphRAG' calling 'query_graph'; CURRENT SPEAKER: grok-3_mas_rag, DIALOGUE TURN NUM = 34.
[2025-10-08 17:12:13,879] [INFO] EXIT: 'GraphRAG' calling 'query_graph' (0.01912975311279297 secs).
[2025-10-08 17:12:13,879] [INFO] EXIT: 'GraphRAG' calling 'since' (0.019473791122436523 secs).
[2025-10-08 17:12:13,879] [INFO] ENTER: 'GraphRAG' calling 'claim'; CURRENT SPEAKER: grok-3_mas_rag, DIALOGUE TURN NUM = 34.
[2025-10-08 17:12:13,879] [INFO] ENTER: 'GraphRAG' calling 'query_graph'; CURRENT SPEAKER: grok-3_mas_rag, DIALOGUE TURN NUM = 34.
[2025-10-08 17:12:13,896] [INFO] EXIT: 'GraphRAG' calling 'query_graph' (0.01654195785522461 secs).
[2025-10-08 17:12:13,896] [INFO] EXIT: 'GraphRAG' calling 'claim' (0.016906023025512695 secs).
[2025-10-08 17:12:13,912] [INFO] ENTER: 'GraphRAG' calling 'since'; CURRENT SPEAKER: grok-3_mas_rag, DIALOGUE TURN NUM = 34.
[2025-10-08 17:12:13,912] [INFO] ENTER: 'GraphRAG' calling 'query_graph'; CURRENT SPEAKER: grok-3_mas_rag, DIALOGUE TURN NUM = 34.
[2025-10-08 17:12:13,933] [INFO] EXIT: 'GraphRAG' calling 'query_graph' (0.02042412757873535 secs).
[2025-10-08 17:12:13,933] [INFO] EXIT: 'GraphRAG' calling 'since' (0.020763635635375977 secs).
[2025-10-08 17:12:13,933] [INFO] ENTER: 'GraphRAG' calling 'claim'; CURRENT SPEAKER: grok-3_mas_rag, DIALOGUE TURN NUM = 34.
[2025-10-08 17:12:13,933] [INFO] ENTER: 'GraphRAG' calling 'query_graph'; CURRENT SPEAKER: grok-3_mas_rag, DIALOGUE TURN NUM = 34.
[2025-10-08 17:12:13,948] [INFO] EXIT: 'GraphRAG' calling 'query_graph' (0.014765739440917969 secs).
[2025-10-08 17:12:13,948] [INFO] EXIT: 'GraphRAG' calling 'claim' (0.015090227127075195 secs).
[2025-10-08 17:12:13,964] [INFO] ENTER: 'GraphRAG' calling 'claim'; CURRENT SPEAKER: grok-3_mas_rag, DIALOGUE TURN NUM = 34.
[2025-10-08 17:12:13,965] [INFO] ENTER: 'GraphRAG' calling 'query_graph'; CURRENT SPEAKER: grok-3_mas_rag, DIALOGUE TURN NUM = 34.
[2025-10-08 17:12:14,041] [INFO] EXIT: 'GraphRAG' calling 'query_graph' (0.07661986351013184 secs).
[2025-10-08 17:12:14,041] [INFO] EXIT: 'GraphRAG' calling 'claim' (0.07701420783996582 secs).
[2025-10-08 17:12:14,041] [INFO] ENTER: 'GraphRAG' calling 'claim_negation'; CURRENT SPEAKER: grok-3_mas_rag, DIALOGUE TURN NUM = 34.
[2025-10-08 17:12:14,042] [INFO] ENTER: 'GraphRAG' calling 'query_graph'; CURRENT SPEAKER: grok-3_mas_rag, DIALOGUE TURN NUM = 34.
[2025-10-08 17:12:14,061] [INFO] EXIT: 'GraphRAG' calling 'query_graph' (0.01912856101989746 secs).
[2025-10-08 17:12:14,061] [INFO] EXIT: 'GraphRAG' calling 'claim_negation' (0.019470691680908203 secs).
[2025-10-08 17:12:14,061] [INFO] ENTER: 'GraphRAG' calling 'return_rag_examples'; CURRENT SPEAKER: grok-3_mas_rag, DIALOGUE TURN NUM = 34.
[2025-10-08 17:12:14,061] [INFO] EXIT: 'GraphRAG' calling 'return_rag_examples' (2.6226043701171875e-06 secs).
[2025-10-08 17:12:14,063] [INFO] ENTER: 'DialogueMoveGenerator' calling 'generate'; CURRENT SPEAKER: grok-3_mas_rag, DIALOGUE TURN NUM = 34.
[2025-10-08 17:12:14,063] [INFO] ENTER: 'MASPromptGenerator' calling 'claim'; CURRENT SPEAKER: grok-3_mas_rag, DIALOGUE TURN NUM = 34.
[2025-10-08 17:12:14,063] [INFO] EXIT: 'MASPromptGenerator' calling 'claim' (7.390975952148438e-05 secs).
[2025-10-08 17:12:14,064] [INFO] ENTER: 'DialogueMoveGenerator' calling 'generate'; CURRENT SPEAKER: grok-3_mas_rag, DIALOGUE TURN NUM = 34.
[2025-10-08 17:12:14,065] [INFO] ENTER: 'MASPromptGenerator' calling 'claim_negation'; CURRENT SPEAKER: grok-3_mas_rag, DIALOGUE TURN NUM = 34.
[2025-10-08 17:12:14,065] [INFO] EXIT: 'MASPromptGenerator' calling 'claim_negation' (7.009506225585938e-05 secs).
[2025-10-08 17:12:14,066] [INFO] ENTER: 'DialogueMoveGenerator' calling 'generate'; CURRENT SPEAKER: grok-3_mas_rag, DIALOGUE TURN NUM = 34.
[2025-10-08 17:12:14,066] [INFO] ENTER: 'DialogueMoveGenerator' calling 'generate'; CURRENT SPEAKER: grok-3_mas_rag, DIALOGUE TURN NUM = 34.
[2025-10-08 17:12:14,067] [INFO] ENTER: 'MASPromptGenerator' calling 'retract_claim'; CURRENT SPEAKER: grok-3_mas_rag, DIALOGUE TURN NUM = 34.
[2025-10-08 17:12:14,067] [INFO] ENTER: 'MASPromptGenerator' calling 'since_claim'; CURRENT SPEAKER: grok-3_mas_rag, DIALOGUE TURN NUM = 34.
[2025-10-08 17:12:14,067] [INFO] EXIT: 'MASPromptGenerator' calling 'retract_claim' (5.650520324707031e-05 secs).
[2025-10-08 17:12:14,068] [INFO] EXIT: 'MASPromptGenerator' calling 'since_claim' (5.507469177246094e-05 secs).
[2025-10-08 17:12:19,103] [INFO] Completion returned and validated from MODEL = 'grok-3'.
[2025-10-08 17:12:19,103] [INFO] EXIT: 'DialogueMoveGenerator' calling 'generate' (5.038489580154419 secs).
[2025-10-08 17:12:19,427] [INFO] Completion returned and validated from MODEL = 'grok-3'.
[2025-10-08 17:12:19,439] [INFO] Completion returned and validated from MODEL = 'grok-3'.
[2025-10-08 17:12:19,497] [INFO] Completion returned and validated from MODEL = 'grok-3'.
[2025-10-08 17:12:22,719] [INFO] Completion returned and validated from MODEL = 'grok-3'.
[2025-10-08 17:12:28,083] [INFO] Completion returned and validated from MODEL = 'grok-3'.
[2025-10-08 17:12:28,083] [INFO] EXIT: 'DialogueMoveGenerator' calling 'generate' (14.020302057266235 secs).
[2025-10-08 17:12:28,624] [INFO] Completion returned and validated from MODEL = 'grok-3'.
[2025-10-08 17:12:28,624] [INFO] EXIT: 'DialogueMoveGenerator' calling 'generate' (14.556453227996826 secs).
[2025-10-08 17:12:28,798] [INFO] Completion returned and validated from MODEL = 'grok-3'.
[2025-10-08 17:12:33,731] [INFO] Completion returned and validated from MODEL = 'grok-3'.
[2025-10-08 17:12:33,731] [INFO] EXIT: 'DialogueMoveGenerator' calling 'generate' (19.664294719696045 secs).
[2025-10-08 17:12:33,733] [INFO] ENTER: 'MASPromptGenerator' calling 'persuasiveness_choice'; CURRENT SPEAKER: grok-3_mas_rag, DIALOGUE TURN NUM = 34.
[2025-10-08 17:12:33,733] [INFO] EXIT: 'MASPromptGenerator' calling 'persuasiveness_choice' (0.00020003318786621094 secs).
[2025-10-08 17:12:38,626] [INFO] Completion returned and validated within 'PersuasivenessChoiceAgent'; MODEL = 'grok-3'; DIALOGUE TURN NUM = 34.
[2025-10-08 17:12:42,814] [INFO] Completion returned and validated within 'PersuasivenessChoiceAgent'; MODEL = 'grok-3'; DIALOGUE TURN NUM = 34.
[2025-10-08 17:12:46,652] [INFO] Completion returned and validated within 'PersuasivenessChoiceAgent'; MODEL = 'grok-3'; DIALOGUE TURN NUM = 34.
[2025-10-08 17:12:46,652] [INFO] ENTER: 'DisambiguationAgent' calling '_grouping_similar_utterance_types'; CURRENT SPEAKER: grok-3_mas_rag, DIALOGUE TURN NUM = 34.
[2025-10-08 17:12:46,652] [INFO] EXIT: 'DisambiguationAgent' calling '_grouping_similar_utterance_types' (9.059906005859375e-06 secs).
[2025-10-08 17:12:46,653] [INFO] ENTER: 'DisambiguationAgent' calling '_identifying_similar_sentences_and_choosing_one_to_return_to_user'; CURRENT SPEAKER: grok-3_mas_rag, DIALOGUE TURN NUM = 34.
[2025-10-08 17:12:58,402] [INFO] 'DisambiguationAgent' grouped similar sentences, completion returned and validated; MODEL = 'grok-3'.
[2025-10-08 17:12:59,841] [INFO] 'DisambiguationAgent' chose sentences to remove, completion returned and validated from MODEL = 'grok-3'.
[2025-10-08 17:13:01,262] [INFO] 'DisambiguationAgent' chose sentences to remove, completion returned and validated from MODEL = 'grok-3'.
[2025-10-08 17:13:01,262] [INFO] EXIT: 'DisambiguationAgent' calling '_identifying_similar_sentences_and_choosing_one_to_return_to_user' (14.609378576278687 secs).
[2025-10-08 17:13:01,262] [INFO] ENTER: 'DisambiguationAgent' calling '_removing_repetitive_sentences'; CURRENT SPEAKER: grok-3_mas_rag, DIALOGUE TURN NUM = 34.
[2025-10-08 17:13:01,262] [INFO] EXIT: 'DisambiguationAgent' calling '_removing_repetitive_sentences' (1.430511474609375e-05 secs).
[2025-10-08 17:13:01,262] [INFO] ENTER: 'DisambiguationAgent' calling 'return_disambiguated_sentences'; CURRENT SPEAKER: grok-3_mas_rag, DIALOGUE TURN NUM = 34.
[2025-10-08 17:13:01,262] [INFO] EXIT: 'DisambiguationAgent' calling 'return_disambiguated_sentences' (2.1457672119140625e-06 secs).
[2025-10-08 17:13:01,263] [ERROR] Wrong state used; State of type HumanState; error message: dict has unexpected extra key(s): "graph_rag_examples", "intermediate_generations", "knowledge_base_ensemble_or_model_name", "model_seed", "model_temp", "model_top_p", "number_of_graph_rag_examples", "number_of_vector_based_rag_examples", "political_position_prob_of_na", "political_position_range", "political_position_std", "speaker_model_name", "speaker_type", "vector_based_persona_string", "vector_based_persona_sys_prompt"
[2025-10-08 17:13:01,263] [INFO] Correct state used; State of type GenerationAgentsState; 'IGNORE THE ABOVE ERRORS'.
[2025-10-08 17:13:02,008] [INFO] 'commitment_update' completed '___Claim___' update for current speaker's commitments; MODEL = 'grok-3'.
[2025-10-08 17:13:02,748] [INFO] 'commitment_update' completed '___Claim___' update for current speaker's commitments; MODEL = 'grok-3'.
[2025-10-08 17:13:03,459] [INFO] 'commitment_update' completed '___Claim___' update for current speaker's commitments; MODEL = 'grok-3'.
[2025-10-08 17:13:03,548] [ERROR] Wrong state used; State of type HumanState; error message: dict has unexpected extra key(s): "graph_rag_examples", "intermediate_generations", "knowledge_base_ensemble_or_model_name", "model_seed", "model_temp", "model_top_p", "number_of_graph_rag_examples", "number_of_vector_based_rag_examples", "political_position_prob_of_na", "political_position_range", "political_position_std", "speaker_model_name", "speaker_type", "vector_based_persona_string", "vector_based_persona_sys_prompt"
[2025-10-08 17:13:03,548] [INFO] Correct state used; State of type GenerationAgentsState; 'IGNORE THE ABOVE ERRORS'.
[2025-10-08 17:13:03,548] [INFO] ENTER: 'UtteranceClassificationAgent' calling '_classify_sentence_utterance_types'; CURRENT SPEAKER: mistral-medium_mas, DIALOGUE TURN NUM = 35.
[2025-10-08 17:13:13,877] [INFO] 'UtteranceClassificationAgent' completion returned and validated from MODEL = 'ModelName.MISTRAL_MEDIUM'.
[2025-10-08 17:15:15,346] [INFO] 'UtteranceClassificationAgent' completion returned and validated from MODEL = 'ModelName.MISTRAL_MEDIUM'.
[2025-10-08 17:15:15,735] [INFO] 'UtteranceClassificationAgent' completion returned and validated from MODEL = 'ModelName.MISTRAL_MEDIUM'.
[2025-10-08 17:15:15,735] [INFO] EXIT: 'UtteranceClassificationAgent' calling '_classify_sentence_utterance_types' (132.1866512298584 secs).
[2025-10-08 17:15:15,735] [INFO] ENTER: 'UtteranceClassificationAgent' calling 'return_classified_sentences'; CURRENT SPEAKER: mistral-medium_mas, DIALOGUE TURN NUM = 35.
[2025-10-08 17:15:15,735] [INFO] EXIT: 'UtteranceClassificationAgent' calling 'return_classified_sentences' (2.384185791015625e-06 secs).
[2025-10-08 17:15:15,737] [INFO] ENTER: 'DialogueMoveGenerator' calling 'generate'; CURRENT SPEAKER: mistral-medium_mas, DIALOGUE TURN NUM = 35.
[2025-10-08 17:15:15,737] [INFO] ENTER: 'MASPromptGenerator' calling 'concede_claim'; CURRENT SPEAKER: mistral-medium_mas, DIALOGUE TURN NUM = 35.
[2025-10-08 17:15:15,737] [INFO] EXIT: 'MASPromptGenerator' calling 'concede_claim' (7.557868957519531e-05 secs).
[2025-10-08 17:15:15,738] [INFO] ENTER: 'DialogueMoveGenerator' calling 'generate'; CURRENT SPEAKER: mistral-medium_mas, DIALOGUE TURN NUM = 35.
[2025-10-08 17:15:15,739] [INFO] ENTER: 'MASPromptGenerator' calling 'question_claim'; CURRENT SPEAKER: mistral-medium_mas, DIALOGUE TURN NUM = 35.
[2025-10-08 17:15:15,739] [INFO] EXIT: 'MASPromptGenerator' calling 'question_claim' (7.700920104980469e-05 secs).
[2025-10-08 17:15:15,741] [INFO] ENTER: 'DialogueMoveGenerator' calling 'generate'; CURRENT SPEAKER: mistral-medium_mas, DIALOGUE TURN NUM = 35.
[2025-10-08 17:15:15,741] [INFO] ENTER: 'MASPromptGenerator' calling 'why_claim'; CURRENT SPEAKER: mistral-medium_mas, DIALOGUE TURN NUM = 35.
[2025-10-08 17:15:15,741] [INFO] EXIT: 'MASPromptGenerator' calling 'why_claim' (6.365776062011719e-05 secs).
[2025-10-08 17:15:17,760] [INFO] Completion returned and validated from MODEL = 'mistral-medium'.
[2025-10-08 17:15:17,927] [INFO] Completion returned and validated from MODEL = 'mistral-medium'.
[2025-10-08 17:15:39,313] [INFO] Completion returned and validated from MODEL = 'mistral-medium'.
[2025-10-08 17:15:39,365] [INFO] Completion returned and validated from MODEL = 'mistral-medium'.
[2025-10-08 17:15:44,000] [INFO] Completion returned and validated from MODEL = 'mistral-medium'.
[2025-10-08 17:15:44,000] [INFO] EXIT: 'DialogueMoveGenerator' calling 'generate' (28.2619411945343 secs).
[2025-10-08 17:15:44,277] [INFO] Completion returned and validated from MODEL = 'mistral-medium'.
[2025-10-08 17:15:48,437] [INFO] Completion returned and validated from MODEL = 'mistral-medium'.
[2025-10-08 17:15:48,438] [INFO] EXIT: 'DialogueMoveGenerator' calling 'generate' (32.700334787368774 secs).
[2025-10-08 17:16:14,613] [INFO] Completion returned and validated from MODEL = 'mistral-medium'.
[2025-10-08 17:16:16,939] [INFO] Completion returned and validated from MODEL = 'mistral-medium'.
[2025-10-08 17:16:16,939] [INFO] EXIT: 'DialogueMoveGenerator' calling 'generate' (61.19790506362915 secs).
[2025-10-08 17:16:16,940] [INFO] ENTER: 'MASPromptGenerator' calling 'persuasiveness_choice'; CURRENT SPEAKER: mistral-medium_mas, DIALOGUE TURN NUM = 35.
[2025-10-08 17:16:16,940] [INFO] EXIT: 'MASPromptGenerator' calling 'persuasiveness_choice' (0.00020837783813476562 secs).
[2025-10-08 17:16:19,137] [INFO] Completion returned and validated within 'PersuasivenessChoiceAgent'; MODEL = 'mistral-medium'; DIALOGUE TURN NUM = 35.
[2025-10-08 17:16:27,247] [INFO] Completion returned and validated within 'PersuasivenessChoiceAgent'; MODEL = 'mistral-medium'; DIALOGUE TURN NUM = 35.
[2025-10-08 17:16:46,192] [INFO] Completion returned and validated within 'PersuasivenessChoiceAgent'; MODEL = 'mistral-medium'; DIALOGUE TURN NUM = 35.
[2025-10-08 17:16:46,193] [INFO] ENTER: 'DisambiguationAgent' calling '_grouping_similar_utterance_types'; CURRENT SPEAKER: mistral-medium_mas, DIALOGUE TURN NUM = 35.
[2025-10-08 17:16:46,193] [INFO] EXIT: 'DisambiguationAgent' calling '_grouping_similar_utterance_types' (8.821487426757812e-06 secs).
[2025-10-08 17:16:46,193] [INFO] ENTER: 'DisambiguationAgent' calling '_identifying_similar_sentences_and_choosing_one_to_return_to_user'; CURRENT SPEAKER: mistral-medium_mas, DIALOGUE TURN NUM = 35.
[2025-10-08 17:16:51,823] [INFO] 'DisambiguationAgent' grouped similar sentences, completion returned and validated; MODEL = 'mistral-medium'.
[2025-10-08 17:16:52,726] [INFO] 'DisambiguationAgent' chose sentences to remove, completion returned and validated from MODEL = 'mistral-medium'.
[2025-10-08 17:16:53,503] [INFO] 'DisambiguationAgent' chose sentences to remove, completion returned and validated from MODEL = 'mistral-medium'.
[2025-10-08 17:16:54,477] [INFO] 'DisambiguationAgent' chose sentences to remove, completion returned and validated from MODEL = 'mistral-medium'.
[2025-10-08 17:16:54,477] [INFO] EXIT: 'DisambiguationAgent' calling '_identifying_similar_sentences_and_choosing_one_to_return_to_user' (8.28464674949646 secs).
[2025-10-08 17:16:54,477] [INFO] ENTER: 'DisambiguationAgent' calling '_removing_repetitive_sentences'; CURRENT SPEAKER: mistral-medium_mas, DIALOGUE TURN NUM = 35.
[2025-10-08 17:16:54,477] [INFO] EXIT: 'DisambiguationAgent' calling '_removing_repetitive_sentences' (1.33514404296875e-05 secs).
[2025-10-08 17:16:54,477] [INFO] ENTER: 'DisambiguationAgent' calling 'return_disambiguated_sentences'; CURRENT SPEAKER: mistral-medium_mas, DIALOGUE TURN NUM = 35.
[2025-10-08 17:16:54,477] [INFO] EXIT: 'DisambiguationAgent' calling 'return_disambiguated_sentences' (2.1457672119140625e-06 secs).
[2025-10-08 17:16:54,478] [ERROR] Wrong state used; State of type HumanState; error message: dict has unexpected extra key(s): "graph_rag_examples", "intermediate_generations", "knowledge_base_ensemble_or_model_name", "model_seed", "model_temp", "model_top_p", "number_of_graph_rag_examples", "number_of_vector_based_rag_examples", "political_position_prob_of_na", "political_position_range", "political_position_std", "speaker_model_name", "speaker_type", "vector_based_persona_string", "vector_based_persona_sys_prompt"
[2025-10-08 17:16:54,478] [INFO] Correct state used; State of type GenerationAgentsState; 'IGNORE THE ABOVE ERRORS'.
[2025-10-08 17:16:54,580] [ERROR] Wrong state used; State of type HumanState; error message: dict has unexpected extra key(s): "graph_rag_examples", "intermediate_generations", "knowledge_base_ensemble_or_model_name", "model_seed", "model_temp", "model_top_p", "number_of_graph_rag_examples", "number_of_vector_based_rag_examples", "political_position_prob_of_na", "political_position_range", "political_position_std", "speaker_model_name", "speaker_type", "vector_based_persona_string", "vector_based_persona_sys_prompt"
[2025-10-08 17:16:54,581] [INFO] Correct state used; State of type GenerationAgentsState; 'IGNORE THE ABOVE ERRORS'.
[2025-10-08 17:16:54,581] [INFO] ENTER: 'UtteranceClassificationAgent' calling '_classify_sentence_utterance_types'; CURRENT SPEAKER: grok-3_mas_rag, DIALOGUE TURN NUM = 36.
[2025-10-08 17:16:55,291] [INFO] 'UtteranceClassificationAgent' completion returned and validated from MODEL = 'ModelName.GROK_3'.
[2025-10-08 17:16:55,980] [INFO] 'UtteranceClassificationAgent' completion returned and validated from MODEL = 'ModelName.GROK_3'.
[2025-10-08 17:16:56,687] [INFO] 'UtteranceClassificationAgent' completion returned and validated from MODEL = 'ModelName.GROK_3'.
[2025-10-08 17:16:57,421] [INFO] 'UtteranceClassificationAgent' completion returned and validated from MODEL = 'ModelName.GROK_3'.
[2025-10-08 17:16:57,421] [INFO] EXIT: 'UtteranceClassificationAgent' calling '_classify_sentence_utterance_types' (2.8400685787200928 secs).
[2025-10-08 17:16:57,421] [INFO] ENTER: 'UtteranceClassificationAgent' calling 'return_classified_sentences'; CURRENT SPEAKER: grok-3_mas_rag, DIALOGUE TURN NUM = 36.
[2025-10-08 17:16:57,421] [INFO] EXIT: 'UtteranceClassificationAgent' calling 'return_classified_sentences' (2.1457672119140625e-06 secs).
[2025-10-08 17:16:57,444] [INFO] ENTER: 'GraphRAG' calling 'since'; CURRENT SPEAKER: grok-3_mas_rag, DIALOGUE TURN NUM = 36.
[2025-10-08 17:16:57,445] [INFO] ENTER: 'GraphRAG' calling 'query_graph'; CURRENT SPEAKER: grok-3_mas_rag, DIALOGUE TURN NUM = 36.
[2025-10-08 17:16:57,464] [INFO] EXIT: 'GraphRAG' calling 'query_graph' (0.019774436950683594 secs).
[2025-10-08 17:16:57,464] [INFO] EXIT: 'GraphRAG' calling 'since' (0.020142793655395508 secs).
[2025-10-08 17:16:57,464] [INFO] ENTER: 'GraphRAG' calling 'claim'; CURRENT SPEAKER: grok-3_mas_rag, DIALOGUE TURN NUM = 36.
[2025-10-08 17:16:57,465] [INFO] ENTER: 'GraphRAG' calling 'query_graph'; CURRENT SPEAKER: grok-3_mas_rag, DIALOGUE TURN NUM = 36.
[2025-10-08 17:16:57,480] [INFO] EXIT: 'GraphRAG' calling 'query_graph' (0.014917850494384766 secs).
[2025-10-08 17:16:57,480] [INFO] EXIT: 'GraphRAG' calling 'claim' (0.015256404876708984 secs).
[2025-10-08 17:16:57,496] [INFO] ENTER: 'GraphRAG' calling 'since'; CURRENT SPEAKER: grok-3_mas_rag, DIALOGUE TURN NUM = 36.
[2025-10-08 17:16:57,496] [INFO] ENTER: 'GraphRAG' calling 'query_graph'; CURRENT SPEAKER: grok-3_mas_rag, DIALOGUE TURN NUM = 36.
[2025-10-08 17:16:57,500] [INFO] EXIT: 'GraphRAG' calling 'query_graph' (0.0032482147216796875 secs).
[2025-10-08 17:16:57,500] [INFO] EXIT: 'GraphRAG' calling 'since' (0.0035867691040039062 secs).
[2025-10-08 17:16:57,500] [INFO] ENTER: 'GraphRAG' calling 'claim'; CURRENT SPEAKER: grok-3_mas_rag, DIALOGUE TURN NUM = 36.
[2025-10-08 17:16:57,500] [INFO] ENTER: 'GraphRAG' calling 'query_graph'; CURRENT SPEAKER: grok-3_mas_rag, DIALOGUE TURN NUM = 36.
[2025-10-08 17:16:57,501] [INFO] EXIT: 'GraphRAG' calling 'query_graph' (0.0013453960418701172 secs).
[2025-10-08 17:16:57,501] [INFO] EXIT: 'GraphRAG' calling 'claim' (0.0016756057739257812 secs).
[2025-10-08 17:16:57,517] [INFO] ENTER: 'GraphRAG' calling 'since'; CURRENT SPEAKER: grok-3_mas_rag, DIALOGUE TURN NUM = 36.
[2025-10-08 17:16:57,517] [INFO] ENTER: 'GraphRAG' calling 'query_graph'; CURRENT SPEAKER: grok-3_mas_rag, DIALOGUE TURN NUM = 36.
[2025-10-08 17:16:57,520] [INFO] EXIT: 'GraphRAG' calling 'query_graph' (0.003288745880126953 secs).
[2025-10-08 17:16:57,520] [INFO] EXIT: 'GraphRAG' calling 'since' (0.0036270618438720703 secs).
[2025-10-08 17:16:57,521] [INFO] ENTER: 'GraphRAG' calling 'claim'; CURRENT SPEAKER: grok-3_mas_rag, DIALOGUE TURN NUM = 36.
[2025-10-08 17:16:57,521] [INFO] ENTER: 'GraphRAG' calling 'query_graph'; CURRENT SPEAKER: grok-3_mas_rag, DIALOGUE TURN NUM = 36.
[2025-10-08 17:16:57,522] [INFO] EXIT: 'GraphRAG' calling 'query_graph' (0.0014150142669677734 secs).
[2025-10-08 17:16:57,522] [INFO] EXIT: 'GraphRAG' calling 'claim' (0.001756429672241211 secs).
[2025-10-08 17:16:57,538] [INFO] ENTER: 'GraphRAG' calling 'since'; CURRENT SPEAKER: grok-3_mas_rag, DIALOGUE TURN NUM = 36.
[2025-10-08 17:16:57,538] [INFO] ENTER: 'GraphRAG' calling 'query_graph'; CURRENT SPEAKER: grok-3_mas_rag, DIALOGUE TURN NUM = 36.
[2025-10-08 17:16:57,557] [INFO] EXIT: 'GraphRAG' calling 'query_graph' (0.018915176391601562 secs).
[2025-10-08 17:16:57,557] [INFO] EXIT: 'GraphRAG' calling 'since' (0.01930069923400879 secs).
[2025-10-08 17:16:57,557] [INFO] ENTER: 'GraphRAG' calling 'claim'; CURRENT SPEAKER: grok-3_mas_rag, DIALOGUE TURN NUM = 36.
[2025-10-08 17:16:57,558] [INFO] ENTER: 'GraphRAG' calling 'query_graph'; CURRENT SPEAKER: grok-3_mas_rag, DIALOGUE TURN NUM = 36.
[2025-10-08 17:16:57,572] [INFO] EXIT: 'GraphRAG' calling 'query_graph' (0.014630794525146484 secs).
[2025-10-08 17:16:57,573] [INFO] EXIT: 'GraphRAG' calling 'claim' (0.015026569366455078 secs).
[2025-10-08 17:16:57,573] [INFO] ENTER: 'GraphRAG' calling 'return_rag_examples'; CURRENT SPEAKER: grok-3_mas_rag, DIALOGUE TURN NUM = 36.
[2025-10-08 17:16:57,573] [INFO] EXIT: 'GraphRAG' calling 'return_rag_examples' (2.384185791015625e-06 secs).
[2025-10-08 17:16:57,575] [INFO] ENTER: 'DialogueMoveGenerator' calling 'generate'; CURRENT SPEAKER: grok-3_mas_rag, DIALOGUE TURN NUM = 36.
[2025-10-08 17:16:57,575] [INFO] ENTER: 'MASPromptGenerator' calling 'claim'; CURRENT SPEAKER: grok-3_mas_rag, DIALOGUE TURN NUM = 36.
[2025-10-08 17:16:57,575] [INFO] EXIT: 'MASPromptGenerator' calling 'claim' (9.059906005859375e-05 secs).
[2025-10-08 17:16:57,576] [INFO] ENTER: 'DialogueMoveGenerator' calling 'generate'; CURRENT SPEAKER: grok-3_mas_rag, DIALOGUE TURN NUM = 36.
[2025-10-08 17:16:57,576] [INFO] ENTER: 'MASPromptGenerator' calling 'retract_claim'; CURRENT SPEAKER: grok-3_mas_rag, DIALOGUE TURN NUM = 36.
[2025-10-08 17:16:57,576] [INFO] EXIT: 'MASPromptGenerator' calling 'retract_claim' (9.107589721679688e-05 secs).
[2025-10-08 17:16:57,577] [INFO] ENTER: 'DialogueMoveGenerator' calling 'generate'; CURRENT SPEAKER: grok-3_mas_rag, DIALOGUE TURN NUM = 36.
[2025-10-08 17:16:57,577] [INFO] ENTER: 'MASPromptGenerator' calling 'since_claim'; CURRENT SPEAKER: grok-3_mas_rag, DIALOGUE TURN NUM = 36.
[2025-10-08 17:16:57,577] [INFO] EXIT: 'MASPromptGenerator' calling 'since_claim' (7.772445678710938e-05 secs).
[2025-10-08 17:17:01,299] [INFO] Completion returned and validated from MODEL = 'grok-3'.
[2025-10-08 17:17:01,304] [INFO] Completion returned and validated from MODEL = 'grok-3'.
[2025-10-08 17:17:02,805] [INFO] Completion returned and validated from MODEL = 'grok-3'.
[2025-10-08 17:17:07,077] [INFO] Completion returned and validated from MODEL = 'grok-3'.
[2025-10-08 17:17:07,289] [INFO] Completion returned and validated from MODEL = 'grok-3'.
[2025-10-08 17:17:08,570] [INFO] Completion returned and validated from MODEL = 'grok-3'.
[2025-10-08 17:17:11,862] [INFO] Completion returned and validated from MODEL = 'grok-3'.
[2025-10-08 17:17:13,560] [INFO] Completion returned and validated from MODEL = 'grok-3'.
[2025-10-08 17:17:15,106] [INFO] Completion returned and validated from MODEL = 'grok-3'.
[2025-10-08 17:17:17,395] [INFO] Completion returned and validated from MODEL = 'grok-3'.
[2025-10-08 17:17:17,395] [INFO] EXIT: 'DialogueMoveGenerator' calling 'generate' (19.820276737213135 secs).
[2025-10-08 17:17:20,206] [INFO] Completion returned and validated from MODEL = 'grok-3'.
[2025-10-08 17:17:20,207] [INFO] EXIT: 'DialogueMoveGenerator' calling 'generate' (22.629509687423706 secs).
[2025-10-08 17:17:21,210] [INFO] Completion returned and validated from MODEL = 'grok-3'.
[2025-10-08 17:17:21,210] [INFO] EXIT: 'DialogueMoveGenerator' calling 'generate' (23.634174823760986 secs).
[2025-10-08 17:17:21,211] [INFO] ENTER: 'MASPromptGenerator' calling 'persuasiveness_choice'; CURRENT SPEAKER: grok-3_mas_rag, DIALOGUE TURN NUM = 36.
[2025-10-08 17:17:21,212] [INFO] EXIT: 'MASPromptGenerator' calling 'persuasiveness_choice' (0.0002148151397705078 secs).
[2025-10-08 17:17:25,259] [INFO] Completion returned and validated within 'PersuasivenessChoiceAgent'; MODEL = 'grok-3'; DIALOGUE TURN NUM = 36.
[2025-10-08 17:17:29,968] [INFO] Completion returned and validated within 'PersuasivenessChoiceAgent'; MODEL = 'grok-3'; DIALOGUE TURN NUM = 36.
[2025-10-08 17:17:33,018] [INFO] Completion returned and validated within 'PersuasivenessChoiceAgent'; MODEL = 'grok-3'; DIALOGUE TURN NUM = 36.
[2025-10-08 17:17:36,959] [INFO] Completion returned and validated within 'PersuasivenessChoiceAgent'; MODEL = 'grok-3'; DIALOGUE TURN NUM = 36.
[2025-10-08 17:17:36,960] [INFO] ENTER: 'DisambiguationAgent' calling '_grouping_similar_utterance_types'; CURRENT SPEAKER: grok-3_mas_rag, DIALOGUE TURN NUM = 36.
[2025-10-08 17:17:36,960] [INFO] EXIT: 'DisambiguationAgent' calling '_grouping_similar_utterance_types' (1.0728836059570312e-05 secs).
[2025-10-08 17:17:36,960] [INFO] ENTER: 'DisambiguationAgent' calling '_identifying_similar_sentences_and_choosing_one_to_return_to_user'; CURRENT SPEAKER: grok-3_mas_rag, DIALOGUE TURN NUM = 36.
[2025-10-08 17:17:51,998] [INFO] 'DisambiguationAgent' grouped similar sentences, completion returned and validated; MODEL = 'grok-3'.
[2025-10-08 17:17:53,123] [INFO] 'DisambiguationAgent' chose sentences to remove, completion returned and validated from MODEL = 'grok-3'.
[2025-10-08 17:18:37,499] [INFO] 'DisambiguationAgent' chose sentences to remove, completion returned and validated from MODEL = 'grok-3'.
[2025-10-08 17:18:38,563] [INFO] 'DisambiguationAgent' chose sentences to remove, completion returned and validated from MODEL = 'grok-3'.
[2025-10-08 17:18:39,675] [INFO] 'DisambiguationAgent' chose sentences to remove, completion returned and validated from MODEL = 'grok-3'.
[2025-10-08 17:18:39,675] [INFO] EXIT: 'DisambiguationAgent' calling '_identifying_similar_sentences_and_choosing_one_to_return_to_user' (62.71523332595825 secs).
[2025-10-08 17:18:39,675] [INFO] ENTER: 'DisambiguationAgent' calling '_removing_repetitive_sentences'; CURRENT SPEAKER: grok-3_mas_rag, DIALOGUE TURN NUM = 36.
[2025-10-08 17:18:39,676] [INFO] EXIT: 'DisambiguationAgent' calling '_removing_repetitive_sentences' (1.811981201171875e-05 secs).
[2025-10-08 17:18:39,676] [INFO] ENTER: 'DisambiguationAgent' calling 'return_disambiguated_sentences'; CURRENT SPEAKER: grok-3_mas_rag, DIALOGUE TURN NUM = 36.
[2025-10-08 17:18:39,676] [INFO] EXIT: 'DisambiguationAgent' calling 'return_disambiguated_sentences' (1.9073486328125e-06 secs).
[2025-10-08 17:18:39,676] [ERROR] Wrong state used; State of type HumanState; error message: dict has unexpected extra key(s): "graph_rag_examples", "intermediate_generations", "knowledge_base_ensemble_or_model_name", "model_seed", "model_temp", "model_top_p", "number_of_graph_rag_examples", "number_of_vector_based_rag_examples", "political_position_prob_of_na", "political_position_range", "political_position_std", "speaker_model_name", "speaker_type", "vector_based_persona_string", "vector_based_persona_sys_prompt"
[2025-10-08 17:18:39,676] [INFO] Correct state used; State of type GenerationAgentsState; 'IGNORE THE ABOVE ERRORS'.
[2025-10-08 17:18:40,290] [INFO] 'commitment_update' completed '___Since___' update; MODEL = 'grok-3'.
[2025-10-08 17:18:40,993] [INFO] 'commitment_update' completed '___Claim___' update for current speaker's commitments; MODEL = 'grok-3'.
[2025-10-08 17:18:41,702] [INFO] 'commitment_update' completed '___Since___' update; MODEL = 'grok-3'.
[2025-10-08 17:18:42,400] [INFO] 'commitment_update' completed '___Since___' update; MODEL = 'grok-3'.
[2025-10-08 17:18:42,491] [ERROR] Wrong state used; State of type HumanState; error message: dict has unexpected extra key(s): "graph_rag_examples", "intermediate_generations", "knowledge_base_ensemble_or_model_name", "model_seed", "model_temp", "model_top_p", "number_of_graph_rag_examples", "number_of_vector_based_rag_examples", "political_position_prob_of_na", "political_position_range", "political_position_std", "speaker_model_name", "speaker_type", "vector_based_persona_string", "vector_based_persona_sys_prompt"
[2025-10-08 17:18:42,491] [INFO] Correct state used; State of type GenerationAgentsState; 'IGNORE THE ABOVE ERRORS'.
[2025-10-08 17:18:42,491] [INFO] ENTER: 'UtteranceClassificationAgent' calling '_classify_sentence_utterance_types'; CURRENT SPEAKER: mistral-medium_mas, DIALOGUE TURN NUM = 37.
[2025-10-08 17:18:42,927] [INFO] 'UtteranceClassificationAgent' completion returned and validated from MODEL = 'ModelName.MISTRAL_MEDIUM'.
[2025-10-08 17:18:46,367] [INFO] 'UtteranceClassificationAgent' completion returned and validated from MODEL = 'ModelName.MISTRAL_MEDIUM'.
[2025-10-08 17:18:46,783] [INFO] 'UtteranceClassificationAgent' completion returned and validated from MODEL = 'ModelName.MISTRAL_MEDIUM'.
[2025-10-08 17:18:47,429] [INFO] 'UtteranceClassificationAgent' completion returned and validated from MODEL = 'ModelName.MISTRAL_MEDIUM'.
[2025-10-08 17:18:47,429] [INFO] EXIT: 'UtteranceClassificationAgent' calling '_classify_sentence_utterance_types' (4.937581539154053 secs).
[2025-10-08 17:18:47,429] [INFO] ENTER: 'UtteranceClassificationAgent' calling 'return_classified_sentences'; CURRENT SPEAKER: mistral-medium_mas, DIALOGUE TURN NUM = 37.
[2025-10-08 17:18:47,429] [INFO] EXIT: 'UtteranceClassificationAgent' calling 'return_classified_sentences' (2.384185791015625e-06 secs).
[2025-10-08 17:18:47,431] [INFO] ENTER: 'DialogueMoveGenerator' calling 'generate'; CURRENT SPEAKER: mistral-medium_mas, DIALOGUE TURN NUM = 37.
[2025-10-08 17:18:47,431] [INFO] ENTER: 'MASPromptGenerator' calling 'concede_claim'; CURRENT SPEAKER: mistral-medium_mas, DIALOGUE TURN NUM = 37.
[2025-10-08 17:18:47,432] [INFO] EXIT: 'MASPromptGenerator' calling 'concede_claim' (7.677078247070312e-05 secs).
[2025-10-08 17:18:47,433] [INFO] ENTER: 'DialogueMoveGenerator' calling 'generate'; CURRENT SPEAKER: mistral-medium_mas, DIALOGUE TURN NUM = 37.
[2025-10-08 17:18:47,433] [INFO] ENTER: 'MASPromptGenerator' calling 'question_claim'; CURRENT SPEAKER: mistral-medium_mas, DIALOGUE TURN NUM = 37.
[2025-10-08 17:18:47,433] [INFO] EXIT: 'MASPromptGenerator' calling 'question_claim' (6.318092346191406e-05 secs).
[2025-10-08 17:18:47,434] [INFO] ENTER: 'DialogueMoveGenerator' calling 'generate'; CURRENT SPEAKER: mistral-medium_mas, DIALOGUE TURN NUM = 37.
[2025-10-08 17:18:47,434] [INFO] ENTER: 'MASPromptGenerator' calling 'why_claim'; CURRENT SPEAKER: mistral-medium_mas, DIALOGUE TURN NUM = 37.
[2025-10-08 17:18:47,434] [INFO] EXIT: 'MASPromptGenerator' calling 'why_claim' (7.605552673339844e-05 secs).
[2025-10-08 17:18:49,833] [INFO] Completion returned and validated from MODEL = 'mistral-medium'.
[2025-10-08 17:18:49,835] [INFO] Completion returned and validated from MODEL = 'mistral-medium'.
[2025-10-08 17:18:50,202] [INFO] Completion returned and validated from MODEL = 'mistral-medium'.
[2025-10-08 17:18:51,945] [INFO] Completion returned and validated from MODEL = 'mistral-medium'.
[2025-10-08 17:18:51,972] [INFO] Completion returned and validated from MODEL = 'mistral-medium'.
[2025-10-08 17:18:52,656] [INFO] Completion returned and validated from MODEL = 'mistral-medium'.
[2025-10-08 17:18:54,338] [INFO] Completion returned and validated from MODEL = 'mistral-medium'.
[2025-10-08 17:18:54,519] [INFO] Completion returned and validated from MODEL = 'mistral-medium'.
[2025-10-08 17:18:55,039] [INFO] Completion returned and validated from MODEL = 'mistral-medium'.
[2025-10-08 17:18:56,289] [INFO] Completion returned and validated from MODEL = 'mistral-medium'.
[2025-10-08 17:18:56,289] [INFO] EXIT: 'DialogueMoveGenerator' calling 'generate' (8.855431079864502 secs).
[2025-10-08 17:18:56,710] [INFO] Completion returned and validated from MODEL = 'mistral-medium'.
[2025-10-08 17:18:56,710] [INFO] EXIT: 'DialogueMoveGenerator' calling 'generate' (9.277354955673218 secs).
[2025-10-08 17:18:56,713] [INFO] Completion returned and validated from MODEL = 'mistral-medium'.
[2025-10-08 17:18:56,713] [INFO] EXIT: 'DialogueMoveGenerator' calling 'generate' (9.281635999679565 secs).
[2025-10-08 17:18:56,714] [INFO] ENTER: 'MASPromptGenerator' calling 'persuasiveness_choice'; CURRENT SPEAKER: mistral-medium_mas, DIALOGUE TURN NUM = 37.
[2025-10-08 17:18:56,714] [INFO] EXIT: 'MASPromptGenerator' calling 'persuasiveness_choice' (0.0002541542053222656 secs).
[2025-10-08 17:18:59,339] [INFO] Completion returned and validated within 'PersuasivenessChoiceAgent'; MODEL = 'mistral-medium'; DIALOGUE TURN NUM = 37.
[2025-10-08 17:19:00,977] [INFO] Completion returned and validated within 'PersuasivenessChoiceAgent'; MODEL = 'mistral-medium'; DIALOGUE TURN NUM = 37.
[2025-10-08 17:19:03,132] [INFO] Completion returned and validated within 'PersuasivenessChoiceAgent'; MODEL = 'mistral-medium'; DIALOGUE TURN NUM = 37.
[2025-10-08 17:19:06,041] [INFO] Completion returned and validated within 'PersuasivenessChoiceAgent'; MODEL = 'mistral-medium'; DIALOGUE TURN NUM = 37.
[2025-10-08 17:19:06,042] [INFO] ENTER: 'DisambiguationAgent' calling '_grouping_similar_utterance_types'; CURRENT SPEAKER: mistral-medium_mas, DIALOGUE TURN NUM = 37.
[2025-10-08 17:19:06,042] [INFO] EXIT: 'DisambiguationAgent' calling '_grouping_similar_utterance_types' (1.0251998901367188e-05 secs).
[2025-10-08 17:19:06,042] [INFO] ENTER: 'DisambiguationAgent' calling '_identifying_similar_sentences_and_choosing_one_to_return_to_user'; CURRENT SPEAKER: mistral-medium_mas, DIALOGUE TURN NUM = 37.
[2025-10-08 17:19:12,829] [INFO] 'DisambiguationAgent' grouped similar sentences, completion returned and validated; MODEL = 'mistral-medium'.
[2025-10-08 17:19:13,858] [INFO] 'DisambiguationAgent' chose sentences to remove, completion returned and validated from MODEL = 'mistral-medium'.
[2025-10-08 17:19:14,819] [INFO] 'DisambiguationAgent' chose sentences to remove, completion returned and validated from MODEL = 'mistral-medium'.
[2025-10-08 17:19:15,790] [INFO] 'DisambiguationAgent' chose sentences to remove, completion returned and validated from MODEL = 'mistral-medium'.
[2025-10-08 17:19:16,642] [INFO] 'DisambiguationAgent' chose sentences to remove, completion returned and validated from MODEL = 'mistral-medium'.
[2025-10-08 17:19:16,642] [INFO] EXIT: 'DisambiguationAgent' calling '_identifying_similar_sentences_and_choosing_one_to_return_to_user' (10.599950551986694 secs).
[2025-10-08 17:19:16,642] [INFO] ENTER: 'DisambiguationAgent' calling '_removing_repetitive_sentences'; CURRENT SPEAKER: mistral-medium_mas, DIALOGUE TURN NUM = 37.
[2025-10-08 17:19:16,642] [INFO] EXIT: 'DisambiguationAgent' calling '_removing_repetitive_sentences' (1.5974044799804688e-05 secs).
[2025-10-08 17:19:16,642] [INFO] ENTER: 'DisambiguationAgent' calling 'return_disambiguated_sentences'; CURRENT SPEAKER: mistral-medium_mas, DIALOGUE TURN NUM = 37.
[2025-10-08 17:19:16,642] [INFO] EXIT: 'DisambiguationAgent' calling 'return_disambiguated_sentences' (2.1457672119140625e-06 secs).
[2025-10-08 17:19:16,643] [ERROR] Wrong state used; State of type HumanState; error message: dict has unexpected extra key(s): "graph_rag_examples", "intermediate_generations", "knowledge_base_ensemble_or_model_name", "model_seed", "model_temp", "model_top_p", "number_of_graph_rag_examples", "number_of_vector_based_rag_examples", "political_position_prob_of_na", "political_position_range", "political_position_std", "speaker_model_name", "speaker_type", "vector_based_persona_string", "vector_based_persona_sys_prompt"
[2025-10-08 17:19:16,643] [INFO] Correct state used; State of type GenerationAgentsState; 'IGNORE THE ABOVE ERRORS'.
[2025-10-08 17:19:16,729] [ERROR] Wrong state used; State of type HumanState; error message: dict has unexpected extra key(s): "graph_rag_examples", "intermediate_generations", "knowledge_base_ensemble_or_model_name", "model_seed", "model_temp", "model_top_p", "number_of_graph_rag_examples", "number_of_vector_based_rag_examples", "political_position_prob_of_na", "political_position_range", "political_position_std", "speaker_model_name", "speaker_type", "vector_based_persona_string", "vector_based_persona_sys_prompt"
[2025-10-08 17:19:16,730] [INFO] Correct state used; State of type GenerationAgentsState; 'IGNORE THE ABOVE ERRORS'.
[2025-10-08 17:19:16,730] [INFO] ENTER: 'UtteranceClassificationAgent' calling '_classify_sentence_utterance_types'; CURRENT SPEAKER: grok-3_mas_rag, DIALOGUE TURN NUM = 38.
[2025-10-08 17:19:17,420] [INFO] 'UtteranceClassificationAgent' completion returned and validated from MODEL = 'ModelName.GROK_3'.
[2025-10-08 17:19:18,953] [INFO] 'UtteranceClassificationAgent' completion returned and validated from MODEL = 'ModelName.GROK_3'.
[2025-10-08 17:19:19,634] [INFO] 'UtteranceClassificationAgent' completion returned and validated from MODEL = 'ModelName.GROK_3'.
[2025-10-08 17:19:20,308] [INFO] 'UtteranceClassificationAgent' completion returned and validated from MODEL = 'ModelName.GROK_3'.
[2025-10-08 17:19:21,128] [INFO] 'UtteranceClassificationAgent' completion returned and validated from MODEL = 'ModelName.GROK_3'.
[2025-10-08 17:19:21,128] [INFO] EXIT: 'UtteranceClassificationAgent' calling '_classify_sentence_utterance_types' (4.397936582565308 secs).
[2025-10-08 17:19:21,128] [INFO] ENTER: 'UtteranceClassificationAgent' calling 'return_classified_sentences'; CURRENT SPEAKER: grok-3_mas_rag, DIALOGUE TURN NUM = 38.
[2025-10-08 17:19:21,128] [INFO] EXIT: 'UtteranceClassificationAgent' calling 'return_classified_sentences' (2.1457672119140625e-06 secs).
[2025-10-08 17:19:21,147] [INFO] ENTER: 'GraphRAG' calling 'since'; CURRENT SPEAKER: grok-3_mas_rag, DIALOGUE TURN NUM = 38.
[2025-10-08 17:19:21,148] [INFO] ENTER: 'GraphRAG' calling 'query_graph'; CURRENT SPEAKER: grok-3_mas_rag, DIALOGUE TURN NUM = 38.
[2025-10-08 17:19:21,167] [INFO] EXIT: 'GraphRAG' calling 'query_graph' (0.019324302673339844 secs).
[2025-10-08 17:19:21,167] [INFO] EXIT: 'GraphRAG' calling 'since' (0.019671201705932617 secs).
[2025-10-08 17:19:21,167] [INFO] ENTER: 'GraphRAG' calling 'claim'; CURRENT SPEAKER: grok-3_mas_rag, DIALOGUE TURN NUM = 38.
[2025-10-08 17:19:21,167] [INFO] ENTER: 'GraphRAG' calling 'query_graph'; CURRENT SPEAKER: grok-3_mas_rag, DIALOGUE TURN NUM = 38.
[2025-10-08 17:19:21,182] [INFO] EXIT: 'GraphRAG' calling 'query_graph' (0.01464390754699707 secs).
[2025-10-08 17:19:21,182] [INFO] EXIT: 'GraphRAG' calling 'claim' (0.014947175979614258 secs).
[2025-10-08 17:19:21,197] [INFO] ENTER: 'GraphRAG' calling 'since'; CURRENT SPEAKER: grok-3_mas_rag, DIALOGUE TURN NUM = 38.
[2025-10-08 17:19:21,198] [INFO] ENTER: 'GraphRAG' calling 'query_graph'; CURRENT SPEAKER: grok-3_mas_rag, DIALOGUE TURN NUM = 38.
[2025-10-08 17:19:21,217] [INFO] EXIT: 'GraphRAG' calling 'query_graph' (0.019150972366333008 secs).
[2025-10-08 17:19:21,217] [INFO] EXIT: 'GraphRAG' calling 'since' (0.01947474479675293 secs).
[2025-10-08 17:19:21,217] [INFO] ENTER: 'GraphRAG' calling 'claim'; CURRENT SPEAKER: grok-3_mas_rag, DIALOGUE TURN NUM = 38.
[2025-10-08 17:19:21,217] [INFO] ENTER: 'GraphRAG' calling 'query_graph'; CURRENT SPEAKER: grok-3_mas_rag, DIALOGUE TURN NUM = 38.
[2025-10-08 17:19:21,232] [INFO] EXIT: 'GraphRAG' calling 'query_graph' (0.01475381851196289 secs).
[2025-10-08 17:19:21,232] [INFO] EXIT: 'GraphRAG' calling 'claim' (0.015094518661499023 secs).
[2025-10-08 17:19:21,247] [INFO] ENTER: 'GraphRAG' calling 'claim'; CURRENT SPEAKER: grok-3_mas_rag, DIALOGUE TURN NUM = 38.
[2025-10-08 17:19:21,248] [INFO] ENTER: 'GraphRAG' calling 'query_graph'; CURRENT SPEAKER: grok-3_mas_rag, DIALOGUE TURN NUM = 38.
[2025-10-08 17:19:21,324] [INFO] EXIT: 'GraphRAG' calling 'query_graph' (0.07652163505554199 secs).
[2025-10-08 17:19:21,324] [INFO] EXIT: 'GraphRAG' calling 'claim' (0.07686614990234375 secs).
[2025-10-08 17:19:21,324] [INFO] ENTER: 'GraphRAG' calling 'claim_negation'; CURRENT SPEAKER: grok-3_mas_rag, DIALOGUE TURN NUM = 38.
[2025-10-08 17:19:21,325] [INFO] ENTER: 'GraphRAG' calling 'query_graph'; CURRENT SPEAKER: grok-3_mas_rag, DIALOGUE TURN NUM = 38.
[2025-10-08 17:19:21,344] [INFO] EXIT: 'GraphRAG' calling 'query_graph' (0.01898026466369629 secs).
[2025-10-08 17:19:21,344] [INFO] EXIT: 'GraphRAG' calling 'claim_negation' (0.019298791885375977 secs).
[2025-10-08 17:19:21,358] [INFO] ENTER: 'GraphRAG' calling 'since'; CURRENT SPEAKER: grok-3_mas_rag, DIALOGUE TURN NUM = 38.
[2025-10-08 17:19:21,359] [INFO] ENTER: 'GraphRAG' calling 'query_graph'; CURRENT SPEAKER: grok-3_mas_rag, DIALOGUE TURN NUM = 38.
[2025-10-08 17:19:21,378] [INFO] EXIT: 'GraphRAG' calling 'query_graph' (0.01952052116394043 secs).
[2025-10-08 17:19:21,378] [INFO] EXIT: 'GraphRAG' calling 'since' (0.01987600326538086 secs).
[2025-10-08 17:19:21,378] [INFO] ENTER: 'GraphRAG' calling 'claim'; CURRENT SPEAKER: grok-3_mas_rag, DIALOGUE TURN NUM = 38.
[2025-10-08 17:19:21,379] [INFO] ENTER: 'GraphRAG' calling 'query_graph'; CURRENT SPEAKER: grok-3_mas_rag, DIALOGUE TURN NUM = 38.
[2025-10-08 17:19:21,393] [INFO] EXIT: 'GraphRAG' calling 'query_graph' (0.01493525505065918 secs).
[2025-10-08 17:19:21,394] [INFO] EXIT: 'GraphRAG' calling 'claim' (0.01525568962097168 secs).
[2025-10-08 17:19:21,409] [INFO] ENTER: 'GraphRAG' calling 'since'; CURRENT SPEAKER: grok-3_mas_rag, DIALOGUE TURN NUM = 38.
[2025-10-08 17:19:21,409] [INFO] ENTER: 'GraphRAG' calling 'query_graph'; CURRENT SPEAKER: grok-3_mas_rag, DIALOGUE TURN NUM = 38.
[2025-10-08 17:19:21,428] [INFO] EXIT: 'GraphRAG' calling 'query_graph' (0.019208669662475586 secs).
[2025-10-08 17:19:21,428] [INFO] EXIT: 'GraphRAG' calling 'since' (0.019568443298339844 secs).
[2025-10-08 17:19:21,428] [INFO] ENTER: 'GraphRAG' calling 'claim'; CURRENT SPEAKER: grok-3_mas_rag, DIALOGUE TURN NUM = 38.
[2025-10-08 17:19:21,429] [INFO] ENTER: 'GraphRAG' calling 'query_graph'; CURRENT SPEAKER: grok-3_mas_rag, DIALOGUE TURN NUM = 38.
[2025-10-08 17:19:21,443] [INFO] EXIT: 'GraphRAG' calling 'query_graph' (0.01479196548461914 secs).
[2025-10-08 17:19:21,444] [INFO] EXIT: 'GraphRAG' calling 'claim' (0.01511836051940918 secs).
[2025-10-08 17:19:21,444] [INFO] ENTER: 'GraphRAG' calling 'return_rag_examples'; CURRENT SPEAKER: grok-3_mas_rag, DIALOGUE TURN NUM = 38.
[2025-10-08 17:19:21,444] [INFO] EXIT: 'GraphRAG' calling 'return_rag_examples' (2.6226043701171875e-06 secs).
[2025-10-08 17:19:21,446] [INFO] ENTER: 'DialogueMoveGenerator' calling 'generate'; CURRENT SPEAKER: grok-3_mas_rag, DIALOGUE TURN NUM = 38.
[2025-10-08 17:19:21,446] [INFO] ENTER: 'MASPromptGenerator' calling 'claim'; CURRENT SPEAKER: grok-3_mas_rag, DIALOGUE TURN NUM = 38.
[2025-10-08 17:19:21,447] [INFO] EXIT: 'MASPromptGenerator' calling 'claim' (9.822845458984375e-05 secs).
[2025-10-08 17:19:21,447] [INFO] ENTER: 'DialogueMoveGenerator' calling 'generate'; CURRENT SPEAKER: grok-3_mas_rag, DIALOGUE TURN NUM = 38.
[2025-10-08 17:19:21,447] [INFO] ENTER: 'MASPromptGenerator' calling 'claim_negation'; CURRENT SPEAKER: grok-3_mas_rag, DIALOGUE TURN NUM = 38.
[2025-10-08 17:19:21,448] [INFO] EXIT: 'MASPromptGenerator' calling 'claim_negation' (7.414817810058594e-05 secs).
[2025-10-08 17:19:21,449] [INFO] ENTER: 'DialogueMoveGenerator' calling 'generate'; CURRENT SPEAKER: grok-3_mas_rag, DIALOGUE TURN NUM = 38.
[2025-10-08 17:19:21,449] [INFO] ENTER: 'MASPromptGenerator' calling 'retract_claim'; CURRENT SPEAKER: grok-3_mas_rag, DIALOGUE TURN NUM = 38.
[2025-10-08 17:19:21,449] [INFO] EXIT: 'MASPromptGenerator' calling 'retract_claim' (6.437301635742188e-05 secs).
[2025-10-08 17:19:21,450] [INFO] ENTER: 'DialogueMoveGenerator' calling 'generate'; CURRENT SPEAKER: grok-3_mas_rag, DIALOGUE TURN NUM = 38.
[2025-10-08 17:19:21,450] [INFO] ENTER: 'MASPromptGenerator' calling 'since_claim'; CURRENT SPEAKER: grok-3_mas_rag, DIALOGUE TURN NUM = 38.
[2025-10-08 17:19:21,450] [INFO] EXIT: 'MASPromptGenerator' calling 'since_claim' (7.939338684082031e-05 secs).
[2025-10-08 17:19:25,888] [INFO] Completion returned and validated from MODEL = 'grok-3'.
[2025-10-08 17:19:26,039] [INFO] Completion returned and validated from MODEL = 'grok-3'.
[2025-10-08 17:19:26,039] [INFO] EXIT: 'DialogueMoveGenerator' calling 'generate' (4.591642618179321 secs).
[2025-10-08 17:19:26,178] [INFO] Completion returned and validated from MODEL = 'grok-3'.
[2025-10-08 17:19:26,193] [INFO] Completion returned and validated from MODEL = 'grok-3'.
[2025-10-08 17:19:29,436] [INFO] Completion returned and validated from MODEL = 'grok-3'.
[2025-10-08 17:19:35,233] [INFO] Completion returned and validated from MODEL = 'grok-3'.
[2025-10-08 17:19:35,543] [INFO] Completion returned and validated from MODEL = 'grok-3'.
[2025-10-08 17:19:35,547] [INFO] Completion returned and validated from MODEL = 'grok-3'.
[2025-10-08 17:19:39,253] [INFO] Completion returned and validated from MODEL = 'grok-3'.
[2025-10-08 17:19:40,330] [INFO] Completion returned and validated from MODEL = 'grok-3'.
[2025-10-08 17:19:40,330] [INFO] EXIT: 'DialogueMoveGenerator' calling 'generate' (18.880419969558716 secs).
[2025-10-08 17:19:40,432] [INFO] Completion returned and validated from MODEL = 'grok-3'.
[2025-10-08 17:19:44,347] [INFO] Completion returned and validated from MODEL = 'grok-3'.
[2025-10-08 17:19:45,612] [INFO] Completion returned and validated from MODEL = 'grok-3'.
[2025-10-08 17:19:48,363] [INFO] Completion returned and validated from MODEL = 'grok-3'.
[2025-10-08 17:19:48,363] [INFO] EXIT: 'DialogueMoveGenerator' calling 'generate' (26.916773080825806 secs).
[2025-10-08 17:19:53,291] [INFO] Completion returned and validated from MODEL = 'grok-3'.
[2025-10-08 17:19:53,291] [INFO] EXIT: 'DialogueMoveGenerator' calling 'generate' (31.84199094772339 secs).
[2025-10-08 17:19:53,292] [INFO] ENTER: 'MASPromptGenerator' calling 'persuasiveness_choice'; CURRENT SPEAKER: grok-3_mas_rag, DIALOGUE TURN NUM = 38.
[2025-10-08 17:19:53,293] [INFO] EXIT: 'MASPromptGenerator' calling 'persuasiveness_choice' (0.00026488304138183594 secs).
[2025-10-08 17:19:57,995] [INFO] Completion returned and validated within 'PersuasivenessChoiceAgent'; MODEL = 'grok-3'; DIALOGUE TURN NUM = 38.
[2025-10-08 17:20:00,324] [INFO] Completion returned and validated within 'PersuasivenessChoiceAgent'; MODEL = 'grok-3'; DIALOGUE TURN NUM = 38.
[2025-10-08 17:20:03,313] [INFO] Completion returned and validated within 'PersuasivenessChoiceAgent'; MODEL = 'grok-3'; DIALOGUE TURN NUM = 38.
[2025-10-08 17:20:05,806] [INFO] Completion returned and validated within 'PersuasivenessChoiceAgent'; MODEL = 'grok-3'; DIALOGUE TURN NUM = 38.
[2025-10-08 17:20:09,150] [INFO] Completion returned and validated within 'PersuasivenessChoiceAgent'; MODEL = 'grok-3'; DIALOGUE TURN NUM = 38.
[2025-10-08 17:20:09,150] [INFO] ENTER: 'DisambiguationAgent' calling '_grouping_similar_utterance_types'; CURRENT SPEAKER: grok-3_mas_rag, DIALOGUE TURN NUM = 38.
[2025-10-08 17:20:09,150] [INFO] EXIT: 'DisambiguationAgent' calling '_grouping_similar_utterance_types' (1.1205673217773438e-05 secs).
[2025-10-08 17:20:09,150] [INFO] ENTER: 'DisambiguationAgent' calling '_identifying_similar_sentences_and_choosing_one_to_return_to_user'; CURRENT SPEAKER: grok-3_mas_rag, DIALOGUE TURN NUM = 38.
[2025-10-08 17:20:23,618] [INFO] 'DisambiguationAgent' grouped similar sentences, completion returned and validated; MODEL = 'grok-3'.
[2025-10-08 17:20:25,066] [INFO] 'DisambiguationAgent' chose sentences to remove, completion returned and validated from MODEL = 'grok-3'.
[2025-10-08 17:20:26,338] [INFO] 'DisambiguationAgent' chose sentences to remove, completion returned and validated from MODEL = 'grok-3'.
[2025-10-08 17:20:29,573] [INFO] 'DisambiguationAgent' chose sentences to remove, completion returned and validated from MODEL = 'grok-3'.
[2025-10-08 17:20:31,401] [INFO] 'DisambiguationAgent' chose sentences to remove, completion returned and validated from MODEL = 'grok-3'.
[2025-10-08 17:20:32,826] [INFO] 'DisambiguationAgent' chose sentences to remove, completion returned and validated from MODEL = 'grok-3'.
[2025-10-08 17:20:32,826] [INFO] EXIT: 'DisambiguationAgent' calling '_identifying_similar_sentences_and_choosing_one_to_return_to_user' (23.675803422927856 secs).
[2025-10-08 17:20:32,826] [INFO] ENTER: 'DisambiguationAgent' calling '_removing_repetitive_sentences'; CURRENT SPEAKER: grok-3_mas_rag, DIALOGUE TURN NUM = 38.
[2025-10-08 17:20:32,826] [INFO] EXIT: 'DisambiguationAgent' calling '_removing_repetitive_sentences' (2.0742416381835938e-05 secs).
[2025-10-08 17:20:32,826] [INFO] ENTER: 'DisambiguationAgent' calling 'return_disambiguated_sentences'; CURRENT SPEAKER: grok-3_mas_rag, DIALOGUE TURN NUM = 38.
[2025-10-08 17:20:32,826] [INFO] EXIT: 'DisambiguationAgent' calling 'return_disambiguated_sentences' (2.384185791015625e-06 secs).
[2025-10-08 17:20:32,827] [ERROR] Wrong state used; State of type HumanState; error message: dict has unexpected extra key(s): "graph_rag_examples", "intermediate_generations", "knowledge_base_ensemble_or_model_name", "model_seed", "model_temp", "model_top_p", "number_of_graph_rag_examples", "number_of_vector_based_rag_examples", "political_position_prob_of_na", "political_position_range", "political_position_std", "speaker_model_name", "speaker_type", "vector_based_persona_string", "vector_based_persona_sys_prompt"
[2025-10-08 17:20:32,827] [INFO] Correct state used; State of type GenerationAgentsState; 'IGNORE THE ABOVE ERRORS'.
[2025-10-08 17:20:33,554] [INFO] 'commitment_update' completed '___Claim___' update for current speaker's commitments; MODEL = 'grok-3'.
[2025-10-08 17:22:35,069] [INFO] 'commitment_update' completed '___Claim___' update for current speaker's commitments; MODEL = 'grok-3'.
[2025-10-08 17:22:36,123] [INFO] 'commitment_update' completed '___Claim___' update for current speaker's commitments; MODEL = 'grok-3'.
[2025-10-08 17:22:37,159] [INFO] 'commitment_update' completed '___Since___' update; MODEL = 'grok-3'.
[2025-10-08 17:22:37,840] [INFO] 'commitment_update' completed '___Since___' update; MODEL = 'grok-3'.
[2025-10-08 17:22:37,932] [ERROR] Wrong state used; State of type HumanState; error message: dict has unexpected extra key(s): "graph_rag_examples", "intermediate_generations", "knowledge_base_ensemble_or_model_name", "model_seed", "model_temp", "model_top_p", "number_of_graph_rag_examples", "number_of_vector_based_rag_examples", "political_position_prob_of_na", "political_position_range", "political_position_std", "speaker_model_name", "speaker_type", "vector_based_persona_string", "vector_based_persona_sys_prompt"
[2025-10-08 17:22:37,933] [INFO] Correct state used; State of type GenerationAgentsState; 'IGNORE THE ABOVE ERRORS'.
[2025-10-08 17:22:37,933] [INFO] ENTER: 'UtteranceClassificationAgent' calling '_classify_sentence_utterance_types'; CURRENT SPEAKER: mistral-medium_mas, DIALOGUE TURN NUM = 39.
[2025-10-08 17:22:39,021] [INFO] 'UtteranceClassificationAgent' completion returned and validated from MODEL = 'ModelName.MISTRAL_MEDIUM'.
[2025-10-08 17:22:41,641] [INFO] 'UtteranceClassificationAgent' completion returned and validated from MODEL = 'ModelName.MISTRAL_MEDIUM'.
[2025-10-08 17:22:44,209] [INFO] 'UtteranceClassificationAgent' completion returned and validated from MODEL = 'ModelName.MISTRAL_MEDIUM'.
[2025-10-08 17:22:44,613] [INFO] 'UtteranceClassificationAgent' completion returned and validated from MODEL = 'ModelName.MISTRAL_MEDIUM'.
[2025-10-08 17:22:45,008] [INFO] 'UtteranceClassificationAgent' completion returned and validated from MODEL = 'ModelName.MISTRAL_MEDIUM'.
[2025-10-08 17:22:45,008] [INFO] EXIT: 'UtteranceClassificationAgent' calling '_classify_sentence_utterance_types' (7.075505971908569 secs).
[2025-10-08 17:22:45,008] [INFO] ENTER: 'UtteranceClassificationAgent' calling 'return_classified_sentences'; CURRENT SPEAKER: mistral-medium_mas, DIALOGUE TURN NUM = 39.
[2025-10-08 17:22:45,008] [INFO] EXIT: 'UtteranceClassificationAgent' calling 'return_classified_sentences' (2.384185791015625e-06 secs).
[2025-10-08 17:22:45,011] [INFO] ENTER: 'DialogueMoveGenerator' calling 'generate'; CURRENT SPEAKER: mistral-medium_mas, DIALOGUE TURN NUM = 39.
[2025-10-08 17:22:45,011] [INFO] ENTER: 'MASPromptGenerator' calling 'concede_claim'; CURRENT SPEAKER: mistral-medium_mas, DIALOGUE TURN NUM = 39.
[2025-10-08 17:22:45,011] [INFO] EXIT: 'MASPromptGenerator' calling 'concede_claim' (7.271766662597656e-05 secs).
[2025-10-08 17:22:45,012] [INFO] ENTER: 'DialogueMoveGenerator' calling 'generate'; CURRENT SPEAKER: mistral-medium_mas, DIALOGUE TURN NUM = 39.
[2025-10-08 17:22:45,012] [INFO] ENTER: 'MASPromptGenerator' calling 'question_claim'; CURRENT SPEAKER: mistral-medium_mas, DIALOGUE TURN NUM = 39.
[2025-10-08 17:22:45,012] [INFO] EXIT: 'MASPromptGenerator' calling 'question_claim' (5.555152893066406e-05 secs).
[2025-10-08 17:22:45,013] [INFO] ENTER: 'DialogueMoveGenerator' calling 'generate'; CURRENT SPEAKER: mistral-medium_mas, DIALOGUE TURN NUM = 39.
[2025-10-08 17:22:45,013] [INFO] ENTER: 'MASPromptGenerator' calling 'why_claim'; CURRENT SPEAKER: mistral-medium_mas, DIALOGUE TURN NUM = 39.
[2025-10-08 17:22:45,013] [INFO] EXIT: 'MASPromptGenerator' calling 'why_claim' (6.222724914550781e-05 secs).
[2025-10-08 17:22:47,691] [INFO] Completion returned and validated from MODEL = 'mistral-medium'.
[2025-10-08 17:22:48,539] [INFO] Completion returned and validated from MODEL = 'mistral-medium'.
[2025-10-08 17:22:48,642] [INFO] Completion returned and validated from MODEL = 'mistral-medium'.
[2025-10-08 17:22:49,728] [INFO] Completion returned and validated from MODEL = 'mistral-medium'.
[2025-10-08 17:22:51,026] [INFO] Completion returned and validated from MODEL = 'mistral-medium'.
[2025-10-08 17:22:51,040] [INFO] Completion returned and validated from MODEL = 'mistral-medium'.
[2025-10-08 17:22:53,156] [INFO] Completion returned and validated from MODEL = 'mistral-medium'.
[2025-10-08 17:22:53,396] [INFO] Completion returned and validated from MODEL = 'mistral-medium'.
[2025-10-08 17:22:53,812] [INFO] Completion returned and validated from MODEL = 'mistral-medium'.
[2025-10-08 17:22:55,281] [INFO] Completion returned and validated from MODEL = 'mistral-medium'.
[2025-10-08 17:22:55,369] [INFO] Completion returned and validated from MODEL = 'mistral-medium'.
[2025-10-08 17:22:55,903] [INFO] Completion returned and validated from MODEL = 'mistral-medium'.
[2025-10-08 17:22:57,555] [INFO] Completion returned and validated from MODEL = 'mistral-medium'.
[2025-10-08 17:22:57,555] [INFO] EXIT: 'DialogueMoveGenerator' calling 'generate' (12.54177975654602 secs).
[2025-10-08 17:22:57,727] [INFO] Completion returned and validated from MODEL = 'mistral-medium'.
[2025-10-08 17:22:57,727] [INFO] EXIT: 'DialogueMoveGenerator' calling 'generate' (12.716142177581787 secs).
[2025-10-08 17:22:58,134] [INFO] Completion returned and validated from MODEL = 'mistral-medium'.
[2025-10-08 17:22:58,134] [INFO] EXIT: 'DialogueMoveGenerator' calling 'generate' (13.122436285018921 secs).
[2025-10-08 17:22:58,135] [INFO] ENTER: 'MASPromptGenerator' calling 'persuasiveness_choice'; CURRENT SPEAKER: mistral-medium_mas, DIALOGUE TURN NUM = 39.
[2025-10-08 17:22:58,136] [INFO] EXIT: 'MASPromptGenerator' calling 'persuasiveness_choice' (0.0003082752227783203 secs).
[2025-10-08 17:23:00,654] [INFO] Completion returned and validated within 'PersuasivenessChoiceAgent'; MODEL = 'mistral-medium'; DIALOGUE TURN NUM = 39.
[2025-10-08 17:23:03,175] [INFO] Completion returned and validated within 'PersuasivenessChoiceAgent'; MODEL = 'mistral-medium'; DIALOGUE TURN NUM = 39.
[2025-10-08 17:23:06,370] [INFO] Completion returned and validated within 'PersuasivenessChoiceAgent'; MODEL = 'mistral-medium'; DIALOGUE TURN NUM = 39.
[2025-10-08 17:23:08,841] [INFO] Completion returned and validated within 'PersuasivenessChoiceAgent'; MODEL = 'mistral-medium'; DIALOGUE TURN NUM = 39.
[2025-10-08 17:23:10,966] [INFO] Completion returned and validated within 'PersuasivenessChoiceAgent'; MODEL = 'mistral-medium'; DIALOGUE TURN NUM = 39.
[2025-10-08 17:23:10,966] [INFO] ENTER: 'DisambiguationAgent' calling '_grouping_similar_utterance_types'; CURRENT SPEAKER: mistral-medium_mas, DIALOGUE TURN NUM = 39.
[2025-10-08 17:23:10,966] [INFO] EXIT: 'DisambiguationAgent' calling '_grouping_similar_utterance_types' (1.1920928955078125e-05 secs).
[2025-10-08 17:23:10,966] [INFO] ENTER: 'DisambiguationAgent' calling '_identifying_similar_sentences_and_choosing_one_to_return_to_user'; CURRENT SPEAKER: mistral-medium_mas, DIALOGUE TURN NUM = 39.
[2025-10-08 17:23:17,836] [INFO] 'DisambiguationAgent' grouped similar sentences, completion returned and validated; MODEL = 'mistral-medium'.
[2025-10-08 17:23:18,815] [INFO] 'DisambiguationAgent' chose sentences to remove, completion returned and validated from MODEL = 'mistral-medium'.
[2025-10-08 17:23:19,669] [INFO] 'DisambiguationAgent' chose sentences to remove, completion returned and validated from MODEL = 'mistral-medium'.
[2025-10-08 17:23:20,595] [INFO] 'DisambiguationAgent' chose sentences to remove, completion returned and validated from MODEL = 'mistral-medium'.
[2025-10-08 17:24:39,768] [INFO] 'DisambiguationAgent' chose sentences to remove, completion returned and validated from MODEL = 'mistral-medium'.
[2025-10-08 17:24:39,769] [INFO] EXIT: 'DisambiguationAgent' calling '_identifying_similar_sentences_and_choosing_one_to_return_to_user' (88.80218124389648 secs).
[2025-10-08 17:24:39,769] [INFO] ENTER: 'DisambiguationAgent' calling '_identifying_similar_sentences_and_choosing_one_to_return_to_user'; CURRENT SPEAKER: mistral-medium_mas, DIALOGUE TURN NUM = 39.
[2025-10-08 17:24:40,275] [INFO] 'DisambiguationAgent' grouped similar sentences, completion returned and validated; MODEL = 'mistral-medium'.
[2025-10-08 17:24:40,275] [INFO] EXIT: 'DisambiguationAgent' calling '_identifying_similar_sentences_and_choosing_one_to_return_to_user' (0.506096601486206 secs).
[2025-10-08 17:24:40,275] [INFO] ENTER: 'DisambiguationAgent' calling '_removing_repetitive_sentences'; CURRENT SPEAKER: mistral-medium_mas, DIALOGUE TURN NUM = 39.
[2025-10-08 17:24:40,275] [INFO] EXIT: 'DisambiguationAgent' calling '_removing_repetitive_sentences' (1.7881393432617188e-05 secs).
[2025-10-08 17:24:40,275] [INFO] ENTER: 'DisambiguationAgent' calling '_choose_the_most_persuasive_sentences'; CURRENT SPEAKER: mistral-medium_mas, DIALOGUE TURN NUM = 39.
[2025-10-08 17:24:44,091] [INFO] 'DisambiguationAgent': reached maximum allowed sentences, succussfully chose most persuasive sentences, completion returned and validated from MODEL = 'mistral-medium'.
[2025-10-08 17:24:44,092] [INFO] EXIT: 'DisambiguationAgent' calling '_choose_the_most_persuasive_sentences' (3.816634178161621 secs).
[2025-10-08 17:24:44,092] [INFO] ENTER: 'DisambiguationAgent' calling 'return_disambiguated_sentences'; CURRENT SPEAKER: mistral-medium_mas, DIALOGUE TURN NUM = 39.
[2025-10-08 17:24:44,092] [INFO] EXIT: 'DisambiguationAgent' calling 'return_disambiguated_sentences' (3.0994415283203125e-06 secs).
[2025-10-08 17:24:44,092] [ERROR] Wrong state used; State of type HumanState; error message: dict has unexpected extra key(s): "graph_rag_examples", "intermediate_generations", "knowledge_base_ensemble_or_model_name", "model_seed", "model_temp", "model_top_p", "number_of_graph_rag_examples", "number_of_vector_based_rag_examples", "political_position_prob_of_na", "political_position_range", "political_position_std", "speaker_model_name", "speaker_type", "vector_based_persona_string", "vector_based_persona_sys_prompt"
[2025-10-08 17:24:44,092] [INFO] Correct state used; State of type GenerationAgentsState; 'IGNORE THE ABOVE ERRORS'.
[2025-10-08 17:24:44,373] [INFO] Parent graph returned.
[2025-10-08 17:24:44,452] [INFO] WINNER: None; LOSER: None, REASON: {'reason': 'Maximum number of dialogue turns reached (40 dialogue turns).', 'utterance_type': None, 'utterance': None}
[2025-10-08 17:24:44,452] [INFO] DIALOGUE END: Session finished.
