[2025-10-08 15:16:40,221] [INFO] Trying to create session grok-4_mas_rag:l__vs__mistral-medium_mas:r...
[2025-10-08 15:16:40,247] [INFO] DIALOGUE START: Parent graph invoked, waiting for Langgraph return state...
[2025-10-08 15:16:41,134] [INFO] ENTER: 'VectorBasedRAG' calling '_vector_based_examples'; CURRENT SPEAKER: grok-4_mas_rag, DIALOGUE TURN NUM = 0.
[2025-10-08 15:16:41,135] [INFO] ENTER: 'VectorBasedRAG' calling '_query_graph'; CURRENT SPEAKER: grok-4_mas_rag, DIALOGUE TURN NUM = 0.
[2025-10-08 15:16:41,220] [INFO] EXIT: 'VectorBasedRAG' calling '_query_graph' (0.08551383018493652 secs).
[2025-10-08 15:16:41,220] [INFO] EXIT: 'VectorBasedRAG' calling '_vector_based_examples' (0.08613467216491699 secs).
[2025-10-08 15:16:41,221] [INFO] ENTER: 'VectorBasedRAG' calling '_vector_based_examples'; CURRENT SPEAKER: grok-4_mas_rag, DIALOGUE TURN NUM = 0.
[2025-10-08 15:16:41,221] [INFO] ENTER: 'VectorBasedRAG' calling '_query_graph'; CURRENT SPEAKER: grok-4_mas_rag, DIALOGUE TURN NUM = 0.
[2025-10-08 15:16:41,293] [INFO] EXIT: 'VectorBasedRAG' calling '_query_graph' (0.0722508430480957 secs).
[2025-10-08 15:16:41,293] [INFO] EXIT: 'VectorBasedRAG' calling '_vector_based_examples' (0.07285332679748535 secs).
[2025-10-08 15:16:41,293] [INFO] ENTER: 'VectorBasedRAG' calling '_create_prompt'; CURRENT SPEAKER: grok-4_mas_rag, DIALOGUE TURN NUM = 0.
[2025-10-08 15:16:41,293] [INFO] EXIT: 'VectorBasedRAG' calling '_create_prompt' (1.239776611328125e-05 secs).
[2025-10-08 15:16:41,294] [INFO] ENTER: 'VectorBasedRAG' calling '_generate_completion'; CURRENT SPEAKER: grok-4_mas_rag, DIALOGUE TURN NUM = 0.
[2025-10-30 16:03:10,922] [INFO] Trying to create session grok-4_mas_rag:l__vs__mistral-medium_mas:r...
[2025-10-30 16:03:10,951] [INFO] DIALOGUE START: Parent graph invoked, waiting for Langgraph return state...
[2025-10-30 16:03:11,032] [INFO] ENTER: 'VectorBasedRAG' calling '_vector_based_examples'; CURRENT SPEAKER: grok-4_mas_rag, DIALOGUE TURN NUM = 0.
[2025-10-30 16:03:11,032] [INFO] ENTER: 'VectorBasedRAG' calling '_query_graph'; CURRENT SPEAKER: grok-4_mas_rag, DIALOGUE TURN NUM = 0.
[2025-10-30 16:03:11,105] [INFO] EXIT: 'VectorBasedRAG' calling '_query_graph' (0.07257628440856934 secs).
[2025-10-30 16:03:11,105] [INFO] EXIT: 'VectorBasedRAG' calling '_vector_based_examples' (0.07328152656555176 secs).
[2025-10-30 16:03:11,105] [INFO] ENTER: 'VectorBasedRAG' calling '_vector_based_examples'; CURRENT SPEAKER: grok-4_mas_rag, DIALOGUE TURN NUM = 0.
[2025-10-30 16:03:11,105] [INFO] ENTER: 'VectorBasedRAG' calling '_query_graph'; CURRENT SPEAKER: grok-4_mas_rag, DIALOGUE TURN NUM = 0.
[2025-10-30 16:03:11,172] [INFO] EXIT: 'VectorBasedRAG' calling '_query_graph' (0.06623148918151855 secs).
[2025-10-30 16:03:11,172] [INFO] EXIT: 'VectorBasedRAG' calling '_vector_based_examples' (0.06685733795166016 secs).
[2025-10-30 16:03:11,172] [INFO] ENTER: 'VectorBasedRAG' calling '_create_prompt'; CURRENT SPEAKER: grok-4_mas_rag, DIALOGUE TURN NUM = 0.
[2025-10-30 16:03:11,172] [INFO] EXIT: 'VectorBasedRAG' calling '_create_prompt' (1.3113021850585938e-05 secs).
[2025-10-30 16:03:11,172] [INFO] ENTER: 'VectorBasedRAG' calling '_generate_completion'; CURRENT SPEAKER: grok-4_mas_rag, DIALOGUE TURN NUM = 0.
[2025-10-30 16:03:16,435] [INFO] 'VectorBasedRAG' agent persona completion returned and validated; MODEL = 'grok-4'.
[2025-10-30 16:03:16,435] [INFO] EXIT: 'VectorBasedRAG' calling '_generate_completion' (5.26276421546936 secs).
[2025-10-30 16:03:16,435] [INFO] ENTER: 'VectorBasedRAG' calling 'persona_string'; CURRENT SPEAKER: grok-4_mas_rag, DIALOGUE TURN NUM = 0.
[2025-10-30 16:03:16,435] [INFO] 'VectorBasedRAG' agent persona string generated; MODEL = 'grok-4'.
[2025-10-30 16:03:16,435] [INFO] EXIT: 'VectorBasedRAG' calling 'persona_string' (5.173683166503906e-05 secs).
[2025-10-30 16:03:16,436] [INFO] ENTER: 'DialogueMoveGenerator' calling 'generate'; CURRENT SPEAKER: grok-4_mas_rag, DIALOGUE TURN NUM = 0.
[2025-10-30 16:03:16,436] [INFO] ENTER: 'MASPromptGenerator' calling 'initial_llm_claim'; CURRENT SPEAKER: grok-4_mas_rag, DIALOGUE TURN NUM = 0.
[2025-10-30 16:03:16,436] [INFO] EXIT: 'MASPromptGenerator' calling 'initial_llm_claim' (5.9604644775390625e-06 secs).
[2025-10-30 16:03:17,548] [INFO] Completion returned and validated from MODEL = 'grok-4'.
[2025-10-30 16:03:17,548] [INFO] EXIT: 'DialogueMoveGenerator' calling 'generate' (1.112154245376587 secs).
[2025-10-30 16:03:17,548] [INFO] ENTER: 'MASPromptGenerator' calling 'persuasiveness_choice'; CURRENT SPEAKER: grok-4_mas_rag, DIALOGUE TURN NUM = 0.
[2025-10-30 16:03:17,548] [INFO] EXIT: 'MASPromptGenerator' calling 'persuasiveness_choice' (9.775161743164062e-06 secs).
[2025-10-30 16:03:18,627] [INFO] Completion returned and validated within 'PersuasivenessChoiceAgent'; MODEL = 'grok-4'; DIALOGUE TURN NUM = 0.
[2025-10-30 16:03:18,628] [INFO] ENTER: 'DisambiguationAgent' calling 'return_disambiguated_sentences'; CURRENT SPEAKER: grok-4_mas_rag, DIALOGUE TURN NUM = 0.
[2025-10-30 16:03:18,628] [INFO] EXIT: 'DisambiguationAgent' calling 'return_disambiguated_sentences' (2.384185791015625e-06 secs).
[2025-10-30 16:03:18,630] [ERROR] Wrong state used; State of type HumanState; error message: dict has unexpected extra key(s): "graph_rag_examples", "intermediate_generations", "knowledge_base_ensemble_or_model_name", "model_seed", "model_temp", "model_top_p", "number_of_graph_rag_examples", "number_of_vector_based_rag_examples", "political_position_prob_of_na", "political_position_range", "political_position_std", "speaker_model_name", "speaker_type", "vector_based_persona_string", "vector_based_persona_sys_prompt"
[2025-10-30 16:03:18,630] [INFO] Correct state used; State of type GenerationAgentsState; 'IGNORE THE ABOVE ERRORS'.
[2025-10-30 16:03:19,163] [INFO] 'commitment_update' completed '___Claim___' update for current speaker's commitments; MODEL = 'grok-4'.
[2025-10-30 16:03:19,233] [ERROR] Wrong state used; State of type HumanState; error message: dict has unexpected extra key(s): "graph_rag_examples", "intermediate_generations", "knowledge_base_ensemble_or_model_name", "model_seed", "model_temp", "model_top_p", "number_of_graph_rag_examples", "number_of_vector_based_rag_examples", "political_position_prob_of_na", "political_position_range", "political_position_std", "speaker_model_name", "speaker_type", "vector_based_persona_string", "vector_based_persona_sys_prompt"
[2025-10-30 16:03:19,233] [INFO] Correct state used; State of type GenerationAgentsState; 'IGNORE THE ABOVE ERRORS'.
[2025-10-30 16:03:19,233] [INFO] ENTER: 'UtteranceClassificationAgent' calling '_classify_sentence_utterance_types'; CURRENT SPEAKER: mistral-medium_mas, DIALOGUE TURN NUM = 1.
[2025-10-30 16:03:20,139] [INFO] 'UtteranceClassificationAgent' completion returned and validated from MODEL = 'ModelName.MISTRAL_MEDIUM'.
[2025-10-30 16:03:20,139] [INFO] EXIT: 'UtteranceClassificationAgent' calling '_classify_sentence_utterance_types' (0.9062557220458984 secs).
[2025-10-30 16:03:20,139] [INFO] ENTER: 'UtteranceClassificationAgent' calling 'return_classified_sentences'; CURRENT SPEAKER: mistral-medium_mas, DIALOGUE TURN NUM = 1.
[2025-10-30 16:03:20,139] [INFO] EXIT: 'UtteranceClassificationAgent' calling 'return_classified_sentences' (1.9073486328125e-06 secs).
[2025-10-30 16:03:20,142] [INFO] ENTER: 'DialogueMoveGenerator' calling 'generate'; CURRENT SPEAKER: mistral-medium_mas, DIALOGUE TURN NUM = 1.
[2025-10-30 16:03:20,142] [INFO] ENTER: 'MASPromptGenerator' calling 'claim_negation'; CURRENT SPEAKER: mistral-medium_mas, DIALOGUE TURN NUM = 1.
[2025-10-30 16:03:20,142] [INFO] EXIT: 'MASPromptGenerator' calling 'claim_negation' (2.002716064453125e-05 secs).
[2025-10-30 16:03:20,142] [INFO] ENTER: 'DialogueMoveGenerator' calling 'generate'; CURRENT SPEAKER: mistral-medium_mas, DIALOGUE TURN NUM = 1.
[2025-10-30 16:03:20,143] [INFO] ENTER: 'MASPromptGenerator' calling 'concede_claim'; CURRENT SPEAKER: mistral-medium_mas, DIALOGUE TURN NUM = 1.
[2025-10-30 16:03:20,143] [INFO] EXIT: 'MASPromptGenerator' calling 'concede_claim' (1.9550323486328125e-05 secs).
[2025-10-30 16:03:20,144] [INFO] ENTER: 'DialogueMoveGenerator' calling 'generate'; CURRENT SPEAKER: mistral-medium_mas, DIALOGUE TURN NUM = 1.
[2025-10-30 16:03:20,145] [INFO] ENTER: 'DialogueMoveGenerator' calling 'generate'; CURRENT SPEAKER: mistral-medium_mas, DIALOGUE TURN NUM = 1.
[2025-10-30 16:03:20,145] [INFO] ENTER: 'MASPromptGenerator' calling 'question_claim'; CURRENT SPEAKER: mistral-medium_mas, DIALOGUE TURN NUM = 1.
[2025-10-30 16:03:20,147] [INFO] ENTER: 'MASPromptGenerator' calling 'why_claim'; CURRENT SPEAKER: mistral-medium_mas, DIALOGUE TURN NUM = 1.
[2025-10-30 16:03:20,147] [INFO] EXIT: 'MASPromptGenerator' calling 'question_claim' (1.7404556274414062e-05 secs).
[2025-10-30 16:03:20,147] [INFO] EXIT: 'MASPromptGenerator' calling 'why_claim' (1.8835067749023438e-05 secs).
[2025-10-30 16:03:21,651] [INFO] Completion returned and validated from MODEL = 'mistral-medium'.
[2025-10-30 16:03:21,651] [INFO] EXIT: 'DialogueMoveGenerator' calling 'generate' (1.508592128753662 secs).
[2025-10-30 16:03:22,099] [INFO] Completion returned and validated from MODEL = 'mistral-medium'.
[2025-10-30 16:03:22,099] [INFO] EXIT: 'DialogueMoveGenerator' calling 'generate' (1.9541857242584229 secs).
[2025-10-30 16:03:22,211] [INFO] Completion returned and validated from MODEL = 'mistral-medium'.
[2025-10-30 16:03:22,211] [INFO] EXIT: 'DialogueMoveGenerator' calling 'generate' (2.064133882522583 secs).
[2025-10-30 16:03:22,457] [INFO] Completion returned and validated from MODEL = 'mistral-medium'.
[2025-10-30 16:03:22,457] [INFO] EXIT: 'DialogueMoveGenerator' calling 'generate' (2.3157248497009277 secs).
[2025-10-30 16:03:22,458] [INFO] ENTER: 'MASPromptGenerator' calling 'persuasiveness_choice'; CURRENT SPEAKER: mistral-medium_mas, DIALOGUE TURN NUM = 1.
[2025-10-30 16:03:22,458] [INFO] EXIT: 'MASPromptGenerator' calling 'persuasiveness_choice' (2.8371810913085938e-05 secs).
[2025-10-30 16:03:25,861] [INFO] Completion returned and validated within 'PersuasivenessChoiceAgent'; MODEL = 'mistral-medium'; DIALOGUE TURN NUM = 1.
[2025-10-30 16:03:25,861] [INFO] ENTER: 'DisambiguationAgent' calling '_grouping_similar_utterance_types'; CURRENT SPEAKER: mistral-medium_mas, DIALOGUE TURN NUM = 1.
[2025-10-30 16:03:25,861] [INFO] EXIT: 'DisambiguationAgent' calling '_grouping_similar_utterance_types' (5.4836273193359375e-06 secs).
[2025-10-30 16:03:25,861] [INFO] ENTER: 'DisambiguationAgent' calling '_identifying_similar_sentences_and_choosing_one_to_return_to_user'; CURRENT SPEAKER: mistral-medium_mas, DIALOGUE TURN NUM = 1.
[2025-10-30 16:03:27,481] [INFO] 'DisambiguationAgent' grouped similar sentences, completion returned and validated; MODEL = 'mistral-medium'.
[2025-10-30 16:03:28,433] [INFO] 'DisambiguationAgent' chose sentences to remove, completion returned and validated from MODEL = 'mistral-medium'.
[2025-10-30 16:03:28,433] [INFO] EXIT: 'DisambiguationAgent' calling '_identifying_similar_sentences_and_choosing_one_to_return_to_user' (2.5717263221740723 secs).
[2025-10-30 16:03:28,433] [INFO] ENTER: 'DisambiguationAgent' calling '_identifying_similar_sentences_and_choosing_one_to_return_to_user'; CURRENT SPEAKER: mistral-medium_mas, DIALOGUE TURN NUM = 1.
[2025-10-30 16:03:28,998] [INFO] 'DisambiguationAgent' grouped similar sentences, completion returned and validated; MODEL = 'mistral-medium'.
[2025-10-30 16:03:28,998] [INFO] EXIT: 'DisambiguationAgent' calling '_identifying_similar_sentences_and_choosing_one_to_return_to_user' (0.5646839141845703 secs).
[2025-10-30 16:03:28,998] [INFO] ENTER: 'DisambiguationAgent' calling '_removing_repetitive_sentences'; CURRENT SPEAKER: mistral-medium_mas, DIALOGUE TURN NUM = 1.
[2025-10-30 16:03:28,998] [INFO] EXIT: 'DisambiguationAgent' calling '_removing_repetitive_sentences' (7.152557373046875e-06 secs).
[2025-10-30 16:03:28,998] [INFO] ENTER: 'DisambiguationAgent' calling 'return_disambiguated_sentences'; CURRENT SPEAKER: mistral-medium_mas, DIALOGUE TURN NUM = 1.
[2025-10-30 16:03:28,998] [INFO] EXIT: 'DisambiguationAgent' calling 'return_disambiguated_sentences' (1.9073486328125e-06 secs).
[2025-10-30 16:03:28,998] [ERROR] Wrong state used; State of type HumanState; error message: dict has unexpected extra key(s): "graph_rag_examples", "intermediate_generations", "knowledge_base_ensemble_or_model_name", "model_seed", "model_temp", "model_top_p", "number_of_graph_rag_examples", "number_of_vector_based_rag_examples", "political_position_prob_of_na", "political_position_range", "political_position_std", "speaker_model_name", "speaker_type", "vector_based_persona_string", "vector_based_persona_sys_prompt"
[2025-10-30 16:03:28,999] [INFO] Correct state used; State of type GenerationAgentsState; 'IGNORE THE ABOVE ERRORS'.
[2025-10-30 16:03:29,406] [INFO] 'commitment_update' completed '___Claim___' update for current speaker's commitments; MODEL = 'mistral-medium'.
[2025-10-30 16:03:30,650] [INFO] 'commitment_update' completed '___Claim___' update for current speaker's commitments; MODEL = 'mistral-medium'.
[2025-10-30 16:03:30,720] [ERROR] Wrong state used; State of type HumanState; error message: dict has unexpected extra key(s): "graph_rag_examples", "intermediate_generations", "knowledge_base_ensemble_or_model_name", "model_seed", "model_temp", "model_top_p", "number_of_graph_rag_examples", "number_of_vector_based_rag_examples", "political_position_prob_of_na", "political_position_range", "political_position_std", "speaker_model_name", "speaker_type", "vector_based_persona_string", "vector_based_persona_sys_prompt"
[2025-10-30 16:03:30,720] [INFO] Correct state used; State of type GenerationAgentsState; 'IGNORE THE ABOVE ERRORS'.
[2025-10-30 16:03:30,720] [INFO] ENTER: 'UtteranceClassificationAgent' calling '_classify_sentence_utterance_types'; CURRENT SPEAKER: grok-4_mas_rag, DIALOGUE TURN NUM = 2.
[2025-10-30 16:03:31,317] [INFO] 'UtteranceClassificationAgent' completion returned and validated from MODEL = 'ModelName.GROK_4'.
[2025-10-30 16:03:31,857] [INFO] 'UtteranceClassificationAgent' completion returned and validated from MODEL = 'ModelName.GROK_4'.
[2025-10-30 16:03:32,433] [INFO] 'UtteranceClassificationAgent' completion returned and validated from MODEL = 'ModelName.GROK_4'.
[2025-10-30 16:03:33,069] [INFO] 'UtteranceClassificationAgent' completion returned and validated from MODEL = 'ModelName.GROK_4'.
[2025-10-30 16:03:33,069] [INFO] EXIT: 'UtteranceClassificationAgent' calling '_classify_sentence_utterance_types' (2.3489151000976562 secs).
[2025-10-30 16:03:33,069] [INFO] ENTER: 'UtteranceClassificationAgent' calling 'return_classified_sentences'; CURRENT SPEAKER: grok-4_mas_rag, DIALOGUE TURN NUM = 2.
[2025-10-30 16:03:33,069] [INFO] EXIT: 'UtteranceClassificationAgent' calling 'return_classified_sentences' (1.6689300537109375e-06 secs).
[2025-10-30 16:03:33,089] [INFO] ENTER: 'GraphRAG' calling 'why'; CURRENT SPEAKER: grok-4_mas_rag, DIALOGUE TURN NUM = 2.
[2025-10-30 16:03:33,089] [INFO] ENTER: 'GraphRAG' calling 'query_graph'; CURRENT SPEAKER: grok-4_mas_rag, DIALOGUE TURN NUM = 2.
[2025-10-30 16:03:33,804] [INFO] EXIT: 'GraphRAG' calling 'query_graph' (0.7149014472961426 secs).
[2025-10-30 16:03:33,804] [INFO] EXIT: 'GraphRAG' calling 'why' (0.7153279781341553 secs).
[2025-10-30 16:03:33,804] [INFO] ENTER: 'GraphRAG' calling 'claim_negation'; CURRENT SPEAKER: grok-4_mas_rag, DIALOGUE TURN NUM = 2.
[2025-10-30 16:03:33,804] [INFO] ENTER: 'GraphRAG' calling 'query_graph'; CURRENT SPEAKER: grok-4_mas_rag, DIALOGUE TURN NUM = 2.
[2025-10-30 16:03:34,494] [INFO] EXIT: 'GraphRAG' calling 'query_graph' (0.6890919208526611 secs).
[2025-10-30 16:03:34,494] [INFO] EXIT: 'GraphRAG' calling 'claim_negation' (0.6895401477813721 secs).
[2025-10-30 16:03:34,494] [INFO] ENTER: 'GraphRAG' calling 'concede'; CURRENT SPEAKER: grok-4_mas_rag, DIALOGUE TURN NUM = 2.
[2025-10-30 16:03:34,494] [INFO] ENTER: 'GraphRAG' calling 'query_graph'; CURRENT SPEAKER: grok-4_mas_rag, DIALOGUE TURN NUM = 2.
[2025-10-30 16:03:35,212] [INFO] EXIT: 'GraphRAG' calling 'query_graph' (0.7182257175445557 secs).
[2025-10-30 16:03:35,212] [INFO] EXIT: 'GraphRAG' calling 'concede' (0.718641996383667 secs).
[2025-10-30 16:03:35,212] [INFO] ENTER: 'GraphRAG' calling 'question'; CURRENT SPEAKER: grok-4_mas_rag, DIALOGUE TURN NUM = 2.
[2025-10-30 16:03:35,213] [INFO] ENTER: 'GraphRAG' calling 'query_graph'; CURRENT SPEAKER: grok-4_mas_rag, DIALOGUE TURN NUM = 2.
[2025-10-30 16:03:35,354] [INFO] EXIT: 'GraphRAG' calling 'query_graph' (0.140641450881958 secs).
[2025-10-30 16:03:35,354] [INFO] EXIT: 'GraphRAG' calling 'question' (0.14150428771972656 secs).
[2025-10-30 16:03:35,370] [INFO] ENTER: 'GraphRAG' calling 'why'; CURRENT SPEAKER: grok-4_mas_rag, DIALOGUE TURN NUM = 2.
[2025-10-30 16:03:35,370] [INFO] ENTER: 'GraphRAG' calling 'query_graph'; CURRENT SPEAKER: grok-4_mas_rag, DIALOGUE TURN NUM = 2.
[2025-10-30 16:03:36,086] [INFO] EXIT: 'GraphRAG' calling 'query_graph' (0.7159440517425537 secs).
[2025-10-30 16:03:36,087] [INFO] EXIT: 'GraphRAG' calling 'why' (0.7164239883422852 secs).
[2025-10-30 16:03:36,087] [INFO] ENTER: 'GraphRAG' calling 'claim_negation'; CURRENT SPEAKER: grok-4_mas_rag, DIALOGUE TURN NUM = 2.
[2025-10-30 16:03:36,087] [INFO] ENTER: 'GraphRAG' calling 'query_graph'; CURRENT SPEAKER: grok-4_mas_rag, DIALOGUE TURN NUM = 2.
[2025-10-30 16:03:36,777] [INFO] EXIT: 'GraphRAG' calling 'query_graph' (0.6899831295013428 secs).
[2025-10-30 16:03:36,777] [INFO] EXIT: 'GraphRAG' calling 'claim_negation' (0.6904611587524414 secs).
[2025-10-30 16:03:36,777] [INFO] ENTER: 'GraphRAG' calling 'concede'; CURRENT SPEAKER: grok-4_mas_rag, DIALOGUE TURN NUM = 2.
[2025-10-30 16:03:36,778] [INFO] ENTER: 'GraphRAG' calling 'query_graph'; CURRENT SPEAKER: grok-4_mas_rag, DIALOGUE TURN NUM = 2.
[2025-10-30 16:03:37,497] [INFO] EXIT: 'GraphRAG' calling 'query_graph' (0.7194149494171143 secs).
[2025-10-30 16:03:37,497] [INFO] EXIT: 'GraphRAG' calling 'concede' (0.7198367118835449 secs).
[2025-10-30 16:03:37,497] [INFO] ENTER: 'GraphRAG' calling 'question'; CURRENT SPEAKER: grok-4_mas_rag, DIALOGUE TURN NUM = 2.
[2025-10-30 16:03:37,497] [INFO] ENTER: 'GraphRAG' calling 'query_graph'; CURRENT SPEAKER: grok-4_mas_rag, DIALOGUE TURN NUM = 2.
[2025-10-30 16:03:37,626] [INFO] EXIT: 'GraphRAG' calling 'query_graph' (0.12825536727905273 secs).
[2025-10-30 16:03:37,626] [INFO] EXIT: 'GraphRAG' calling 'question' (0.12868118286132812 secs).
[2025-10-30 16:03:37,642] [INFO] ENTER: 'GraphRAG' calling 'since'; CURRENT SPEAKER: grok-4_mas_rag, DIALOGUE TURN NUM = 2.
[2025-10-30 16:03:37,643] [INFO] ENTER: 'GraphRAG' calling 'query_graph'; CURRENT SPEAKER: grok-4_mas_rag, DIALOGUE TURN NUM = 2.
[2025-10-30 16:03:37,663] [INFO] EXIT: 'GraphRAG' calling 'query_graph' (0.02049088478088379 secs).
[2025-10-30 16:03:37,663] [INFO] EXIT: 'GraphRAG' calling 'since' (0.0208282470703125 secs).
[2025-10-30 16:03:37,663] [INFO] ENTER: 'GraphRAG' calling 'claim'; CURRENT SPEAKER: grok-4_mas_rag, DIALOGUE TURN NUM = 2.
[2025-10-30 16:03:37,664] [INFO] ENTER: 'GraphRAG' calling 'query_graph'; CURRENT SPEAKER: grok-4_mas_rag, DIALOGUE TURN NUM = 2.
[2025-10-30 16:03:37,680] [INFO] EXIT: 'GraphRAG' calling 'query_graph' (0.015969514846801758 secs).
[2025-10-30 16:03:37,680] [INFO] EXIT: 'GraphRAG' calling 'claim' (0.016357898712158203 secs).
[2025-10-30 16:03:37,696] [INFO] ENTER: 'GraphRAG' calling 'since'; CURRENT SPEAKER: grok-4_mas_rag, DIALOGUE TURN NUM = 2.
[2025-10-30 16:03:37,696] [INFO] ENTER: 'GraphRAG' calling 'query_graph'; CURRENT SPEAKER: grok-4_mas_rag, DIALOGUE TURN NUM = 2.
[2025-10-30 16:03:37,717] [INFO] EXIT: 'GraphRAG' calling 'query_graph' (0.020320892333984375 secs).
[2025-10-30 16:03:37,717] [INFO] EXIT: 'GraphRAG' calling 'since' (0.020684242248535156 secs).
[2025-10-30 16:03:37,717] [INFO] ENTER: 'GraphRAG' calling 'claim'; CURRENT SPEAKER: grok-4_mas_rag, DIALOGUE TURN NUM = 2.
[2025-10-30 16:03:37,717] [INFO] ENTER: 'GraphRAG' calling 'query_graph'; CURRENT SPEAKER: grok-4_mas_rag, DIALOGUE TURN NUM = 2.
[2025-10-30 16:03:37,732] [INFO] EXIT: 'GraphRAG' calling 'query_graph' (0.015288591384887695 secs).
[2025-10-30 16:03:37,732] [INFO] EXIT: 'GraphRAG' calling 'claim' (0.01564311981201172 secs).
[2025-10-30 16:03:37,732] [INFO] ENTER: 'GraphRAG' calling 'return_rag_examples'; CURRENT SPEAKER: grok-4_mas_rag, DIALOGUE TURN NUM = 2.
[2025-10-30 16:03:37,733] [INFO] EXIT: 'GraphRAG' calling 'return_rag_examples' (2.1457672119140625e-06 secs).
[2025-10-30 16:03:37,735] [INFO] ENTER: 'DialogueMoveGenerator' calling 'generate'; CURRENT SPEAKER: grok-4_mas_rag, DIALOGUE TURN NUM = 2.
[2025-10-30 16:03:37,735] [INFO] ENTER: 'DialogueMoveGenerator' calling 'generate'; CURRENT SPEAKER: grok-4_mas_rag, DIALOGUE TURN NUM = 2.
[2025-10-30 16:03:37,736] [INFO] ENTER: 'MASPromptGenerator' calling 'claim'; CURRENT SPEAKER: grok-4_mas_rag, DIALOGUE TURN NUM = 2.
[2025-10-30 16:03:37,736] [INFO] ENTER: 'MASPromptGenerator' calling 'claim_negation'; CURRENT SPEAKER: grok-4_mas_rag, DIALOGUE TURN NUM = 2.
[2025-10-30 16:03:37,736] [INFO] EXIT: 'MASPromptGenerator' calling 'claim' (3.1948089599609375e-05 secs).
[2025-10-30 16:03:37,736] [INFO] ENTER: 'DialogueMoveGenerator' calling 'generate'; CURRENT SPEAKER: grok-4_mas_rag, DIALOGUE TURN NUM = 2.
[2025-10-30 16:03:37,737] [INFO] ENTER: 'DialogueMoveGenerator' calling 'generate'; CURRENT SPEAKER: grok-4_mas_rag, DIALOGUE TURN NUM = 2.
[2025-10-30 16:03:37,737] [INFO] EXIT: 'MASPromptGenerator' calling 'claim_negation' (3.457069396972656e-05 secs).
[2025-10-30 16:03:37,737] [INFO] ENTER: 'DialogueMoveGenerator' calling 'generate'; CURRENT SPEAKER: grok-4_mas_rag, DIALOGUE TURN NUM = 2.
[2025-10-30 16:03:37,739] [INFO] ENTER: 'MASPromptGenerator' calling 'retract_claim'; CURRENT SPEAKER: grok-4_mas_rag, DIALOGUE TURN NUM = 2.
[2025-10-30 16:03:37,738] [INFO] ENTER: 'MASPromptGenerator' calling 'concede_claim'; CURRENT SPEAKER: grok-4_mas_rag, DIALOGUE TURN NUM = 2.
[2025-10-30 16:03:37,738] [INFO] ENTER: 'DialogueMoveGenerator' calling 'generate'; CURRENT SPEAKER: grok-4_mas_rag, DIALOGUE TURN NUM = 2.
[2025-10-30 16:03:37,738] [INFO] ENTER: 'MASPromptGenerator' calling 'question_claim'; CURRENT SPEAKER: grok-4_mas_rag, DIALOGUE TURN NUM = 2.
[2025-10-30 16:03:37,737] [INFO] ENTER: 'DialogueMoveGenerator' calling 'generate'; CURRENT SPEAKER: grok-4_mas_rag, DIALOGUE TURN NUM = 2.
[2025-10-30 16:03:37,739] [INFO] EXIT: 'MASPromptGenerator' calling 'retract_claim' (2.193450927734375e-05 secs).
[2025-10-30 16:03:37,739] [INFO] EXIT: 'MASPromptGenerator' calling 'concede_claim' (2.193450927734375e-05 secs).
[2025-10-30 16:03:37,739] [INFO] ENTER: 'MASPromptGenerator' calling 'why_claim'; CURRENT SPEAKER: grok-4_mas_rag, DIALOGUE TURN NUM = 2.
[2025-10-30 16:03:37,740] [INFO] EXIT: 'MASPromptGenerator' calling 'question_claim' (2.2649765014648438e-05 secs).
[2025-10-30 16:03:37,740] [INFO] ENTER: 'MASPromptGenerator' calling 'since_claim'; CURRENT SPEAKER: grok-4_mas_rag, DIALOGUE TURN NUM = 2.
[2025-10-30 16:03:37,740] [INFO] EXIT: 'MASPromptGenerator' calling 'why_claim' (2.4557113647460938e-05 secs).
[2025-10-30 16:03:37,741] [INFO] EXIT: 'MASPromptGenerator' calling 'since_claim' (2.1457672119140625e-05 secs).
[2025-10-30 16:03:39,359] [INFO] Completion returned and validated from MODEL = 'grok-4'.
[2025-10-30 16:03:39,416] [INFO] Completion returned and validated from MODEL = 'grok-4'.
[2025-10-30 16:03:39,434] [INFO] Completion returned and validated from MODEL = 'grok-4'.
[2025-10-30 16:03:39,470] [INFO] Completion returned and validated from MODEL = 'grok-4'.
[2025-10-30 16:03:39,480] [INFO] Completion returned and validated from MODEL = 'grok-4'.
[2025-10-30 16:03:39,624] [INFO] Completion returned and validated from MODEL = 'grok-4'.
[2025-10-30 16:03:39,645] [INFO] Completion returned and validated from MODEL = 'grok-4'.
[2025-10-30 16:03:41,055] [INFO] Completion returned and validated from MODEL = 'grok-4'.
[2025-10-30 16:03:41,055] [INFO] EXIT: 'DialogueMoveGenerator' calling 'generate' (3.3154478073120117 secs).
[2025-10-30 16:03:41,161] [INFO] Completion returned and validated from MODEL = 'grok-4'.
[2025-10-30 16:03:41,161] [INFO] EXIT: 'DialogueMoveGenerator' calling 'generate' (3.4221034049987793 secs).
[2025-10-30 16:03:41,204] [INFO] Completion returned and validated from MODEL = 'grok-4'.
[2025-10-30 16:03:41,204] [INFO] EXIT: 'DialogueMoveGenerator' calling 'generate' (3.4662039279937744 secs).
[2025-10-30 16:03:41,352] [INFO] Completion returned and validated from MODEL = 'grok-4'.
[2025-10-30 16:03:41,352] [INFO] EXIT: 'DialogueMoveGenerator' calling 'generate' (3.6141390800476074 secs).
[2025-10-30 16:03:41,406] [INFO] Completion returned and validated from MODEL = 'grok-4'.
[2025-10-30 16:03:41,406] [INFO] EXIT: 'DialogueMoveGenerator' calling 'generate' (3.6664512157440186 secs).
[2025-10-30 16:03:41,419] [INFO] Completion returned and validated from MODEL = 'grok-4'.
[2025-10-30 16:03:41,419] [INFO] EXIT: 'DialogueMoveGenerator' calling 'generate' (3.683595895767212 secs).
[2025-10-30 16:03:41,632] [INFO] Completion returned and validated from MODEL = 'grok-4'.
[2025-10-30 16:03:41,632] [INFO] EXIT: 'DialogueMoveGenerator' calling 'generate' (3.8968915939331055 secs).
[2025-10-30 16:03:41,633] [INFO] ENTER: 'MASPromptGenerator' calling 'persuasiveness_choice'; CURRENT SPEAKER: grok-4_mas_rag, DIALOGUE TURN NUM = 2.
[2025-10-30 16:03:41,633] [INFO] EXIT: 'MASPromptGenerator' calling 'persuasiveness_choice' (0.00012087821960449219 secs).
[2025-10-30 16:03:43,555] [INFO] Completion returned and validated within 'PersuasivenessChoiceAgent'; MODEL = 'grok-4'; DIALOGUE TURN NUM = 2.
[2025-10-30 16:03:45,184] [INFO] Completion returned and validated within 'PersuasivenessChoiceAgent'; MODEL = 'grok-4'; DIALOGUE TURN NUM = 2.
[2025-10-30 16:03:47,317] [INFO] Completion returned and validated within 'PersuasivenessChoiceAgent'; MODEL = 'grok-4'; DIALOGUE TURN NUM = 2.
[2025-10-30 16:03:49,661] [INFO] Completion returned and validated within 'PersuasivenessChoiceAgent'; MODEL = 'grok-4'; DIALOGUE TURN NUM = 2.
[2025-10-30 16:03:49,661] [INFO] ENTER: 'DisambiguationAgent' calling '_grouping_similar_utterance_types'; CURRENT SPEAKER: grok-4_mas_rag, DIALOGUE TURN NUM = 2.
[2025-10-30 16:03:49,661] [INFO] EXIT: 'DisambiguationAgent' calling '_grouping_similar_utterance_types' (9.775161743164062e-06 secs).
[2025-10-30 16:03:49,661] [INFO] ENTER: 'DisambiguationAgent' calling '_identifying_similar_sentences_and_choosing_one_to_return_to_user'; CURRENT SPEAKER: grok-4_mas_rag, DIALOGUE TURN NUM = 2.
[2025-10-30 16:03:55,963] [INFO] 'DisambiguationAgent' grouped similar sentences, completion returned and validated; MODEL = 'grok-4'.
[2025-10-30 16:03:57,417] [INFO] 'DisambiguationAgent' chose sentences to remove, completion returned and validated from MODEL = 'grok-4'.
[2025-10-30 16:03:58,374] [INFO] 'DisambiguationAgent' chose sentences to remove, completion returned and validated from MODEL = 'grok-4'.
[2025-10-30 16:03:59,226] [INFO] 'DisambiguationAgent' chose sentences to remove, completion returned and validated from MODEL = 'grok-4'.
[2025-10-30 16:03:59,226] [INFO] EXIT: 'DisambiguationAgent' calling '_identifying_similar_sentences_and_choosing_one_to_return_to_user' (9.565165519714355 secs).
[2025-10-30 16:03:59,226] [INFO] ENTER: 'DisambiguationAgent' calling '_identifying_similar_sentences_and_choosing_one_to_return_to_user'; CURRENT SPEAKER: grok-4_mas_rag, DIALOGUE TURN NUM = 2.
[2025-10-30 16:04:00,190] [INFO] 'DisambiguationAgent' grouped similar sentences, completion returned and validated; MODEL = 'grok-4'.
[2025-10-30 16:04:01,023] [INFO] 'DisambiguationAgent' chose sentences to remove, completion returned and validated from MODEL = 'grok-4'.
[2025-10-30 16:04:01,023] [INFO] EXIT: 'DisambiguationAgent' calling '_identifying_similar_sentences_and_choosing_one_to_return_to_user' (1.7965717315673828 secs).
[2025-10-30 16:04:01,023] [INFO] ENTER: 'DisambiguationAgent' calling '_removing_repetitive_sentences'; CURRENT SPEAKER: grok-4_mas_rag, DIALOGUE TURN NUM = 2.
[2025-10-30 16:04:01,023] [INFO] EXIT: 'DisambiguationAgent' calling '_removing_repetitive_sentences' (1.5735626220703125e-05 secs).
[2025-10-30 16:04:01,023] [INFO] ENTER: 'DisambiguationAgent' calling '_choose_the_most_persuasive_sentences'; CURRENT SPEAKER: grok-4_mas_rag, DIALOGUE TURN NUM = 2.
[2025-10-30 16:04:07,721] [INFO] 'DisambiguationAgent': reached maximum allowed sentences, succussfully chose most persuasive sentences, completion returned and validated from MODEL = 'grok-4'.
[2025-10-30 16:04:07,721] [INFO] EXIT: 'DisambiguationAgent' calling '_choose_the_most_persuasive_sentences' (6.698074102401733 secs).
[2025-10-30 16:04:07,721] [INFO] ENTER: 'DisambiguationAgent' calling 'return_disambiguated_sentences'; CURRENT SPEAKER: grok-4_mas_rag, DIALOGUE TURN NUM = 2.
[2025-10-30 16:04:07,721] [INFO] EXIT: 'DisambiguationAgent' calling 'return_disambiguated_sentences' (2.6226043701171875e-06 secs).
[2025-10-30 16:04:07,722] [ERROR] Wrong state used; State of type HumanState; error message: dict has unexpected extra key(s): "graph_rag_examples", "intermediate_generations", "knowledge_base_ensemble_or_model_name", "model_seed", "model_temp", "model_top_p", "number_of_graph_rag_examples", "number_of_vector_based_rag_examples", "political_position_prob_of_na", "political_position_range", "political_position_std", "speaker_model_name", "speaker_type", "vector_based_persona_string", "vector_based_persona_sys_prompt"
[2025-10-30 16:04:07,722] [INFO] Correct state used; State of type GenerationAgentsState; 'IGNORE THE ABOVE ERRORS'.
[2025-10-30 16:04:08,291] [INFO] 'commitment_update' completed '___Claim___' update for current speaker's commitments; MODEL = 'grok-4'.
[2025-10-30 16:04:08,816] [INFO] 'commitment_update' completed '___Claim___' update for current speaker's commitments; MODEL = 'grok-4'.
[2025-10-30 16:04:09,440] [INFO] 'commitment_update' completed '___Since___' update; MODEL = 'grok-4'.
[2025-10-30 16:04:09,518] [ERROR] Wrong state used; State of type HumanState; error message: dict has unexpected extra key(s): "graph_rag_examples", "intermediate_generations", "knowledge_base_ensemble_or_model_name", "model_seed", "model_temp", "model_top_p", "number_of_graph_rag_examples", "number_of_vector_based_rag_examples", "political_position_prob_of_na", "political_position_range", "political_position_std", "speaker_model_name", "speaker_type", "vector_based_persona_string", "vector_based_persona_sys_prompt"
[2025-10-30 16:04:09,519] [INFO] Correct state used; State of type GenerationAgentsState; 'IGNORE THE ABOVE ERRORS'.
[2025-10-30 16:04:09,519] [INFO] ENTER: 'UtteranceClassificationAgent' calling '_classify_sentence_utterance_types'; CURRENT SPEAKER: mistral-medium_mas, DIALOGUE TURN NUM = 3.
[2025-10-30 16:04:09,936] [INFO] 'UtteranceClassificationAgent' completion returned and validated from MODEL = 'ModelName.MISTRAL_MEDIUM'.
[2025-10-30 16:04:10,399] [INFO] 'UtteranceClassificationAgent' completion returned and validated from MODEL = 'ModelName.MISTRAL_MEDIUM'.
[2025-10-30 16:04:46,843] [INFO] 'UtteranceClassificationAgent' completion returned and validated from MODEL = 'ModelName.MISTRAL_MEDIUM'.
[2025-10-30 16:04:47,284] [INFO] 'UtteranceClassificationAgent' completion returned and validated from MODEL = 'ModelName.MISTRAL_MEDIUM'.
[2025-10-30 16:04:48,394] [INFO] 'UtteranceClassificationAgent' completion returned and validated from MODEL = 'ModelName.MISTRAL_MEDIUM'.
[2025-10-30 16:04:49,273] [INFO] 'UtteranceClassificationAgent' completion returned and validated from MODEL = 'ModelName.MISTRAL_MEDIUM'.
[2025-10-30 16:04:50,868] [INFO] 'UtteranceClassificationAgent' completion returned and validated from MODEL = 'ModelName.MISTRAL_MEDIUM'.
[2025-10-30 16:04:50,868] [INFO] EXIT: 'UtteranceClassificationAgent' calling '_classify_sentence_utterance_types' (41.348894119262695 secs).
[2025-10-30 16:04:50,868] [INFO] ENTER: 'UtteranceClassificationAgent' calling 'return_classified_sentences'; CURRENT SPEAKER: mistral-medium_mas, DIALOGUE TURN NUM = 3.
[2025-10-30 16:04:50,868] [INFO] EXIT: 'UtteranceClassificationAgent' calling 'return_classified_sentences' (1.9073486328125e-06 secs).
[2025-10-30 16:04:50,870] [INFO] ENTER: 'DialogueMoveGenerator' calling 'generate'; CURRENT SPEAKER: mistral-medium_mas, DIALOGUE TURN NUM = 3.
[2025-10-30 16:04:50,871] [INFO] ENTER: 'DialogueMoveGenerator' calling 'generate'; CURRENT SPEAKER: mistral-medium_mas, DIALOGUE TURN NUM = 3.
[2025-10-30 16:04:50,871] [INFO] ENTER: 'MASPromptGenerator' calling 'claim'; CURRENT SPEAKER: mistral-medium_mas, DIALOGUE TURN NUM = 3.
[2025-10-30 16:04:50,871] [INFO] ENTER: 'DialogueMoveGenerator' calling 'generate'; CURRENT SPEAKER: mistral-medium_mas, DIALOGUE TURN NUM = 3.
[2025-10-30 16:04:50,871] [INFO] ENTER: 'DialogueMoveGenerator' calling 'generate'; CURRENT SPEAKER: mistral-medium_mas, DIALOGUE TURN NUM = 3.
[2025-10-30 16:04:50,872] [INFO] ENTER: 'DialogueMoveGenerator' calling 'generate'; CURRENT SPEAKER: mistral-medium_mas, DIALOGUE TURN NUM = 3.
[2025-10-30 16:04:50,872] [INFO] ENTER: 'MASPromptGenerator' calling 'concede_claim'; CURRENT SPEAKER: mistral-medium_mas, DIALOGUE TURN NUM = 3.
[2025-10-30 16:04:50,872] [INFO] EXIT: 'MASPromptGenerator' calling 'claim' (4.458427429199219e-05 secs).
[2025-10-30 16:04:50,872] [INFO] ENTER: 'DialogueMoveGenerator' calling 'generate'; CURRENT SPEAKER: mistral-medium_mas, DIALOGUE TURN NUM = 3.
[2025-10-30 16:04:50,873] [INFO] ENTER: 'MASPromptGenerator' calling 'question_claim'; CURRENT SPEAKER: mistral-medium_mas, DIALOGUE TURN NUM = 3.
[2025-10-30 16:04:50,875] [INFO] ENTER: 'MASPromptGenerator' calling 'retract_claim'; CURRENT SPEAKER: mistral-medium_mas, DIALOGUE TURN NUM = 3.
[2025-10-30 16:04:50,875] [INFO] ENTER: 'MASPromptGenerator' calling 'since_claim'; CURRENT SPEAKER: mistral-medium_mas, DIALOGUE TURN NUM = 3.
[2025-10-30 16:04:50,875] [INFO] EXIT: 'MASPromptGenerator' calling 'concede_claim' (3.2901763916015625e-05 secs).
[2025-10-30 16:04:50,877] [INFO] ENTER: 'MASPromptGenerator' calling 'why_claim'; CURRENT SPEAKER: mistral-medium_mas, DIALOGUE TURN NUM = 3.
[2025-10-30 16:04:50,877] [INFO] EXIT: 'MASPromptGenerator' calling 'question_claim' (2.3603439331054688e-05 secs).
[2025-10-30 16:04:50,878] [INFO] EXIT: 'MASPromptGenerator' calling 'retract_claim' (2.09808349609375e-05 secs).
[2025-10-30 16:04:50,878] [INFO] EXIT: 'MASPromptGenerator' calling 'since_claim' (2.8848648071289062e-05 secs).
[2025-10-30 16:04:50,878] [INFO] EXIT: 'MASPromptGenerator' calling 'why_claim' (2.3365020751953125e-05 secs).
[2025-10-30 16:04:53,700] [INFO] Completion returned and validated from MODEL = 'mistral-medium'.
[2025-10-30 16:04:54,501] [INFO] Completion returned and validated from MODEL = 'mistral-medium'.
[2025-10-30 16:04:56,574] [INFO] Completion returned and validated from MODEL = 'mistral-medium'.
[2025-10-30 16:04:56,574] [INFO] EXIT: 'DialogueMoveGenerator' calling 'generate' (5.702919244766235 secs).
[2025-10-30 16:04:58,252] [INFO] Completion returned and validated from MODEL = 'mistral-medium'.
[2025-10-30 16:04:58,633] [INFO] Completion returned and validated from MODEL = 'mistral-medium'.
[2025-10-30 16:04:58,691] [INFO] Completion returned and validated from MODEL = 'mistral-medium'.
[2025-10-30 16:04:58,815] [INFO] Completion returned and validated from MODEL = 'mistral-medium'.
[2025-10-30 16:04:58,869] [INFO] Completion returned and validated from MODEL = 'mistral-medium'.
[2025-10-30 16:05:00,740] [INFO] Completion returned and validated from MODEL = 'mistral-medium'.
[2025-10-30 16:05:01,127] [INFO] Completion returned and validated from MODEL = 'mistral-medium'.
[2025-10-30 16:05:02,593] [INFO] Completion returned and validated from MODEL = 'mistral-medium'.
[2025-10-30 16:05:02,676] [INFO] Completion returned and validated from MODEL = 'mistral-medium'.
[2025-10-30 16:05:04,597] [INFO] Completion returned and validated from MODEL = 'mistral-medium'.
[2025-10-30 16:05:05,780] [INFO] Completion returned and validated from MODEL = 'mistral-medium'.
[2025-10-30 16:05:06,221] [INFO] Completion returned and validated from MODEL = 'mistral-medium'.
[2025-10-30 16:05:06,221] [INFO] EXIT: 'DialogueMoveGenerator' calling 'generate' (15.34393835067749 secs).
[2025-10-30 16:05:06,505] [INFO] Completion returned and validated from MODEL = 'mistral-medium'.
[2025-10-30 16:05:06,505] [INFO] EXIT: 'DialogueMoveGenerator' calling 'generate' (15.630858182907104 secs).
[2025-10-30 16:05:06,780] [INFO] Completion returned and validated from MODEL = 'mistral-medium'.
[2025-10-30 16:05:06,780] [INFO] EXIT: 'DialogueMoveGenerator' calling 'generate' (15.905516147613525 secs).
[2025-10-30 16:05:07,042] [INFO] Completion returned and validated from MODEL = 'mistral-medium'.
[2025-10-30 16:05:07,042] [INFO] EXIT: 'DialogueMoveGenerator' calling 'generate' (16.16829490661621 secs).
[2025-10-30 16:05:07,266] [INFO] Completion returned and validated from MODEL = 'mistral-medium'.
[2025-10-30 16:05:09,215] [INFO] Completion returned and validated from MODEL = 'mistral-medium'.
[2025-10-30 16:05:11,023] [INFO] Completion returned and validated from MODEL = 'mistral-medium'.
[2025-10-30 16:05:11,024] [INFO] EXIT: 'DialogueMoveGenerator' calling 'generate' (20.151710748672485 secs).
[2025-10-30 16:05:11,024] [INFO] ENTER: 'MASPromptGenerator' calling 'persuasiveness_choice'; CURRENT SPEAKER: mistral-medium_mas, DIALOGUE TURN NUM = 3.
[2025-10-30 16:05:11,025] [INFO] EXIT: 'MASPromptGenerator' calling 'persuasiveness_choice' (0.00015401840209960938 secs).
[2025-10-30 16:05:15,801] [INFO] Completion returned and validated within 'PersuasivenessChoiceAgent'; MODEL = 'mistral-medium'; DIALOGUE TURN NUM = 3.
[2025-10-30 16:05:25,943] [INFO] Completion returned and validated within 'PersuasivenessChoiceAgent'; MODEL = 'mistral-medium'; DIALOGUE TURN NUM = 3.
[2025-10-30 16:05:28,436] [INFO] Completion returned and validated within 'PersuasivenessChoiceAgent'; MODEL = 'mistral-medium'; DIALOGUE TURN NUM = 3.
[2025-10-30 16:05:30,964] [INFO] Completion returned and validated within 'PersuasivenessChoiceAgent'; MODEL = 'mistral-medium'; DIALOGUE TURN NUM = 3.
[2025-10-30 16:05:32,978] [INFO] Completion returned and validated within 'PersuasivenessChoiceAgent'; MODEL = 'mistral-medium'; DIALOGUE TURN NUM = 3.
[2025-10-30 16:05:35,495] [INFO] Completion returned and validated within 'PersuasivenessChoiceAgent'; MODEL = 'mistral-medium'; DIALOGUE TURN NUM = 3.
[2025-10-30 16:05:37,741] [INFO] Completion returned and validated within 'PersuasivenessChoiceAgent'; MODEL = 'mistral-medium'; DIALOGUE TURN NUM = 3.
[2025-10-30 16:05:37,742] [INFO] ENTER: 'DisambiguationAgent' calling '_grouping_similar_utterance_types'; CURRENT SPEAKER: mistral-medium_mas, DIALOGUE TURN NUM = 3.
[2025-10-30 16:05:37,742] [INFO] EXIT: 'DisambiguationAgent' calling '_grouping_similar_utterance_types' (9.775161743164062e-06 secs).
[2025-10-30 16:05:37,742] [INFO] ENTER: 'DisambiguationAgent' calling '_identifying_similar_sentences_and_choosing_one_to_return_to_user'; CURRENT SPEAKER: mistral-medium_mas, DIALOGUE TURN NUM = 3.
[2025-10-30 16:05:40,677] [INFO] 'DisambiguationAgent' grouped similar sentences, completion returned and validated; MODEL = 'mistral-medium'.
[2025-10-30 16:05:41,567] [INFO] 'DisambiguationAgent' chose sentences to remove, completion returned and validated from MODEL = 'mistral-medium'.
[2025-10-30 16:05:42,597] [INFO] 'DisambiguationAgent' chose sentences to remove, completion returned and validated from MODEL = 'mistral-medium'.
[2025-10-30 16:05:42,597] [INFO] EXIT: 'DisambiguationAgent' calling '_identifying_similar_sentences_and_choosing_one_to_return_to_user' (4.854815244674683 secs).
[2025-10-30 16:05:42,597] [INFO] ENTER: 'DisambiguationAgent' calling '_identifying_similar_sentences_and_choosing_one_to_return_to_user'; CURRENT SPEAKER: mistral-medium_mas, DIALOGUE TURN NUM = 3.
[2025-10-30 16:05:49,583] [INFO] 'DisambiguationAgent' grouped similar sentences, completion returned and validated; MODEL = 'mistral-medium'.
[2025-10-30 16:05:50,698] [INFO] 'DisambiguationAgent' chose sentences to remove, completion returned and validated from MODEL = 'mistral-medium'.
[2025-10-30 16:05:52,006] [INFO] 'DisambiguationAgent' chose sentences to remove, completion returned and validated from MODEL = 'mistral-medium'.
[2025-10-30 16:05:52,844] [INFO] 'DisambiguationAgent' chose sentences to remove, completion returned and validated from MODEL = 'mistral-medium'.
[2025-10-30 16:05:54,069] [INFO] 'DisambiguationAgent' chose sentences to remove, completion returned and validated from MODEL = 'mistral-medium'.
[2025-10-30 16:06:00,276] [INFO] 'DisambiguationAgent' chose sentences to remove, completion returned and validated from MODEL = 'mistral-medium'.
[2025-10-30 16:06:00,276] [INFO] EXIT: 'DisambiguationAgent' calling '_identifying_similar_sentences_and_choosing_one_to_return_to_user' (17.679009675979614 secs).
[2025-10-30 16:06:00,276] [INFO] ENTER: 'DisambiguationAgent' calling '_removing_repetitive_sentences'; CURRENT SPEAKER: mistral-medium_mas, DIALOGUE TURN NUM = 3.
[2025-10-30 16:06:00,276] [INFO] EXIT: 'DisambiguationAgent' calling '_removing_repetitive_sentences' (1.8596649169921875e-05 secs).
[2025-10-30 16:06:00,276] [INFO] ENTER: 'DisambiguationAgent' calling '_choose_the_most_persuasive_sentences'; CURRENT SPEAKER: mistral-medium_mas, DIALOGUE TURN NUM = 3.
[2025-10-30 16:06:05,143] [INFO] 'DisambiguationAgent': reached maximum allowed sentences, succussfully chose most persuasive sentences, completion returned and validated from MODEL = 'mistral-medium'.
[2025-10-30 16:06:05,143] [INFO] EXIT: 'DisambiguationAgent' calling '_choose_the_most_persuasive_sentences' (4.867114543914795 secs).
[2025-10-30 16:06:05,143] [INFO] ENTER: 'DisambiguationAgent' calling 'return_disambiguated_sentences'; CURRENT SPEAKER: mistral-medium_mas, DIALOGUE TURN NUM = 3.
[2025-10-30 16:06:05,143] [INFO] EXIT: 'DisambiguationAgent' calling 'return_disambiguated_sentences' (2.1457672119140625e-06 secs).
[2025-10-30 16:06:05,144] [ERROR] Wrong state used; State of type HumanState; error message: dict has unexpected extra key(s): "graph_rag_examples", "intermediate_generations", "knowledge_base_ensemble_or_model_name", "model_seed", "model_temp", "model_top_p", "number_of_graph_rag_examples", "number_of_vector_based_rag_examples", "political_position_prob_of_na", "political_position_range", "political_position_std", "speaker_model_name", "speaker_type", "vector_based_persona_string", "vector_based_persona_sys_prompt"
[2025-10-30 16:06:05,144] [INFO] Correct state used; State of type GenerationAgentsState; 'IGNORE THE ABOVE ERRORS'.
[2025-10-30 16:06:06,252] [INFO] 'commitment_update' completed '___Since___' update; MODEL = 'mistral-medium'.
[2025-10-30 16:06:06,780] [INFO] 'commitment_update' completed '___Claim___' update for current speaker's commitments; MODEL = 'mistral-medium'.
[2025-10-30 16:06:07,341] [INFO] 'commitment_update' completed '___Claim___' update for current speaker's commitments; MODEL = 'mistral-medium'.
[2025-10-30 16:06:07,763] [INFO] 'commitment_update' completed '___Claim___' update for current speaker's commitments; MODEL = 'mistral-medium'.
[2025-10-30 16:06:07,825] [ERROR] Wrong state used; State of type HumanState; error message: dict has unexpected extra key(s): "graph_rag_examples", "intermediate_generations", "knowledge_base_ensemble_or_model_name", "model_seed", "model_temp", "model_top_p", "number_of_graph_rag_examples", "number_of_vector_based_rag_examples", "political_position_prob_of_na", "political_position_range", "political_position_std", "speaker_model_name", "speaker_type", "vector_based_persona_string", "vector_based_persona_sys_prompt"
[2025-10-30 16:06:07,825] [INFO] Correct state used; State of type GenerationAgentsState; 'IGNORE THE ABOVE ERRORS'.
[2025-10-30 16:06:07,825] [INFO] ENTER: 'UtteranceClassificationAgent' calling '_classify_sentence_utterance_types'; CURRENT SPEAKER: grok-4_mas_rag, DIALOGUE TURN NUM = 4.
[2025-10-30 16:06:08,398] [INFO] 'UtteranceClassificationAgent' completion returned and validated from MODEL = 'ModelName.GROK_4'.
[2025-10-30 16:06:08,936] [INFO] 'UtteranceClassificationAgent' completion returned and validated from MODEL = 'ModelName.GROK_4'.
[2025-10-30 16:06:09,476] [INFO] 'UtteranceClassificationAgent' completion returned and validated from MODEL = 'ModelName.GROK_4'.
[2025-10-30 16:06:10,010] [INFO] 'UtteranceClassificationAgent' completion returned and validated from MODEL = 'ModelName.GROK_4'.
[2025-10-30 16:06:10,713] [INFO] 'UtteranceClassificationAgent' completion returned and validated from MODEL = 'ModelName.GROK_4'.
[2025-10-30 16:06:11,235] [INFO] 'UtteranceClassificationAgent' completion returned and validated from MODEL = 'ModelName.GROK_4'.
[2025-10-30 16:06:11,783] [INFO] 'UtteranceClassificationAgent' completion returned and validated from MODEL = 'ModelName.GROK_4'.
[2025-10-30 16:06:12,326] [INFO] 'UtteranceClassificationAgent' completion returned and validated from MODEL = 'ModelName.GROK_4'.
[2025-10-30 16:06:12,326] [INFO] EXIT: 'UtteranceClassificationAgent' calling '_classify_sentence_utterance_types' (4.501121997833252 secs).
[2025-10-30 16:06:12,326] [INFO] ENTER: 'UtteranceClassificationAgent' calling 'return_classified_sentences'; CURRENT SPEAKER: grok-4_mas_rag, DIALOGUE TURN NUM = 4.
[2025-10-30 16:06:12,326] [INFO] EXIT: 'UtteranceClassificationAgent' calling 'return_classified_sentences' (1.6689300537109375e-06 secs).
[2025-10-30 16:06:12,346] [INFO] ENTER: 'GraphRAG' calling 'why'; CURRENT SPEAKER: grok-4_mas_rag, DIALOGUE TURN NUM = 4.
[2025-10-30 16:06:12,346] [INFO] ENTER: 'GraphRAG' calling 'query_graph'; CURRENT SPEAKER: grok-4_mas_rag, DIALOGUE TURN NUM = 4.
[2025-10-30 16:06:13,107] [INFO] EXIT: 'GraphRAG' calling 'query_graph' (0.7613747119903564 secs).
[2025-10-30 16:06:13,107] [INFO] EXIT: 'GraphRAG' calling 'why' (0.761805534362793 secs).
[2025-10-30 16:06:13,107] [INFO] ENTER: 'GraphRAG' calling 'concede'; CURRENT SPEAKER: grok-4_mas_rag, DIALOGUE TURN NUM = 4.
[2025-10-30 16:06:13,108] [INFO] ENTER: 'GraphRAG' calling 'query_graph'; CURRENT SPEAKER: grok-4_mas_rag, DIALOGUE TURN NUM = 4.
[2025-10-30 16:06:13,826] [INFO] EXIT: 'GraphRAG' calling 'query_graph' (0.7177588939666748 secs).
[2025-10-30 16:06:13,826] [INFO] EXIT: 'GraphRAG' calling 'concede' (0.7181799411773682 secs).
[2025-10-30 16:06:13,826] [INFO] ENTER: 'GraphRAG' calling 'question'; CURRENT SPEAKER: grok-4_mas_rag, DIALOGUE TURN NUM = 4.
[2025-10-30 16:06:13,826] [INFO] ENTER: 'GraphRAG' calling 'query_graph'; CURRENT SPEAKER: grok-4_mas_rag, DIALOGUE TURN NUM = 4.
[2025-10-30 16:06:14,524] [INFO] EXIT: 'GraphRAG' calling 'query_graph' (0.6981215476989746 secs).
[2025-10-30 16:06:14,524] [INFO] EXIT: 'GraphRAG' calling 'question' (0.6985485553741455 secs).
[2025-10-30 16:06:14,540] [INFO] ENTER: 'GraphRAG' calling 'why'; CURRENT SPEAKER: grok-4_mas_rag, DIALOGUE TURN NUM = 4.
[2025-10-30 16:06:14,540] [INFO] ENTER: 'GraphRAG' calling 'query_graph'; CURRENT SPEAKER: grok-4_mas_rag, DIALOGUE TURN NUM = 4.
[2025-10-30 16:06:15,256] [INFO] EXIT: 'GraphRAG' calling 'query_graph' (0.7156410217285156 secs).
[2025-10-30 16:06:15,256] [INFO] EXIT: 'GraphRAG' calling 'why' (0.7160294055938721 secs).
[2025-10-30 16:06:15,256] [INFO] ENTER: 'GraphRAG' calling 'claim_negation'; CURRENT SPEAKER: grok-4_mas_rag, DIALOGUE TURN NUM = 4.
[2025-10-30 16:06:15,256] [INFO] ENTER: 'GraphRAG' calling 'query_graph'; CURRENT SPEAKER: grok-4_mas_rag, DIALOGUE TURN NUM = 4.
[2025-10-30 16:06:15,946] [INFO] EXIT: 'GraphRAG' calling 'query_graph' (0.689661979675293 secs).
[2025-10-30 16:06:15,946] [INFO] EXIT: 'GraphRAG' calling 'claim_negation' (0.6901285648345947 secs).
[2025-10-30 16:06:15,946] [INFO] ENTER: 'GraphRAG' calling 'concede'; CURRENT SPEAKER: grok-4_mas_rag, DIALOGUE TURN NUM = 4.
[2025-10-30 16:06:15,947] [INFO] ENTER: 'GraphRAG' calling 'query_graph'; CURRENT SPEAKER: grok-4_mas_rag, DIALOGUE TURN NUM = 4.
[2025-10-30 16:06:16,664] [INFO] EXIT: 'GraphRAG' calling 'query_graph' (0.7178516387939453 secs).
[2025-10-30 16:06:16,665] [INFO] EXIT: 'GraphRAG' calling 'concede' (0.7183032035827637 secs).
[2025-10-30 16:06:16,665] [INFO] ENTER: 'GraphRAG' calling 'question'; CURRENT SPEAKER: grok-4_mas_rag, DIALOGUE TURN NUM = 4.
[2025-10-30 16:06:16,665] [INFO] ENTER: 'GraphRAG' calling 'query_graph'; CURRENT SPEAKER: grok-4_mas_rag, DIALOGUE TURN NUM = 4.
[2025-10-30 16:06:16,794] [INFO] EXIT: 'GraphRAG' calling 'query_graph' (0.129072904586792 secs).
[2025-10-30 16:06:16,794] [INFO] EXIT: 'GraphRAG' calling 'question' (0.12949204444885254 secs).
[2025-10-30 16:06:16,810] [INFO] ENTER: 'GraphRAG' calling 'why'; CURRENT SPEAKER: grok-4_mas_rag, DIALOGUE TURN NUM = 4.
[2025-10-30 16:06:16,811] [INFO] ENTER: 'GraphRAG' calling 'query_graph'; CURRENT SPEAKER: grok-4_mas_rag, DIALOGUE TURN NUM = 4.
[2025-10-30 16:06:17,528] [INFO] EXIT: 'GraphRAG' calling 'query_graph' (0.717336893081665 secs).
[2025-10-30 16:06:17,528] [INFO] EXIT: 'GraphRAG' calling 'why' (0.7177846431732178 secs).
[2025-10-30 16:06:17,528] [INFO] ENTER: 'GraphRAG' calling 'claim_negation'; CURRENT SPEAKER: grok-4_mas_rag, DIALOGUE TURN NUM = 4.
[2025-10-30 16:06:17,529] [INFO] ENTER: 'GraphRAG' calling 'query_graph'; CURRENT SPEAKER: grok-4_mas_rag, DIALOGUE TURN NUM = 4.
[2025-10-30 16:06:18,219] [INFO] EXIT: 'GraphRAG' calling 'query_graph' (0.6902549266815186 secs).
[2025-10-30 16:06:18,219] [INFO] EXIT: 'GraphRAG' calling 'claim_negation' (0.6907284259796143 secs).
[2025-10-30 16:06:18,219] [INFO] ENTER: 'GraphRAG' calling 'concede'; CURRENT SPEAKER: grok-4_mas_rag, DIALOGUE TURN NUM = 4.
[2025-10-30 16:06:18,220] [INFO] ENTER: 'GraphRAG' calling 'query_graph'; CURRENT SPEAKER: grok-4_mas_rag, DIALOGUE TURN NUM = 4.
[2025-10-30 16:06:18,936] [INFO] EXIT: 'GraphRAG' calling 'query_graph' (0.7166092395782471 secs).
[2025-10-30 16:06:18,936] [INFO] EXIT: 'GraphRAG' calling 'concede' (0.717099666595459 secs).
[2025-10-30 16:06:18,936] [INFO] ENTER: 'GraphRAG' calling 'question'; CURRENT SPEAKER: grok-4_mas_rag, DIALOGUE TURN NUM = 4.
[2025-10-30 16:06:18,937] [INFO] ENTER: 'GraphRAG' calling 'query_graph'; CURRENT SPEAKER: grok-4_mas_rag, DIALOGUE TURN NUM = 4.
[2025-10-30 16:06:19,067] [INFO] EXIT: 'GraphRAG' calling 'query_graph' (0.1302778720855713 secs).
[2025-10-30 16:06:19,067] [INFO] EXIT: 'GraphRAG' calling 'question' (0.13068246841430664 secs).
[2025-10-30 16:06:19,084] [INFO] ENTER: 'GraphRAG' calling 'why'; CURRENT SPEAKER: grok-4_mas_rag, DIALOGUE TURN NUM = 4.
[2025-10-30 16:06:19,084] [INFO] ENTER: 'GraphRAG' calling 'query_graph'; CURRENT SPEAKER: grok-4_mas_rag, DIALOGUE TURN NUM = 4.
[2025-10-30 16:06:19,807] [INFO] EXIT: 'GraphRAG' calling 'query_graph' (0.7227270603179932 secs).
[2025-10-30 16:06:19,807] [INFO] EXIT: 'GraphRAG' calling 'why' (0.7231531143188477 secs).
[2025-10-30 16:06:19,807] [INFO] ENTER: 'GraphRAG' calling 'claim_negation'; CURRENT SPEAKER: grok-4_mas_rag, DIALOGUE TURN NUM = 4.
[2025-10-30 16:06:19,807] [INFO] ENTER: 'GraphRAG' calling 'query_graph'; CURRENT SPEAKER: grok-4_mas_rag, DIALOGUE TURN NUM = 4.
[2025-10-30 16:06:20,498] [INFO] EXIT: 'GraphRAG' calling 'query_graph' (0.6905128955841064 secs).
[2025-10-30 16:06:20,498] [INFO] EXIT: 'GraphRAG' calling 'claim_negation' (0.6909403800964355 secs).
[2025-10-30 16:06:20,498] [INFO] ENTER: 'GraphRAG' calling 'concede'; CURRENT SPEAKER: grok-4_mas_rag, DIALOGUE TURN NUM = 4.
[2025-10-30 16:06:20,498] [INFO] ENTER: 'GraphRAG' calling 'query_graph'; CURRENT SPEAKER: grok-4_mas_rag, DIALOGUE TURN NUM = 4.
[2025-10-30 16:06:21,217] [INFO] EXIT: 'GraphRAG' calling 'query_graph' (0.7182438373565674 secs).
[2025-10-30 16:06:21,217] [INFO] EXIT: 'GraphRAG' calling 'concede' (0.7186596393585205 secs).
[2025-10-30 16:06:21,217] [INFO] ENTER: 'GraphRAG' calling 'question'; CURRENT SPEAKER: grok-4_mas_rag, DIALOGUE TURN NUM = 4.
[2025-10-30 16:06:21,217] [INFO] ENTER: 'GraphRAG' calling 'query_graph'; CURRENT SPEAKER: grok-4_mas_rag, DIALOGUE TURN NUM = 4.
[2025-10-30 16:06:21,346] [INFO] EXIT: 'GraphRAG' calling 'query_graph' (0.12937712669372559 secs).
[2025-10-30 16:06:21,347] [INFO] EXIT: 'GraphRAG' calling 'question' (0.12973666191101074 secs).
[2025-10-30 16:06:21,362] [INFO] ENTER: 'GraphRAG' calling 'why'; CURRENT SPEAKER: grok-4_mas_rag, DIALOGUE TURN NUM = 4.
[2025-10-30 16:06:21,362] [INFO] ENTER: 'GraphRAG' calling 'query_graph'; CURRENT SPEAKER: grok-4_mas_rag, DIALOGUE TURN NUM = 4.
[2025-10-30 16:06:22,077] [INFO] EXIT: 'GraphRAG' calling 'query_graph' (0.7148618698120117 secs).
[2025-10-30 16:06:22,077] [INFO] EXIT: 'GraphRAG' calling 'why' (0.715247392654419 secs).
[2025-10-30 16:06:22,077] [INFO] ENTER: 'GraphRAG' calling 'claim_negation'; CURRENT SPEAKER: grok-4_mas_rag, DIALOGUE TURN NUM = 4.
[2025-10-30 16:06:22,078] [INFO] ENTER: 'GraphRAG' calling 'query_graph'; CURRENT SPEAKER: grok-4_mas_rag, DIALOGUE TURN NUM = 4.
[2025-10-30 16:06:22,769] [INFO] EXIT: 'GraphRAG' calling 'query_graph' (0.6909737586975098 secs).
[2025-10-30 16:06:22,769] [INFO] EXIT: 'GraphRAG' calling 'claim_negation' (0.6914103031158447 secs).
[2025-10-30 16:06:22,769] [INFO] ENTER: 'GraphRAG' calling 'concede'; CURRENT SPEAKER: grok-4_mas_rag, DIALOGUE TURN NUM = 4.
[2025-10-30 16:06:22,769] [INFO] ENTER: 'GraphRAG' calling 'query_graph'; CURRENT SPEAKER: grok-4_mas_rag, DIALOGUE TURN NUM = 4.
[2025-10-30 16:06:23,487] [INFO] EXIT: 'GraphRAG' calling 'query_graph' (0.7176015377044678 secs).
[2025-10-30 16:06:23,487] [INFO] EXIT: 'GraphRAG' calling 'concede' (0.7179772853851318 secs).
[2025-10-30 16:06:23,487] [INFO] ENTER: 'GraphRAG' calling 'question'; CURRENT SPEAKER: grok-4_mas_rag, DIALOGUE TURN NUM = 4.
[2025-10-30 16:06:23,487] [INFO] ENTER: 'GraphRAG' calling 'query_graph'; CURRENT SPEAKER: grok-4_mas_rag, DIALOGUE TURN NUM = 4.
[2025-10-30 16:06:23,615] [INFO] EXIT: 'GraphRAG' calling 'query_graph' (0.12763738632202148 secs).
[2025-10-30 16:06:23,615] [INFO] EXIT: 'GraphRAG' calling 'question' (0.12804436683654785 secs).
[2025-10-30 16:06:23,630] [INFO] ENTER: 'GraphRAG' calling 'why'; CURRENT SPEAKER: grok-4_mas_rag, DIALOGUE TURN NUM = 4.
[2025-10-30 16:06:23,631] [INFO] ENTER: 'GraphRAG' calling 'query_graph'; CURRENT SPEAKER: grok-4_mas_rag, DIALOGUE TURN NUM = 4.
[2025-10-30 16:06:24,346] [INFO] EXIT: 'GraphRAG' calling 'query_graph' (0.7155210971832275 secs).
[2025-10-30 16:06:24,346] [INFO] EXIT: 'GraphRAG' calling 'why' (0.715918779373169 secs).
[2025-10-30 16:06:24,346] [INFO] ENTER: 'GraphRAG' calling 'claim_negation'; CURRENT SPEAKER: grok-4_mas_rag, DIALOGUE TURN NUM = 4.
[2025-10-30 16:06:24,347] [INFO] ENTER: 'GraphRAG' calling 'query_graph'; CURRENT SPEAKER: grok-4_mas_rag, DIALOGUE TURN NUM = 4.
[2025-10-30 16:06:25,038] [INFO] EXIT: 'GraphRAG' calling 'query_graph' (0.6908822059631348 secs).
[2025-10-30 16:06:25,038] [INFO] EXIT: 'GraphRAG' calling 'claim_negation' (0.6913025379180908 secs).
[2025-10-30 16:06:25,038] [INFO] ENTER: 'GraphRAG' calling 'concede'; CURRENT SPEAKER: grok-4_mas_rag, DIALOGUE TURN NUM = 4.
[2025-10-30 16:06:25,038] [INFO] ENTER: 'GraphRAG' calling 'query_graph'; CURRENT SPEAKER: grok-4_mas_rag, DIALOGUE TURN NUM = 4.
[2025-10-30 16:06:25,758] [INFO] EXIT: 'GraphRAG' calling 'query_graph' (0.719508171081543 secs).
[2025-10-30 16:06:25,758] [INFO] EXIT: 'GraphRAG' calling 'concede' (0.7198519706726074 secs).
[2025-10-30 16:06:25,758] [INFO] ENTER: 'GraphRAG' calling 'question'; CURRENT SPEAKER: grok-4_mas_rag, DIALOGUE TURN NUM = 4.
[2025-10-30 16:06:25,758] [INFO] ENTER: 'GraphRAG' calling 'query_graph'; CURRENT SPEAKER: grok-4_mas_rag, DIALOGUE TURN NUM = 4.
[2025-10-30 16:06:25,887] [INFO] EXIT: 'GraphRAG' calling 'query_graph' (0.12932634353637695 secs).
[2025-10-30 16:06:25,888] [INFO] EXIT: 'GraphRAG' calling 'question' (0.12973952293395996 secs).
[2025-10-30 16:06:25,903] [INFO] ENTER: 'GraphRAG' calling 'why'; CURRENT SPEAKER: grok-4_mas_rag, DIALOGUE TURN NUM = 4.
[2025-10-30 16:06:25,903] [INFO] ENTER: 'GraphRAG' calling 'query_graph'; CURRENT SPEAKER: grok-4_mas_rag, DIALOGUE TURN NUM = 4.
[2025-10-30 16:06:26,619] [INFO] EXIT: 'GraphRAG' calling 'query_graph' (0.715857744216919 secs).
[2025-10-30 16:06:26,619] [INFO] EXIT: 'GraphRAG' calling 'why' (0.716278076171875 secs).
[2025-10-30 16:06:26,619] [INFO] ENTER: 'GraphRAG' calling 'claim_negation'; CURRENT SPEAKER: grok-4_mas_rag, DIALOGUE TURN NUM = 4.
[2025-10-30 16:06:26,620] [INFO] ENTER: 'GraphRAG' calling 'query_graph'; CURRENT SPEAKER: grok-4_mas_rag, DIALOGUE TURN NUM = 4.
[2025-10-30 16:06:27,309] [INFO] EXIT: 'GraphRAG' calling 'query_graph' (0.6894817352294922 secs).
[2025-10-30 16:06:27,309] [INFO] EXIT: 'GraphRAG' calling 'claim_negation' (0.6899392604827881 secs).
[2025-10-30 16:06:27,309] [INFO] ENTER: 'GraphRAG' calling 'concede'; CURRENT SPEAKER: grok-4_mas_rag, DIALOGUE TURN NUM = 4.
[2025-10-30 16:06:27,310] [INFO] ENTER: 'GraphRAG' calling 'query_graph'; CURRENT SPEAKER: grok-4_mas_rag, DIALOGUE TURN NUM = 4.
[2025-10-30 16:06:28,027] [INFO] EXIT: 'GraphRAG' calling 'query_graph' (0.7169125080108643 secs).
[2025-10-30 16:06:28,027] [INFO] EXIT: 'GraphRAG' calling 'concede' (0.7172739505767822 secs).
[2025-10-30 16:06:28,027] [INFO] ENTER: 'GraphRAG' calling 'question'; CURRENT SPEAKER: grok-4_mas_rag, DIALOGUE TURN NUM = 4.
[2025-10-30 16:06:28,027] [INFO] ENTER: 'GraphRAG' calling 'query_graph'; CURRENT SPEAKER: grok-4_mas_rag, DIALOGUE TURN NUM = 4.
[2025-10-30 16:06:28,156] [INFO] EXIT: 'GraphRAG' calling 'query_graph' (0.1290440559387207 secs).
[2025-10-30 16:06:28,156] [INFO] EXIT: 'GraphRAG' calling 'question' (0.12940192222595215 secs).
[2025-10-30 16:06:28,172] [INFO] ENTER: 'GraphRAG' calling 'since'; CURRENT SPEAKER: grok-4_mas_rag, DIALOGUE TURN NUM = 4.
[2025-10-30 16:06:28,172] [INFO] ENTER: 'GraphRAG' calling 'query_graph'; CURRENT SPEAKER: grok-4_mas_rag, DIALOGUE TURN NUM = 4.
[2025-10-30 16:06:28,193] [INFO] EXIT: 'GraphRAG' calling 'query_graph' (0.020320892333984375 secs).
[2025-10-30 16:06:28,193] [INFO] EXIT: 'GraphRAG' calling 'since' (0.020671367645263672 secs).
[2025-10-30 16:06:28,193] [INFO] ENTER: 'GraphRAG' calling 'claim'; CURRENT SPEAKER: grok-4_mas_rag, DIALOGUE TURN NUM = 4.
[2025-10-30 16:06:28,193] [INFO] ENTER: 'GraphRAG' calling 'query_graph'; CURRENT SPEAKER: grok-4_mas_rag, DIALOGUE TURN NUM = 4.
[2025-10-30 16:06:28,209] [INFO] EXIT: 'GraphRAG' calling 'query_graph' (0.015677690505981445 secs).
[2025-10-30 16:06:28,209] [INFO] EXIT: 'GraphRAG' calling 'claim' (0.01601862907409668 secs).
[2025-10-30 16:06:28,209] [INFO] ENTER: 'GraphRAG' calling 'return_rag_examples'; CURRENT SPEAKER: grok-4_mas_rag, DIALOGUE TURN NUM = 4.
[2025-10-30 16:06:28,209] [INFO] EXIT: 'GraphRAG' calling 'return_rag_examples' (1.6689300537109375e-06 secs).
[2025-10-30 16:06:28,211] [INFO] ENTER: 'DialogueMoveGenerator' calling 'generate'; CURRENT SPEAKER: grok-4_mas_rag, DIALOGUE TURN NUM = 4.
[2025-10-30 16:06:28,211] [INFO] ENTER: 'DialogueMoveGenerator' calling 'generate'; CURRENT SPEAKER: grok-4_mas_rag, DIALOGUE TURN NUM = 4.
[2025-10-30 16:06:28,212] [INFO] ENTER: 'MASPromptGenerator' calling 'claim'; CURRENT SPEAKER: grok-4_mas_rag, DIALOGUE TURN NUM = 4.
[2025-10-30 16:06:28,218] [INFO] ENTER: 'DialogueMoveGenerator' calling 'generate'; CURRENT SPEAKER: grok-4_mas_rag, DIALOGUE TURN NUM = 4.
[2025-10-30 16:06:28,218] [INFO] ENTER: 'MASPromptGenerator' calling 'claim_negation'; CURRENT SPEAKER: grok-4_mas_rag, DIALOGUE TURN NUM = 4.
[2025-10-30 16:06:28,218] [INFO] EXIT: 'MASPromptGenerator' calling 'claim' (3.147125244140625e-05 secs).
[2025-10-30 16:06:28,218] [INFO] ENTER: 'DialogueMoveGenerator' calling 'generate'; CURRENT SPEAKER: grok-4_mas_rag, DIALOGUE TURN NUM = 4.
[2025-10-30 16:06:28,219] [INFO] ENTER: 'DialogueMoveGenerator' calling 'generate'; CURRENT SPEAKER: grok-4_mas_rag, DIALOGUE TURN NUM = 4.
[2025-10-30 16:06:28,220] [INFO] ENTER: 'MASPromptGenerator' calling 'concede_claim'; CURRENT SPEAKER: grok-4_mas_rag, DIALOGUE TURN NUM = 4.
[2025-10-30 16:06:28,220] [INFO] EXIT: 'MASPromptGenerator' calling 'claim_negation' (3.337860107421875e-05 secs).
[2025-10-30 16:06:28,220] [INFO] ENTER: 'DialogueMoveGenerator' calling 'generate'; CURRENT SPEAKER: grok-4_mas_rag, DIALOGUE TURN NUM = 4.
[2025-10-30 16:06:28,220] [INFO] ENTER: 'DialogueMoveGenerator' calling 'generate'; CURRENT SPEAKER: grok-4_mas_rag, DIALOGUE TURN NUM = 4.
[2025-10-30 16:06:28,220] [INFO] ENTER: 'MASPromptGenerator' calling 'question_claim'; CURRENT SPEAKER: grok-4_mas_rag, DIALOGUE TURN NUM = 4.
[2025-10-30 16:06:28,221] [INFO] ENTER: 'MASPromptGenerator' calling 'retract_claim'; CURRENT SPEAKER: grok-4_mas_rag, DIALOGUE TURN NUM = 4.
[2025-10-30 16:06:28,221] [INFO] EXIT: 'MASPromptGenerator' calling 'concede_claim' (4.029273986816406e-05 secs).
[2025-10-30 16:06:28,222] [INFO] ENTER: 'MASPromptGenerator' calling 'since_claim'; CURRENT SPEAKER: grok-4_mas_rag, DIALOGUE TURN NUM = 4.
[2025-10-30 16:06:28,222] [INFO] ENTER: 'MASPromptGenerator' calling 'why_claim'; CURRENT SPEAKER: grok-4_mas_rag, DIALOGUE TURN NUM = 4.
[2025-10-30 16:06:28,223] [INFO] EXIT: 'MASPromptGenerator' calling 'question_claim' (4.6253204345703125e-05 secs).
[2025-10-30 16:06:28,223] [INFO] EXIT: 'MASPromptGenerator' calling 'retract_claim' (2.2172927856445312e-05 secs).
[2025-10-30 16:06:28,223] [INFO] EXIT: 'MASPromptGenerator' calling 'since_claim' (2.0742416381835938e-05 secs).
[2025-10-30 16:06:28,224] [INFO] EXIT: 'MASPromptGenerator' calling 'why_claim' (4.124641418457031e-05 secs).
[2025-10-30 16:06:29,983] [INFO] Completion returned and validated from MODEL = 'grok-4'.
[2025-10-30 16:06:30,030] [INFO] Completion returned and validated from MODEL = 'grok-4'.
[2025-10-30 16:06:30,035] [INFO] Completion returned and validated from MODEL = 'grok-4'.
[2025-10-30 16:06:30,049] [INFO] Completion returned and validated from MODEL = 'grok-4'.
[2025-10-30 16:06:30,067] [INFO] Completion returned and validated from MODEL = 'grok-4'.
[2025-10-30 16:06:30,067] [INFO] EXIT: 'DialogueMoveGenerator' calling 'generate' (1.8446862697601318 secs).
[2025-10-30 16:06:30,278] [INFO] Completion returned and validated from MODEL = 'grok-4'.
[2025-10-30 16:06:30,278] [INFO] EXIT: 'DialogueMoveGenerator' calling 'generate' (2.065814733505249 secs).
[2025-10-30 16:06:30,298] [INFO] Completion returned and validated from MODEL = 'grok-4'.
[2025-10-30 16:06:30,298] [INFO] EXIT: 'DialogueMoveGenerator' calling 'generate' (2.0768532752990723 secs).
[2025-10-30 16:06:31,465] [INFO] Completion returned and validated from MODEL = 'grok-4'.
[2025-10-30 16:06:31,486] [INFO] Completion returned and validated from MODEL = 'grok-4'.
[2025-10-30 16:06:31,578] [INFO] Completion returned and validated from MODEL = 'grok-4'.
[2025-10-30 16:06:31,691] [INFO] Completion returned and validated from MODEL = 'grok-4'.
[2025-10-30 16:06:32,912] [INFO] Completion returned and validated from MODEL = 'grok-4'.
[2025-10-30 16:06:33,130] [INFO] Completion returned and validated from MODEL = 'grok-4'.
[2025-10-30 16:06:33,165] [INFO] Completion returned and validated from MODEL = 'grok-4'.
[2025-10-30 16:06:33,267] [INFO] Completion returned and validated from MODEL = 'grok-4'.
[2025-10-30 16:06:34,399] [INFO] Completion returned and validated from MODEL = 'grok-4'.
[2025-10-30 16:06:34,600] [INFO] Completion returned and validated from MODEL = 'grok-4'.
[2025-10-30 16:06:34,608] [INFO] Completion returned and validated from MODEL = 'grok-4'.
[2025-10-30 16:06:34,769] [INFO] Completion returned and validated from MODEL = 'grok-4'.
[2025-10-30 16:06:36,015] [INFO] Completion returned and validated from MODEL = 'grok-4'.
[2025-10-30 16:06:36,118] [INFO] Completion returned and validated from MODEL = 'grok-4'.
[2025-10-30 16:06:36,281] [INFO] Completion returned and validated from MODEL = 'grok-4'.
[2025-10-30 16:06:36,358] [INFO] Completion returned and validated from MODEL = 'grok-4'.
[2025-10-30 16:06:37,784] [INFO] Completion returned and validated from MODEL = 'grok-4'.
[2025-10-30 16:06:37,818] [INFO] Completion returned and validated from MODEL = 'grok-4'.
[2025-10-30 16:06:37,836] [INFO] Completion returned and validated from MODEL = 'grok-4'.
[2025-10-30 16:06:37,836] [INFO] EXIT: 'DialogueMoveGenerator' calling 'generate' (9.618724822998047 secs).
[2025-10-30 16:06:37,883] [INFO] Completion returned and validated from MODEL = 'grok-4'.
[2025-10-30 16:06:39,040] [INFO] Completion returned and validated from MODEL = 'grok-4'.
[2025-10-30 16:06:39,040] [INFO] EXIT: 'DialogueMoveGenerator' calling 'generate' (10.820857524871826 secs).
[2025-10-30 16:06:39,146] [INFO] Completion returned and validated from MODEL = 'grok-4'.
[2025-10-30 16:06:39,146] [INFO] EXIT: 'DialogueMoveGenerator' calling 'generate' (10.925503492355347 secs).
[2025-10-30 16:06:39,206] [INFO] Completion returned and validated from MODEL = 'grok-4'.
[2025-10-30 16:06:39,206] [INFO] EXIT: 'DialogueMoveGenerator' calling 'generate' (10.983112573623657 secs).
[2025-10-30 16:06:39,206] [INFO] ENTER: 'MASPromptGenerator' calling 'persuasiveness_choice'; CURRENT SPEAKER: grok-4_mas_rag, DIALOGUE TURN NUM = 4.
[2025-10-30 16:06:39,207] [INFO] EXIT: 'MASPromptGenerator' calling 'persuasiveness_choice' (0.00018739700317382812 secs).
[2025-10-30 16:06:40,412] [INFO] Completion returned and validated within 'PersuasivenessChoiceAgent'; MODEL = 'grok-4'; DIALOGUE TURN NUM = 4.
[2025-10-30 16:06:42,068] [INFO] Completion returned and validated within 'PersuasivenessChoiceAgent'; MODEL = 'grok-4'; DIALOGUE TURN NUM = 4.
[2025-10-30 16:06:43,706] [INFO] Completion returned and validated within 'PersuasivenessChoiceAgent'; MODEL = 'grok-4'; DIALOGUE TURN NUM = 4.
[2025-10-30 16:06:45,413] [INFO] Completion returned and validated within 'PersuasivenessChoiceAgent'; MODEL = 'grok-4'; DIALOGUE TURN NUM = 4.
[2025-10-30 16:06:47,108] [INFO] Completion returned and validated within 'PersuasivenessChoiceAgent'; MODEL = 'grok-4'; DIALOGUE TURN NUM = 4.
[2025-10-30 16:06:48,803] [INFO] Completion returned and validated within 'PersuasivenessChoiceAgent'; MODEL = 'grok-4'; DIALOGUE TURN NUM = 4.
[2025-10-30 16:06:50,328] [INFO] Completion returned and validated within 'PersuasivenessChoiceAgent'; MODEL = 'grok-4'; DIALOGUE TURN NUM = 4.
[2025-10-30 16:06:52,390] [INFO] Completion returned and validated within 'PersuasivenessChoiceAgent'; MODEL = 'grok-4'; DIALOGUE TURN NUM = 4.
[2025-10-30 16:06:52,391] [INFO] ENTER: 'DisambiguationAgent' calling '_grouping_similar_utterance_types'; CURRENT SPEAKER: grok-4_mas_rag, DIALOGUE TURN NUM = 4.
[2025-10-30 16:06:52,391] [INFO] EXIT: 'DisambiguationAgent' calling '_grouping_similar_utterance_types' (1.5974044799804688e-05 secs).
[2025-10-30 16:06:52,391] [INFO] ENTER: 'DisambiguationAgent' calling '_identifying_similar_sentences_and_choosing_one_to_return_to_user'; CURRENT SPEAKER: grok-4_mas_rag, DIALOGUE TURN NUM = 4.
[2025-10-30 16:06:57,357] [INFO] 'DisambiguationAgent' grouped similar sentences, completion returned and validated; MODEL = 'grok-4'.
[2025-10-30 16:06:58,699] [INFO] 'DisambiguationAgent' chose sentences to remove, completion returned and validated from MODEL = 'grok-4'.
[2025-10-30 16:06:59,516] [INFO] 'DisambiguationAgent' chose sentences to remove, completion returned and validated from MODEL = 'grok-4'.
[2025-10-30 16:07:00,329] [INFO] 'DisambiguationAgent' chose sentences to remove, completion returned and validated from MODEL = 'grok-4'.
[2025-10-30 16:07:01,090] [INFO] 'DisambiguationAgent' chose sentences to remove, completion returned and validated from MODEL = 'grok-4'.
[2025-10-30 16:07:01,880] [INFO] 'DisambiguationAgent' chose sentences to remove, completion returned and validated from MODEL = 'grok-4'.
[2025-10-30 16:07:02,567] [INFO] 'DisambiguationAgent' chose sentences to remove, completion returned and validated from MODEL = 'grok-4'.
[2025-10-30 16:07:02,567] [INFO] EXIT: 'DisambiguationAgent' calling '_identifying_similar_sentences_and_choosing_one_to_return_to_user' (10.176279783248901 secs).
[2025-10-30 16:07:02,567] [INFO] ENTER: 'DisambiguationAgent' calling '_identifying_similar_sentences_and_choosing_one_to_return_to_user'; CURRENT SPEAKER: grok-4_mas_rag, DIALOGUE TURN NUM = 4.
[2025-10-30 16:07:06,256] [INFO] 'DisambiguationAgent' grouped similar sentences, completion returned and validated; MODEL = 'grok-4'.
[2025-10-30 16:07:06,995] [INFO] 'DisambiguationAgent' chose sentences to remove, completion returned and validated from MODEL = 'grok-4'.
[2025-10-30 16:07:07,664] [INFO] 'DisambiguationAgent' chose sentences to remove, completion returned and validated from MODEL = 'grok-4'.
[2025-10-30 16:07:09,352] [ERROR] 'DisambiguationAgent' could not choose sentences to remove, completion not validated; MODEL = 'grok-4'; 
 REASON: 

 1 validation error for PersuasivenessChoice
  Invalid JSON: trailing characters at line 3 column 1 [type=json_invalid, input_value='{"Choice": "Why overlook... choice for persuasion.', input_type=str]
    For further information visit https://errors.pydantic.dev/2.12/v/json_invalid
[2025-10-30 16:07:10,086] [INFO] 'DisambiguationAgent' chose sentences to remove, completion returned and validated from MODEL = 'grok-4'.
[2025-10-30 16:07:10,825] [INFO] 'DisambiguationAgent' chose sentences to remove, completion returned and validated from MODEL = 'grok-4'.
[2025-10-30 16:07:11,558] [INFO] 'DisambiguationAgent' chose sentences to remove, completion returned and validated from MODEL = 'grok-4'.
[2025-10-30 16:07:12,292] [INFO] 'DisambiguationAgent' chose sentences to remove, completion returned and validated from MODEL = 'grok-4'.
[2025-10-30 16:07:12,292] [INFO] EXIT: 'DisambiguationAgent' calling '_identifying_similar_sentences_and_choosing_one_to_return_to_user' (9.724525451660156 secs).
[2025-10-30 16:07:12,292] [INFO] ENTER: 'DisambiguationAgent' calling '_removing_repetitive_sentences'; CURRENT SPEAKER: grok-4_mas_rag, DIALOGUE TURN NUM = 4.
[2025-10-30 16:07:12,292] [INFO] EXIT: 'DisambiguationAgent' calling '_removing_repetitive_sentences' (2.574920654296875e-05 secs).
[2025-10-30 16:07:12,292] [INFO] ENTER: 'DisambiguationAgent' calling '_choose_the_most_persuasive_sentences'; CURRENT SPEAKER: grok-4_mas_rag, DIALOGUE TURN NUM = 4.
[2025-10-30 16:07:13,996] [INFO] 'DisambiguationAgent': reached maximum allowed sentences, succussfully chose most persuasive sentences, completion returned and validated from MODEL = 'grok-4'.
[2025-10-30 16:07:13,996] [INFO] EXIT: 'DisambiguationAgent' calling '_choose_the_most_persuasive_sentences' (1.7038795948028564 secs).
[2025-10-30 16:07:13,996] [INFO] ENTER: 'DisambiguationAgent' calling 'return_disambiguated_sentences'; CURRENT SPEAKER: grok-4_mas_rag, DIALOGUE TURN NUM = 4.
[2025-10-30 16:07:13,996] [INFO] EXIT: 'DisambiguationAgent' calling 'return_disambiguated_sentences' (2.86102294921875e-06 secs).
[2025-10-30 16:07:13,997] [ERROR] Wrong state used; State of type HumanState; error message: dict has unexpected extra key(s): "graph_rag_examples", "intermediate_generations", "knowledge_base_ensemble_or_model_name", "model_seed", "model_temp", "model_top_p", "number_of_graph_rag_examples", "number_of_vector_based_rag_examples", "political_position_prob_of_na", "political_position_range", "political_position_std", "speaker_model_name", "speaker_type", "vector_based_persona_string", "vector_based_persona_sys_prompt"
[2025-10-30 16:07:13,997] [INFO] Correct state used; State of type GenerationAgentsState; 'IGNORE THE ABOVE ERRORS'.
[2025-10-30 16:07:14,552] [INFO] 'commitment_update' completed '___Claim___' update for current speaker's commitments; MODEL = 'grok-4'.
[2025-10-30 16:07:15,066] [INFO] 'commitment_update' completed '___Claim___' update for current speaker's commitments; MODEL = 'grok-4'.
[2025-10-30 16:07:15,156] [ERROR] Wrong state used; State of type HumanState; error message: dict has unexpected extra key(s): "graph_rag_examples", "intermediate_generations", "knowledge_base_ensemble_or_model_name", "model_seed", "model_temp", "model_top_p", "number_of_graph_rag_examples", "number_of_vector_based_rag_examples", "political_position_prob_of_na", "political_position_range", "political_position_std", "speaker_model_name", "speaker_type", "vector_based_persona_string", "vector_based_persona_sys_prompt"
[2025-10-30 16:07:15,156] [INFO] Correct state used; State of type GenerationAgentsState; 'IGNORE THE ABOVE ERRORS'.
[2025-10-30 16:07:15,156] [INFO] ENTER: 'UtteranceClassificationAgent' calling '_classify_sentence_utterance_types'; CURRENT SPEAKER: mistral-medium_mas, DIALOGUE TURN NUM = 5.
[2025-10-30 16:07:15,628] [INFO] 'UtteranceClassificationAgent' completion returned and validated from MODEL = 'ModelName.MISTRAL_MEDIUM'.
[2025-10-30 16:07:16,497] [INFO] 'UtteranceClassificationAgent' completion returned and validated from MODEL = 'ModelName.MISTRAL_MEDIUM'.
[2025-10-30 16:07:17,047] [INFO] 'UtteranceClassificationAgent' completion returned and validated from MODEL = 'ModelName.MISTRAL_MEDIUM'.
[2025-10-30 16:07:20,437] [INFO] 'UtteranceClassificationAgent' completion returned and validated from MODEL = 'ModelName.MISTRAL_MEDIUM'.
[2025-10-30 16:07:20,821] [INFO] 'UtteranceClassificationAgent' completion returned and validated from MODEL = 'ModelName.MISTRAL_MEDIUM'.
[2025-10-30 16:07:20,821] [INFO] EXIT: 'UtteranceClassificationAgent' calling '_classify_sentence_utterance_types' (5.665056467056274 secs).
[2025-10-30 16:07:20,821] [INFO] ENTER: 'UtteranceClassificationAgent' calling 'return_classified_sentences'; CURRENT SPEAKER: mistral-medium_mas, DIALOGUE TURN NUM = 5.
[2025-10-30 16:07:20,821] [INFO] EXIT: 'UtteranceClassificationAgent' calling 'return_classified_sentences' (1.430511474609375e-06 secs).
[2025-10-30 16:07:20,825] [INFO] ENTER: 'DialogueMoveGenerator' calling 'generate'; CURRENT SPEAKER: mistral-medium_mas, DIALOGUE TURN NUM = 5.
[2025-10-30 16:07:20,826] [INFO] ENTER: 'MASPromptGenerator' calling 'claim'; CURRENT SPEAKER: mistral-medium_mas, DIALOGUE TURN NUM = 5.
[2025-10-30 16:07:20,826] [INFO] EXIT: 'MASPromptGenerator' calling 'claim' (3.0994415283203125e-05 secs).
[2025-10-30 16:07:20,826] [INFO] ENTER: 'DialogueMoveGenerator' calling 'generate'; CURRENT SPEAKER: mistral-medium_mas, DIALOGUE TURN NUM = 5.
[2025-10-30 16:07:20,826] [INFO] ENTER: 'MASPromptGenerator' calling 'claim_negation'; CURRENT SPEAKER: mistral-medium_mas, DIALOGUE TURN NUM = 5.
[2025-10-30 16:07:20,826] [INFO] EXIT: 'MASPromptGenerator' calling 'claim_negation' (2.47955322265625e-05 secs).
[2025-10-30 16:07:20,827] [INFO] ENTER: 'DialogueMoveGenerator' calling 'generate'; CURRENT SPEAKER: mistral-medium_mas, DIALOGUE TURN NUM = 5.
[2025-10-30 16:07:20,828] [INFO] ENTER: 'DialogueMoveGenerator' calling 'generate'; CURRENT SPEAKER: mistral-medium_mas, DIALOGUE TURN NUM = 5.
[2025-10-30 16:07:20,828] [INFO] ENTER: 'MASPromptGenerator' calling 'concede_claim'; CURRENT SPEAKER: mistral-medium_mas, DIALOGUE TURN NUM = 5.
[2025-10-30 16:07:20,829] [INFO] ENTER: 'MASPromptGenerator' calling 'question_claim'; CURRENT SPEAKER: mistral-medium_mas, DIALOGUE TURN NUM = 5.
[2025-10-30 16:07:20,829] [INFO] ENTER: 'DialogueMoveGenerator' calling 'generate'; CURRENT SPEAKER: mistral-medium_mas, DIALOGUE TURN NUM = 5.
[2025-10-30 16:07:20,829] [INFO] EXIT: 'MASPromptGenerator' calling 'concede_claim' (2.47955322265625e-05 secs).
[2025-10-30 16:07:20,829] [INFO] EXIT: 'MASPromptGenerator' calling 'question_claim' (2.0742416381835938e-05 secs).
[2025-10-30 16:07:20,830] [INFO] ENTER: 'DialogueMoveGenerator' calling 'generate'; CURRENT SPEAKER: mistral-medium_mas, DIALOGUE TURN NUM = 5.
[2025-10-30 16:07:20,830] [INFO] ENTER: 'MASPromptGenerator' calling 'retract_claim'; CURRENT SPEAKER: mistral-medium_mas, DIALOGUE TURN NUM = 5.
[2025-10-30 16:07:20,831] [INFO] ENTER: 'DialogueMoveGenerator' calling 'generate'; CURRENT SPEAKER: mistral-medium_mas, DIALOGUE TURN NUM = 5.
[2025-10-30 16:07:20,831] [INFO] ENTER: 'MASPromptGenerator' calling 'since_claim'; CURRENT SPEAKER: mistral-medium_mas, DIALOGUE TURN NUM = 5.
[2025-10-30 16:07:20,832] [INFO] EXIT: 'MASPromptGenerator' calling 'retract_claim' (2.2649765014648438e-05 secs).
[2025-10-30 16:07:20,832] [INFO] ENTER: 'MASPromptGenerator' calling 'why_claim'; CURRENT SPEAKER: mistral-medium_mas, DIALOGUE TURN NUM = 5.
[2025-10-30 16:07:20,832] [INFO] EXIT: 'MASPromptGenerator' calling 'why_claim' (1.811981201171875e-05 secs).
[2025-10-30 16:07:20,832] [INFO] EXIT: 'MASPromptGenerator' calling 'since_claim' (1.9073486328125e-05 secs).
[2025-10-30 16:07:22,844] [INFO] Completion returned and validated from MODEL = 'mistral-medium'.
[2025-10-30 16:07:22,844] [INFO] EXIT: 'DialogueMoveGenerator' calling 'generate' (2.017670154571533 secs).
[2025-10-30 16:07:22,952] [INFO] Completion returned and validated from MODEL = 'mistral-medium'.
[2025-10-30 16:07:23,006] [INFO] Completion returned and validated from MODEL = 'mistral-medium'.
[2025-10-30 16:07:23,019] [INFO] Completion returned and validated from MODEL = 'mistral-medium'.
[2025-10-30 16:07:23,064] [INFO] Completion returned and validated from MODEL = 'mistral-medium'.
[2025-10-30 16:07:23,138] [INFO] Completion returned and validated from MODEL = 'mistral-medium'.
[2025-10-30 16:07:23,587] [INFO] Completion returned and validated from MODEL = 'mistral-medium'.
[2025-10-30 16:07:24,731] [INFO] Completion returned and validated from MODEL = 'mistral-medium'.
[2025-10-30 16:07:24,731] [INFO] EXIT: 'DialogueMoveGenerator' calling 'generate' (3.902376890182495 secs).
[2025-10-30 16:07:25,039] [INFO] Completion returned and validated from MODEL = 'mistral-medium'.
[2025-10-30 16:07:25,039] [INFO] EXIT: 'DialogueMoveGenerator' calling 'generate' (4.210986137390137 secs).
[2025-10-30 16:07:25,205] [INFO] Completion returned and validated from MODEL = 'mistral-medium'.
[2025-10-30 16:07:25,585] [INFO] Completion returned and validated from MODEL = 'mistral-medium'.
[2025-10-30 16:07:25,585] [INFO] EXIT: 'DialogueMoveGenerator' calling 'generate' (4.7535388469696045 secs).
[2025-10-30 16:07:25,747] [INFO] Completion returned and validated from MODEL = 'mistral-medium'.
[2025-10-30 16:07:26,078] [INFO] Completion returned and validated from MODEL = 'mistral-medium'.
[2025-10-30 16:07:27,544] [INFO] Completion returned and validated from MODEL = 'mistral-medium'.
[2025-10-30 16:07:27,544] [INFO] EXIT: 'DialogueMoveGenerator' calling 'generate' (6.712235450744629 secs).
[2025-10-30 16:07:27,969] [INFO] Completion returned and validated from MODEL = 'mistral-medium'.
[2025-10-30 16:07:27,969] [INFO] EXIT: 'DialogueMoveGenerator' calling 'generate' (7.138589382171631 secs).
[2025-10-30 16:07:27,975] [INFO] Completion returned and validated from MODEL = 'mistral-medium'.
[2025-10-30 16:07:27,975] [INFO] EXIT: 'DialogueMoveGenerator' calling 'generate' (7.149039030075073 secs).
[2025-10-30 16:07:27,976] [INFO] ENTER: 'MASPromptGenerator' calling 'persuasiveness_choice'; CURRENT SPEAKER: mistral-medium_mas, DIALOGUE TURN NUM = 5.
[2025-10-30 16:07:27,976] [INFO] EXIT: 'MASPromptGenerator' calling 'persuasiveness_choice' (0.00011706352233886719 secs).
[2025-10-30 16:07:31,735] [INFO] Completion returned and validated within 'PersuasivenessChoiceAgent'; MODEL = 'mistral-medium'; DIALOGUE TURN NUM = 5.
[2025-10-30 16:07:33,794] [INFO] Completion returned and validated within 'PersuasivenessChoiceAgent'; MODEL = 'mistral-medium'; DIALOGUE TURN NUM = 5.
[2025-10-30 16:07:38,029] [INFO] Completion returned and validated within 'PersuasivenessChoiceAgent'; MODEL = 'mistral-medium'; DIALOGUE TURN NUM = 5.
[2025-10-30 16:07:40,527] [INFO] Completion returned and validated within 'PersuasivenessChoiceAgent'; MODEL = 'mistral-medium'; DIALOGUE TURN NUM = 5.
[2025-10-30 16:07:43,772] [INFO] Completion returned and validated within 'PersuasivenessChoiceAgent'; MODEL = 'mistral-medium'; DIALOGUE TURN NUM = 5.
[2025-10-30 16:07:43,772] [INFO] ENTER: 'DisambiguationAgent' calling '_grouping_similar_utterance_types'; CURRENT SPEAKER: mistral-medium_mas, DIALOGUE TURN NUM = 5.
[2025-10-30 16:07:43,772] [INFO] EXIT: 'DisambiguationAgent' calling '_grouping_similar_utterance_types' (9.775161743164062e-06 secs).
[2025-10-30 16:07:43,772] [INFO] ENTER: 'DisambiguationAgent' calling '_identifying_similar_sentences_and_choosing_one_to_return_to_user'; CURRENT SPEAKER: mistral-medium_mas, DIALOGUE TURN NUM = 5.
[2025-10-30 16:07:51,408] [INFO] 'DisambiguationAgent' grouped similar sentences, completion returned and validated; MODEL = 'mistral-medium'.
[2025-10-30 16:07:52,386] [INFO] 'DisambiguationAgent' chose sentences to remove, completion returned and validated from MODEL = 'mistral-medium'.
[2025-10-30 16:07:53,274] [INFO] 'DisambiguationAgent' chose sentences to remove, completion returned and validated from MODEL = 'mistral-medium'.
[2025-10-30 16:07:54,206] [INFO] 'DisambiguationAgent' chose sentences to remove, completion returned and validated from MODEL = 'mistral-medium'.
[2025-10-30 16:07:55,148] [INFO] 'DisambiguationAgent' chose sentences to remove, completion returned and validated from MODEL = 'mistral-medium'.
[2025-10-30 16:07:55,148] [INFO] EXIT: 'DisambiguationAgent' calling '_identifying_similar_sentences_and_choosing_one_to_return_to_user' (11.375421047210693 secs).
[2025-10-30 16:07:55,148] [INFO] ENTER: 'DisambiguationAgent' calling '_identifying_similar_sentences_and_choosing_one_to_return_to_user'; CURRENT SPEAKER: mistral-medium_mas, DIALOGUE TURN NUM = 5.
[2025-10-30 16:08:00,666] [INFO] 'DisambiguationAgent' grouped similar sentences, completion returned and validated; MODEL = 'mistral-medium'.
[2025-10-30 16:08:01,590] [INFO] 'DisambiguationAgent' chose sentences to remove, completion returned and validated from MODEL = 'mistral-medium'.
[2025-10-30 16:08:02,525] [INFO] 'DisambiguationAgent' chose sentences to remove, completion returned and validated from MODEL = 'mistral-medium'.
[2025-10-30 16:08:03,630] [INFO] 'DisambiguationAgent' chose sentences to remove, completion returned and validated from MODEL = 'mistral-medium'.
[2025-10-30 16:08:03,630] [INFO] EXIT: 'DisambiguationAgent' calling '_identifying_similar_sentences_and_choosing_one_to_return_to_user' (8.481751680374146 secs).
[2025-10-30 16:08:03,630] [INFO] ENTER: 'DisambiguationAgent' calling '_removing_repetitive_sentences'; CURRENT SPEAKER: mistral-medium_mas, DIALOGUE TURN NUM = 5.
[2025-10-30 16:08:03,630] [INFO] EXIT: 'DisambiguationAgent' calling '_removing_repetitive_sentences' (2.3365020751953125e-05 secs).
[2025-10-30 16:08:03,630] [INFO] ENTER: 'DisambiguationAgent' calling '_choose_the_most_persuasive_sentences'; CURRENT SPEAKER: mistral-medium_mas, DIALOGUE TURN NUM = 5.
[2025-10-30 16:08:08,331] [INFO] 'DisambiguationAgent': reached maximum allowed sentences, succussfully chose most persuasive sentences, completion returned and validated from MODEL = 'mistral-medium'.
[2025-10-30 16:08:08,331] [INFO] EXIT: 'DisambiguationAgent' calling '_choose_the_most_persuasive_sentences' (4.7009501457214355 secs).
[2025-10-30 16:08:08,331] [INFO] ENTER: 'DisambiguationAgent' calling 'return_disambiguated_sentences'; CURRENT SPEAKER: mistral-medium_mas, DIALOGUE TURN NUM = 5.
[2025-10-30 16:08:08,331] [INFO] EXIT: 'DisambiguationAgent' calling 'return_disambiguated_sentences' (2.6226043701171875e-06 secs).
[2025-10-30 16:08:08,331] [ERROR] Wrong state used; State of type HumanState; error message: dict has unexpected extra key(s): "graph_rag_examples", "intermediate_generations", "knowledge_base_ensemble_or_model_name", "model_seed", "model_temp", "model_top_p", "number_of_graph_rag_examples", "number_of_vector_based_rag_examples", "political_position_prob_of_na", "political_position_range", "political_position_std", "speaker_model_name", "speaker_type", "vector_based_persona_string", "vector_based_persona_sys_prompt"
[2025-10-30 16:08:08,332] [INFO] Correct state used; State of type GenerationAgentsState; 'IGNORE THE ABOVE ERRORS'.
[2025-10-30 16:08:08,772] [INFO] 'commitment_update' completed '___Since___' update; MODEL = 'mistral-medium'.
[2025-10-30 16:08:09,244] [INFO] 'commitment_update' completed '___Claim___' update for current speaker's commitments; MODEL = 'mistral-medium'.
[2025-10-30 16:08:11,114] [INFO] 'commitment_update' completed '___Claim___' update for current speaker's commitments; MODEL = 'mistral-medium'.
[2025-10-30 16:08:11,594] [INFO] 'commitment_update' completed '___Claim___' update for current speaker's commitments; MODEL = 'mistral-medium'.
[2025-10-30 16:08:12,035] [INFO] 'commitment_update' completed '___Claim___' update for current speaker's commitments; MODEL = 'mistral-medium'.
[2025-10-30 16:08:12,103] [ERROR] Wrong state used; State of type HumanState; error message: dict has unexpected extra key(s): "graph_rag_examples", "intermediate_generations", "knowledge_base_ensemble_or_model_name", "model_seed", "model_temp", "model_top_p", "number_of_graph_rag_examples", "number_of_vector_based_rag_examples", "political_position_prob_of_na", "political_position_range", "political_position_std", "speaker_model_name", "speaker_type", "vector_based_persona_string", "vector_based_persona_sys_prompt"
[2025-10-30 16:08:12,103] [INFO] Correct state used; State of type GenerationAgentsState; 'IGNORE THE ABOVE ERRORS'.
[2025-10-30 16:08:12,104] [INFO] ENTER: 'UtteranceClassificationAgent' calling '_classify_sentence_utterance_types'; CURRENT SPEAKER: grok-4_mas_rag, DIALOGUE TURN NUM = 6.
[2025-10-30 16:08:12,685] [INFO] 'UtteranceClassificationAgent' completion returned and validated from MODEL = 'ModelName.GROK_4'.
[2025-10-30 16:08:13,241] [INFO] 'UtteranceClassificationAgent' completion returned and validated from MODEL = 'ModelName.GROK_4'.
[2025-10-30 16:08:13,767] [INFO] 'UtteranceClassificationAgent' completion returned and validated from MODEL = 'ModelName.GROK_4'.
[2025-10-30 16:08:14,318] [INFO] 'UtteranceClassificationAgent' completion returned and validated from MODEL = 'ModelName.GROK_4'.
[2025-10-30 16:08:14,852] [INFO] 'UtteranceClassificationAgent' completion returned and validated from MODEL = 'ModelName.GROK_4'.
[2025-10-30 16:08:15,379] [INFO] 'UtteranceClassificationAgent' completion returned and validated from MODEL = 'ModelName.GROK_4'.
[2025-10-30 16:08:15,934] [INFO] 'UtteranceClassificationAgent' completion returned and validated from MODEL = 'ModelName.GROK_4'.
[2025-10-30 16:08:15,934] [INFO] EXIT: 'UtteranceClassificationAgent' calling '_classify_sentence_utterance_types' (3.8302652835845947 secs).
[2025-10-30 16:08:15,934] [INFO] ENTER: 'UtteranceClassificationAgent' calling 'return_classified_sentences'; CURRENT SPEAKER: grok-4_mas_rag, DIALOGUE TURN NUM = 6.
[2025-10-30 16:08:15,934] [INFO] EXIT: 'UtteranceClassificationAgent' calling 'return_classified_sentences' (1.1920928955078125e-06 secs).
[2025-10-30 16:08:15,952] [INFO] ENTER: 'GraphRAG' calling 'why'; CURRENT SPEAKER: grok-4_mas_rag, DIALOGUE TURN NUM = 6.
[2025-10-30 16:08:15,953] [INFO] ENTER: 'GraphRAG' calling 'query_graph'; CURRENT SPEAKER: grok-4_mas_rag, DIALOGUE TURN NUM = 6.
[2025-10-30 16:08:16,669] [INFO] EXIT: 'GraphRAG' calling 'query_graph' (0.7163245677947998 secs).
[2025-10-30 16:08:16,669] [INFO] EXIT: 'GraphRAG' calling 'why' (0.7167489528656006 secs).
[2025-10-30 16:08:16,669] [INFO] ENTER: 'GraphRAG' calling 'claim_negation'; CURRENT SPEAKER: grok-4_mas_rag, DIALOGUE TURN NUM = 6.
[2025-10-30 16:08:16,670] [INFO] ENTER: 'GraphRAG' calling 'query_graph'; CURRENT SPEAKER: grok-4_mas_rag, DIALOGUE TURN NUM = 6.
[2025-10-30 16:08:17,359] [INFO] EXIT: 'GraphRAG' calling 'query_graph' (0.6891412734985352 secs).
[2025-10-30 16:08:17,359] [INFO] EXIT: 'GraphRAG' calling 'claim_negation' (0.6896214485168457 secs).
[2025-10-30 16:08:17,359] [INFO] ENTER: 'GraphRAG' calling 'concede'; CURRENT SPEAKER: grok-4_mas_rag, DIALOGUE TURN NUM = 6.
[2025-10-30 16:08:17,359] [INFO] ENTER: 'GraphRAG' calling 'query_graph'; CURRENT SPEAKER: grok-4_mas_rag, DIALOGUE TURN NUM = 6.
[2025-10-30 16:08:18,077] [INFO] EXIT: 'GraphRAG' calling 'query_graph' (0.7178850173950195 secs).
[2025-10-30 16:08:18,077] [INFO] EXIT: 'GraphRAG' calling 'concede' (0.718313455581665 secs).
[2025-10-30 16:08:18,077] [INFO] ENTER: 'GraphRAG' calling 'question'; CURRENT SPEAKER: grok-4_mas_rag, DIALOGUE TURN NUM = 6.
[2025-10-30 16:08:18,078] [INFO] ENTER: 'GraphRAG' calling 'query_graph'; CURRENT SPEAKER: grok-4_mas_rag, DIALOGUE TURN NUM = 6.
[2025-10-30 16:08:18,206] [INFO] EXIT: 'GraphRAG' calling 'query_graph' (0.12794899940490723 secs).
[2025-10-30 16:08:18,206] [INFO] EXIT: 'GraphRAG' calling 'question' (0.1284034252166748 secs).
[2025-10-30 16:08:18,222] [INFO] ENTER: 'GraphRAG' calling 'why'; CURRENT SPEAKER: grok-4_mas_rag, DIALOGUE TURN NUM = 6.
[2025-10-30 16:08:18,222] [INFO] ENTER: 'GraphRAG' calling 'query_graph'; CURRENT SPEAKER: grok-4_mas_rag, DIALOGUE TURN NUM = 6.
[2025-10-30 16:08:18,938] [INFO] EXIT: 'GraphRAG' calling 'query_graph' (0.715970516204834 secs).
[2025-10-30 16:08:18,938] [INFO] EXIT: 'GraphRAG' calling 'why' (0.7163517475128174 secs).
[2025-10-30 16:08:18,938] [INFO] ENTER: 'GraphRAG' calling 'claim_negation'; CURRENT SPEAKER: grok-4_mas_rag, DIALOGUE TURN NUM = 6.
[2025-10-30 16:08:18,938] [INFO] ENTER: 'GraphRAG' calling 'query_graph'; CURRENT SPEAKER: grok-4_mas_rag, DIALOGUE TURN NUM = 6.
[2025-10-30 16:08:19,629] [INFO] EXIT: 'GraphRAG' calling 'query_graph' (0.6906859874725342 secs).
[2025-10-30 16:08:19,629] [INFO] EXIT: 'GraphRAG' calling 'claim_negation' (0.691115140914917 secs).
[2025-10-30 16:08:19,629] [INFO] ENTER: 'GraphRAG' calling 'concede'; CURRENT SPEAKER: grok-4_mas_rag, DIALOGUE TURN NUM = 6.
[2025-10-30 16:08:19,630] [INFO] ENTER: 'GraphRAG' calling 'query_graph'; CURRENT SPEAKER: grok-4_mas_rag, DIALOGUE TURN NUM = 6.
[2025-10-30 16:08:20,345] [INFO] EXIT: 'GraphRAG' calling 'query_graph' (0.7155194282531738 secs).
[2025-10-30 16:08:20,345] [INFO] EXIT: 'GraphRAG' calling 'concede' (0.7159781455993652 secs).
[2025-10-30 16:08:20,345] [INFO] ENTER: 'GraphRAG' calling 'question'; CURRENT SPEAKER: grok-4_mas_rag, DIALOGUE TURN NUM = 6.
[2025-10-30 16:08:20,346] [INFO] ENTER: 'GraphRAG' calling 'query_graph'; CURRENT SPEAKER: grok-4_mas_rag, DIALOGUE TURN NUM = 6.
[2025-10-30 16:08:20,475] [INFO] EXIT: 'GraphRAG' calling 'query_graph' (0.12955403327941895 secs).
[2025-10-30 16:08:20,475] [INFO] EXIT: 'GraphRAG' calling 'question' (0.13002681732177734 secs).
[2025-10-30 16:08:20,489] [INFO] ENTER: 'GraphRAG' calling 'why'; CURRENT SPEAKER: grok-4_mas_rag, DIALOGUE TURN NUM = 6.
[2025-10-30 16:08:20,490] [INFO] ENTER: 'GraphRAG' calling 'query_graph'; CURRENT SPEAKER: grok-4_mas_rag, DIALOGUE TURN NUM = 6.
[2025-10-30 16:08:21,205] [INFO] EXIT: 'GraphRAG' calling 'query_graph' (0.7157936096191406 secs).
[2025-10-30 16:08:21,205] [INFO] EXIT: 'GraphRAG' calling 'why' (0.7162008285522461 secs).
[2025-10-30 16:08:21,206] [INFO] ENTER: 'GraphRAG' calling 'claim_negation'; CURRENT SPEAKER: grok-4_mas_rag, DIALOGUE TURN NUM = 6.
[2025-10-30 16:08:21,206] [INFO] ENTER: 'GraphRAG' calling 'query_graph'; CURRENT SPEAKER: grok-4_mas_rag, DIALOGUE TURN NUM = 6.
[2025-10-30 16:08:21,897] [INFO] EXIT: 'GraphRAG' calling 'query_graph' (0.6916511058807373 secs).
[2025-10-30 16:08:21,898] [INFO] EXIT: 'GraphRAG' calling 'claim_negation' (0.6920578479766846 secs).
[2025-10-30 16:08:21,898] [INFO] ENTER: 'GraphRAG' calling 'concede'; CURRENT SPEAKER: grok-4_mas_rag, DIALOGUE TURN NUM = 6.
[2025-10-30 16:08:21,898] [INFO] ENTER: 'GraphRAG' calling 'query_graph'; CURRENT SPEAKER: grok-4_mas_rag, DIALOGUE TURN NUM = 6.
[2025-10-30 16:08:22,615] [INFO] EXIT: 'GraphRAG' calling 'query_graph' (0.7170383930206299 secs).
[2025-10-30 16:08:22,615] [INFO] EXIT: 'GraphRAG' calling 'concede' (0.7174398899078369 secs).
[2025-10-30 16:08:22,615] [INFO] ENTER: 'GraphRAG' calling 'question'; CURRENT SPEAKER: grok-4_mas_rag, DIALOGUE TURN NUM = 6.
[2025-10-30 16:08:22,615] [INFO] ENTER: 'GraphRAG' calling 'query_graph'; CURRENT SPEAKER: grok-4_mas_rag, DIALOGUE TURN NUM = 6.
[2025-10-30 16:08:22,745] [INFO] EXIT: 'GraphRAG' calling 'query_graph' (0.12969589233398438 secs).
[2025-10-30 16:08:22,745] [INFO] EXIT: 'GraphRAG' calling 'question' (0.13013243675231934 secs).
[2025-10-30 16:08:22,761] [INFO] ENTER: 'GraphRAG' calling 'why'; CURRENT SPEAKER: grok-4_mas_rag, DIALOGUE TURN NUM = 6.
[2025-10-30 16:08:22,761] [INFO] ENTER: 'GraphRAG' calling 'query_graph'; CURRENT SPEAKER: grok-4_mas_rag, DIALOGUE TURN NUM = 6.
[2025-10-30 16:08:23,477] [INFO] EXIT: 'GraphRAG' calling 'query_graph' (0.7154977321624756 secs).
[2025-10-30 16:08:23,477] [INFO] EXIT: 'GraphRAG' calling 'why' (0.7158875465393066 secs).
[2025-10-30 16:08:23,477] [INFO] ENTER: 'GraphRAG' calling 'claim_negation'; CURRENT SPEAKER: grok-4_mas_rag, DIALOGUE TURN NUM = 6.
[2025-10-30 16:08:23,477] [INFO] ENTER: 'GraphRAG' calling 'query_graph'; CURRENT SPEAKER: grok-4_mas_rag, DIALOGUE TURN NUM = 6.
[2025-10-30 16:08:24,171] [INFO] EXIT: 'GraphRAG' calling 'query_graph' (0.6943187713623047 secs).
[2025-10-30 16:08:24,172] [INFO] EXIT: 'GraphRAG' calling 'claim_negation' (0.6947743892669678 secs).
[2025-10-30 16:08:24,172] [INFO] ENTER: 'GraphRAG' calling 'concede'; CURRENT SPEAKER: grok-4_mas_rag, DIALOGUE TURN NUM = 6.
[2025-10-30 16:08:24,172] [INFO] ENTER: 'GraphRAG' calling 'query_graph'; CURRENT SPEAKER: grok-4_mas_rag, DIALOGUE TURN NUM = 6.
[2025-10-30 16:08:24,889] [INFO] EXIT: 'GraphRAG' calling 'query_graph' (0.7166516780853271 secs).
[2025-10-30 16:08:24,889] [INFO] EXIT: 'GraphRAG' calling 'concede' (0.7170846462249756 secs).
[2025-10-30 16:08:24,889] [INFO] ENTER: 'GraphRAG' calling 'question'; CURRENT SPEAKER: grok-4_mas_rag, DIALOGUE TURN NUM = 6.
[2025-10-30 16:08:24,889] [INFO] ENTER: 'GraphRAG' calling 'query_graph'; CURRENT SPEAKER: grok-4_mas_rag, DIALOGUE TURN NUM = 6.
[2025-10-30 16:08:25,029] [INFO] EXIT: 'GraphRAG' calling 'query_graph' (0.13989925384521484 secs).
[2025-10-30 16:08:25,029] [INFO] EXIT: 'GraphRAG' calling 'question' (0.14049100875854492 secs).
[2025-10-30 16:08:25,046] [INFO] ENTER: 'GraphRAG' calling 'why'; CURRENT SPEAKER: grok-4_mas_rag, DIALOGUE TURN NUM = 6.
[2025-10-30 16:08:25,046] [INFO] ENTER: 'GraphRAG' calling 'query_graph'; CURRENT SPEAKER: grok-4_mas_rag, DIALOGUE TURN NUM = 6.
[2025-10-30 16:08:25,763] [INFO] EXIT: 'GraphRAG' calling 'query_graph' (0.7169344425201416 secs).
[2025-10-30 16:08:25,763] [INFO] EXIT: 'GraphRAG' calling 'why' (0.7173330783843994 secs).
[2025-10-30 16:08:25,763] [INFO] ENTER: 'GraphRAG' calling 'claim_negation'; CURRENT SPEAKER: grok-4_mas_rag, DIALOGUE TURN NUM = 6.
[2025-10-30 16:08:25,764] [INFO] ENTER: 'GraphRAG' calling 'query_graph'; CURRENT SPEAKER: grok-4_mas_rag, DIALOGUE TURN NUM = 6.
[2025-10-30 16:08:26,453] [INFO] EXIT: 'GraphRAG' calling 'query_graph' (0.6891772747039795 secs).
[2025-10-30 16:08:26,453] [INFO] EXIT: 'GraphRAG' calling 'claim_negation' (0.6896564960479736 secs).
[2025-10-30 16:08:26,453] [INFO] ENTER: 'GraphRAG' calling 'concede'; CURRENT SPEAKER: grok-4_mas_rag, DIALOGUE TURN NUM = 6.
[2025-10-30 16:08:26,453] [INFO] ENTER: 'GraphRAG' calling 'query_graph'; CURRENT SPEAKER: grok-4_mas_rag, DIALOGUE TURN NUM = 6.
[2025-10-30 16:08:27,171] [INFO] EXIT: 'GraphRAG' calling 'query_graph' (0.7181501388549805 secs).
[2025-10-30 16:08:27,172] [INFO] EXIT: 'GraphRAG' calling 'concede' (0.7186284065246582 secs).
[2025-10-30 16:08:27,172] [INFO] ENTER: 'GraphRAG' calling 'question'; CURRENT SPEAKER: grok-4_mas_rag, DIALOGUE TURN NUM = 6.
[2025-10-30 16:08:27,172] [INFO] ENTER: 'GraphRAG' calling 'query_graph'; CURRENT SPEAKER: grok-4_mas_rag, DIALOGUE TURN NUM = 6.
[2025-10-30 16:08:27,300] [INFO] EXIT: 'GraphRAG' calling 'query_graph' (0.12825584411621094 secs).
[2025-10-30 16:08:27,300] [INFO] EXIT: 'GraphRAG' calling 'question' (0.1287527084350586 secs).
[2025-10-30 16:08:27,316] [INFO] ENTER: 'GraphRAG' calling 'why'; CURRENT SPEAKER: grok-4_mas_rag, DIALOGUE TURN NUM = 6.
[2025-10-30 16:08:27,317] [INFO] ENTER: 'GraphRAG' calling 'query_graph'; CURRENT SPEAKER: grok-4_mas_rag, DIALOGUE TURN NUM = 6.
[2025-10-30 16:08:28,078] [INFO] EXIT: 'GraphRAG' calling 'query_graph' (0.7615251541137695 secs).
[2025-10-30 16:08:28,078] [INFO] EXIT: 'GraphRAG' calling 'why' (0.7619645595550537 secs).
[2025-10-30 16:08:28,078] [INFO] ENTER: 'GraphRAG' calling 'concede'; CURRENT SPEAKER: grok-4_mas_rag, DIALOGUE TURN NUM = 6.
[2025-10-30 16:08:28,079] [INFO] ENTER: 'GraphRAG' calling 'query_graph'; CURRENT SPEAKER: grok-4_mas_rag, DIALOGUE TURN NUM = 6.
[2025-10-30 16:08:28,798] [INFO] EXIT: 'GraphRAG' calling 'query_graph' (0.7189717292785645 secs).
[2025-10-30 16:08:28,798] [INFO] EXIT: 'GraphRAG' calling 'concede' (0.7194302082061768 secs).
[2025-10-30 16:08:28,798] [INFO] ENTER: 'GraphRAG' calling 'question'; CURRENT SPEAKER: grok-4_mas_rag, DIALOGUE TURN NUM = 6.
[2025-10-30 16:08:28,798] [INFO] ENTER: 'GraphRAG' calling 'query_graph'; CURRENT SPEAKER: grok-4_mas_rag, DIALOGUE TURN NUM = 6.
[2025-10-30 16:08:29,495] [INFO] EXIT: 'GraphRAG' calling 'query_graph' (0.6966712474822998 secs).
[2025-10-30 16:08:29,495] [INFO] EXIT: 'GraphRAG' calling 'question' (0.6971216201782227 secs).
[2025-10-30 16:08:29,511] [INFO] ENTER: 'GraphRAG' calling 'why'; CURRENT SPEAKER: grok-4_mas_rag, DIALOGUE TURN NUM = 6.
[2025-10-30 16:08:29,511] [INFO] ENTER: 'GraphRAG' calling 'query_graph'; CURRENT SPEAKER: grok-4_mas_rag, DIALOGUE TURN NUM = 6.
[2025-10-30 16:08:30,229] [INFO] EXIT: 'GraphRAG' calling 'query_graph' (0.717719554901123 secs).
[2025-10-30 16:08:30,229] [INFO] EXIT: 'GraphRAG' calling 'why' (0.7181258201599121 secs).
[2025-10-30 16:08:30,229] [INFO] ENTER: 'GraphRAG' calling 'claim_negation'; CURRENT SPEAKER: grok-4_mas_rag, DIALOGUE TURN NUM = 6.
[2025-10-30 16:08:30,229] [INFO] ENTER: 'GraphRAG' calling 'query_graph'; CURRENT SPEAKER: grok-4_mas_rag, DIALOGUE TURN NUM = 6.
[2025-10-30 16:08:30,921] [INFO] EXIT: 'GraphRAG' calling 'query_graph' (0.69132399559021 secs).
[2025-10-30 16:08:30,921] [INFO] EXIT: 'GraphRAG' calling 'claim_negation' (0.6918156147003174 secs).
[2025-10-30 16:08:30,921] [INFO] ENTER: 'GraphRAG' calling 'concede'; CURRENT SPEAKER: grok-4_mas_rag, DIALOGUE TURN NUM = 6.
[2025-10-30 16:08:30,921] [INFO] ENTER: 'GraphRAG' calling 'query_graph'; CURRENT SPEAKER: grok-4_mas_rag, DIALOGUE TURN NUM = 6.
[2025-10-30 16:08:31,637] [INFO] EXIT: 'GraphRAG' calling 'query_graph' (0.7161645889282227 secs).
[2025-10-30 16:08:31,637] [INFO] EXIT: 'GraphRAG' calling 'concede' (0.7166423797607422 secs).
[2025-10-30 16:08:31,637] [INFO] ENTER: 'GraphRAG' calling 'question'; CURRENT SPEAKER: grok-4_mas_rag, DIALOGUE TURN NUM = 6.
[2025-10-30 16:08:31,638] [INFO] ENTER: 'GraphRAG' calling 'query_graph'; CURRENT SPEAKER: grok-4_mas_rag, DIALOGUE TURN NUM = 6.
[2025-10-30 16:08:31,767] [INFO] EXIT: 'GraphRAG' calling 'query_graph' (0.12923383712768555 secs).
[2025-10-30 16:08:31,767] [INFO] EXIT: 'GraphRAG' calling 'question' (0.12965130805969238 secs).
[2025-10-30 16:08:31,767] [INFO] ENTER: 'GraphRAG' calling 'return_rag_examples'; CURRENT SPEAKER: grok-4_mas_rag, DIALOGUE TURN NUM = 6.
[2025-10-30 16:08:31,767] [INFO] EXIT: 'GraphRAG' calling 'return_rag_examples' (2.384185791015625e-06 secs).
[2025-10-30 16:08:31,770] [INFO] ENTER: 'DialogueMoveGenerator' calling 'generate'; CURRENT SPEAKER: grok-4_mas_rag, DIALOGUE TURN NUM = 6.
[2025-10-30 16:08:31,770] [INFO] ENTER: 'MASPromptGenerator' calling 'claim_negation'; CURRENT SPEAKER: grok-4_mas_rag, DIALOGUE TURN NUM = 6.
[2025-10-30 16:08:31,770] [INFO] EXIT: 'MASPromptGenerator' calling 'claim_negation' (5.459785461425781e-05 secs).
[2025-10-30 16:08:31,771] [INFO] ENTER: 'DialogueMoveGenerator' calling 'generate'; CURRENT SPEAKER: grok-4_mas_rag, DIALOGUE TURN NUM = 6.
[2025-10-30 16:08:31,771] [INFO] ENTER: 'DialogueMoveGenerator' calling 'generate'; CURRENT SPEAKER: grok-4_mas_rag, DIALOGUE TURN NUM = 6.
[2025-10-30 16:08:31,771] [INFO] ENTER: 'MASPromptGenerator' calling 'concede_claim'; CURRENT SPEAKER: grok-4_mas_rag, DIALOGUE TURN NUM = 6.
[2025-10-30 16:08:31,771] [INFO] ENTER: 'DialogueMoveGenerator' calling 'generate'; CURRENT SPEAKER: grok-4_mas_rag, DIALOGUE TURN NUM = 6.
[2025-10-30 16:08:31,772] [INFO] ENTER: 'MASPromptGenerator' calling 'question_claim'; CURRENT SPEAKER: grok-4_mas_rag, DIALOGUE TURN NUM = 6.
[2025-10-30 16:08:31,772] [INFO] EXIT: 'MASPromptGenerator' calling 'concede_claim' (4.1961669921875e-05 secs).
[2025-10-30 16:08:31,772] [INFO] ENTER: 'MASPromptGenerator' calling 'why_claim'; CURRENT SPEAKER: grok-4_mas_rag, DIALOGUE TURN NUM = 6.
[2025-10-30 16:08:31,772] [INFO] EXIT: 'MASPromptGenerator' calling 'question_claim' (6.866455078125e-05 secs).
[2025-10-30 16:08:31,773] [INFO] EXIT: 'MASPromptGenerator' calling 'why_claim' (4.029273986816406e-05 secs).
[2025-10-30 16:08:33,131] [INFO] Completion returned and validated from MODEL = 'grok-4'.
[2025-10-30 16:08:33,275] [INFO] Completion returned and validated from MODEL = 'grok-4'.
[2025-10-30 16:08:33,307] [INFO] Completion returned and validated from MODEL = 'grok-4'.
[2025-10-30 16:08:33,415] [INFO] Completion returned and validated from MODEL = 'grok-4'.
[2025-10-30 16:08:34,788] [INFO] Completion returned and validated from MODEL = 'grok-4'.
[2025-10-30 16:08:34,792] [INFO] Completion returned and validated from MODEL = 'grok-4'.
[2025-10-30 16:08:34,835] [INFO] Completion returned and validated from MODEL = 'grok-4'.
[2025-10-30 16:08:34,964] [INFO] Completion returned and validated from MODEL = 'grok-4'.
[2025-10-30 16:08:36,192] [INFO] Completion returned and validated from MODEL = 'grok-4'.
[2025-10-30 16:08:36,263] [INFO] Completion returned and validated from MODEL = 'grok-4'.
[2025-10-30 16:08:36,301] [INFO] Completion returned and validated from MODEL = 'grok-4'.
[2025-10-30 16:08:36,466] [INFO] Completion returned and validated from MODEL = 'grok-4'.
[2025-10-30 16:08:37,389] [INFO] Completion returned and validated from MODEL = 'grok-4'.
[2025-10-30 16:08:37,755] [INFO] Completion returned and validated from MODEL = 'grok-4'.
[2025-10-30 16:08:37,756] [INFO] Completion returned and validated from MODEL = 'grok-4'.
[2025-10-30 16:08:37,773] [INFO] Completion returned and validated from MODEL = 'grok-4'.
[2025-10-30 16:08:38,860] [INFO] Completion returned and validated from MODEL = 'grok-4'.
[2025-10-30 16:08:39,197] [INFO] Completion returned and validated from MODEL = 'grok-4'.
[2025-10-30 16:08:39,256] [INFO] Completion returned and validated from MODEL = 'grok-4'.
[2025-10-30 16:08:39,304] [INFO] Completion returned and validated from MODEL = 'grok-4'.
[2025-10-30 16:08:40,157] [INFO] Completion returned and validated from MODEL = 'grok-4'.
[2025-10-30 16:08:40,808] [INFO] Completion returned and validated from MODEL = 'grok-4'.
[2025-10-30 16:08:40,860] [INFO] Completion returned and validated from MODEL = 'grok-4'.
[2025-10-30 16:08:41,063] [INFO] Completion returned and validated from MODEL = 'grok-4'.
[2025-10-30 16:08:41,063] [INFO] EXIT: 'DialogueMoveGenerator' calling 'generate' (9.293201208114624 secs).
[2025-10-30 16:08:41,246] [INFO] Completion returned and validated from MODEL = 'grok-4'.
[2025-10-30 16:08:41,246] [INFO] EXIT: 'DialogueMoveGenerator' calling 'generate' (9.474665641784668 secs).
[2025-10-30 16:08:42,204] [INFO] Completion returned and validated from MODEL = 'grok-4'.
[2025-10-30 16:08:42,204] [INFO] EXIT: 'DialogueMoveGenerator' calling 'generate' (10.432419776916504 secs).
[2025-10-30 16:08:42,238] [INFO] Completion returned and validated from MODEL = 'grok-4'.
[2025-10-30 16:08:42,238] [INFO] EXIT: 'DialogueMoveGenerator' calling 'generate' (10.466678857803345 secs).
[2025-10-30 16:08:42,239] [INFO] ENTER: 'MASPromptGenerator' calling 'persuasiveness_choice'; CURRENT SPEAKER: grok-4_mas_rag, DIALOGUE TURN NUM = 6.
[2025-10-30 16:08:42,239] [INFO] EXIT: 'MASPromptGenerator' calling 'persuasiveness_choice' (0.00018644332885742188 secs).
[2025-10-30 16:08:43,690] [INFO] Completion returned and validated within 'PersuasivenessChoiceAgent'; MODEL = 'grok-4'; DIALOGUE TURN NUM = 6.
[2025-10-30 16:08:45,474] [INFO] Completion returned and validated within 'PersuasivenessChoiceAgent'; MODEL = 'grok-4'; DIALOGUE TURN NUM = 6.
[2025-10-30 16:08:48,327] [INFO] Completion returned and validated within 'PersuasivenessChoiceAgent'; MODEL = 'grok-4'; DIALOGUE TURN NUM = 6.
[2025-10-30 16:08:50,457] [INFO] Completion returned and validated within 'PersuasivenessChoiceAgent'; MODEL = 'grok-4'; DIALOGUE TURN NUM = 6.
[2025-10-30 16:08:52,510] [INFO] Completion returned and validated within 'PersuasivenessChoiceAgent'; MODEL = 'grok-4'; DIALOGUE TURN NUM = 6.
[2025-10-30 16:08:54,031] [INFO] Completion returned and validated within 'PersuasivenessChoiceAgent'; MODEL = 'grok-4'; DIALOGUE TURN NUM = 6.
[2025-10-30 16:08:56,259] [INFO] Completion returned and validated within 'PersuasivenessChoiceAgent'; MODEL = 'grok-4'; DIALOGUE TURN NUM = 6.
[2025-10-30 16:08:56,259] [INFO] ENTER: 'DisambiguationAgent' calling '_grouping_similar_utterance_types'; CURRENT SPEAKER: grok-4_mas_rag, DIALOGUE TURN NUM = 6.
[2025-10-30 16:08:56,259] [INFO] EXIT: 'DisambiguationAgent' calling '_grouping_similar_utterance_types' (1.52587890625e-05 secs).
[2025-10-30 16:08:56,260] [INFO] ENTER: 'DisambiguationAgent' calling '_identifying_similar_sentences_and_choosing_one_to_return_to_user'; CURRENT SPEAKER: grok-4_mas_rag, DIALOGUE TURN NUM = 6.
[2025-10-30 16:09:00,151] [INFO] 'DisambiguationAgent' grouped similar sentences, completion returned and validated; MODEL = 'grok-4'.
[2025-10-30 16:09:00,927] [INFO] 'DisambiguationAgent' chose sentences to remove, completion returned and validated from MODEL = 'grok-4'.
[2025-10-30 16:09:01,831] [INFO] 'DisambiguationAgent' chose sentences to remove, completion returned and validated from MODEL = 'grok-4'.
[2025-10-30 16:09:02,600] [INFO] 'DisambiguationAgent' chose sentences to remove, completion returned and validated from MODEL = 'grok-4'.
[2025-10-30 16:09:03,481] [INFO] 'DisambiguationAgent' chose sentences to remove, completion returned and validated from MODEL = 'grok-4'.
[2025-10-30 16:09:04,251] [INFO] 'DisambiguationAgent' chose sentences to remove, completion returned and validated from MODEL = 'grok-4'.
[2025-10-30 16:09:04,251] [INFO] EXIT: 'DisambiguationAgent' calling '_identifying_similar_sentences_and_choosing_one_to_return_to_user' (7.991239070892334 secs).
[2025-10-30 16:09:04,251] [INFO] ENTER: 'DisambiguationAgent' calling '_identifying_similar_sentences_and_choosing_one_to_return_to_user'; CURRENT SPEAKER: grok-4_mas_rag, DIALOGUE TURN NUM = 6.
[2025-10-30 16:09:08,214] [INFO] 'DisambiguationAgent' grouped similar sentences, completion returned and validated; MODEL = 'grok-4'.
[2025-10-30 16:09:10,872] [ERROR] 'DisambiguationAgent' could not choose sentences to remove, completion not validated; MODEL = 'grok-4'; 
 REASON: 

 1 validation error for PersuasivenessChoice
  Invalid JSON: trailing characters at line 3 column 1 [type=json_invalid, input_value='{"Choice": "Why ignore t... a compelling critique.', input_type=str]
    For further information visit https://errors.pydantic.dev/2.12/v/json_invalid
[2025-10-30 16:09:11,579] [INFO] 'DisambiguationAgent' chose sentences to remove, completion returned and validated from MODEL = 'grok-4'.
[2025-10-30 16:09:12,354] [INFO] 'DisambiguationAgent' chose sentences to remove, completion returned and validated from MODEL = 'grok-4'.
[2025-10-30 16:09:13,123] [INFO] 'DisambiguationAgent' chose sentences to remove, completion returned and validated from MODEL = 'grok-4'.
[2025-10-30 16:09:13,871] [INFO] 'DisambiguationAgent' chose sentences to remove, completion returned and validated from MODEL = 'grok-4'.
[2025-10-30 16:09:14,644] [INFO] 'DisambiguationAgent' chose sentences to remove, completion returned and validated from MODEL = 'grok-4'.
[2025-10-30 16:09:16,995] [ERROR] 'DisambiguationAgent' could not choose sentences to remove, completion not validated; MODEL = 'grok-4'; 
 REASON: 

 1 validation error for PersuasivenessChoice
  Invalid JSON: trailing characters at line 3 column 1 [type=json_invalid, input_value='{"Choice": "Why ignore t...n of the opposing view.', input_type=str]
    For further information visit https://errors.pydantic.dev/2.12/v/json_invalid
[2025-10-30 16:09:16,995] [INFO] EXIT: 'DisambiguationAgent' calling '_identifying_similar_sentences_and_choosing_one_to_return_to_user' (12.744006872177124 secs).
[2025-10-30 16:09:16,995] [INFO] ENTER: 'DisambiguationAgent' calling '_removing_repetitive_sentences'; CURRENT SPEAKER: grok-4_mas_rag, DIALOGUE TURN NUM = 6.
[2025-10-30 16:09:16,995] [INFO] EXIT: 'DisambiguationAgent' calling '_removing_repetitive_sentences' (2.6941299438476562e-05 secs).
[2025-10-30 16:09:16,995] [INFO] ENTER: 'DisambiguationAgent' calling '_choose_the_most_persuasive_sentences'; CURRENT SPEAKER: grok-4_mas_rag, DIALOGUE TURN NUM = 6.
[2025-10-30 16:09:18,653] [INFO] 'DisambiguationAgent': reached maximum allowed sentences, succussfully chose most persuasive sentences, completion returned and validated from MODEL = 'grok-4'.
[2025-10-30 16:09:18,653] [INFO] EXIT: 'DisambiguationAgent' calling '_choose_the_most_persuasive_sentences' (1.6584124565124512 secs).
[2025-10-30 16:09:18,653] [INFO] ENTER: 'DisambiguationAgent' calling 'return_disambiguated_sentences'; CURRENT SPEAKER: grok-4_mas_rag, DIALOGUE TURN NUM = 6.
[2025-10-30 16:09:18,653] [INFO] EXIT: 'DisambiguationAgent' calling 'return_disambiguated_sentences' (2.86102294921875e-06 secs).
[2025-10-30 16:09:18,654] [ERROR] Wrong state used; State of type HumanState; error message: dict has unexpected extra key(s): "graph_rag_examples", "intermediate_generations", "knowledge_base_ensemble_or_model_name", "model_seed", "model_temp", "model_top_p", "number_of_graph_rag_examples", "number_of_vector_based_rag_examples", "political_position_prob_of_na", "political_position_range", "political_position_std", "speaker_model_name", "speaker_type", "vector_based_persona_string", "vector_based_persona_sys_prompt"
[2025-10-30 16:09:18,654] [INFO] Correct state used; State of type GenerationAgentsState; 'IGNORE THE ABOVE ERRORS'.
[2025-10-30 16:09:19,205] [INFO] 'commitment_update' completed '___Claim___' update for current speaker's commitments; MODEL = 'grok-4'.
[2025-10-30 16:09:19,744] [INFO] 'commitment_update' completed '___Claim___' update for current speaker's commitments; MODEL = 'grok-4'.
[2025-10-30 16:09:20,309] [INFO] 'commitment_update' completed '___Claim___' update for current speaker's commitments; MODEL = 'grok-4'.
[2025-10-30 16:09:20,432] [ERROR] Wrong state used; State of type HumanState; error message: dict has unexpected extra key(s): "graph_rag_examples", "intermediate_generations", "knowledge_base_ensemble_or_model_name", "model_seed", "model_temp", "model_top_p", "number_of_graph_rag_examples", "number_of_vector_based_rag_examples", "political_position_prob_of_na", "political_position_range", "political_position_std", "speaker_model_name", "speaker_type", "vector_based_persona_string", "vector_based_persona_sys_prompt"
[2025-10-30 16:09:20,433] [INFO] Correct state used; State of type GenerationAgentsState; 'IGNORE THE ABOVE ERRORS'.
[2025-10-30 16:09:20,433] [INFO] ENTER: 'UtteranceClassificationAgent' calling '_classify_sentence_utterance_types'; CURRENT SPEAKER: mistral-medium_mas, DIALOGUE TURN NUM = 7.
[2025-10-30 16:09:21,014] [INFO] 'UtteranceClassificationAgent' completion returned and validated from MODEL = 'ModelName.MISTRAL_MEDIUM'.
[2025-10-30 16:09:21,928] [INFO] 'UtteranceClassificationAgent' completion returned and validated from MODEL = 'ModelName.MISTRAL_MEDIUM'.
[2025-10-30 16:09:22,434] [INFO] 'UtteranceClassificationAgent' completion returned and validated from MODEL = 'ModelName.MISTRAL_MEDIUM'.
[2025-10-30 16:09:23,060] [INFO] 'UtteranceClassificationAgent' completion returned and validated from MODEL = 'ModelName.MISTRAL_MEDIUM'.
[2025-10-30 16:09:23,585] [INFO] 'UtteranceClassificationAgent' completion returned and validated from MODEL = 'ModelName.MISTRAL_MEDIUM'.
[2025-10-30 16:09:23,585] [INFO] EXIT: 'UtteranceClassificationAgent' calling '_classify_sentence_utterance_types' (3.1524851322174072 secs).
[2025-10-30 16:09:23,585] [INFO] ENTER: 'UtteranceClassificationAgent' calling 'return_classified_sentences'; CURRENT SPEAKER: mistral-medium_mas, DIALOGUE TURN NUM = 7.
[2025-10-30 16:09:23,585] [INFO] EXIT: 'UtteranceClassificationAgent' calling 'return_classified_sentences' (1.430511474609375e-06 secs).
[2025-10-30 16:09:23,589] [INFO] ENTER: 'DialogueMoveGenerator' calling 'generate'; CURRENT SPEAKER: mistral-medium_mas, DIALOGUE TURN NUM = 7.
[2025-10-30 16:09:23,589] [INFO] ENTER: 'MASPromptGenerator' calling 'claim'; CURRENT SPEAKER: mistral-medium_mas, DIALOGUE TURN NUM = 7.
[2025-10-30 16:09:23,589] [INFO] EXIT: 'MASPromptGenerator' calling 'claim' (3.2901763916015625e-05 secs).
[2025-10-30 16:09:23,589] [INFO] ENTER: 'DialogueMoveGenerator' calling 'generate'; CURRENT SPEAKER: mistral-medium_mas, DIALOGUE TURN NUM = 7.
[2025-10-30 16:09:23,589] [INFO] ENTER: 'MASPromptGenerator' calling 'claim_negation'; CURRENT SPEAKER: mistral-medium_mas, DIALOGUE TURN NUM = 7.
[2025-10-30 16:09:23,589] [INFO] EXIT: 'MASPromptGenerator' calling 'claim_negation' (2.2172927856445312e-05 secs).
[2025-10-30 16:09:23,590] [INFO] ENTER: 'DialogueMoveGenerator' calling 'generate'; CURRENT SPEAKER: mistral-medium_mas, DIALOGUE TURN NUM = 7.
[2025-10-30 16:09:23,590] [INFO] ENTER: 'MASPromptGenerator' calling 'concede_claim'; CURRENT SPEAKER: mistral-medium_mas, DIALOGUE TURN NUM = 7.
[2025-10-30 16:09:23,590] [INFO] EXIT: 'MASPromptGenerator' calling 'concede_claim' (2.3365020751953125e-05 secs).
[2025-10-30 16:09:23,591] [INFO] ENTER: 'DialogueMoveGenerator' calling 'generate'; CURRENT SPEAKER: mistral-medium_mas, DIALOGUE TURN NUM = 7.
[2025-10-30 16:09:23,591] [INFO] ENTER: 'MASPromptGenerator' calling 'question_claim'; CURRENT SPEAKER: mistral-medium_mas, DIALOGUE TURN NUM = 7.
[2025-10-30 16:09:23,591] [INFO] EXIT: 'MASPromptGenerator' calling 'question_claim' (3.0517578125e-05 secs).
[2025-10-30 16:09:23,592] [INFO] ENTER: 'DialogueMoveGenerator' calling 'generate'; CURRENT SPEAKER: mistral-medium_mas, DIALOGUE TURN NUM = 7.
[2025-10-30 16:09:23,593] [INFO] ENTER: 'MASPromptGenerator' calling 'retract_claim'; CURRENT SPEAKER: mistral-medium_mas, DIALOGUE TURN NUM = 7.
[2025-10-30 16:09:23,593] [INFO] EXIT: 'MASPromptGenerator' calling 'retract_claim' (2.765655517578125e-05 secs).
[2025-10-30 16:09:23,593] [INFO] ENTER: 'DialogueMoveGenerator' calling 'generate'; CURRENT SPEAKER: mistral-medium_mas, DIALOGUE TURN NUM = 7.
[2025-10-30 16:09:23,593] [INFO] ENTER: 'MASPromptGenerator' calling 'since_claim'; CURRENT SPEAKER: mistral-medium_mas, DIALOGUE TURN NUM = 7.
[2025-10-30 16:09:23,593] [INFO] EXIT: 'MASPromptGenerator' calling 'since_claim' (2.1219253540039062e-05 secs).
[2025-10-30 16:09:23,594] [INFO] ENTER: 'DialogueMoveGenerator' calling 'generate'; CURRENT SPEAKER: mistral-medium_mas, DIALOGUE TURN NUM = 7.
[2025-10-30 16:09:23,594] [INFO] ENTER: 'MASPromptGenerator' calling 'why_claim'; CURRENT SPEAKER: mistral-medium_mas, DIALOGUE TURN NUM = 7.
[2025-10-30 16:09:23,594] [INFO] EXIT: 'MASPromptGenerator' calling 'why_claim' (2.6702880859375e-05 secs).
[2025-10-30 16:09:25,864] [INFO] Completion returned and validated from MODEL = 'mistral-medium'.
[2025-10-30 16:09:25,889] [INFO] Completion returned and validated from MODEL = 'mistral-medium'.
[2025-10-30 16:09:25,990] [INFO] Completion returned and validated from MODEL = 'mistral-medium'.
[2025-10-30 16:09:26,186] [INFO] Completion returned and validated from MODEL = 'mistral-medium'.
[2025-10-30 16:09:26,222] [INFO] Completion returned and validated from MODEL = 'mistral-medium'.
[2025-10-30 16:09:26,343] [INFO] Completion returned and validated from MODEL = 'mistral-medium'.
[2025-10-30 16:09:26,540] [INFO] Completion returned and validated from MODEL = 'mistral-medium'.
[2025-10-30 16:09:28,168] [INFO] Completion returned and validated from MODEL = 'mistral-medium'.
[2025-10-30 16:09:28,168] [INFO] EXIT: 'DialogueMoveGenerator' calling 'generate' (4.575031757354736 secs).
[2025-10-30 16:09:28,340] [INFO] Completion returned and validated from MODEL = 'mistral-medium'.
[2025-10-30 16:09:28,340] [INFO] EXIT: 'DialogueMoveGenerator' calling 'generate' (4.750901222229004 secs).
[2025-10-30 16:09:28,556] [INFO] Completion returned and validated from MODEL = 'mistral-medium'.
[2025-10-30 16:09:28,559] [INFO] Completion returned and validated from MODEL = 'mistral-medium'.
[2025-10-30 16:09:28,957] [INFO] Completion returned and validated from MODEL = 'mistral-medium'.
[2025-10-30 16:09:28,980] [INFO] Completion returned and validated from MODEL = 'mistral-medium'.
[2025-10-30 16:09:29,852] [INFO] Completion returned and validated from MODEL = 'mistral-medium'.
[2025-10-30 16:09:29,853] [INFO] EXIT: 'DialogueMoveGenerator' calling 'generate' (6.259540557861328 secs).
[2025-10-30 16:09:30,897] [INFO] Completion returned and validated from MODEL = 'mistral-medium'.
[2025-10-30 16:09:30,898] [INFO] EXIT: 'DialogueMoveGenerator' calling 'generate' (7.307541608810425 secs).
[2025-10-30 16:09:31,139] [INFO] Completion returned and validated from MODEL = 'mistral-medium'.
[2025-10-30 16:09:31,139] [INFO] EXIT: 'DialogueMoveGenerator' calling 'generate' (7.545630216598511 secs).
[2025-10-30 16:09:31,420] [INFO] Completion returned and validated from MODEL = 'mistral-medium'.
[2025-10-30 16:09:31,420] [INFO] EXIT: 'DialogueMoveGenerator' calling 'generate' (7.830519199371338 secs).
[2025-10-30 16:09:31,545] [INFO] Completion returned and validated from MODEL = 'mistral-medium'.
[2025-10-30 16:09:31,545] [INFO] EXIT: 'DialogueMoveGenerator' calling 'generate' (7.954628229141235 secs).
[2025-10-30 16:09:31,546] [INFO] ENTER: 'MASPromptGenerator' calling 'persuasiveness_choice'; CURRENT SPEAKER: mistral-medium_mas, DIALOGUE TURN NUM = 7.
[2025-10-30 16:09:31,547] [INFO] EXIT: 'MASPromptGenerator' calling 'persuasiveness_choice' (0.00011539459228515625 secs).
[2025-10-30 16:09:35,909] [INFO] Completion returned and validated within 'PersuasivenessChoiceAgent'; MODEL = 'mistral-medium'; DIALOGUE TURN NUM = 7.
[2025-10-30 16:09:40,009] [INFO] Completion returned and validated within 'PersuasivenessChoiceAgent'; MODEL = 'mistral-medium'; DIALOGUE TURN NUM = 7.
[2025-10-30 16:09:42,646] [INFO] Completion returned and validated within 'PersuasivenessChoiceAgent'; MODEL = 'mistral-medium'; DIALOGUE TURN NUM = 7.
[2025-10-30 16:09:45,807] [INFO] Completion returned and validated within 'PersuasivenessChoiceAgent'; MODEL = 'mistral-medium'; DIALOGUE TURN NUM = 7.
[2025-10-30 16:09:49,162] [INFO] Completion returned and validated within 'PersuasivenessChoiceAgent'; MODEL = 'mistral-medium'; DIALOGUE TURN NUM = 7.
[2025-10-30 16:09:49,163] [INFO] ENTER: 'DisambiguationAgent' calling '_grouping_similar_utterance_types'; CURRENT SPEAKER: mistral-medium_mas, DIALOGUE TURN NUM = 7.
[2025-10-30 16:09:49,163] [INFO] EXIT: 'DisambiguationAgent' calling '_grouping_similar_utterance_types' (1.0967254638671875e-05 secs).
[2025-10-30 16:09:49,163] [INFO] ENTER: 'DisambiguationAgent' calling '_identifying_similar_sentences_and_choosing_one_to_return_to_user'; CURRENT SPEAKER: mistral-medium_mas, DIALOGUE TURN NUM = 7.
[2025-10-30 16:09:55,668] [INFO] 'DisambiguationAgent' grouped similar sentences, completion returned and validated; MODEL = 'mistral-medium'.
[2025-10-30 16:09:56,832] [INFO] 'DisambiguationAgent' chose sentences to remove, completion returned and validated from MODEL = 'mistral-medium'.
[2025-10-30 16:09:58,704] [INFO] 'DisambiguationAgent' chose sentences to remove, completion returned and validated from MODEL = 'mistral-medium'.
[2025-10-30 16:09:59,918] [INFO] 'DisambiguationAgent' chose sentences to remove, completion returned and validated from MODEL = 'mistral-medium'.
[2025-10-30 16:10:00,846] [INFO] 'DisambiguationAgent' chose sentences to remove, completion returned and validated from MODEL = 'mistral-medium'.
[2025-10-30 16:10:00,846] [INFO] EXIT: 'DisambiguationAgent' calling '_identifying_similar_sentences_and_choosing_one_to_return_to_user' (11.682770490646362 secs).
[2025-10-30 16:10:00,846] [INFO] ENTER: 'DisambiguationAgent' calling '_identifying_similar_sentences_and_choosing_one_to_return_to_user'; CURRENT SPEAKER: mistral-medium_mas, DIALOGUE TURN NUM = 7.
[2025-10-30 16:10:03,573] [INFO] 'DisambiguationAgent' grouped similar sentences, completion returned and validated; MODEL = 'mistral-medium'.
[2025-10-30 16:10:04,600] [INFO] 'DisambiguationAgent' chose sentences to remove, completion returned and validated from MODEL = 'mistral-medium'.
[2025-10-30 16:10:05,536] [INFO] 'DisambiguationAgent' chose sentences to remove, completion returned and validated from MODEL = 'mistral-medium'.
[2025-10-30 16:10:05,537] [INFO] EXIT: 'DisambiguationAgent' calling '_identifying_similar_sentences_and_choosing_one_to_return_to_user' (4.6905152797698975 secs).
[2025-10-30 16:10:05,537] [INFO] ENTER: 'DisambiguationAgent' calling '_removing_repetitive_sentences'; CURRENT SPEAKER: mistral-medium_mas, DIALOGUE TURN NUM = 7.
[2025-10-30 16:10:05,537] [INFO] EXIT: 'DisambiguationAgent' calling '_removing_repetitive_sentences' (1.7642974853515625e-05 secs).
[2025-10-30 16:10:05,537] [INFO] ENTER: 'DisambiguationAgent' calling '_choose_the_most_persuasive_sentences'; CURRENT SPEAKER: mistral-medium_mas, DIALOGUE TURN NUM = 7.
[2025-10-30 16:10:09,004] [INFO] 'DisambiguationAgent': reached maximum allowed sentences, succussfully chose most persuasive sentences, completion returned and validated from MODEL = 'mistral-medium'.
[2025-10-30 16:10:09,004] [INFO] EXIT: 'DisambiguationAgent' calling '_choose_the_most_persuasive_sentences' (3.4672534465789795 secs).
[2025-10-30 16:10:09,004] [INFO] ENTER: 'DisambiguationAgent' calling 'return_disambiguated_sentences'; CURRENT SPEAKER: mistral-medium_mas, DIALOGUE TURN NUM = 7.
[2025-10-30 16:10:09,004] [INFO] EXIT: 'DisambiguationAgent' calling 'return_disambiguated_sentences' (2.6226043701171875e-06 secs).
[2025-10-30 16:10:09,005] [ERROR] Wrong state used; State of type HumanState; error message: dict has unexpected extra key(s): "graph_rag_examples", "intermediate_generations", "knowledge_base_ensemble_or_model_name", "model_seed", "model_temp", "model_top_p", "number_of_graph_rag_examples", "number_of_vector_based_rag_examples", "political_position_prob_of_na", "political_position_range", "political_position_std", "speaker_model_name", "speaker_type", "vector_based_persona_string", "vector_based_persona_sys_prompt"
[2025-10-30 16:10:09,005] [INFO] Correct state used; State of type GenerationAgentsState; 'IGNORE THE ABOVE ERRORS'.
[2025-10-30 16:10:09,512] [INFO] 'commitment_update' completed '___Since___' update; MODEL = 'mistral-medium'.
[2025-10-30 16:10:15,118] [INFO] 'commitment_update' completed '___Claim___' update for current speaker's commitments; MODEL = 'mistral-medium'.
[2025-10-30 16:10:15,682] [INFO] 'commitment_update' completed '___Claim___' update for current speaker's commitments; MODEL = 'mistral-medium'.
[2025-10-30 16:10:16,110] [INFO] 'commitment_update' completed '___Claim___' update for current speaker's commitments; MODEL = 'mistral-medium'.
[2025-10-30 16:10:16,664] [INFO] 'commitment_update' completed '___Claim___' update for current speaker's commitments; MODEL = 'mistral-medium'.
[2025-10-30 16:10:17,531] [INFO] 'commitment_update' completed '___Claim___' update for current speaker's commitments; MODEL = 'mistral-medium'.
[2025-10-30 16:10:17,601] [ERROR] Wrong state used; State of type HumanState; error message: dict has unexpected extra key(s): "graph_rag_examples", "intermediate_generations", "knowledge_base_ensemble_or_model_name", "model_seed", "model_temp", "model_top_p", "number_of_graph_rag_examples", "number_of_vector_based_rag_examples", "political_position_prob_of_na", "political_position_range", "political_position_std", "speaker_model_name", "speaker_type", "vector_based_persona_string", "vector_based_persona_sys_prompt"
[2025-10-30 16:10:17,601] [INFO] Correct state used; State of type GenerationAgentsState; 'IGNORE THE ABOVE ERRORS'.
[2025-10-30 16:10:17,601] [INFO] ENTER: 'UtteranceClassificationAgent' calling '_classify_sentence_utterance_types'; CURRENT SPEAKER: grok-4_mas_rag, DIALOGUE TURN NUM = 8.
[2025-10-30 16:10:18,189] [INFO] 'UtteranceClassificationAgent' completion returned and validated from MODEL = 'ModelName.GROK_4'.
[2025-10-30 16:10:18,743] [INFO] 'UtteranceClassificationAgent' completion returned and validated from MODEL = 'ModelName.GROK_4'.
[2025-10-30 16:10:19,342] [INFO] 'UtteranceClassificationAgent' completion returned and validated from MODEL = 'ModelName.GROK_4'.
[2025-10-30 16:10:19,940] [INFO] 'UtteranceClassificationAgent' completion returned and validated from MODEL = 'ModelName.GROK_4'.
[2025-10-30 16:10:20,479] [INFO] 'UtteranceClassificationAgent' completion returned and validated from MODEL = 'ModelName.GROK_4'.
[2025-10-30 16:10:21,006] [INFO] 'UtteranceClassificationAgent' completion returned and validated from MODEL = 'ModelName.GROK_4'.
[2025-10-30 16:10:21,006] [INFO] EXIT: 'UtteranceClassificationAgent' calling '_classify_sentence_utterance_types' (3.404228687286377 secs).
[2025-10-30 16:10:21,006] [INFO] ENTER: 'UtteranceClassificationAgent' calling 'return_classified_sentences'; CURRENT SPEAKER: grok-4_mas_rag, DIALOGUE TURN NUM = 8.
[2025-10-30 16:10:21,006] [INFO] EXIT: 'UtteranceClassificationAgent' calling 'return_classified_sentences' (1.9073486328125e-06 secs).
[2025-10-30 16:10:21,030] [INFO] ENTER: 'GraphRAG' calling 'why'; CURRENT SPEAKER: grok-4_mas_rag, DIALOGUE TURN NUM = 8.
[2025-10-30 16:10:21,031] [INFO] ENTER: 'GraphRAG' calling 'query_graph'; CURRENT SPEAKER: grok-4_mas_rag, DIALOGUE TURN NUM = 8.
[2025-10-30 16:10:21,793] [INFO] EXIT: 'GraphRAG' calling 'query_graph' (0.7627842426300049 secs).
[2025-10-30 16:10:21,793] [INFO] EXIT: 'GraphRAG' calling 'why' (0.7631523609161377 secs).
[2025-10-30 16:10:21,794] [INFO] ENTER: 'GraphRAG' calling 'concede'; CURRENT SPEAKER: grok-4_mas_rag, DIALOGUE TURN NUM = 8.
[2025-10-30 16:10:21,794] [INFO] ENTER: 'GraphRAG' calling 'query_graph'; CURRENT SPEAKER: grok-4_mas_rag, DIALOGUE TURN NUM = 8.
[2025-10-30 16:10:22,510] [INFO] EXIT: 'GraphRAG' calling 'query_graph' (0.7156229019165039 secs).
[2025-10-30 16:10:22,510] [INFO] EXIT: 'GraphRAG' calling 'concede' (0.7160279750823975 secs).
[2025-10-30 16:10:22,510] [INFO] ENTER: 'GraphRAG' calling 'question'; CURRENT SPEAKER: grok-4_mas_rag, DIALOGUE TURN NUM = 8.
[2025-10-30 16:10:22,510] [INFO] ENTER: 'GraphRAG' calling 'query_graph'; CURRENT SPEAKER: grok-4_mas_rag, DIALOGUE TURN NUM = 8.
[2025-10-30 16:10:23,207] [INFO] EXIT: 'GraphRAG' calling 'query_graph' (0.6967411041259766 secs).
[2025-10-30 16:10:23,207] [INFO] EXIT: 'GraphRAG' calling 'question' (0.6971211433410645 secs).
[2025-10-30 16:10:23,224] [INFO] ENTER: 'GraphRAG' calling 'why'; CURRENT SPEAKER: grok-4_mas_rag, DIALOGUE TURN NUM = 8.
[2025-10-30 16:10:23,225] [INFO] ENTER: 'GraphRAG' calling 'query_graph'; CURRENT SPEAKER: grok-4_mas_rag, DIALOGUE TURN NUM = 8.
[2025-10-30 16:10:23,985] [INFO] EXIT: 'GraphRAG' calling 'query_graph' (0.760516881942749 secs).
[2025-10-30 16:10:23,985] [INFO] EXIT: 'GraphRAG' calling 'why' (0.7609155178070068 secs).
[2025-10-30 16:10:23,985] [INFO] ENTER: 'GraphRAG' calling 'concede'; CURRENT SPEAKER: grok-4_mas_rag, DIALOGUE TURN NUM = 8.
[2025-10-30 16:10:23,986] [INFO] ENTER: 'GraphRAG' calling 'query_graph'; CURRENT SPEAKER: grok-4_mas_rag, DIALOGUE TURN NUM = 8.
[2025-10-30 16:10:24,705] [INFO] EXIT: 'GraphRAG' calling 'query_graph' (0.7193853855133057 secs).
[2025-10-30 16:10:24,705] [INFO] EXIT: 'GraphRAG' calling 'concede' (0.7197623252868652 secs).
[2025-10-30 16:10:24,705] [INFO] ENTER: 'GraphRAG' calling 'question'; CURRENT SPEAKER: grok-4_mas_rag, DIALOGUE TURN NUM = 8.
[2025-10-30 16:10:24,705] [INFO] ENTER: 'GraphRAG' calling 'query_graph'; CURRENT SPEAKER: grok-4_mas_rag, DIALOGUE TURN NUM = 8.
[2025-10-30 16:10:25,400] [INFO] EXIT: 'GraphRAG' calling 'query_graph' (0.6941347122192383 secs).
[2025-10-30 16:10:25,400] [INFO] EXIT: 'GraphRAG' calling 'question' (0.6945712566375732 secs).
[2025-10-30 16:10:25,418] [INFO] ENTER: 'GraphRAG' calling 'why'; CURRENT SPEAKER: grok-4_mas_rag, DIALOGUE TURN NUM = 8.
[2025-10-30 16:10:25,418] [INFO] ENTER: 'GraphRAG' calling 'query_graph'; CURRENT SPEAKER: grok-4_mas_rag, DIALOGUE TURN NUM = 8.
[2025-10-30 16:10:26,142] [INFO] EXIT: 'GraphRAG' calling 'query_graph' (0.7238459587097168 secs).
[2025-10-30 16:10:26,142] [INFO] EXIT: 'GraphRAG' calling 'why' (0.724196195602417 secs).
[2025-10-30 16:10:26,142] [INFO] ENTER: 'GraphRAG' calling 'claim_negation'; CURRENT SPEAKER: grok-4_mas_rag, DIALOGUE TURN NUM = 8.
[2025-10-30 16:10:26,143] [INFO] ENTER: 'GraphRAG' calling 'query_graph'; CURRENT SPEAKER: grok-4_mas_rag, DIALOGUE TURN NUM = 8.
[2025-10-30 16:10:26,833] [INFO] EXIT: 'GraphRAG' calling 'query_graph' (0.6907739639282227 secs).
[2025-10-30 16:10:26,833] [INFO] EXIT: 'GraphRAG' calling 'claim_negation' (0.6911892890930176 secs).
[2025-10-30 16:10:26,834] [INFO] ENTER: 'GraphRAG' calling 'concede'; CURRENT SPEAKER: grok-4_mas_rag, DIALOGUE TURN NUM = 8.
[2025-10-30 16:10:26,834] [INFO] ENTER: 'GraphRAG' calling 'query_graph'; CURRENT SPEAKER: grok-4_mas_rag, DIALOGUE TURN NUM = 8.
[2025-10-30 16:10:27,552] [INFO] EXIT: 'GraphRAG' calling 'query_graph' (0.7178895473480225 secs).
[2025-10-30 16:10:27,552] [INFO] EXIT: 'GraphRAG' calling 'concede' (0.7182817459106445 secs).
[2025-10-30 16:10:27,552] [INFO] ENTER: 'GraphRAG' calling 'question'; CURRENT SPEAKER: grok-4_mas_rag, DIALOGUE TURN NUM = 8.
[2025-10-30 16:10:27,552] [INFO] ENTER: 'GraphRAG' calling 'query_graph'; CURRENT SPEAKER: grok-4_mas_rag, DIALOGUE TURN NUM = 8.
[2025-10-30 16:10:27,681] [INFO] EXIT: 'GraphRAG' calling 'query_graph' (0.129194974899292 secs).
[2025-10-30 16:10:27,681] [INFO] EXIT: 'GraphRAG' calling 'question' (0.12958121299743652 secs).
[2025-10-30 16:10:27,699] [INFO] ENTER: 'GraphRAG' calling 'why'; CURRENT SPEAKER: grok-4_mas_rag, DIALOGUE TURN NUM = 8.
[2025-10-30 16:10:27,699] [INFO] ENTER: 'GraphRAG' calling 'query_graph'; CURRENT SPEAKER: grok-4_mas_rag, DIALOGUE TURN NUM = 8.
[2025-10-30 16:10:28,416] [INFO] EXIT: 'GraphRAG' calling 'query_graph' (0.7169146537780762 secs).
[2025-10-30 16:10:28,416] [INFO] EXIT: 'GraphRAG' calling 'why' (0.7172858715057373 secs).
[2025-10-30 16:10:28,416] [INFO] ENTER: 'GraphRAG' calling 'claim_negation'; CURRENT SPEAKER: grok-4_mas_rag, DIALOGUE TURN NUM = 8.
[2025-10-30 16:10:28,417] [INFO] ENTER: 'GraphRAG' calling 'query_graph'; CURRENT SPEAKER: grok-4_mas_rag, DIALOGUE TURN NUM = 8.
[2025-10-30 16:10:29,108] [INFO] EXIT: 'GraphRAG' calling 'query_graph' (0.6913847923278809 secs).
[2025-10-30 16:10:29,108] [INFO] EXIT: 'GraphRAG' calling 'claim_negation' (0.6918911933898926 secs).
[2025-10-30 16:10:29,108] [INFO] ENTER: 'GraphRAG' calling 'concede'; CURRENT SPEAKER: grok-4_mas_rag, DIALOGUE TURN NUM = 8.
[2025-10-30 16:10:29,109] [INFO] ENTER: 'GraphRAG' calling 'query_graph'; CURRENT SPEAKER: grok-4_mas_rag, DIALOGUE TURN NUM = 8.
[2025-10-30 16:10:29,841] [INFO] EXIT: 'GraphRAG' calling 'query_graph' (0.7321219444274902 secs).
[2025-10-30 16:10:29,842] [INFO] EXIT: 'GraphRAG' calling 'concede' (0.733443021774292 secs).
[2025-10-30 16:10:29,842] [INFO] ENTER: 'GraphRAG' calling 'question'; CURRENT SPEAKER: grok-4_mas_rag, DIALOGUE TURN NUM = 8.
[2025-10-30 16:10:29,842] [INFO] ENTER: 'GraphRAG' calling 'query_graph'; CURRENT SPEAKER: grok-4_mas_rag, DIALOGUE TURN NUM = 8.
[2025-10-30 16:10:29,973] [INFO] EXIT: 'GraphRAG' calling 'query_graph' (0.13046741485595703 secs).
[2025-10-30 16:10:29,973] [INFO] EXIT: 'GraphRAG' calling 'question' (0.13091492652893066 secs).
[2025-10-30 16:10:29,990] [INFO] ENTER: 'GraphRAG' calling 'why'; CURRENT SPEAKER: grok-4_mas_rag, DIALOGUE TURN NUM = 8.
[2025-10-30 16:10:29,990] [INFO] ENTER: 'GraphRAG' calling 'query_graph'; CURRENT SPEAKER: grok-4_mas_rag, DIALOGUE TURN NUM = 8.
[2025-10-30 16:10:30,707] [INFO] EXIT: 'GraphRAG' calling 'query_graph' (0.7160506248474121 secs).
[2025-10-30 16:10:30,707] [INFO] EXIT: 'GraphRAG' calling 'why' (0.71651291847229 secs).
[2025-10-30 16:10:30,707] [INFO] ENTER: 'GraphRAG' calling 'claim_negation'; CURRENT SPEAKER: grok-4_mas_rag, DIALOGUE TURN NUM = 8.
[2025-10-30 16:10:30,707] [INFO] ENTER: 'GraphRAG' calling 'query_graph'; CURRENT SPEAKER: grok-4_mas_rag, DIALOGUE TURN NUM = 8.
[2025-10-30 16:10:31,399] [INFO] EXIT: 'GraphRAG' calling 'query_graph' (0.6914739608764648 secs).
[2025-10-30 16:10:31,399] [INFO] EXIT: 'GraphRAG' calling 'claim_negation' (0.6919143199920654 secs).
[2025-10-30 16:10:31,399] [INFO] ENTER: 'GraphRAG' calling 'concede'; CURRENT SPEAKER: grok-4_mas_rag, DIALOGUE TURN NUM = 8.
[2025-10-30 16:10:31,399] [INFO] ENTER: 'GraphRAG' calling 'query_graph'; CURRENT SPEAKER: grok-4_mas_rag, DIALOGUE TURN NUM = 8.
[2025-10-30 16:10:32,118] [INFO] EXIT: 'GraphRAG' calling 'query_graph' (0.7186794281005859 secs).
[2025-10-30 16:10:32,118] [INFO] EXIT: 'GraphRAG' calling 'concede' (0.7191016674041748 secs).
[2025-10-30 16:10:32,118] [INFO] ENTER: 'GraphRAG' calling 'question'; CURRENT SPEAKER: grok-4_mas_rag, DIALOGUE TURN NUM = 8.
[2025-10-30 16:10:32,118] [INFO] ENTER: 'GraphRAG' calling 'query_graph'; CURRENT SPEAKER: grok-4_mas_rag, DIALOGUE TURN NUM = 8.
[2025-10-30 16:10:32,246] [INFO] EXIT: 'GraphRAG' calling 'query_graph' (0.12803149223327637 secs).
[2025-10-30 16:10:32,247] [INFO] EXIT: 'GraphRAG' calling 'question' (0.12918877601623535 secs).
[2025-10-30 16:10:32,265] [INFO] ENTER: 'GraphRAG' calling 'why'; CURRENT SPEAKER: grok-4_mas_rag, DIALOGUE TURN NUM = 8.
[2025-10-30 16:10:32,265] [INFO] ENTER: 'GraphRAG' calling 'query_graph'; CURRENT SPEAKER: grok-4_mas_rag, DIALOGUE TURN NUM = 8.
[2025-10-30 16:10:33,011] [INFO] EXIT: 'GraphRAG' calling 'query_graph' (0.7460761070251465 secs).
[2025-10-30 16:10:33,011] [INFO] EXIT: 'GraphRAG' calling 'why' (0.746528148651123 secs).
[2025-10-30 16:10:33,011] [INFO] ENTER: 'GraphRAG' calling 'concede'; CURRENT SPEAKER: grok-4_mas_rag, DIALOGUE TURN NUM = 8.
[2025-10-30 16:10:33,011] [INFO] ENTER: 'GraphRAG' calling 'query_graph'; CURRENT SPEAKER: grok-4_mas_rag, DIALOGUE TURN NUM = 8.
[2025-10-30 16:10:33,713] [INFO] EXIT: 'GraphRAG' calling 'query_graph' (0.7016384601593018 secs).
[2025-10-30 16:10:33,713] [INFO] EXIT: 'GraphRAG' calling 'concede' (0.7020919322967529 secs).
[2025-10-30 16:10:33,713] [INFO] ENTER: 'GraphRAG' calling 'question'; CURRENT SPEAKER: grok-4_mas_rag, DIALOGUE TURN NUM = 8.
[2025-10-30 16:10:33,714] [INFO] ENTER: 'GraphRAG' calling 'query_graph'; CURRENT SPEAKER: grok-4_mas_rag, DIALOGUE TURN NUM = 8.
[2025-10-30 16:10:34,392] [INFO] EXIT: 'GraphRAG' calling 'query_graph' (0.6782891750335693 secs).
[2025-10-30 16:10:34,392] [INFO] EXIT: 'GraphRAG' calling 'question' (0.6787829399108887 secs).
[2025-10-30 16:10:34,392] [INFO] ENTER: 'GraphRAG' calling 'return_rag_examples'; CURRENT SPEAKER: grok-4_mas_rag, DIALOGUE TURN NUM = 8.
[2025-10-30 16:10:34,392] [INFO] EXIT: 'GraphRAG' calling 'return_rag_examples' (2.1457672119140625e-06 secs).
[2025-10-30 16:10:34,395] [INFO] ENTER: 'DialogueMoveGenerator' calling 'generate'; CURRENT SPEAKER: grok-4_mas_rag, DIALOGUE TURN NUM = 8.
[2025-10-30 16:10:34,395] [INFO] ENTER: 'MASPromptGenerator' calling 'claim_negation'; CURRENT SPEAKER: grok-4_mas_rag, DIALOGUE TURN NUM = 8.
[2025-10-30 16:10:34,395] [INFO] EXIT: 'MASPromptGenerator' calling 'claim_negation' (4.4345855712890625e-05 secs).
[2025-10-30 16:10:34,395] [INFO] ENTER: 'DialogueMoveGenerator' calling 'generate'; CURRENT SPEAKER: grok-4_mas_rag, DIALOGUE TURN NUM = 8.
[2025-10-30 16:10:34,396] [INFO] ENTER: 'MASPromptGenerator' calling 'concede_claim'; CURRENT SPEAKER: grok-4_mas_rag, DIALOGUE TURN NUM = 8.
[2025-10-30 16:10:34,396] [INFO] EXIT: 'MASPromptGenerator' calling 'concede_claim' (3.719329833984375e-05 secs).
[2025-10-30 16:10:34,397] [INFO] ENTER: 'DialogueMoveGenerator' calling 'generate'; CURRENT SPEAKER: grok-4_mas_rag, DIALOGUE TURN NUM = 8.
[2025-10-30 16:10:34,398] [INFO] ENTER: 'MASPromptGenerator' calling 'question_claim'; CURRENT SPEAKER: grok-4_mas_rag, DIALOGUE TURN NUM = 8.
[2025-10-30 16:10:34,398] [INFO] EXIT: 'MASPromptGenerator' calling 'question_claim' (4.649162292480469e-05 secs).
[2025-10-30 16:10:34,399] [INFO] ENTER: 'DialogueMoveGenerator' calling 'generate'; CURRENT SPEAKER: grok-4_mas_rag, DIALOGUE TURN NUM = 8.
[2025-10-30 16:10:34,399] [INFO] ENTER: 'MASPromptGenerator' calling 'why_claim'; CURRENT SPEAKER: grok-4_mas_rag, DIALOGUE TURN NUM = 8.
[2025-10-30 16:10:34,399] [INFO] EXIT: 'MASPromptGenerator' calling 'why_claim' (3.504753112792969e-05 secs).
[2025-10-30 16:10:35,964] [INFO] Completion returned and validated from MODEL = 'grok-4'.
[2025-10-30 16:10:36,092] [INFO] Completion returned and validated from MODEL = 'grok-4'.
[2025-10-30 16:10:36,097] [INFO] Completion returned and validated from MODEL = 'grok-4'.
[2025-10-30 16:10:36,189] [INFO] Completion returned and validated from MODEL = 'grok-4'.
[2025-10-30 16:10:37,848] [INFO] Completion returned and validated from MODEL = 'grok-4'.
[2025-10-30 16:10:37,851] [INFO] Completion returned and validated from MODEL = 'grok-4'.
[2025-10-30 16:10:37,856] [INFO] Completion returned and validated from MODEL = 'grok-4'.
[2025-10-30 16:10:37,858] [INFO] Completion returned and validated from MODEL = 'grok-4'.
[2025-10-30 16:10:39,321] [INFO] Completion returned and validated from MODEL = 'grok-4'.
[2025-10-30 16:10:39,537] [INFO] Completion returned and validated from MODEL = 'grok-4'.
[2025-10-30 16:10:39,553] [INFO] Completion returned and validated from MODEL = 'grok-4'.
[2025-10-30 16:10:39,568] [INFO] Completion returned and validated from MODEL = 'grok-4'.
[2025-10-30 16:10:39,568] [INFO] EXIT: 'DialogueMoveGenerator' calling 'generate' (5.1731202602386475 secs).
[2025-10-30 16:10:40,591] [INFO] Completion returned and validated from MODEL = 'grok-4'.
[2025-10-30 16:10:41,046] [INFO] Completion returned and validated from MODEL = 'grok-4'.
[2025-10-30 16:10:41,063] [INFO] Completion returned and validated from MODEL = 'grok-4'.
[2025-10-30 16:10:41,786] [INFO] Completion returned and validated from MODEL = 'grok-4'.
[2025-10-30 16:10:42,543] [INFO] Completion returned and validated from MODEL = 'grok-4'.
[2025-10-30 16:10:42,698] [INFO] Completion returned and validated from MODEL = 'grok-4'.
[2025-10-30 16:10:42,945] [INFO] Completion returned and validated from MODEL = 'grok-4'.
[2025-10-30 16:10:42,945] [INFO] EXIT: 'DialogueMoveGenerator' calling 'generate' (8.549057960510254 secs).
[2025-10-30 16:10:43,880] [INFO] Completion returned and validated from MODEL = 'grok-4'.
[2025-10-30 16:10:43,880] [INFO] EXIT: 'DialogueMoveGenerator' calling 'generate' (9.481043100357056 secs).
[2025-10-30 16:10:44,023] [INFO] Completion returned and validated from MODEL = 'grok-4'.
[2025-10-30 16:10:44,023] [INFO] EXIT: 'DialogueMoveGenerator' calling 'generate' (9.624580144882202 secs).
[2025-10-30 16:10:44,023] [INFO] ENTER: 'MASPromptGenerator' calling 'persuasiveness_choice'; CURRENT SPEAKER: grok-4_mas_rag, DIALOGUE TURN NUM = 8.
[2025-10-30 16:10:44,024] [INFO] EXIT: 'MASPromptGenerator' calling 'persuasiveness_choice' (0.00017380714416503906 secs).
[2025-10-30 16:10:45,461] [INFO] Completion returned and validated within 'PersuasivenessChoiceAgent'; MODEL = 'grok-4'; DIALOGUE TURN NUM = 8.
[2025-10-30 16:10:46,935] [INFO] Completion returned and validated within 'PersuasivenessChoiceAgent'; MODEL = 'grok-4'; DIALOGUE TURN NUM = 8.
[2025-10-30 16:10:48,763] [INFO] Completion returned and validated within 'PersuasivenessChoiceAgent'; MODEL = 'grok-4'; DIALOGUE TURN NUM = 8.
[2025-10-30 16:10:50,670] [INFO] Completion returned and validated within 'PersuasivenessChoiceAgent'; MODEL = 'grok-4'; DIALOGUE TURN NUM = 8.
[2025-10-30 16:10:52,560] [INFO] Completion returned and validated within 'PersuasivenessChoiceAgent'; MODEL = 'grok-4'; DIALOGUE TURN NUM = 8.
[2025-10-30 16:10:54,259] [INFO] Completion returned and validated within 'PersuasivenessChoiceAgent'; MODEL = 'grok-4'; DIALOGUE TURN NUM = 8.
[2025-10-30 16:10:54,259] [INFO] ENTER: 'DisambiguationAgent' calling '_grouping_similar_utterance_types'; CURRENT SPEAKER: grok-4_mas_rag, DIALOGUE TURN NUM = 8.
[2025-10-30 16:10:54,259] [INFO] EXIT: 'DisambiguationAgent' calling '_grouping_similar_utterance_types' (1.3113021850585938e-05 secs).
[2025-10-30 16:10:54,259] [INFO] ENTER: 'DisambiguationAgent' calling '_identifying_similar_sentences_and_choosing_one_to_return_to_user'; CURRENT SPEAKER: grok-4_mas_rag, DIALOGUE TURN NUM = 8.
[2025-10-30 16:10:56,406] [INFO] 'DisambiguationAgent' grouped similar sentences, completion returned and validated; MODEL = 'grok-4'.
[2025-10-30 16:10:57,186] [INFO] 'DisambiguationAgent' chose sentences to remove, completion returned and validated from MODEL = 'grok-4'.
[2025-10-30 16:10:57,955] [INFO] 'DisambiguationAgent' chose sentences to remove, completion returned and validated from MODEL = 'grok-4'.
[2025-10-30 16:10:57,955] [INFO] EXIT: 'DisambiguationAgent' calling '_identifying_similar_sentences_and_choosing_one_to_return_to_user' (3.6957080364227295 secs).
[2025-10-30 16:10:57,955] [INFO] ENTER: 'DisambiguationAgent' calling '_identifying_similar_sentences_and_choosing_one_to_return_to_user'; CURRENT SPEAKER: grok-4_mas_rag, DIALOGUE TURN NUM = 8.
[2025-10-30 16:11:02,217] [INFO] 'DisambiguationAgent' grouped similar sentences, completion returned and validated; MODEL = 'grok-4'.
[2025-10-30 16:11:02,970] [INFO] 'DisambiguationAgent' chose sentences to remove, completion returned and validated from MODEL = 'grok-4'.
[2025-10-30 16:11:03,809] [INFO] 'DisambiguationAgent' chose sentences to remove, completion returned and validated from MODEL = 'grok-4'.
[2025-10-30 16:11:04,527] [INFO] 'DisambiguationAgent' chose sentences to remove, completion returned and validated from MODEL = 'grok-4'.
[2025-10-30 16:11:05,204] [INFO] 'DisambiguationAgent' chose sentences to remove, completion returned and validated from MODEL = 'grok-4'.
[2025-10-30 16:11:06,081] [INFO] 'DisambiguationAgent' chose sentences to remove, completion returned and validated from MODEL = 'grok-4'.
[2025-10-30 16:11:06,887] [INFO] 'DisambiguationAgent' chose sentences to remove, completion returned and validated from MODEL = 'grok-4'.
[2025-10-30 16:11:06,887] [INFO] EXIT: 'DisambiguationAgent' calling '_identifying_similar_sentences_and_choosing_one_to_return_to_user' (8.93179965019226 secs).
[2025-10-30 16:11:06,887] [INFO] ENTER: 'DisambiguationAgent' calling '_removing_repetitive_sentences'; CURRENT SPEAKER: grok-4_mas_rag, DIALOGUE TURN NUM = 8.
[2025-10-30 16:11:06,887] [INFO] EXIT: 'DisambiguationAgent' calling '_removing_repetitive_sentences' (2.3126602172851562e-05 secs).
[2025-10-30 16:11:06,887] [INFO] ENTER: 'DisambiguationAgent' calling '_choose_the_most_persuasive_sentences'; CURRENT SPEAKER: grok-4_mas_rag, DIALOGUE TURN NUM = 8.
[2025-10-30 16:11:08,567] [INFO] 'DisambiguationAgent': reached maximum allowed sentences, succussfully chose most persuasive sentences, completion returned and validated from MODEL = 'grok-4'.
[2025-10-30 16:11:08,567] [INFO] EXIT: 'DisambiguationAgent' calling '_choose_the_most_persuasive_sentences' (1.6798875331878662 secs).
[2025-10-30 16:11:08,567] [INFO] ENTER: 'DisambiguationAgent' calling 'return_disambiguated_sentences'; CURRENT SPEAKER: grok-4_mas_rag, DIALOGUE TURN NUM = 8.
[2025-10-30 16:11:08,567] [INFO] EXIT: 'DisambiguationAgent' calling 'return_disambiguated_sentences' (2.384185791015625e-06 secs).
[2025-10-30 16:11:08,567] [ERROR] Wrong state used; State of type HumanState; error message: dict has unexpected extra key(s): "graph_rag_examples", "intermediate_generations", "knowledge_base_ensemble_or_model_name", "model_seed", "model_temp", "model_top_p", "number_of_graph_rag_examples", "number_of_vector_based_rag_examples", "political_position_prob_of_na", "political_position_range", "political_position_std", "speaker_model_name", "speaker_type", "vector_based_persona_string", "vector_based_persona_sys_prompt"
[2025-10-30 16:11:08,568] [INFO] Correct state used; State of type GenerationAgentsState; 'IGNORE THE ABOVE ERRORS'.
[2025-10-30 16:11:09,112] [INFO] 'commitment_update' completed '___Claim___' update for current speaker's commitments; MODEL = 'grok-4'.
[2025-10-30 16:11:09,653] [INFO] 'commitment_update' completed '___Claim___' update for current speaker's commitments; MODEL = 'grok-4'.
[2025-10-30 16:11:09,747] [ERROR] Wrong state used; State of type HumanState; error message: dict has unexpected extra key(s): "graph_rag_examples", "intermediate_generations", "knowledge_base_ensemble_or_model_name", "model_seed", "model_temp", "model_top_p", "number_of_graph_rag_examples", "number_of_vector_based_rag_examples", "political_position_prob_of_na", "political_position_range", "political_position_std", "speaker_model_name", "speaker_type", "vector_based_persona_string", "vector_based_persona_sys_prompt"
[2025-10-30 16:11:09,747] [INFO] Correct state used; State of type GenerationAgentsState; 'IGNORE THE ABOVE ERRORS'.
[2025-10-30 16:11:09,747] [INFO] ENTER: 'UtteranceClassificationAgent' calling '_classify_sentence_utterance_types'; CURRENT SPEAKER: mistral-medium_mas, DIALOGUE TURN NUM = 9.
[2025-10-30 16:11:10,332] [INFO] 'UtteranceClassificationAgent' completion returned and validated from MODEL = 'ModelName.MISTRAL_MEDIUM'.
[2025-10-30 16:11:10,838] [INFO] 'UtteranceClassificationAgent' completion returned and validated from MODEL = 'ModelName.MISTRAL_MEDIUM'.
[2025-10-30 16:11:11,361] [INFO] 'UtteranceClassificationAgent' completion returned and validated from MODEL = 'ModelName.MISTRAL_MEDIUM'.
[2025-10-30 16:11:11,936] [INFO] 'UtteranceClassificationAgent' completion returned and validated from MODEL = 'ModelName.MISTRAL_MEDIUM'.
[2025-10-30 16:11:12,378] [INFO] 'UtteranceClassificationAgent' completion returned and validated from MODEL = 'ModelName.MISTRAL_MEDIUM'.
[2025-10-30 16:11:12,378] [INFO] EXIT: 'UtteranceClassificationAgent' calling '_classify_sentence_utterance_types' (2.630674362182617 secs).
[2025-10-30 16:11:12,378] [INFO] ENTER: 'UtteranceClassificationAgent' calling 'return_classified_sentences'; CURRENT SPEAKER: mistral-medium_mas, DIALOGUE TURN NUM = 9.
[2025-10-30 16:11:12,378] [INFO] EXIT: 'UtteranceClassificationAgent' calling 'return_classified_sentences' (1.9073486328125e-06 secs).
[2025-10-30 16:11:12,380] [INFO] ENTER: 'DialogueMoveGenerator' calling 'generate'; CURRENT SPEAKER: mistral-medium_mas, DIALOGUE TURN NUM = 9.
[2025-10-30 16:11:12,381] [INFO] ENTER: 'MASPromptGenerator' calling 'claim'; CURRENT SPEAKER: mistral-medium_mas, DIALOGUE TURN NUM = 9.
[2025-10-30 16:11:12,382] [INFO] ENTER: 'DialogueMoveGenerator' calling 'generate'; CURRENT SPEAKER: mistral-medium_mas, DIALOGUE TURN NUM = 9.
[2025-10-30 16:11:12,382] [INFO] EXIT: 'MASPromptGenerator' calling 'claim' (3.838539123535156e-05 secs).
[2025-10-30 16:11:12,382] [INFO] ENTER: 'DialogueMoveGenerator' calling 'generate'; CURRENT SPEAKER: mistral-medium_mas, DIALOGUE TURN NUM = 9.
[2025-10-30 16:11:12,383] [INFO] ENTER: 'MASPromptGenerator' calling 'claim_negation'; CURRENT SPEAKER: mistral-medium_mas, DIALOGUE TURN NUM = 9.
[2025-10-30 16:11:12,383] [INFO] ENTER: 'MASPromptGenerator' calling 'concede_claim'; CURRENT SPEAKER: mistral-medium_mas, DIALOGUE TURN NUM = 9.
[2025-10-30 16:11:12,384] [INFO] ENTER: 'DialogueMoveGenerator' calling 'generate'; CURRENT SPEAKER: mistral-medium_mas, DIALOGUE TURN NUM = 9.
[2025-10-30 16:11:12,384] [INFO] EXIT: 'MASPromptGenerator' calling 'claim_negation' (3.2901763916015625e-05 secs).
[2025-10-30 16:11:12,384] [INFO] EXIT: 'MASPromptGenerator' calling 'concede_claim' (3.170967102050781e-05 secs).
[2025-10-30 16:11:12,384] [INFO] ENTER: 'DialogueMoveGenerator' calling 'generate'; CURRENT SPEAKER: mistral-medium_mas, DIALOGUE TURN NUM = 9.
[2025-10-30 16:11:12,385] [INFO] ENTER: 'MASPromptGenerator' calling 'question_claim'; CURRENT SPEAKER: mistral-medium_mas, DIALOGUE TURN NUM = 9.
[2025-10-30 16:11:12,387] [INFO] ENTER: 'DialogueMoveGenerator' calling 'generate'; CURRENT SPEAKER: mistral-medium_mas, DIALOGUE TURN NUM = 9.
[2025-10-30 16:11:12,387] [INFO] ENTER: 'MASPromptGenerator' calling 'retract_claim'; CURRENT SPEAKER: mistral-medium_mas, DIALOGUE TURN NUM = 9.
[2025-10-30 16:11:12,387] [INFO] ENTER: 'DialogueMoveGenerator' calling 'generate'; CURRENT SPEAKER: mistral-medium_mas, DIALOGUE TURN NUM = 9.
[2025-10-30 16:11:12,387] [INFO] EXIT: 'MASPromptGenerator' calling 'question_claim' (2.4080276489257812e-05 secs).
[2025-10-30 16:11:12,387] [INFO] ENTER: 'MASPromptGenerator' calling 'since_claim'; CURRENT SPEAKER: mistral-medium_mas, DIALOGUE TURN NUM = 9.
[2025-10-30 16:11:12,387] [INFO] EXIT: 'MASPromptGenerator' calling 'retract_claim' (3.600120544433594e-05 secs).
[2025-10-30 16:11:12,388] [INFO] ENTER: 'MASPromptGenerator' calling 'why_claim'; CURRENT SPEAKER: mistral-medium_mas, DIALOGUE TURN NUM = 9.
[2025-10-30 16:11:12,388] [INFO] EXIT: 'MASPromptGenerator' calling 'since_claim' (4.506111145019531e-05 secs).
[2025-10-30 16:11:12,388] [INFO] EXIT: 'MASPromptGenerator' calling 'why_claim' (3.814697265625e-05 secs).
[2025-10-30 16:11:14,588] [INFO] Completion returned and validated from MODEL = 'mistral-medium'.
[2025-10-30 16:11:14,619] [INFO] Completion returned and validated from MODEL = 'mistral-medium'.
[2025-10-30 16:11:14,673] [INFO] Completion returned and validated from MODEL = 'mistral-medium'.
[2025-10-30 16:11:15,114] [INFO] Completion returned and validated from MODEL = 'mistral-medium'.
[2025-10-30 16:11:15,216] [INFO] Completion returned and validated from MODEL = 'mistral-medium'.
[2025-10-30 16:11:15,353] [INFO] Completion returned and validated from MODEL = 'mistral-medium'.
[2025-10-30 16:11:15,381] [INFO] Completion returned and validated from MODEL = 'mistral-medium'.
[2025-10-30 16:11:17,117] [INFO] Completion returned and validated from MODEL = 'mistral-medium'.
[2025-10-30 16:11:17,352] [INFO] Completion returned and validated from MODEL = 'mistral-medium'.
[2025-10-30 16:11:17,382] [INFO] Completion returned and validated from MODEL = 'mistral-medium'.
[2025-10-30 16:11:17,382] [INFO] EXIT: 'DialogueMoveGenerator' calling 'generate' (4.997263193130493 secs).
[2025-10-30 16:11:17,523] [INFO] Completion returned and validated from MODEL = 'mistral-medium'.
[2025-10-30 16:11:17,523] [INFO] EXIT: 'DialogueMoveGenerator' calling 'generate' (5.1394383907318115 secs).
[2025-10-30 16:11:17,682] [INFO] Completion returned and validated from MODEL = 'mistral-medium'.
[2025-10-30 16:11:17,685] [INFO] Completion returned and validated from MODEL = 'mistral-medium'.
[2025-10-30 16:11:17,685] [INFO] EXIT: 'DialogueMoveGenerator' calling 'generate' (5.302696228027344 secs).
[2025-10-30 16:11:18,077] [INFO] Completion returned and validated from MODEL = 'mistral-medium'.
[2025-10-30 16:11:18,078] [INFO] EXIT: 'DialogueMoveGenerator' calling 'generate' (5.690025568008423 secs).
[2025-10-30 16:11:19,759] [INFO] Completion returned and validated from MODEL = 'mistral-medium'.
[2025-10-30 16:11:19,759] [INFO] EXIT: 'DialogueMoveGenerator' calling 'generate' (7.371381044387817 secs).
[2025-10-30 16:11:19,871] [INFO] Completion returned and validated from MODEL = 'mistral-medium'.
[2025-10-30 16:11:19,871] [INFO] EXIT: 'DialogueMoveGenerator' calling 'generate' (7.490106821060181 secs).
[2025-10-30 16:11:20,284] [INFO] Completion returned and validated from MODEL = 'mistral-medium'.
[2025-10-30 16:11:20,284] [INFO] EXIT: 'DialogueMoveGenerator' calling 'generate' (7.897245168685913 secs).
[2025-10-30 16:11:20,285] [INFO] ENTER: 'MASPromptGenerator' calling 'persuasiveness_choice'; CURRENT SPEAKER: mistral-medium_mas, DIALOGUE TURN NUM = 9.
[2025-10-30 16:11:20,285] [INFO] EXIT: 'MASPromptGenerator' calling 'persuasiveness_choice' (0.0001437664031982422 secs).
[2025-10-30 16:11:22,616] [INFO] Completion returned and validated within 'PersuasivenessChoiceAgent'; MODEL = 'mistral-medium'; DIALOGUE TURN NUM = 9.
[2025-10-30 16:11:25,572] [INFO] Completion returned and validated within 'PersuasivenessChoiceAgent'; MODEL = 'mistral-medium'; DIALOGUE TURN NUM = 9.
[2025-10-30 16:11:29,037] [INFO] Completion returned and validated within 'PersuasivenessChoiceAgent'; MODEL = 'mistral-medium'; DIALOGUE TURN NUM = 9.
[2025-10-30 16:11:32,139] [INFO] Completion returned and validated within 'PersuasivenessChoiceAgent'; MODEL = 'mistral-medium'; DIALOGUE TURN NUM = 9.
[2025-10-30 16:11:50,845] [INFO] Completion returned and validated within 'PersuasivenessChoiceAgent'; MODEL = 'mistral-medium'; DIALOGUE TURN NUM = 9.
[2025-10-30 16:11:50,845] [INFO] ENTER: 'DisambiguationAgent' calling '_grouping_similar_utterance_types'; CURRENT SPEAKER: mistral-medium_mas, DIALOGUE TURN NUM = 9.
[2025-10-30 16:11:50,845] [INFO] EXIT: 'DisambiguationAgent' calling '_grouping_similar_utterance_types' (1.0967254638671875e-05 secs).
[2025-10-30 16:11:50,845] [INFO] ENTER: 'DisambiguationAgent' calling '_identifying_similar_sentences_and_choosing_one_to_return_to_user'; CURRENT SPEAKER: mistral-medium_mas, DIALOGUE TURN NUM = 9.
[2025-10-30 16:11:57,508] [INFO] 'DisambiguationAgent' grouped similar sentences, completion returned and validated; MODEL = 'mistral-medium'.
[2025-10-30 16:11:58,621] [INFO] 'DisambiguationAgent' chose sentences to remove, completion returned and validated from MODEL = 'mistral-medium'.
[2025-10-30 16:12:09,190] [INFO] 'DisambiguationAgent' chose sentences to remove, completion returned and validated from MODEL = 'mistral-medium'.
[2025-10-30 16:12:10,193] [INFO] 'DisambiguationAgent' chose sentences to remove, completion returned and validated from MODEL = 'mistral-medium'.
[2025-10-30 16:12:11,101] [INFO] 'DisambiguationAgent' chose sentences to remove, completion returned and validated from MODEL = 'mistral-medium'.
[2025-10-30 16:12:11,101] [INFO] EXIT: 'DisambiguationAgent' calling '_identifying_similar_sentences_and_choosing_one_to_return_to_user' (20.255228281021118 secs).
[2025-10-30 16:12:11,101] [INFO] ENTER: 'DisambiguationAgent' calling '_identifying_similar_sentences_and_choosing_one_to_return_to_user'; CURRENT SPEAKER: mistral-medium_mas, DIALOGUE TURN NUM = 9.
[2025-10-30 16:12:13,973] [INFO] 'DisambiguationAgent' grouped similar sentences, completion returned and validated; MODEL = 'mistral-medium'.
[2025-10-30 16:12:14,887] [INFO] 'DisambiguationAgent' chose sentences to remove, completion returned and validated from MODEL = 'mistral-medium'.
[2025-10-30 16:12:14,887] [INFO] EXIT: 'DisambiguationAgent' calling '_identifying_similar_sentences_and_choosing_one_to_return_to_user' (3.786759853363037 secs).
[2025-10-30 16:12:14,887] [INFO] ENTER: 'DisambiguationAgent' calling '_removing_repetitive_sentences'; CURRENT SPEAKER: mistral-medium_mas, DIALOGUE TURN NUM = 9.
[2025-10-30 16:12:14,888] [INFO] EXIT: 'DisambiguationAgent' calling '_removing_repetitive_sentences' (1.6450881958007812e-05 secs).
[2025-10-30 16:12:14,888] [INFO] ENTER: 'DisambiguationAgent' calling '_choose_the_most_persuasive_sentences'; CURRENT SPEAKER: mistral-medium_mas, DIALOGUE TURN NUM = 9.
[2025-10-30 16:12:18,509] [INFO] 'DisambiguationAgent': reached maximum allowed sentences, succussfully chose most persuasive sentences, completion returned and validated from MODEL = 'mistral-medium'.
[2025-10-30 16:12:18,509] [INFO] EXIT: 'DisambiguationAgent' calling '_choose_the_most_persuasive_sentences' (3.6213583946228027 secs).
[2025-10-30 16:12:18,509] [INFO] ENTER: 'DisambiguationAgent' calling 'return_disambiguated_sentences'; CURRENT SPEAKER: mistral-medium_mas, DIALOGUE TURN NUM = 9.
[2025-10-30 16:12:18,509] [INFO] EXIT: 'DisambiguationAgent' calling 'return_disambiguated_sentences' (2.86102294921875e-06 secs).
[2025-10-30 16:12:18,510] [ERROR] Wrong state used; State of type HumanState; error message: dict has unexpected extra key(s): "graph_rag_examples", "intermediate_generations", "knowledge_base_ensemble_or_model_name", "model_seed", "model_temp", "model_top_p", "number_of_graph_rag_examples", "number_of_vector_based_rag_examples", "political_position_prob_of_na", "political_position_range", "political_position_std", "speaker_model_name", "speaker_type", "vector_based_persona_string", "vector_based_persona_sys_prompt"
[2025-10-30 16:12:18,510] [INFO] Correct state used; State of type GenerationAgentsState; 'IGNORE THE ABOVE ERRORS'.
[2025-10-30 16:12:19,428] [INFO] 'commitment_update' completed '___Claim___' update for current speaker's commitments; MODEL = 'mistral-medium'.
[2025-10-30 16:12:20,288] [INFO] 'commitment_update' completed '___Since___' update; MODEL = 'mistral-medium'.
[2025-10-30 16:12:31,670] [INFO] 'commitment_update' completed '___Claim___' update for current speaker's commitments; MODEL = 'mistral-medium'.
[2025-10-30 16:12:32,077] [INFO] 'commitment_update' completed '___Claim___' update for current speaker's commitments; MODEL = 'mistral-medium'.
[2025-10-30 16:12:33,874] [INFO] 'commitment_update' completed '___Claim___' update for current speaker's commitments; MODEL = 'mistral-medium'.
[2025-10-30 16:12:34,448] [INFO] 'commitment_update' completed '___Claim___' update for current speaker's commitments; MODEL = 'mistral-medium'.
[2025-10-30 16:12:34,520] [ERROR] Wrong state used; State of type HumanState; error message: dict has unexpected extra key(s): "graph_rag_examples", "intermediate_generations", "knowledge_base_ensemble_or_model_name", "model_seed", "model_temp", "model_top_p", "number_of_graph_rag_examples", "number_of_vector_based_rag_examples", "political_position_prob_of_na", "political_position_range", "political_position_std", "speaker_model_name", "speaker_type", "vector_based_persona_string", "vector_based_persona_sys_prompt"
[2025-10-30 16:12:34,520] [INFO] Correct state used; State of type GenerationAgentsState; 'IGNORE THE ABOVE ERRORS'.
[2025-10-30 16:12:34,520] [INFO] ENTER: 'UtteranceClassificationAgent' calling '_classify_sentence_utterance_types'; CURRENT SPEAKER: grok-4_mas_rag, DIALOGUE TURN NUM = 10.
[2025-10-30 16:12:35,114] [INFO] 'UtteranceClassificationAgent' completion returned and validated from MODEL = 'ModelName.GROK_4'.
[2025-10-30 16:12:35,686] [INFO] 'UtteranceClassificationAgent' completion returned and validated from MODEL = 'ModelName.GROK_4'.
[2025-10-30 16:12:36,223] [INFO] 'UtteranceClassificationAgent' completion returned and validated from MODEL = 'ModelName.GROK_4'.
[2025-10-30 16:12:36,875] [INFO] 'UtteranceClassificationAgent' completion returned and validated from MODEL = 'ModelName.GROK_4'.
[2025-10-30 16:12:37,403] [INFO] 'UtteranceClassificationAgent' completion returned and validated from MODEL = 'ModelName.GROK_4'.
[2025-10-30 16:12:37,933] [INFO] 'UtteranceClassificationAgent' completion returned and validated from MODEL = 'ModelName.GROK_4'.
[2025-10-30 16:12:37,933] [INFO] EXIT: 'UtteranceClassificationAgent' calling '_classify_sentence_utterance_types' (3.4129528999328613 secs).
[2025-10-30 16:12:37,933] [INFO] ENTER: 'UtteranceClassificationAgent' calling 'return_classified_sentences'; CURRENT SPEAKER: grok-4_mas_rag, DIALOGUE TURN NUM = 10.
[2025-10-30 16:12:37,933] [INFO] EXIT: 'UtteranceClassificationAgent' calling 'return_classified_sentences' (1.430511474609375e-06 secs).
[2025-10-30 16:12:37,956] [INFO] ENTER: 'GraphRAG' calling 'why'; CURRENT SPEAKER: grok-4_mas_rag, DIALOGUE TURN NUM = 10.
[2025-10-30 16:12:37,956] [INFO] ENTER: 'GraphRAG' calling 'query_graph'; CURRENT SPEAKER: grok-4_mas_rag, DIALOGUE TURN NUM = 10.
[2025-10-30 16:12:38,698] [INFO] EXIT: 'GraphRAG' calling 'query_graph' (0.7414965629577637 secs).
[2025-10-30 16:12:38,698] [INFO] EXIT: 'GraphRAG' calling 'why' (0.7419052124023438 secs).
[2025-10-30 16:12:38,698] [INFO] ENTER: 'GraphRAG' calling 'concede'; CURRENT SPEAKER: grok-4_mas_rag, DIALOGUE TURN NUM = 10.
[2025-10-30 16:12:38,698] [INFO] ENTER: 'GraphRAG' calling 'query_graph'; CURRENT SPEAKER: grok-4_mas_rag, DIALOGUE TURN NUM = 10.
[2025-10-30 16:12:39,397] [INFO] EXIT: 'GraphRAG' calling 'query_graph' (0.6989738941192627 secs).
[2025-10-30 16:12:39,397] [INFO] EXIT: 'GraphRAG' calling 'concede' (0.6993584632873535 secs).
[2025-10-30 16:12:39,397] [INFO] ENTER: 'GraphRAG' calling 'question'; CURRENT SPEAKER: grok-4_mas_rag, DIALOGUE TURN NUM = 10.
[2025-10-30 16:12:39,397] [INFO] ENTER: 'GraphRAG' calling 'query_graph'; CURRENT SPEAKER: grok-4_mas_rag, DIALOGUE TURN NUM = 10.
[2025-10-30 16:12:40,071] [INFO] EXIT: 'GraphRAG' calling 'query_graph' (0.6739749908447266 secs).
[2025-10-30 16:12:40,072] [INFO] EXIT: 'GraphRAG' calling 'question' (0.6744215488433838 secs).
[2025-10-30 16:12:40,088] [INFO] ENTER: 'GraphRAG' calling 'why'; CURRENT SPEAKER: grok-4_mas_rag, DIALOGUE TURN NUM = 10.
[2025-10-30 16:12:40,088] [INFO] ENTER: 'GraphRAG' calling 'query_graph'; CURRENT SPEAKER: grok-4_mas_rag, DIALOGUE TURN NUM = 10.
[2025-10-30 16:12:40,829] [INFO] EXIT: 'GraphRAG' calling 'query_graph' (0.7401771545410156 secs).
[2025-10-30 16:12:40,829] [INFO] EXIT: 'GraphRAG' calling 'why' (0.7406008243560791 secs).
[2025-10-30 16:12:40,829] [INFO] ENTER: 'GraphRAG' calling 'concede'; CURRENT SPEAKER: grok-4_mas_rag, DIALOGUE TURN NUM = 10.
[2025-10-30 16:12:40,829] [INFO] ENTER: 'GraphRAG' calling 'query_graph'; CURRENT SPEAKER: grok-4_mas_rag, DIALOGUE TURN NUM = 10.
[2025-10-30 16:12:41,528] [INFO] EXIT: 'GraphRAG' calling 'query_graph' (0.699256181716919 secs).
[2025-10-30 16:12:41,528] [INFO] EXIT: 'GraphRAG' calling 'concede' (0.6996974945068359 secs).
[2025-10-30 16:12:41,528] [INFO] ENTER: 'GraphRAG' calling 'question'; CURRENT SPEAKER: grok-4_mas_rag, DIALOGUE TURN NUM = 10.
[2025-10-30 16:12:41,529] [INFO] ENTER: 'GraphRAG' calling 'query_graph'; CURRENT SPEAKER: grok-4_mas_rag, DIALOGUE TURN NUM = 10.
[2025-10-30 16:12:42,205] [INFO] EXIT: 'GraphRAG' calling 'query_graph' (0.675828218460083 secs).
[2025-10-30 16:12:42,205] [INFO] EXIT: 'GraphRAG' calling 'question' (0.6762681007385254 secs).
[2025-10-30 16:12:42,221] [INFO] ENTER: 'GraphRAG' calling 'why'; CURRENT SPEAKER: grok-4_mas_rag, DIALOGUE TURN NUM = 10.
[2025-10-30 16:12:42,221] [INFO] ENTER: 'GraphRAG' calling 'query_graph'; CURRENT SPEAKER: grok-4_mas_rag, DIALOGUE TURN NUM = 10.
[2025-10-30 16:12:42,921] [INFO] EXIT: 'GraphRAG' calling 'query_graph' (0.6999409198760986 secs).
[2025-10-30 16:12:42,922] [INFO] EXIT: 'GraphRAG' calling 'why' (0.7004005908966064 secs).
[2025-10-30 16:12:42,922] [INFO] ENTER: 'GraphRAG' calling 'claim_negation'; CURRENT SPEAKER: grok-4_mas_rag, DIALOGUE TURN NUM = 10.
[2025-10-30 16:12:42,922] [INFO] ENTER: 'GraphRAG' calling 'query_graph'; CURRENT SPEAKER: grok-4_mas_rag, DIALOGUE TURN NUM = 10.
[2025-10-30 16:12:43,597] [INFO] EXIT: 'GraphRAG' calling 'query_graph' (0.6745834350585938 secs).
[2025-10-30 16:12:43,597] [INFO] EXIT: 'GraphRAG' calling 'claim_negation' (0.6750748157501221 secs).
[2025-10-30 16:12:43,597] [INFO] ENTER: 'GraphRAG' calling 'concede'; CURRENT SPEAKER: grok-4_mas_rag, DIALOGUE TURN NUM = 10.
[2025-10-30 16:12:43,597] [INFO] ENTER: 'GraphRAG' calling 'query_graph'; CURRENT SPEAKER: grok-4_mas_rag, DIALOGUE TURN NUM = 10.
[2025-10-30 16:12:44,298] [INFO] EXIT: 'GraphRAG' calling 'query_graph' (0.700904130935669 secs).
[2025-10-30 16:12:44,298] [INFO] EXIT: 'GraphRAG' calling 'concede' (0.701296329498291 secs).
[2025-10-30 16:12:44,298] [INFO] ENTER: 'GraphRAG' calling 'question'; CURRENT SPEAKER: grok-4_mas_rag, DIALOGUE TURN NUM = 10.
[2025-10-30 16:12:44,298] [INFO] ENTER: 'GraphRAG' calling 'query_graph'; CURRENT SPEAKER: grok-4_mas_rag, DIALOGUE TURN NUM = 10.
[2025-10-30 16:12:44,412] [INFO] EXIT: 'GraphRAG' calling 'query_graph' (0.11324739456176758 secs).
[2025-10-30 16:12:44,412] [INFO] EXIT: 'GraphRAG' calling 'question' (0.11362600326538086 secs).
[2025-10-30 16:12:44,428] [INFO] ENTER: 'GraphRAG' calling 'why'; CURRENT SPEAKER: grok-4_mas_rag, DIALOGUE TURN NUM = 10.
[2025-10-30 16:12:44,428] [INFO] ENTER: 'GraphRAG' calling 'query_graph'; CURRENT SPEAKER: grok-4_mas_rag, DIALOGUE TURN NUM = 10.
[2025-10-30 16:12:45,129] [INFO] EXIT: 'GraphRAG' calling 'query_graph' (0.7004745006561279 secs).
[2025-10-30 16:12:45,129] [INFO] EXIT: 'GraphRAG' calling 'why' (0.7008609771728516 secs).
[2025-10-30 16:12:45,129] [INFO] ENTER: 'GraphRAG' calling 'claim_negation'; CURRENT SPEAKER: grok-4_mas_rag, DIALOGUE TURN NUM = 10.
[2025-10-30 16:12:45,129] [INFO] ENTER: 'GraphRAG' calling 'query_graph'; CURRENT SPEAKER: grok-4_mas_rag, DIALOGUE TURN NUM = 10.
[2025-10-30 16:12:45,803] [INFO] EXIT: 'GraphRAG' calling 'query_graph' (0.6741774082183838 secs).
[2025-10-30 16:12:45,803] [INFO] EXIT: 'GraphRAG' calling 'claim_negation' (0.6746039390563965 secs).
[2025-10-30 16:12:45,803] [INFO] ENTER: 'GraphRAG' calling 'concede'; CURRENT SPEAKER: grok-4_mas_rag, DIALOGUE TURN NUM = 10.
[2025-10-30 16:12:45,804] [INFO] ENTER: 'GraphRAG' calling 'query_graph'; CURRENT SPEAKER: grok-4_mas_rag, DIALOGUE TURN NUM = 10.
[2025-10-30 16:12:46,508] [INFO] EXIT: 'GraphRAG' calling 'query_graph' (0.7038671970367432 secs).
[2025-10-30 16:12:46,508] [INFO] EXIT: 'GraphRAG' calling 'concede' (0.704317569732666 secs).
[2025-10-30 16:12:46,508] [INFO] ENTER: 'GraphRAG' calling 'question'; CURRENT SPEAKER: grok-4_mas_rag, DIALOGUE TURN NUM = 10.
[2025-10-30 16:12:46,508] [INFO] ENTER: 'GraphRAG' calling 'query_graph'; CURRENT SPEAKER: grok-4_mas_rag, DIALOGUE TURN NUM = 10.
[2025-10-30 16:12:46,621] [INFO] EXIT: 'GraphRAG' calling 'query_graph' (0.11277556419372559 secs).
[2025-10-30 16:12:46,621] [INFO] EXIT: 'GraphRAG' calling 'question' (0.11317133903503418 secs).
[2025-10-30 16:12:46,637] [INFO] ENTER: 'GraphRAG' calling 'why'; CURRENT SPEAKER: grok-4_mas_rag, DIALOGUE TURN NUM = 10.
[2025-10-30 16:12:46,638] [INFO] ENTER: 'GraphRAG' calling 'query_graph'; CURRENT SPEAKER: grok-4_mas_rag, DIALOGUE TURN NUM = 10.
[2025-10-30 16:12:47,382] [INFO] EXIT: 'GraphRAG' calling 'query_graph' (0.7437183856964111 secs).
[2025-10-30 16:12:47,382] [INFO] EXIT: 'GraphRAG' calling 'why' (0.7441248893737793 secs).
[2025-10-30 16:12:47,382] [INFO] ENTER: 'GraphRAG' calling 'concede'; CURRENT SPEAKER: grok-4_mas_rag, DIALOGUE TURN NUM = 10.
[2025-10-30 16:12:47,382] [INFO] ENTER: 'GraphRAG' calling 'query_graph'; CURRENT SPEAKER: grok-4_mas_rag, DIALOGUE TURN NUM = 10.
[2025-10-30 16:12:48,083] [INFO] EXIT: 'GraphRAG' calling 'query_graph' (0.7013990879058838 secs).
[2025-10-30 16:12:48,084] [INFO] EXIT: 'GraphRAG' calling 'concede' (0.7017979621887207 secs).
[2025-10-30 16:12:48,084] [INFO] ENTER: 'GraphRAG' calling 'question'; CURRENT SPEAKER: grok-4_mas_rag, DIALOGUE TURN NUM = 10.
[2025-10-30 16:12:48,084] [INFO] ENTER: 'GraphRAG' calling 'query_graph'; CURRENT SPEAKER: grok-4_mas_rag, DIALOGUE TURN NUM = 10.
[2025-10-30 16:12:48,758] [INFO] EXIT: 'GraphRAG' calling 'query_graph' (0.6743175983428955 secs).
[2025-10-30 16:12:48,758] [INFO] EXIT: 'GraphRAG' calling 'question' (0.6747632026672363 secs).
[2025-10-30 16:12:48,774] [INFO] ENTER: 'GraphRAG' calling 'why'; CURRENT SPEAKER: grok-4_mas_rag, DIALOGUE TURN NUM = 10.
[2025-10-30 16:12:48,774] [INFO] ENTER: 'GraphRAG' calling 'query_graph'; CURRENT SPEAKER: grok-4_mas_rag, DIALOGUE TURN NUM = 10.
[2025-10-30 16:12:49,532] [INFO] EXIT: 'GraphRAG' calling 'query_graph' (0.7579057216644287 secs).
[2025-10-30 16:12:49,532] [INFO] EXIT: 'GraphRAG' calling 'why' (0.7582933902740479 secs).
[2025-10-30 16:12:49,532] [INFO] ENTER: 'GraphRAG' calling 'concede'; CURRENT SPEAKER: grok-4_mas_rag, DIALOGUE TURN NUM = 10.
[2025-10-30 16:12:49,533] [INFO] ENTER: 'GraphRAG' calling 'query_graph'; CURRENT SPEAKER: grok-4_mas_rag, DIALOGUE TURN NUM = 10.
[2025-10-30 16:12:50,249] [INFO] EXIT: 'GraphRAG' calling 'query_graph' (0.7162771224975586 secs).
[2025-10-30 16:12:50,249] [INFO] EXIT: 'GraphRAG' calling 'concede' (0.7167296409606934 secs).
[2025-10-30 16:12:50,249] [INFO] ENTER: 'GraphRAG' calling 'question'; CURRENT SPEAKER: grok-4_mas_rag, DIALOGUE TURN NUM = 10.
[2025-10-30 16:12:50,249] [INFO] ENTER: 'GraphRAG' calling 'query_graph'; CURRENT SPEAKER: grok-4_mas_rag, DIALOGUE TURN NUM = 10.
[2025-10-30 16:12:50,948] [INFO] EXIT: 'GraphRAG' calling 'query_graph' (0.6983199119567871 secs).
[2025-10-30 16:12:50,948] [INFO] EXIT: 'GraphRAG' calling 'question' (0.698824405670166 secs).
[2025-10-30 16:12:50,948] [INFO] ENTER: 'GraphRAG' calling 'return_rag_examples'; CURRENT SPEAKER: grok-4_mas_rag, DIALOGUE TURN NUM = 10.
[2025-10-30 16:12:50,948] [INFO] EXIT: 'GraphRAG' calling 'return_rag_examples' (1.9073486328125e-06 secs).
[2025-10-30 16:12:50,950] [INFO] ENTER: 'DialogueMoveGenerator' calling 'generate'; CURRENT SPEAKER: grok-4_mas_rag, DIALOGUE TURN NUM = 10.
[2025-10-30 16:12:50,951] [INFO] ENTER: 'DialogueMoveGenerator' calling 'generate'; CURRENT SPEAKER: grok-4_mas_rag, DIALOGUE TURN NUM = 10.
[2025-10-30 16:12:50,951] [INFO] ENTER: 'MASPromptGenerator' calling 'claim_negation'; CURRENT SPEAKER: grok-4_mas_rag, DIALOGUE TURN NUM = 10.
[2025-10-30 16:12:50,951] [INFO] ENTER: 'MASPromptGenerator' calling 'concede_claim'; CURRENT SPEAKER: grok-4_mas_rag, DIALOGUE TURN NUM = 10.
[2025-10-30 16:12:50,952] [INFO] ENTER: 'DialogueMoveGenerator' calling 'generate'; CURRENT SPEAKER: grok-4_mas_rag, DIALOGUE TURN NUM = 10.
[2025-10-30 16:12:50,952] [INFO] EXIT: 'MASPromptGenerator' calling 'claim_negation' (4.7206878662109375e-05 secs).
[2025-10-30 16:12:50,952] [INFO] EXIT: 'MASPromptGenerator' calling 'concede_claim' (3.933906555175781e-05 secs).
[2025-10-30 16:12:50,953] [INFO] ENTER: 'MASPromptGenerator' calling 'question_claim'; CURRENT SPEAKER: grok-4_mas_rag, DIALOGUE TURN NUM = 10.
[2025-10-30 16:12:50,954] [INFO] ENTER: 'DialogueMoveGenerator' calling 'generate'; CURRENT SPEAKER: grok-4_mas_rag, DIALOGUE TURN NUM = 10.
[2025-10-30 16:12:50,955] [INFO] EXIT: 'MASPromptGenerator' calling 'question_claim' (4.696846008300781e-05 secs).
[2025-10-30 16:12:50,955] [INFO] ENTER: 'MASPromptGenerator' calling 'why_claim'; CURRENT SPEAKER: grok-4_mas_rag, DIALOGUE TURN NUM = 10.
[2025-10-30 16:12:50,956] [INFO] EXIT: 'MASPromptGenerator' calling 'why_claim' (3.647804260253906e-05 secs).
[2025-10-30 16:12:52,295] [INFO] Completion returned and validated from MODEL = 'grok-4'.
[2025-10-30 16:12:52,331] [INFO] Completion returned and validated from MODEL = 'grok-4'.
[2025-10-30 16:12:52,436] [INFO] Completion returned and validated from MODEL = 'grok-4'.
[2025-10-30 16:12:52,479] [INFO] Completion returned and validated from MODEL = 'grok-4'.
[2025-10-30 16:12:53,847] [INFO] Completion returned and validated from MODEL = 'grok-4'.
[2025-10-30 16:12:53,940] [INFO] Completion returned and validated from MODEL = 'grok-4'.
[2025-10-30 16:12:53,940] [INFO] EXIT: 'DialogueMoveGenerator' calling 'generate' (2.9889211654663086 secs).
[2025-10-30 16:12:53,947] [INFO] Completion returned and validated from MODEL = 'grok-4'.
[2025-10-30 16:12:53,963] [INFO] Completion returned and validated from MODEL = 'grok-4'.
[2025-10-30 16:12:55,159] [INFO] Completion returned and validated from MODEL = 'grok-4'.
[2025-10-30 16:12:55,236] [INFO] Completion returned and validated from MODEL = 'grok-4'.
[2025-10-30 16:12:55,427] [INFO] Completion returned and validated from MODEL = 'grok-4'.
[2025-10-30 16:12:56,477] [INFO] Completion returned and validated from MODEL = 'grok-4'.
[2025-10-30 16:12:56,719] [INFO] Completion returned and validated from MODEL = 'grok-4'.
[2025-10-30 16:12:56,765] [INFO] Completion returned and validated from MODEL = 'grok-4'.
[2025-10-30 16:12:57,959] [INFO] Completion returned and validated from MODEL = 'grok-4'.
[2025-10-30 16:12:58,093] [INFO] Completion returned and validated from MODEL = 'grok-4'.
[2025-10-30 16:12:58,096] [INFO] Completion returned and validated from MODEL = 'grok-4'.
[2025-10-30 16:12:59,063] [INFO] Completion returned and validated from MODEL = 'grok-4'.
[2025-10-30 16:12:59,063] [INFO] EXIT: 'DialogueMoveGenerator' calling 'generate' (8.111758947372437 secs).
[2025-10-30 16:12:59,466] [INFO] Completion returned and validated from MODEL = 'grok-4'.
[2025-10-30 16:12:59,466] [INFO] EXIT: 'DialogueMoveGenerator' calling 'generate' (8.510717153549194 secs).
[2025-10-30 16:12:59,536] [INFO] Completion returned and validated from MODEL = 'grok-4'.
[2025-10-30 16:12:59,536] [INFO] EXIT: 'DialogueMoveGenerator' calling 'generate' (8.58314824104309 secs).
[2025-10-30 16:12:59,537] [INFO] ENTER: 'MASPromptGenerator' calling 'persuasiveness_choice'; CURRENT SPEAKER: grok-4_mas_rag, DIALOGUE TURN NUM = 10.
[2025-10-30 16:12:59,537] [INFO] EXIT: 'MASPromptGenerator' calling 'persuasiveness_choice' (0.00019550323486328125 secs).
[2025-10-30 16:13:00,851] [INFO] Completion returned and validated within 'PersuasivenessChoiceAgent'; MODEL = 'grok-4'; DIALOGUE TURN NUM = 10.
[2025-10-30 16:13:02,224] [INFO] Completion returned and validated within 'PersuasivenessChoiceAgent'; MODEL = 'grok-4'; DIALOGUE TURN NUM = 10.
[2025-10-30 16:13:03,779] [INFO] Completion returned and validated within 'PersuasivenessChoiceAgent'; MODEL = 'grok-4'; DIALOGUE TURN NUM = 10.
[2025-10-30 16:13:05,549] [INFO] Completion returned and validated within 'PersuasivenessChoiceAgent'; MODEL = 'grok-4'; DIALOGUE TURN NUM = 10.
[2025-10-30 16:13:07,149] [INFO] Completion returned and validated within 'PersuasivenessChoiceAgent'; MODEL = 'grok-4'; DIALOGUE TURN NUM = 10.
[2025-10-30 16:13:08,871] [INFO] Completion returned and validated within 'PersuasivenessChoiceAgent'; MODEL = 'grok-4'; DIALOGUE TURN NUM = 10.
[2025-10-30 16:13:08,871] [INFO] ENTER: 'DisambiguationAgent' calling '_grouping_similar_utterance_types'; CURRENT SPEAKER: grok-4_mas_rag, DIALOGUE TURN NUM = 10.
[2025-10-30 16:13:08,871] [INFO] EXIT: 'DisambiguationAgent' calling '_grouping_similar_utterance_types' (9.298324584960938e-06 secs).
[2025-10-30 16:13:08,871] [INFO] ENTER: 'DisambiguationAgent' calling '_identifying_similar_sentences_and_choosing_one_to_return_to_user'; CURRENT SPEAKER: grok-4_mas_rag, DIALOGUE TURN NUM = 10.
[2025-10-30 16:13:10,219] [INFO] 'DisambiguationAgent' grouped similar sentences, completion returned and validated; MODEL = 'grok-4'.
[2025-10-30 16:13:11,019] [INFO] 'DisambiguationAgent' chose sentences to remove, completion returned and validated from MODEL = 'grok-4'.
[2025-10-30 16:13:11,718] [INFO] 'DisambiguationAgent' chose sentences to remove, completion returned and validated from MODEL = 'grok-4'.
[2025-10-30 16:13:11,718] [INFO] EXIT: 'DisambiguationAgent' calling '_identifying_similar_sentences_and_choosing_one_to_return_to_user' (2.846254587173462 secs).
[2025-10-30 16:13:11,718] [INFO] ENTER: 'DisambiguationAgent' calling '_identifying_similar_sentences_and_choosing_one_to_return_to_user'; CURRENT SPEAKER: grok-4_mas_rag, DIALOGUE TURN NUM = 10.
[2025-10-30 16:13:14,238] [INFO] 'DisambiguationAgent' grouped similar sentences, completion returned and validated; MODEL = 'grok-4'.
[2025-10-30 16:13:15,726] [ERROR] 'DisambiguationAgent' could not choose sentences to remove, completion not validated; MODEL = 'grok-4'; 
 REASON: 

 1 validation error for PersuasivenessChoice
  Invalid JSON: trailing characters at line 3 column 1 [type=json_invalid, input_value='{"Choice": "Why ignore O...aling in their framing.', input_type=str]
    For further information visit https://errors.pydantic.dev/2.12/v/json_invalid
[2025-10-30 16:13:16,502] [INFO] 'DisambiguationAgent' chose sentences to remove, completion returned and validated from MODEL = 'grok-4'.
[2025-10-30 16:13:16,502] [INFO] EXIT: 'DisambiguationAgent' calling '_identifying_similar_sentences_and_choosing_one_to_return_to_user' (4.784393072128296 secs).
[2025-10-30 16:13:16,502] [INFO] ENTER: 'DisambiguationAgent' calling '_removing_repetitive_sentences'; CURRENT SPEAKER: grok-4_mas_rag, DIALOGUE TURN NUM = 10.
[2025-10-30 16:13:16,502] [INFO] EXIT: 'DisambiguationAgent' calling '_removing_repetitive_sentences' (2.8848648071289062e-05 secs).
[2025-10-30 16:13:16,502] [INFO] ENTER: 'DisambiguationAgent' calling '_choose_the_most_persuasive_sentences'; CURRENT SPEAKER: grok-4_mas_rag, DIALOGUE TURN NUM = 10.
[2025-10-30 16:13:18,245] [INFO] 'DisambiguationAgent': reached maximum allowed sentences, succussfully chose most persuasive sentences, completion returned and validated from MODEL = 'grok-4'.
[2025-10-30 16:13:18,246] [INFO] EXIT: 'DisambiguationAgent' calling '_choose_the_most_persuasive_sentences' (1.7431540489196777 secs).
[2025-10-30 16:13:18,246] [INFO] ENTER: 'DisambiguationAgent' calling 'return_disambiguated_sentences'; CURRENT SPEAKER: grok-4_mas_rag, DIALOGUE TURN NUM = 10.
[2025-10-30 16:13:18,246] [INFO] EXIT: 'DisambiguationAgent' calling 'return_disambiguated_sentences' (2.6226043701171875e-06 secs).
[2025-10-30 16:13:18,246] [ERROR] Wrong state used; State of type HumanState; error message: dict has unexpected extra key(s): "graph_rag_examples", "intermediate_generations", "knowledge_base_ensemble_or_model_name", "model_seed", "model_temp", "model_top_p", "number_of_graph_rag_examples", "number_of_vector_based_rag_examples", "political_position_prob_of_na", "political_position_range", "political_position_std", "speaker_model_name", "speaker_type", "vector_based_persona_string", "vector_based_persona_sys_prompt"
[2025-10-30 16:13:18,246] [INFO] Correct state used; State of type GenerationAgentsState; 'IGNORE THE ABOVE ERRORS'.
[2025-10-30 16:13:18,811] [INFO] 'commitment_update' completed '___Claim___' update for current speaker's commitments; MODEL = 'grok-4'.
[2025-10-30 16:13:19,341] [INFO] 'commitment_update' completed '___Claim___' update for current speaker's commitments; MODEL = 'grok-4'.
[2025-10-30 16:13:19,438] [ERROR] Wrong state used; State of type HumanState; error message: dict has unexpected extra key(s): "graph_rag_examples", "intermediate_generations", "knowledge_base_ensemble_or_model_name", "model_seed", "model_temp", "model_top_p", "number_of_graph_rag_examples", "number_of_vector_based_rag_examples", "political_position_prob_of_na", "political_position_range", "political_position_std", "speaker_model_name", "speaker_type", "vector_based_persona_string", "vector_based_persona_sys_prompt"
[2025-10-30 16:13:19,438] [INFO] Correct state used; State of type GenerationAgentsState; 'IGNORE THE ABOVE ERRORS'.
[2025-10-30 16:13:19,439] [INFO] ENTER: 'UtteranceClassificationAgent' calling '_classify_sentence_utterance_types'; CURRENT SPEAKER: mistral-medium_mas, DIALOGUE TURN NUM = 11.
[2025-10-30 16:13:20,383] [INFO] 'UtteranceClassificationAgent' completion returned and validated from MODEL = 'ModelName.MISTRAL_MEDIUM'.
[2025-10-30 16:13:20,897] [INFO] 'UtteranceClassificationAgent' completion returned and validated from MODEL = 'ModelName.MISTRAL_MEDIUM'.
[2025-10-30 16:13:21,733] [INFO] 'UtteranceClassificationAgent' completion returned and validated from MODEL = 'ModelName.MISTRAL_MEDIUM'.
[2025-10-30 16:13:22,170] [INFO] 'UtteranceClassificationAgent' completion returned and validated from MODEL = 'ModelName.MISTRAL_MEDIUM'.
[2025-10-30 16:13:22,768] [INFO] 'UtteranceClassificationAgent' completion returned and validated from MODEL = 'ModelName.MISTRAL_MEDIUM'.
[2025-10-30 16:13:22,768] [INFO] EXIT: 'UtteranceClassificationAgent' calling '_classify_sentence_utterance_types' (3.3292245864868164 secs).
[2025-10-30 16:13:22,768] [INFO] ENTER: 'UtteranceClassificationAgent' calling 'return_classified_sentences'; CURRENT SPEAKER: mistral-medium_mas, DIALOGUE TURN NUM = 11.
[2025-10-30 16:13:22,768] [INFO] EXIT: 'UtteranceClassificationAgent' calling 'return_classified_sentences' (1.6689300537109375e-06 secs).
[2025-10-30 16:13:22,771] [INFO] ENTER: 'DialogueMoveGenerator' calling 'generate'; CURRENT SPEAKER: mistral-medium_mas, DIALOGUE TURN NUM = 11.
[2025-10-30 16:13:22,771] [INFO] ENTER: 'MASPromptGenerator' calling 'claim'; CURRENT SPEAKER: mistral-medium_mas, DIALOGUE TURN NUM = 11.
[2025-10-30 16:13:22,771] [INFO] EXIT: 'MASPromptGenerator' calling 'claim' (3.3855438232421875e-05 secs).
[2025-10-30 16:13:22,773] [INFO] ENTER: 'DialogueMoveGenerator' calling 'generate'; CURRENT SPEAKER: mistral-medium_mas, DIALOGUE TURN NUM = 11.
[2025-10-30 16:13:22,773] [INFO] ENTER: 'MASPromptGenerator' calling 'claim_negation'; CURRENT SPEAKER: mistral-medium_mas, DIALOGUE TURN NUM = 11.
[2025-10-30 16:13:22,773] [INFO] EXIT: 'MASPromptGenerator' calling 'claim_negation' (3.3855438232421875e-05 secs).
[2025-10-30 16:13:22,774] [INFO] ENTER: 'DialogueMoveGenerator' calling 'generate'; CURRENT SPEAKER: mistral-medium_mas, DIALOGUE TURN NUM = 11.
[2025-10-30 16:13:22,775] [INFO] ENTER: 'MASPromptGenerator' calling 'concede_claim'; CURRENT SPEAKER: mistral-medium_mas, DIALOGUE TURN NUM = 11.
[2025-10-30 16:13:22,775] [INFO] EXIT: 'MASPromptGenerator' calling 'concede_claim' (3.147125244140625e-05 secs).
[2025-10-30 16:13:22,775] [INFO] ENTER: 'DialogueMoveGenerator' calling 'generate'; CURRENT SPEAKER: mistral-medium_mas, DIALOGUE TURN NUM = 11.
[2025-10-30 16:13:22,775] [INFO] ENTER: 'MASPromptGenerator' calling 'question_claim'; CURRENT SPEAKER: mistral-medium_mas, DIALOGUE TURN NUM = 11.
[2025-10-30 16:13:22,775] [INFO] EXIT: 'MASPromptGenerator' calling 'question_claim' (2.86102294921875e-05 secs).
[2025-10-30 16:13:22,776] [INFO] ENTER: 'DialogueMoveGenerator' calling 'generate'; CURRENT SPEAKER: mistral-medium_mas, DIALOGUE TURN NUM = 11.
[2025-10-30 16:13:22,777] [INFO] ENTER: 'MASPromptGenerator' calling 'retract_claim'; CURRENT SPEAKER: mistral-medium_mas, DIALOGUE TURN NUM = 11.
[2025-10-30 16:13:22,777] [INFO] EXIT: 'MASPromptGenerator' calling 'retract_claim' (3.337860107421875e-05 secs).
[2025-10-30 16:13:22,778] [INFO] ENTER: 'DialogueMoveGenerator' calling 'generate'; CURRENT SPEAKER: mistral-medium_mas, DIALOGUE TURN NUM = 11.
[2025-10-30 16:13:22,778] [INFO] ENTER: 'MASPromptGenerator' calling 'since_claim'; CURRENT SPEAKER: mistral-medium_mas, DIALOGUE TURN NUM = 11.
[2025-10-30 16:13:22,778] [INFO] EXIT: 'MASPromptGenerator' calling 'since_claim' (4.267692565917969e-05 secs).
[2025-10-30 16:13:22,779] [INFO] ENTER: 'DialogueMoveGenerator' calling 'generate'; CURRENT SPEAKER: mistral-medium_mas, DIALOGUE TURN NUM = 11.
[2025-10-30 16:13:22,779] [INFO] ENTER: 'MASPromptGenerator' calling 'why_claim'; CURRENT SPEAKER: mistral-medium_mas, DIALOGUE TURN NUM = 11.
[2025-10-30 16:13:22,779] [INFO] EXIT: 'MASPromptGenerator' calling 'why_claim' (2.7894973754882812e-05 secs).
[2025-10-30 16:13:24,891] [INFO] Completion returned and validated from MODEL = 'mistral-medium'.
[2025-10-30 16:13:25,685] [INFO] Completion returned and validated from MODEL = 'mistral-medium'.
[2025-10-30 16:13:25,926] [INFO] Completion returned and validated from MODEL = 'mistral-medium'.
[2025-10-30 16:13:26,255] [INFO] Completion returned and validated from MODEL = 'mistral-medium'.
[2025-10-30 16:13:27,004] [INFO] Completion returned and validated from MODEL = 'mistral-medium'.
[2025-10-30 16:13:27,004] [INFO] EXIT: 'DialogueMoveGenerator' calling 'generate' (4.229938745498657 secs).
[2025-10-30 16:13:27,908] [INFO] Completion returned and validated from MODEL = 'mistral-medium'.
[2025-10-30 16:13:28,044] [INFO] Completion returned and validated from MODEL = 'mistral-medium'.
[2025-10-30 16:13:28,044] [INFO] EXIT: 'DialogueMoveGenerator' calling 'generate' (5.2646825313568115 secs).
[2025-10-30 16:13:28,055] [INFO] Completion returned and validated from MODEL = 'mistral-medium'.
[2025-10-30 16:13:28,158] [INFO] Completion returned and validated from MODEL = 'mistral-medium'.
[2025-10-30 16:13:28,242] [INFO] Completion returned and validated from MODEL = 'mistral-medium'.
[2025-10-30 16:13:28,895] [INFO] Completion returned and validated from MODEL = 'mistral-medium'.
[2025-10-30 16:13:30,110] [INFO] Completion returned and validated from MODEL = 'mistral-medium'.
[2025-10-30 16:13:30,113] [INFO] Completion returned and validated from MODEL = 'mistral-medium'.
[2025-10-30 16:13:30,113] [INFO] EXIT: 'DialogueMoveGenerator' calling 'generate' (7.340306758880615 secs).
[2025-10-30 16:13:30,992] [INFO] Completion returned and validated from MODEL = 'mistral-medium'.
[2025-10-30 16:13:30,992] [INFO] EXIT: 'DialogueMoveGenerator' calling 'generate' (8.216594219207764 secs).
[2025-10-30 16:13:31,209] [INFO] Completion returned and validated from MODEL = 'mistral-medium'.
[2025-10-30 16:13:31,209] [INFO] EXIT: 'DialogueMoveGenerator' calling 'generate' (8.437463998794556 secs).
[2025-10-30 16:13:31,898] [INFO] Completion returned and validated from MODEL = 'mistral-medium'.
[2025-10-30 16:13:31,898] [INFO] EXIT: 'DialogueMoveGenerator' calling 'generate' (9.121061563491821 secs).
[2025-10-30 16:13:32,340] [INFO] Completion returned and validated from MODEL = 'mistral-medium'.
[2025-10-30 16:13:32,340] [INFO] EXIT: 'DialogueMoveGenerator' calling 'generate' (9.561716079711914 secs).
[2025-10-30 16:13:32,341] [INFO] ENTER: 'MASPromptGenerator' calling 'persuasiveness_choice'; CURRENT SPEAKER: mistral-medium_mas, DIALOGUE TURN NUM = 11.
[2025-10-30 16:13:32,341] [INFO] EXIT: 'MASPromptGenerator' calling 'persuasiveness_choice' (0.0001354217529296875 secs).
[2025-10-30 16:13:35,863] [INFO] Completion returned and validated within 'PersuasivenessChoiceAgent'; MODEL = 'mistral-medium'; DIALOGUE TURN NUM = 11.
[2025-10-30 16:13:38,856] [INFO] Completion returned and validated within 'PersuasivenessChoiceAgent'; MODEL = 'mistral-medium'; DIALOGUE TURN NUM = 11.
[2025-10-30 16:13:41,670] [INFO] Completion returned and validated within 'PersuasivenessChoiceAgent'; MODEL = 'mistral-medium'; DIALOGUE TURN NUM = 11.
[2025-10-30 16:13:44,605] [INFO] Completion returned and validated within 'PersuasivenessChoiceAgent'; MODEL = 'mistral-medium'; DIALOGUE TURN NUM = 11.
[2025-10-30 16:13:46,983] [INFO] Completion returned and validated within 'PersuasivenessChoiceAgent'; MODEL = 'mistral-medium'; DIALOGUE TURN NUM = 11.
[2025-10-30 16:13:46,984] [INFO] ENTER: 'DisambiguationAgent' calling '_grouping_similar_utterance_types'; CURRENT SPEAKER: mistral-medium_mas, DIALOGUE TURN NUM = 11.
[2025-10-30 16:13:46,984] [INFO] EXIT: 'DisambiguationAgent' calling '_grouping_similar_utterance_types' (1.1682510375976562e-05 secs).
[2025-10-30 16:13:46,984] [INFO] ENTER: 'DisambiguationAgent' calling '_identifying_similar_sentences_and_choosing_one_to_return_to_user'; CURRENT SPEAKER: mistral-medium_mas, DIALOGUE TURN NUM = 11.
[2025-10-30 16:13:51,747] [INFO] 'DisambiguationAgent' grouped similar sentences, completion returned and validated; MODEL = 'mistral-medium'.
[2025-10-30 16:13:59,779] [INFO] 'DisambiguationAgent' chose sentences to remove, completion returned and validated from MODEL = 'mistral-medium'.
[2025-10-30 16:14:00,766] [INFO] 'DisambiguationAgent' chose sentences to remove, completion returned and validated from MODEL = 'mistral-medium'.
[2025-10-30 16:14:01,796] [INFO] 'DisambiguationAgent' chose sentences to remove, completion returned and validated from MODEL = 'mistral-medium'.
[2025-10-30 16:14:01,796] [INFO] EXIT: 'DisambiguationAgent' calling '_identifying_similar_sentences_and_choosing_one_to_return_to_user' (14.811912536621094 secs).
[2025-10-30 16:14:01,796] [INFO] ENTER: 'DisambiguationAgent' calling '_identifying_similar_sentences_and_choosing_one_to_return_to_user'; CURRENT SPEAKER: mistral-medium_mas, DIALOGUE TURN NUM = 11.
[2025-10-30 16:14:04,909] [INFO] 'DisambiguationAgent' grouped similar sentences, completion returned and validated; MODEL = 'mistral-medium'.
[2025-10-30 16:14:06,058] [INFO] 'DisambiguationAgent' chose sentences to remove, completion returned and validated from MODEL = 'mistral-medium'.
[2025-10-30 16:14:07,192] [INFO] 'DisambiguationAgent' chose sentences to remove, completion returned and validated from MODEL = 'mistral-medium'.
[2025-10-30 16:14:07,192] [INFO] EXIT: 'DisambiguationAgent' calling '_identifying_similar_sentences_and_choosing_one_to_return_to_user' (5.3961615562438965 secs).
[2025-10-30 16:14:07,192] [INFO] ENTER: 'DisambiguationAgent' calling '_removing_repetitive_sentences'; CURRENT SPEAKER: mistral-medium_mas, DIALOGUE TURN NUM = 11.
[2025-10-30 16:14:07,192] [INFO] EXIT: 'DisambiguationAgent' calling '_removing_repetitive_sentences' (3.314018249511719e-05 secs).
[2025-10-30 16:14:07,192] [INFO] ENTER: 'DisambiguationAgent' calling '_choose_the_most_persuasive_sentences'; CURRENT SPEAKER: mistral-medium_mas, DIALOGUE TURN NUM = 11.
[2025-10-30 16:14:10,483] [INFO] 'DisambiguationAgent': reached maximum allowed sentences, succussfully chose most persuasive sentences, completion returned and validated from MODEL = 'mistral-medium'.
[2025-10-30 16:14:10,483] [INFO] EXIT: 'DisambiguationAgent' calling '_choose_the_most_persuasive_sentences' (3.2907400131225586 secs).
[2025-10-30 16:14:10,483] [INFO] ENTER: 'DisambiguationAgent' calling 'return_disambiguated_sentences'; CURRENT SPEAKER: mistral-medium_mas, DIALOGUE TURN NUM = 11.
[2025-10-30 16:14:10,483] [INFO] EXIT: 'DisambiguationAgent' calling 'return_disambiguated_sentences' (3.0994415283203125e-06 secs).
[2025-10-30 16:14:10,484] [ERROR] Wrong state used; State of type HumanState; error message: dict has unexpected extra key(s): "graph_rag_examples", "intermediate_generations", "knowledge_base_ensemble_or_model_name", "model_seed", "model_temp", "model_top_p", "number_of_graph_rag_examples", "number_of_vector_based_rag_examples", "political_position_prob_of_na", "political_position_range", "political_position_std", "speaker_model_name", "speaker_type", "vector_based_persona_string", "vector_based_persona_sys_prompt"
[2025-10-30 16:14:10,484] [INFO] Correct state used; State of type GenerationAgentsState; 'IGNORE THE ABOVE ERRORS'.
[2025-10-30 16:14:11,117] [INFO] 'commitment_update' completed '___Claim___' update for current speaker's commitments; MODEL = 'mistral-medium'.
[2025-10-30 16:14:11,653] [INFO] 'commitment_update' completed '___Since___' update; MODEL = 'mistral-medium'.
[2025-10-30 16:14:12,511] [INFO] 'commitment_update' completed '___Claim___' update for current speaker's commitments; MODEL = 'mistral-medium'.
[2025-10-30 16:14:13,019] [INFO] 'commitment_update' completed '___Since___' update; MODEL = 'mistral-medium'.
[2025-10-30 16:14:13,091] [ERROR] Wrong state used; State of type HumanState; error message: dict has unexpected extra key(s): "graph_rag_examples", "intermediate_generations", "knowledge_base_ensemble_or_model_name", "model_seed", "model_temp", "model_top_p", "number_of_graph_rag_examples", "number_of_vector_based_rag_examples", "political_position_prob_of_na", "political_position_range", "political_position_std", "speaker_model_name", "speaker_type", "vector_based_persona_string", "vector_based_persona_sys_prompt"
[2025-10-30 16:14:13,091] [INFO] Correct state used; State of type GenerationAgentsState; 'IGNORE THE ABOVE ERRORS'.
[2025-10-30 16:14:13,091] [INFO] ENTER: 'UtteranceClassificationAgent' calling '_classify_sentence_utterance_types'; CURRENT SPEAKER: grok-4_mas_rag, DIALOGUE TURN NUM = 12.
[2025-10-30 16:14:13,785] [INFO] 'UtteranceClassificationAgent' completion returned and validated from MODEL = 'ModelName.GROK_4'.
[2025-10-30 16:14:14,328] [INFO] 'UtteranceClassificationAgent' completion returned and validated from MODEL = 'ModelName.GROK_4'.
[2025-10-30 16:14:14,873] [INFO] 'UtteranceClassificationAgent' completion returned and validated from MODEL = 'ModelName.GROK_4'.
[2025-10-30 16:14:15,434] [INFO] 'UtteranceClassificationAgent' completion returned and validated from MODEL = 'ModelName.GROK_4'.
[2025-10-30 16:14:15,962] [INFO] 'UtteranceClassificationAgent' completion returned and validated from MODEL = 'ModelName.GROK_4'.
[2025-10-30 16:14:16,505] [INFO] 'UtteranceClassificationAgent' completion returned and validated from MODEL = 'ModelName.GROK_4'.
[2025-10-30 16:14:16,505] [INFO] EXIT: 'UtteranceClassificationAgent' calling '_classify_sentence_utterance_types' (3.4142627716064453 secs).
[2025-10-30 16:14:16,505] [INFO] ENTER: 'UtteranceClassificationAgent' calling 'return_classified_sentences'; CURRENT SPEAKER: grok-4_mas_rag, DIALOGUE TURN NUM = 12.
[2025-10-30 16:14:16,505] [INFO] EXIT: 'UtteranceClassificationAgent' calling 'return_classified_sentences' (1.6689300537109375e-06 secs).
[2025-10-30 16:14:16,528] [INFO] ENTER: 'GraphRAG' calling 'why'; CURRENT SPEAKER: grok-4_mas_rag, DIALOGUE TURN NUM = 12.
[2025-10-30 16:14:16,528] [INFO] ENTER: 'GraphRAG' calling 'query_graph'; CURRENT SPEAKER: grok-4_mas_rag, DIALOGUE TURN NUM = 12.
[2025-10-30 16:14:17,243] [INFO] EXIT: 'GraphRAG' calling 'query_graph' (0.7150626182556152 secs).
[2025-10-30 16:14:17,243] [INFO] EXIT: 'GraphRAG' calling 'why' (0.7154557704925537 secs).
[2025-10-30 16:14:17,243] [INFO] ENTER: 'GraphRAG' calling 'claim_negation'; CURRENT SPEAKER: grok-4_mas_rag, DIALOGUE TURN NUM = 12.
[2025-10-30 16:14:17,244] [INFO] ENTER: 'GraphRAG' calling 'query_graph'; CURRENT SPEAKER: grok-4_mas_rag, DIALOGUE TURN NUM = 12.
[2025-10-30 16:14:17,933] [INFO] EXIT: 'GraphRAG' calling 'query_graph' (0.6889395713806152 secs).
[2025-10-30 16:14:17,933] [INFO] EXIT: 'GraphRAG' calling 'claim_negation' (0.6894500255584717 secs).
[2025-10-30 16:14:17,933] [INFO] ENTER: 'GraphRAG' calling 'concede'; CURRENT SPEAKER: grok-4_mas_rag, DIALOGUE TURN NUM = 12.
[2025-10-30 16:14:17,933] [INFO] ENTER: 'GraphRAG' calling 'query_graph'; CURRENT SPEAKER: grok-4_mas_rag, DIALOGUE TURN NUM = 12.
[2025-10-30 16:14:18,651] [INFO] EXIT: 'GraphRAG' calling 'query_graph' (0.7175018787384033 secs).
[2025-10-30 16:14:18,651] [INFO] EXIT: 'GraphRAG' calling 'concede' (0.7179200649261475 secs).
[2025-10-30 16:14:18,651] [INFO] ENTER: 'GraphRAG' calling 'question'; CURRENT SPEAKER: grok-4_mas_rag, DIALOGUE TURN NUM = 12.
[2025-10-30 16:14:18,651] [INFO] ENTER: 'GraphRAG' calling 'query_graph'; CURRENT SPEAKER: grok-4_mas_rag, DIALOGUE TURN NUM = 12.
[2025-10-30 16:14:18,779] [INFO] EXIT: 'GraphRAG' calling 'query_graph' (0.12792301177978516 secs).
[2025-10-30 16:14:18,779] [INFO] EXIT: 'GraphRAG' calling 'question' (0.12830162048339844 secs).
[2025-10-30 16:14:18,795] [INFO] ENTER: 'GraphRAG' calling 'why'; CURRENT SPEAKER: grok-4_mas_rag, DIALOGUE TURN NUM = 12.
[2025-10-30 16:14:18,796] [INFO] ENTER: 'GraphRAG' calling 'query_graph'; CURRENT SPEAKER: grok-4_mas_rag, DIALOGUE TURN NUM = 12.
[2025-10-30 16:14:19,512] [INFO] EXIT: 'GraphRAG' calling 'query_graph' (0.7166049480438232 secs).
[2025-10-30 16:14:19,512] [INFO] EXIT: 'GraphRAG' calling 'why' (0.71706223487854 secs).
[2025-10-30 16:14:19,512] [INFO] ENTER: 'GraphRAG' calling 'claim_negation'; CURRENT SPEAKER: grok-4_mas_rag, DIALOGUE TURN NUM = 12.
[2025-10-30 16:14:19,513] [INFO] ENTER: 'GraphRAG' calling 'query_graph'; CURRENT SPEAKER: grok-4_mas_rag, DIALOGUE TURN NUM = 12.
[2025-10-30 16:14:20,202] [INFO] EXIT: 'GraphRAG' calling 'query_graph' (0.6896765232086182 secs).
[2025-10-30 16:14:20,203] [INFO] EXIT: 'GraphRAG' calling 'claim_negation' (0.6901087760925293 secs).
[2025-10-30 16:14:20,203] [INFO] ENTER: 'GraphRAG' calling 'concede'; CURRENT SPEAKER: grok-4_mas_rag, DIALOGUE TURN NUM = 12.
[2025-10-30 16:14:20,203] [INFO] ENTER: 'GraphRAG' calling 'query_graph'; CURRENT SPEAKER: grok-4_mas_rag, DIALOGUE TURN NUM = 12.
[2025-10-30 16:14:20,902] [INFO] EXIT: 'GraphRAG' calling 'query_graph' (0.6993975639343262 secs).
[2025-10-30 16:14:20,902] [INFO] EXIT: 'GraphRAG' calling 'concede' (0.699845552444458 secs).
[2025-10-30 16:14:20,902] [INFO] ENTER: 'GraphRAG' calling 'question'; CURRENT SPEAKER: grok-4_mas_rag, DIALOGUE TURN NUM = 12.
[2025-10-30 16:14:20,903] [INFO] ENTER: 'GraphRAG' calling 'query_graph'; CURRENT SPEAKER: grok-4_mas_rag, DIALOGUE TURN NUM = 12.
[2025-10-30 16:14:21,033] [INFO] EXIT: 'GraphRAG' calling 'query_graph' (0.13005709648132324 secs).
[2025-10-30 16:14:21,033] [INFO] EXIT: 'GraphRAG' calling 'question' (0.13048911094665527 secs).
[2025-10-30 16:14:21,049] [INFO] ENTER: 'GraphRAG' calling 'since'; CURRENT SPEAKER: grok-4_mas_rag, DIALOGUE TURN NUM = 12.
[2025-10-30 16:14:21,050] [INFO] ENTER: 'GraphRAG' calling 'query_graph'; CURRENT SPEAKER: grok-4_mas_rag, DIALOGUE TURN NUM = 12.
[2025-10-30 16:14:21,071] [INFO] EXIT: 'GraphRAG' calling 'query_graph' (0.020653247833251953 secs).
[2025-10-30 16:14:21,071] [INFO] EXIT: 'GraphRAG' calling 'since' (0.02100205421447754 secs).
[2025-10-30 16:14:21,071] [INFO] ENTER: 'GraphRAG' calling 'claim'; CURRENT SPEAKER: grok-4_mas_rag, DIALOGUE TURN NUM = 12.
[2025-10-30 16:14:21,071] [INFO] ENTER: 'GraphRAG' calling 'query_graph'; CURRENT SPEAKER: grok-4_mas_rag, DIALOGUE TURN NUM = 12.
[2025-10-30 16:14:21,087] [INFO] EXIT: 'GraphRAG' calling 'query_graph' (0.015619754791259766 secs).
[2025-10-30 16:14:21,087] [INFO] EXIT: 'GraphRAG' calling 'claim' (0.01601409912109375 secs).
[2025-10-30 16:14:21,102] [INFO] ENTER: 'GraphRAG' calling 'why'; CURRENT SPEAKER: grok-4_mas_rag, DIALOGUE TURN NUM = 12.
[2025-10-30 16:14:21,102] [INFO] ENTER: 'GraphRAG' calling 'query_graph'; CURRENT SPEAKER: grok-4_mas_rag, DIALOGUE TURN NUM = 12.
[2025-10-30 16:14:21,806] [INFO] EXIT: 'GraphRAG' calling 'query_graph' (0.7042500972747803 secs).
[2025-10-30 16:14:21,807] [INFO] EXIT: 'GraphRAG' calling 'why' (0.7046301364898682 secs).
[2025-10-30 16:14:21,807] [INFO] ENTER: 'GraphRAG' calling 'claim_negation'; CURRENT SPEAKER: grok-4_mas_rag, DIALOGUE TURN NUM = 12.
[2025-10-30 16:14:21,807] [INFO] ENTER: 'GraphRAG' calling 'query_graph'; CURRENT SPEAKER: grok-4_mas_rag, DIALOGUE TURN NUM = 12.
[2025-10-30 16:14:22,482] [INFO] EXIT: 'GraphRAG' calling 'query_graph' (0.6751739978790283 secs).
[2025-10-30 16:14:22,482] [INFO] EXIT: 'GraphRAG' calling 'claim_negation' (0.675579309463501 secs).
[2025-10-30 16:14:22,482] [INFO] ENTER: 'GraphRAG' calling 'concede'; CURRENT SPEAKER: grok-4_mas_rag, DIALOGUE TURN NUM = 12.
[2025-10-30 16:14:22,483] [INFO] ENTER: 'GraphRAG' calling 'query_graph'; CURRENT SPEAKER: grok-4_mas_rag, DIALOGUE TURN NUM = 12.
[2025-10-30 16:14:23,188] [INFO] EXIT: 'GraphRAG' calling 'query_graph' (0.7051000595092773 secs).
[2025-10-30 16:14:23,188] [INFO] EXIT: 'GraphRAG' calling 'concede' (0.7055401802062988 secs).
[2025-10-30 16:14:23,188] [INFO] ENTER: 'GraphRAG' calling 'question'; CURRENT SPEAKER: grok-4_mas_rag, DIALOGUE TURN NUM = 12.
[2025-10-30 16:14:23,188] [INFO] ENTER: 'GraphRAG' calling 'query_graph'; CURRENT SPEAKER: grok-4_mas_rag, DIALOGUE TURN NUM = 12.
[2025-10-30 16:14:23,301] [INFO] EXIT: 'GraphRAG' calling 'query_graph' (0.11311721801757812 secs).
[2025-10-30 16:14:23,301] [INFO] EXIT: 'GraphRAG' calling 'question' (0.11353683471679688 secs).
[2025-10-30 16:14:23,317] [INFO] ENTER: 'GraphRAG' calling 'why'; CURRENT SPEAKER: grok-4_mas_rag, DIALOGUE TURN NUM = 12.
[2025-10-30 16:14:23,317] [INFO] ENTER: 'GraphRAG' calling 'query_graph'; CURRENT SPEAKER: grok-4_mas_rag, DIALOGUE TURN NUM = 12.
[2025-10-30 16:14:24,023] [INFO] EXIT: 'GraphRAG' calling 'query_graph' (0.7059469223022461 secs).
[2025-10-30 16:14:24,023] [INFO] EXIT: 'GraphRAG' calling 'why' (0.7063212394714355 secs).
[2025-10-30 16:14:24,023] [INFO] ENTER: 'GraphRAG' calling 'claim_negation'; CURRENT SPEAKER: grok-4_mas_rag, DIALOGUE TURN NUM = 12.
[2025-10-30 16:14:24,024] [INFO] ENTER: 'GraphRAG' calling 'query_graph'; CURRENT SPEAKER: grok-4_mas_rag, DIALOGUE TURN NUM = 12.
[2025-10-30 16:14:24,704] [INFO] EXIT: 'GraphRAG' calling 'query_graph' (0.6798946857452393 secs).
[2025-10-30 16:14:24,704] [INFO] EXIT: 'GraphRAG' calling 'claim_negation' (0.6803467273712158 secs).
[2025-10-30 16:14:24,704] [INFO] ENTER: 'GraphRAG' calling 'concede'; CURRENT SPEAKER: grok-4_mas_rag, DIALOGUE TURN NUM = 12.
[2025-10-30 16:14:24,704] [INFO] ENTER: 'GraphRAG' calling 'query_graph'; CURRENT SPEAKER: grok-4_mas_rag, DIALOGUE TURN NUM = 12.
[2025-10-30 16:14:25,407] [INFO] EXIT: 'GraphRAG' calling 'query_graph' (0.7025213241577148 secs).
[2025-10-30 16:14:25,407] [INFO] EXIT: 'GraphRAG' calling 'concede' (0.7029464244842529 secs).
[2025-10-30 16:14:25,407] [INFO] ENTER: 'GraphRAG' calling 'question'; CURRENT SPEAKER: grok-4_mas_rag, DIALOGUE TURN NUM = 12.
[2025-10-30 16:14:25,407] [INFO] ENTER: 'GraphRAG' calling 'query_graph'; CURRENT SPEAKER: grok-4_mas_rag, DIALOGUE TURN NUM = 12.
[2025-10-30 16:14:25,521] [INFO] EXIT: 'GraphRAG' calling 'query_graph' (0.11388349533081055 secs).
[2025-10-30 16:14:25,521] [INFO] EXIT: 'GraphRAG' calling 'question' (0.11428165435791016 secs).
[2025-10-30 16:14:25,538] [INFO] ENTER: 'GraphRAG' calling 'since'; CURRENT SPEAKER: grok-4_mas_rag, DIALOGUE TURN NUM = 12.
[2025-10-30 16:14:25,538] [INFO] ENTER: 'GraphRAG' calling 'query_graph'; CURRENT SPEAKER: grok-4_mas_rag, DIALOGUE TURN NUM = 12.
[2025-10-30 16:14:25,553] [INFO] EXIT: 'GraphRAG' calling 'query_graph' (0.015112161636352539 secs).
[2025-10-30 16:14:25,553] [INFO] EXIT: 'GraphRAG' calling 'since' (0.015575170516967773 secs).
[2025-10-30 16:14:25,553] [INFO] ENTER: 'GraphRAG' calling 'claim'; CURRENT SPEAKER: grok-4_mas_rag, DIALOGUE TURN NUM = 12.
[2025-10-30 16:14:25,554] [INFO] ENTER: 'GraphRAG' calling 'query_graph'; CURRENT SPEAKER: grok-4_mas_rag, DIALOGUE TURN NUM = 12.
[2025-10-30 16:14:25,555] [INFO] EXIT: 'GraphRAG' calling 'query_graph' (0.0016665458679199219 secs).
[2025-10-30 16:14:25,555] [INFO] EXIT: 'GraphRAG' calling 'claim' (0.002009868621826172 secs).
[2025-10-30 16:14:25,556] [INFO] ENTER: 'GraphRAG' calling 'return_rag_examples'; CURRENT SPEAKER: grok-4_mas_rag, DIALOGUE TURN NUM = 12.
[2025-10-30 16:14:25,556] [INFO] EXIT: 'GraphRAG' calling 'return_rag_examples' (2.1457672119140625e-06 secs).
[2025-10-30 16:14:25,558] [INFO] ENTER: 'DialogueMoveGenerator' calling 'generate'; CURRENT SPEAKER: grok-4_mas_rag, DIALOGUE TURN NUM = 12.
[2025-10-30 16:14:25,560] [INFO] ENTER: 'MASPromptGenerator' calling 'claim'; CURRENT SPEAKER: grok-4_mas_rag, DIALOGUE TURN NUM = 12.
[2025-10-30 16:14:25,560] [INFO] EXIT: 'MASPromptGenerator' calling 'claim' (5.459785461425781e-05 secs).
[2025-10-30 16:14:25,560] [INFO] ENTER: 'DialogueMoveGenerator' calling 'generate'; CURRENT SPEAKER: grok-4_mas_rag, DIALOGUE TURN NUM = 12.
[2025-10-30 16:14:25,560] [INFO] ENTER: 'MASPromptGenerator' calling 'claim_negation'; CURRENT SPEAKER: grok-4_mas_rag, DIALOGUE TURN NUM = 12.
[2025-10-30 16:14:25,560] [INFO] EXIT: 'MASPromptGenerator' calling 'claim_negation' (7.009506225585938e-05 secs).
[2025-10-30 16:14:25,561] [INFO] ENTER: 'DialogueMoveGenerator' calling 'generate'; CURRENT SPEAKER: grok-4_mas_rag, DIALOGUE TURN NUM = 12.
[2025-10-30 16:14:25,561] [INFO] ENTER: 'MASPromptGenerator' calling 'concede_claim'; CURRENT SPEAKER: grok-4_mas_rag, DIALOGUE TURN NUM = 12.
[2025-10-30 16:14:25,561] [INFO] EXIT: 'MASPromptGenerator' calling 'concede_claim' (4.124641418457031e-05 secs).
[2025-10-30 16:14:25,562] [INFO] ENTER: 'DialogueMoveGenerator' calling 'generate'; CURRENT SPEAKER: grok-4_mas_rag, DIALOGUE TURN NUM = 12.
[2025-10-30 16:14:25,563] [INFO] ENTER: 'DialogueMoveGenerator' calling 'generate'; CURRENT SPEAKER: grok-4_mas_rag, DIALOGUE TURN NUM = 12.
[2025-10-30 16:14:25,563] [INFO] ENTER: 'DialogueMoveGenerator' calling 'generate'; CURRENT SPEAKER: grok-4_mas_rag, DIALOGUE TURN NUM = 12.
[2025-10-30 16:14:25,563] [INFO] ENTER: 'MASPromptGenerator' calling 'question_claim'; CURRENT SPEAKER: grok-4_mas_rag, DIALOGUE TURN NUM = 12.
[2025-10-30 16:14:25,563] [INFO] ENTER: 'DialogueMoveGenerator' calling 'generate'; CURRENT SPEAKER: grok-4_mas_rag, DIALOGUE TURN NUM = 12.
[2025-10-30 16:14:25,564] [INFO] ENTER: 'MASPromptGenerator' calling 'retract_claim'; CURRENT SPEAKER: grok-4_mas_rag, DIALOGUE TURN NUM = 12.
[2025-10-30 16:14:25,564] [INFO] ENTER: 'MASPromptGenerator' calling 'since_claim'; CURRENT SPEAKER: grok-4_mas_rag, DIALOGUE TURN NUM = 12.
[2025-10-30 16:14:25,564] [INFO] EXIT: 'MASPromptGenerator' calling 'question_claim' (4.363059997558594e-05 secs).
[2025-10-30 16:14:25,565] [INFO] ENTER: 'MASPromptGenerator' calling 'why_claim'; CURRENT SPEAKER: grok-4_mas_rag, DIALOGUE TURN NUM = 12.
[2025-10-30 16:14:25,565] [INFO] EXIT: 'MASPromptGenerator' calling 'retract_claim' (3.62396240234375e-05 secs).
[2025-10-30 16:14:25,565] [INFO] EXIT: 'MASPromptGenerator' calling 'since_claim' (3.218650817871094e-05 secs).
[2025-10-30 16:14:25,566] [INFO] EXIT: 'MASPromptGenerator' calling 'why_claim' (4.839897155761719e-05 secs).
[2025-10-30 16:14:27,195] [INFO] Completion returned and validated from MODEL = 'grok-4'.
[2025-10-30 16:14:27,201] [INFO] Completion returned and validated from MODEL = 'grok-4'.
[2025-10-30 16:14:27,405] [INFO] Completion returned and validated from MODEL = 'grok-4'.
[2025-10-30 16:14:27,434] [INFO] Completion returned and validated from MODEL = 'grok-4'.
[2025-10-30 16:14:27,465] [INFO] Completion returned and validated from MODEL = 'grok-4'.
[2025-10-30 16:14:27,553] [INFO] Completion returned and validated from MODEL = 'grok-4'.
[2025-10-30 16:14:27,577] [INFO] Completion returned and validated from MODEL = 'grok-4'.
[2025-10-30 16:14:29,026] [INFO] Completion returned and validated from MODEL = 'grok-4'.
[2025-10-30 16:14:29,026] [INFO] EXIT: 'DialogueMoveGenerator' calling 'generate' (3.4620399475097656 secs).
[2025-10-30 16:14:29,074] [INFO] Completion returned and validated from MODEL = 'grok-4'.
[2025-10-30 16:14:29,095] [INFO] Completion returned and validated from MODEL = 'grok-4'.
[2025-10-30 16:14:29,095] [INFO] EXIT: 'DialogueMoveGenerator' calling 'generate' (3.535487651824951 secs).
[2025-10-30 16:14:29,193] [INFO] Completion returned and validated from MODEL = 'grok-4'.
[2025-10-30 16:14:29,209] [INFO] Completion returned and validated from MODEL = 'grok-4'.
[2025-10-30 16:14:29,372] [INFO] Completion returned and validated from MODEL = 'grok-4'.
[2025-10-30 16:14:29,434] [INFO] Completion returned and validated from MODEL = 'grok-4'.
[2025-10-30 16:14:29,435] [INFO] EXIT: 'DialogueMoveGenerator' calling 'generate' (3.870737314224243 secs).
[2025-10-30 16:14:30,425] [INFO] Completion returned and validated from MODEL = 'grok-4'.
[2025-10-30 16:14:30,613] [INFO] Completion returned and validated from MODEL = 'grok-4'.
[2025-10-30 16:14:30,725] [INFO] Completion returned and validated from MODEL = 'grok-4'.
[2025-10-30 16:14:30,921] [INFO] Completion returned and validated from MODEL = 'grok-4'.
[2025-10-30 16:14:31,922] [INFO] Completion returned and validated from MODEL = 'grok-4'.
[2025-10-30 16:14:31,922] [INFO] EXIT: 'DialogueMoveGenerator' calling 'generate' (6.361476898193359 secs).
[2025-10-30 16:14:31,992] [INFO] Completion returned and validated from MODEL = 'grok-4'.
[2025-10-30 16:14:31,992] [INFO] EXIT: 'DialogueMoveGenerator' calling 'generate' (6.427937746047974 secs).
[2025-10-30 16:14:32,145] [INFO] Completion returned and validated from MODEL = 'grok-4'.
[2025-10-30 16:14:32,145] [INFO] EXIT: 'DialogueMoveGenerator' calling 'generate' (6.581934452056885 secs).
[2025-10-30 16:14:32,548] [INFO] Completion returned and validated from MODEL = 'grok-4'.
[2025-10-30 16:14:32,548] [INFO] EXIT: 'DialogueMoveGenerator' calling 'generate' (6.987790107727051 secs).
[2025-10-30 16:14:32,549] [INFO] ENTER: 'MASPromptGenerator' calling 'persuasiveness_choice'; CURRENT SPEAKER: grok-4_mas_rag, DIALOGUE TURN NUM = 12.
[2025-10-30 16:14:32,549] [INFO] EXIT: 'MASPromptGenerator' calling 'persuasiveness_choice' (0.00020170211791992188 secs).
[2025-10-30 16:14:34,058] [INFO] Completion returned and validated within 'PersuasivenessChoiceAgent'; MODEL = 'grok-4'; DIALOGUE TURN NUM = 12.
[2025-10-30 16:14:35,603] [INFO] Completion returned and validated within 'PersuasivenessChoiceAgent'; MODEL = 'grok-4'; DIALOGUE TURN NUM = 12.
[2025-10-30 16:14:37,580] [INFO] Completion returned and validated within 'PersuasivenessChoiceAgent'; MODEL = 'grok-4'; DIALOGUE TURN NUM = 12.
[2025-10-30 16:14:39,366] [INFO] Completion returned and validated within 'PersuasivenessChoiceAgent'; MODEL = 'grok-4'; DIALOGUE TURN NUM = 12.
[2025-10-30 16:14:41,261] [INFO] Completion returned and validated within 'PersuasivenessChoiceAgent'; MODEL = 'grok-4'; DIALOGUE TURN NUM = 12.
[2025-10-30 16:14:43,264] [INFO] Completion returned and validated within 'PersuasivenessChoiceAgent'; MODEL = 'grok-4'; DIALOGUE TURN NUM = 12.
[2025-10-30 16:14:43,265] [INFO] ENTER: 'DisambiguationAgent' calling '_grouping_similar_utterance_types'; CURRENT SPEAKER: grok-4_mas_rag, DIALOGUE TURN NUM = 12.
[2025-10-30 16:14:43,265] [INFO] EXIT: 'DisambiguationAgent' calling '_grouping_similar_utterance_types' (1.1682510375976562e-05 secs).
[2025-10-30 16:14:43,265] [INFO] ENTER: 'DisambiguationAgent' calling '_identifying_similar_sentences_and_choosing_one_to_return_to_user'; CURRENT SPEAKER: grok-4_mas_rag, DIALOGUE TURN NUM = 12.
[2025-10-30 16:14:48,236] [INFO] 'DisambiguationAgent' grouped similar sentences, completion returned and validated; MODEL = 'grok-4'.
[2025-10-30 16:14:49,060] [INFO] 'DisambiguationAgent' chose sentences to remove, completion returned and validated from MODEL = 'grok-4'.
[2025-10-30 16:14:49,867] [INFO] 'DisambiguationAgent' chose sentences to remove, completion returned and validated from MODEL = 'grok-4'.
[2025-10-30 16:14:50,739] [INFO] 'DisambiguationAgent' chose sentences to remove, completion returned and validated from MODEL = 'grok-4'.
[2025-10-30 16:14:51,476] [INFO] 'DisambiguationAgent' chose sentences to remove, completion returned and validated from MODEL = 'grok-4'.
[2025-10-30 16:14:52,220] [INFO] 'DisambiguationAgent' chose sentences to remove, completion returned and validated from MODEL = 'grok-4'.
[2025-10-30 16:14:53,173] [INFO] 'DisambiguationAgent' chose sentences to remove, completion returned and validated from MODEL = 'grok-4'.
[2025-10-30 16:14:54,020] [INFO] 'DisambiguationAgent' chose sentences to remove, completion returned and validated from MODEL = 'grok-4'.
[2025-10-30 16:14:54,020] [INFO] EXIT: 'DisambiguationAgent' calling '_identifying_similar_sentences_and_choosing_one_to_return_to_user' (10.755444765090942 secs).
[2025-10-30 16:14:54,021] [INFO] ENTER: 'DisambiguationAgent' calling '_identifying_similar_sentences_and_choosing_one_to_return_to_user'; CURRENT SPEAKER: grok-4_mas_rag, DIALOGUE TURN NUM = 12.
[2025-10-30 16:14:56,425] [INFO] 'DisambiguationAgent' grouped similar sentences, completion returned and validated; MODEL = 'grok-4'.
[2025-10-30 16:14:58,289] [ERROR] 'DisambiguationAgent' could not choose sentences to remove, completion not validated; MODEL = 'grok-4'; 
 REASON: 

 1 validation error for PersuasivenessChoice
  Invalid JSON: trailing characters at line 3 column 1 [type=json_invalid, input_value='{"Choice": "How can you ... agreement or response.', input_type=str]
    For further information visit https://errors.pydantic.dev/2.12/v/json_invalid
[2025-10-30 16:14:59,032] [INFO] 'DisambiguationAgent' chose sentences to remove, completion returned and validated from MODEL = 'grok-4'.
[2025-10-30 16:14:59,032] [INFO] EXIT: 'DisambiguationAgent' calling '_identifying_similar_sentences_and_choosing_one_to_return_to_user' (5.011731386184692 secs).
[2025-10-30 16:14:59,032] [INFO] ENTER: 'DisambiguationAgent' calling '_removing_repetitive_sentences'; CURRENT SPEAKER: grok-4_mas_rag, DIALOGUE TURN NUM = 12.
[2025-10-30 16:14:59,032] [INFO] EXIT: 'DisambiguationAgent' calling '_removing_repetitive_sentences' (1.811981201171875e-05 secs).
[2025-10-30 16:14:59,032] [INFO] ENTER: 'DisambiguationAgent' calling '_choose_the_most_persuasive_sentences'; CURRENT SPEAKER: grok-4_mas_rag, DIALOGUE TURN NUM = 12.
[2025-10-30 16:15:00,512] [INFO] 'DisambiguationAgent': reached maximum allowed sentences, succussfully chose most persuasive sentences, completion returned and validated from MODEL = 'grok-4'.
[2025-10-30 16:15:00,512] [INFO] EXIT: 'DisambiguationAgent' calling '_choose_the_most_persuasive_sentences' (1.4795536994934082 secs).
[2025-10-30 16:15:00,512] [INFO] ENTER: 'DisambiguationAgent' calling 'return_disambiguated_sentences'; CURRENT SPEAKER: grok-4_mas_rag, DIALOGUE TURN NUM = 12.
[2025-10-30 16:15:00,512] [INFO] EXIT: 'DisambiguationAgent' calling 'return_disambiguated_sentences' (2.6226043701171875e-06 secs).
[2025-10-30 16:15:00,513] [ERROR] Wrong state used; State of type HumanState; error message: dict has unexpected extra key(s): "graph_rag_examples", "intermediate_generations", "knowledge_base_ensemble_or_model_name", "model_seed", "model_temp", "model_top_p", "number_of_graph_rag_examples", "number_of_vector_based_rag_examples", "political_position_prob_of_na", "political_position_range", "political_position_std", "speaker_model_name", "speaker_type", "vector_based_persona_string", "vector_based_persona_sys_prompt"
[2025-10-30 16:15:00,513] [INFO] Correct state used; State of type GenerationAgentsState; 'IGNORE THE ABOVE ERRORS'.
[2025-10-30 16:15:01,058] [INFO] 'commitment_update' completed '___Since___' update; MODEL = 'grok-4'.
[2025-10-30 16:15:01,162] [ERROR] Wrong state used; State of type HumanState; error message: dict has unexpected extra key(s): "graph_rag_examples", "intermediate_generations", "knowledge_base_ensemble_or_model_name", "model_seed", "model_temp", "model_top_p", "number_of_graph_rag_examples", "number_of_vector_based_rag_examples", "political_position_prob_of_na", "political_position_range", "political_position_std", "speaker_model_name", "speaker_type", "vector_based_persona_string", "vector_based_persona_sys_prompt"
[2025-10-30 16:15:01,162] [INFO] Correct state used; State of type GenerationAgentsState; 'IGNORE THE ABOVE ERRORS'.
[2025-10-30 16:15:01,162] [INFO] ENTER: 'UtteranceClassificationAgent' calling '_classify_sentence_utterance_types'; CURRENT SPEAKER: mistral-medium_mas, DIALOGUE TURN NUM = 13.
[2025-10-30 16:15:02,020] [INFO] 'UtteranceClassificationAgent' completion returned and validated from MODEL = 'ModelName.MISTRAL_MEDIUM'.
[2025-10-30 16:15:02,507] [INFO] 'UtteranceClassificationAgent' completion returned and validated from MODEL = 'ModelName.MISTRAL_MEDIUM'.
[2025-10-30 16:15:03,077] [INFO] 'UtteranceClassificationAgent' completion returned and validated from MODEL = 'ModelName.MISTRAL_MEDIUM'.
[2025-10-30 16:15:03,522] [INFO] 'UtteranceClassificationAgent' completion returned and validated from MODEL = 'ModelName.MISTRAL_MEDIUM'.
[2025-10-30 16:15:04,010] [INFO] 'UtteranceClassificationAgent' completion returned and validated from MODEL = 'ModelName.MISTRAL_MEDIUM'.
[2025-10-30 16:15:04,011] [INFO] EXIT: 'UtteranceClassificationAgent' calling '_classify_sentence_utterance_types' (2.848522663116455 secs).
[2025-10-30 16:15:04,011] [INFO] ENTER: 'UtteranceClassificationAgent' calling 'return_classified_sentences'; CURRENT SPEAKER: mistral-medium_mas, DIALOGUE TURN NUM = 13.
[2025-10-30 16:15:04,011] [INFO] EXIT: 'UtteranceClassificationAgent' calling 'return_classified_sentences' (1.6689300537109375e-06 secs).
[2025-10-30 16:15:04,015] [INFO] ENTER: 'DialogueMoveGenerator' calling 'generate'; CURRENT SPEAKER: mistral-medium_mas, DIALOGUE TURN NUM = 13.
[2025-10-30 16:15:04,016] [INFO] ENTER: 'MASPromptGenerator' calling 'claim'; CURRENT SPEAKER: mistral-medium_mas, DIALOGUE TURN NUM = 13.
[2025-10-30 16:15:04,017] [INFO] EXIT: 'MASPromptGenerator' calling 'claim' (3.600120544433594e-05 secs).
[2025-10-30 16:15:04,017] [INFO] ENTER: 'DialogueMoveGenerator' calling 'generate'; CURRENT SPEAKER: mistral-medium_mas, DIALOGUE TURN NUM = 13.
[2025-10-30 16:15:04,018] [INFO] ENTER: 'MASPromptGenerator' calling 'claim_negation'; CURRENT SPEAKER: mistral-medium_mas, DIALOGUE TURN NUM = 13.
[2025-10-30 16:15:04,018] [INFO] EXIT: 'MASPromptGenerator' calling 'claim_negation' (4.0531158447265625e-05 secs).
[2025-10-30 16:15:04,019] [INFO] ENTER: 'DialogueMoveGenerator' calling 'generate'; CURRENT SPEAKER: mistral-medium_mas, DIALOGUE TURN NUM = 13.
[2025-10-30 16:15:04,020] [INFO] ENTER: 'DialogueMoveGenerator' calling 'generate'; CURRENT SPEAKER: mistral-medium_mas, DIALOGUE TURN NUM = 13.
[2025-10-30 16:15:04,020] [INFO] ENTER: 'DialogueMoveGenerator' calling 'generate'; CURRENT SPEAKER: mistral-medium_mas, DIALOGUE TURN NUM = 13.
[2025-10-30 16:15:04,020] [INFO] ENTER: 'MASPromptGenerator' calling 'concede_claim'; CURRENT SPEAKER: mistral-medium_mas, DIALOGUE TURN NUM = 13.
[2025-10-30 16:15:04,021] [INFO] ENTER: 'MASPromptGenerator' calling 'question_claim'; CURRENT SPEAKER: mistral-medium_mas, DIALOGUE TURN NUM = 13.
[2025-10-30 16:15:04,021] [INFO] ENTER: 'DialogueMoveGenerator' calling 'generate'; CURRENT SPEAKER: mistral-medium_mas, DIALOGUE TURN NUM = 13.
[2025-10-30 16:15:04,021] [INFO] ENTER: 'MASPromptGenerator' calling 'retract_claim'; CURRENT SPEAKER: mistral-medium_mas, DIALOGUE TURN NUM = 13.
[2025-10-30 16:15:04,022] [INFO] EXIT: 'MASPromptGenerator' calling 'concede_claim' (3.266334533691406e-05 secs).
[2025-10-30 16:15:04,022] [INFO] EXIT: 'MASPromptGenerator' calling 'question_claim' (2.9087066650390625e-05 secs).
[2025-10-30 16:15:04,022] [INFO] ENTER: 'DialogueMoveGenerator' calling 'generate'; CURRENT SPEAKER: mistral-medium_mas, DIALOGUE TURN NUM = 13.
[2025-10-30 16:15:04,023] [INFO] ENTER: 'MASPromptGenerator' calling 'since_claim'; CURRENT SPEAKER: mistral-medium_mas, DIALOGUE TURN NUM = 13.
[2025-10-30 16:15:04,023] [INFO] EXIT: 'MASPromptGenerator' calling 'retract_claim' (6.175041198730469e-05 secs).
[2025-10-30 16:15:04,025] [INFO] ENTER: 'MASPromptGenerator' calling 'why_claim'; CURRENT SPEAKER: mistral-medium_mas, DIALOGUE TURN NUM = 13.
[2025-10-30 16:15:04,025] [INFO] EXIT: 'MASPromptGenerator' calling 'since_claim' (3.0040740966796875e-05 secs).
[2025-10-30 16:15:04,025] [INFO] EXIT: 'MASPromptGenerator' calling 'why_claim' (4.172325134277344e-05 secs).
[2025-10-30 16:15:06,033] [INFO] Completion returned and validated from MODEL = 'mistral-medium'.
[2025-10-30 16:15:06,371] [INFO] Completion returned and validated from MODEL = 'mistral-medium'.
[2025-10-30 16:15:06,384] [INFO] Completion returned and validated from MODEL = 'mistral-medium'.
[2025-10-30 16:15:06,427] [INFO] Completion returned and validated from MODEL = 'mistral-medium'.
[2025-10-30 16:15:06,767] [INFO] Completion returned and validated from MODEL = 'mistral-medium'.
[2025-10-30 16:15:06,853] [INFO] Completion returned and validated from MODEL = 'mistral-medium'.
[2025-10-30 16:15:07,111] [INFO] Completion returned and validated from MODEL = 'mistral-medium'.
[2025-10-30 16:15:08,239] [INFO] Completion returned and validated from MODEL = 'mistral-medium'.
[2025-10-30 16:15:08,457] [INFO] Completion returned and validated from MODEL = 'mistral-medium'.
[2025-10-30 16:15:08,660] [INFO] Completion returned and validated from MODEL = 'mistral-medium'.
[2025-10-30 16:15:08,680] [INFO] Completion returned and validated from MODEL = 'mistral-medium'.
[2025-10-30 16:15:08,680] [INFO] EXIT: 'DialogueMoveGenerator' calling 'generate' (4.66344141960144 secs).
[2025-10-30 16:15:09,016] [INFO] Completion returned and validated from MODEL = 'mistral-medium'.
[2025-10-30 16:15:09,016] [INFO] EXIT: 'DialogueMoveGenerator' calling 'generate' (4.994955539703369 secs).
[2025-10-30 16:15:09,155] [INFO] Completion returned and validated from MODEL = 'mistral-medium'.
[2025-10-30 16:15:09,155] [INFO] EXIT: 'DialogueMoveGenerator' calling 'generate' (5.132307767868042 secs).
[2025-10-30 16:15:09,688] [INFO] Completion returned and validated from MODEL = 'mistral-medium'.
[2025-10-30 16:15:10,653] [INFO] Completion returned and validated from MODEL = 'mistral-medium'.
[2025-10-30 16:15:10,653] [INFO] EXIT: 'DialogueMoveGenerator' calling 'generate' (6.632314443588257 secs).
[2025-10-30 16:15:10,866] [INFO] Completion returned and validated from MODEL = 'mistral-medium'.
[2025-10-30 16:15:10,866] [INFO] EXIT: 'DialogueMoveGenerator' calling 'generate' (6.840881824493408 secs).
[2025-10-30 16:15:11,008] [INFO] Completion returned and validated from MODEL = 'mistral-medium'.
[2025-10-30 16:15:11,008] [INFO] EXIT: 'DialogueMoveGenerator' calling 'generate' (6.987589597702026 secs).
[2025-10-30 16:15:11,995] [INFO] Completion returned and validated from MODEL = 'mistral-medium'.
[2025-10-30 16:15:11,995] [INFO] EXIT: 'DialogueMoveGenerator' calling 'generate' (7.977080821990967 secs).
[2025-10-30 16:15:11,995] [INFO] ENTER: 'MASPromptGenerator' calling 'persuasiveness_choice'; CURRENT SPEAKER: mistral-medium_mas, DIALOGUE TURN NUM = 13.
[2025-10-30 16:15:11,996] [INFO] EXIT: 'MASPromptGenerator' calling 'persuasiveness_choice' (0.00015211105346679688 secs).
[2025-10-30 16:15:15,254] [INFO] Completion returned and validated within 'PersuasivenessChoiceAgent'; MODEL = 'mistral-medium'; DIALOGUE TURN NUM = 13.
[2025-10-30 16:15:19,303] [INFO] Completion returned and validated within 'PersuasivenessChoiceAgent'; MODEL = 'mistral-medium'; DIALOGUE TURN NUM = 13.
[2025-10-30 16:15:22,288] [INFO] Completion returned and validated within 'PersuasivenessChoiceAgent'; MODEL = 'mistral-medium'; DIALOGUE TURN NUM = 13.
[2025-10-30 16:15:24,866] [INFO] Completion returned and validated within 'PersuasivenessChoiceAgent'; MODEL = 'mistral-medium'; DIALOGUE TURN NUM = 13.
[2025-10-30 16:15:27,321] [INFO] Completion returned and validated within 'PersuasivenessChoiceAgent'; MODEL = 'mistral-medium'; DIALOGUE TURN NUM = 13.
[2025-10-30 16:15:27,322] [INFO] ENTER: 'DisambiguationAgent' calling '_grouping_similar_utterance_types'; CURRENT SPEAKER: mistral-medium_mas, DIALOGUE TURN NUM = 13.
[2025-10-30 16:15:27,322] [INFO] EXIT: 'DisambiguationAgent' calling '_grouping_similar_utterance_types' (1.0013580322265625e-05 secs).
[2025-10-30 16:15:27,322] [INFO] ENTER: 'DisambiguationAgent' calling '_identifying_similar_sentences_and_choosing_one_to_return_to_user'; CURRENT SPEAKER: mistral-medium_mas, DIALOGUE TURN NUM = 13.
[2025-10-30 16:15:30,407] [INFO] 'DisambiguationAgent' grouped similar sentences, completion returned and validated; MODEL = 'mistral-medium'.
[2025-10-30 16:15:31,404] [INFO] 'DisambiguationAgent' chose sentences to remove, completion returned and validated from MODEL = 'mistral-medium'.
[2025-10-30 16:15:32,311] [INFO] 'DisambiguationAgent' chose sentences to remove, completion returned and validated from MODEL = 'mistral-medium'.
[2025-10-30 16:15:32,311] [INFO] EXIT: 'DisambiguationAgent' calling '_identifying_similar_sentences_and_choosing_one_to_return_to_user' (4.9889075756073 secs).
[2025-10-30 16:15:32,311] [INFO] ENTER: 'DisambiguationAgent' calling '_identifying_similar_sentences_and_choosing_one_to_return_to_user'; CURRENT SPEAKER: mistral-medium_mas, DIALOGUE TURN NUM = 13.
[2025-10-30 16:15:35,754] [INFO] 'DisambiguationAgent' grouped similar sentences, completion returned and validated; MODEL = 'mistral-medium'.
[2025-10-30 16:15:36,607] [INFO] 'DisambiguationAgent' chose sentences to remove, completion returned and validated from MODEL = 'mistral-medium'.
[2025-10-30 16:15:37,583] [INFO] 'DisambiguationAgent' chose sentences to remove, completion returned and validated from MODEL = 'mistral-medium'.
[2025-10-30 16:15:38,563] [INFO] 'DisambiguationAgent' chose sentences to remove, completion returned and validated from MODEL = 'mistral-medium'.
[2025-10-30 16:15:38,563] [INFO] EXIT: 'DisambiguationAgent' calling '_identifying_similar_sentences_and_choosing_one_to_return_to_user' (6.251925468444824 secs).
[2025-10-30 16:15:38,563] [INFO] ENTER: 'DisambiguationAgent' calling '_removing_repetitive_sentences'; CURRENT SPEAKER: mistral-medium_mas, DIALOGUE TURN NUM = 13.
[2025-10-30 16:15:38,563] [INFO] EXIT: 'DisambiguationAgent' calling '_removing_repetitive_sentences' (1.71661376953125e-05 secs).
[2025-10-30 16:15:38,563] [INFO] ENTER: 'DisambiguationAgent' calling '_choose_the_most_persuasive_sentences'; CURRENT SPEAKER: mistral-medium_mas, DIALOGUE TURN NUM = 13.
[2025-10-30 16:15:41,822] [INFO] 'DisambiguationAgent': reached maximum allowed sentences, succussfully chose most persuasive sentences, completion returned and validated from MODEL = 'mistral-medium'.
[2025-10-30 16:15:41,822] [INFO] EXIT: 'DisambiguationAgent' calling '_choose_the_most_persuasive_sentences' (3.2589681148529053 secs).
[2025-10-30 16:15:41,822] [INFO] ENTER: 'DisambiguationAgent' calling 'return_disambiguated_sentences'; CURRENT SPEAKER: mistral-medium_mas, DIALOGUE TURN NUM = 13.
[2025-10-30 16:15:41,822] [INFO] EXIT: 'DisambiguationAgent' calling 'return_disambiguated_sentences' (2.86102294921875e-06 secs).
[2025-10-30 16:15:41,823] [ERROR] Wrong state used; State of type HumanState; error message: dict has unexpected extra key(s): "graph_rag_examples", "intermediate_generations", "knowledge_base_ensemble_or_model_name", "model_seed", "model_temp", "model_top_p", "number_of_graph_rag_examples", "number_of_vector_based_rag_examples", "political_position_prob_of_na", "political_position_range", "political_position_std", "speaker_model_name", "speaker_type", "vector_based_persona_string", "vector_based_persona_sys_prompt"
[2025-10-30 16:15:41,823] [INFO] Correct state used; State of type GenerationAgentsState; 'IGNORE THE ABOVE ERRORS'.
[2025-10-30 16:15:42,359] [INFO] 'commitment_update' completed '___Claim___' update for current speaker's commitments; MODEL = 'mistral-medium'.
[2025-10-30 16:15:42,769] [INFO] 'commitment_update' completed '___Since___' update; MODEL = 'mistral-medium'.
[2025-10-30 16:15:43,204] [INFO] 'commitment_update' completed '___Claim___' update for current speaker's commitments; MODEL = 'mistral-medium'.
[2025-10-30 16:15:44,220] [INFO] 'commitment_update' completed '___Claim___' update for current speaker's commitments; MODEL = 'mistral-medium'.
[2025-10-30 16:15:45,378] [INFO] 'commitment_update' completed '___Claim___' update for current speaker's commitments; MODEL = 'mistral-medium'.
[2025-10-30 16:15:45,804] [INFO] 'commitment_update' completed '___Since___' update; MODEL = 'mistral-medium'.
[2025-10-30 16:15:46,309] [INFO] 'commitment_update' completed '___Claim___' update for current speaker's commitments; MODEL = 'mistral-medium'.
[2025-10-30 16:15:46,381] [ERROR] Wrong state used; State of type HumanState; error message: dict has unexpected extra key(s): "graph_rag_examples", "intermediate_generations", "knowledge_base_ensemble_or_model_name", "model_seed", "model_temp", "model_top_p", "number_of_graph_rag_examples", "number_of_vector_based_rag_examples", "political_position_prob_of_na", "political_position_range", "political_position_std", "speaker_model_name", "speaker_type", "vector_based_persona_string", "vector_based_persona_sys_prompt"
[2025-10-30 16:15:46,382] [INFO] Correct state used; State of type GenerationAgentsState; 'IGNORE THE ABOVE ERRORS'.
[2025-10-30 16:15:46,382] [INFO] ENTER: 'UtteranceClassificationAgent' calling '_classify_sentence_utterance_types'; CURRENT SPEAKER: grok-4_mas_rag, DIALOGUE TURN NUM = 14.
[2025-10-30 16:15:46,964] [INFO] 'UtteranceClassificationAgent' completion returned and validated from MODEL = 'ModelName.GROK_4'.
[2025-10-30 16:15:47,503] [INFO] 'UtteranceClassificationAgent' completion returned and validated from MODEL = 'ModelName.GROK_4'.
[2025-10-30 16:15:48,077] [INFO] 'UtteranceClassificationAgent' completion returned and validated from MODEL = 'ModelName.GROK_4'.
[2025-10-30 16:15:48,698] [INFO] 'UtteranceClassificationAgent' completion returned and validated from MODEL = 'ModelName.GROK_4'.
[2025-10-30 16:15:49,225] [INFO] 'UtteranceClassificationAgent' completion returned and validated from MODEL = 'ModelName.GROK_4'.
[2025-10-30 16:15:49,763] [INFO] 'UtteranceClassificationAgent' completion returned and validated from MODEL = 'ModelName.GROK_4'.
[2025-10-30 16:15:50,308] [INFO] 'UtteranceClassificationAgent' completion returned and validated from MODEL = 'ModelName.GROK_4'.
[2025-10-30 16:15:50,309] [INFO] EXIT: 'UtteranceClassificationAgent' calling '_classify_sentence_utterance_types' (3.9262783527374268 secs).
[2025-10-30 16:15:50,309] [INFO] ENTER: 'UtteranceClassificationAgent' calling 'return_classified_sentences'; CURRENT SPEAKER: grok-4_mas_rag, DIALOGUE TURN NUM = 14.
[2025-10-30 16:15:50,309] [INFO] EXIT: 'UtteranceClassificationAgent' calling 'return_classified_sentences' (1.430511474609375e-06 secs).
[2025-10-30 16:15:50,328] [INFO] ENTER: 'GraphRAG' calling 'why'; CURRENT SPEAKER: grok-4_mas_rag, DIALOGUE TURN NUM = 14.
[2025-10-30 16:15:50,328] [INFO] ENTER: 'GraphRAG' calling 'query_graph'; CURRENT SPEAKER: grok-4_mas_rag, DIALOGUE TURN NUM = 14.
[2025-10-30 16:15:51,030] [INFO] EXIT: 'GraphRAG' calling 'query_graph' (0.7017097473144531 secs).
[2025-10-30 16:15:51,030] [INFO] EXIT: 'GraphRAG' calling 'why' (0.7021787166595459 secs).
[2025-10-30 16:15:51,030] [INFO] ENTER: 'GraphRAG' calling 'claim_negation'; CURRENT SPEAKER: grok-4_mas_rag, DIALOGUE TURN NUM = 14.
[2025-10-30 16:15:51,031] [INFO] ENTER: 'GraphRAG' calling 'query_graph'; CURRENT SPEAKER: grok-4_mas_rag, DIALOGUE TURN NUM = 14.
[2025-10-30 16:15:51,703] [INFO] EXIT: 'GraphRAG' calling 'query_graph' (0.6721072196960449 secs).
[2025-10-30 16:15:51,703] [INFO] EXIT: 'GraphRAG' calling 'claim_negation' (0.6725790500640869 secs).
[2025-10-30 16:15:51,703] [INFO] ENTER: 'GraphRAG' calling 'concede'; CURRENT SPEAKER: grok-4_mas_rag, DIALOGUE TURN NUM = 14.
[2025-10-30 16:15:51,703] [INFO] ENTER: 'GraphRAG' calling 'query_graph'; CURRENT SPEAKER: grok-4_mas_rag, DIALOGUE TURN NUM = 14.
[2025-10-30 16:15:52,406] [INFO] EXIT: 'GraphRAG' calling 'query_graph' (0.7021389007568359 secs).
[2025-10-30 16:15:52,406] [INFO] EXIT: 'GraphRAG' calling 'concede' (0.7025752067565918 secs).
[2025-10-30 16:15:52,406] [INFO] ENTER: 'GraphRAG' calling 'question'; CURRENT SPEAKER: grok-4_mas_rag, DIALOGUE TURN NUM = 14.
[2025-10-30 16:15:52,406] [INFO] ENTER: 'GraphRAG' calling 'query_graph'; CURRENT SPEAKER: grok-4_mas_rag, DIALOGUE TURN NUM = 14.
[2025-10-30 16:15:52,519] [INFO] EXIT: 'GraphRAG' calling 'query_graph' (0.11292338371276855 secs).
[2025-10-30 16:15:52,519] [INFO] EXIT: 'GraphRAG' calling 'question' (0.11330318450927734 secs).
[2025-10-30 16:15:52,537] [INFO] ENTER: 'GraphRAG' calling 'why'; CURRENT SPEAKER: grok-4_mas_rag, DIALOGUE TURN NUM = 14.
[2025-10-30 16:15:52,537] [INFO] ENTER: 'GraphRAG' calling 'query_graph'; CURRENT SPEAKER: grok-4_mas_rag, DIALOGUE TURN NUM = 14.
[2025-10-30 16:15:53,282] [INFO] EXIT: 'GraphRAG' calling 'query_graph' (0.7445776462554932 secs).
[2025-10-30 16:15:53,282] [INFO] EXIT: 'GraphRAG' calling 'why' (0.7450003623962402 secs).
[2025-10-30 16:15:53,282] [INFO] ENTER: 'GraphRAG' calling 'concede'; CURRENT SPEAKER: grok-4_mas_rag, DIALOGUE TURN NUM = 14.
[2025-10-30 16:15:53,282] [INFO] ENTER: 'GraphRAG' calling 'query_graph'; CURRENT SPEAKER: grok-4_mas_rag, DIALOGUE TURN NUM = 14.
[2025-10-30 16:15:53,981] [INFO] EXIT: 'GraphRAG' calling 'query_graph' (0.6992361545562744 secs).
[2025-10-30 16:15:53,982] [INFO] EXIT: 'GraphRAG' calling 'concede' (0.6996779441833496 secs).
[2025-10-30 16:15:53,982] [INFO] ENTER: 'GraphRAG' calling 'question'; CURRENT SPEAKER: grok-4_mas_rag, DIALOGUE TURN NUM = 14.
[2025-10-30 16:15:53,982] [INFO] ENTER: 'GraphRAG' calling 'query_graph'; CURRENT SPEAKER: grok-4_mas_rag, DIALOGUE TURN NUM = 14.
[2025-10-30 16:15:54,658] [INFO] EXIT: 'GraphRAG' calling 'query_graph' (0.676222562789917 secs).
[2025-10-30 16:15:54,658] [INFO] EXIT: 'GraphRAG' calling 'question' (0.6766397953033447 secs).
[2025-10-30 16:15:54,675] [INFO] ENTER: 'GraphRAG' calling 'why'; CURRENT SPEAKER: grok-4_mas_rag, DIALOGUE TURN NUM = 14.
[2025-10-30 16:15:54,676] [INFO] ENTER: 'GraphRAG' calling 'query_graph'; CURRENT SPEAKER: grok-4_mas_rag, DIALOGUE TURN NUM = 14.
[2025-10-30 16:15:55,415] [INFO] EXIT: 'GraphRAG' calling 'query_graph' (0.7395188808441162 secs).
[2025-10-30 16:15:55,415] [INFO] EXIT: 'GraphRAG' calling 'why' (0.7399532794952393 secs).
[2025-10-30 16:15:55,415] [INFO] ENTER: 'GraphRAG' calling 'concede'; CURRENT SPEAKER: grok-4_mas_rag, DIALOGUE TURN NUM = 14.
[2025-10-30 16:15:55,416] [INFO] ENTER: 'GraphRAG' calling 'query_graph'; CURRENT SPEAKER: grok-4_mas_rag, DIALOGUE TURN NUM = 14.
[2025-10-30 16:15:56,114] [INFO] EXIT: 'GraphRAG' calling 'query_graph' (0.6985960006713867 secs).
[2025-10-30 16:15:56,114] [INFO] EXIT: 'GraphRAG' calling 'concede' (0.6990351676940918 secs).
[2025-10-30 16:15:56,114] [INFO] ENTER: 'GraphRAG' calling 'question'; CURRENT SPEAKER: grok-4_mas_rag, DIALOGUE TURN NUM = 14.
[2025-10-30 16:15:56,115] [INFO] ENTER: 'GraphRAG' calling 'query_graph'; CURRENT SPEAKER: grok-4_mas_rag, DIALOGUE TURN NUM = 14.
[2025-10-30 16:15:56,790] [INFO] EXIT: 'GraphRAG' calling 'query_graph' (0.6749975681304932 secs).
[2025-10-30 16:15:56,790] [INFO] EXIT: 'GraphRAG' calling 'question' (0.6754286289215088 secs).
[2025-10-30 16:15:56,807] [INFO] ENTER: 'GraphRAG' calling 'why'; CURRENT SPEAKER: grok-4_mas_rag, DIALOGUE TURN NUM = 14.
[2025-10-30 16:15:56,808] [INFO] ENTER: 'GraphRAG' calling 'query_graph'; CURRENT SPEAKER: grok-4_mas_rag, DIALOGUE TURN NUM = 14.
[2025-10-30 16:15:57,522] [INFO] EXIT: 'GraphRAG' calling 'query_graph' (0.7143478393554688 secs).
[2025-10-30 16:15:57,522] [INFO] EXIT: 'GraphRAG' calling 'why' (0.7147824764251709 secs).
[2025-10-30 16:15:57,522] [INFO] ENTER: 'GraphRAG' calling 'claim_negation'; CURRENT SPEAKER: grok-4_mas_rag, DIALOGUE TURN NUM = 14.
[2025-10-30 16:15:57,522] [INFO] ENTER: 'GraphRAG' calling 'query_graph'; CURRENT SPEAKER: grok-4_mas_rag, DIALOGUE TURN NUM = 14.
[2025-10-30 16:15:58,213] [INFO] EXIT: 'GraphRAG' calling 'query_graph' (0.690150260925293 secs).
[2025-10-30 16:15:58,213] [INFO] EXIT: 'GraphRAG' calling 'claim_negation' (0.6906208992004395 secs).
[2025-10-30 16:15:58,213] [INFO] ENTER: 'GraphRAG' calling 'concede'; CURRENT SPEAKER: grok-4_mas_rag, DIALOGUE TURN NUM = 14.
[2025-10-30 16:15:58,213] [INFO] ENTER: 'GraphRAG' calling 'query_graph'; CURRENT SPEAKER: grok-4_mas_rag, DIALOGUE TURN NUM = 14.
[2025-10-30 16:15:58,936] [INFO] EXIT: 'GraphRAG' calling 'query_graph' (0.7232933044433594 secs).
[2025-10-30 16:15:58,937] [INFO] EXIT: 'GraphRAG' calling 'concede' (0.7237441539764404 secs).
[2025-10-30 16:15:58,937] [INFO] ENTER: 'GraphRAG' calling 'question'; CURRENT SPEAKER: grok-4_mas_rag, DIALOGUE TURN NUM = 14.
[2025-10-30 16:15:58,937] [INFO] ENTER: 'GraphRAG' calling 'query_graph'; CURRENT SPEAKER: grok-4_mas_rag, DIALOGUE TURN NUM = 14.
[2025-10-30 16:15:59,065] [INFO] EXIT: 'GraphRAG' calling 'query_graph' (0.12816476821899414 secs).
[2025-10-30 16:15:59,065] [INFO] EXIT: 'GraphRAG' calling 'question' (0.12858271598815918 secs).
[2025-10-30 16:15:59,082] [INFO] ENTER: 'GraphRAG' calling 'why'; CURRENT SPEAKER: grok-4_mas_rag, DIALOGUE TURN NUM = 14.
[2025-10-30 16:15:59,082] [INFO] ENTER: 'GraphRAG' calling 'query_graph'; CURRENT SPEAKER: grok-4_mas_rag, DIALOGUE TURN NUM = 14.
[2025-10-30 16:15:59,786] [INFO] EXIT: 'GraphRAG' calling 'query_graph' (0.7038986682891846 secs).
[2025-10-30 16:15:59,787] [INFO] EXIT: 'GraphRAG' calling 'why' (0.7043194770812988 secs).
[2025-10-30 16:15:59,787] [INFO] ENTER: 'GraphRAG' calling 'claim_negation'; CURRENT SPEAKER: grok-4_mas_rag, DIALOGUE TURN NUM = 14.
[2025-10-30 16:15:59,787] [INFO] ENTER: 'GraphRAG' calling 'query_graph'; CURRENT SPEAKER: grok-4_mas_rag, DIALOGUE TURN NUM = 14.
[2025-10-30 16:16:00,462] [INFO] EXIT: 'GraphRAG' calling 'query_graph' (0.6750376224517822 secs).
[2025-10-30 16:16:00,462] [INFO] EXIT: 'GraphRAG' calling 'claim_negation' (0.6754827499389648 secs).
[2025-10-30 16:16:00,462] [INFO] ENTER: 'GraphRAG' calling 'concede'; CURRENT SPEAKER: grok-4_mas_rag, DIALOGUE TURN NUM = 14.
[2025-10-30 16:16:00,462] [INFO] ENTER: 'GraphRAG' calling 'query_graph'; CURRENT SPEAKER: grok-4_mas_rag, DIALOGUE TURN NUM = 14.
[2025-10-30 16:16:01,166] [INFO] EXIT: 'GraphRAG' calling 'query_graph' (0.7031259536743164 secs).
[2025-10-30 16:16:01,166] [INFO] EXIT: 'GraphRAG' calling 'concede' (0.7035970687866211 secs).
[2025-10-30 16:16:01,166] [INFO] ENTER: 'GraphRAG' calling 'question'; CURRENT SPEAKER: grok-4_mas_rag, DIALOGUE TURN NUM = 14.
[2025-10-30 16:16:01,166] [INFO] ENTER: 'GraphRAG' calling 'query_graph'; CURRENT SPEAKER: grok-4_mas_rag, DIALOGUE TURN NUM = 14.
[2025-10-30 16:16:01,282] [INFO] EXIT: 'GraphRAG' calling 'query_graph' (0.11600184440612793 secs).
[2025-10-30 16:16:01,282] [INFO] EXIT: 'GraphRAG' calling 'question' (0.11640286445617676 secs).
[2025-10-30 16:16:01,299] [INFO] ENTER: 'GraphRAG' calling 'why'; CURRENT SPEAKER: grok-4_mas_rag, DIALOGUE TURN NUM = 14.
[2025-10-30 16:16:01,300] [INFO] ENTER: 'GraphRAG' calling 'query_graph'; CURRENT SPEAKER: grok-4_mas_rag, DIALOGUE TURN NUM = 14.
[2025-10-30 16:16:02,000] [INFO] EXIT: 'GraphRAG' calling 'query_graph' (0.7007150650024414 secs).
[2025-10-30 16:16:02,000] [INFO] EXIT: 'GraphRAG' calling 'why' (0.7011263370513916 secs).
[2025-10-30 16:16:02,001] [INFO] ENTER: 'GraphRAG' calling 'claim_negation'; CURRENT SPEAKER: grok-4_mas_rag, DIALOGUE TURN NUM = 14.
[2025-10-30 16:16:02,001] [INFO] ENTER: 'GraphRAG' calling 'query_graph'; CURRENT SPEAKER: grok-4_mas_rag, DIALOGUE TURN NUM = 14.
[2025-10-30 16:16:02,676] [INFO] EXIT: 'GraphRAG' calling 'query_graph' (0.6751899719238281 secs).
[2025-10-30 16:16:02,676] [INFO] EXIT: 'GraphRAG' calling 'claim_negation' (0.6756234169006348 secs).
[2025-10-30 16:16:02,676] [INFO] ENTER: 'GraphRAG' calling 'concede'; CURRENT SPEAKER: grok-4_mas_rag, DIALOGUE TURN NUM = 14.
[2025-10-30 16:16:02,677] [INFO] ENTER: 'GraphRAG' calling 'query_graph'; CURRENT SPEAKER: grok-4_mas_rag, DIALOGUE TURN NUM = 14.
[2025-10-30 16:16:03,377] [INFO] EXIT: 'GraphRAG' calling 'query_graph' (0.7000076770782471 secs).
[2025-10-30 16:16:03,377] [INFO] EXIT: 'GraphRAG' calling 'concede' (0.7004909515380859 secs).
[2025-10-30 16:16:03,377] [INFO] ENTER: 'GraphRAG' calling 'question'; CURRENT SPEAKER: grok-4_mas_rag, DIALOGUE TURN NUM = 14.
[2025-10-30 16:16:03,377] [INFO] ENTER: 'GraphRAG' calling 'query_graph'; CURRENT SPEAKER: grok-4_mas_rag, DIALOGUE TURN NUM = 14.
[2025-10-30 16:16:03,490] [INFO] EXIT: 'GraphRAG' calling 'query_graph' (0.11270856857299805 secs).
[2025-10-30 16:16:03,490] [INFO] EXIT: 'GraphRAG' calling 'question' (0.11315298080444336 secs).
[2025-10-30 16:16:03,507] [INFO] ENTER: 'GraphRAG' calling 'why'; CURRENT SPEAKER: grok-4_mas_rag, DIALOGUE TURN NUM = 14.
[2025-10-30 16:16:03,508] [INFO] ENTER: 'GraphRAG' calling 'query_graph'; CURRENT SPEAKER: grok-4_mas_rag, DIALOGUE TURN NUM = 14.
[2025-10-30 16:16:04,249] [INFO] EXIT: 'GraphRAG' calling 'query_graph' (0.7412993907928467 secs).
[2025-10-30 16:16:04,249] [INFO] EXIT: 'GraphRAG' calling 'why' (0.7417330741882324 secs).
[2025-10-30 16:16:04,249] [INFO] ENTER: 'GraphRAG' calling 'concede'; CURRENT SPEAKER: grok-4_mas_rag, DIALOGUE TURN NUM = 14.
[2025-10-30 16:16:04,249] [INFO] ENTER: 'GraphRAG' calling 'query_graph'; CURRENT SPEAKER: grok-4_mas_rag, DIALOGUE TURN NUM = 14.
[2025-10-30 16:16:04,952] [INFO] EXIT: 'GraphRAG' calling 'query_graph' (0.702366828918457 secs).
[2025-10-30 16:16:04,952] [INFO] EXIT: 'GraphRAG' calling 'concede' (0.7028055191040039 secs).
[2025-10-30 16:16:04,952] [INFO] ENTER: 'GraphRAG' calling 'question'; CURRENT SPEAKER: grok-4_mas_rag, DIALOGUE TURN NUM = 14.
[2025-10-30 16:16:04,952] [INFO] ENTER: 'GraphRAG' calling 'query_graph'; CURRENT SPEAKER: grok-4_mas_rag, DIALOGUE TURN NUM = 14.
[2025-10-30 16:16:05,627] [INFO] EXIT: 'GraphRAG' calling 'query_graph' (0.6744503974914551 secs).
[2025-10-30 16:16:05,627] [INFO] EXIT: 'GraphRAG' calling 'question' (0.6748979091644287 secs).
[2025-10-30 16:16:05,627] [INFO] ENTER: 'GraphRAG' calling 'return_rag_examples'; CURRENT SPEAKER: grok-4_mas_rag, DIALOGUE TURN NUM = 14.
[2025-10-30 16:16:05,627] [INFO] EXIT: 'GraphRAG' calling 'return_rag_examples' (2.1457672119140625e-06 secs).
[2025-10-30 16:16:05,629] [INFO] ENTER: 'DialogueMoveGenerator' calling 'generate'; CURRENT SPEAKER: grok-4_mas_rag, DIALOGUE TURN NUM = 14.
[2025-10-30 16:16:05,629] [INFO] ENTER: 'MASPromptGenerator' calling 'claim_negation'; CURRENT SPEAKER: grok-4_mas_rag, DIALOGUE TURN NUM = 14.
[2025-10-30 16:16:05,629] [INFO] EXIT: 'MASPromptGenerator' calling 'claim_negation' (4.935264587402344e-05 secs).
[2025-10-30 16:16:05,630] [INFO] ENTER: 'DialogueMoveGenerator' calling 'generate'; CURRENT SPEAKER: grok-4_mas_rag, DIALOGUE TURN NUM = 14.
[2025-10-30 16:16:05,630] [INFO] ENTER: 'MASPromptGenerator' calling 'concede_claim'; CURRENT SPEAKER: grok-4_mas_rag, DIALOGUE TURN NUM = 14.
[2025-10-30 16:16:05,630] [INFO] EXIT: 'MASPromptGenerator' calling 'concede_claim' (4.7206878662109375e-05 secs).
[2025-10-30 16:16:05,631] [INFO] ENTER: 'DialogueMoveGenerator' calling 'generate'; CURRENT SPEAKER: grok-4_mas_rag, DIALOGUE TURN NUM = 14.
[2025-10-30 16:16:05,631] [INFO] ENTER: 'MASPromptGenerator' calling 'question_claim'; CURRENT SPEAKER: grok-4_mas_rag, DIALOGUE TURN NUM = 14.
[2025-10-30 16:16:05,631] [INFO] EXIT: 'MASPromptGenerator' calling 'question_claim' (5.3882598876953125e-05 secs).
[2025-10-30 16:16:05,632] [INFO] ENTER: 'DialogueMoveGenerator' calling 'generate'; CURRENT SPEAKER: grok-4_mas_rag, DIALOGUE TURN NUM = 14.
[2025-10-30 16:16:05,632] [INFO] ENTER: 'MASPromptGenerator' calling 'why_claim'; CURRENT SPEAKER: grok-4_mas_rag, DIALOGUE TURN NUM = 14.
[2025-10-30 16:16:05,632] [INFO] EXIT: 'MASPromptGenerator' calling 'why_claim' (6.151199340820312e-05 secs).
[2025-10-30 16:16:07,074] [INFO] Completion returned and validated from MODEL = 'grok-4'.
[2025-10-30 16:16:07,171] [INFO] Completion returned and validated from MODEL = 'grok-4'.
[2025-10-30 16:16:07,199] [INFO] Completion returned and validated from MODEL = 'grok-4'.
[2025-10-30 16:16:07,207] [INFO] Completion returned and validated from MODEL = 'grok-4'.
[2025-10-30 16:16:08,592] [INFO] Completion returned and validated from MODEL = 'grok-4'.
[2025-10-30 16:16:08,624] [INFO] Completion returned and validated from MODEL = 'grok-4'.
[2025-10-30 16:16:08,657] [INFO] Completion returned and validated from MODEL = 'grok-4'.
[2025-10-30 16:16:08,704] [INFO] Completion returned and validated from MODEL = 'grok-4'.
[2025-10-30 16:16:09,997] [INFO] Completion returned and validated from MODEL = 'grok-4'.
[2025-10-30 16:16:10,039] [INFO] Completion returned and validated from MODEL = 'grok-4'.
[2025-10-30 16:16:10,077] [INFO] Completion returned and validated from MODEL = 'grok-4'.
[2025-10-30 16:16:10,181] [INFO] Completion returned and validated from MODEL = 'grok-4'.
[2025-10-30 16:16:11,233] [INFO] Completion returned and validated from MODEL = 'grok-4'.
[2025-10-30 16:16:11,477] [INFO] Completion returned and validated from MODEL = 'grok-4'.
[2025-10-30 16:16:11,487] [INFO] Completion returned and validated from MODEL = 'grok-4'.
[2025-10-30 16:16:11,487] [INFO] EXIT: 'DialogueMoveGenerator' calling 'generate' (5.8583455085754395 secs).
[2025-10-30 16:16:11,555] [INFO] Completion returned and validated from MODEL = 'grok-4'.
[2025-10-30 16:16:12,538] [INFO] Completion returned and validated from MODEL = 'grok-4'.
[2025-10-30 16:16:12,999] [INFO] Completion returned and validated from MODEL = 'grok-4'.
[2025-10-30 16:16:13,028] [INFO] Completion returned and validated from MODEL = 'grok-4'.
[2025-10-30 16:16:13,800] [INFO] Completion returned and validated from MODEL = 'grok-4'.
[2025-10-30 16:16:14,377] [INFO] Completion returned and validated from MODEL = 'grok-4'.
[2025-10-30 16:16:14,393] [INFO] Completion returned and validated from MODEL = 'grok-4'.
[2025-10-30 16:16:15,036] [INFO] Completion returned and validated from MODEL = 'grok-4'.
[2025-10-30 16:16:15,037] [INFO] EXIT: 'DialogueMoveGenerator' calling 'generate' (9.406550407409668 secs).
[2025-10-30 16:16:15,706] [INFO] Completion returned and validated from MODEL = 'grok-4'.
[2025-10-30 16:16:15,707] [INFO] EXIT: 'DialogueMoveGenerator' calling 'generate' (10.075894117355347 secs).
[2025-10-30 16:16:15,728] [INFO] Completion returned and validated from MODEL = 'grok-4'.
[2025-10-30 16:16:15,728] [INFO] EXIT: 'DialogueMoveGenerator' calling 'generate' (10.096092462539673 secs).
[2025-10-30 16:16:15,730] [INFO] ENTER: 'MASPromptGenerator' calling 'persuasiveness_choice'; CURRENT SPEAKER: grok-4_mas_rag, DIALOGUE TURN NUM = 14.
[2025-10-30 16:16:15,730] [INFO] EXIT: 'MASPromptGenerator' calling 'persuasiveness_choice' (0.00020360946655273438 secs).
[2025-10-30 16:16:17,409] [INFO] Completion returned and validated within 'PersuasivenessChoiceAgent'; MODEL = 'grok-4'; DIALOGUE TURN NUM = 14.
[2025-10-30 16:16:18,820] [INFO] Completion returned and validated within 'PersuasivenessChoiceAgent'; MODEL = 'grok-4'; DIALOGUE TURN NUM = 14.
[2025-10-30 16:16:20,388] [INFO] Completion returned and validated within 'PersuasivenessChoiceAgent'; MODEL = 'grok-4'; DIALOGUE TURN NUM = 14.
[2025-10-30 16:16:21,875] [INFO] Completion returned and validated within 'PersuasivenessChoiceAgent'; MODEL = 'grok-4'; DIALOGUE TURN NUM = 14.
[2025-10-30 16:16:23,393] [INFO] Completion returned and validated within 'PersuasivenessChoiceAgent'; MODEL = 'grok-4'; DIALOGUE TURN NUM = 14.
[2025-10-30 16:16:25,128] [INFO] Completion returned and validated within 'PersuasivenessChoiceAgent'; MODEL = 'grok-4'; DIALOGUE TURN NUM = 14.
[2025-10-30 16:16:26,580] [ERROR] Completion validation error within 'PersuasivenessChoiceAgent'; 
 REASON:

 1 validation error for PersuasivenessChoicesList
  Invalid JSON: expected value at line 1 column 14 [type=json_invalid, input_value='{"Choices": [___Question...aves the poor behind?]}', input_type=str]
    For further information visit https://errors.pydantic.dev/2.12/v/json_invalid
