[2025-10-08 17:24:44,943] [INFO] Trying to create session grok-3_mas_rag:l__vs__grok-4_mas:r...
[2025-10-08 17:24:44,975] [INFO] DIALOGUE START: Parent graph invoked, waiting for Langgraph return state...
[2025-10-08 17:24:45,991] [INFO] ENTER: 'VectorBasedRAG' calling '_vector_based_examples'; CURRENT SPEAKER: grok-3_mas_rag, DIALOGUE TURN NUM = 0.
[2025-10-08 17:24:46,284] [INFO] ENTER: 'VectorBasedRAG' calling '_query_graph'; CURRENT SPEAKER: grok-3_mas_rag, DIALOGUE TURN NUM = 0.
[2025-10-08 17:24:46,363] [INFO] EXIT: 'VectorBasedRAG' calling '_query_graph' (0.07886314392089844 secs).
[2025-10-08 17:24:46,363] [INFO] EXIT: 'VectorBasedRAG' calling '_vector_based_examples' (0.0797417163848877 secs).
[2025-10-08 17:24:46,363] [INFO] ENTER: 'VectorBasedRAG' calling '_vector_based_examples'; CURRENT SPEAKER: grok-3_mas_rag, DIALOGUE TURN NUM = 0.
[2025-10-08 17:24:46,363] [INFO] ENTER: 'VectorBasedRAG' calling '_query_graph'; CURRENT SPEAKER: grok-3_mas_rag, DIALOGUE TURN NUM = 0.
[2025-10-08 17:24:46,434] [INFO] EXIT: 'VectorBasedRAG' calling '_query_graph' (0.07047891616821289 secs).
[2025-10-08 17:24:46,434] [INFO] EXIT: 'VectorBasedRAG' calling '_vector_based_examples' (0.07111287117004395 secs).
[2025-10-08 17:24:46,434] [INFO] ENTER: 'VectorBasedRAG' calling '_create_prompt'; CURRENT SPEAKER: grok-3_mas_rag, DIALOGUE TURN NUM = 0.
[2025-10-08 17:24:46,434] [INFO] EXIT: 'VectorBasedRAG' calling '_create_prompt' (1.2159347534179688e-05 secs).
[2025-10-08 17:24:46,434] [INFO] ENTER: 'VectorBasedRAG' calling '_generate_completion'; CURRENT SPEAKER: grok-3_mas_rag, DIALOGUE TURN NUM = 0.
[2025-10-08 17:25:20,798] [INFO] 'VectorBasedRAG' agent persona completion returned and validated; MODEL = 'grok-3'.
[2025-10-08 17:25:20,798] [INFO] EXIT: 'VectorBasedRAG' calling '_generate_completion' (34.36332440376282 secs).
[2025-10-08 17:25:20,798] [INFO] ENTER: 'VectorBasedRAG' calling 'persona_string'; CURRENT SPEAKER: grok-3_mas_rag, DIALOGUE TURN NUM = 0.
[2025-10-08 17:25:20,798] [INFO] 'VectorBasedRAG' agent persona string generated; MODEL = 'grok-3'.
[2025-10-08 17:25:20,798] [INFO] EXIT: 'VectorBasedRAG' calling 'persona_string' (6.127357482910156e-05 secs).
[2025-10-08 17:25:20,798] [INFO] ENTER: 'DialogueMoveGenerator' calling 'generate'; CURRENT SPEAKER: grok-3_mas_rag, DIALOGUE TURN NUM = 0.
[2025-10-08 17:25:20,798] [INFO] ENTER: 'MASPromptGenerator' calling 'initial_llm_claim'; CURRENT SPEAKER: grok-3_mas_rag, DIALOGUE TURN NUM = 0.
[2025-10-08 17:25:20,798] [INFO] EXIT: 'MASPromptGenerator' calling 'initial_llm_claim' (4.0531158447265625e-06 secs).
[2025-10-08 17:25:24,144] [INFO] Completion returned and validated from MODEL = 'grok-3'.
[2025-10-08 17:25:24,145] [INFO] EXIT: 'DialogueMoveGenerator' calling 'generate' (3.3460891246795654 secs).
[2025-10-08 17:25:24,145] [INFO] ENTER: 'MASPromptGenerator' calling 'persuasiveness_choice'; CURRENT SPEAKER: grok-3_mas_rag, DIALOGUE TURN NUM = 0.
[2025-10-08 17:25:24,145] [INFO] EXIT: 'MASPromptGenerator' calling 'persuasiveness_choice' (1.239776611328125e-05 secs).
[2025-10-08 17:25:25,815] [INFO] Completion returned and validated within 'PersuasivenessChoiceAgent'; MODEL = 'grok-3'; DIALOGUE TURN NUM = 0.
[2025-10-08 17:25:25,816] [INFO] ENTER: 'DisambiguationAgent' calling 'return_disambiguated_sentences'; CURRENT SPEAKER: grok-3_mas_rag, DIALOGUE TURN NUM = 0.
[2025-10-08 17:25:25,816] [INFO] EXIT: 'DisambiguationAgent' calling 'return_disambiguated_sentences' (2.6226043701171875e-06 secs).
[2025-10-08 17:25:25,817] [ERROR] Wrong state used; State of type HumanState; error message: dict has unexpected extra key(s): "graph_rag_examples", "intermediate_generations", "knowledge_base_ensemble_or_model_name", "model_seed", "model_temp", "model_top_p", "number_of_graph_rag_examples", "number_of_vector_based_rag_examples", "political_position_prob_of_na", "political_position_range", "political_position_std", "speaker_model_name", "speaker_type", "vector_based_persona_string", "vector_based_persona_sys_prompt"
[2025-10-08 17:25:25,817] [INFO] Correct state used; State of type GenerationAgentsState; 'IGNORE THE ABOVE ERRORS'.
[2025-10-08 17:25:26,581] [INFO] 'commitment_update' completed '___Claim___' update for current speaker's commitments; MODEL = 'grok-3'.
[2025-10-08 17:25:26,643] [ERROR] Wrong state used; State of type HumanState; error message: dict has unexpected extra key(s): "graph_rag_examples", "intermediate_generations", "knowledge_base_ensemble_or_model_name", "model_seed", "model_temp", "model_top_p", "number_of_graph_rag_examples", "number_of_vector_based_rag_examples", "political_position_prob_of_na", "political_position_range", "political_position_std", "speaker_model_name", "speaker_type", "vector_based_persona_string", "vector_based_persona_sys_prompt"
[2025-10-08 17:25:26,643] [INFO] Correct state used; State of type GenerationAgentsState; 'IGNORE THE ABOVE ERRORS'.
[2025-10-08 17:25:26,643] [INFO] ENTER: 'UtteranceClassificationAgent' calling '_classify_sentence_utterance_types'; CURRENT SPEAKER: grok-4_mas, DIALOGUE TURN NUM = 1.
[2025-10-30 13:54:17,600] [INFO] Trying to create session grok-3_mas_rag:l__vs__grok-4_mas:r...
[2025-10-30 13:54:17,628] [INFO] DIALOGUE START: Parent graph invoked, waiting for Langgraph return state...
[2025-10-30 13:54:17,710] [INFO] ENTER: 'VectorBasedRAG' calling '_vector_based_examples'; CURRENT SPEAKER: grok-3_mas_rag, DIALOGUE TURN NUM = 0.
[2025-10-30 13:54:17,710] [INFO] ENTER: 'VectorBasedRAG' calling '_query_graph'; CURRENT SPEAKER: grok-3_mas_rag, DIALOGUE TURN NUM = 0.
[2025-10-30 13:54:17,886] [INFO] EXIT: 'VectorBasedRAG' calling '_query_graph' (0.17594075202941895 secs).
[2025-10-30 13:54:17,886] [INFO] EXIT: 'VectorBasedRAG' calling '_vector_based_examples' (0.17654085159301758 secs).
[2025-10-30 13:54:17,886] [INFO] ENTER: 'VectorBasedRAG' calling '_vector_based_examples'; CURRENT SPEAKER: grok-3_mas_rag, DIALOGUE TURN NUM = 0.
[2025-10-30 13:54:17,887] [INFO] ENTER: 'VectorBasedRAG' calling '_query_graph'; CURRENT SPEAKER: grok-3_mas_rag, DIALOGUE TURN NUM = 0.
[2025-10-30 13:54:17,955] [INFO] EXIT: 'VectorBasedRAG' calling '_query_graph' (0.06841874122619629 secs).
[2025-10-30 13:54:17,955] [INFO] EXIT: 'VectorBasedRAG' calling '_vector_based_examples' (0.06893634796142578 secs).
[2025-10-30 13:54:17,955] [INFO] ENTER: 'VectorBasedRAG' calling '_create_prompt'; CURRENT SPEAKER: grok-3_mas_rag, DIALOGUE TURN NUM = 0.
[2025-10-30 13:54:17,955] [INFO] EXIT: 'VectorBasedRAG' calling '_create_prompt' (1.5735626220703125e-05 secs).
[2025-10-30 13:54:17,956] [INFO] ENTER: 'VectorBasedRAG' calling '_generate_completion'; CURRENT SPEAKER: grok-3_mas_rag, DIALOGUE TURN NUM = 0.
[2025-10-30 13:54:47,545] [INFO] 'VectorBasedRAG' agent persona completion returned and validated; MODEL = 'grok-3'.
[2025-10-30 13:54:47,545] [INFO] EXIT: 'VectorBasedRAG' calling '_generate_completion' (29.58956289291382 secs).
[2025-10-30 13:54:47,545] [INFO] ENTER: 'VectorBasedRAG' calling 'persona_string'; CURRENT SPEAKER: grok-3_mas_rag, DIALOGUE TURN NUM = 0.
[2025-10-30 13:54:47,545] [INFO] 'VectorBasedRAG' agent persona string generated; MODEL = 'grok-3'.
[2025-10-30 13:54:47,545] [INFO] EXIT: 'VectorBasedRAG' calling 'persona_string' (5.8650970458984375e-05 secs).
[2025-10-30 13:54:47,546] [INFO] ENTER: 'DialogueMoveGenerator' calling 'generate'; CURRENT SPEAKER: grok-3_mas_rag, DIALOGUE TURN NUM = 0.
[2025-10-30 13:54:47,546] [INFO] ENTER: 'MASPromptGenerator' calling 'initial_llm_claim'; CURRENT SPEAKER: grok-3_mas_rag, DIALOGUE TURN NUM = 0.
[2025-10-30 13:54:47,546] [INFO] EXIT: 'MASPromptGenerator' calling 'initial_llm_claim' (4.5299530029296875e-06 secs).
[2025-10-30 13:54:53,114] [INFO] Completion returned and validated from MODEL = 'grok-3'.
[2025-10-30 13:54:53,114] [INFO] EXIT: 'DialogueMoveGenerator' calling 'generate' (5.567737102508545 secs).
[2025-10-30 13:54:53,114] [INFO] ENTER: 'MASPromptGenerator' calling 'persuasiveness_choice'; CURRENT SPEAKER: grok-3_mas_rag, DIALOGUE TURN NUM = 0.
[2025-10-30 13:54:53,114] [INFO] EXIT: 'MASPromptGenerator' calling 'persuasiveness_choice' (1.2636184692382812e-05 secs).
[2025-10-30 13:54:54,417] [INFO] Completion returned and validated within 'PersuasivenessChoiceAgent'; MODEL = 'grok-3'; DIALOGUE TURN NUM = 0.
[2025-10-30 13:54:54,418] [INFO] ENTER: 'DisambiguationAgent' calling 'return_disambiguated_sentences'; CURRENT SPEAKER: grok-3_mas_rag, DIALOGUE TURN NUM = 0.
[2025-10-30 13:54:54,418] [INFO] EXIT: 'DisambiguationAgent' calling 'return_disambiguated_sentences' (2.1457672119140625e-06 secs).
[2025-10-30 13:54:54,419] [ERROR] Wrong state used; State of type HumanState; error message: dict has unexpected extra key(s): "graph_rag_examples", "intermediate_generations", "knowledge_base_ensemble_or_model_name", "model_seed", "model_temp", "model_top_p", "number_of_graph_rag_examples", "number_of_vector_based_rag_examples", "political_position_prob_of_na", "political_position_range", "political_position_std", "speaker_model_name", "speaker_type", "vector_based_persona_string", "vector_based_persona_sys_prompt"
[2025-10-30 13:54:54,419] [INFO] Correct state used; State of type GenerationAgentsState; 'IGNORE THE ABOVE ERRORS'.
[2025-10-30 13:54:55,167] [INFO] 'commitment_update' completed '___Claim___' update for current speaker's commitments; MODEL = 'grok-3'.
[2025-10-30 13:54:55,235] [ERROR] Wrong state used; State of type HumanState; error message: dict has unexpected extra key(s): "graph_rag_examples", "intermediate_generations", "knowledge_base_ensemble_or_model_name", "model_seed", "model_temp", "model_top_p", "number_of_graph_rag_examples", "number_of_vector_based_rag_examples", "political_position_prob_of_na", "political_position_range", "political_position_std", "speaker_model_name", "speaker_type", "vector_based_persona_string", "vector_based_persona_sys_prompt"
[2025-10-30 13:54:55,235] [INFO] Correct state used; State of type GenerationAgentsState; 'IGNORE THE ABOVE ERRORS'.
[2025-10-30 13:54:55,235] [INFO] ENTER: 'UtteranceClassificationAgent' calling '_classify_sentence_utterance_types'; CURRENT SPEAKER: grok-4_mas, DIALOGUE TURN NUM = 1.
[2025-10-30 13:54:55,823] [INFO] 'UtteranceClassificationAgent' completion returned and validated from MODEL = 'ModelName.GROK_4'.
[2025-10-30 13:54:55,823] [INFO] EXIT: 'UtteranceClassificationAgent' calling '_classify_sentence_utterance_types' (0.5872042179107666 secs).
[2025-10-30 13:54:55,823] [INFO] ENTER: 'UtteranceClassificationAgent' calling 'return_classified_sentences'; CURRENT SPEAKER: grok-4_mas, DIALOGUE TURN NUM = 1.
[2025-10-30 13:54:55,823] [INFO] EXIT: 'UtteranceClassificationAgent' calling 'return_classified_sentences' (1.6689300537109375e-06 secs).
[2025-10-30 13:54:55,825] [INFO] ENTER: 'DialogueMoveGenerator' calling 'generate'; CURRENT SPEAKER: grok-4_mas, DIALOGUE TURN NUM = 1.
[2025-10-30 13:54:55,825] [INFO] ENTER: 'MASPromptGenerator' calling 'concede_claim'; CURRENT SPEAKER: grok-4_mas, DIALOGUE TURN NUM = 1.
[2025-10-30 13:54:55,825] [INFO] EXIT: 'MASPromptGenerator' calling 'concede_claim' (1.9311904907226562e-05 secs).
[2025-10-30 13:54:55,825] [INFO] ENTER: 'DialogueMoveGenerator' calling 'generate'; CURRENT SPEAKER: grok-4_mas, DIALOGUE TURN NUM = 1.
[2025-10-30 13:54:55,826] [INFO] ENTER: 'DialogueMoveGenerator' calling 'generate'; CURRENT SPEAKER: grok-4_mas, DIALOGUE TURN NUM = 1.
[2025-10-30 13:54:55,826] [INFO] ENTER: 'MASPromptGenerator' calling 'question_claim'; CURRENT SPEAKER: grok-4_mas, DIALOGUE TURN NUM = 1.
[2025-10-30 13:54:55,830] [INFO] ENTER: 'MASPromptGenerator' calling 'why_claim'; CURRENT SPEAKER: grok-4_mas, DIALOGUE TURN NUM = 1.
[2025-10-30 13:54:55,830] [INFO] EXIT: 'MASPromptGenerator' calling 'question_claim' (2.4557113647460938e-05 secs).
[2025-10-30 13:54:55,830] [INFO] EXIT: 'MASPromptGenerator' calling 'why_claim' (1.4781951904296875e-05 secs).
[2025-10-30 13:54:56,950] [INFO] Completion returned and validated from MODEL = 'grok-4'.
[2025-10-30 13:54:56,950] [INFO] EXIT: 'DialogueMoveGenerator' calling 'generate' (1.12546706199646 secs).
[2025-10-30 13:54:57,028] [INFO] Completion returned and validated from MODEL = 'grok-4'.
[2025-10-30 13:54:57,028] [INFO] EXIT: 'DialogueMoveGenerator' calling 'generate' (1.2018249034881592 secs).
[2025-10-30 13:54:57,045] [INFO] Completion returned and validated from MODEL = 'grok-4'.
[2025-10-30 13:54:57,045] [INFO] EXIT: 'DialogueMoveGenerator' calling 'generate' (1.214996337890625 secs).
[2025-10-30 13:54:57,045] [INFO] ENTER: 'MASPromptGenerator' calling 'persuasiveness_choice'; CURRENT SPEAKER: grok-4_mas, DIALOGUE TURN NUM = 1.
[2025-10-30 13:54:57,045] [INFO] EXIT: 'MASPromptGenerator' calling 'persuasiveness_choice' (3.266334533691406e-05 secs).
[2025-10-30 13:54:58,270] [INFO] Completion returned and validated within 'PersuasivenessChoiceAgent'; MODEL = 'grok-4'; DIALOGUE TURN NUM = 1.
[2025-10-30 13:54:58,270] [INFO] ENTER: 'DisambiguationAgent' calling '_grouping_similar_utterance_types'; CURRENT SPEAKER: grok-4_mas, DIALOGUE TURN NUM = 1.
[2025-10-30 13:54:58,270] [INFO] EXIT: 'DisambiguationAgent' calling '_grouping_similar_utterance_types' (4.76837158203125e-06 secs).
[2025-10-30 13:54:58,270] [INFO] ENTER: 'DisambiguationAgent' calling '_identifying_similar_sentences_and_choosing_one_to_return_to_user'; CURRENT SPEAKER: grok-4_mas, DIALOGUE TURN NUM = 1.
[2025-10-30 13:54:59,337] [INFO] 'DisambiguationAgent' grouped similar sentences, completion returned and validated; MODEL = 'grok-4'.
[2025-10-30 13:55:00,036] [INFO] 'DisambiguationAgent' chose sentences to remove, completion returned and validated from MODEL = 'grok-4'.
[2025-10-30 13:55:00,036] [INFO] EXIT: 'DisambiguationAgent' calling '_identifying_similar_sentences_and_choosing_one_to_return_to_user' (1.7657089233398438 secs).
[2025-10-30 13:55:00,036] [INFO] ENTER: 'DisambiguationAgent' calling '_removing_repetitive_sentences'; CURRENT SPEAKER: grok-4_mas, DIALOGUE TURN NUM = 1.
[2025-10-30 13:55:00,036] [INFO] EXIT: 'DisambiguationAgent' calling '_removing_repetitive_sentences' (7.62939453125e-06 secs).
[2025-10-30 13:55:00,036] [INFO] ENTER: 'DisambiguationAgent' calling 'return_disambiguated_sentences'; CURRENT SPEAKER: grok-4_mas, DIALOGUE TURN NUM = 1.
[2025-10-30 13:55:00,036] [INFO] EXIT: 'DisambiguationAgent' calling 'return_disambiguated_sentences' (1.6689300537109375e-06 secs).
[2025-10-30 13:55:00,037] [ERROR] Wrong state used; State of type HumanState; error message: dict has unexpected extra key(s): "graph_rag_examples", "intermediate_generations", "knowledge_base_ensemble_or_model_name", "model_seed", "model_temp", "model_top_p", "number_of_graph_rag_examples", "number_of_vector_based_rag_examples", "political_position_prob_of_na", "political_position_range", "political_position_std", "speaker_model_name", "speaker_type", "vector_based_persona_string", "vector_based_persona_sys_prompt"
[2025-10-30 13:55:00,037] [INFO] Correct state used; State of type GenerationAgentsState; 'IGNORE THE ABOVE ERRORS'.
[2025-10-30 13:55:00,166] [ERROR] Wrong state used; State of type HumanState; error message: dict has unexpected extra key(s): "graph_rag_examples", "intermediate_generations", "knowledge_base_ensemble_or_model_name", "model_seed", "model_temp", "model_top_p", "number_of_graph_rag_examples", "number_of_vector_based_rag_examples", "political_position_prob_of_na", "political_position_range", "political_position_std", "speaker_model_name", "speaker_type", "vector_based_persona_string", "vector_based_persona_sys_prompt"
[2025-10-30 13:55:00,166] [INFO] Correct state used; State of type GenerationAgentsState; 'IGNORE THE ABOVE ERRORS'.
[2025-10-30 13:55:00,166] [INFO] ENTER: 'UtteranceClassificationAgent' calling '_classify_sentence_utterance_types'; CURRENT SPEAKER: grok-3_mas_rag, DIALOGUE TURN NUM = 2.
[2025-10-30 13:55:01,270] [INFO] 'UtteranceClassificationAgent' completion returned and validated from MODEL = 'ModelName.GROK_3'.
[2025-10-30 13:55:02,183] [INFO] 'UtteranceClassificationAgent' completion returned and validated from MODEL = 'ModelName.GROK_3'.
[2025-10-30 13:55:02,909] [INFO] 'UtteranceClassificationAgent' completion returned and validated from MODEL = 'ModelName.GROK_3'.
[2025-10-30 13:55:02,909] [INFO] EXIT: 'UtteranceClassificationAgent' calling '_classify_sentence_utterance_types' (2.7430014610290527 secs).
[2025-10-30 13:55:02,909] [INFO] ENTER: 'UtteranceClassificationAgent' calling 'return_classified_sentences'; CURRENT SPEAKER: grok-3_mas_rag, DIALOGUE TURN NUM = 2.
[2025-10-30 13:55:02,909] [INFO] EXIT: 'UtteranceClassificationAgent' calling 'return_classified_sentences' (1.9073486328125e-06 secs).
[2025-10-30 13:55:02,932] [INFO] ENTER: 'GraphRAG' calling 'since'; CURRENT SPEAKER: grok-3_mas_rag, DIALOGUE TURN NUM = 2.
[2025-10-30 13:55:02,932] [INFO] ENTER: 'GraphRAG' calling 'query_graph'; CURRENT SPEAKER: grok-3_mas_rag, DIALOGUE TURN NUM = 2.
[2025-10-30 13:55:03,116] [INFO] EXIT: 'GraphRAG' calling 'query_graph' (0.1843411922454834 secs).
[2025-10-30 13:55:03,117] [INFO] EXIT: 'GraphRAG' calling 'since' (0.18474626541137695 secs).
[2025-10-30 13:55:03,117] [INFO] ENTER: 'GraphRAG' calling 'claim'; CURRENT SPEAKER: grok-3_mas_rag, DIALOGUE TURN NUM = 2.
[2025-10-30 13:55:03,117] [INFO] ENTER: 'GraphRAG' calling 'query_graph'; CURRENT SPEAKER: grok-3_mas_rag, DIALOGUE TURN NUM = 2.
[2025-10-30 13:55:03,213] [INFO] EXIT: 'GraphRAG' calling 'query_graph' (0.09651875495910645 secs).
[2025-10-30 13:55:03,214] [INFO] EXIT: 'GraphRAG' calling 'claim' (0.09694910049438477 secs).
[2025-10-30 13:55:03,231] [INFO] ENTER: 'GraphRAG' calling 'since'; CURRENT SPEAKER: grok-3_mas_rag, DIALOGUE TURN NUM = 2.
[2025-10-30 13:55:03,231] [INFO] ENTER: 'GraphRAG' calling 'query_graph'; CURRENT SPEAKER: grok-3_mas_rag, DIALOGUE TURN NUM = 2.
[2025-10-30 13:55:03,270] [INFO] EXIT: 'GraphRAG' calling 'query_graph' (0.038755178451538086 secs).
[2025-10-30 13:55:03,270] [INFO] EXIT: 'GraphRAG' calling 'since' (0.039182186126708984 secs).
[2025-10-30 13:55:03,270] [INFO] ENTER: 'GraphRAG' calling 'claim'; CURRENT SPEAKER: grok-3_mas_rag, DIALOGUE TURN NUM = 2.
[2025-10-30 13:55:03,271] [INFO] ENTER: 'GraphRAG' calling 'query_graph'; CURRENT SPEAKER: grok-3_mas_rag, DIALOGUE TURN NUM = 2.
[2025-10-30 13:55:03,301] [INFO] EXIT: 'GraphRAG' calling 'query_graph' (0.030073881149291992 secs).
[2025-10-30 13:55:03,301] [INFO] EXIT: 'GraphRAG' calling 'claim' (0.030805110931396484 secs).
[2025-10-30 13:55:03,319] [INFO] ENTER: 'GraphRAG' calling 'since'; CURRENT SPEAKER: grok-3_mas_rag, DIALOGUE TURN NUM = 2.
[2025-10-30 13:55:03,320] [INFO] ENTER: 'GraphRAG' calling 'query_graph'; CURRENT SPEAKER: grok-3_mas_rag, DIALOGUE TURN NUM = 2.
[2025-10-30 13:55:03,354] [INFO] EXIT: 'GraphRAG' calling 'query_graph' (0.033968210220336914 secs).
[2025-10-30 13:55:03,354] [INFO] EXIT: 'GraphRAG' calling 'since' (0.034349918365478516 secs).
[2025-10-30 13:55:03,354] [INFO] ENTER: 'GraphRAG' calling 'claim'; CURRENT SPEAKER: grok-3_mas_rag, DIALOGUE TURN NUM = 2.
[2025-10-30 13:55:03,354] [INFO] ENTER: 'GraphRAG' calling 'query_graph'; CURRENT SPEAKER: grok-3_mas_rag, DIALOGUE TURN NUM = 2.
[2025-10-30 13:55:03,385] [INFO] EXIT: 'GraphRAG' calling 'query_graph' (0.03060150146484375 secs).
[2025-10-30 13:55:03,385] [INFO] EXIT: 'GraphRAG' calling 'claim' (0.03095245361328125 secs).
[2025-10-30 13:55:03,385] [INFO] ENTER: 'GraphRAG' calling 'return_rag_examples'; CURRENT SPEAKER: grok-3_mas_rag, DIALOGUE TURN NUM = 2.
[2025-10-30 13:55:03,385] [INFO] EXIT: 'GraphRAG' calling 'return_rag_examples' (2.384185791015625e-06 secs).
[2025-10-30 13:55:03,387] [INFO] ENTER: 'DialogueMoveGenerator' calling 'generate'; CURRENT SPEAKER: grok-3_mas_rag, DIALOGUE TURN NUM = 2.
[2025-10-30 13:55:03,388] [INFO] ENTER: 'DialogueMoveGenerator' calling 'generate'; CURRENT SPEAKER: grok-3_mas_rag, DIALOGUE TURN NUM = 2.
[2025-10-30 13:55:03,388] [INFO] ENTER: 'MASPromptGenerator' calling 'claim'; CURRENT SPEAKER: grok-3_mas_rag, DIALOGUE TURN NUM = 2.
[2025-10-30 13:55:03,388] [INFO] ENTER: 'MASPromptGenerator' calling 'retract_claim'; CURRENT SPEAKER: grok-3_mas_rag, DIALOGUE TURN NUM = 2.
[2025-10-30 13:55:03,388] [INFO] EXIT: 'MASPromptGenerator' calling 'claim' (5.793571472167969e-05 secs).
[2025-10-30 13:55:03,388] [INFO] EXIT: 'MASPromptGenerator' calling 'retract_claim' (3.886222839355469e-05 secs).
[2025-10-30 13:55:03,389] [INFO] ENTER: 'DialogueMoveGenerator' calling 'generate'; CURRENT SPEAKER: grok-3_mas_rag, DIALOGUE TURN NUM = 2.
[2025-10-30 13:55:03,390] [INFO] ENTER: 'MASPromptGenerator' calling 'since_claim'; CURRENT SPEAKER: grok-3_mas_rag, DIALOGUE TURN NUM = 2.
[2025-10-30 13:55:03,390] [INFO] EXIT: 'MASPromptGenerator' calling 'since_claim' (3.075599670410156e-05 secs).
[2025-10-30 13:55:08,269] [INFO] Completion returned and validated from MODEL = 'grok-3'.
[2025-10-30 13:55:10,131] [INFO] Completion returned and validated from MODEL = 'grok-3'.
[2025-10-30 13:55:10,549] [INFO] Completion returned and validated from MODEL = 'grok-3'.
[2025-10-30 13:55:14,112] [INFO] Completion returned and validated from MODEL = 'grok-3'.
[2025-10-30 13:55:15,557] [INFO] Completion returned and validated from MODEL = 'grok-3'.
[2025-10-30 13:55:16,193] [INFO] Completion returned and validated from MODEL = 'grok-3'.
[2025-10-30 13:55:19,485] [INFO] Completion returned and validated from MODEL = 'grok-3'.
[2025-10-30 13:55:19,485] [INFO] EXIT: 'DialogueMoveGenerator' calling 'generate' (16.094738006591797 secs).
[2025-10-30 13:55:19,875] [INFO] Completion returned and validated from MODEL = 'grok-3'.
[2025-10-30 13:55:19,875] [INFO] EXIT: 'DialogueMoveGenerator' calling 'generate' (16.486839294433594 secs).
[2025-10-30 13:55:22,789] [INFO] Completion returned and validated from MODEL = 'grok-3'.
[2025-10-30 13:55:22,789] [INFO] EXIT: 'DialogueMoveGenerator' calling 'generate' (19.401524782180786 secs).
[2025-10-30 13:55:22,790] [INFO] ENTER: 'MASPromptGenerator' calling 'persuasiveness_choice'; CURRENT SPEAKER: grok-3_mas_rag, DIALOGUE TURN NUM = 2.
[2025-10-30 13:55:22,791] [INFO] EXIT: 'MASPromptGenerator' calling 'persuasiveness_choice' (7.963180541992188e-05 secs).
[2025-10-30 13:55:26,192] [INFO] Completion returned and validated within 'PersuasivenessChoiceAgent'; MODEL = 'grok-3'; DIALOGUE TURN NUM = 2.
[2025-10-30 13:55:33,192] [INFO] Completion returned and validated within 'PersuasivenessChoiceAgent'; MODEL = 'grok-3'; DIALOGUE TURN NUM = 2.
[2025-10-30 13:55:39,124] [INFO] Completion returned and validated within 'PersuasivenessChoiceAgent'; MODEL = 'grok-3'; DIALOGUE TURN NUM = 2.
[2025-10-30 13:55:39,124] [INFO] ENTER: 'DisambiguationAgent' calling '_grouping_similar_utterance_types'; CURRENT SPEAKER: grok-3_mas_rag, DIALOGUE TURN NUM = 2.
[2025-10-30 13:55:39,124] [INFO] EXIT: 'DisambiguationAgent' calling '_grouping_similar_utterance_types' (7.867813110351562e-06 secs).
[2025-10-30 13:55:39,124] [INFO] ENTER: 'DisambiguationAgent' calling '_identifying_similar_sentences_and_choosing_one_to_return_to_user'; CURRENT SPEAKER: grok-3_mas_rag, DIALOGUE TURN NUM = 2.
[2025-10-30 13:55:51,968] [INFO] 'DisambiguationAgent' grouped similar sentences, completion returned and validated; MODEL = 'grok-3'.
[2025-10-30 13:55:53,705] [INFO] 'DisambiguationAgent' chose sentences to remove, completion returned and validated from MODEL = 'grok-3'.
[2025-10-30 13:55:55,181] [INFO] 'DisambiguationAgent' chose sentences to remove, completion returned and validated from MODEL = 'grok-3'.
[2025-10-30 13:55:56,698] [INFO] 'DisambiguationAgent' chose sentences to remove, completion returned and validated from MODEL = 'grok-3'.
[2025-10-30 13:55:58,277] [INFO] 'DisambiguationAgent' chose sentences to remove, completion returned and validated from MODEL = 'grok-3'.
[2025-10-30 13:55:58,277] [INFO] EXIT: 'DisambiguationAgent' calling '_identifying_similar_sentences_and_choosing_one_to_return_to_user' (19.152974128723145 secs).
[2025-10-30 13:55:58,277] [INFO] ENTER: 'DisambiguationAgent' calling '_removing_repetitive_sentences'; CURRENT SPEAKER: grok-3_mas_rag, DIALOGUE TURN NUM = 2.
[2025-10-30 13:55:58,278] [INFO] EXIT: 'DisambiguationAgent' calling '_removing_repetitive_sentences' (1.1920928955078125e-05 secs).
[2025-10-30 13:55:58,278] [INFO] ENTER: 'DisambiguationAgent' calling 'return_disambiguated_sentences'; CURRENT SPEAKER: grok-3_mas_rag, DIALOGUE TURN NUM = 2.
[2025-10-30 13:55:58,278] [INFO] EXIT: 'DisambiguationAgent' calling 'return_disambiguated_sentences' (1.9073486328125e-06 secs).
[2025-10-30 13:55:58,278] [ERROR] Wrong state used; State of type HumanState; error message: dict has unexpected extra key(s): "graph_rag_examples", "intermediate_generations", "knowledge_base_ensemble_or_model_name", "model_seed", "model_temp", "model_top_p", "number_of_graph_rag_examples", "number_of_vector_based_rag_examples", "political_position_prob_of_na", "political_position_range", "political_position_std", "speaker_model_name", "speaker_type", "vector_based_persona_string", "vector_based_persona_sys_prompt"
[2025-10-30 13:55:58,278] [INFO] Correct state used; State of type GenerationAgentsState; 'IGNORE THE ABOVE ERRORS'.
[2025-10-30 13:55:59,094] [INFO] 'commitment_update' completed '___Claim___' update for current speaker's commitments; MODEL = 'grok-3'.
[2025-10-30 13:55:59,843] [INFO] 'commitment_update' completed '___Claim___' update for current speaker's commitments; MODEL = 'grok-3'.
[2025-10-30 13:56:00,613] [INFO] 'commitment_update' completed '___Since___' update; MODEL = 'grok-3'.
[2025-10-30 13:56:01,477] [INFO] 'commitment_update' completed '___Since___' update; MODEL = 'grok-3'.
[2025-10-30 13:56:01,550] [ERROR] Wrong state used; State of type HumanState; error message: dict has unexpected extra key(s): "graph_rag_examples", "intermediate_generations", "knowledge_base_ensemble_or_model_name", "model_seed", "model_temp", "model_top_p", "number_of_graph_rag_examples", "number_of_vector_based_rag_examples", "political_position_prob_of_na", "political_position_range", "political_position_std", "speaker_model_name", "speaker_type", "vector_based_persona_string", "vector_based_persona_sys_prompt"
[2025-10-30 13:56:01,550] [INFO] Correct state used; State of type GenerationAgentsState; 'IGNORE THE ABOVE ERRORS'.
[2025-10-30 13:56:01,550] [INFO] ENTER: 'UtteranceClassificationAgent' calling '_classify_sentence_utterance_types'; CURRENT SPEAKER: grok-4_mas, DIALOGUE TURN NUM = 3.
[2025-10-30 13:56:02,145] [INFO] 'UtteranceClassificationAgent' completion returned and validated from MODEL = 'ModelName.GROK_4'.
[2025-10-30 13:56:02,719] [INFO] 'UtteranceClassificationAgent' completion returned and validated from MODEL = 'ModelName.GROK_4'.
[2025-10-30 13:56:03,301] [INFO] 'UtteranceClassificationAgent' completion returned and validated from MODEL = 'ModelName.GROK_4'.
[2025-10-30 13:56:03,849] [INFO] 'UtteranceClassificationAgent' completion returned and validated from MODEL = 'ModelName.GROK_4'.
[2025-10-30 13:56:03,849] [INFO] EXIT: 'UtteranceClassificationAgent' calling '_classify_sentence_utterance_types' (2.2986724376678467 secs).
[2025-10-30 13:56:03,849] [INFO] ENTER: 'UtteranceClassificationAgent' calling 'return_classified_sentences'; CURRENT SPEAKER: grok-4_mas, DIALOGUE TURN NUM = 3.
[2025-10-30 13:56:03,849] [INFO] EXIT: 'UtteranceClassificationAgent' calling 'return_classified_sentences' (1.430511474609375e-06 secs).
[2025-10-30 13:56:03,851] [INFO] ENTER: 'DialogueMoveGenerator' calling 'generate'; CURRENT SPEAKER: grok-4_mas, DIALOGUE TURN NUM = 3.
[2025-10-30 13:56:03,851] [INFO] ENTER: 'MASPromptGenerator' calling 'claim_negation'; CURRENT SPEAKER: grok-4_mas, DIALOGUE TURN NUM = 3.
[2025-10-30 13:56:03,851] [INFO] EXIT: 'MASPromptGenerator' calling 'claim_negation' (3.647804260253906e-05 secs).
[2025-10-30 13:56:03,852] [INFO] ENTER: 'DialogueMoveGenerator' calling 'generate'; CURRENT SPEAKER: grok-4_mas, DIALOGUE TURN NUM = 3.
[2025-10-30 13:56:03,852] [INFO] ENTER: 'MASPromptGenerator' calling 'concede_claim'; CURRENT SPEAKER: grok-4_mas, DIALOGUE TURN NUM = 3.
[2025-10-30 13:56:03,852] [INFO] EXIT: 'MASPromptGenerator' calling 'concede_claim' (2.86102294921875e-05 secs).
[2025-10-30 13:56:03,853] [INFO] ENTER: 'DialogueMoveGenerator' calling 'generate'; CURRENT SPEAKER: grok-4_mas, DIALOGUE TURN NUM = 3.
[2025-10-30 13:56:03,853] [INFO] ENTER: 'MASPromptGenerator' calling 'question_claim'; CURRENT SPEAKER: grok-4_mas, DIALOGUE TURN NUM = 3.
[2025-10-30 13:56:03,854] [INFO] EXIT: 'MASPromptGenerator' calling 'question_claim' (2.9325485229492188e-05 secs).
[2025-10-30 13:56:03,854] [INFO] ENTER: 'DialogueMoveGenerator' calling 'generate'; CURRENT SPEAKER: grok-4_mas, DIALOGUE TURN NUM = 3.
[2025-10-30 13:56:03,855] [INFO] ENTER: 'MASPromptGenerator' calling 'why_claim'; CURRENT SPEAKER: grok-4_mas, DIALOGUE TURN NUM = 3.
[2025-10-30 13:56:03,855] [INFO] EXIT: 'MASPromptGenerator' calling 'why_claim' (2.765655517578125e-05 secs).
[2025-10-30 13:56:05,168] [INFO] Completion returned and validated from MODEL = 'grok-4'.
[2025-10-30 13:56:05,236] [INFO] Completion returned and validated from MODEL = 'grok-4'.
[2025-10-30 13:56:05,239] [INFO] Completion returned and validated from MODEL = 'grok-4'.
[2025-10-30 13:56:05,239] [INFO] EXIT: 'DialogueMoveGenerator' calling 'generate' (1.3876545429229736 secs).
[2025-10-30 13:56:05,248] [INFO] Completion returned and validated from MODEL = 'grok-4'.
[2025-10-30 13:56:06,351] [INFO] Completion returned and validated from MODEL = 'grok-4'.
[2025-10-30 13:56:06,427] [INFO] Completion returned and validated from MODEL = 'grok-4'.
[2025-10-30 13:56:06,551] [INFO] Completion returned and validated from MODEL = 'grok-4'.
[2025-10-30 13:56:07,647] [INFO] Completion returned and validated from MODEL = 'grok-4'.
[2025-10-30 13:56:07,807] [INFO] Completion returned and validated from MODEL = 'grok-4'.
[2025-10-30 13:56:07,825] [INFO] Completion returned and validated from MODEL = 'grok-4'.
[2025-10-30 13:56:09,021] [INFO] Completion returned and validated from MODEL = 'grok-4'.
[2025-10-30 13:56:09,021] [INFO] EXIT: 'DialogueMoveGenerator' calling 'generate' (5.166710615158081 secs).
[2025-10-30 13:56:09,111] [INFO] Completion returned and validated from MODEL = 'grok-4'.
[2025-10-30 13:56:09,111] [INFO] EXIT: 'DialogueMoveGenerator' calling 'generate' (5.257769823074341 secs).
[2025-10-30 13:56:09,643] [INFO] Completion returned and validated from MODEL = 'grok-4'.
[2025-10-30 13:56:09,643] [INFO] EXIT: 'DialogueMoveGenerator' calling 'generate' (5.790890216827393 secs).
[2025-10-30 13:56:09,644] [INFO] ENTER: 'MASPromptGenerator' calling 'persuasiveness_choice'; CURRENT SPEAKER: grok-4_mas, DIALOGUE TURN NUM = 3.
[2025-10-30 13:56:09,644] [INFO] EXIT: 'MASPromptGenerator' calling 'persuasiveness_choice' (9.250640869140625e-05 secs).
[2025-10-30 13:56:10,851] [INFO] Completion returned and validated within 'PersuasivenessChoiceAgent'; MODEL = 'grok-4'; DIALOGUE TURN NUM = 3.
[2025-10-30 13:56:12,105] [INFO] Completion returned and validated within 'PersuasivenessChoiceAgent'; MODEL = 'grok-4'; DIALOGUE TURN NUM = 3.
[2025-10-30 13:56:13,575] [INFO] Completion returned and validated within 'PersuasivenessChoiceAgent'; MODEL = 'grok-4'; DIALOGUE TURN NUM = 3.
[2025-10-30 13:56:15,412] [INFO] Completion returned and validated within 'PersuasivenessChoiceAgent'; MODEL = 'grok-4'; DIALOGUE TURN NUM = 3.
[2025-10-30 13:56:15,413] [INFO] ENTER: 'DisambiguationAgent' calling '_grouping_similar_utterance_types'; CURRENT SPEAKER: grok-4_mas, DIALOGUE TURN NUM = 3.
[2025-10-30 13:56:15,413] [INFO] EXIT: 'DisambiguationAgent' calling '_grouping_similar_utterance_types' (9.775161743164062e-06 secs).
[2025-10-30 13:56:15,413] [INFO] ENTER: 'DisambiguationAgent' calling '_identifying_similar_sentences_and_choosing_one_to_return_to_user'; CURRENT SPEAKER: grok-4_mas, DIALOGUE TURN NUM = 3.
[2025-10-30 13:56:18,672] [INFO] 'DisambiguationAgent' grouped similar sentences, completion returned and validated; MODEL = 'grok-4'.
[2025-10-30 13:56:19,414] [INFO] 'DisambiguationAgent' chose sentences to remove, completion returned and validated from MODEL = 'grok-4'.
[2025-10-30 13:56:20,155] [INFO] 'DisambiguationAgent' chose sentences to remove, completion returned and validated from MODEL = 'grok-4'.
[2025-10-30 13:56:21,046] [INFO] 'DisambiguationAgent' chose sentences to remove, completion returned and validated from MODEL = 'grok-4'.
[2025-10-30 13:56:21,771] [INFO] 'DisambiguationAgent' chose sentences to remove, completion returned and validated from MODEL = 'grok-4'.
[2025-10-30 13:56:23,449] [ERROR] 'DisambiguationAgent' could not choose sentences to remove, completion not validated; MODEL = 'grok-4'; 
 REASON: 

 1 validation error for PersuasivenessChoice
  Invalid JSON: trailing characters at line 3 column 1 [type=json_invalid, input_value='{"Choice": "Why do you r...ument more effectively.', input_type=str]
    For further information visit https://errors.pydantic.dev/2.12/v/json_invalid
[2025-10-30 13:56:24,171] [INFO] 'DisambiguationAgent' chose sentences to remove, completion returned and validated from MODEL = 'grok-4'.
[2025-10-30 13:56:24,879] [INFO] 'DisambiguationAgent' chose sentences to remove, completion returned and validated from MODEL = 'grok-4'.
[2025-10-30 13:56:24,879] [INFO] EXIT: 'DisambiguationAgent' calling '_identifying_similar_sentences_and_choosing_one_to_return_to_user' (9.46621060371399 secs).
[2025-10-30 13:56:24,879] [INFO] ENTER: 'DisambiguationAgent' calling '_removing_repetitive_sentences'; CURRENT SPEAKER: grok-4_mas, DIALOGUE TURN NUM = 3.
[2025-10-30 13:56:24,879] [INFO] EXIT: 'DisambiguationAgent' calling '_removing_repetitive_sentences' (1.2874603271484375e-05 secs).
[2025-10-30 13:56:24,879] [INFO] ENTER: 'DisambiguationAgent' calling '_choose_the_most_persuasive_sentences'; CURRENT SPEAKER: grok-4_mas, DIALOGUE TURN NUM = 3.
[2025-10-30 13:56:26,438] [INFO] 'DisambiguationAgent': reached maximum allowed sentences, succussfully chose most persuasive sentences, completion returned and validated from MODEL = 'grok-4'.
[2025-10-30 13:56:26,439] [INFO] EXIT: 'DisambiguationAgent' calling '_choose_the_most_persuasive_sentences' (1.559396505355835 secs).
[2025-10-30 13:56:26,439] [INFO] ENTER: 'DisambiguationAgent' calling 'return_disambiguated_sentences'; CURRENT SPEAKER: grok-4_mas, DIALOGUE TURN NUM = 3.
[2025-10-30 13:56:26,439] [INFO] EXIT: 'DisambiguationAgent' calling 'return_disambiguated_sentences' (2.86102294921875e-06 secs).
[2025-10-30 13:56:26,439] [ERROR] Wrong state used; State of type HumanState; error message: dict has unexpected extra key(s): "graph_rag_examples", "intermediate_generations", "knowledge_base_ensemble_or_model_name", "model_seed", "model_temp", "model_top_p", "number_of_graph_rag_examples", "number_of_vector_based_rag_examples", "political_position_prob_of_na", "political_position_range", "political_position_std", "speaker_model_name", "speaker_type", "vector_based_persona_string", "vector_based_persona_sys_prompt"
[2025-10-30 13:56:26,440] [INFO] Correct state used; State of type GenerationAgentsState; 'IGNORE THE ABOVE ERRORS'.
[2025-10-30 13:56:26,979] [INFO] 'commitment_update' completed '___Claim___' update for current speaker's commitments; MODEL = 'grok-4'.
[2025-10-30 13:56:27,054] [ERROR] Wrong state used; State of type HumanState; error message: dict has unexpected extra key(s): "graph_rag_examples", "intermediate_generations", "knowledge_base_ensemble_or_model_name", "model_seed", "model_temp", "model_top_p", "number_of_graph_rag_examples", "number_of_vector_based_rag_examples", "political_position_prob_of_na", "political_position_range", "political_position_std", "speaker_model_name", "speaker_type", "vector_based_persona_string", "vector_based_persona_sys_prompt"
[2025-10-30 13:56:27,054] [INFO] Correct state used; State of type GenerationAgentsState; 'IGNORE THE ABOVE ERRORS'.
[2025-10-30 13:56:27,054] [INFO] ENTER: 'UtteranceClassificationAgent' calling '_classify_sentence_utterance_types'; CURRENT SPEAKER: grok-3_mas_rag, DIALOGUE TURN NUM = 4.
[2025-10-30 13:56:27,844] [INFO] 'UtteranceClassificationAgent' completion returned and validated from MODEL = 'ModelName.GROK_3'.
[2025-10-30 13:56:28,725] [INFO] 'UtteranceClassificationAgent' completion returned and validated from MODEL = 'ModelName.GROK_3'.
[2025-10-30 13:56:30,278] [INFO] 'UtteranceClassificationAgent' completion returned and validated from MODEL = 'ModelName.GROK_3'.
[2025-10-30 13:56:31,045] [INFO] 'UtteranceClassificationAgent' completion returned and validated from MODEL = 'ModelName.GROK_3'.
[2025-10-30 13:56:31,764] [INFO] 'UtteranceClassificationAgent' completion returned and validated from MODEL = 'ModelName.GROK_3'.
[2025-10-30 13:56:31,764] [INFO] EXIT: 'UtteranceClassificationAgent' calling '_classify_sentence_utterance_types' (4.709897756576538 secs).
[2025-10-30 13:56:31,764] [INFO] ENTER: 'UtteranceClassificationAgent' calling 'return_classified_sentences'; CURRENT SPEAKER: grok-3_mas_rag, DIALOGUE TURN NUM = 4.
[2025-10-30 13:56:31,764] [INFO] EXIT: 'UtteranceClassificationAgent' calling 'return_classified_sentences' (1.430511474609375e-06 secs).
[2025-10-30 13:56:31,786] [INFO] ENTER: 'GraphRAG' calling 'why'; CURRENT SPEAKER: grok-3_mas_rag, DIALOGUE TURN NUM = 4.
[2025-10-30 13:56:31,786] [INFO] ENTER: 'GraphRAG' calling 'query_graph'; CURRENT SPEAKER: grok-3_mas_rag, DIALOGUE TURN NUM = 4.
[2025-10-30 13:56:32,521] [INFO] EXIT: 'GraphRAG' calling 'query_graph' (0.7351150512695312 secs).
[2025-10-30 13:56:32,521] [INFO] EXIT: 'GraphRAG' calling 'why' (0.7354843616485596 secs).
[2025-10-30 13:56:32,521] [INFO] ENTER: 'GraphRAG' calling 'claim_negation'; CURRENT SPEAKER: grok-3_mas_rag, DIALOGUE TURN NUM = 4.
[2025-10-30 13:56:32,521] [INFO] ENTER: 'GraphRAG' calling 'query_graph'; CURRENT SPEAKER: grok-3_mas_rag, DIALOGUE TURN NUM = 4.
[2025-10-30 13:56:33,226] [INFO] EXIT: 'GraphRAG' calling 'query_graph' (0.7046163082122803 secs).
[2025-10-30 13:56:33,226] [INFO] EXIT: 'GraphRAG' calling 'claim_negation' (0.7050206661224365 secs).
[2025-10-30 13:56:33,226] [INFO] ENTER: 'GraphRAG' calling 'concede'; CURRENT SPEAKER: grok-3_mas_rag, DIALOGUE TURN NUM = 4.
[2025-10-30 13:56:33,227] [INFO] ENTER: 'GraphRAG' calling 'query_graph'; CURRENT SPEAKER: grok-3_mas_rag, DIALOGUE TURN NUM = 4.
[2025-10-30 13:56:33,954] [INFO] EXIT: 'GraphRAG' calling 'query_graph' (0.7272248268127441 secs).
[2025-10-30 13:56:33,954] [INFO] EXIT: 'GraphRAG' calling 'concede' (0.7275910377502441 secs).
[2025-10-30 13:56:33,954] [INFO] ENTER: 'GraphRAG' calling 'question'; CURRENT SPEAKER: grok-3_mas_rag, DIALOGUE TURN NUM = 4.
[2025-10-30 13:56:33,954] [INFO] ENTER: 'GraphRAG' calling 'query_graph'; CURRENT SPEAKER: grok-3_mas_rag, DIALOGUE TURN NUM = 4.
[2025-10-30 13:56:34,093] [INFO] EXIT: 'GraphRAG' calling 'query_graph' (0.13871049880981445 secs).
[2025-10-30 13:56:34,093] [INFO] EXIT: 'GraphRAG' calling 'question' (0.1390998363494873 secs).
[2025-10-30 13:56:34,110] [INFO] ENTER: 'GraphRAG' calling 'why'; CURRENT SPEAKER: grok-3_mas_rag, DIALOGUE TURN NUM = 4.
[2025-10-30 13:56:34,110] [INFO] ENTER: 'GraphRAG' calling 'query_graph'; CURRENT SPEAKER: grok-3_mas_rag, DIALOGUE TURN NUM = 4.
[2025-10-30 13:56:34,838] [INFO] EXIT: 'GraphRAG' calling 'query_graph' (0.7280123233795166 secs).
[2025-10-30 13:56:34,838] [INFO] EXIT: 'GraphRAG' calling 'why' (0.7283985614776611 secs).
[2025-10-30 13:56:34,838] [INFO] ENTER: 'GraphRAG' calling 'claim_negation'; CURRENT SPEAKER: grok-3_mas_rag, DIALOGUE TURN NUM = 4.
[2025-10-30 13:56:34,839] [INFO] ENTER: 'GraphRAG' calling 'query_graph'; CURRENT SPEAKER: grok-3_mas_rag, DIALOGUE TURN NUM = 4.
[2025-10-30 13:56:35,537] [INFO] EXIT: 'GraphRAG' calling 'query_graph' (0.6983649730682373 secs).
[2025-10-30 13:56:35,537] [INFO] EXIT: 'GraphRAG' calling 'claim_negation' (0.6987454891204834 secs).
[2025-10-30 13:56:35,537] [INFO] ENTER: 'GraphRAG' calling 'concede'; CURRENT SPEAKER: grok-3_mas_rag, DIALOGUE TURN NUM = 4.
[2025-10-30 13:56:35,537] [INFO] ENTER: 'GraphRAG' calling 'query_graph'; CURRENT SPEAKER: grok-3_mas_rag, DIALOGUE TURN NUM = 4.
[2025-10-30 13:56:36,265] [INFO] EXIT: 'GraphRAG' calling 'query_graph' (0.7279560565948486 secs).
[2025-10-30 13:56:36,266] [INFO] EXIT: 'GraphRAG' calling 'concede' (0.728325366973877 secs).
[2025-10-30 13:56:36,266] [INFO] ENTER: 'GraphRAG' calling 'question'; CURRENT SPEAKER: grok-3_mas_rag, DIALOGUE TURN NUM = 4.
[2025-10-30 13:56:36,266] [INFO] ENTER: 'GraphRAG' calling 'query_graph'; CURRENT SPEAKER: grok-3_mas_rag, DIALOGUE TURN NUM = 4.
[2025-10-30 13:56:36,403] [INFO] EXIT: 'GraphRAG' calling 'query_graph' (0.13714218139648438 secs).
[2025-10-30 13:56:36,403] [INFO] EXIT: 'GraphRAG' calling 'question' (0.1374824047088623 secs).
[2025-10-30 13:56:36,421] [INFO] ENTER: 'GraphRAG' calling 'why'; CURRENT SPEAKER: grok-3_mas_rag, DIALOGUE TURN NUM = 4.
[2025-10-30 13:56:36,421] [INFO] ENTER: 'GraphRAG' calling 'query_graph'; CURRENT SPEAKER: grok-3_mas_rag, DIALOGUE TURN NUM = 4.
[2025-10-30 13:56:37,145] [INFO] EXIT: 'GraphRAG' calling 'query_graph' (0.7238869667053223 secs).
[2025-10-30 13:56:37,145] [INFO] EXIT: 'GraphRAG' calling 'why' (0.7242205142974854 secs).
[2025-10-30 13:56:37,145] [INFO] ENTER: 'GraphRAG' calling 'claim_negation'; CURRENT SPEAKER: grok-3_mas_rag, DIALOGUE TURN NUM = 4.
[2025-10-30 13:56:37,145] [INFO] ENTER: 'GraphRAG' calling 'query_graph'; CURRENT SPEAKER: grok-3_mas_rag, DIALOGUE TURN NUM = 4.
[2025-10-30 13:56:37,844] [INFO] EXIT: 'GraphRAG' calling 'query_graph' (0.6986994743347168 secs).
[2025-10-30 13:56:37,844] [INFO] EXIT: 'GraphRAG' calling 'claim_negation' (0.6990711688995361 secs).
[2025-10-30 13:56:37,844] [INFO] ENTER: 'GraphRAG' calling 'concede'; CURRENT SPEAKER: grok-3_mas_rag, DIALOGUE TURN NUM = 4.
[2025-10-30 13:56:37,844] [INFO] ENTER: 'GraphRAG' calling 'query_graph'; CURRENT SPEAKER: grok-3_mas_rag, DIALOGUE TURN NUM = 4.
[2025-10-30 13:56:38,571] [INFO] EXIT: 'GraphRAG' calling 'query_graph' (0.7268164157867432 secs).
[2025-10-30 13:56:38,571] [INFO] EXIT: 'GraphRAG' calling 'concede' (0.7271733283996582 secs).
[2025-10-30 13:56:38,571] [INFO] ENTER: 'GraphRAG' calling 'question'; CURRENT SPEAKER: grok-3_mas_rag, DIALOGUE TURN NUM = 4.
[2025-10-30 13:56:38,572] [INFO] ENTER: 'GraphRAG' calling 'query_graph'; CURRENT SPEAKER: grok-3_mas_rag, DIALOGUE TURN NUM = 4.
[2025-10-30 13:56:38,706] [INFO] EXIT: 'GraphRAG' calling 'query_graph' (0.1342940330505371 secs).
[2025-10-30 13:56:38,706] [INFO] EXIT: 'GraphRAG' calling 'question' (0.13462615013122559 secs).
[2025-10-30 13:56:38,723] [INFO] ENTER: 'GraphRAG' calling 'since'; CURRENT SPEAKER: grok-3_mas_rag, DIALOGUE TURN NUM = 4.
[2025-10-30 13:56:38,723] [INFO] ENTER: 'GraphRAG' calling 'query_graph'; CURRENT SPEAKER: grok-3_mas_rag, DIALOGUE TURN NUM = 4.
[2025-10-30 13:56:38,751] [INFO] EXIT: 'GraphRAG' calling 'query_graph' (0.02783656120300293 secs).
[2025-10-30 13:56:38,751] [INFO] EXIT: 'GraphRAG' calling 'since' (0.028187274932861328 secs).
[2025-10-30 13:56:38,751] [INFO] ENTER: 'GraphRAG' calling 'claim'; CURRENT SPEAKER: grok-3_mas_rag, DIALOGUE TURN NUM = 4.
[2025-10-30 13:56:38,752] [INFO] ENTER: 'GraphRAG' calling 'query_graph'; CURRENT SPEAKER: grok-3_mas_rag, DIALOGUE TURN NUM = 4.
[2025-10-30 13:56:38,773] [INFO] EXIT: 'GraphRAG' calling 'query_graph' (0.02170252799987793 secs).
[2025-10-30 13:56:38,773] [INFO] EXIT: 'GraphRAG' calling 'claim' (0.022058486938476562 secs).
[2025-10-30 13:56:38,790] [INFO] ENTER: 'GraphRAG' calling 'since'; CURRENT SPEAKER: grok-3_mas_rag, DIALOGUE TURN NUM = 4.
[2025-10-30 13:56:38,790] [INFO] ENTER: 'GraphRAG' calling 'query_graph'; CURRENT SPEAKER: grok-3_mas_rag, DIALOGUE TURN NUM = 4.
[2025-10-30 13:56:38,818] [INFO] EXIT: 'GraphRAG' calling 'query_graph' (0.027611494064331055 secs).
[2025-10-30 13:56:38,818] [INFO] EXIT: 'GraphRAG' calling 'since' (0.027970314025878906 secs).
[2025-10-30 13:56:38,818] [INFO] ENTER: 'GraphRAG' calling 'claim'; CURRENT SPEAKER: grok-3_mas_rag, DIALOGUE TURN NUM = 4.
[2025-10-30 13:56:38,818] [INFO] ENTER: 'GraphRAG' calling 'query_graph'; CURRENT SPEAKER: grok-3_mas_rag, DIALOGUE TURN NUM = 4.
[2025-10-30 13:56:38,841] [INFO] EXIT: 'GraphRAG' calling 'query_graph' (0.022784948348999023 secs).
[2025-10-30 13:56:38,841] [INFO] EXIT: 'GraphRAG' calling 'claim' (0.023149728775024414 secs).
[2025-10-30 13:56:38,841] [INFO] ENTER: 'GraphRAG' calling 'return_rag_examples'; CURRENT SPEAKER: grok-3_mas_rag, DIALOGUE TURN NUM = 4.
[2025-10-30 13:56:38,841] [INFO] EXIT: 'GraphRAG' calling 'return_rag_examples' (2.384185791015625e-06 secs).
[2025-10-30 13:56:38,844] [INFO] ENTER: 'DialogueMoveGenerator' calling 'generate'; CURRENT SPEAKER: grok-3_mas_rag, DIALOGUE TURN NUM = 4.
[2025-10-30 13:56:38,844] [INFO] ENTER: 'MASPromptGenerator' calling 'claim'; CURRENT SPEAKER: grok-3_mas_rag, DIALOGUE TURN NUM = 4.
[2025-10-30 13:56:38,844] [INFO] EXIT: 'MASPromptGenerator' calling 'claim' (4.76837158203125e-05 secs).
[2025-10-30 13:56:38,845] [INFO] ENTER: 'DialogueMoveGenerator' calling 'generate'; CURRENT SPEAKER: grok-3_mas_rag, DIALOGUE TURN NUM = 4.
[2025-10-30 13:56:38,845] [INFO] ENTER: 'MASPromptGenerator' calling 'claim_negation'; CURRENT SPEAKER: grok-3_mas_rag, DIALOGUE TURN NUM = 4.
[2025-10-30 13:56:38,845] [INFO] EXIT: 'MASPromptGenerator' calling 'claim_negation' (0.00014352798461914062 secs).
[2025-10-30 13:56:38,846] [INFO] ENTER: 'DialogueMoveGenerator' calling 'generate'; CURRENT SPEAKER: grok-3_mas_rag, DIALOGUE TURN NUM = 4.
[2025-10-30 13:56:38,846] [INFO] ENTER: 'MASPromptGenerator' calling 'concede_claim'; CURRENT SPEAKER: grok-3_mas_rag, DIALOGUE TURN NUM = 4.
[2025-10-30 13:56:38,847] [INFO] EXIT: 'MASPromptGenerator' calling 'concede_claim' (9.655952453613281e-05 secs).
[2025-10-30 13:56:38,848] [INFO] ENTER: 'DialogueMoveGenerator' calling 'generate'; CURRENT SPEAKER: grok-3_mas_rag, DIALOGUE TURN NUM = 4.
[2025-10-30 13:56:38,848] [INFO] ENTER: 'DialogueMoveGenerator' calling 'generate'; CURRENT SPEAKER: grok-3_mas_rag, DIALOGUE TURN NUM = 4.
[2025-10-30 13:56:38,848] [INFO] ENTER: 'MASPromptGenerator' calling 'question_claim'; CURRENT SPEAKER: grok-3_mas_rag, DIALOGUE TURN NUM = 4.
[2025-10-30 13:56:38,849] [INFO] ENTER: 'DialogueMoveGenerator' calling 'generate'; CURRENT SPEAKER: grok-3_mas_rag, DIALOGUE TURN NUM = 4.
[2025-10-30 13:56:38,849] [INFO] ENTER: 'MASPromptGenerator' calling 'retract_claim'; CURRENT SPEAKER: grok-3_mas_rag, DIALOGUE TURN NUM = 4.
[2025-10-30 13:56:38,849] [INFO] ENTER: 'DialogueMoveGenerator' calling 'generate'; CURRENT SPEAKER: grok-3_mas_rag, DIALOGUE TURN NUM = 4.
[2025-10-30 13:56:38,849] [INFO] EXIT: 'MASPromptGenerator' calling 'question_claim' (8.96453857421875e-05 secs).
[2025-10-30 13:56:38,849] [INFO] ENTER: 'MASPromptGenerator' calling 'since_claim'; CURRENT SPEAKER: grok-3_mas_rag, DIALOGUE TURN NUM = 4.
[2025-10-30 13:56:38,849] [INFO] EXIT: 'MASPromptGenerator' calling 'retract_claim' (3.790855407714844e-05 secs).
[2025-10-30 13:56:38,849] [INFO] ENTER: 'MASPromptGenerator' calling 'why_claim'; CURRENT SPEAKER: grok-3_mas_rag, DIALOGUE TURN NUM = 4.
[2025-10-30 13:56:38,850] [INFO] EXIT: 'MASPromptGenerator' calling 'since_claim' (3.552436828613281e-05 secs).
[2025-10-30 13:56:38,850] [INFO] EXIT: 'MASPromptGenerator' calling 'why_claim' (8.130073547363281e-05 secs).
[2025-10-30 13:56:44,104] [INFO] Completion returned and validated from MODEL = 'grok-3'.
[2025-10-30 13:56:44,192] [INFO] Completion returned and validated from MODEL = 'grok-3'.
[2025-10-30 13:56:45,613] [INFO] Completion returned and validated from MODEL = 'grok-3'.
[2025-10-30 13:56:46,420] [INFO] Completion returned and validated from MODEL = 'grok-3'.
[2025-10-30 13:56:46,611] [INFO] Completion returned and validated from MODEL = 'grok-3'.
[2025-10-30 13:56:47,202] [INFO] Completion returned and validated from MODEL = 'grok-3'.
[2025-10-30 13:56:47,375] [INFO] Completion returned and validated from MODEL = 'grok-3'.
[2025-10-30 13:56:48,974] [INFO] Completion returned and validated from MODEL = 'grok-3'.
[2025-10-30 13:56:52,474] [INFO] Completion returned and validated from MODEL = 'grok-3'.
[2025-10-30 13:56:52,605] [INFO] Completion returned and validated from MODEL = 'grok-3'.
[2025-10-30 13:56:52,605] [INFO] EXIT: 'DialogueMoveGenerator' calling 'generate' (13.756418704986572 secs).
[2025-10-30 13:56:52,813] [INFO] Completion returned and validated from MODEL = 'grok-3'.
[2025-10-30 13:56:53,199] [INFO] Completion returned and validated from MODEL = 'grok-3'.
[2025-10-30 13:56:53,199] [INFO] EXIT: 'DialogueMoveGenerator' calling 'generate' (14.350192070007324 secs).
[2025-10-30 13:56:53,280] [INFO] Completion returned and validated from MODEL = 'grok-3'.
[2025-10-30 13:56:53,280] [INFO] EXIT: 'DialogueMoveGenerator' calling 'generate' (14.433977842330933 secs).
[2025-10-30 13:56:53,574] [INFO] Completion returned and validated from MODEL = 'grok-3'.
[2025-10-30 13:56:54,933] [INFO] Completion returned and validated from MODEL = 'grok-3'.
[2025-10-30 13:56:54,933] [INFO] EXIT: 'DialogueMoveGenerator' calling 'generate' (16.08883285522461 secs).
[2025-10-30 13:56:58,970] [INFO] Completion returned and validated from MODEL = 'grok-3'.
[2025-10-30 13:56:58,970] [INFO] EXIT: 'DialogueMoveGenerator' calling 'generate' (20.121379375457764 secs).
[2025-10-30 13:56:59,117] [INFO] Completion returned and validated from MODEL = 'grok-3'.
[2025-10-30 13:56:59,117] [INFO] EXIT: 'DialogueMoveGenerator' calling 'generate' (20.271886587142944 secs).
[2025-10-30 13:57:00,308] [INFO] Completion returned and validated from MODEL = 'grok-3'.
[2025-10-30 13:57:00,308] [INFO] EXIT: 'DialogueMoveGenerator' calling 'generate' (21.459167003631592 secs).
[2025-10-30 13:57:00,309] [INFO] ENTER: 'MASPromptGenerator' calling 'persuasiveness_choice'; CURRENT SPEAKER: grok-3_mas_rag, DIALOGUE TURN NUM = 4.
[2025-10-30 13:57:00,309] [INFO] EXIT: 'MASPromptGenerator' calling 'persuasiveness_choice' (0.0001671314239501953 secs).
[2025-10-30 13:57:07,302] [INFO] Completion returned and validated within 'PersuasivenessChoiceAgent'; MODEL = 'grok-3'; DIALOGUE TURN NUM = 4.
[2025-10-30 13:57:12,897] [INFO] Completion returned and validated within 'PersuasivenessChoiceAgent'; MODEL = 'grok-3'; DIALOGUE TURN NUM = 4.
[2025-10-30 13:57:17,364] [INFO] Completion returned and validated within 'PersuasivenessChoiceAgent'; MODEL = 'grok-3'; DIALOGUE TURN NUM = 4.
[2025-10-30 13:57:25,538] [INFO] Completion returned and validated within 'PersuasivenessChoiceAgent'; MODEL = 'grok-3'; DIALOGUE TURN NUM = 4.
[2025-10-30 13:57:30,054] [INFO] Completion returned and validated within 'PersuasivenessChoiceAgent'; MODEL = 'grok-3'; DIALOGUE TURN NUM = 4.
[2025-10-30 13:57:30,054] [INFO] ENTER: 'DisambiguationAgent' calling '_grouping_similar_utterance_types'; CURRENT SPEAKER: grok-3_mas_rag, DIALOGUE TURN NUM = 4.
[2025-10-30 13:57:30,054] [INFO] EXIT: 'DisambiguationAgent' calling '_grouping_similar_utterance_types' (1.049041748046875e-05 secs).
[2025-10-30 13:57:30,054] [INFO] ENTER: 'DisambiguationAgent' calling '_identifying_similar_sentences_and_choosing_one_to_return_to_user'; CURRENT SPEAKER: grok-3_mas_rag, DIALOGUE TURN NUM = 4.
[2025-10-30 13:57:51,394] [INFO] 'DisambiguationAgent' grouped similar sentences, completion returned and validated; MODEL = 'grok-3'.
[2025-10-30 13:57:56,305] [INFO] 'DisambiguationAgent' chose sentences to remove, completion returned and validated from MODEL = 'grok-3'.
[2025-10-30 13:57:57,720] [INFO] 'DisambiguationAgent' chose sentences to remove, completion returned and validated from MODEL = 'grok-3'.
[2025-10-30 13:57:59,167] [INFO] 'DisambiguationAgent' chose sentences to remove, completion returned and validated from MODEL = 'grok-3'.
[2025-10-30 13:58:01,189] [INFO] 'DisambiguationAgent' chose sentences to remove, completion returned and validated from MODEL = 'grok-3'.
[2025-10-30 13:58:02,463] [INFO] 'DisambiguationAgent' chose sentences to remove, completion returned and validated from MODEL = 'grok-3'.
[2025-10-30 13:58:02,463] [INFO] EXIT: 'DisambiguationAgent' calling '_identifying_similar_sentences_and_choosing_one_to_return_to_user' (32.408445596694946 secs).
[2025-10-30 13:58:02,463] [INFO] ENTER: 'DisambiguationAgent' calling '_identifying_similar_sentences_and_choosing_one_to_return_to_user'; CURRENT SPEAKER: grok-3_mas_rag, DIALOGUE TURN NUM = 4.
[2025-10-30 13:58:05,741] [INFO] 'DisambiguationAgent' grouped similar sentences, completion returned and validated; MODEL = 'grok-3'.
[2025-10-30 13:58:07,478] [INFO] 'DisambiguationAgent' chose sentences to remove, completion returned and validated from MODEL = 'grok-3'.
[2025-10-30 13:58:07,478] [INFO] EXIT: 'DisambiguationAgent' calling '_identifying_similar_sentences_and_choosing_one_to_return_to_user' (5.015089988708496 secs).
[2025-10-30 13:58:07,478] [INFO] ENTER: 'DisambiguationAgent' calling '_removing_repetitive_sentences'; CURRENT SPEAKER: grok-3_mas_rag, DIALOGUE TURN NUM = 4.
[2025-10-30 13:58:07,478] [INFO] EXIT: 'DisambiguationAgent' calling '_removing_repetitive_sentences' (2.8133392333984375e-05 secs).
[2025-10-30 13:58:07,478] [INFO] ENTER: 'DisambiguationAgent' calling '_choose_the_most_persuasive_sentences'; CURRENT SPEAKER: grok-3_mas_rag, DIALOGUE TURN NUM = 4.
[2025-10-30 13:58:12,388] [INFO] 'DisambiguationAgent': reached maximum allowed sentences, succussfully chose most persuasive sentences, completion returned and validated from MODEL = 'grok-3'.
[2025-10-30 13:58:12,388] [INFO] EXIT: 'DisambiguationAgent' calling '_choose_the_most_persuasive_sentences' (4.910165071487427 secs).
[2025-10-30 13:58:12,388] [INFO] ENTER: 'DisambiguationAgent' calling 'return_disambiguated_sentences'; CURRENT SPEAKER: grok-3_mas_rag, DIALOGUE TURN NUM = 4.
[2025-10-30 13:58:12,388] [INFO] EXIT: 'DisambiguationAgent' calling 'return_disambiguated_sentences' (2.6226043701171875e-06 secs).
[2025-10-30 13:58:12,389] [ERROR] Wrong state used; State of type HumanState; error message: dict has unexpected extra key(s): "graph_rag_examples", "intermediate_generations", "knowledge_base_ensemble_or_model_name", "model_seed", "model_temp", "model_top_p", "number_of_graph_rag_examples", "number_of_vector_based_rag_examples", "political_position_prob_of_na", "political_position_range", "political_position_std", "speaker_model_name", "speaker_type", "vector_based_persona_string", "vector_based_persona_sys_prompt"
[2025-10-30 13:58:12,389] [INFO] Correct state used; State of type GenerationAgentsState; 'IGNORE THE ABOVE ERRORS'.
[2025-10-30 13:58:13,102] [INFO] 'commitment_update' completed '___Claim___' update for current speaker's commitments; MODEL = 'grok-3'.
[2025-10-30 13:58:14,002] [INFO] 'commitment_update' completed '___Claim___' update for current speaker's commitments; MODEL = 'grok-3'.
[2025-10-30 13:58:16,104] [INFO] 'commitment_update' completed '___Since___' update; MODEL = 'grok-3'.
[2025-10-30 13:58:16,827] [INFO] 'commitment_update' completed '___Claim___' update for current speaker's commitments; MODEL = 'grok-3'.
[2025-10-30 13:58:16,906] [ERROR] Wrong state used; State of type HumanState; error message: dict has unexpected extra key(s): "graph_rag_examples", "intermediate_generations", "knowledge_base_ensemble_or_model_name", "model_seed", "model_temp", "model_top_p", "number_of_graph_rag_examples", "number_of_vector_based_rag_examples", "political_position_prob_of_na", "political_position_range", "political_position_std", "speaker_model_name", "speaker_type", "vector_based_persona_string", "vector_based_persona_sys_prompt"
[2025-10-30 13:58:16,906] [INFO] Correct state used; State of type GenerationAgentsState; 'IGNORE THE ABOVE ERRORS'.
[2025-10-30 13:58:16,906] [INFO] ENTER: 'UtteranceClassificationAgent' calling '_classify_sentence_utterance_types'; CURRENT SPEAKER: grok-4_mas, DIALOGUE TURN NUM = 5.
[2025-10-30 13:58:17,518] [INFO] 'UtteranceClassificationAgent' completion returned and validated from MODEL = 'ModelName.GROK_4'.
[2025-10-30 13:58:18,224] [INFO] 'UtteranceClassificationAgent' completion returned and validated from MODEL = 'ModelName.GROK_4'.
[2025-10-30 13:58:18,748] [INFO] 'UtteranceClassificationAgent' completion returned and validated from MODEL = 'ModelName.GROK_4'.
[2025-10-30 13:58:19,292] [INFO] 'UtteranceClassificationAgent' completion returned and validated from MODEL = 'ModelName.GROK_4'.
[2025-10-30 13:58:19,815] [INFO] 'UtteranceClassificationAgent' completion returned and validated from MODEL = 'ModelName.GROK_4'.
[2025-10-30 13:58:19,815] [INFO] EXIT: 'UtteranceClassificationAgent' calling '_classify_sentence_utterance_types' (2.908738136291504 secs).
[2025-10-30 13:58:19,815] [INFO] ENTER: 'UtteranceClassificationAgent' calling 'return_classified_sentences'; CURRENT SPEAKER: grok-4_mas, DIALOGUE TURN NUM = 5.
[2025-10-30 13:58:19,815] [INFO] EXIT: 'UtteranceClassificationAgent' calling 'return_classified_sentences' (2.384185791015625e-06 secs).
[2025-10-30 13:58:19,819] [INFO] ENTER: 'DialogueMoveGenerator' calling 'generate'; CURRENT SPEAKER: grok-4_mas, DIALOGUE TURN NUM = 5.
[2025-10-30 13:58:19,819] [INFO] ENTER: 'MASPromptGenerator' calling 'claim'; CURRENT SPEAKER: grok-4_mas, DIALOGUE TURN NUM = 5.
[2025-10-30 13:58:19,819] [INFO] EXIT: 'MASPromptGenerator' calling 'claim' (4.839897155761719e-05 secs).
[2025-10-30 13:58:19,820] [INFO] ENTER: 'DialogueMoveGenerator' calling 'generate'; CURRENT SPEAKER: grok-4_mas, DIALOGUE TURN NUM = 5.
[2025-10-30 13:58:19,820] [INFO] ENTER: 'MASPromptGenerator' calling 'claim_negation'; CURRENT SPEAKER: grok-4_mas, DIALOGUE TURN NUM = 5.
[2025-10-30 13:58:19,820] [INFO] EXIT: 'MASPromptGenerator' calling 'claim_negation' (4.3392181396484375e-05 secs).
[2025-10-30 13:58:19,820] [INFO] ENTER: 'DialogueMoveGenerator' calling 'generate'; CURRENT SPEAKER: grok-4_mas, DIALOGUE TURN NUM = 5.
[2025-10-30 13:58:19,820] [INFO] ENTER: 'MASPromptGenerator' calling 'concede_claim'; CURRENT SPEAKER: grok-4_mas, DIALOGUE TURN NUM = 5.
[2025-10-30 13:58:19,820] [INFO] EXIT: 'MASPromptGenerator' calling 'concede_claim' (4.6253204345703125e-05 secs).
[2025-10-30 13:58:19,821] [INFO] ENTER: 'DialogueMoveGenerator' calling 'generate'; CURRENT SPEAKER: grok-4_mas, DIALOGUE TURN NUM = 5.
[2025-10-30 13:58:19,821] [INFO] ENTER: 'MASPromptGenerator' calling 'question_claim'; CURRENT SPEAKER: grok-4_mas, DIALOGUE TURN NUM = 5.
[2025-10-30 13:58:19,821] [INFO] EXIT: 'MASPromptGenerator' calling 'question_claim' (4.553794860839844e-05 secs).
[2025-10-30 13:58:19,823] [INFO] ENTER: 'DialogueMoveGenerator' calling 'generate'; CURRENT SPEAKER: grok-4_mas, DIALOGUE TURN NUM = 5.
[2025-10-30 13:58:19,823] [INFO] ENTER: 'MASPromptGenerator' calling 'retract_claim'; CURRENT SPEAKER: grok-4_mas, DIALOGUE TURN NUM = 5.
[2025-10-30 13:58:19,823] [INFO] EXIT: 'MASPromptGenerator' calling 'retract_claim' (3.314018249511719e-05 secs).
[2025-10-30 13:58:19,824] [INFO] ENTER: 'DialogueMoveGenerator' calling 'generate'; CURRENT SPEAKER: grok-4_mas, DIALOGUE TURN NUM = 5.
[2025-10-30 13:58:19,824] [INFO] ENTER: 'MASPromptGenerator' calling 'since_claim'; CURRENT SPEAKER: grok-4_mas, DIALOGUE TURN NUM = 5.
[2025-10-30 13:58:19,824] [INFO] EXIT: 'MASPromptGenerator' calling 'since_claim' (4.0531158447265625e-05 secs).
[2025-10-30 13:58:19,825] [INFO] ENTER: 'DialogueMoveGenerator' calling 'generate'; CURRENT SPEAKER: grok-4_mas, DIALOGUE TURN NUM = 5.
[2025-10-30 13:58:19,825] [INFO] ENTER: 'MASPromptGenerator' calling 'why_claim'; CURRENT SPEAKER: grok-4_mas, DIALOGUE TURN NUM = 5.
[2025-10-30 13:58:19,825] [INFO] EXIT: 'MASPromptGenerator' calling 'why_claim' (3.361701965332031e-05 secs).
[2025-10-30 13:58:21,296] [INFO] Completion returned and validated from MODEL = 'grok-4'.
[2025-10-30 13:58:21,410] [INFO] Completion returned and validated from MODEL = 'grok-4'.
[2025-10-30 13:58:21,464] [INFO] Completion returned and validated from MODEL = 'grok-4'.
[2025-10-30 13:58:21,500] [INFO] Completion returned and validated from MODEL = 'grok-4'.
[2025-10-30 13:58:21,521] [INFO] Completion returned and validated from MODEL = 'grok-4'.
[2025-10-30 13:58:21,521] [INFO] EXIT: 'DialogueMoveGenerator' calling 'generate' (1.6982524394989014 secs).
[2025-10-30 13:58:21,546] [INFO] Completion returned and validated from MODEL = 'grok-4'.
[2025-10-30 13:58:21,546] [INFO] EXIT: 'DialogueMoveGenerator' calling 'generate' (1.7269871234893799 secs).
[2025-10-30 13:58:21,589] [INFO] Completion returned and validated from MODEL = 'grok-4'.
[2025-10-30 13:58:21,589] [INFO] EXIT: 'DialogueMoveGenerator' calling 'generate' (1.7650599479675293 secs).
[2025-10-30 13:58:22,479] [INFO] Completion returned and validated from MODEL = 'grok-4'.
[2025-10-30 13:58:22,699] [INFO] Completion returned and validated from MODEL = 'grok-4'.
[2025-10-30 13:58:22,807] [INFO] Completion returned and validated from MODEL = 'grok-4'.
[2025-10-30 13:58:22,839] [INFO] Completion returned and validated from MODEL = 'grok-4'.
[2025-10-30 13:58:23,789] [INFO] Completion returned and validated from MODEL = 'grok-4'.
[2025-10-30 13:58:24,120] [INFO] Completion returned and validated from MODEL = 'grok-4'.
[2025-10-30 13:58:24,148] [INFO] Completion returned and validated from MODEL = 'grok-4'.
[2025-10-30 13:58:24,202] [INFO] Completion returned and validated from MODEL = 'grok-4'.
[2025-10-30 13:58:25,049] [INFO] Completion returned and validated from MODEL = 'grok-4'.
[2025-10-30 13:58:25,049] [INFO] EXIT: 'DialogueMoveGenerator' calling 'generate' (5.228959560394287 secs).
[2025-10-30 13:58:25,422] [INFO] Completion returned and validated from MODEL = 'grok-4'.
[2025-10-30 13:58:25,422] [INFO] EXIT: 'DialogueMoveGenerator' calling 'generate' (5.596865177154541 secs).
[2025-10-30 13:58:25,452] [INFO] Completion returned and validated from MODEL = 'grok-4'.
[2025-10-30 13:58:25,452] [INFO] EXIT: 'DialogueMoveGenerator' calling 'generate' (5.630448341369629 secs).
[2025-10-30 13:58:25,491] [INFO] Completion returned and validated from MODEL = 'grok-4'.
[2025-10-30 13:58:25,491] [INFO] EXIT: 'DialogueMoveGenerator' calling 'generate' (5.671473741531372 secs).
[2025-10-30 13:58:25,492] [INFO] ENTER: 'MASPromptGenerator' calling 'persuasiveness_choice'; CURRENT SPEAKER: grok-4_mas, DIALOGUE TURN NUM = 5.
[2025-10-30 13:58:25,492] [INFO] EXIT: 'MASPromptGenerator' calling 'persuasiveness_choice' (0.00014066696166992188 secs).
[2025-10-30 13:58:26,971] [INFO] Completion returned and validated within 'PersuasivenessChoiceAgent'; MODEL = 'grok-4'; DIALOGUE TURN NUM = 5.
[2025-10-30 13:58:28,977] [INFO] Completion returned and validated within 'PersuasivenessChoiceAgent'; MODEL = 'grok-4'; DIALOGUE TURN NUM = 5.
[2025-10-30 13:58:30,957] [INFO] Completion returned and validated within 'PersuasivenessChoiceAgent'; MODEL = 'grok-4'; DIALOGUE TURN NUM = 5.
[2025-10-30 13:58:32,801] [INFO] Completion returned and validated within 'PersuasivenessChoiceAgent'; MODEL = 'grok-4'; DIALOGUE TURN NUM = 5.
[2025-10-30 13:58:34,397] [INFO] Completion returned and validated within 'PersuasivenessChoiceAgent'; MODEL = 'grok-4'; DIALOGUE TURN NUM = 5.
[2025-10-30 13:58:34,398] [INFO] ENTER: 'DisambiguationAgent' calling '_grouping_similar_utterance_types'; CURRENT SPEAKER: grok-4_mas, DIALOGUE TURN NUM = 5.
[2025-10-30 13:58:34,398] [INFO] EXIT: 'DisambiguationAgent' calling '_grouping_similar_utterance_types' (1.1682510375976562e-05 secs).
[2025-10-30 13:58:34,398] [INFO] ENTER: 'DisambiguationAgent' calling '_identifying_similar_sentences_and_choosing_one_to_return_to_user'; CURRENT SPEAKER: grok-4_mas, DIALOGUE TURN NUM = 5.
[2025-10-30 13:58:37,973] [INFO] 'DisambiguationAgent' grouped similar sentences, completion returned and validated; MODEL = 'grok-4'.
[2025-10-30 13:58:38,748] [INFO] 'DisambiguationAgent' chose sentences to remove, completion returned and validated from MODEL = 'grok-4'.
[2025-10-30 13:58:39,500] [INFO] 'DisambiguationAgent' chose sentences to remove, completion returned and validated from MODEL = 'grok-4'.
[2025-10-30 13:58:40,233] [INFO] 'DisambiguationAgent' chose sentences to remove, completion returned and validated from MODEL = 'grok-4'.
[2025-10-30 13:58:41,076] [INFO] 'DisambiguationAgent' chose sentences to remove, completion returned and validated from MODEL = 'grok-4'.
[2025-10-30 13:58:41,861] [INFO] 'DisambiguationAgent' chose sentences to remove, completion returned and validated from MODEL = 'grok-4'.
[2025-10-30 13:58:41,861] [INFO] EXIT: 'DisambiguationAgent' calling '_identifying_similar_sentences_and_choosing_one_to_return_to_user' (7.463012218475342 secs).
[2025-10-30 13:58:41,861] [INFO] ENTER: 'DisambiguationAgent' calling '_identifying_similar_sentences_and_choosing_one_to_return_to_user'; CURRENT SPEAKER: grok-4_mas, DIALOGUE TURN NUM = 5.
[2025-10-30 13:58:44,295] [INFO] 'DisambiguationAgent' grouped similar sentences, completion returned and validated; MODEL = 'grok-4'.
[2025-10-30 13:58:45,203] [INFO] 'DisambiguationAgent' chose sentences to remove, completion returned and validated from MODEL = 'grok-4'.
[2025-10-30 13:58:48,192] [ERROR] 'DisambiguationAgent' could not choose sentences to remove, completion not validated; MODEL = 'grok-4'; 
 REASON: 

 1 validation error for PersuasivenessChoice
  Invalid JSON: trailing characters at line 3 column 1 [type=json_invalid, input_value='{"Choice": "Why do you i...liar with such systems.', input_type=str]
    For further information visit https://errors.pydantic.dev/2.12/v/json_invalid
[2025-10-30 13:58:48,937] [INFO] 'DisambiguationAgent' chose sentences to remove, completion returned and validated from MODEL = 'grok-4'.
[2025-10-30 13:58:48,937] [INFO] EXIT: 'DisambiguationAgent' calling '_identifying_similar_sentences_and_choosing_one_to_return_to_user' (7.076453447341919 secs).
[2025-10-30 13:58:48,937] [INFO] ENTER: 'DisambiguationAgent' calling '_removing_repetitive_sentences'; CURRENT SPEAKER: grok-4_mas, DIALOGUE TURN NUM = 5.
[2025-10-30 13:58:48,937] [INFO] EXIT: 'DisambiguationAgent' calling '_removing_repetitive_sentences' (1.6689300537109375e-05 secs).
[2025-10-30 13:58:48,938] [INFO] ENTER: 'DisambiguationAgent' calling '_choose_the_most_persuasive_sentences'; CURRENT SPEAKER: grok-4_mas, DIALOGUE TURN NUM = 5.
[2025-10-30 13:58:50,413] [INFO] 'DisambiguationAgent': reached maximum allowed sentences, succussfully chose most persuasive sentences, completion returned and validated from MODEL = 'grok-4'.
[2025-10-30 13:58:50,413] [INFO] EXIT: 'DisambiguationAgent' calling '_choose_the_most_persuasive_sentences' (1.4753005504608154 secs).
[2025-10-30 13:58:50,413] [INFO] ENTER: 'DisambiguationAgent' calling 'return_disambiguated_sentences'; CURRENT SPEAKER: grok-4_mas, DIALOGUE TURN NUM = 5.
[2025-10-30 13:58:50,413] [INFO] EXIT: 'DisambiguationAgent' calling 'return_disambiguated_sentences' (2.384185791015625e-06 secs).
[2025-10-30 13:58:50,413] [ERROR] Wrong state used; State of type HumanState; error message: dict has unexpected extra key(s): "graph_rag_examples", "intermediate_generations", "knowledge_base_ensemble_or_model_name", "model_seed", "model_temp", "model_top_p", "number_of_graph_rag_examples", "number_of_vector_based_rag_examples", "political_position_prob_of_na", "political_position_range", "political_position_std", "speaker_model_name", "speaker_type", "vector_based_persona_string", "vector_based_persona_sys_prompt"
[2025-10-30 13:58:50,414] [INFO] Correct state used; State of type GenerationAgentsState; 'IGNORE THE ABOVE ERRORS'.
[2025-10-30 13:58:50,963] [INFO] 'commitment_update' completed '___Claim___' update for current speaker's commitments; MODEL = 'grok-4'.
[2025-10-30 13:58:51,497] [INFO] 'commitment_update' completed '___Claim___' update for current speaker's commitments; MODEL = 'grok-4'.
[2025-10-30 13:58:52,035] [INFO] 'commitment_update' completed '___Claim___' update for current speaker's commitments; MODEL = 'grok-4'.
[2025-10-30 13:58:52,608] [INFO] 'commitment_update' completed '___Claim___' update for current speaker's commitments; MODEL = 'grok-4'.
[2025-10-30 13:58:52,673] [ERROR] Wrong state used; State of type HumanState; error message: dict has unexpected extra key(s): "graph_rag_examples", "intermediate_generations", "knowledge_base_ensemble_or_model_name", "model_seed", "model_temp", "model_top_p", "number_of_graph_rag_examples", "number_of_vector_based_rag_examples", "political_position_prob_of_na", "political_position_range", "political_position_std", "speaker_model_name", "speaker_type", "vector_based_persona_string", "vector_based_persona_sys_prompt"
[2025-10-30 13:58:52,673] [INFO] Correct state used; State of type GenerationAgentsState; 'IGNORE THE ABOVE ERRORS'.
[2025-10-30 13:58:52,673] [INFO] ENTER: 'UtteranceClassificationAgent' calling '_classify_sentence_utterance_types'; CURRENT SPEAKER: grok-3_mas_rag, DIALOGUE TURN NUM = 6.
[2025-10-30 13:58:53,748] [INFO] 'UtteranceClassificationAgent' completion returned and validated from MODEL = 'ModelName.GROK_3'.
[2025-10-30 13:58:54,787] [INFO] 'UtteranceClassificationAgent' completion returned and validated from MODEL = 'ModelName.GROK_3'.
[2025-10-30 13:58:55,799] [INFO] 'UtteranceClassificationAgent' completion returned and validated from MODEL = 'ModelName.GROK_3'.
[2025-10-30 13:58:56,812] [INFO] 'UtteranceClassificationAgent' completion returned and validated from MODEL = 'ModelName.GROK_3'.
[2025-10-30 13:58:57,782] [INFO] 'UtteranceClassificationAgent' completion returned and validated from MODEL = 'ModelName.GROK_3'.
[2025-10-30 13:58:58,712] [INFO] 'UtteranceClassificationAgent' completion returned and validated from MODEL = 'ModelName.GROK_3'.
[2025-10-30 13:58:59,516] [INFO] 'UtteranceClassificationAgent' completion returned and validated from MODEL = 'ModelName.GROK_3'.
[2025-10-30 13:59:00,534] [INFO] 'UtteranceClassificationAgent' completion returned and validated from MODEL = 'ModelName.GROK_3'.
[2025-10-30 13:59:01,382] [INFO] 'UtteranceClassificationAgent' completion returned and validated from MODEL = 'ModelName.GROK_3'.
[2025-10-30 13:59:02,741] [INFO] 'UtteranceClassificationAgent' completion returned and validated from MODEL = 'ModelName.GROK_3'.
[2025-10-30 13:59:03,750] [INFO] 'UtteranceClassificationAgent' completion returned and validated from MODEL = 'ModelName.GROK_3'.
[2025-10-30 13:59:03,750] [INFO] EXIT: 'UtteranceClassificationAgent' calling '_classify_sentence_utterance_types' (11.0769681930542 secs).
[2025-10-30 13:59:03,750] [INFO] ENTER: 'UtteranceClassificationAgent' calling 'return_classified_sentences'; CURRENT SPEAKER: grok-3_mas_rag, DIALOGUE TURN NUM = 6.
[2025-10-30 13:59:03,750] [INFO] EXIT: 'UtteranceClassificationAgent' calling 'return_classified_sentences' (1.6689300537109375e-06 secs).
[2025-10-30 13:59:03,772] [INFO] ENTER: 'GraphRAG' calling 'why'; CURRENT SPEAKER: grok-3_mas_rag, DIALOGUE TURN NUM = 6.
[2025-10-30 13:59:03,772] [INFO] ENTER: 'GraphRAG' calling 'query_graph'; CURRENT SPEAKER: grok-3_mas_rag, DIALOGUE TURN NUM = 6.
[2025-10-30 13:59:04,498] [INFO] EXIT: 'GraphRAG' calling 'query_graph' (0.72568678855896 secs).
[2025-10-30 13:59:04,498] [INFO] EXIT: 'GraphRAG' calling 'why' (0.7260544300079346 secs).
[2025-10-30 13:59:04,498] [INFO] ENTER: 'GraphRAG' calling 'claim_negation'; CURRENT SPEAKER: grok-3_mas_rag, DIALOGUE TURN NUM = 6.
[2025-10-30 13:59:04,498] [INFO] ENTER: 'GraphRAG' calling 'query_graph'; CURRENT SPEAKER: grok-3_mas_rag, DIALOGUE TURN NUM = 6.
[2025-10-30 13:59:05,198] [INFO] EXIT: 'GraphRAG' calling 'query_graph' (0.6997213363647461 secs).
[2025-10-30 13:59:05,198] [INFO] EXIT: 'GraphRAG' calling 'claim_negation' (0.7000672817230225 secs).
[2025-10-30 13:59:05,198] [INFO] ENTER: 'GraphRAG' calling 'concede'; CURRENT SPEAKER: grok-3_mas_rag, DIALOGUE TURN NUM = 6.
[2025-10-30 13:59:05,198] [INFO] ENTER: 'GraphRAG' calling 'query_graph'; CURRENT SPEAKER: grok-3_mas_rag, DIALOGUE TURN NUM = 6.
[2025-10-30 13:59:05,923] [INFO] EXIT: 'GraphRAG' calling 'query_graph' (0.7248907089233398 secs).
[2025-10-30 13:59:05,923] [INFO] EXIT: 'GraphRAG' calling 'concede' (0.7252943515777588 secs).
[2025-10-30 13:59:05,923] [INFO] ENTER: 'GraphRAG' calling 'question'; CURRENT SPEAKER: grok-3_mas_rag, DIALOGUE TURN NUM = 6.
[2025-10-30 13:59:05,924] [INFO] ENTER: 'GraphRAG' calling 'query_graph'; CURRENT SPEAKER: grok-3_mas_rag, DIALOGUE TURN NUM = 6.
[2025-10-30 13:59:06,059] [INFO] EXIT: 'GraphRAG' calling 'query_graph' (0.13556718826293945 secs).
[2025-10-30 13:59:06,059] [INFO] EXIT: 'GraphRAG' calling 'question' (0.13593816757202148 secs).
[2025-10-30 13:59:06,077] [INFO] ENTER: 'GraphRAG' calling 'why'; CURRENT SPEAKER: grok-3_mas_rag, DIALOGUE TURN NUM = 6.
[2025-10-30 13:59:06,078] [INFO] ENTER: 'GraphRAG' calling 'query_graph'; CURRENT SPEAKER: grok-3_mas_rag, DIALOGUE TURN NUM = 6.
[2025-10-30 13:59:06,802] [INFO] EXIT: 'GraphRAG' calling 'query_graph' (0.7246253490447998 secs).
[2025-10-30 13:59:06,802] [INFO] EXIT: 'GraphRAG' calling 'why' (0.724989652633667 secs).
[2025-10-30 13:59:06,802] [INFO] ENTER: 'GraphRAG' calling 'claim_negation'; CURRENT SPEAKER: grok-3_mas_rag, DIALOGUE TURN NUM = 6.
[2025-10-30 13:59:06,803] [INFO] ENTER: 'GraphRAG' calling 'query_graph'; CURRENT SPEAKER: grok-3_mas_rag, DIALOGUE TURN NUM = 6.
[2025-10-30 13:59:07,502] [INFO] EXIT: 'GraphRAG' calling 'query_graph' (0.6993203163146973 secs).
[2025-10-30 13:59:07,502] [INFO] EXIT: 'GraphRAG' calling 'claim_negation' (0.6996853351593018 secs).
[2025-10-30 13:59:07,502] [INFO] ENTER: 'GraphRAG' calling 'concede'; CURRENT SPEAKER: grok-3_mas_rag, DIALOGUE TURN NUM = 6.
[2025-10-30 13:59:07,503] [INFO] ENTER: 'GraphRAG' calling 'query_graph'; CURRENT SPEAKER: grok-3_mas_rag, DIALOGUE TURN NUM = 6.
[2025-10-30 13:59:08,230] [INFO] EXIT: 'GraphRAG' calling 'query_graph' (0.7272300720214844 secs).
[2025-10-30 13:59:08,230] [INFO] EXIT: 'GraphRAG' calling 'concede' (0.7276065349578857 secs).
[2025-10-30 13:59:08,230] [INFO] ENTER: 'GraphRAG' calling 'question'; CURRENT SPEAKER: grok-3_mas_rag, DIALOGUE TURN NUM = 6.
[2025-10-30 13:59:08,230] [INFO] ENTER: 'GraphRAG' calling 'query_graph'; CURRENT SPEAKER: grok-3_mas_rag, DIALOGUE TURN NUM = 6.
[2025-10-30 13:59:08,368] [INFO] EXIT: 'GraphRAG' calling 'query_graph' (0.13756537437438965 secs).
[2025-10-30 13:59:08,368] [INFO] EXIT: 'GraphRAG' calling 'question' (0.13796091079711914 secs).
[2025-10-30 13:59:08,386] [INFO] ENTER: 'GraphRAG' calling 'why'; CURRENT SPEAKER: grok-3_mas_rag, DIALOGUE TURN NUM = 6.
[2025-10-30 13:59:08,386] [INFO] ENTER: 'GraphRAG' calling 'query_graph'; CURRENT SPEAKER: grok-3_mas_rag, DIALOGUE TURN NUM = 6.
[2025-10-30 13:59:09,109] [INFO] EXIT: 'GraphRAG' calling 'query_graph' (0.7232575416564941 secs).
[2025-10-30 13:59:09,109] [INFO] EXIT: 'GraphRAG' calling 'why' (0.7236189842224121 secs).
[2025-10-30 13:59:09,110] [INFO] ENTER: 'GraphRAG' calling 'claim_negation'; CURRENT SPEAKER: grok-3_mas_rag, DIALOGUE TURN NUM = 6.
[2025-10-30 13:59:09,110] [INFO] ENTER: 'GraphRAG' calling 'query_graph'; CURRENT SPEAKER: grok-3_mas_rag, DIALOGUE TURN NUM = 6.
[2025-10-30 13:59:09,804] [INFO] EXIT: 'GraphRAG' calling 'query_graph' (0.6939082145690918 secs).
[2025-10-30 13:59:09,804] [INFO] EXIT: 'GraphRAG' calling 'claim_negation' (0.6942539215087891 secs).
[2025-10-30 13:59:09,804] [INFO] ENTER: 'GraphRAG' calling 'concede'; CURRENT SPEAKER: grok-3_mas_rag, DIALOGUE TURN NUM = 6.
[2025-10-30 13:59:09,804] [INFO] ENTER: 'GraphRAG' calling 'query_graph'; CURRENT SPEAKER: grok-3_mas_rag, DIALOGUE TURN NUM = 6.
[2025-10-30 13:59:10,529] [INFO] EXIT: 'GraphRAG' calling 'query_graph' (0.7244706153869629 secs).
[2025-10-30 13:59:10,529] [INFO] EXIT: 'GraphRAG' calling 'concede' (0.7248053550720215 secs).
[2025-10-30 13:59:10,529] [INFO] ENTER: 'GraphRAG' calling 'question'; CURRENT SPEAKER: grok-3_mas_rag, DIALOGUE TURN NUM = 6.
[2025-10-30 13:59:10,529] [INFO] ENTER: 'GraphRAG' calling 'query_graph'; CURRENT SPEAKER: grok-3_mas_rag, DIALOGUE TURN NUM = 6.
[2025-10-30 13:59:10,665] [INFO] EXIT: 'GraphRAG' calling 'query_graph' (0.13651728630065918 secs).
[2025-10-30 13:59:10,666] [INFO] EXIT: 'GraphRAG' calling 'question' (0.13686060905456543 secs).
[2025-10-30 13:59:10,683] [INFO] ENTER: 'GraphRAG' calling 'why'; CURRENT SPEAKER: grok-3_mas_rag, DIALOGUE TURN NUM = 6.
[2025-10-30 13:59:10,684] [INFO] ENTER: 'GraphRAG' calling 'query_graph'; CURRENT SPEAKER: grok-3_mas_rag, DIALOGUE TURN NUM = 6.
[2025-10-30 13:59:11,406] [INFO] EXIT: 'GraphRAG' calling 'query_graph' (0.7225043773651123 secs).
[2025-10-30 13:59:11,406] [INFO] EXIT: 'GraphRAG' calling 'why' (0.7228865623474121 secs).
[2025-10-30 13:59:11,406] [INFO] ENTER: 'GraphRAG' calling 'claim_negation'; CURRENT SPEAKER: grok-3_mas_rag, DIALOGUE TURN NUM = 6.
[2025-10-30 13:59:11,407] [INFO] ENTER: 'GraphRAG' calling 'query_graph'; CURRENT SPEAKER: grok-3_mas_rag, DIALOGUE TURN NUM = 6.
[2025-10-30 13:59:12,102] [INFO] EXIT: 'GraphRAG' calling 'query_graph' (0.6954424381256104 secs).
[2025-10-30 13:59:12,102] [INFO] EXIT: 'GraphRAG' calling 'claim_negation' (0.6958444118499756 secs).
[2025-10-30 13:59:12,102] [INFO] ENTER: 'GraphRAG' calling 'concede'; CURRENT SPEAKER: grok-3_mas_rag, DIALOGUE TURN NUM = 6.
[2025-10-30 13:59:12,103] [INFO] ENTER: 'GraphRAG' calling 'query_graph'; CURRENT SPEAKER: grok-3_mas_rag, DIALOGUE TURN NUM = 6.
[2025-10-30 13:59:12,825] [INFO] EXIT: 'GraphRAG' calling 'query_graph' (0.7226872444152832 secs).
[2025-10-30 13:59:12,825] [INFO] EXIT: 'GraphRAG' calling 'concede' (0.7230794429779053 secs).
[2025-10-30 13:59:12,825] [INFO] ENTER: 'GraphRAG' calling 'question'; CURRENT SPEAKER: grok-3_mas_rag, DIALOGUE TURN NUM = 6.
[2025-10-30 13:59:12,826] [INFO] ENTER: 'GraphRAG' calling 'query_graph'; CURRENT SPEAKER: grok-3_mas_rag, DIALOGUE TURN NUM = 6.
[2025-10-30 13:59:12,960] [INFO] EXIT: 'GraphRAG' calling 'query_graph' (0.1345221996307373 secs).
[2025-10-30 13:59:12,960] [INFO] EXIT: 'GraphRAG' calling 'question' (0.13485002517700195 secs).
[2025-10-30 13:59:12,978] [INFO] ENTER: 'GraphRAG' calling 'why'; CURRENT SPEAKER: grok-3_mas_rag, DIALOGUE TURN NUM = 6.
[2025-10-30 13:59:12,978] [INFO] ENTER: 'GraphRAG' calling 'query_graph'; CURRENT SPEAKER: grok-3_mas_rag, DIALOGUE TURN NUM = 6.
[2025-10-30 13:59:13,701] [INFO] EXIT: 'GraphRAG' calling 'query_graph' (0.7229719161987305 secs).
[2025-10-30 13:59:13,701] [INFO] EXIT: 'GraphRAG' calling 'why' (0.7233641147613525 secs).
[2025-10-30 13:59:13,701] [INFO] ENTER: 'GraphRAG' calling 'claim_negation'; CURRENT SPEAKER: grok-3_mas_rag, DIALOGUE TURN NUM = 6.
[2025-10-30 13:59:13,701] [INFO] ENTER: 'GraphRAG' calling 'query_graph'; CURRENT SPEAKER: grok-3_mas_rag, DIALOGUE TURN NUM = 6.
[2025-10-30 13:59:14,395] [INFO] EXIT: 'GraphRAG' calling 'query_graph' (0.6936061382293701 secs).
[2025-10-30 13:59:14,395] [INFO] EXIT: 'GraphRAG' calling 'claim_negation' (0.6940517425537109 secs).
[2025-10-30 13:59:14,395] [INFO] ENTER: 'GraphRAG' calling 'concede'; CURRENT SPEAKER: grok-3_mas_rag, DIALOGUE TURN NUM = 6.
[2025-10-30 13:59:14,396] [INFO] ENTER: 'GraphRAG' calling 'query_graph'; CURRENT SPEAKER: grok-3_mas_rag, DIALOGUE TURN NUM = 6.
[2025-10-30 13:59:15,117] [INFO] EXIT: 'GraphRAG' calling 'query_graph' (0.7214534282684326 secs).
[2025-10-30 13:59:15,117] [INFO] EXIT: 'GraphRAG' calling 'concede' (0.7218844890594482 secs).
[2025-10-30 13:59:15,117] [INFO] ENTER: 'GraphRAG' calling 'question'; CURRENT SPEAKER: grok-3_mas_rag, DIALOGUE TURN NUM = 6.
[2025-10-30 13:59:15,118] [INFO] ENTER: 'GraphRAG' calling 'query_graph'; CURRENT SPEAKER: grok-3_mas_rag, DIALOGUE TURN NUM = 6.
[2025-10-30 13:59:15,252] [INFO] EXIT: 'GraphRAG' calling 'query_graph' (0.13449597358703613 secs).
[2025-10-30 13:59:15,252] [INFO] EXIT: 'GraphRAG' calling 'question' (0.13492155075073242 secs).
[2025-10-30 13:59:15,270] [INFO] ENTER: 'GraphRAG' calling 'why'; CURRENT SPEAKER: grok-3_mas_rag, DIALOGUE TURN NUM = 6.
[2025-10-30 13:59:15,270] [INFO] ENTER: 'GraphRAG' calling 'query_graph'; CURRENT SPEAKER: grok-3_mas_rag, DIALOGUE TURN NUM = 6.
[2025-10-30 13:59:15,993] [INFO] EXIT: 'GraphRAG' calling 'query_graph' (0.7225568294525146 secs).
[2025-10-30 13:59:15,993] [INFO] EXIT: 'GraphRAG' calling 'why' (0.7229499816894531 secs).
[2025-10-30 13:59:15,993] [INFO] ENTER: 'GraphRAG' calling 'claim_negation'; CURRENT SPEAKER: grok-3_mas_rag, DIALOGUE TURN NUM = 6.
[2025-10-30 13:59:15,993] [INFO] ENTER: 'GraphRAG' calling 'query_graph'; CURRENT SPEAKER: grok-3_mas_rag, DIALOGUE TURN NUM = 6.
[2025-10-30 13:59:16,688] [INFO] EXIT: 'GraphRAG' calling 'query_graph' (0.6949260234832764 secs).
[2025-10-30 13:59:16,688] [INFO] EXIT: 'GraphRAG' calling 'claim_negation' (0.6953248977661133 secs).
[2025-10-30 13:59:16,688] [INFO] ENTER: 'GraphRAG' calling 'concede'; CURRENT SPEAKER: grok-3_mas_rag, DIALOGUE TURN NUM = 6.
[2025-10-30 13:59:16,688] [INFO] ENTER: 'GraphRAG' calling 'query_graph'; CURRENT SPEAKER: grok-3_mas_rag, DIALOGUE TURN NUM = 6.
[2025-10-30 13:59:17,411] [INFO] EXIT: 'GraphRAG' calling 'query_graph' (0.7227742671966553 secs).
[2025-10-30 13:59:17,411] [INFO] EXIT: 'GraphRAG' calling 'concede' (0.7231972217559814 secs).
[2025-10-30 13:59:17,411] [INFO] ENTER: 'GraphRAG' calling 'question'; CURRENT SPEAKER: grok-3_mas_rag, DIALOGUE TURN NUM = 6.
[2025-10-30 13:59:17,412] [INFO] ENTER: 'GraphRAG' calling 'query_graph'; CURRENT SPEAKER: grok-3_mas_rag, DIALOGUE TURN NUM = 6.
[2025-10-30 13:59:17,546] [INFO] EXIT: 'GraphRAG' calling 'query_graph' (0.13440537452697754 secs).
[2025-10-30 13:59:17,546] [INFO] EXIT: 'GraphRAG' calling 'question' (0.1347944736480713 secs).
[2025-10-30 13:59:17,564] [INFO] ENTER: 'GraphRAG' calling 'why'; CURRENT SPEAKER: grok-3_mas_rag, DIALOGUE TURN NUM = 6.
[2025-10-30 13:59:17,564] [INFO] ENTER: 'GraphRAG' calling 'query_graph'; CURRENT SPEAKER: grok-3_mas_rag, DIALOGUE TURN NUM = 6.
[2025-10-30 13:59:18,283] [INFO] EXIT: 'GraphRAG' calling 'query_graph' (0.7189490795135498 secs).
[2025-10-30 13:59:18,284] [INFO] EXIT: 'GraphRAG' calling 'why' (0.7193961143493652 secs).
[2025-10-30 13:59:18,284] [INFO] ENTER: 'GraphRAG' calling 'claim_negation'; CURRENT SPEAKER: grok-3_mas_rag, DIALOGUE TURN NUM = 6.
[2025-10-30 13:59:18,284] [INFO] ENTER: 'GraphRAG' calling 'query_graph'; CURRENT SPEAKER: grok-3_mas_rag, DIALOGUE TURN NUM = 6.
[2025-10-30 13:59:18,978] [INFO] EXIT: 'GraphRAG' calling 'query_graph' (0.6941077709197998 secs).
[2025-10-30 13:59:18,978] [INFO] EXIT: 'GraphRAG' calling 'claim_negation' (0.6945083141326904 secs).
[2025-10-30 13:59:18,978] [INFO] ENTER: 'GraphRAG' calling 'concede'; CURRENT SPEAKER: grok-3_mas_rag, DIALOGUE TURN NUM = 6.
[2025-10-30 13:59:18,978] [INFO] ENTER: 'GraphRAG' calling 'query_graph'; CURRENT SPEAKER: grok-3_mas_rag, DIALOGUE TURN NUM = 6.
[2025-10-30 13:59:19,699] [INFO] EXIT: 'GraphRAG' calling 'query_graph' (0.7205440998077393 secs).
[2025-10-30 13:59:19,699] [INFO] EXIT: 'GraphRAG' calling 'concede' (0.7209503650665283 secs).
[2025-10-30 13:59:19,699] [INFO] ENTER: 'GraphRAG' calling 'question'; CURRENT SPEAKER: grok-3_mas_rag, DIALOGUE TURN NUM = 6.
[2025-10-30 13:59:19,699] [INFO] ENTER: 'GraphRAG' calling 'query_graph'; CURRENT SPEAKER: grok-3_mas_rag, DIALOGUE TURN NUM = 6.
[2025-10-30 13:59:19,832] [INFO] EXIT: 'GraphRAG' calling 'query_graph' (0.13274931907653809 secs).
[2025-10-30 13:59:19,832] [INFO] EXIT: 'GraphRAG' calling 'question' (0.13321328163146973 secs).
[2025-10-30 13:59:19,851] [INFO] ENTER: 'GraphRAG' calling 'why'; CURRENT SPEAKER: grok-3_mas_rag, DIALOGUE TURN NUM = 6.
[2025-10-30 13:59:19,851] [INFO] ENTER: 'GraphRAG' calling 'query_graph'; CURRENT SPEAKER: grok-3_mas_rag, DIALOGUE TURN NUM = 6.
[2025-10-30 13:59:20,571] [INFO] EXIT: 'GraphRAG' calling 'query_graph' (0.7197778224945068 secs).
[2025-10-30 13:59:20,571] [INFO] EXIT: 'GraphRAG' calling 'why' (0.7201590538024902 secs).
[2025-10-30 13:59:20,571] [INFO] ENTER: 'GraphRAG' calling 'claim_negation'; CURRENT SPEAKER: grok-3_mas_rag, DIALOGUE TURN NUM = 6.
[2025-10-30 13:59:20,571] [INFO] ENTER: 'GraphRAG' calling 'query_graph'; CURRENT SPEAKER: grok-3_mas_rag, DIALOGUE TURN NUM = 6.
[2025-10-30 13:59:21,266] [INFO] EXIT: 'GraphRAG' calling 'query_graph' (0.6951162815093994 secs).
[2025-10-30 13:59:21,266] [INFO] EXIT: 'GraphRAG' calling 'claim_negation' (0.6955244541168213 secs).
[2025-10-30 13:59:21,266] [INFO] ENTER: 'GraphRAG' calling 'concede'; CURRENT SPEAKER: grok-3_mas_rag, DIALOGUE TURN NUM = 6.
[2025-10-30 13:59:21,267] [INFO] ENTER: 'GraphRAG' calling 'query_graph'; CURRENT SPEAKER: grok-3_mas_rag, DIALOGUE TURN NUM = 6.
[2025-10-30 13:59:21,988] [INFO] EXIT: 'GraphRAG' calling 'query_graph' (0.7207684516906738 secs).
[2025-10-30 13:59:21,988] [INFO] EXIT: 'GraphRAG' calling 'concede' (0.7211465835571289 secs).
[2025-10-30 13:59:21,988] [INFO] ENTER: 'GraphRAG' calling 'question'; CURRENT SPEAKER: grok-3_mas_rag, DIALOGUE TURN NUM = 6.
[2025-10-30 13:59:21,988] [INFO] ENTER: 'GraphRAG' calling 'query_graph'; CURRENT SPEAKER: grok-3_mas_rag, DIALOGUE TURN NUM = 6.
[2025-10-30 13:59:22,123] [INFO] EXIT: 'GraphRAG' calling 'query_graph' (0.1345508098602295 secs).
[2025-10-30 13:59:22,123] [INFO] EXIT: 'GraphRAG' calling 'question' (0.13492345809936523 secs).
[2025-10-30 13:59:22,140] [INFO] ENTER: 'GraphRAG' calling 'why'; CURRENT SPEAKER: grok-3_mas_rag, DIALOGUE TURN NUM = 6.
[2025-10-30 13:59:22,140] [INFO] ENTER: 'GraphRAG' calling 'query_graph'; CURRENT SPEAKER: grok-3_mas_rag, DIALOGUE TURN NUM = 6.
[2025-10-30 13:59:22,860] [INFO] EXIT: 'GraphRAG' calling 'query_graph' (0.7198193073272705 secs).
[2025-10-30 13:59:22,860] [INFO] EXIT: 'GraphRAG' calling 'why' (0.7202024459838867 secs).
[2025-10-30 13:59:22,860] [INFO] ENTER: 'GraphRAG' calling 'claim_negation'; CURRENT SPEAKER: grok-3_mas_rag, DIALOGUE TURN NUM = 6.
[2025-10-30 13:59:22,860] [INFO] ENTER: 'GraphRAG' calling 'query_graph'; CURRENT SPEAKER: grok-3_mas_rag, DIALOGUE TURN NUM = 6.
[2025-10-30 13:59:23,552] [INFO] EXIT: 'GraphRAG' calling 'query_graph' (0.6914565563201904 secs).
[2025-10-30 13:59:23,552] [INFO] EXIT: 'GraphRAG' calling 'claim_negation' (0.6918761730194092 secs).
[2025-10-30 13:59:23,552] [INFO] ENTER: 'GraphRAG' calling 'concede'; CURRENT SPEAKER: grok-3_mas_rag, DIALOGUE TURN NUM = 6.
[2025-10-30 13:59:23,552] [INFO] ENTER: 'GraphRAG' calling 'query_graph'; CURRENT SPEAKER: grok-3_mas_rag, DIALOGUE TURN NUM = 6.
[2025-10-30 13:59:24,274] [INFO] EXIT: 'GraphRAG' calling 'query_graph' (0.7217116355895996 secs).
[2025-10-30 13:59:24,274] [INFO] EXIT: 'GraphRAG' calling 'concede' (0.7221052646636963 secs).
[2025-10-30 13:59:24,274] [INFO] ENTER: 'GraphRAG' calling 'question'; CURRENT SPEAKER: grok-3_mas_rag, DIALOGUE TURN NUM = 6.
[2025-10-30 13:59:24,274] [INFO] ENTER: 'GraphRAG' calling 'query_graph'; CURRENT SPEAKER: grok-3_mas_rag, DIALOGUE TURN NUM = 6.
[2025-10-30 13:59:24,409] [INFO] EXIT: 'GraphRAG' calling 'query_graph' (0.13429832458496094 secs).
[2025-10-30 13:59:24,409] [INFO] EXIT: 'GraphRAG' calling 'question' (0.13472580909729004 secs).
[2025-10-30 13:59:24,426] [INFO] ENTER: 'GraphRAG' calling 'why'; CURRENT SPEAKER: grok-3_mas_rag, DIALOGUE TURN NUM = 6.
[2025-10-30 13:59:24,427] [INFO] ENTER: 'GraphRAG' calling 'query_graph'; CURRENT SPEAKER: grok-3_mas_rag, DIALOGUE TURN NUM = 6.
[2025-10-30 13:59:25,146] [INFO] EXIT: 'GraphRAG' calling 'query_graph' (0.719567060470581 secs).
[2025-10-30 13:59:25,146] [INFO] EXIT: 'GraphRAG' calling 'why' (0.7199954986572266 secs).
[2025-10-30 13:59:25,146] [INFO] ENTER: 'GraphRAG' calling 'claim_negation'; CURRENT SPEAKER: grok-3_mas_rag, DIALOGUE TURN NUM = 6.
[2025-10-30 13:59:25,147] [INFO] ENTER: 'GraphRAG' calling 'query_graph'; CURRENT SPEAKER: grok-3_mas_rag, DIALOGUE TURN NUM = 6.
[2025-10-30 13:59:25,841] [INFO] EXIT: 'GraphRAG' calling 'query_graph' (0.6944265365600586 secs).
[2025-10-30 13:59:25,841] [INFO] EXIT: 'GraphRAG' calling 'claim_negation' (0.6949465274810791 secs).
[2025-10-30 13:59:25,841] [INFO] ENTER: 'GraphRAG' calling 'concede'; CURRENT SPEAKER: grok-3_mas_rag, DIALOGUE TURN NUM = 6.
[2025-10-30 13:59:25,842] [INFO] ENTER: 'GraphRAG' calling 'query_graph'; CURRENT SPEAKER: grok-3_mas_rag, DIALOGUE TURN NUM = 6.
[2025-10-30 13:59:26,563] [INFO] EXIT: 'GraphRAG' calling 'query_graph' (0.721534013748169 secs).
[2025-10-30 13:59:26,563] [INFO] EXIT: 'GraphRAG' calling 'concede' (0.7219481468200684 secs).
[2025-10-30 13:59:26,563] [INFO] ENTER: 'GraphRAG' calling 'question'; CURRENT SPEAKER: grok-3_mas_rag, DIALOGUE TURN NUM = 6.
[2025-10-30 13:59:26,564] [INFO] ENTER: 'GraphRAG' calling 'query_graph'; CURRENT SPEAKER: grok-3_mas_rag, DIALOGUE TURN NUM = 6.
[2025-10-30 13:59:26,696] [INFO] EXIT: 'GraphRAG' calling 'query_graph' (0.13229751586914062 secs).
[2025-10-30 13:59:26,696] [INFO] EXIT: 'GraphRAG' calling 'question' (0.13266921043395996 secs).
[2025-10-30 13:59:26,713] [INFO] ENTER: 'GraphRAG' calling 'since'; CURRENT SPEAKER: grok-3_mas_rag, DIALOGUE TURN NUM = 6.
[2025-10-30 13:59:26,713] [INFO] ENTER: 'GraphRAG' calling 'query_graph'; CURRENT SPEAKER: grok-3_mas_rag, DIALOGUE TURN NUM = 6.
[2025-10-30 13:59:26,738] [INFO] EXIT: 'GraphRAG' calling 'query_graph' (0.025113582611083984 secs).
[2025-10-30 13:59:26,738] [INFO] EXIT: 'GraphRAG' calling 'since' (0.025456666946411133 secs).
[2025-10-30 13:59:26,738] [INFO] ENTER: 'GraphRAG' calling 'claim'; CURRENT SPEAKER: grok-3_mas_rag, DIALOGUE TURN NUM = 6.
[2025-10-30 13:59:26,739] [INFO] ENTER: 'GraphRAG' calling 'query_graph'; CURRENT SPEAKER: grok-3_mas_rag, DIALOGUE TURN NUM = 6.
[2025-10-30 13:59:26,758] [INFO] EXIT: 'GraphRAG' calling 'query_graph' (0.01932549476623535 secs).
[2025-10-30 13:59:26,758] [INFO] EXIT: 'GraphRAG' calling 'claim' (0.01969432830810547 secs).
[2025-10-30 13:59:26,758] [INFO] ENTER: 'GraphRAG' calling 'return_rag_examples'; CURRENT SPEAKER: grok-3_mas_rag, DIALOGUE TURN NUM = 6.
[2025-10-30 13:59:26,758] [INFO] EXIT: 'GraphRAG' calling 'return_rag_examples' (1.6689300537109375e-06 secs).
[2025-10-30 13:59:26,761] [INFO] ENTER: 'DialogueMoveGenerator' calling 'generate'; CURRENT SPEAKER: grok-3_mas_rag, DIALOGUE TURN NUM = 6.
[2025-10-30 13:59:26,761] [INFO] ENTER: 'MASPromptGenerator' calling 'claim'; CURRENT SPEAKER: grok-3_mas_rag, DIALOGUE TURN NUM = 6.
[2025-10-30 13:59:26,761] [INFO] EXIT: 'MASPromptGenerator' calling 'claim' (9.417533874511719e-05 secs).
[2025-10-30 13:59:26,762] [INFO] ENTER: 'DialogueMoveGenerator' calling 'generate'; CURRENT SPEAKER: grok-3_mas_rag, DIALOGUE TURN NUM = 6.
[2025-10-30 13:59:26,762] [INFO] ENTER: 'MASPromptGenerator' calling 'claim_negation'; CURRENT SPEAKER: grok-3_mas_rag, DIALOGUE TURN NUM = 6.
[2025-10-30 13:59:26,762] [INFO] EXIT: 'MASPromptGenerator' calling 'claim_negation' (0.0002655982971191406 secs).
[2025-10-30 13:59:26,763] [INFO] ENTER: 'DialogueMoveGenerator' calling 'generate'; CURRENT SPEAKER: grok-3_mas_rag, DIALOGUE TURN NUM = 6.
[2025-10-30 13:59:26,763] [INFO] ENTER: 'MASPromptGenerator' calling 'concede_claim'; CURRENT SPEAKER: grok-3_mas_rag, DIALOGUE TURN NUM = 6.
[2025-10-30 13:59:26,763] [INFO] EXIT: 'MASPromptGenerator' calling 'concede_claim' (0.0002372264862060547 secs).
[2025-10-30 13:59:26,763] [INFO] ENTER: 'DialogueMoveGenerator' calling 'generate'; CURRENT SPEAKER: grok-3_mas_rag, DIALOGUE TURN NUM = 6.
[2025-10-30 13:59:26,764] [INFO] ENTER: 'MASPromptGenerator' calling 'question_claim'; CURRENT SPEAKER: grok-3_mas_rag, DIALOGUE TURN NUM = 6.
[2025-10-30 13:59:26,764] [INFO] EXIT: 'MASPromptGenerator' calling 'question_claim' (0.000293731689453125 secs).
[2025-10-30 13:59:26,765] [INFO] ENTER: 'DialogueMoveGenerator' calling 'generate'; CURRENT SPEAKER: grok-3_mas_rag, DIALOGUE TURN NUM = 6.
[2025-10-30 13:59:26,765] [INFO] ENTER: 'MASPromptGenerator' calling 'retract_claim'; CURRENT SPEAKER: grok-3_mas_rag, DIALOGUE TURN NUM = 6.
[2025-10-30 13:59:26,765] [INFO] EXIT: 'MASPromptGenerator' calling 'retract_claim' (5.53131103515625e-05 secs).
[2025-10-30 13:59:26,766] [INFO] ENTER: 'DialogueMoveGenerator' calling 'generate'; CURRENT SPEAKER: grok-3_mas_rag, DIALOGUE TURN NUM = 6.
[2025-10-30 13:59:26,766] [INFO] ENTER: 'MASPromptGenerator' calling 'since_claim'; CURRENT SPEAKER: grok-3_mas_rag, DIALOGUE TURN NUM = 6.
[2025-10-30 13:59:26,766] [INFO] EXIT: 'MASPromptGenerator' calling 'since_claim' (5.698204040527344e-05 secs).
[2025-10-30 13:59:26,767] [INFO] ENTER: 'DialogueMoveGenerator' calling 'generate'; CURRENT SPEAKER: grok-3_mas_rag, DIALOGUE TURN NUM = 6.
[2025-10-30 13:59:26,767] [INFO] ENTER: 'MASPromptGenerator' calling 'why_claim'; CURRENT SPEAKER: grok-3_mas_rag, DIALOGUE TURN NUM = 6.
[2025-10-30 13:59:26,768] [INFO] EXIT: 'MASPromptGenerator' calling 'why_claim' (0.0002770423889160156 secs).
[2025-10-30 13:59:32,763] [INFO] Completion returned and validated from MODEL = 'grok-3'.
[2025-10-30 13:59:32,873] [INFO] Completion returned and validated from MODEL = 'grok-3'.
[2025-10-30 13:59:32,873] [INFO] EXIT: 'DialogueMoveGenerator' calling 'generate' (6.1081342697143555 secs).
[2025-10-30 13:59:33,809] [INFO] Completion returned and validated from MODEL = 'grok-3'.
[2025-10-30 13:59:33,826] [INFO] Completion returned and validated from MODEL = 'grok-3'.
[2025-10-30 13:59:35,091] [INFO] Completion returned and validated from MODEL = 'grok-3'.
[2025-10-30 13:59:35,091] [INFO] EXIT: 'DialogueMoveGenerator' calling 'generate' (8.325072050094604 secs).
[2025-10-30 13:59:35,103] [INFO] Completion returned and validated from MODEL = 'grok-3'.
[2025-10-30 13:59:35,121] [INFO] Completion returned and validated from MODEL = 'grok-3'.
[2025-10-30 13:59:35,121] [INFO] EXIT: 'DialogueMoveGenerator' calling 'generate' (8.359640121459961 secs).
[2025-10-30 13:59:35,416] [INFO] Completion returned and validated from MODEL = 'grok-3'.
[2025-10-30 13:59:39,461] [INFO] Completion returned and validated from MODEL = 'grok-3'.
[2025-10-30 13:59:40,621] [INFO] Completion returned and validated from MODEL = 'grok-3'.
[2025-10-30 13:59:41,757] [INFO] Completion returned and validated from MODEL = 'grok-3'.
[2025-10-30 13:59:41,938] [INFO] Completion returned and validated from MODEL = 'grok-3'.
[2025-10-30 13:59:44,915] [INFO] Completion returned and validated from MODEL = 'grok-3'.
[2025-10-30 13:59:46,935] [INFO] Completion returned and validated from MODEL = 'grok-3'.
[2025-10-30 13:59:48,338] [INFO] Completion returned and validated from MODEL = 'grok-3'.
[2025-10-30 13:59:50,729] [INFO] Completion returned and validated from MODEL = 'grok-3'.
[2025-10-30 13:59:53,164] [INFO] Completion returned and validated from MODEL = 'grok-3'.
[2025-10-30 13:59:54,827] [INFO] Completion returned and validated from MODEL = 'grok-3'.
[2025-10-30 13:59:55,683] [INFO] Completion returned and validated from MODEL = 'grok-3'.
[2025-10-30 13:59:57,372] [INFO] Completion returned and validated from MODEL = 'grok-3'.
[2025-10-30 13:59:59,583] [INFO] Completion returned and validated from MODEL = 'grok-3'.
[2025-10-30 14:00:01,573] [INFO] Completion returned and validated from MODEL = 'grok-3'.
[2025-10-30 14:00:01,753] [INFO] Completion returned and validated from MODEL = 'grok-3'.
[2025-10-30 14:00:05,288] [INFO] Completion returned and validated from MODEL = 'grok-3'.
[2025-10-30 14:00:06,686] [INFO] Completion returned and validated from MODEL = 'grok-3'.
[2025-10-30 14:00:11,075] [INFO] Completion returned and validated from MODEL = 'grok-3'.
[2025-10-30 14:00:11,293] [INFO] Completion returned and validated from MODEL = 'grok-3'.
[2025-10-30 14:00:12,261] [INFO] Completion returned and validated from MODEL = 'grok-3'.
[2025-10-30 14:00:13,283] [INFO] Completion returned and validated from MODEL = 'grok-3'.
[2025-10-30 14:00:15,909] [INFO] Completion returned and validated from MODEL = 'grok-3'.
[2025-10-30 14:00:17,914] [INFO] Completion returned and validated from MODEL = 'grok-3'.
[2025-10-30 14:00:18,007] [INFO] Completion returned and validated from MODEL = 'grok-3'.
[2025-10-30 14:00:20,361] [INFO] Completion returned and validated from MODEL = 'grok-3'.
[2025-10-30 14:00:20,361] [INFO] EXIT: 'DialogueMoveGenerator' calling 'generate' (53.59815287590027 secs).
[2025-10-30 14:00:24,007] [INFO] Completion returned and validated from MODEL = 'grok-3'.
[2025-10-30 14:00:24,346] [INFO] Completion returned and validated from MODEL = 'grok-3'.
[2025-10-30 14:00:24,405] [INFO] Completion returned and validated from MODEL = 'grok-3'.
[2025-10-30 14:00:28,950] [INFO] Completion returned and validated from MODEL = 'grok-3'.
[2025-10-30 14:00:29,039] [INFO] Completion returned and validated from MODEL = 'grok-3'.
[2025-10-30 14:00:29,880] [INFO] Completion returned and validated from MODEL = 'grok-3'.
[2025-10-30 14:00:33,222] [INFO] Completion returned and validated from MODEL = 'grok-3'.
[2025-10-30 14:00:33,222] [INFO] EXIT: 'DialogueMoveGenerator' calling 'generate' (66.45813369750977 secs).
[2025-10-30 14:00:34,148] [INFO] Completion returned and validated from MODEL = 'grok-3'.
[2025-10-30 14:00:37,294] [INFO] Completion returned and validated from MODEL = 'grok-3'.
[2025-10-30 14:00:37,294] [INFO] EXIT: 'DialogueMoveGenerator' calling 'generate' (70.53213143348694 secs).
[2025-10-30 14:00:39,760] [INFO] Completion returned and validated from MODEL = 'grok-3'.
[2025-10-30 14:00:39,760] [INFO] EXIT: 'DialogueMoveGenerator' calling 'generate' (72.99294233322144 secs).
[2025-10-30 14:00:39,761] [INFO] ENTER: 'MASPromptGenerator' calling 'persuasiveness_choice'; CURRENT SPEAKER: grok-3_mas_rag, DIALOGUE TURN NUM = 6.
[2025-10-30 14:00:39,762] [INFO] EXIT: 'MASPromptGenerator' calling 'persuasiveness_choice' (0.0003426074981689453 secs).
[2025-10-30 14:00:44,718] [INFO] Completion returned and validated within 'PersuasivenessChoiceAgent'; MODEL = 'grok-3'; DIALOGUE TURN NUM = 6.
[2025-10-30 14:00:50,710] [INFO] Completion returned and validated within 'PersuasivenessChoiceAgent'; MODEL = 'grok-3'; DIALOGUE TURN NUM = 6.
[2025-10-30 14:00:56,304] [INFO] Completion returned and validated within 'PersuasivenessChoiceAgent'; MODEL = 'grok-3'; DIALOGUE TURN NUM = 6.
[2025-10-30 14:01:00,344] [INFO] Completion returned and validated within 'PersuasivenessChoiceAgent'; MODEL = 'grok-3'; DIALOGUE TURN NUM = 6.
[2025-10-30 14:01:04,922] [INFO] Completion returned and validated within 'PersuasivenessChoiceAgent'; MODEL = 'grok-3'; DIALOGUE TURN NUM = 6.
[2025-10-30 14:01:09,164] [INFO] Completion returned and validated within 'PersuasivenessChoiceAgent'; MODEL = 'grok-3'; DIALOGUE TURN NUM = 6.
[2025-10-30 14:01:14,375] [INFO] Completion returned and validated within 'PersuasivenessChoiceAgent'; MODEL = 'grok-3'; DIALOGUE TURN NUM = 6.
[2025-10-30 14:01:20,249] [INFO] Completion returned and validated within 'PersuasivenessChoiceAgent'; MODEL = 'grok-3'; DIALOGUE TURN NUM = 6.
[2025-10-30 14:01:25,829] [INFO] Completion returned and validated within 'PersuasivenessChoiceAgent'; MODEL = 'grok-3'; DIALOGUE TURN NUM = 6.
[2025-10-30 14:01:29,801] [INFO] Completion returned and validated within 'PersuasivenessChoiceAgent'; MODEL = 'grok-3'; DIALOGUE TURN NUM = 6.
[2025-10-30 14:01:35,018] [INFO] Completion returned and validated within 'PersuasivenessChoiceAgent'; MODEL = 'grok-3'; DIALOGUE TURN NUM = 6.
[2025-10-30 14:01:35,019] [INFO] ENTER: 'DisambiguationAgent' calling '_grouping_similar_utterance_types'; CURRENT SPEAKER: grok-3_mas_rag, DIALOGUE TURN NUM = 6.
[2025-10-30 14:01:35,019] [INFO] EXIT: 'DisambiguationAgent' calling '_grouping_similar_utterance_types' (1.7642974853515625e-05 secs).
[2025-10-30 14:01:35,019] [INFO] ENTER: 'DisambiguationAgent' calling '_identifying_similar_sentences_and_choosing_one_to_return_to_user'; CURRENT SPEAKER: grok-3_mas_rag, DIALOGUE TURN NUM = 6.
[2025-10-30 14:02:34,672] [INFO] 'DisambiguationAgent' grouped similar sentences, completion returned and validated; MODEL = 'grok-3'.
[2025-10-30 14:02:37,030] [INFO] 'DisambiguationAgent' chose sentences to remove, completion returned and validated from MODEL = 'grok-3'.
[2025-10-30 14:02:39,183] [INFO] 'DisambiguationAgent' chose sentences to remove, completion returned and validated from MODEL = 'grok-3'.
[2025-10-30 14:02:40,875] [INFO] 'DisambiguationAgent' chose sentences to remove, completion returned and validated from MODEL = 'grok-3'.
[2025-10-30 14:02:42,489] [INFO] 'DisambiguationAgent' chose sentences to remove, completion returned and validated from MODEL = 'grok-3'.
[2025-10-30 14:02:45,294] [INFO] 'DisambiguationAgent' chose sentences to remove, completion returned and validated from MODEL = 'grok-3'.
[2025-10-30 14:02:46,785] [INFO] 'DisambiguationAgent' chose sentences to remove, completion returned and validated from MODEL = 'grok-3'.
[2025-10-30 14:02:46,785] [INFO] EXIT: 'DisambiguationAgent' calling '_identifying_similar_sentences_and_choosing_one_to_return_to_user' (71.76635837554932 secs).
[2025-10-30 14:02:46,785] [INFO] ENTER: 'DisambiguationAgent' calling '_identifying_similar_sentences_and_choosing_one_to_return_to_user'; CURRENT SPEAKER: grok-3_mas_rag, DIALOGUE TURN NUM = 6.
[2025-10-30 14:02:49,835] [INFO] 'DisambiguationAgent' grouped similar sentences, completion returned and validated; MODEL = 'grok-3'.
[2025-10-30 14:02:51,816] [INFO] 'DisambiguationAgent' chose sentences to remove, completion returned and validated from MODEL = 'grok-3'.
[2025-10-30 14:02:51,816] [INFO] EXIT: 'DisambiguationAgent' calling '_identifying_similar_sentences_and_choosing_one_to_return_to_user' (5.031065464019775 secs).
[2025-10-30 14:02:51,816] [INFO] ENTER: 'DisambiguationAgent' calling '_removing_repetitive_sentences'; CURRENT SPEAKER: grok-3_mas_rag, DIALOGUE TURN NUM = 6.
[2025-10-30 14:02:51,817] [INFO] EXIT: 'DisambiguationAgent' calling '_removing_repetitive_sentences' (3.504753112792969e-05 secs).
[2025-10-30 14:02:51,817] [INFO] ENTER: 'DisambiguationAgent' calling '_choose_the_most_persuasive_sentences'; CURRENT SPEAKER: grok-3_mas_rag, DIALOGUE TURN NUM = 6.
[2025-10-30 14:02:56,204] [INFO] 'DisambiguationAgent': reached maximum allowed sentences, succussfully chose most persuasive sentences, completion returned and validated from MODEL = 'grok-3'.
[2025-10-30 14:02:56,204] [INFO] EXIT: 'DisambiguationAgent' calling '_choose_the_most_persuasive_sentences' (4.3870344161987305 secs).
[2025-10-30 14:02:56,204] [INFO] ENTER: 'DisambiguationAgent' calling 'return_disambiguated_sentences'; CURRENT SPEAKER: grok-3_mas_rag, DIALOGUE TURN NUM = 6.
[2025-10-30 14:02:56,204] [INFO] EXIT: 'DisambiguationAgent' calling 'return_disambiguated_sentences' (2.6226043701171875e-06 secs).
[2025-10-30 14:02:56,204] [ERROR] Wrong state used; State of type HumanState; error message: dict has unexpected extra key(s): "graph_rag_examples", "intermediate_generations", "knowledge_base_ensemble_or_model_name", "model_seed", "model_temp", "model_top_p", "number_of_graph_rag_examples", "number_of_vector_based_rag_examples", "political_position_prob_of_na", "political_position_range", "political_position_std", "speaker_model_name", "speaker_type", "vector_based_persona_string", "vector_based_persona_sys_prompt"
[2025-10-30 14:02:56,205] [INFO] Correct state used; State of type GenerationAgentsState; 'IGNORE THE ABOVE ERRORS'.
[2025-10-30 14:02:57,059] [INFO] 'commitment_update' completed '___Claim___' update for current speaker's commitments; MODEL = 'grok-3'.
[2025-10-30 14:02:58,053] [INFO] 'commitment_update' completed '___Claim___' update for current speaker's commitments; MODEL = 'grok-3'.
[2025-10-30 14:02:58,800] [INFO] 'commitment_update' completed '___Claim___' update for current speaker's commitments; MODEL = 'grok-3'.
[2025-10-30 14:02:59,506] [INFO] 'commitment_update' completed '___Claim___' update for current speaker's commitments; MODEL = 'grok-3'.
[2025-10-30 14:03:01,204] [INFO] 'commitment_update' completed '___Claim___' update for current speaker's commitments; MODEL = 'grok-3'.
[2025-10-30 14:03:01,298] [ERROR] Wrong state used; State of type HumanState; error message: dict has unexpected extra key(s): "graph_rag_examples", "intermediate_generations", "knowledge_base_ensemble_or_model_name", "model_seed", "model_temp", "model_top_p", "number_of_graph_rag_examples", "number_of_vector_based_rag_examples", "political_position_prob_of_na", "political_position_range", "political_position_std", "speaker_model_name", "speaker_type", "vector_based_persona_string", "vector_based_persona_sys_prompt"
[2025-10-30 14:03:01,298] [INFO] Correct state used; State of type GenerationAgentsState; 'IGNORE THE ABOVE ERRORS'.
[2025-10-30 14:03:01,298] [INFO] ENTER: 'UtteranceClassificationAgent' calling '_classify_sentence_utterance_types'; CURRENT SPEAKER: grok-4_mas, DIALOGUE TURN NUM = 7.
[2025-10-30 14:03:01,932] [INFO] 'UtteranceClassificationAgent' completion returned and validated from MODEL = 'ModelName.GROK_4'.
[2025-10-30 14:03:02,462] [INFO] 'UtteranceClassificationAgent' completion returned and validated from MODEL = 'ModelName.GROK_4'.
[2025-10-30 14:03:02,990] [INFO] 'UtteranceClassificationAgent' completion returned and validated from MODEL = 'ModelName.GROK_4'.
[2025-10-30 14:03:03,556] [INFO] 'UtteranceClassificationAgent' completion returned and validated from MODEL = 'ModelName.GROK_4'.
[2025-10-30 14:03:04,173] [INFO] 'UtteranceClassificationAgent' completion returned and validated from MODEL = 'ModelName.GROK_4'.
[2025-10-30 14:03:04,173] [INFO] EXIT: 'UtteranceClassificationAgent' calling '_classify_sentence_utterance_types' (2.8745877742767334 secs).
[2025-10-30 14:03:04,173] [INFO] ENTER: 'UtteranceClassificationAgent' calling 'return_classified_sentences'; CURRENT SPEAKER: grok-4_mas, DIALOGUE TURN NUM = 7.
[2025-10-30 14:03:04,173] [INFO] EXIT: 'UtteranceClassificationAgent' calling 'return_classified_sentences' (1.430511474609375e-06 secs).
[2025-10-30 14:03:04,175] [INFO] ENTER: 'DialogueMoveGenerator' calling 'generate'; CURRENT SPEAKER: grok-4_mas, DIALOGUE TURN NUM = 7.
[2025-10-30 14:03:04,177] [INFO] ENTER: 'MASPromptGenerator' calling 'claim_negation'; CURRENT SPEAKER: grok-4_mas, DIALOGUE TURN NUM = 7.
[2025-10-30 14:03:04,177] [INFO] EXIT: 'MASPromptGenerator' calling 'claim_negation' (5.5789947509765625e-05 secs).
[2025-10-30 14:03:04,178] [INFO] ENTER: 'DialogueMoveGenerator' calling 'generate'; CURRENT SPEAKER: grok-4_mas, DIALOGUE TURN NUM = 7.
[2025-10-30 14:03:04,178] [INFO] ENTER: 'MASPromptGenerator' calling 'concede_claim'; CURRENT SPEAKER: grok-4_mas, DIALOGUE TURN NUM = 7.
[2025-10-30 14:03:04,179] [INFO] EXIT: 'MASPromptGenerator' calling 'concede_claim' (5.7220458984375e-05 secs).
[2025-10-30 14:03:04,179] [INFO] ENTER: 'DialogueMoveGenerator' calling 'generate'; CURRENT SPEAKER: grok-4_mas, DIALOGUE TURN NUM = 7.
[2025-10-30 14:03:04,179] [INFO] ENTER: 'MASPromptGenerator' calling 'question_claim'; CURRENT SPEAKER: grok-4_mas, DIALOGUE TURN NUM = 7.
[2025-10-30 14:03:04,179] [INFO] EXIT: 'MASPromptGenerator' calling 'question_claim' (4.9591064453125e-05 secs).
[2025-10-30 14:03:04,180] [INFO] ENTER: 'DialogueMoveGenerator' calling 'generate'; CURRENT SPEAKER: grok-4_mas, DIALOGUE TURN NUM = 7.
[2025-10-30 14:03:04,180] [INFO] ENTER: 'MASPromptGenerator' calling 'why_claim'; CURRENT SPEAKER: grok-4_mas, DIALOGUE TURN NUM = 7.
[2025-10-30 14:03:04,180] [INFO] EXIT: 'MASPromptGenerator' calling 'why_claim' (4.57763671875e-05 secs).
[2025-10-30 14:03:05,529] [INFO] Completion returned and validated from MODEL = 'grok-4'.
[2025-10-30 14:03:05,621] [INFO] Completion returned and validated from MODEL = 'grok-4'.
[2025-10-30 14:03:05,648] [INFO] Completion returned and validated from MODEL = 'grok-4'.
[2025-10-30 14:03:05,669] [INFO] Completion returned and validated from MODEL = 'grok-4'.
[2025-10-30 14:03:06,575] [INFO] Completion returned and validated from MODEL = 'grok-4'.
[2025-10-30 14:03:07,109] [INFO] Completion returned and validated from MODEL = 'grok-4'.
[2025-10-30 14:03:07,219] [INFO] Completion returned and validated from MODEL = 'grok-4'.
[2025-10-30 14:03:07,257] [INFO] Completion returned and validated from MODEL = 'grok-4'.
[2025-10-30 14:03:07,684] [INFO] Completion returned and validated from MODEL = 'grok-4'.
[2025-10-30 14:03:08,572] [INFO] Completion returned and validated from MODEL = 'grok-4'.
[2025-10-30 14:03:08,636] [INFO] Completion returned and validated from MODEL = 'grok-4'.
[2025-10-30 14:03:08,791] [INFO] Completion returned and validated from MODEL = 'grok-4'.
[2025-10-30 14:03:08,822] [INFO] Completion returned and validated from MODEL = 'grok-4'.
[2025-10-30 14:03:10,092] [INFO] Completion returned and validated from MODEL = 'grok-4'.
[2025-10-30 14:03:10,132] [INFO] Completion returned and validated from MODEL = 'grok-4'.
[2025-10-30 14:03:10,133] [INFO] Completion returned and validated from MODEL = 'grok-4'.
[2025-10-30 14:03:10,133] [INFO] EXIT: 'DialogueMoveGenerator' calling 'generate' (5.95526123046875 secs).
[2025-10-30 14:03:10,496] [INFO] Completion returned and validated from MODEL = 'grok-4'.
[2025-10-30 14:03:11,316] [INFO] Completion returned and validated from MODEL = 'grok-4'.
[2025-10-30 14:03:11,316] [INFO] EXIT: 'DialogueMoveGenerator' calling 'generate' (7.1363115310668945 secs).
[2025-10-30 14:03:11,419] [INFO] Completion returned and validated from MODEL = 'grok-4'.
[2025-10-30 14:03:11,419] [INFO] EXIT: 'DialogueMoveGenerator' calling 'generate' (7.240055322647095 secs).
[2025-10-30 14:03:11,625] [INFO] Completion returned and validated from MODEL = 'grok-4'.
[2025-10-30 14:03:11,625] [INFO] EXIT: 'DialogueMoveGenerator' calling 'generate' (7.450199842453003 secs).
[2025-10-30 14:03:11,626] [INFO] ENTER: 'MASPromptGenerator' calling 'persuasiveness_choice'; CURRENT SPEAKER: grok-4_mas, DIALOGUE TURN NUM = 7.
[2025-10-30 14:03:11,626] [INFO] EXIT: 'MASPromptGenerator' calling 'persuasiveness_choice' (0.00016999244689941406 secs).
[2025-10-30 14:03:12,921] [INFO] Completion returned and validated within 'PersuasivenessChoiceAgent'; MODEL = 'grok-4'; DIALOGUE TURN NUM = 7.
[2025-10-30 14:03:14,287] [INFO] Completion returned and validated within 'PersuasivenessChoiceAgent'; MODEL = 'grok-4'; DIALOGUE TURN NUM = 7.
[2025-10-30 14:03:15,799] [INFO] Completion returned and validated within 'PersuasivenessChoiceAgent'; MODEL = 'grok-4'; DIALOGUE TURN NUM = 7.
[2025-10-30 14:03:17,530] [INFO] Completion returned and validated within 'PersuasivenessChoiceAgent'; MODEL = 'grok-4'; DIALOGUE TURN NUM = 7.
[2025-10-30 14:03:19,239] [INFO] Completion returned and validated within 'PersuasivenessChoiceAgent'; MODEL = 'grok-4'; DIALOGUE TURN NUM = 7.
[2025-10-30 14:03:19,240] [INFO] ENTER: 'DisambiguationAgent' calling '_grouping_similar_utterance_types'; CURRENT SPEAKER: grok-4_mas, DIALOGUE TURN NUM = 7.
[2025-10-30 14:03:19,240] [INFO] EXIT: 'DisambiguationAgent' calling '_grouping_similar_utterance_types' (1.2159347534179688e-05 secs).
[2025-10-30 14:03:19,240] [INFO] ENTER: 'DisambiguationAgent' calling '_identifying_similar_sentences_and_choosing_one_to_return_to_user'; CURRENT SPEAKER: grok-4_mas, DIALOGUE TURN NUM = 7.
[2025-10-30 14:03:21,722] [INFO] 'DisambiguationAgent' grouped similar sentences, completion returned and validated; MODEL = 'grok-4'.
[2025-10-30 14:03:22,478] [INFO] 'DisambiguationAgent' chose sentences to remove, completion returned and validated from MODEL = 'grok-4'.
[2025-10-30 14:03:23,669] [INFO] 'DisambiguationAgent' chose sentences to remove, completion returned and validated from MODEL = 'grok-4'.
[2025-10-30 14:03:23,669] [INFO] EXIT: 'DisambiguationAgent' calling '_identifying_similar_sentences_and_choosing_one_to_return_to_user' (4.4288694858551025 secs).
[2025-10-30 14:03:23,669] [INFO] ENTER: 'DisambiguationAgent' calling '_identifying_similar_sentences_and_choosing_one_to_return_to_user'; CURRENT SPEAKER: grok-4_mas, DIALOGUE TURN NUM = 7.
[2025-10-30 14:03:25,687] [INFO] 'DisambiguationAgent' grouped similar sentences, completion returned and validated; MODEL = 'grok-4'.
[2025-10-30 14:03:27,734] [ERROR] 'DisambiguationAgent' could not choose sentences to remove, completion not validated; MODEL = 'grok-4'; 
 REASON: 

 1 validation error for PersuasivenessChoice
  Invalid JSON: trailing characters at line 3 column 1 [type=json_invalid, input_value='{"Choice": "How do you j... debate on NHS funding.', input_type=str]
    For further information visit https://errors.pydantic.dev/2.12/v/json_invalid
[2025-10-30 14:03:28,489] [INFO] 'DisambiguationAgent' chose sentences to remove, completion returned and validated from MODEL = 'grok-4'.
[2025-10-30 14:03:29,265] [INFO] 'DisambiguationAgent' chose sentences to remove, completion returned and validated from MODEL = 'grok-4'.
[2025-10-30 14:03:29,265] [INFO] EXIT: 'DisambiguationAgent' calling '_identifying_similar_sentences_and_choosing_one_to_return_to_user' (5.595638036727905 secs).
[2025-10-30 14:03:29,265] [INFO] ENTER: 'DisambiguationAgent' calling '_removing_repetitive_sentences'; CURRENT SPEAKER: grok-4_mas, DIALOGUE TURN NUM = 7.
[2025-10-30 14:03:29,265] [INFO] EXIT: 'DisambiguationAgent' calling '_removing_repetitive_sentences' (1.33514404296875e-05 secs).
[2025-10-30 14:03:29,265] [INFO] ENTER: 'DisambiguationAgent' calling '_choose_the_most_persuasive_sentences'; CURRENT SPEAKER: grok-4_mas, DIALOGUE TURN NUM = 7.
[2025-10-30 14:03:30,872] [INFO] 'DisambiguationAgent': reached maximum allowed sentences, succussfully chose most persuasive sentences, completion returned and validated from MODEL = 'grok-4'.
[2025-10-30 14:03:30,872] [INFO] EXIT: 'DisambiguationAgent' calling '_choose_the_most_persuasive_sentences' (1.607163906097412 secs).
[2025-10-30 14:03:30,872] [INFO] ENTER: 'DisambiguationAgent' calling 'return_disambiguated_sentences'; CURRENT SPEAKER: grok-4_mas, DIALOGUE TURN NUM = 7.
[2025-10-30 14:03:30,872] [INFO] EXIT: 'DisambiguationAgent' calling 'return_disambiguated_sentences' (2.1457672119140625e-06 secs).
[2025-10-30 14:03:30,873] [ERROR] Wrong state used; State of type HumanState; error message: dict has unexpected extra key(s): "graph_rag_examples", "intermediate_generations", "knowledge_base_ensemble_or_model_name", "model_seed", "model_temp", "model_top_p", "number_of_graph_rag_examples", "number_of_vector_based_rag_examples", "political_position_prob_of_na", "political_position_range", "political_position_std", "speaker_model_name", "speaker_type", "vector_based_persona_string", "vector_based_persona_sys_prompt"
[2025-10-30 14:03:30,873] [INFO] Correct state used; State of type GenerationAgentsState; 'IGNORE THE ABOVE ERRORS'.
[2025-10-30 14:03:31,400] [INFO] 'commitment_update' completed '___Claim___' update for current speaker's commitments; MODEL = 'grok-4'.
[2025-10-30 14:03:31,957] [INFO] 'commitment_update' completed '___Claim___' update for current speaker's commitments; MODEL = 'grok-4'.
[2025-10-30 14:03:32,522] [INFO] 'commitment_update' completed '___Claim___' update for current speaker's commitments; MODEL = 'grok-4'.
[2025-10-30 14:03:32,603] [ERROR] Wrong state used; State of type HumanState; error message: dict has unexpected extra key(s): "graph_rag_examples", "intermediate_generations", "knowledge_base_ensemble_or_model_name", "model_seed", "model_temp", "model_top_p", "number_of_graph_rag_examples", "number_of_vector_based_rag_examples", "political_position_prob_of_na", "political_position_range", "political_position_std", "speaker_model_name", "speaker_type", "vector_based_persona_string", "vector_based_persona_sys_prompt"
[2025-10-30 14:03:32,603] [INFO] Correct state used; State of type GenerationAgentsState; 'IGNORE THE ABOVE ERRORS'.
[2025-10-30 14:03:32,603] [INFO] ENTER: 'UtteranceClassificationAgent' calling '_classify_sentence_utterance_types'; CURRENT SPEAKER: grok-3_mas_rag, DIALOGUE TURN NUM = 8.
[2025-10-30 14:03:36,344] [INFO] 'UtteranceClassificationAgent' completion returned and validated from MODEL = 'ModelName.GROK_3'.
[2025-10-30 14:03:37,614] [INFO] 'UtteranceClassificationAgent' completion returned and validated from MODEL = 'ModelName.GROK_3'.
[2025-10-30 14:03:38,394] [INFO] 'UtteranceClassificationAgent' completion returned and validated from MODEL = 'ModelName.GROK_3'.
[2025-10-30 14:03:39,218] [INFO] 'UtteranceClassificationAgent' completion returned and validated from MODEL = 'ModelName.GROK_3'.
[2025-10-30 14:03:40,333] [INFO] 'UtteranceClassificationAgent' completion returned and validated from MODEL = 'ModelName.GROK_3'.
[2025-10-30 14:03:41,374] [INFO] 'UtteranceClassificationAgent' completion returned and validated from MODEL = 'ModelName.GROK_3'.
[2025-10-30 14:03:42,644] [INFO] 'UtteranceClassificationAgent' completion returned and validated from MODEL = 'ModelName.GROK_3'.
[2025-10-30 14:03:42,644] [INFO] EXIT: 'UtteranceClassificationAgent' calling '_classify_sentence_utterance_types' (10.040437459945679 secs).
[2025-10-30 14:03:42,644] [INFO] ENTER: 'UtteranceClassificationAgent' calling 'return_classified_sentences'; CURRENT SPEAKER: grok-3_mas_rag, DIALOGUE TURN NUM = 8.
[2025-10-30 14:03:42,644] [INFO] EXIT: 'UtteranceClassificationAgent' calling 'return_classified_sentences' (2.1457672119140625e-06 secs).
[2025-10-30 14:03:42,663] [INFO] ENTER: 'GraphRAG' calling 'why'; CURRENT SPEAKER: grok-3_mas_rag, DIALOGUE TURN NUM = 8.
[2025-10-30 14:03:42,663] [INFO] ENTER: 'GraphRAG' calling 'query_graph'; CURRENT SPEAKER: grok-3_mas_rag, DIALOGUE TURN NUM = 8.
[2025-10-30 14:03:43,387] [INFO] EXIT: 'GraphRAG' calling 'query_graph' (0.7230837345123291 secs).
[2025-10-30 14:03:43,387] [INFO] EXIT: 'GraphRAG' calling 'why' (0.7235143184661865 secs).
[2025-10-30 14:03:43,387] [INFO] ENTER: 'GraphRAG' calling 'claim_negation'; CURRENT SPEAKER: grok-3_mas_rag, DIALOGUE TURN NUM = 8.
[2025-10-30 14:03:43,387] [INFO] ENTER: 'GraphRAG' calling 'query_graph'; CURRENT SPEAKER: grok-3_mas_rag, DIALOGUE TURN NUM = 8.
[2025-10-30 14:03:44,084] [INFO] EXIT: 'GraphRAG' calling 'query_graph' (0.6967458724975586 secs).
[2025-10-30 14:03:44,084] [INFO] EXIT: 'GraphRAG' calling 'claim_negation' (0.6971557140350342 secs).
[2025-10-30 14:03:44,084] [INFO] ENTER: 'GraphRAG' calling 'concede'; CURRENT SPEAKER: grok-3_mas_rag, DIALOGUE TURN NUM = 8.
[2025-10-30 14:03:44,084] [INFO] ENTER: 'GraphRAG' calling 'query_graph'; CURRENT SPEAKER: grok-3_mas_rag, DIALOGUE TURN NUM = 8.
[2025-10-30 14:03:44,809] [INFO] EXIT: 'GraphRAG' calling 'query_graph' (0.7243790626525879 secs).
[2025-10-30 14:03:44,809] [INFO] EXIT: 'GraphRAG' calling 'concede' (0.7248597145080566 secs).
[2025-10-30 14:03:44,809] [INFO] ENTER: 'GraphRAG' calling 'question'; CURRENT SPEAKER: grok-3_mas_rag, DIALOGUE TURN NUM = 8.
[2025-10-30 14:03:44,809] [INFO] ENTER: 'GraphRAG' calling 'query_graph'; CURRENT SPEAKER: grok-3_mas_rag, DIALOGUE TURN NUM = 8.
[2025-10-30 14:03:44,943] [INFO] EXIT: 'GraphRAG' calling 'query_graph' (0.13351011276245117 secs).
[2025-10-30 14:03:44,943] [INFO] EXIT: 'GraphRAG' calling 'question' (0.13401508331298828 secs).
[2025-10-30 14:03:44,959] [INFO] ENTER: 'GraphRAG' calling 'why'; CURRENT SPEAKER: grok-3_mas_rag, DIALOGUE TURN NUM = 8.
[2025-10-30 14:03:44,959] [INFO] ENTER: 'GraphRAG' calling 'query_graph'; CURRENT SPEAKER: grok-3_mas_rag, DIALOGUE TURN NUM = 8.
[2025-10-30 14:03:45,682] [INFO] EXIT: 'GraphRAG' calling 'query_graph' (0.7229647636413574 secs).
[2025-10-30 14:03:45,683] [INFO] EXIT: 'GraphRAG' calling 'why' (0.7234046459197998 secs).
[2025-10-30 14:03:45,683] [INFO] ENTER: 'GraphRAG' calling 'claim_negation'; CURRENT SPEAKER: grok-3_mas_rag, DIALOGUE TURN NUM = 8.
[2025-10-30 14:03:45,683] [INFO] ENTER: 'GraphRAG' calling 'query_graph'; CURRENT SPEAKER: grok-3_mas_rag, DIALOGUE TURN NUM = 8.
[2025-10-30 14:03:46,376] [INFO] EXIT: 'GraphRAG' calling 'query_graph' (0.6931524276733398 secs).
[2025-10-30 14:03:46,376] [INFO] EXIT: 'GraphRAG' calling 'claim_negation' (0.6935672760009766 secs).
[2025-10-30 14:03:46,376] [INFO] ENTER: 'GraphRAG' calling 'concede'; CURRENT SPEAKER: grok-3_mas_rag, DIALOGUE TURN NUM = 8.
[2025-10-30 14:03:46,376] [INFO] ENTER: 'GraphRAG' calling 'query_graph'; CURRENT SPEAKER: grok-3_mas_rag, DIALOGUE TURN NUM = 8.
[2025-10-30 14:03:47,096] [INFO] EXIT: 'GraphRAG' calling 'query_graph' (0.7197864055633545 secs).
[2025-10-30 14:03:47,096] [INFO] EXIT: 'GraphRAG' calling 'concede' (0.7202401161193848 secs).
[2025-10-30 14:03:47,096] [INFO] ENTER: 'GraphRAG' calling 'question'; CURRENT SPEAKER: grok-3_mas_rag, DIALOGUE TURN NUM = 8.
[2025-10-30 14:03:47,097] [INFO] ENTER: 'GraphRAG' calling 'query_graph'; CURRENT SPEAKER: grok-3_mas_rag, DIALOGUE TURN NUM = 8.
[2025-10-30 14:03:47,230] [INFO] EXIT: 'GraphRAG' calling 'query_graph' (0.1334981918334961 secs).
[2025-10-30 14:03:47,231] [INFO] EXIT: 'GraphRAG' calling 'question' (0.13400483131408691 secs).
[2025-10-30 14:03:47,247] [INFO] ENTER: 'GraphRAG' calling 'why'; CURRENT SPEAKER: grok-3_mas_rag, DIALOGUE TURN NUM = 8.
[2025-10-30 14:03:47,247] [INFO] ENTER: 'GraphRAG' calling 'query_graph'; CURRENT SPEAKER: grok-3_mas_rag, DIALOGUE TURN NUM = 8.
[2025-10-30 14:03:47,965] [INFO] EXIT: 'GraphRAG' calling 'query_graph' (0.7179598808288574 secs).
[2025-10-30 14:03:47,965] [INFO] EXIT: 'GraphRAG' calling 'why' (0.7183489799499512 secs).
[2025-10-30 14:03:47,965] [INFO] ENTER: 'GraphRAG' calling 'claim_negation'; CURRENT SPEAKER: grok-3_mas_rag, DIALOGUE TURN NUM = 8.
[2025-10-30 14:03:47,966] [INFO] ENTER: 'GraphRAG' calling 'query_graph'; CURRENT SPEAKER: grok-3_mas_rag, DIALOGUE TURN NUM = 8.
[2025-10-30 14:03:48,657] [INFO] EXIT: 'GraphRAG' calling 'query_graph' (0.6913764476776123 secs).
[2025-10-30 14:03:48,657] [INFO] EXIT: 'GraphRAG' calling 'claim_negation' (0.6918525695800781 secs).
[2025-10-30 14:03:48,657] [INFO] ENTER: 'GraphRAG' calling 'concede'; CURRENT SPEAKER: grok-3_mas_rag, DIALOGUE TURN NUM = 8.
[2025-10-30 14:03:48,657] [INFO] ENTER: 'GraphRAG' calling 'query_graph'; CURRENT SPEAKER: grok-3_mas_rag, DIALOGUE TURN NUM = 8.
[2025-10-30 14:03:49,379] [INFO] EXIT: 'GraphRAG' calling 'query_graph' (0.7210702896118164 secs).
[2025-10-30 14:03:49,379] [INFO] EXIT: 'GraphRAG' calling 'concede' (0.7214977741241455 secs).
[2025-10-30 14:03:49,379] [INFO] ENTER: 'GraphRAG' calling 'question'; CURRENT SPEAKER: grok-3_mas_rag, DIALOGUE TURN NUM = 8.
[2025-10-30 14:03:49,379] [INFO] ENTER: 'GraphRAG' calling 'query_graph'; CURRENT SPEAKER: grok-3_mas_rag, DIALOGUE TURN NUM = 8.
[2025-10-30 14:03:49,513] [INFO] EXIT: 'GraphRAG' calling 'query_graph' (0.1336534023284912 secs).
[2025-10-30 14:03:49,513] [INFO] EXIT: 'GraphRAG' calling 'question' (0.1340787410736084 secs).
[2025-10-30 14:03:49,528] [INFO] ENTER: 'GraphRAG' calling 'why'; CURRENT SPEAKER: grok-3_mas_rag, DIALOGUE TURN NUM = 8.
[2025-10-30 14:03:49,529] [INFO] ENTER: 'GraphRAG' calling 'query_graph'; CURRENT SPEAKER: grok-3_mas_rag, DIALOGUE TURN NUM = 8.
[2025-10-30 14:03:50,247] [INFO] EXIT: 'GraphRAG' calling 'query_graph' (0.7185678482055664 secs).
[2025-10-30 14:03:50,247] [INFO] EXIT: 'GraphRAG' calling 'why' (0.7189986705780029 secs).
[2025-10-30 14:03:50,247] [INFO] ENTER: 'GraphRAG' calling 'claim_negation'; CURRENT SPEAKER: grok-3_mas_rag, DIALOGUE TURN NUM = 8.
[2025-10-30 14:03:50,248] [INFO] ENTER: 'GraphRAG' calling 'query_graph'; CURRENT SPEAKER: grok-3_mas_rag, DIALOGUE TURN NUM = 8.
[2025-10-30 14:03:50,943] [INFO] EXIT: 'GraphRAG' calling 'query_graph' (0.6949419975280762 secs).
[2025-10-30 14:03:50,943] [INFO] EXIT: 'GraphRAG' calling 'claim_negation' (0.6953785419464111 secs).
[2025-10-30 14:03:50,943] [INFO] ENTER: 'GraphRAG' calling 'concede'; CURRENT SPEAKER: grok-3_mas_rag, DIALOGUE TURN NUM = 8.
[2025-10-30 14:03:50,943] [INFO] ENTER: 'GraphRAG' calling 'query_graph'; CURRENT SPEAKER: grok-3_mas_rag, DIALOGUE TURN NUM = 8.
[2025-10-30 14:03:51,664] [INFO] EXIT: 'GraphRAG' calling 'query_graph' (0.720613956451416 secs).
[2025-10-30 14:03:51,664] [INFO] EXIT: 'GraphRAG' calling 'concede' (0.7210402488708496 secs).
[2025-10-30 14:03:51,664] [INFO] ENTER: 'GraphRAG' calling 'question'; CURRENT SPEAKER: grok-3_mas_rag, DIALOGUE TURN NUM = 8.
[2025-10-30 14:03:51,664] [INFO] ENTER: 'GraphRAG' calling 'query_graph'; CURRENT SPEAKER: grok-3_mas_rag, DIALOGUE TURN NUM = 8.
[2025-10-30 14:03:51,797] [INFO] EXIT: 'GraphRAG' calling 'query_graph' (0.13289594650268555 secs).
[2025-10-30 14:03:51,797] [INFO] EXIT: 'GraphRAG' calling 'question' (0.13331961631774902 secs).
[2025-10-30 14:03:51,813] [INFO] ENTER: 'GraphRAG' calling 'why'; CURRENT SPEAKER: grok-3_mas_rag, DIALOGUE TURN NUM = 8.
[2025-10-30 14:03:51,813] [INFO] ENTER: 'GraphRAG' calling 'query_graph'; CURRENT SPEAKER: grok-3_mas_rag, DIALOGUE TURN NUM = 8.
[2025-10-30 14:03:52,534] [INFO] EXIT: 'GraphRAG' calling 'query_graph' (0.7203609943389893 secs).
[2025-10-30 14:03:52,534] [INFO] EXIT: 'GraphRAG' calling 'why' (0.7207517623901367 secs).
[2025-10-30 14:03:52,534] [INFO] ENTER: 'GraphRAG' calling 'claim_negation'; CURRENT SPEAKER: grok-3_mas_rag, DIALOGUE TURN NUM = 8.
[2025-10-30 14:03:52,534] [INFO] ENTER: 'GraphRAG' calling 'query_graph'; CURRENT SPEAKER: grok-3_mas_rag, DIALOGUE TURN NUM = 8.
[2025-10-30 14:03:53,227] [INFO] EXIT: 'GraphRAG' calling 'query_graph' (0.693070650100708 secs).
[2025-10-30 14:03:53,227] [INFO] EXIT: 'GraphRAG' calling 'claim_negation' (0.6934781074523926 secs).
[2025-10-30 14:03:53,227] [INFO] ENTER: 'GraphRAG' calling 'concede'; CURRENT SPEAKER: grok-3_mas_rag, DIALOGUE TURN NUM = 8.
[2025-10-30 14:03:53,228] [INFO] ENTER: 'GraphRAG' calling 'query_graph'; CURRENT SPEAKER: grok-3_mas_rag, DIALOGUE TURN NUM = 8.
[2025-10-30 14:03:53,946] [INFO] EXIT: 'GraphRAG' calling 'query_graph' (0.7187638282775879 secs).
[2025-10-30 14:03:53,947] [INFO] EXIT: 'GraphRAG' calling 'concede' (0.719153642654419 secs).
[2025-10-30 14:03:53,947] [INFO] ENTER: 'GraphRAG' calling 'question'; CURRENT SPEAKER: grok-3_mas_rag, DIALOGUE TURN NUM = 8.
[2025-10-30 14:03:53,947] [INFO] ENTER: 'GraphRAG' calling 'query_graph'; CURRENT SPEAKER: grok-3_mas_rag, DIALOGUE TURN NUM = 8.
[2025-10-30 14:03:54,081] [INFO] EXIT: 'GraphRAG' calling 'query_graph' (0.1337428092956543 secs).
[2025-10-30 14:03:54,081] [INFO] EXIT: 'GraphRAG' calling 'question' (0.13414812088012695 secs).
[2025-10-30 14:03:54,096] [INFO] ENTER: 'GraphRAG' calling 'why'; CURRENT SPEAKER: grok-3_mas_rag, DIALOGUE TURN NUM = 8.
[2025-10-30 14:03:54,096] [INFO] ENTER: 'GraphRAG' calling 'query_graph'; CURRENT SPEAKER: grok-3_mas_rag, DIALOGUE TURN NUM = 8.
[2025-10-30 14:03:54,816] [INFO] EXIT: 'GraphRAG' calling 'query_graph' (0.7195589542388916 secs).
[2025-10-30 14:03:54,816] [INFO] EXIT: 'GraphRAG' calling 'why' (0.7199780941009521 secs).
[2025-10-30 14:03:54,816] [INFO] ENTER: 'GraphRAG' calling 'claim_negation'; CURRENT SPEAKER: grok-3_mas_rag, DIALOGUE TURN NUM = 8.
[2025-10-30 14:03:54,817] [INFO] ENTER: 'GraphRAG' calling 'query_graph'; CURRENT SPEAKER: grok-3_mas_rag, DIALOGUE TURN NUM = 8.
[2025-10-30 14:03:55,510] [INFO] EXIT: 'GraphRAG' calling 'query_graph' (0.6935904026031494 secs).
[2025-10-30 14:03:55,510] [INFO] EXIT: 'GraphRAG' calling 'claim_negation' (0.6940665245056152 secs).
[2025-10-30 14:03:55,510] [INFO] ENTER: 'GraphRAG' calling 'concede'; CURRENT SPEAKER: grok-3_mas_rag, DIALOGUE TURN NUM = 8.
[2025-10-30 14:03:55,511] [INFO] ENTER: 'GraphRAG' calling 'query_graph'; CURRENT SPEAKER: grok-3_mas_rag, DIALOGUE TURN NUM = 8.
[2025-10-30 14:03:56,232] [INFO] EXIT: 'GraphRAG' calling 'query_graph' (0.7217087745666504 secs).
[2025-10-30 14:03:56,232] [INFO] EXIT: 'GraphRAG' calling 'concede' (0.7221038341522217 secs).
[2025-10-30 14:03:56,233] [INFO] ENTER: 'GraphRAG' calling 'question'; CURRENT SPEAKER: grok-3_mas_rag, DIALOGUE TURN NUM = 8.
[2025-10-30 14:03:56,233] [INFO] ENTER: 'GraphRAG' calling 'query_graph'; CURRENT SPEAKER: grok-3_mas_rag, DIALOGUE TURN NUM = 8.
[2025-10-30 14:03:56,367] [INFO] EXIT: 'GraphRAG' calling 'query_graph' (0.13369178771972656 secs).
[2025-10-30 14:03:56,367] [INFO] EXIT: 'GraphRAG' calling 'question' (0.1341249942779541 secs).
[2025-10-30 14:03:56,383] [INFO] ENTER: 'GraphRAG' calling 'why'; CURRENT SPEAKER: grok-3_mas_rag, DIALOGUE TURN NUM = 8.
[2025-10-30 14:03:56,383] [INFO] ENTER: 'GraphRAG' calling 'query_graph'; CURRENT SPEAKER: grok-3_mas_rag, DIALOGUE TURN NUM = 8.
[2025-10-30 14:03:57,102] [INFO] EXIT: 'GraphRAG' calling 'query_graph' (0.7182290554046631 secs).
[2025-10-30 14:03:57,102] [INFO] EXIT: 'GraphRAG' calling 'why' (0.7186160087585449 secs).
[2025-10-30 14:03:57,102] [INFO] ENTER: 'GraphRAG' calling 'claim_negation'; CURRENT SPEAKER: grok-3_mas_rag, DIALOGUE TURN NUM = 8.
[2025-10-30 14:03:57,102] [INFO] ENTER: 'GraphRAG' calling 'query_graph'; CURRENT SPEAKER: grok-3_mas_rag, DIALOGUE TURN NUM = 8.
[2025-10-30 14:03:57,795] [INFO] EXIT: 'GraphRAG' calling 'query_graph' (0.6930065155029297 secs).
[2025-10-30 14:03:57,795] [INFO] EXIT: 'GraphRAG' calling 'claim_negation' (0.6934385299682617 secs).
[2025-10-30 14:03:57,795] [INFO] ENTER: 'GraphRAG' calling 'concede'; CURRENT SPEAKER: grok-3_mas_rag, DIALOGUE TURN NUM = 8.
[2025-10-30 14:03:57,795] [INFO] ENTER: 'GraphRAG' calling 'query_graph'; CURRENT SPEAKER: grok-3_mas_rag, DIALOGUE TURN NUM = 8.
[2025-10-30 14:03:58,516] [INFO] EXIT: 'GraphRAG' calling 'query_graph' (0.7208030223846436 secs).
[2025-10-30 14:03:58,516] [INFO] EXIT: 'GraphRAG' calling 'concede' (0.7212727069854736 secs).
[2025-10-30 14:03:58,516] [INFO] ENTER: 'GraphRAG' calling 'question'; CURRENT SPEAKER: grok-3_mas_rag, DIALOGUE TURN NUM = 8.
[2025-10-30 14:03:58,517] [INFO] ENTER: 'GraphRAG' calling 'query_graph'; CURRENT SPEAKER: grok-3_mas_rag, DIALOGUE TURN NUM = 8.
[2025-10-30 14:03:58,656] [INFO] EXIT: 'GraphRAG' calling 'query_graph' (0.13942742347717285 secs).
[2025-10-30 14:03:58,656] [INFO] EXIT: 'GraphRAG' calling 'question' (0.13996434211730957 secs).
[2025-10-30 14:03:58,657] [INFO] ENTER: 'GraphRAG' calling 'return_rag_examples'; CURRENT SPEAKER: grok-3_mas_rag, DIALOGUE TURN NUM = 8.
[2025-10-30 14:03:58,657] [INFO] EXIT: 'GraphRAG' calling 'return_rag_examples' (2.6226043701171875e-06 secs).
[2025-10-30 14:03:58,659] [INFO] ENTER: 'DialogueMoveGenerator' calling 'generate'; CURRENT SPEAKER: grok-3_mas_rag, DIALOGUE TURN NUM = 8.
[2025-10-30 14:03:58,659] [INFO] ENTER: 'MASPromptGenerator' calling 'claim_negation'; CURRENT SPEAKER: grok-3_mas_rag, DIALOGUE TURN NUM = 8.
[2025-10-30 14:03:58,660] [INFO] EXIT: 'MASPromptGenerator' calling 'claim_negation' (0.00023865699768066406 secs).
[2025-10-30 14:03:58,660] [INFO] ENTER: 'DialogueMoveGenerator' calling 'generate'; CURRENT SPEAKER: grok-3_mas_rag, DIALOGUE TURN NUM = 8.
[2025-10-30 14:03:58,660] [INFO] ENTER: 'MASPromptGenerator' calling 'concede_claim'; CURRENT SPEAKER: grok-3_mas_rag, DIALOGUE TURN NUM = 8.
[2025-10-30 14:03:58,661] [INFO] EXIT: 'MASPromptGenerator' calling 'concede_claim' (0.0002243518829345703 secs).
[2025-10-30 14:03:58,662] [INFO] ENTER: 'DialogueMoveGenerator' calling 'generate'; CURRENT SPEAKER: grok-3_mas_rag, DIALOGUE TURN NUM = 8.
[2025-10-30 14:03:58,663] [INFO] ENTER: 'DialogueMoveGenerator' calling 'generate'; CURRENT SPEAKER: grok-3_mas_rag, DIALOGUE TURN NUM = 8.
[2025-10-30 14:03:58,663] [INFO] ENTER: 'MASPromptGenerator' calling 'question_claim'; CURRENT SPEAKER: grok-3_mas_rag, DIALOGUE TURN NUM = 8.
[2025-10-30 14:03:58,663] [INFO] ENTER: 'MASPromptGenerator' calling 'why_claim'; CURRENT SPEAKER: grok-3_mas_rag, DIALOGUE TURN NUM = 8.
[2025-10-30 14:03:58,663] [INFO] EXIT: 'MASPromptGenerator' calling 'question_claim' (0.00024247169494628906 secs).
[2025-10-30 14:03:58,664] [INFO] EXIT: 'MASPromptGenerator' calling 'why_claim' (0.00021195411682128906 secs).
[2025-10-30 14:04:03,101] [INFO] Completion returned and validated from MODEL = 'grok-3'.
[2025-10-30 14:04:03,376] [INFO] Completion returned and validated from MODEL = 'grok-3'.
[2025-10-30 14:04:04,079] [INFO] Completion returned and validated from MODEL = 'grok-3'.
[2025-10-30 14:04:05,191] [INFO] Completion returned and validated from MODEL = 'grok-3'.
[2025-10-30 14:04:07,604] [INFO] Completion returned and validated from MODEL = 'grok-3'.
[2025-10-30 14:04:10,383] [INFO] Completion returned and validated from MODEL = 'grok-3'.
[2025-10-30 14:04:10,863] [INFO] Completion returned and validated from MODEL = 'grok-3'.
[2025-10-30 14:04:11,316] [INFO] Completion returned and validated from MODEL = 'grok-3'.
[2025-10-30 14:04:12,778] [INFO] Completion returned and validated from MODEL = 'grok-3'.
[2025-10-30 14:04:16,782] [INFO] Completion returned and validated from MODEL = 'grok-3'.
[2025-10-30 14:04:16,956] [INFO] Completion returned and validated from MODEL = 'grok-3'.
[2025-10-30 14:04:17,177] [INFO] Completion returned and validated from MODEL = 'grok-3'.
[2025-10-30 14:04:21,000] [INFO] Completion returned and validated from MODEL = 'grok-3'.
[2025-10-30 14:04:21,776] [INFO] Completion returned and validated from MODEL = 'grok-3'.
[2025-10-30 14:04:22,574] [INFO] Completion returned and validated from MODEL = 'grok-3'.
[2025-10-30 14:04:22,838] [INFO] Completion returned and validated from MODEL = 'grok-3'.
[2025-10-30 14:04:24,987] [INFO] Completion returned and validated from MODEL = 'grok-3'.
[2025-10-30 14:04:26,337] [INFO] Completion returned and validated from MODEL = 'grok-3'.
[2025-10-30 14:04:27,928] [INFO] Completion returned and validated from MODEL = 'grok-3'.
[2025-10-30 14:04:28,818] [INFO] Completion returned and validated from MODEL = 'grok-3'.
[2025-10-30 14:04:28,818] [INFO] EXIT: 'DialogueMoveGenerator' calling 'generate' (30.157771587371826 secs).
[2025-10-30 14:04:29,272] [INFO] Completion returned and validated from MODEL = 'grok-3'.
[2025-10-30 14:04:31,739] [INFO] Completion returned and validated from MODEL = 'grok-3'.
[2025-10-30 14:04:34,067] [INFO] Completion returned and validated from MODEL = 'grok-3'.
[2025-10-30 14:04:34,907] [INFO] Completion returned and validated from MODEL = 'grok-3'.
[2025-10-30 14:04:37,888] [INFO] Completion returned and validated from MODEL = 'grok-3'.
[2025-10-30 14:04:37,888] [INFO] EXIT: 'DialogueMoveGenerator' calling 'generate' (39.22549891471863 secs).
[2025-10-30 14:04:40,505] [INFO] Completion returned and validated from MODEL = 'grok-3'.
[2025-10-30 14:04:40,505] [INFO] EXIT: 'DialogueMoveGenerator' calling 'generate' (41.8425555229187 secs).
[2025-10-30 14:04:40,787] [INFO] Completion returned and validated from MODEL = 'grok-3'.
[2025-10-30 14:04:47,679] [INFO] Completion returned and validated from MODEL = 'grok-3'.
[2025-10-30 14:04:47,679] [INFO] EXIT: 'DialogueMoveGenerator' calling 'generate' (49.01931405067444 secs).
[2025-10-30 14:04:47,679] [INFO] ENTER: 'MASPromptGenerator' calling 'persuasiveness_choice'; CURRENT SPEAKER: grok-3_mas_rag, DIALOGUE TURN NUM = 8.
[2025-10-30 14:04:47,680] [INFO] EXIT: 'MASPromptGenerator' calling 'persuasiveness_choice' (0.00025010108947753906 secs).
[2025-10-30 14:04:51,663] [INFO] Completion returned and validated within 'PersuasivenessChoiceAgent'; MODEL = 'grok-3'; DIALOGUE TURN NUM = 8.
[2025-10-30 14:04:56,225] [INFO] Completion returned and validated within 'PersuasivenessChoiceAgent'; MODEL = 'grok-3'; DIALOGUE TURN NUM = 8.
[2025-10-30 14:05:00,233] [INFO] Completion returned and validated within 'PersuasivenessChoiceAgent'; MODEL = 'grok-3'; DIALOGUE TURN NUM = 8.
[2025-10-30 14:05:04,189] [INFO] Completion returned and validated within 'PersuasivenessChoiceAgent'; MODEL = 'grok-3'; DIALOGUE TURN NUM = 8.
[2025-10-30 14:05:07,728] [INFO] Completion returned and validated within 'PersuasivenessChoiceAgent'; MODEL = 'grok-3'; DIALOGUE TURN NUM = 8.
[2025-10-30 14:05:11,080] [INFO] Completion returned and validated within 'PersuasivenessChoiceAgent'; MODEL = 'grok-3'; DIALOGUE TURN NUM = 8.
[2025-10-30 14:05:15,107] [INFO] Completion returned and validated within 'PersuasivenessChoiceAgent'; MODEL = 'grok-3'; DIALOGUE TURN NUM = 8.
[2025-10-30 14:05:15,108] [INFO] ENTER: 'DisambiguationAgent' calling '_grouping_similar_utterance_types'; CURRENT SPEAKER: grok-3_mas_rag, DIALOGUE TURN NUM = 8.
[2025-10-30 14:05:15,108] [INFO] EXIT: 'DisambiguationAgent' calling '_grouping_similar_utterance_types' (1.3589859008789062e-05 secs).
[2025-10-30 14:05:15,108] [INFO] ENTER: 'DisambiguationAgent' calling '_identifying_similar_sentences_and_choosing_one_to_return_to_user'; CURRENT SPEAKER: grok-3_mas_rag, DIALOGUE TURN NUM = 8.
[2025-10-30 14:05:34,248] [INFO] 'DisambiguationAgent' grouped similar sentences, completion returned and validated; MODEL = 'grok-3'.
[2025-10-30 14:05:35,522] [INFO] 'DisambiguationAgent' chose sentences to remove, completion returned and validated from MODEL = 'grok-3'.
[2025-10-30 14:05:37,265] [INFO] 'DisambiguationAgent' chose sentences to remove, completion returned and validated from MODEL = 'grok-3'.
[2025-10-30 14:05:38,461] [INFO] 'DisambiguationAgent' chose sentences to remove, completion returned and validated from MODEL = 'grok-3'.
[2025-10-30 14:05:40,395] [INFO] 'DisambiguationAgent' chose sentences to remove, completion returned and validated from MODEL = 'grok-3'.
[2025-10-30 14:05:42,143] [INFO] 'DisambiguationAgent' chose sentences to remove, completion returned and validated from MODEL = 'grok-3'.
[2025-10-30 14:05:42,143] [INFO] EXIT: 'DisambiguationAgent' calling '_identifying_similar_sentences_and_choosing_one_to_return_to_user' (27.0348117351532 secs).
[2025-10-30 14:05:42,143] [INFO] ENTER: 'DisambiguationAgent' calling '_identifying_similar_sentences_and_choosing_one_to_return_to_user'; CURRENT SPEAKER: grok-3_mas_rag, DIALOGUE TURN NUM = 8.
[2025-10-30 14:05:49,194] [INFO] 'DisambiguationAgent' grouped similar sentences, completion returned and validated; MODEL = 'grok-3'.
[2025-10-30 14:05:51,341] [INFO] 'DisambiguationAgent' chose sentences to remove, completion returned and validated from MODEL = 'grok-3'.
[2025-10-30 14:05:53,101] [INFO] 'DisambiguationAgent' chose sentences to remove, completion returned and validated from MODEL = 'grok-3'.
[2025-10-30 14:05:54,532] [INFO] 'DisambiguationAgent' chose sentences to remove, completion returned and validated from MODEL = 'grok-3'.
[2025-10-30 14:05:54,532] [INFO] EXIT: 'DisambiguationAgent' calling '_identifying_similar_sentences_and_choosing_one_to_return_to_user' (12.388829946517944 secs).
[2025-10-30 14:05:54,532] [INFO] ENTER: 'DisambiguationAgent' calling '_removing_repetitive_sentences'; CURRENT SPEAKER: grok-3_mas_rag, DIALOGUE TURN NUM = 8.
[2025-10-30 14:05:54,532] [INFO] EXIT: 'DisambiguationAgent' calling '_removing_repetitive_sentences' (2.3603439331054688e-05 secs).
[2025-10-30 14:05:54,532] [INFO] ENTER: 'DisambiguationAgent' calling '_choose_the_most_persuasive_sentences'; CURRENT SPEAKER: grok-3_mas_rag, DIALOGUE TURN NUM = 8.
[2025-10-30 14:05:59,269] [INFO] 'DisambiguationAgent': reached maximum allowed sentences, succussfully chose most persuasive sentences, completion returned and validated from MODEL = 'grok-3'.
[2025-10-30 14:05:59,269] [INFO] EXIT: 'DisambiguationAgent' calling '_choose_the_most_persuasive_sentences' (4.737307071685791 secs).
[2025-10-30 14:05:59,269] [INFO] ENTER: 'DisambiguationAgent' calling 'return_disambiguated_sentences'; CURRENT SPEAKER: grok-3_mas_rag, DIALOGUE TURN NUM = 8.
[2025-10-30 14:05:59,269] [INFO] EXIT: 'DisambiguationAgent' calling 'return_disambiguated_sentences' (3.0994415283203125e-06 secs).
[2025-10-30 14:05:59,270] [ERROR] Wrong state used; State of type HumanState; error message: dict has unexpected extra key(s): "graph_rag_examples", "intermediate_generations", "knowledge_base_ensemble_or_model_name", "model_seed", "model_temp", "model_top_p", "number_of_graph_rag_examples", "number_of_vector_based_rag_examples", "political_position_prob_of_na", "political_position_range", "political_position_std", "speaker_model_name", "speaker_type", "vector_based_persona_string", "vector_based_persona_sys_prompt"
[2025-10-30 14:05:59,270] [INFO] Correct state used; State of type GenerationAgentsState; 'IGNORE THE ABOVE ERRORS'.
[2025-10-30 14:06:00,142] [INFO] 'commitment_update' completed '___Claim___' update for current speaker's commitments; MODEL = 'grok-3'.
[2025-10-30 14:06:00,894] [INFO] 'commitment_update' completed '___Claim___' update for current speaker's commitments; MODEL = 'grok-3'.
[2025-10-30 14:06:01,646] [INFO] 'commitment_update' completed '___Claim___' update for current speaker's commitments; MODEL = 'grok-3'.
[2025-10-30 14:06:02,367] [INFO] 'commitment_update' completed '___Claim___' update for current speaker's commitments; MODEL = 'grok-3'.
[2025-10-30 14:06:02,461] [ERROR] Wrong state used; State of type HumanState; error message: dict has unexpected extra key(s): "graph_rag_examples", "intermediate_generations", "knowledge_base_ensemble_or_model_name", "model_seed", "model_temp", "model_top_p", "number_of_graph_rag_examples", "number_of_vector_based_rag_examples", "political_position_prob_of_na", "political_position_range", "political_position_std", "speaker_model_name", "speaker_type", "vector_based_persona_string", "vector_based_persona_sys_prompt"
[2025-10-30 14:06:02,462] [INFO] Correct state used; State of type GenerationAgentsState; 'IGNORE THE ABOVE ERRORS'.
[2025-10-30 14:06:02,462] [INFO] ENTER: 'UtteranceClassificationAgent' calling '_classify_sentence_utterance_types'; CURRENT SPEAKER: grok-4_mas, DIALOGUE TURN NUM = 9.
[2025-10-30 14:06:03,030] [INFO] 'UtteranceClassificationAgent' completion returned and validated from MODEL = 'ModelName.GROK_4'.
[2025-10-30 14:06:03,572] [INFO] 'UtteranceClassificationAgent' completion returned and validated from MODEL = 'ModelName.GROK_4'.
[2025-10-30 14:06:04,119] [INFO] 'UtteranceClassificationAgent' completion returned and validated from MODEL = 'ModelName.GROK_4'.
[2025-10-30 14:06:04,665] [INFO] 'UtteranceClassificationAgent' completion returned and validated from MODEL = 'ModelName.GROK_4'.
[2025-10-30 14:06:05,251] [INFO] 'UtteranceClassificationAgent' completion returned and validated from MODEL = 'ModelName.GROK_4'.
[2025-10-30 14:06:05,251] [INFO] EXIT: 'UtteranceClassificationAgent' calling '_classify_sentence_utterance_types' (2.789550542831421 secs).
[2025-10-30 14:06:05,251] [INFO] ENTER: 'UtteranceClassificationAgent' calling 'return_classified_sentences'; CURRENT SPEAKER: grok-4_mas, DIALOGUE TURN NUM = 9.
[2025-10-30 14:06:05,251] [INFO] EXIT: 'UtteranceClassificationAgent' calling 'return_classified_sentences' (2.1457672119140625e-06 secs).
[2025-10-30 14:06:05,254] [INFO] ENTER: 'DialogueMoveGenerator' calling 'generate'; CURRENT SPEAKER: grok-4_mas, DIALOGUE TURN NUM = 9.
[2025-10-30 14:06:05,254] [INFO] ENTER: 'MASPromptGenerator' calling 'claim'; CURRENT SPEAKER: grok-4_mas, DIALOGUE TURN NUM = 9.
[2025-10-30 14:06:05,254] [INFO] EXIT: 'MASPromptGenerator' calling 'claim' (6.079673767089844e-05 secs).
[2025-10-30 14:06:05,257] [INFO] ENTER: 'DialogueMoveGenerator' calling 'generate'; CURRENT SPEAKER: grok-4_mas, DIALOGUE TURN NUM = 9.
[2025-10-30 14:06:05,257] [INFO] ENTER: 'MASPromptGenerator' calling 'claim_negation'; CURRENT SPEAKER: grok-4_mas, DIALOGUE TURN NUM = 9.
[2025-10-30 14:06:05,257] [INFO] EXIT: 'MASPromptGenerator' calling 'claim_negation' (6.794929504394531e-05 secs).
[2025-10-30 14:06:05,259] [INFO] ENTER: 'DialogueMoveGenerator' calling 'generate'; CURRENT SPEAKER: grok-4_mas, DIALOGUE TURN NUM = 9.
[2025-10-30 14:06:05,259] [INFO] ENTER: 'MASPromptGenerator' calling 'concede_claim'; CURRENT SPEAKER: grok-4_mas, DIALOGUE TURN NUM = 9.
[2025-10-30 14:06:05,259] [INFO] EXIT: 'MASPromptGenerator' calling 'concede_claim' (5.626678466796875e-05 secs).
[2025-10-30 14:06:05,260] [INFO] ENTER: 'DialogueMoveGenerator' calling 'generate'; CURRENT SPEAKER: grok-4_mas, DIALOGUE TURN NUM = 9.
[2025-10-30 14:06:05,260] [INFO] ENTER: 'MASPromptGenerator' calling 'question_claim'; CURRENT SPEAKER: grok-4_mas, DIALOGUE TURN NUM = 9.
[2025-10-30 14:06:05,260] [INFO] EXIT: 'MASPromptGenerator' calling 'question_claim' (6.175041198730469e-05 secs).
[2025-10-30 14:06:05,260] [INFO] ENTER: 'DialogueMoveGenerator' calling 'generate'; CURRENT SPEAKER: grok-4_mas, DIALOGUE TURN NUM = 9.
[2025-10-30 14:06:05,261] [INFO] ENTER: 'DialogueMoveGenerator' calling 'generate'; CURRENT SPEAKER: grok-4_mas, DIALOGUE TURN NUM = 9.
[2025-10-30 14:06:05,261] [INFO] ENTER: 'MASPromptGenerator' calling 'retract_claim'; CURRENT SPEAKER: grok-4_mas, DIALOGUE TURN NUM = 9.
[2025-10-30 14:06:05,261] [INFO] ENTER: 'DialogueMoveGenerator' calling 'generate'; CURRENT SPEAKER: grok-4_mas, DIALOGUE TURN NUM = 9.
[2025-10-30 14:06:05,261] [INFO] ENTER: 'MASPromptGenerator' calling 'since_claim'; CURRENT SPEAKER: grok-4_mas, DIALOGUE TURN NUM = 9.
[2025-10-30 14:06:05,261] [INFO] EXIT: 'MASPromptGenerator' calling 'retract_claim' (6.270408630371094e-05 secs).
[2025-10-30 14:06:05,262] [INFO] ENTER: 'MASPromptGenerator' calling 'why_claim'; CURRENT SPEAKER: grok-4_mas, DIALOGUE TURN NUM = 9.
[2025-10-30 14:06:05,262] [INFO] EXIT: 'MASPromptGenerator' calling 'since_claim' (6.127357482910156e-05 secs).
[2025-10-30 14:06:05,262] [INFO] EXIT: 'MASPromptGenerator' calling 'why_claim' (6.532669067382812e-05 secs).
[2025-10-30 14:06:06,749] [INFO] Completion returned and validated from MODEL = 'grok-4'.
[2025-10-30 14:06:06,907] [INFO] Completion returned and validated from MODEL = 'grok-4'.
[2025-10-30 14:06:07,021] [INFO] Completion returned and validated from MODEL = 'grok-4'.
[2025-10-30 14:06:07,021] [INFO] EXIT: 'DialogueMoveGenerator' calling 'generate' (1.7669665813446045 secs).
[2025-10-30 14:06:07,030] [INFO] Completion returned and validated from MODEL = 'grok-4'.
[2025-10-30 14:06:07,030] [INFO] EXIT: 'DialogueMoveGenerator' calling 'generate' (1.7688789367675781 secs).
[2025-10-30 14:06:07,050] [INFO] Completion returned and validated from MODEL = 'grok-4'.
[2025-10-30 14:06:07,063] [INFO] Completion returned and validated from MODEL = 'grok-4'.
[2025-10-30 14:06:07,063] [INFO] EXIT: 'DialogueMoveGenerator' calling 'generate' (1.8018715381622314 secs).
[2025-10-30 14:06:07,070] [INFO] Completion returned and validated from MODEL = 'grok-4'.
[2025-10-30 14:06:08,143] [INFO] Completion returned and validated from MODEL = 'grok-4'.
[2025-10-30 14:06:08,446] [INFO] Completion returned and validated from MODEL = 'grok-4'.
[2025-10-30 14:06:08,476] [INFO] Completion returned and validated from MODEL = 'grok-4'.
[2025-10-30 14:06:08,587] [INFO] Completion returned and validated from MODEL = 'grok-4'.
[2025-10-30 14:06:09,538] [INFO] Completion returned and validated from MODEL = 'grok-4'.
[2025-10-30 14:06:10,172] [INFO] Completion returned and validated from MODEL = 'grok-4'.
[2025-10-30 14:06:10,256] [INFO] Completion returned and validated from MODEL = 'grok-4'.
[2025-10-30 14:06:10,306] [INFO] Completion returned and validated from MODEL = 'grok-4'.
[2025-10-30 14:06:10,760] [INFO] Completion returned and validated from MODEL = 'grok-4'.
[2025-10-30 14:06:10,760] [INFO] EXIT: 'DialogueMoveGenerator' calling 'generate' (5.500627756118774 secs).
[2025-10-30 14:06:11,640] [INFO] Completion returned and validated from MODEL = 'grok-4'.
[2025-10-30 14:06:11,640] [INFO] EXIT: 'DialogueMoveGenerator' calling 'generate' (6.37993597984314 secs).
[2025-10-30 14:06:11,650] [INFO] Completion returned and validated from MODEL = 'grok-4'.
[2025-10-30 14:06:11,650] [INFO] EXIT: 'DialogueMoveGenerator' calling 'generate' (6.393061637878418 secs).
[2025-10-30 14:06:11,666] [INFO] Completion returned and validated from MODEL = 'grok-4'.
[2025-10-30 14:06:11,666] [INFO] EXIT: 'DialogueMoveGenerator' calling 'generate' (6.404727458953857 secs).
[2025-10-30 14:06:11,667] [INFO] ENTER: 'MASPromptGenerator' calling 'persuasiveness_choice'; CURRENT SPEAKER: grok-4_mas, DIALOGUE TURN NUM = 9.
[2025-10-30 14:06:11,667] [INFO] EXIT: 'MASPromptGenerator' calling 'persuasiveness_choice' (0.0001544952392578125 secs).
[2025-10-30 14:06:13,107] [INFO] Completion returned and validated within 'PersuasivenessChoiceAgent'; MODEL = 'grok-4'; DIALOGUE TURN NUM = 9.
[2025-10-30 14:06:14,452] [INFO] Completion returned and validated within 'PersuasivenessChoiceAgent'; MODEL = 'grok-4'; DIALOGUE TURN NUM = 9.
[2025-10-30 14:06:16,346] [INFO] Completion returned and validated within 'PersuasivenessChoiceAgent'; MODEL = 'grok-4'; DIALOGUE TURN NUM = 9.
[2025-10-30 14:06:18,206] [INFO] Completion returned and validated within 'PersuasivenessChoiceAgent'; MODEL = 'grok-4'; DIALOGUE TURN NUM = 9.
[2025-10-30 14:06:20,165] [INFO] Completion returned and validated within 'PersuasivenessChoiceAgent'; MODEL = 'grok-4'; DIALOGUE TURN NUM = 9.
[2025-10-30 14:06:20,166] [INFO] ENTER: 'DisambiguationAgent' calling '_grouping_similar_utterance_types'; CURRENT SPEAKER: grok-4_mas, DIALOGUE TURN NUM = 9.
[2025-10-30 14:06:20,166] [INFO] EXIT: 'DisambiguationAgent' calling '_grouping_similar_utterance_types' (1.1920928955078125e-05 secs).
[2025-10-30 14:06:20,166] [INFO] ENTER: 'DisambiguationAgent' calling '_identifying_similar_sentences_and_choosing_one_to_return_to_user'; CURRENT SPEAKER: grok-4_mas, DIALOGUE TURN NUM = 9.
[2025-10-30 14:06:25,435] [INFO] 'DisambiguationAgent' grouped similar sentences, completion returned and validated; MODEL = 'grok-4'.
[2025-10-30 14:06:26,760] [INFO] 'DisambiguationAgent' chose sentences to remove, completion returned and validated from MODEL = 'grok-4'.
[2025-10-30 14:06:27,564] [INFO] 'DisambiguationAgent' chose sentences to remove, completion returned and validated from MODEL = 'grok-4'.
[2025-10-30 14:06:28,368] [INFO] 'DisambiguationAgent' chose sentences to remove, completion returned and validated from MODEL = 'grok-4'.
[2025-10-30 14:06:29,124] [INFO] 'DisambiguationAgent' chose sentences to remove, completion returned and validated from MODEL = 'grok-4'.
[2025-10-30 14:06:29,124] [INFO] EXIT: 'DisambiguationAgent' calling '_identifying_similar_sentences_and_choosing_one_to_return_to_user' (8.958145141601562 secs).
[2025-10-30 14:06:29,124] [INFO] ENTER: 'DisambiguationAgent' calling '_identifying_similar_sentences_and_choosing_one_to_return_to_user'; CURRENT SPEAKER: grok-4_mas, DIALOGUE TURN NUM = 9.
[2025-10-30 14:06:31,070] [INFO] 'DisambiguationAgent' grouped similar sentences, completion returned and validated; MODEL = 'grok-4'.
[2025-10-30 14:06:31,859] [INFO] 'DisambiguationAgent' chose sentences to remove, completion returned and validated from MODEL = 'grok-4'.
[2025-10-30 14:06:32,679] [INFO] 'DisambiguationAgent' chose sentences to remove, completion returned and validated from MODEL = 'grok-4'.
[2025-10-30 14:06:32,679] [INFO] EXIT: 'DisambiguationAgent' calling '_identifying_similar_sentences_and_choosing_one_to_return_to_user' (3.5547034740448 secs).
[2025-10-30 14:06:32,679] [INFO] ENTER: 'DisambiguationAgent' calling '_removing_repetitive_sentences'; CURRENT SPEAKER: grok-4_mas, DIALOGUE TURN NUM = 9.
[2025-10-30 14:06:32,679] [INFO] EXIT: 'DisambiguationAgent' calling '_removing_repetitive_sentences' (1.811981201171875e-05 secs).
[2025-10-30 14:06:32,679] [INFO] ENTER: 'DisambiguationAgent' calling '_choose_the_most_persuasive_sentences'; CURRENT SPEAKER: grok-4_mas, DIALOGUE TURN NUM = 9.
[2025-10-30 14:06:34,490] [INFO] 'DisambiguationAgent': reached maximum allowed sentences, succussfully chose most persuasive sentences, completion returned and validated from MODEL = 'grok-4'.
[2025-10-30 14:06:34,490] [INFO] EXIT: 'DisambiguationAgent' calling '_choose_the_most_persuasive_sentences' (1.8106496334075928 secs).
[2025-10-30 14:06:34,490] [INFO] ENTER: 'DisambiguationAgent' calling 'return_disambiguated_sentences'; CURRENT SPEAKER: grok-4_mas, DIALOGUE TURN NUM = 9.
[2025-10-30 14:06:34,490] [INFO] EXIT: 'DisambiguationAgent' calling 'return_disambiguated_sentences' (2.6226043701171875e-06 secs).
[2025-10-30 14:06:34,490] [ERROR] Wrong state used; State of type HumanState; error message: dict has unexpected extra key(s): "graph_rag_examples", "intermediate_generations", "knowledge_base_ensemble_or_model_name", "model_seed", "model_temp", "model_top_p", "number_of_graph_rag_examples", "number_of_vector_based_rag_examples", "political_position_prob_of_na", "political_position_range", "political_position_std", "speaker_model_name", "speaker_type", "vector_based_persona_string", "vector_based_persona_sys_prompt"
[2025-10-30 14:06:34,491] [INFO] Correct state used; State of type GenerationAgentsState; 'IGNORE THE ABOVE ERRORS'.
[2025-10-30 14:06:35,040] [INFO] 'commitment_update' completed '___Since___' update; MODEL = 'grok-4'.
[2025-10-30 14:06:35,693] [INFO] 'commitment_update' completed '___Claim___' update for current speaker's commitments; MODEL = 'grok-4'.
[2025-10-30 14:06:36,257] [INFO] 'commitment_update' completed '___Claim___' update for current speaker's commitments; MODEL = 'grok-4'.
[2025-10-30 14:06:36,793] [INFO] 'commitment_update' completed '___Claim___' update for current speaker's commitments; MODEL = 'grok-4'.
[2025-10-30 14:06:36,869] [ERROR] Wrong state used; State of type HumanState; error message: dict has unexpected extra key(s): "graph_rag_examples", "intermediate_generations", "knowledge_base_ensemble_or_model_name", "model_seed", "model_temp", "model_top_p", "number_of_graph_rag_examples", "number_of_vector_based_rag_examples", "political_position_prob_of_na", "political_position_range", "political_position_std", "speaker_model_name", "speaker_type", "vector_based_persona_string", "vector_based_persona_sys_prompt"
[2025-10-30 14:06:36,869] [INFO] Correct state used; State of type GenerationAgentsState; 'IGNORE THE ABOVE ERRORS'.
[2025-10-30 14:06:36,869] [INFO] ENTER: 'UtteranceClassificationAgent' calling '_classify_sentence_utterance_types'; CURRENT SPEAKER: grok-3_mas_rag, DIALOGUE TURN NUM = 10.
[2025-10-30 14:06:37,659] [INFO] 'UtteranceClassificationAgent' completion returned and validated from MODEL = 'ModelName.GROK_3'.
[2025-10-30 14:06:38,756] [INFO] 'UtteranceClassificationAgent' completion returned and validated from MODEL = 'ModelName.GROK_3'.
[2025-10-30 14:06:39,496] [INFO] 'UtteranceClassificationAgent' completion returned and validated from MODEL = 'ModelName.GROK_3'.
[2025-10-30 14:06:40,185] [INFO] 'UtteranceClassificationAgent' completion returned and validated from MODEL = 'ModelName.GROK_3'.
[2025-10-30 14:06:40,897] [INFO] 'UtteranceClassificationAgent' completion returned and validated from MODEL = 'ModelName.GROK_3'.
[2025-10-30 14:06:41,669] [INFO] 'UtteranceClassificationAgent' completion returned and validated from MODEL = 'ModelName.GROK_3'.
[2025-10-30 14:06:42,447] [INFO] 'UtteranceClassificationAgent' completion returned and validated from MODEL = 'ModelName.GROK_3'.
[2025-10-30 14:06:43,246] [INFO] 'UtteranceClassificationAgent' completion returned and validated from MODEL = 'ModelName.GROK_3'.
[2025-10-30 14:06:43,980] [INFO] 'UtteranceClassificationAgent' completion returned and validated from MODEL = 'ModelName.GROK_3'.
[2025-10-30 14:06:43,980] [INFO] EXIT: 'UtteranceClassificationAgent' calling '_classify_sentence_utterance_types' (7.110979795455933 secs).
[2025-10-30 14:06:43,980] [INFO] ENTER: 'UtteranceClassificationAgent' calling 'return_classified_sentences'; CURRENT SPEAKER: grok-3_mas_rag, DIALOGUE TURN NUM = 10.
[2025-10-30 14:06:43,980] [INFO] EXIT: 'UtteranceClassificationAgent' calling 'return_classified_sentences' (1.9073486328125e-06 secs).
[2025-10-30 14:06:44,003] [INFO] ENTER: 'GraphRAG' calling 'why'; CURRENT SPEAKER: grok-3_mas_rag, DIALOGUE TURN NUM = 10.
[2025-10-30 14:06:44,003] [INFO] ENTER: 'GraphRAG' calling 'query_graph'; CURRENT SPEAKER: grok-3_mas_rag, DIALOGUE TURN NUM = 10.
[2025-10-30 14:06:44,726] [INFO] EXIT: 'GraphRAG' calling 'query_graph' (0.7221143245697021 secs).
[2025-10-30 14:06:44,726] [INFO] EXIT: 'GraphRAG' calling 'why' (0.7225809097290039 secs).
[2025-10-30 14:06:44,726] [INFO] ENTER: 'GraphRAG' calling 'claim_negation'; CURRENT SPEAKER: grok-3_mas_rag, DIALOGUE TURN NUM = 10.
[2025-10-30 14:06:44,726] [INFO] ENTER: 'GraphRAG' calling 'query_graph'; CURRENT SPEAKER: grok-3_mas_rag, DIALOGUE TURN NUM = 10.
[2025-10-30 14:06:45,421] [INFO] EXIT: 'GraphRAG' calling 'query_graph' (0.6949076652526855 secs).
[2025-10-30 14:06:45,421] [INFO] EXIT: 'GraphRAG' calling 'claim_negation' (0.6953849792480469 secs).
[2025-10-30 14:06:45,421] [INFO] ENTER: 'GraphRAG' calling 'concede'; CURRENT SPEAKER: grok-3_mas_rag, DIALOGUE TURN NUM = 10.
[2025-10-30 14:06:45,422] [INFO] ENTER: 'GraphRAG' calling 'query_graph'; CURRENT SPEAKER: grok-3_mas_rag, DIALOGUE TURN NUM = 10.
[2025-10-30 14:06:46,145] [INFO] EXIT: 'GraphRAG' calling 'query_graph' (0.7229163646697998 secs).
[2025-10-30 14:06:46,145] [INFO] EXIT: 'GraphRAG' calling 'concede' (0.7233860492706299 secs).
[2025-10-30 14:06:46,145] [INFO] ENTER: 'GraphRAG' calling 'question'; CURRENT SPEAKER: grok-3_mas_rag, DIALOGUE TURN NUM = 10.
[2025-10-30 14:06:46,145] [INFO] ENTER: 'GraphRAG' calling 'query_graph'; CURRENT SPEAKER: grok-3_mas_rag, DIALOGUE TURN NUM = 10.
[2025-10-30 14:06:46,279] [INFO] EXIT: 'GraphRAG' calling 'query_graph' (0.13432645797729492 secs).
[2025-10-30 14:06:46,279] [INFO] EXIT: 'GraphRAG' calling 'question' (0.1347818374633789 secs).
[2025-10-30 14:06:46,297] [INFO] ENTER: 'GraphRAG' calling 'why'; CURRENT SPEAKER: grok-3_mas_rag, DIALOGUE TURN NUM = 10.
[2025-10-30 14:06:46,297] [INFO] ENTER: 'GraphRAG' calling 'query_graph'; CURRENT SPEAKER: grok-3_mas_rag, DIALOGUE TURN NUM = 10.
[2025-10-30 14:06:47,017] [INFO] EXIT: 'GraphRAG' calling 'query_graph' (0.7200412750244141 secs).
[2025-10-30 14:06:47,017] [INFO] EXIT: 'GraphRAG' calling 'why' (0.7204556465148926 secs).
[2025-10-30 14:06:47,017] [INFO] ENTER: 'GraphRAG' calling 'claim_negation'; CURRENT SPEAKER: grok-3_mas_rag, DIALOGUE TURN NUM = 10.
[2025-10-30 14:06:47,018] [INFO] ENTER: 'GraphRAG' calling 'query_graph'; CURRENT SPEAKER: grok-3_mas_rag, DIALOGUE TURN NUM = 10.
[2025-10-30 14:06:47,729] [INFO] EXIT: 'GraphRAG' calling 'query_graph' (0.7114417552947998 secs).
[2025-10-30 14:06:47,729] [INFO] EXIT: 'GraphRAG' calling 'claim_negation' (0.7119452953338623 secs).
[2025-10-30 14:06:47,729] [INFO] ENTER: 'GraphRAG' calling 'concede'; CURRENT SPEAKER: grok-3_mas_rag, DIALOGUE TURN NUM = 10.
[2025-10-30 14:06:47,729] [INFO] ENTER: 'GraphRAG' calling 'query_graph'; CURRENT SPEAKER: grok-3_mas_rag, DIALOGUE TURN NUM = 10.
[2025-10-30 14:06:48,453] [INFO] EXIT: 'GraphRAG' calling 'query_graph' (0.7230846881866455 secs).
[2025-10-30 14:06:48,453] [INFO] EXIT: 'GraphRAG' calling 'concede' (0.7235338687896729 secs).
[2025-10-30 14:06:48,453] [INFO] ENTER: 'GraphRAG' calling 'question'; CURRENT SPEAKER: grok-3_mas_rag, DIALOGUE TURN NUM = 10.
[2025-10-30 14:06:48,453] [INFO] ENTER: 'GraphRAG' calling 'query_graph'; CURRENT SPEAKER: grok-3_mas_rag, DIALOGUE TURN NUM = 10.
[2025-10-30 14:06:48,587] [INFO] EXIT: 'GraphRAG' calling 'query_graph' (0.1342158317565918 secs).
[2025-10-30 14:06:48,587] [INFO] EXIT: 'GraphRAG' calling 'question' (0.1346747875213623 secs).
[2025-10-30 14:06:48,605] [INFO] ENTER: 'GraphRAG' calling 'why'; CURRENT SPEAKER: grok-3_mas_rag, DIALOGUE TURN NUM = 10.
[2025-10-30 14:06:48,605] [INFO] ENTER: 'GraphRAG' calling 'query_graph'; CURRENT SPEAKER: grok-3_mas_rag, DIALOGUE TURN NUM = 10.
[2025-10-30 14:06:49,325] [INFO] EXIT: 'GraphRAG' calling 'query_graph' (0.7199432849884033 secs).
[2025-10-30 14:06:49,325] [INFO] EXIT: 'GraphRAG' calling 'why' (0.7203657627105713 secs).
[2025-10-30 14:06:49,325] [INFO] ENTER: 'GraphRAG' calling 'claim_negation'; CURRENT SPEAKER: grok-3_mas_rag, DIALOGUE TURN NUM = 10.
[2025-10-30 14:06:49,325] [INFO] ENTER: 'GraphRAG' calling 'query_graph'; CURRENT SPEAKER: grok-3_mas_rag, DIALOGUE TURN NUM = 10.
[2025-10-30 14:06:50,018] [INFO] EXIT: 'GraphRAG' calling 'query_graph' (0.6920254230499268 secs).
[2025-10-30 14:06:50,018] [INFO] EXIT: 'GraphRAG' calling 'claim_negation' (0.6925554275512695 secs).
[2025-10-30 14:06:50,018] [INFO] ENTER: 'GraphRAG' calling 'concede'; CURRENT SPEAKER: grok-3_mas_rag, DIALOGUE TURN NUM = 10.
[2025-10-30 14:06:50,018] [INFO] ENTER: 'GraphRAG' calling 'query_graph'; CURRENT SPEAKER: grok-3_mas_rag, DIALOGUE TURN NUM = 10.
[2025-10-30 14:06:50,744] [INFO] EXIT: 'GraphRAG' calling 'query_graph' (0.7259221076965332 secs).
[2025-10-30 14:06:50,744] [INFO] EXIT: 'GraphRAG' calling 'concede' (0.726372480392456 secs).
[2025-10-30 14:06:50,744] [INFO] ENTER: 'GraphRAG' calling 'question'; CURRENT SPEAKER: grok-3_mas_rag, DIALOGUE TURN NUM = 10.
[2025-10-30 14:06:50,745] [INFO] ENTER: 'GraphRAG' calling 'query_graph'; CURRENT SPEAKER: grok-3_mas_rag, DIALOGUE TURN NUM = 10.
[2025-10-30 14:06:50,878] [INFO] EXIT: 'GraphRAG' calling 'query_graph' (0.13326787948608398 secs).
[2025-10-30 14:06:50,878] [INFO] EXIT: 'GraphRAG' calling 'question' (0.13376283645629883 secs).
[2025-10-30 14:06:50,895] [INFO] ENTER: 'GraphRAG' calling 'since'; CURRENT SPEAKER: grok-3_mas_rag, DIALOGUE TURN NUM = 10.
[2025-10-30 14:06:50,895] [INFO] ENTER: 'GraphRAG' calling 'query_graph'; CURRENT SPEAKER: grok-3_mas_rag, DIALOGUE TURN NUM = 10.
[2025-10-30 14:06:50,920] [INFO] EXIT: 'GraphRAG' calling 'query_graph' (0.024747610092163086 secs).
[2025-10-30 14:06:50,920] [INFO] EXIT: 'GraphRAG' calling 'since' (0.025157928466796875 secs).
[2025-10-30 14:06:50,920] [INFO] ENTER: 'GraphRAG' calling 'claim'; CURRENT SPEAKER: grok-3_mas_rag, DIALOGUE TURN NUM = 10.
[2025-10-30 14:06:50,920] [INFO] ENTER: 'GraphRAG' calling 'query_graph'; CURRENT SPEAKER: grok-3_mas_rag, DIALOGUE TURN NUM = 10.
[2025-10-30 14:06:50,939] [INFO] EXIT: 'GraphRAG' calling 'query_graph' (0.018965959548950195 secs).
[2025-10-30 14:06:50,939] [INFO] EXIT: 'GraphRAG' calling 'claim' (0.019372940063476562 secs).
[2025-10-30 14:06:50,956] [INFO] ENTER: 'GraphRAG' calling 'why'; CURRENT SPEAKER: grok-3_mas_rag, DIALOGUE TURN NUM = 10.
[2025-10-30 14:06:50,957] [INFO] ENTER: 'GraphRAG' calling 'query_graph'; CURRENT SPEAKER: grok-3_mas_rag, DIALOGUE TURN NUM = 10.
[2025-10-30 14:06:51,678] [INFO] EXIT: 'GraphRAG' calling 'query_graph' (0.7214152812957764 secs).
[2025-10-30 14:06:51,678] [INFO] EXIT: 'GraphRAG' calling 'why' (0.7218563556671143 secs).
[2025-10-30 14:06:51,678] [INFO] ENTER: 'GraphRAG' calling 'claim_negation'; CURRENT SPEAKER: grok-3_mas_rag, DIALOGUE TURN NUM = 10.
[2025-10-30 14:06:51,679] [INFO] ENTER: 'GraphRAG' calling 'query_graph'; CURRENT SPEAKER: grok-3_mas_rag, DIALOGUE TURN NUM = 10.
[2025-10-30 14:06:52,375] [INFO] EXIT: 'GraphRAG' calling 'query_graph' (0.6965501308441162 secs).
[2025-10-30 14:06:52,376] [INFO] EXIT: 'GraphRAG' calling 'claim_negation' (0.6970233917236328 secs).
[2025-10-30 14:06:52,376] [INFO] ENTER: 'GraphRAG' calling 'concede'; CURRENT SPEAKER: grok-3_mas_rag, DIALOGUE TURN NUM = 10.
[2025-10-30 14:06:52,376] [INFO] ENTER: 'GraphRAG' calling 'query_graph'; CURRENT SPEAKER: grok-3_mas_rag, DIALOGUE TURN NUM = 10.
[2025-10-30 14:06:53,100] [INFO] EXIT: 'GraphRAG' calling 'query_graph' (0.723719596862793 secs).
[2025-10-30 14:06:53,100] [INFO] EXIT: 'GraphRAG' calling 'concede' (0.7241737842559814 secs).
[2025-10-30 14:06:53,100] [INFO] ENTER: 'GraphRAG' calling 'question'; CURRENT SPEAKER: grok-3_mas_rag, DIALOGUE TURN NUM = 10.
[2025-10-30 14:06:53,100] [INFO] ENTER: 'GraphRAG' calling 'query_graph'; CURRENT SPEAKER: grok-3_mas_rag, DIALOGUE TURN NUM = 10.
[2025-10-30 14:06:53,234] [INFO] EXIT: 'GraphRAG' calling 'query_graph' (0.13421082496643066 secs).
[2025-10-30 14:06:53,235] [INFO] EXIT: 'GraphRAG' calling 'question' (0.13468050956726074 secs).
[2025-10-30 14:06:53,252] [INFO] ENTER: 'GraphRAG' calling 'why'; CURRENT SPEAKER: grok-3_mas_rag, DIALOGUE TURN NUM = 10.
[2025-10-30 14:06:53,252] [INFO] ENTER: 'GraphRAG' calling 'query_graph'; CURRENT SPEAKER: grok-3_mas_rag, DIALOGUE TURN NUM = 10.
[2025-10-30 14:06:53,955] [INFO] EXIT: 'GraphRAG' calling 'query_graph' (0.7029297351837158 secs).
[2025-10-30 14:06:53,955] [INFO] EXIT: 'GraphRAG' calling 'why' (0.7034049034118652 secs).
[2025-10-30 14:06:53,955] [INFO] ENTER: 'GraphRAG' calling 'claim_negation'; CURRENT SPEAKER: grok-3_mas_rag, DIALOGUE TURN NUM = 10.
[2025-10-30 14:06:53,956] [INFO] ENTER: 'GraphRAG' calling 'query_graph'; CURRENT SPEAKER: grok-3_mas_rag, DIALOGUE TURN NUM = 10.
[2025-10-30 14:06:54,630] [INFO] EXIT: 'GraphRAG' calling 'query_graph' (0.6744189262390137 secs).
[2025-10-30 14:06:54,630] [INFO] EXIT: 'GraphRAG' calling 'claim_negation' (0.6748983860015869 secs).
[2025-10-30 14:06:54,630] [INFO] ENTER: 'GraphRAG' calling 'concede'; CURRENT SPEAKER: grok-3_mas_rag, DIALOGUE TURN NUM = 10.
[2025-10-30 14:06:54,631] [INFO] ENTER: 'GraphRAG' calling 'query_graph'; CURRENT SPEAKER: grok-3_mas_rag, DIALOGUE TURN NUM = 10.
[2025-10-30 14:06:55,335] [INFO] EXIT: 'GraphRAG' calling 'query_graph' (0.7046535015106201 secs).
[2025-10-30 14:06:55,336] [INFO] EXIT: 'GraphRAG' calling 'concede' (0.7050774097442627 secs).
[2025-10-30 14:06:55,336] [INFO] ENTER: 'GraphRAG' calling 'question'; CURRENT SPEAKER: grok-3_mas_rag, DIALOGUE TURN NUM = 10.
[2025-10-30 14:06:55,336] [INFO] ENTER: 'GraphRAG' calling 'query_graph'; CURRENT SPEAKER: grok-3_mas_rag, DIALOGUE TURN NUM = 10.
[2025-10-30 14:06:55,451] [INFO] EXIT: 'GraphRAG' calling 'query_graph' (0.11544132232666016 secs).
[2025-10-30 14:06:55,451] [INFO] EXIT: 'GraphRAG' calling 'question' (0.11586713790893555 secs).
[2025-10-30 14:06:55,469] [INFO] ENTER: 'GraphRAG' calling 'why'; CURRENT SPEAKER: grok-3_mas_rag, DIALOGUE TURN NUM = 10.
[2025-10-30 14:06:55,470] [INFO] ENTER: 'GraphRAG' calling 'query_graph'; CURRENT SPEAKER: grok-3_mas_rag, DIALOGUE TURN NUM = 10.
[2025-10-30 14:06:56,172] [INFO] EXIT: 'GraphRAG' calling 'query_graph' (0.7028000354766846 secs).
[2025-10-30 14:06:56,173] [INFO] EXIT: 'GraphRAG' calling 'why' (0.7032654285430908 secs).
[2025-10-30 14:06:56,173] [INFO] ENTER: 'GraphRAG' calling 'claim_negation'; CURRENT SPEAKER: grok-3_mas_rag, DIALOGUE TURN NUM = 10.
[2025-10-30 14:06:56,173] [INFO] ENTER: 'GraphRAG' calling 'query_graph'; CURRENT SPEAKER: grok-3_mas_rag, DIALOGUE TURN NUM = 10.
[2025-10-30 14:06:56,849] [INFO] EXIT: 'GraphRAG' calling 'query_graph' (0.6764726638793945 secs).
[2025-10-30 14:06:56,850] [INFO] EXIT: 'GraphRAG' calling 'claim_negation' (0.6769185066223145 secs).
[2025-10-30 14:06:56,850] [INFO] ENTER: 'GraphRAG' calling 'concede'; CURRENT SPEAKER: grok-3_mas_rag, DIALOGUE TURN NUM = 10.
[2025-10-30 14:06:56,850] [INFO] ENTER: 'GraphRAG' calling 'query_graph'; CURRENT SPEAKER: grok-3_mas_rag, DIALOGUE TURN NUM = 10.
[2025-10-30 14:06:57,554] [INFO] EXIT: 'GraphRAG' calling 'query_graph' (0.7040119171142578 secs).
[2025-10-30 14:06:57,554] [INFO] EXIT: 'GraphRAG' calling 'concede' (0.7044665813446045 secs).
[2025-10-30 14:06:57,554] [INFO] ENTER: 'GraphRAG' calling 'question'; CURRENT SPEAKER: grok-3_mas_rag, DIALOGUE TURN NUM = 10.
[2025-10-30 14:06:57,554] [INFO] ENTER: 'GraphRAG' calling 'query_graph'; CURRENT SPEAKER: grok-3_mas_rag, DIALOGUE TURN NUM = 10.
[2025-10-30 14:06:57,669] [INFO] EXIT: 'GraphRAG' calling 'query_graph' (0.11474275588989258 secs).
[2025-10-30 14:06:57,669] [INFO] EXIT: 'GraphRAG' calling 'question' (0.11522674560546875 secs).
[2025-10-30 14:06:57,687] [INFO] ENTER: 'GraphRAG' calling 'why'; CURRENT SPEAKER: grok-3_mas_rag, DIALOGUE TURN NUM = 10.
[2025-10-30 14:06:57,687] [INFO] ENTER: 'GraphRAG' calling 'query_graph'; CURRENT SPEAKER: grok-3_mas_rag, DIALOGUE TURN NUM = 10.
[2025-10-30 14:06:58,408] [INFO] EXIT: 'GraphRAG' calling 'query_graph' (0.7208614349365234 secs).
[2025-10-30 14:06:58,408] [INFO] EXIT: 'GraphRAG' calling 'why' (0.7213211059570312 secs).
[2025-10-30 14:06:58,408] [INFO] ENTER: 'GraphRAG' calling 'claim_negation'; CURRENT SPEAKER: grok-3_mas_rag, DIALOGUE TURN NUM = 10.
[2025-10-30 14:06:58,409] [INFO] ENTER: 'GraphRAG' calling 'query_graph'; CURRENT SPEAKER: grok-3_mas_rag, DIALOGUE TURN NUM = 10.
[2025-10-30 14:06:59,105] [INFO] EXIT: 'GraphRAG' calling 'query_graph' (0.6964433193206787 secs).
[2025-10-30 14:06:59,105] [INFO] EXIT: 'GraphRAG' calling 'claim_negation' (0.6969096660614014 secs).
[2025-10-30 14:06:59,105] [INFO] ENTER: 'GraphRAG' calling 'concede'; CURRENT SPEAKER: grok-3_mas_rag, DIALOGUE TURN NUM = 10.
[2025-10-30 14:06:59,106] [INFO] ENTER: 'GraphRAG' calling 'query_graph'; CURRENT SPEAKER: grok-3_mas_rag, DIALOGUE TURN NUM = 10.
[2025-10-30 14:06:59,827] [INFO] EXIT: 'GraphRAG' calling 'query_graph' (0.7207798957824707 secs).
[2025-10-30 14:06:59,827] [INFO] EXIT: 'GraphRAG' calling 'concede' (0.721198558807373 secs).
[2025-10-30 14:06:59,827] [INFO] ENTER: 'GraphRAG' calling 'question'; CURRENT SPEAKER: grok-3_mas_rag, DIALOGUE TURN NUM = 10.
[2025-10-30 14:06:59,827] [INFO] ENTER: 'GraphRAG' calling 'query_graph'; CURRENT SPEAKER: grok-3_mas_rag, DIALOGUE TURN NUM = 10.
[2025-10-30 14:06:59,968] [INFO] EXIT: 'GraphRAG' calling 'query_graph' (0.14066076278686523 secs).
[2025-10-30 14:06:59,969] [INFO] EXIT: 'GraphRAG' calling 'question' (0.14193058013916016 secs).
[2025-10-30 14:06:59,986] [INFO] ENTER: 'GraphRAG' calling 'why'; CURRENT SPEAKER: grok-3_mas_rag, DIALOGUE TURN NUM = 10.
[2025-10-30 14:06:59,986] [INFO] ENTER: 'GraphRAG' calling 'query_graph'; CURRENT SPEAKER: grok-3_mas_rag, DIALOGUE TURN NUM = 10.
[2025-10-30 14:07:00,706] [INFO] EXIT: 'GraphRAG' calling 'query_graph' (0.7193677425384521 secs).
[2025-10-30 14:07:00,706] [INFO] EXIT: 'GraphRAG' calling 'why' (0.7197859287261963 secs).
[2025-10-30 14:07:00,706] [INFO] ENTER: 'GraphRAG' calling 'claim_negation'; CURRENT SPEAKER: grok-3_mas_rag, DIALOGUE TURN NUM = 10.
[2025-10-30 14:07:00,706] [INFO] ENTER: 'GraphRAG' calling 'query_graph'; CURRENT SPEAKER: grok-3_mas_rag, DIALOGUE TURN NUM = 10.
[2025-10-30 14:07:01,399] [INFO] EXIT: 'GraphRAG' calling 'query_graph' (0.6929798126220703 secs).
[2025-10-30 14:07:01,399] [INFO] EXIT: 'GraphRAG' calling 'claim_negation' (0.6934142112731934 secs).
[2025-10-30 14:07:01,399] [INFO] ENTER: 'GraphRAG' calling 'concede'; CURRENT SPEAKER: grok-3_mas_rag, DIALOGUE TURN NUM = 10.
[2025-10-30 14:07:01,400] [INFO] ENTER: 'GraphRAG' calling 'query_graph'; CURRENT SPEAKER: grok-3_mas_rag, DIALOGUE TURN NUM = 10.
[2025-10-30 14:07:02,121] [INFO] EXIT: 'GraphRAG' calling 'query_graph' (0.7217583656311035 secs).
[2025-10-30 14:07:02,122] [INFO] EXIT: 'GraphRAG' calling 'concede' (0.7221863269805908 secs).
[2025-10-30 14:07:02,122] [INFO] ENTER: 'GraphRAG' calling 'question'; CURRENT SPEAKER: grok-3_mas_rag, DIALOGUE TURN NUM = 10.
[2025-10-30 14:07:02,122] [INFO] ENTER: 'GraphRAG' calling 'query_graph'; CURRENT SPEAKER: grok-3_mas_rag, DIALOGUE TURN NUM = 10.
[2025-10-30 14:07:02,255] [INFO] EXIT: 'GraphRAG' calling 'query_graph' (0.13331961631774902 secs).
[2025-10-30 14:07:02,255] [INFO] EXIT: 'GraphRAG' calling 'question' (0.13377070426940918 secs).
[2025-10-30 14:07:02,255] [INFO] ENTER: 'GraphRAG' calling 'return_rag_examples'; CURRENT SPEAKER: grok-3_mas_rag, DIALOGUE TURN NUM = 10.
[2025-10-30 14:07:02,255] [INFO] EXIT: 'GraphRAG' calling 'return_rag_examples' (2.384185791015625e-06 secs).
[2025-10-30 14:07:02,258] [INFO] ENTER: 'DialogueMoveGenerator' calling 'generate'; CURRENT SPEAKER: grok-3_mas_rag, DIALOGUE TURN NUM = 10.
[2025-10-30 14:07:02,259] [INFO] ENTER: 'DialogueMoveGenerator' calling 'generate'; CURRENT SPEAKER: grok-3_mas_rag, DIALOGUE TURN NUM = 10.
[2025-10-30 14:07:02,259] [INFO] ENTER: 'MASPromptGenerator' calling 'claim'; CURRENT SPEAKER: grok-3_mas_rag, DIALOGUE TURN NUM = 10.
[2025-10-30 14:07:02,259] [INFO] ENTER: 'MASPromptGenerator' calling 'claim_negation'; CURRENT SPEAKER: grok-3_mas_rag, DIALOGUE TURN NUM = 10.
[2025-10-30 14:07:02,259] [INFO] EXIT: 'MASPromptGenerator' calling 'claim' (0.00013184547424316406 secs).
[2025-10-30 14:07:02,260] [INFO] ENTER: 'DialogueMoveGenerator' calling 'generate'; CURRENT SPEAKER: grok-3_mas_rag, DIALOGUE TURN NUM = 10.
[2025-10-30 14:07:02,260] [INFO] EXIT: 'MASPromptGenerator' calling 'claim_negation' (0.00026297569274902344 secs).
[2025-10-30 14:07:02,261] [INFO] ENTER: 'MASPromptGenerator' calling 'concede_claim'; CURRENT SPEAKER: grok-3_mas_rag, DIALOGUE TURN NUM = 10.
[2025-10-30 14:07:02,262] [INFO] ENTER: 'DialogueMoveGenerator' calling 'generate'; CURRENT SPEAKER: grok-3_mas_rag, DIALOGUE TURN NUM = 10.
[2025-10-30 14:07:02,262] [INFO] EXIT: 'MASPromptGenerator' calling 'concede_claim' (0.0002570152282714844 secs).
[2025-10-30 14:07:02,263] [INFO] ENTER: 'DialogueMoveGenerator' calling 'generate'; CURRENT SPEAKER: grok-3_mas_rag, DIALOGUE TURN NUM = 10.
[2025-10-30 14:07:02,263] [INFO] ENTER: 'DialogueMoveGenerator' calling 'generate'; CURRENT SPEAKER: grok-3_mas_rag, DIALOGUE TURN NUM = 10.
[2025-10-30 14:07:02,263] [INFO] ENTER: 'MASPromptGenerator' calling 'question_claim'; CURRENT SPEAKER: grok-3_mas_rag, DIALOGUE TURN NUM = 10.
[2025-10-30 14:07:02,264] [INFO] ENTER: 'DialogueMoveGenerator' calling 'generate'; CURRENT SPEAKER: grok-3_mas_rag, DIALOGUE TURN NUM = 10.
[2025-10-30 14:07:02,264] [INFO] ENTER: 'MASPromptGenerator' calling 'retract_claim'; CURRENT SPEAKER: grok-3_mas_rag, DIALOGUE TURN NUM = 10.
[2025-10-30 14:07:02,264] [INFO] ENTER: 'MASPromptGenerator' calling 'since_claim'; CURRENT SPEAKER: grok-3_mas_rag, DIALOGUE TURN NUM = 10.
[2025-10-30 14:07:02,265] [INFO] EXIT: 'MASPromptGenerator' calling 'question_claim' (0.0002734661102294922 secs).
[2025-10-30 14:07:02,265] [INFO] ENTER: 'MASPromptGenerator' calling 'why_claim'; CURRENT SPEAKER: grok-3_mas_rag, DIALOGUE TURN NUM = 10.
[2025-10-30 14:07:02,265] [INFO] EXIT: 'MASPromptGenerator' calling 'retract_claim' (7.033348083496094e-05 secs).
[2025-10-30 14:07:02,265] [INFO] EXIT: 'MASPromptGenerator' calling 'since_claim' (7.104873657226562e-05 secs).
[2025-10-30 14:07:02,266] [INFO] EXIT: 'MASPromptGenerator' calling 'why_claim' (0.00026917457580566406 secs).
[2025-10-30 14:07:06,997] [INFO] Completion returned and validated from MODEL = 'grok-3'.
[2025-10-30 14:07:07,356] [INFO] Completion returned and validated from MODEL = 'grok-3'.
[2025-10-30 14:07:07,439] [INFO] Completion returned and validated from MODEL = 'grok-3'.
[2025-10-30 14:07:07,958] [INFO] Completion returned and validated from MODEL = 'grok-3'.
[2025-10-30 14:07:08,265] [INFO] Completion returned and validated from MODEL = 'grok-3'.
[2025-10-30 14:07:08,266] [INFO] EXIT: 'DialogueMoveGenerator' calling 'generate' (6.001429080963135 secs).
[2025-10-30 14:07:08,645] [INFO] Completion returned and validated from MODEL = 'grok-3'.
[2025-10-30 14:07:08,645] [INFO] EXIT: 'DialogueMoveGenerator' calling 'generate' (6.386172533035278 secs).
[2025-10-30 14:07:08,740] [INFO] Completion returned and validated from MODEL = 'grok-3'.
[2025-10-30 14:07:08,740] [INFO] EXIT: 'DialogueMoveGenerator' calling 'generate' (6.475613355636597 secs).
[2025-10-30 14:07:11,396] [INFO] Completion returned and validated from MODEL = 'grok-3'.
[2025-10-30 14:07:11,805] [INFO] Completion returned and validated from MODEL = 'grok-3'.
[2025-10-30 14:07:13,034] [INFO] Completion returned and validated from MODEL = 'grok-3'.
[2025-10-30 14:07:13,129] [INFO] Completion returned and validated from MODEL = 'grok-3'.
[2025-10-30 14:07:14,343] [INFO] Completion returned and validated from MODEL = 'grok-3'.
[2025-10-30 14:07:16,746] [INFO] Completion returned and validated from MODEL = 'grok-3'.
[2025-10-30 14:07:18,302] [INFO] Completion returned and validated from MODEL = 'grok-3'.
[2025-10-30 14:07:19,054] [INFO] Completion returned and validated from MODEL = 'grok-3'.
[2025-10-30 14:07:21,282] [INFO] Completion returned and validated from MODEL = 'grok-3'.
[2025-10-30 14:07:21,850] [INFO] Completion returned and validated from MODEL = 'grok-3'.
[2025-10-30 14:07:23,096] [INFO] Completion returned and validated from MODEL = 'grok-3'.
[2025-10-30 14:07:25,775] [INFO] Completion returned and validated from MODEL = 'grok-3'.
[2025-10-30 14:07:26,477] [INFO] Completion returned and validated from MODEL = 'grok-3'.
[2025-10-30 14:07:26,554] [INFO] Completion returned and validated from MODEL = 'grok-3'.
[2025-10-30 14:07:28,786] [INFO] Completion returned and validated from MODEL = 'grok-3'.
[2025-10-30 14:07:29,529] [INFO] Completion returned and validated from MODEL = 'grok-3'.
[2025-10-30 14:07:31,487] [INFO] Completion returned and validated from MODEL = 'grok-3'.
[2025-10-30 14:07:32,865] [INFO] Completion returned and validated from MODEL = 'grok-3'.
[2025-10-30 14:07:34,942] [INFO] Completion returned and validated from MODEL = 'grok-3'.
[2025-10-30 14:07:35,141] [INFO] Completion returned and validated from MODEL = 'grok-3'.
[2025-10-30 14:07:36,289] [INFO] Completion returned and validated from MODEL = 'grok-3'.
[2025-10-30 14:07:39,691] [INFO] Completion returned and validated from MODEL = 'grok-3'.
[2025-10-30 14:07:39,895] [INFO] Completion returned and validated from MODEL = 'grok-3'.
[2025-10-30 14:07:39,895] [INFO] EXIT: 'DialogueMoveGenerator' calling 'generate' (37.6341507434845 secs).
[2025-10-30 14:07:40,403] [INFO] Completion returned and validated from MODEL = 'grok-3'.
[2025-10-30 14:07:42,219] [INFO] Completion returned and validated from MODEL = 'grok-3'.
[2025-10-30 14:07:42,219] [INFO] EXIT: 'DialogueMoveGenerator' calling 'generate' (39.9560649394989 secs).
[2025-10-30 14:07:44,023] [INFO] Completion returned and validated from MODEL = 'grok-3'.
[2025-10-30 14:07:45,920] [INFO] Completion returned and validated from MODEL = 'grok-3'.
[2025-10-30 14:07:45,920] [INFO] EXIT: 'DialogueMoveGenerator' calling 'generate' (43.654897689819336 secs).
[2025-10-30 14:07:49,250] [INFO] Completion returned and validated from MODEL = 'grok-3'.
[2025-10-30 14:07:49,250] [INFO] EXIT: 'DialogueMoveGenerator' calling 'generate' (46.99083232879639 secs).
[2025-10-30 14:07:49,251] [INFO] ENTER: 'MASPromptGenerator' calling 'persuasiveness_choice'; CURRENT SPEAKER: grok-3_mas_rag, DIALOGUE TURN NUM = 10.
[2025-10-30 14:07:49,251] [INFO] EXIT: 'MASPromptGenerator' calling 'persuasiveness_choice' (0.0003180503845214844 secs).
[2025-10-30 14:07:56,495] [INFO] Completion returned and validated within 'PersuasivenessChoiceAgent'; MODEL = 'grok-3'; DIALOGUE TURN NUM = 10.
[2025-10-30 14:08:02,101] [INFO] Completion returned and validated within 'PersuasivenessChoiceAgent'; MODEL = 'grok-3'; DIALOGUE TURN NUM = 10.
[2025-10-30 14:08:08,374] [INFO] Completion returned and validated within 'PersuasivenessChoiceAgent'; MODEL = 'grok-3'; DIALOGUE TURN NUM = 10.
[2025-10-30 14:08:16,553] [INFO] Completion returned and validated within 'PersuasivenessChoiceAgent'; MODEL = 'grok-3'; DIALOGUE TURN NUM = 10.
[2025-10-30 14:08:22,345] [INFO] Completion returned and validated within 'PersuasivenessChoiceAgent'; MODEL = 'grok-3'; DIALOGUE TURN NUM = 10.
[2025-10-30 14:08:27,303] [INFO] Completion returned and validated within 'PersuasivenessChoiceAgent'; MODEL = 'grok-3'; DIALOGUE TURN NUM = 10.
[2025-10-30 14:08:32,775] [INFO] Completion returned and validated within 'PersuasivenessChoiceAgent'; MODEL = 'grok-3'; DIALOGUE TURN NUM = 10.
[2025-10-30 14:08:37,162] [INFO] Completion returned and validated within 'PersuasivenessChoiceAgent'; MODEL = 'grok-3'; DIALOGUE TURN NUM = 10.
[2025-10-30 14:08:42,292] [INFO] Completion returned and validated within 'PersuasivenessChoiceAgent'; MODEL = 'grok-3'; DIALOGUE TURN NUM = 10.
[2025-10-30 14:08:42,293] [INFO] ENTER: 'DisambiguationAgent' calling '_grouping_similar_utterance_types'; CURRENT SPEAKER: grok-3_mas_rag, DIALOGUE TURN NUM = 10.
[2025-10-30 14:08:42,293] [INFO] EXIT: 'DisambiguationAgent' calling '_grouping_similar_utterance_types' (1.6450881958007812e-05 secs).
[2025-10-30 14:08:42,293] [INFO] ENTER: 'DisambiguationAgent' calling '_identifying_similar_sentences_and_choosing_one_to_return_to_user'; CURRENT SPEAKER: grok-3_mas_rag, DIALOGUE TURN NUM = 10.
[2025-10-30 14:09:01,420] [INFO] 'DisambiguationAgent' grouped similar sentences, completion returned and validated; MODEL = 'grok-3'.
[2025-10-30 14:09:03,233] [INFO] 'DisambiguationAgent' chose sentences to remove, completion returned and validated from MODEL = 'grok-3'.
[2025-10-30 14:09:04,658] [INFO] 'DisambiguationAgent' chose sentences to remove, completion returned and validated from MODEL = 'grok-3'.
[2025-10-30 14:09:05,850] [INFO] 'DisambiguationAgent' chose sentences to remove, completion returned and validated from MODEL = 'grok-3'.
[2025-10-30 14:09:07,636] [INFO] 'DisambiguationAgent' chose sentences to remove, completion returned and validated from MODEL = 'grok-3'.
[2025-10-30 14:09:09,080] [INFO] 'DisambiguationAgent' chose sentences to remove, completion returned and validated from MODEL = 'grok-3'.
[2025-10-30 14:09:10,432] [INFO] 'DisambiguationAgent' chose sentences to remove, completion returned and validated from MODEL = 'grok-3'.
[2025-10-30 14:09:10,432] [INFO] EXIT: 'DisambiguationAgent' calling '_identifying_similar_sentences_and_choosing_one_to_return_to_user' (28.13950276374817 secs).
[2025-10-30 14:09:10,433] [INFO] ENTER: 'DisambiguationAgent' calling '_identifying_similar_sentences_and_choosing_one_to_return_to_user'; CURRENT SPEAKER: grok-3_mas_rag, DIALOGUE TURN NUM = 10.
[2025-10-30 14:09:16,012] [INFO] 'DisambiguationAgent' grouped similar sentences, completion returned and validated; MODEL = 'grok-3'.
[2025-10-30 14:09:19,315] [INFO] 'DisambiguationAgent' chose sentences to remove, completion returned and validated from MODEL = 'grok-3'.
[2025-10-30 14:09:20,747] [INFO] 'DisambiguationAgent' chose sentences to remove, completion returned and validated from MODEL = 'grok-3'.
[2025-10-30 14:09:20,747] [INFO] EXIT: 'DisambiguationAgent' calling '_identifying_similar_sentences_and_choosing_one_to_return_to_user' (10.314714908599854 secs).
[2025-10-30 14:09:20,747] [INFO] ENTER: 'DisambiguationAgent' calling '_removing_repetitive_sentences'; CURRENT SPEAKER: grok-3_mas_rag, DIALOGUE TURN NUM = 10.
[2025-10-30 14:09:20,747] [INFO] EXIT: 'DisambiguationAgent' calling '_removing_repetitive_sentences' (5.173683166503906e-05 secs).
[2025-10-30 14:09:20,747] [INFO] ENTER: 'DisambiguationAgent' calling '_choose_the_most_persuasive_sentences'; CURRENT SPEAKER: grok-3_mas_rag, DIALOGUE TURN NUM = 10.
[2025-10-30 14:09:26,959] [INFO] 'DisambiguationAgent': reached maximum allowed sentences, succussfully chose most persuasive sentences, completion returned and validated from MODEL = 'grok-3'.
[2025-10-30 14:09:26,959] [INFO] EXIT: 'DisambiguationAgent' calling '_choose_the_most_persuasive_sentences' (6.211275100708008 secs).
[2025-10-30 14:09:26,959] [INFO] ENTER: 'DisambiguationAgent' calling 'return_disambiguated_sentences'; CURRENT SPEAKER: grok-3_mas_rag, DIALOGUE TURN NUM = 10.
[2025-10-30 14:09:26,959] [INFO] EXIT: 'DisambiguationAgent' calling 'return_disambiguated_sentences' (2.6226043701171875e-06 secs).
[2025-10-30 14:09:26,959] [ERROR] Wrong state used; State of type HumanState; error message: dict has unexpected extra key(s): "graph_rag_examples", "intermediate_generations", "knowledge_base_ensemble_or_model_name", "model_seed", "model_temp", "model_top_p", "number_of_graph_rag_examples", "number_of_vector_based_rag_examples", "political_position_prob_of_na", "political_position_range", "political_position_std", "speaker_model_name", "speaker_type", "vector_based_persona_string", "vector_based_persona_sys_prompt"
[2025-10-30 14:09:26,960] [INFO] Correct state used; State of type GenerationAgentsState; 'IGNORE THE ABOVE ERRORS'.
[2025-10-30 14:09:28,011] [INFO] 'commitment_update' completed '___Since___' update; MODEL = 'grok-3'.
[2025-10-30 14:09:28,908] [INFO] 'commitment_update' completed '___Claim___' update for current speaker's commitments; MODEL = 'grok-3'.
[2025-10-30 14:09:30,226] [INFO] 'commitment_update' completed '___Claim___' update for current speaker's commitments; MODEL = 'grok-3'.
[2025-10-30 14:09:31,035] [INFO] 'commitment_update' completed '___Claim___' update for current speaker's commitments; MODEL = 'grok-3'.
[2025-10-30 14:09:31,782] [INFO] 'commitment_update' completed '___Claim___' update for current speaker's commitments; MODEL = 'grok-3'.
[2025-10-30 14:09:31,887] [ERROR] Wrong state used; State of type HumanState; error message: dict has unexpected extra key(s): "graph_rag_examples", "intermediate_generations", "knowledge_base_ensemble_or_model_name", "model_seed", "model_temp", "model_top_p", "number_of_graph_rag_examples", "number_of_vector_based_rag_examples", "political_position_prob_of_na", "political_position_range", "political_position_std", "speaker_model_name", "speaker_type", "vector_based_persona_string", "vector_based_persona_sys_prompt"
[2025-10-30 14:09:31,887] [INFO] Correct state used; State of type GenerationAgentsState; 'IGNORE THE ABOVE ERRORS'.
[2025-10-30 14:09:31,887] [INFO] ENTER: 'UtteranceClassificationAgent' calling '_classify_sentence_utterance_types'; CURRENT SPEAKER: grok-4_mas, DIALOGUE TURN NUM = 11.
[2025-10-30 14:09:32,486] [INFO] 'UtteranceClassificationAgent' completion returned and validated from MODEL = 'ModelName.GROK_4'.
[2025-10-30 14:09:33,277] [INFO] 'UtteranceClassificationAgent' completion returned and validated from MODEL = 'ModelName.GROK_4'.
[2025-10-30 14:09:33,842] [INFO] 'UtteranceClassificationAgent' completion returned and validated from MODEL = 'ModelName.GROK_4'.
[2025-10-30 14:09:34,393] [INFO] 'UtteranceClassificationAgent' completion returned and validated from MODEL = 'ModelName.GROK_4'.
[2025-10-30 14:09:34,973] [INFO] 'UtteranceClassificationAgent' completion returned and validated from MODEL = 'ModelName.GROK_4'.
[2025-10-30 14:09:34,973] [INFO] EXIT: 'UtteranceClassificationAgent' calling '_classify_sentence_utterance_types' (3.0860323905944824 secs).
[2025-10-30 14:09:34,973] [INFO] ENTER: 'UtteranceClassificationAgent' calling 'return_classified_sentences'; CURRENT SPEAKER: grok-4_mas, DIALOGUE TURN NUM = 11.
[2025-10-30 14:09:34,973] [INFO] EXIT: 'UtteranceClassificationAgent' calling 'return_classified_sentences' (1.9073486328125e-06 secs).
[2025-10-30 14:09:34,975] [INFO] ENTER: 'DialogueMoveGenerator' calling 'generate'; CURRENT SPEAKER: grok-4_mas, DIALOGUE TURN NUM = 11.
[2025-10-30 14:09:34,976] [INFO] ENTER: 'MASPromptGenerator' calling 'claim_negation'; CURRENT SPEAKER: grok-4_mas, DIALOGUE TURN NUM = 11.
[2025-10-30 14:09:34,976] [INFO] EXIT: 'MASPromptGenerator' calling 'claim_negation' (9.369850158691406e-05 secs).
[2025-10-30 14:09:34,978] [INFO] ENTER: 'DialogueMoveGenerator' calling 'generate'; CURRENT SPEAKER: grok-4_mas, DIALOGUE TURN NUM = 11.
[2025-10-30 14:09:34,978] [INFO] ENTER: 'MASPromptGenerator' calling 'concede_claim'; CURRENT SPEAKER: grok-4_mas, DIALOGUE TURN NUM = 11.
[2025-10-30 14:09:34,979] [INFO] EXIT: 'MASPromptGenerator' calling 'concede_claim' (9.131431579589844e-05 secs).
[2025-10-30 14:09:34,979] [INFO] ENTER: 'DialogueMoveGenerator' calling 'generate'; CURRENT SPEAKER: grok-4_mas, DIALOGUE TURN NUM = 11.
[2025-10-30 14:09:34,979] [INFO] ENTER: 'MASPromptGenerator' calling 'question_claim'; CURRENT SPEAKER: grok-4_mas, DIALOGUE TURN NUM = 11.
[2025-10-30 14:09:34,979] [INFO] EXIT: 'MASPromptGenerator' calling 'question_claim' (7.605552673339844e-05 secs).
[2025-10-30 14:09:34,980] [INFO] ENTER: 'DialogueMoveGenerator' calling 'generate'; CURRENT SPEAKER: grok-4_mas, DIALOGUE TURN NUM = 11.
[2025-10-30 14:09:34,980] [INFO] ENTER: 'MASPromptGenerator' calling 'why_claim'; CURRENT SPEAKER: grok-4_mas, DIALOGUE TURN NUM = 11.
[2025-10-30 14:09:34,980] [INFO] EXIT: 'MASPromptGenerator' calling 'why_claim' (8.7738037109375e-05 secs).
[2025-10-30 14:09:36,414] [INFO] Completion returned and validated from MODEL = 'grok-4'.
[2025-10-30 14:09:36,460] [INFO] Completion returned and validated from MODEL = 'grok-4'.
[2025-10-30 14:09:36,578] [INFO] Completion returned and validated from MODEL = 'grok-4'.
[2025-10-30 14:09:36,790] [INFO] Completion returned and validated from MODEL = 'grok-4'.
[2025-10-30 14:09:37,909] [INFO] Completion returned and validated from MODEL = 'grok-4'.
[2025-10-30 14:09:38,182] [INFO] Completion returned and validated from MODEL = 'grok-4'.
[2025-10-30 14:09:38,233] [INFO] Completion returned and validated from MODEL = 'grok-4'.
[2025-10-30 14:09:38,245] [INFO] Completion returned and validated from MODEL = 'grok-4'.
[2025-10-30 14:09:39,163] [INFO] Completion returned and validated from MODEL = 'grok-4'.
[2025-10-30 14:09:39,545] [INFO] Completion returned and validated from MODEL = 'grok-4'.
[2025-10-30 14:09:39,565] [INFO] Completion returned and validated from MODEL = 'grok-4'.
[2025-10-30 14:09:39,811] [INFO] Completion returned and validated from MODEL = 'grok-4'.
[2025-10-30 14:09:40,432] [INFO] Completion returned and validated from MODEL = 'grok-4'.
[2025-10-30 14:09:40,879] [INFO] Completion returned and validated from MODEL = 'grok-4'.
[2025-10-30 14:09:40,910] [INFO] Completion returned and validated from MODEL = 'grok-4'.
[2025-10-30 14:09:41,646] [INFO] Completion returned and validated from MODEL = 'grok-4'.
[2025-10-30 14:09:41,918] [INFO] Completion returned and validated from MODEL = 'grok-4'.
[2025-10-30 14:09:41,918] [INFO] EXIT: 'DialogueMoveGenerator' calling 'generate' (6.940074443817139 secs).
[2025-10-30 14:09:42,542] [INFO] Completion returned and validated from MODEL = 'grok-4'.
[2025-10-30 14:09:42,542] [INFO] EXIT: 'DialogueMoveGenerator' calling 'generate' (7.563249111175537 secs).
[2025-10-30 14:09:42,668] [INFO] Completion returned and validated from MODEL = 'grok-4'.
[2025-10-30 14:09:42,668] [INFO] EXIT: 'DialogueMoveGenerator' calling 'generate' (7.687652111053467 secs).
[2025-10-30 14:09:43,187] [INFO] Completion returned and validated from MODEL = 'grok-4'.
[2025-10-30 14:09:43,187] [INFO] EXIT: 'DialogueMoveGenerator' calling 'generate' (8.211188077926636 secs).
[2025-10-30 14:09:43,187] [INFO] ENTER: 'MASPromptGenerator' calling 'persuasiveness_choice'; CURRENT SPEAKER: grok-4_mas, DIALOGUE TURN NUM = 11.
[2025-10-30 14:09:43,188] [INFO] EXIT: 'MASPromptGenerator' calling 'persuasiveness_choice' (0.00016951560974121094 secs).
[2025-10-30 14:09:44,927] [INFO] Completion returned and validated within 'PersuasivenessChoiceAgent'; MODEL = 'grok-4'; DIALOGUE TURN NUM = 11.
[2025-10-30 14:09:46,732] [INFO] Completion returned and validated within 'PersuasivenessChoiceAgent'; MODEL = 'grok-4'; DIALOGUE TURN NUM = 11.
[2025-10-30 14:09:48,341] [INFO] Completion returned and validated within 'PersuasivenessChoiceAgent'; MODEL = 'grok-4'; DIALOGUE TURN NUM = 11.
[2025-10-30 14:09:49,905] [INFO] Completion returned and validated within 'PersuasivenessChoiceAgent'; MODEL = 'grok-4'; DIALOGUE TURN NUM = 11.
[2025-10-30 14:09:51,757] [INFO] Completion returned and validated within 'PersuasivenessChoiceAgent'; MODEL = 'grok-4'; DIALOGUE TURN NUM = 11.
[2025-10-30 14:09:51,757] [INFO] ENTER: 'DisambiguationAgent' calling '_grouping_similar_utterance_types'; CURRENT SPEAKER: grok-4_mas, DIALOGUE TURN NUM = 11.
[2025-10-30 14:09:51,757] [INFO] EXIT: 'DisambiguationAgent' calling '_grouping_similar_utterance_types' (1.1682510375976562e-05 secs).
[2025-10-30 14:09:51,757] [INFO] ENTER: 'DisambiguationAgent' calling '_identifying_similar_sentences_and_choosing_one_to_return_to_user'; CURRENT SPEAKER: grok-4_mas, DIALOGUE TURN NUM = 11.
[2025-10-30 14:09:55,400] [INFO] 'DisambiguationAgent' grouped similar sentences, completion returned and validated; MODEL = 'grok-4'.
[2025-10-30 14:09:56,178] [INFO] 'DisambiguationAgent' chose sentences to remove, completion returned and validated from MODEL = 'grok-4'.
[2025-10-30 14:09:56,972] [INFO] 'DisambiguationAgent' chose sentences to remove, completion returned and validated from MODEL = 'grok-4'.
[2025-10-30 14:09:57,760] [INFO] 'DisambiguationAgent' chose sentences to remove, completion returned and validated from MODEL = 'grok-4'.
[2025-10-30 14:09:58,499] [INFO] 'DisambiguationAgent' chose sentences to remove, completion returned and validated from MODEL = 'grok-4'.
[2025-10-30 14:09:59,519] [INFO] 'DisambiguationAgent' chose sentences to remove, completion returned and validated from MODEL = 'grok-4'.
[2025-10-30 14:09:59,519] [INFO] EXIT: 'DisambiguationAgent' calling '_identifying_similar_sentences_and_choosing_one_to_return_to_user' (7.761271715164185 secs).
[2025-10-30 14:09:59,519] [INFO] ENTER: 'DisambiguationAgent' calling '_identifying_similar_sentences_and_choosing_one_to_return_to_user'; CURRENT SPEAKER: grok-4_mas, DIALOGUE TURN NUM = 11.
[2025-10-30 14:10:02,136] [INFO] 'DisambiguationAgent' grouped similar sentences, completion returned and validated; MODEL = 'grok-4'.
[2025-10-30 14:10:02,875] [INFO] 'DisambiguationAgent' chose sentences to remove, completion returned and validated from MODEL = 'grok-4'.
[2025-10-30 14:10:05,330] [ERROR] 'DisambiguationAgent' could not choose sentences to remove, completion not validated; MODEL = 'grok-4'; 
 REASON: 

 1 validation error for PersuasivenessChoice
  Invalid JSON: trailing characters at line 3 column 1 [type=json_invalid, input_value='{"Choice": "Why do you i...l and emotional appeal.', input_type=str]
    For further information visit https://errors.pydantic.dev/2.12/v/json_invalid
[2025-10-30 14:10:09,811] [INFO] 'DisambiguationAgent' chose sentences to remove, completion returned and validated from MODEL = 'grok-4'.
[2025-10-30 14:10:09,811] [INFO] EXIT: 'DisambiguationAgent' calling '_identifying_similar_sentences_and_choosing_one_to_return_to_user' (10.292125463485718 secs).
[2025-10-30 14:10:09,811] [INFO] ENTER: 'DisambiguationAgent' calling '_removing_repetitive_sentences'; CURRENT SPEAKER: grok-4_mas, DIALOGUE TURN NUM = 11.
[2025-10-30 14:10:09,811] [INFO] EXIT: 'DisambiguationAgent' calling '_removing_repetitive_sentences' (1.9311904907226562e-05 secs).
[2025-10-30 14:10:09,811] [INFO] ENTER: 'DisambiguationAgent' calling '_choose_the_most_persuasive_sentences'; CURRENT SPEAKER: grok-4_mas, DIALOGUE TURN NUM = 11.
[2025-10-30 14:10:12,543] [INFO] 'DisambiguationAgent': reached maximum allowed sentences, succussfully chose most persuasive sentences, completion returned and validated from MODEL = 'grok-4'.
[2025-10-30 14:10:12,543] [INFO] EXIT: 'DisambiguationAgent' calling '_choose_the_most_persuasive_sentences' (2.7318778038024902 secs).
[2025-10-30 14:10:12,543] [INFO] ENTER: 'DisambiguationAgent' calling 'return_disambiguated_sentences'; CURRENT SPEAKER: grok-4_mas, DIALOGUE TURN NUM = 11.
[2025-10-30 14:10:12,543] [INFO] EXIT: 'DisambiguationAgent' calling 'return_disambiguated_sentences' (3.337860107421875e-06 secs).
[2025-10-30 14:10:12,544] [ERROR] Wrong state used; State of type HumanState; error message: dict has unexpected extra key(s): "graph_rag_examples", "intermediate_generations", "knowledge_base_ensemble_or_model_name", "model_seed", "model_temp", "model_top_p", "number_of_graph_rag_examples", "number_of_vector_based_rag_examples", "political_position_prob_of_na", "political_position_range", "political_position_std", "speaker_model_name", "speaker_type", "vector_based_persona_string", "vector_based_persona_sys_prompt"
[2025-10-30 14:10:12,544] [INFO] Correct state used; State of type GenerationAgentsState; 'IGNORE THE ABOVE ERRORS'.
[2025-10-30 14:10:13,078] [INFO] 'commitment_update' completed '___Claim___' update for current speaker's commitments; MODEL = 'grok-4'.
[2025-10-30 14:10:13,672] [INFO] 'commitment_update' completed '___Claim___' update for current speaker's commitments; MODEL = 'grok-4'.
[2025-10-30 14:10:14,215] [INFO] 'commitment_update' completed '___Claim___' update for current speaker's commitments; MODEL = 'grok-4'.
[2025-10-30 14:10:14,814] [INFO] 'commitment_update' completed '___Claim___' update for current speaker's commitments; MODEL = 'grok-4'.
[2025-10-30 14:10:14,885] [ERROR] Wrong state used; State of type HumanState; error message: dict has unexpected extra key(s): "graph_rag_examples", "intermediate_generations", "knowledge_base_ensemble_or_model_name", "model_seed", "model_temp", "model_top_p", "number_of_graph_rag_examples", "number_of_vector_based_rag_examples", "political_position_prob_of_na", "political_position_range", "political_position_std", "speaker_model_name", "speaker_type", "vector_based_persona_string", "vector_based_persona_sys_prompt"
[2025-10-30 14:10:14,886] [INFO] Correct state used; State of type GenerationAgentsState; 'IGNORE THE ABOVE ERRORS'.
[2025-10-30 14:10:14,886] [INFO] ENTER: 'UtteranceClassificationAgent' calling '_classify_sentence_utterance_types'; CURRENT SPEAKER: grok-3_mas_rag, DIALOGUE TURN NUM = 12.
[2025-10-30 14:10:16,027] [INFO] 'UtteranceClassificationAgent' completion returned and validated from MODEL = 'ModelName.GROK_3'.
[2025-10-30 14:10:16,839] [INFO] 'UtteranceClassificationAgent' completion returned and validated from MODEL = 'ModelName.GROK_3'.
[2025-10-30 14:10:17,977] [INFO] 'UtteranceClassificationAgent' completion returned and validated from MODEL = 'ModelName.GROK_3'.
[2025-10-30 14:10:18,822] [INFO] 'UtteranceClassificationAgent' completion returned and validated from MODEL = 'ModelName.GROK_3'.
[2025-10-30 14:10:19,814] [INFO] 'UtteranceClassificationAgent' completion returned and validated from MODEL = 'ModelName.GROK_3'.
[2025-10-30 14:10:20,799] [INFO] 'UtteranceClassificationAgent' completion returned and validated from MODEL = 'ModelName.GROK_3'.
[2025-10-30 14:10:22,222] [INFO] 'UtteranceClassificationAgent' completion returned and validated from MODEL = 'ModelName.GROK_3'.
[2025-10-30 14:10:22,222] [INFO] EXIT: 'UtteranceClassificationAgent' calling '_classify_sentence_utterance_types' (7.335922002792358 secs).
[2025-10-30 14:10:22,222] [INFO] ENTER: 'UtteranceClassificationAgent' calling 'return_classified_sentences'; CURRENT SPEAKER: grok-3_mas_rag, DIALOGUE TURN NUM = 12.
[2025-10-30 14:10:22,222] [INFO] EXIT: 'UtteranceClassificationAgent' calling 'return_classified_sentences' (2.1457672119140625e-06 secs).
[2025-10-30 14:10:22,247] [INFO] ENTER: 'GraphRAG' calling 'why'; CURRENT SPEAKER: grok-3_mas_rag, DIALOGUE TURN NUM = 12.
[2025-10-30 14:10:22,248] [INFO] ENTER: 'GraphRAG' calling 'query_graph'; CURRENT SPEAKER: grok-3_mas_rag, DIALOGUE TURN NUM = 12.
[2025-10-30 14:10:22,965] [INFO] EXIT: 'GraphRAG' calling 'query_graph' (0.7169902324676514 secs).
[2025-10-30 14:10:22,965] [INFO] EXIT: 'GraphRAG' calling 'why' (0.7173504829406738 secs).
[2025-10-30 14:10:22,965] [INFO] ENTER: 'GraphRAG' calling 'claim_negation'; CURRENT SPEAKER: grok-3_mas_rag, DIALOGUE TURN NUM = 12.
[2025-10-30 14:10:22,965] [INFO] ENTER: 'GraphRAG' calling 'query_graph'; CURRENT SPEAKER: grok-3_mas_rag, DIALOGUE TURN NUM = 12.
[2025-10-30 14:10:23,658] [INFO] EXIT: 'GraphRAG' calling 'query_graph' (0.6923396587371826 secs).
[2025-10-30 14:10:23,658] [INFO] EXIT: 'GraphRAG' calling 'claim_negation' (0.6926901340484619 secs).
[2025-10-30 14:10:23,658] [INFO] ENTER: 'GraphRAG' calling 'concede'; CURRENT SPEAKER: grok-3_mas_rag, DIALOGUE TURN NUM = 12.
[2025-10-30 14:10:23,658] [INFO] ENTER: 'GraphRAG' calling 'query_graph'; CURRENT SPEAKER: grok-3_mas_rag, DIALOGUE TURN NUM = 12.
[2025-10-30 14:10:24,377] [INFO] EXIT: 'GraphRAG' calling 'query_graph' (0.7195558547973633 secs).
[2025-10-30 14:10:24,378] [INFO] EXIT: 'GraphRAG' calling 'concede' (0.7199077606201172 secs).
[2025-10-30 14:10:24,378] [INFO] ENTER: 'GraphRAG' calling 'question'; CURRENT SPEAKER: grok-3_mas_rag, DIALOGUE TURN NUM = 12.
[2025-10-30 14:10:24,378] [INFO] ENTER: 'GraphRAG' calling 'query_graph'; CURRENT SPEAKER: grok-3_mas_rag, DIALOGUE TURN NUM = 12.
[2025-10-30 14:10:24,509] [INFO] EXIT: 'GraphRAG' calling 'query_graph' (0.13110756874084473 secs).
[2025-10-30 14:10:24,509] [INFO] EXIT: 'GraphRAG' calling 'question' (0.13143682479858398 secs).
[2025-10-30 14:10:24,526] [INFO] ENTER: 'GraphRAG' calling 'why'; CURRENT SPEAKER: grok-3_mas_rag, DIALOGUE TURN NUM = 12.
[2025-10-30 14:10:24,527] [INFO] ENTER: 'GraphRAG' calling 'query_graph'; CURRENT SPEAKER: grok-3_mas_rag, DIALOGUE TURN NUM = 12.
[2025-10-30 14:10:25,245] [INFO] EXIT: 'GraphRAG' calling 'query_graph' (0.7182989120483398 secs).
[2025-10-30 14:10:25,245] [INFO] EXIT: 'GraphRAG' calling 'why' (0.7186417579650879 secs).
[2025-10-30 14:10:25,245] [INFO] ENTER: 'GraphRAG' calling 'claim_negation'; CURRENT SPEAKER: grok-3_mas_rag, DIALOGUE TURN NUM = 12.
[2025-10-30 14:10:25,245] [INFO] ENTER: 'GraphRAG' calling 'query_graph'; CURRENT SPEAKER: grok-3_mas_rag, DIALOGUE TURN NUM = 12.
[2025-10-30 14:10:25,935] [INFO] EXIT: 'GraphRAG' calling 'query_graph' (0.689530611038208 secs).
[2025-10-30 14:10:25,935] [INFO] EXIT: 'GraphRAG' calling 'claim_negation' (0.6899142265319824 secs).
[2025-10-30 14:10:25,935] [INFO] ENTER: 'GraphRAG' calling 'concede'; CURRENT SPEAKER: grok-3_mas_rag, DIALOGUE TURN NUM = 12.
[2025-10-30 14:10:25,935] [INFO] ENTER: 'GraphRAG' calling 'query_graph'; CURRENT SPEAKER: grok-3_mas_rag, DIALOGUE TURN NUM = 12.
[2025-10-30 14:10:26,655] [INFO] EXIT: 'GraphRAG' calling 'query_graph' (0.7192621231079102 secs).
[2025-10-30 14:10:26,655] [INFO] EXIT: 'GraphRAG' calling 'concede' (0.7196371555328369 secs).
[2025-10-30 14:10:26,655] [INFO] ENTER: 'GraphRAG' calling 'question'; CURRENT SPEAKER: grok-3_mas_rag, DIALOGUE TURN NUM = 12.
[2025-10-30 14:10:26,655] [INFO] ENTER: 'GraphRAG' calling 'query_graph'; CURRENT SPEAKER: grok-3_mas_rag, DIALOGUE TURN NUM = 12.
[2025-10-30 14:10:26,788] [INFO] EXIT: 'GraphRAG' calling 'query_graph' (0.1325395107269287 secs).
[2025-10-30 14:10:26,788] [INFO] EXIT: 'GraphRAG' calling 'question' (0.1328563690185547 secs).
[2025-10-30 14:10:26,804] [INFO] ENTER: 'GraphRAG' calling 'why'; CURRENT SPEAKER: grok-3_mas_rag, DIALOGUE TURN NUM = 12.
[2025-10-30 14:10:26,805] [INFO] ENTER: 'GraphRAG' calling 'query_graph'; CURRENT SPEAKER: grok-3_mas_rag, DIALOGUE TURN NUM = 12.
[2025-10-30 14:10:27,523] [INFO] EXIT: 'GraphRAG' calling 'query_graph' (0.7187309265136719 secs).
[2025-10-30 14:10:27,523] [INFO] EXIT: 'GraphRAG' calling 'why' (0.7191424369812012 secs).
[2025-10-30 14:10:27,523] [INFO] ENTER: 'GraphRAG' calling 'claim_negation'; CURRENT SPEAKER: grok-3_mas_rag, DIALOGUE TURN NUM = 12.
[2025-10-30 14:10:27,524] [INFO] ENTER: 'GraphRAG' calling 'query_graph'; CURRENT SPEAKER: grok-3_mas_rag, DIALOGUE TURN NUM = 12.
[2025-10-30 14:10:28,213] [INFO] EXIT: 'GraphRAG' calling 'query_graph' (0.6897110939025879 secs).
[2025-10-30 14:10:28,213] [INFO] EXIT: 'GraphRAG' calling 'claim_negation' (0.6900360584259033 secs).
[2025-10-30 14:10:28,214] [INFO] ENTER: 'GraphRAG' calling 'concede'; CURRENT SPEAKER: grok-3_mas_rag, DIALOGUE TURN NUM = 12.
[2025-10-30 14:10:28,214] [INFO] ENTER: 'GraphRAG' calling 'query_graph'; CURRENT SPEAKER: grok-3_mas_rag, DIALOGUE TURN NUM = 12.
[2025-10-30 14:10:28,937] [INFO] EXIT: 'GraphRAG' calling 'query_graph' (0.7228829860687256 secs).
[2025-10-30 14:10:28,937] [INFO] EXIT: 'GraphRAG' calling 'concede' (0.7232277393341064 secs).
[2025-10-30 14:10:28,937] [INFO] ENTER: 'GraphRAG' calling 'question'; CURRENT SPEAKER: grok-3_mas_rag, DIALOGUE TURN NUM = 12.
[2025-10-30 14:10:28,937] [INFO] ENTER: 'GraphRAG' calling 'query_graph'; CURRENT SPEAKER: grok-3_mas_rag, DIALOGUE TURN NUM = 12.
[2025-10-30 14:10:29,070] [INFO] EXIT: 'GraphRAG' calling 'query_graph' (0.13287878036499023 secs).
[2025-10-30 14:10:29,070] [INFO] EXIT: 'GraphRAG' calling 'question' (0.13320612907409668 secs).
[2025-10-30 14:10:29,087] [INFO] ENTER: 'GraphRAG' calling 'why'; CURRENT SPEAKER: grok-3_mas_rag, DIALOGUE TURN NUM = 12.
[2025-10-30 14:10:29,087] [INFO] ENTER: 'GraphRAG' calling 'query_graph'; CURRENT SPEAKER: grok-3_mas_rag, DIALOGUE TURN NUM = 12.
[2025-10-30 14:10:29,816] [INFO] EXIT: 'GraphRAG' calling 'query_graph' (0.7292613983154297 secs).
[2025-10-30 14:10:29,817] [INFO] EXIT: 'GraphRAG' calling 'why' (0.7302887439727783 secs).
[2025-10-30 14:10:29,817] [INFO] ENTER: 'GraphRAG' calling 'claim_negation'; CURRENT SPEAKER: grok-3_mas_rag, DIALOGUE TURN NUM = 12.
[2025-10-30 14:10:29,817] [INFO] ENTER: 'GraphRAG' calling 'query_graph'; CURRENT SPEAKER: grok-3_mas_rag, DIALOGUE TURN NUM = 12.
[2025-10-30 14:10:30,511] [INFO] EXIT: 'GraphRAG' calling 'query_graph' (0.6936442852020264 secs).
[2025-10-30 14:10:30,511] [INFO] EXIT: 'GraphRAG' calling 'claim_negation' (0.6940219402313232 secs).
[2025-10-30 14:10:30,511] [INFO] ENTER: 'GraphRAG' calling 'concede'; CURRENT SPEAKER: grok-3_mas_rag, DIALOGUE TURN NUM = 12.
[2025-10-30 14:10:30,511] [INFO] ENTER: 'GraphRAG' calling 'query_graph'; CURRENT SPEAKER: grok-3_mas_rag, DIALOGUE TURN NUM = 12.
[2025-10-30 14:10:31,232] [INFO] EXIT: 'GraphRAG' calling 'query_graph' (0.7200045585632324 secs).
[2025-10-30 14:10:31,232] [INFO] EXIT: 'GraphRAG' calling 'concede' (0.7203598022460938 secs).
[2025-10-30 14:10:31,232] [INFO] ENTER: 'GraphRAG' calling 'question'; CURRENT SPEAKER: grok-3_mas_rag, DIALOGUE TURN NUM = 12.
[2025-10-30 14:10:31,232] [INFO] ENTER: 'GraphRAG' calling 'query_graph'; CURRENT SPEAKER: grok-3_mas_rag, DIALOGUE TURN NUM = 12.
[2025-10-30 14:10:31,363] [INFO] EXIT: 'GraphRAG' calling 'query_graph' (0.1311042308807373 secs).
[2025-10-30 14:10:31,363] [INFO] EXIT: 'GraphRAG' calling 'question' (0.13141322135925293 secs).
[2025-10-30 14:10:31,379] [INFO] ENTER: 'GraphRAG' calling 'why'; CURRENT SPEAKER: grok-3_mas_rag, DIALOGUE TURN NUM = 12.
[2025-10-30 14:10:31,379] [INFO] ENTER: 'GraphRAG' calling 'query_graph'; CURRENT SPEAKER: grok-3_mas_rag, DIALOGUE TURN NUM = 12.
[2025-10-30 14:10:32,097] [INFO] EXIT: 'GraphRAG' calling 'query_graph' (0.718071460723877 secs).
[2025-10-30 14:10:32,097] [INFO] EXIT: 'GraphRAG' calling 'why' (0.7184383869171143 secs).
[2025-10-30 14:10:32,098] [INFO] ENTER: 'GraphRAG' calling 'claim_negation'; CURRENT SPEAKER: grok-3_mas_rag, DIALOGUE TURN NUM = 12.
[2025-10-30 14:10:32,098] [INFO] ENTER: 'GraphRAG' calling 'query_graph'; CURRENT SPEAKER: grok-3_mas_rag, DIALOGUE TURN NUM = 12.
[2025-10-30 14:10:32,788] [INFO] EXIT: 'GraphRAG' calling 'query_graph' (0.6896727085113525 secs).
[2025-10-30 14:10:32,788] [INFO] EXIT: 'GraphRAG' calling 'claim_negation' (0.6900568008422852 secs).
[2025-10-30 14:10:32,788] [INFO] ENTER: 'GraphRAG' calling 'concede'; CURRENT SPEAKER: grok-3_mas_rag, DIALOGUE TURN NUM = 12.
[2025-10-30 14:10:32,788] [INFO] ENTER: 'GraphRAG' calling 'query_graph'; CURRENT SPEAKER: grok-3_mas_rag, DIALOGUE TURN NUM = 12.
[2025-10-30 14:10:33,505] [INFO] EXIT: 'GraphRAG' calling 'query_graph' (0.7167329788208008 secs).
[2025-10-30 14:10:33,505] [INFO] EXIT: 'GraphRAG' calling 'concede' (0.7170605659484863 secs).
[2025-10-30 14:10:33,505] [INFO] ENTER: 'GraphRAG' calling 'question'; CURRENT SPEAKER: grok-3_mas_rag, DIALOGUE TURN NUM = 12.
[2025-10-30 14:10:33,505] [INFO] ENTER: 'GraphRAG' calling 'query_graph'; CURRENT SPEAKER: grok-3_mas_rag, DIALOGUE TURN NUM = 12.
[2025-10-30 14:10:33,637] [INFO] EXIT: 'GraphRAG' calling 'query_graph' (0.1324300765991211 secs).
[2025-10-30 14:10:33,638] [INFO] EXIT: 'GraphRAG' calling 'question' (0.13277220726013184 secs).
[2025-10-30 14:10:33,654] [INFO] ENTER: 'GraphRAG' calling 'why'; CURRENT SPEAKER: grok-3_mas_rag, DIALOGUE TURN NUM = 12.
[2025-10-30 14:10:33,654] [INFO] ENTER: 'GraphRAG' calling 'query_graph'; CURRENT SPEAKER: grok-3_mas_rag, DIALOGUE TURN NUM = 12.
[2025-10-30 14:10:34,371] [INFO] EXIT: 'GraphRAG' calling 'query_graph' (0.7172410488128662 secs).
[2025-10-30 14:10:34,371] [INFO] EXIT: 'GraphRAG' calling 'why' (0.7175869941711426 secs).
[2025-10-30 14:10:34,372] [INFO] ENTER: 'GraphRAG' calling 'claim_negation'; CURRENT SPEAKER: grok-3_mas_rag, DIALOGUE TURN NUM = 12.
[2025-10-30 14:10:34,372] [INFO] ENTER: 'GraphRAG' calling 'query_graph'; CURRENT SPEAKER: grok-3_mas_rag, DIALOGUE TURN NUM = 12.
[2025-10-30 14:10:35,061] [INFO] EXIT: 'GraphRAG' calling 'query_graph' (0.6889398097991943 secs).
[2025-10-30 14:10:35,061] [INFO] EXIT: 'GraphRAG' calling 'claim_negation' (0.6892781257629395 secs).
[2025-10-30 14:10:35,061] [INFO] ENTER: 'GraphRAG' calling 'concede'; CURRENT SPEAKER: grok-3_mas_rag, DIALOGUE TURN NUM = 12.
[2025-10-30 14:10:35,061] [INFO] ENTER: 'GraphRAG' calling 'query_graph'; CURRENT SPEAKER: grok-3_mas_rag, DIALOGUE TURN NUM = 12.
[2025-10-30 14:10:35,781] [INFO] EXIT: 'GraphRAG' calling 'query_graph' (0.7202210426330566 secs).
[2025-10-30 14:10:35,782] [INFO] EXIT: 'GraphRAG' calling 'concede' (0.7206273078918457 secs).
[2025-10-30 14:10:35,782] [INFO] ENTER: 'GraphRAG' calling 'question'; CURRENT SPEAKER: grok-3_mas_rag, DIALOGUE TURN NUM = 12.
[2025-10-30 14:10:35,782] [INFO] ENTER: 'GraphRAG' calling 'query_graph'; CURRENT SPEAKER: grok-3_mas_rag, DIALOGUE TURN NUM = 12.
[2025-10-30 14:10:35,921] [INFO] EXIT: 'GraphRAG' calling 'query_graph' (0.13892269134521484 secs).
[2025-10-30 14:10:35,921] [INFO] EXIT: 'GraphRAG' calling 'question' (0.1392984390258789 secs).
[2025-10-30 14:10:35,938] [INFO] ENTER: 'GraphRAG' calling 'since'; CURRENT SPEAKER: grok-3_mas_rag, DIALOGUE TURN NUM = 12.
[2025-10-30 14:10:35,938] [INFO] ENTER: 'GraphRAG' calling 'query_graph'; CURRENT SPEAKER: grok-3_mas_rag, DIALOGUE TURN NUM = 12.
[2025-10-30 14:10:35,962] [INFO] EXIT: 'GraphRAG' calling 'query_graph' (0.024391651153564453 secs).
[2025-10-30 14:10:35,962] [INFO] EXIT: 'GraphRAG' calling 'since' (0.024728059768676758 secs).
[2025-10-30 14:10:35,963] [INFO] ENTER: 'GraphRAG' calling 'claim'; CURRENT SPEAKER: grok-3_mas_rag, DIALOGUE TURN NUM = 12.
[2025-10-30 14:10:35,963] [INFO] ENTER: 'GraphRAG' calling 'query_graph'; CURRENT SPEAKER: grok-3_mas_rag, DIALOGUE TURN NUM = 12.
[2025-10-30 14:10:35,981] [INFO] EXIT: 'GraphRAG' calling 'query_graph' (0.018157243728637695 secs).
[2025-10-30 14:10:35,981] [INFO] EXIT: 'GraphRAG' calling 'claim' (0.018527507781982422 secs).
[2025-10-30 14:10:35,981] [INFO] ENTER: 'GraphRAG' calling 'return_rag_examples'; CURRENT SPEAKER: grok-3_mas_rag, DIALOGUE TURN NUM = 12.
[2025-10-30 14:10:35,981] [INFO] EXIT: 'GraphRAG' calling 'return_rag_examples' (2.384185791015625e-06 secs).
[2025-10-30 14:10:35,983] [INFO] ENTER: 'DialogueMoveGenerator' calling 'generate'; CURRENT SPEAKER: grok-3_mas_rag, DIALOGUE TURN NUM = 12.
[2025-10-30 14:10:35,984] [INFO] ENTER: 'MASPromptGenerator' calling 'claim'; CURRENT SPEAKER: grok-3_mas_rag, DIALOGUE TURN NUM = 12.
[2025-10-30 14:10:35,984] [INFO] EXIT: 'MASPromptGenerator' calling 'claim' (0.0001285076141357422 secs).
[2025-10-30 14:10:35,984] [INFO] ENTER: 'DialogueMoveGenerator' calling 'generate'; CURRENT SPEAKER: grok-3_mas_rag, DIALOGUE TURN NUM = 12.
[2025-10-30 14:10:35,984] [INFO] ENTER: 'MASPromptGenerator' calling 'claim_negation'; CURRENT SPEAKER: grok-3_mas_rag, DIALOGUE TURN NUM = 12.
[2025-10-30 14:10:35,985] [INFO] EXIT: 'MASPromptGenerator' calling 'claim_negation' (0.0002186298370361328 secs).
[2025-10-30 14:10:35,985] [INFO] ENTER: 'DialogueMoveGenerator' calling 'generate'; CURRENT SPEAKER: grok-3_mas_rag, DIALOGUE TURN NUM = 12.
[2025-10-30 14:10:35,986] [INFO] ENTER: 'MASPromptGenerator' calling 'concede_claim'; CURRENT SPEAKER: grok-3_mas_rag, DIALOGUE TURN NUM = 12.
[2025-10-30 14:10:35,986] [INFO] EXIT: 'MASPromptGenerator' calling 'concede_claim' (0.0002639293670654297 secs).
[2025-10-30 14:10:35,987] [INFO] ENTER: 'DialogueMoveGenerator' calling 'generate'; CURRENT SPEAKER: grok-3_mas_rag, DIALOGUE TURN NUM = 12.
[2025-10-30 14:10:35,987] [INFO] ENTER: 'MASPromptGenerator' calling 'question_claim'; CURRENT SPEAKER: grok-3_mas_rag, DIALOGUE TURN NUM = 12.
[2025-10-30 14:10:35,987] [INFO] EXIT: 'MASPromptGenerator' calling 'question_claim' (0.0002110004425048828 secs).
[2025-10-30 14:10:35,988] [INFO] ENTER: 'DialogueMoveGenerator' calling 'generate'; CURRENT SPEAKER: grok-3_mas_rag, DIALOGUE TURN NUM = 12.
[2025-10-30 14:10:35,988] [INFO] ENTER: 'MASPromptGenerator' calling 'retract_claim'; CURRENT SPEAKER: grok-3_mas_rag, DIALOGUE TURN NUM = 12.
[2025-10-30 14:10:35,988] [INFO] EXIT: 'MASPromptGenerator' calling 'retract_claim' (8.106231689453125e-05 secs).
[2025-10-30 14:10:35,989] [INFO] ENTER: 'DialogueMoveGenerator' calling 'generate'; CURRENT SPEAKER: grok-3_mas_rag, DIALOGUE TURN NUM = 12.
[2025-10-30 14:10:35,989] [INFO] ENTER: 'DialogueMoveGenerator' calling 'generate'; CURRENT SPEAKER: grok-3_mas_rag, DIALOGUE TURN NUM = 12.
[2025-10-30 14:10:35,989] [INFO] ENTER: 'MASPromptGenerator' calling 'since_claim'; CURRENT SPEAKER: grok-3_mas_rag, DIALOGUE TURN NUM = 12.
[2025-10-30 14:10:35,990] [INFO] ENTER: 'MASPromptGenerator' calling 'why_claim'; CURRENT SPEAKER: grok-3_mas_rag, DIALOGUE TURN NUM = 12.
[2025-10-30 14:10:35,990] [INFO] EXIT: 'MASPromptGenerator' calling 'since_claim' (8.702278137207031e-05 secs).
[2025-10-30 14:10:35,990] [INFO] EXIT: 'MASPromptGenerator' calling 'why_claim' (0.00022935867309570312 secs).
[2025-10-30 14:10:43,683] [INFO] Completion returned and validated from MODEL = 'grok-3'.
[2025-10-30 14:10:43,683] [INFO] EXIT: 'DialogueMoveGenerator' calling 'generate' (7.6997926235198975 secs).
[2025-10-30 14:10:43,765] [INFO] Completion returned and validated from MODEL = 'grok-3'.
[2025-10-30 14:10:43,765] [INFO] EXIT: 'DialogueMoveGenerator' calling 'generate' (7.775295257568359 secs).
[2025-10-30 14:10:44,960] [INFO] Completion returned and validated from MODEL = 'grok-3'.
[2025-10-30 14:10:45,052] [INFO] Completion returned and validated from MODEL = 'grok-3'.
[2025-10-30 14:10:45,162] [INFO] Completion returned and validated from MODEL = 'grok-3'.
[2025-10-30 14:10:45,174] [INFO] Completion returned and validated from MODEL = 'grok-3'.
[2025-10-30 14:10:45,609] [INFO] Completion returned and validated from MODEL = 'grok-3'.
[2025-10-30 14:10:45,609] [INFO] EXIT: 'DialogueMoveGenerator' calling 'generate' (9.620851516723633 secs).
[2025-10-30 14:10:49,070] [INFO] Completion returned and validated from MODEL = 'grok-3'.
[2025-10-30 14:10:50,649] [INFO] Completion returned and validated from MODEL = 'grok-3'.
[2025-10-30 14:10:51,563] [INFO] Completion returned and validated from MODEL = 'grok-3'.
[2025-10-30 14:10:52,340] [INFO] Completion returned and validated from MODEL = 'grok-3'.
[2025-10-30 14:10:52,874] [INFO] Completion returned and validated from MODEL = 'grok-3'.
[2025-10-30 14:10:55,275] [INFO] Completion returned and validated from MODEL = 'grok-3'.
[2025-10-30 14:10:56,158] [INFO] Completion returned and validated from MODEL = 'grok-3'.
[2025-10-30 14:10:56,818] [INFO] Completion returned and validated from MODEL = 'grok-3'.
[2025-10-30 14:10:59,547] [INFO] Completion returned and validated from MODEL = 'grok-3'.
[2025-10-30 14:11:00,578] [INFO] Completion returned and validated from MODEL = 'grok-3'.
[2025-10-30 14:11:00,777] [INFO] Completion returned and validated from MODEL = 'grok-3'.
[2025-10-30 14:11:04,954] [INFO] Completion returned and validated from MODEL = 'grok-3'.
[2025-10-30 14:11:04,954] [INFO] EXIT: 'DialogueMoveGenerator' calling 'generate' (28.96803045272827 secs).
[2025-10-30 14:11:05,362] [INFO] Completion returned and validated from MODEL = 'grok-3'.
[2025-10-30 14:11:05,887] [INFO] Completion returned and validated from MODEL = 'grok-3'.
[2025-10-30 14:11:06,541] [INFO] Completion returned and validated from MODEL = 'grok-3'.
[2025-10-30 14:11:11,283] [INFO] Completion returned and validated from MODEL = 'grok-3'.
[2025-10-30 14:11:11,288] [INFO] Completion returned and validated from MODEL = 'grok-3'.
[2025-10-30 14:11:11,288] [INFO] EXIT: 'DialogueMoveGenerator' calling 'generate' (35.30091309547424 secs).
[2025-10-30 14:11:11,372] [INFO] Completion returned and validated from MODEL = 'grok-3'.
[2025-10-30 14:11:18,019] [INFO] Completion returned and validated from MODEL = 'grok-3'.
[2025-10-30 14:11:18,019] [INFO] EXIT: 'DialogueMoveGenerator' calling 'generate' (42.034414291381836 secs).
[2025-10-30 14:11:18,366] [INFO] Completion returned and validated from MODEL = 'grok-3'.
[2025-10-30 14:11:18,366] [INFO] EXIT: 'DialogueMoveGenerator' calling 'generate' (42.37623691558838 secs).
[2025-10-30 14:11:18,367] [INFO] ENTER: 'MASPromptGenerator' calling 'persuasiveness_choice'; CURRENT SPEAKER: grok-3_mas_rag, DIALOGUE TURN NUM = 12.
[2025-10-30 14:11:18,367] [INFO] EXIT: 'MASPromptGenerator' calling 'persuasiveness_choice' (0.0002868175506591797 secs).
[2025-10-30 14:11:25,400] [INFO] Completion returned and validated within 'PersuasivenessChoiceAgent'; MODEL = 'grok-3'; DIALOGUE TURN NUM = 12.
[2025-10-30 14:11:30,485] [INFO] Completion returned and validated within 'PersuasivenessChoiceAgent'; MODEL = 'grok-3'; DIALOGUE TURN NUM = 12.
[2025-10-30 14:11:37,342] [INFO] Completion returned and validated within 'PersuasivenessChoiceAgent'; MODEL = 'grok-3'; DIALOGUE TURN NUM = 12.
[2025-10-30 14:11:41,959] [INFO] Completion returned and validated within 'PersuasivenessChoiceAgent'; MODEL = 'grok-3'; DIALOGUE TURN NUM = 12.
[2025-10-30 14:11:46,421] [INFO] Completion returned and validated within 'PersuasivenessChoiceAgent'; MODEL = 'grok-3'; DIALOGUE TURN NUM = 12.
[2025-10-30 14:11:51,549] [INFO] Completion returned and validated within 'PersuasivenessChoiceAgent'; MODEL = 'grok-3'; DIALOGUE TURN NUM = 12.
[2025-10-30 14:11:59,445] [INFO] Completion returned and validated within 'PersuasivenessChoiceAgent'; MODEL = 'grok-3'; DIALOGUE TURN NUM = 12.
[2025-10-30 14:11:59,446] [INFO] ENTER: 'DisambiguationAgent' calling '_grouping_similar_utterance_types'; CURRENT SPEAKER: grok-3_mas_rag, DIALOGUE TURN NUM = 12.
[2025-10-30 14:11:59,446] [INFO] EXIT: 'DisambiguationAgent' calling '_grouping_similar_utterance_types' (1.4066696166992188e-05 secs).
[2025-10-30 14:11:59,446] [INFO] ENTER: 'DisambiguationAgent' calling '_identifying_similar_sentences_and_choosing_one_to_return_to_user'; CURRENT SPEAKER: grok-3_mas_rag, DIALOGUE TURN NUM = 12.
[2025-10-30 14:12:24,919] [INFO] 'DisambiguationAgent' grouped similar sentences, completion returned and validated; MODEL = 'grok-3'.
[2025-10-30 14:12:26,701] [INFO] 'DisambiguationAgent' chose sentences to remove, completion returned and validated from MODEL = 'grok-3'.
[2025-10-30 14:12:28,442] [INFO] 'DisambiguationAgent' chose sentences to remove, completion returned and validated from MODEL = 'grok-3'.
[2025-10-30 14:12:30,057] [INFO] 'DisambiguationAgent' chose sentences to remove, completion returned and validated from MODEL = 'grok-3'.
[2025-10-30 14:12:31,272] [INFO] 'DisambiguationAgent' chose sentences to remove, completion returned and validated from MODEL = 'grok-3'.
[2025-10-30 14:12:32,688] [INFO] 'DisambiguationAgent' chose sentences to remove, completion returned and validated from MODEL = 'grok-3'.
[2025-10-30 14:12:34,163] [INFO] 'DisambiguationAgent' chose sentences to remove, completion returned and validated from MODEL = 'grok-3'.
[2025-10-30 14:12:35,590] [INFO] 'DisambiguationAgent' chose sentences to remove, completion returned and validated from MODEL = 'grok-3'.
[2025-10-30 14:12:35,590] [INFO] EXIT: 'DisambiguationAgent' calling '_identifying_similar_sentences_and_choosing_one_to_return_to_user' (36.14445185661316 secs).
[2025-10-30 14:12:35,590] [INFO] ENTER: 'DisambiguationAgent' calling '_identifying_similar_sentences_and_choosing_one_to_return_to_user'; CURRENT SPEAKER: grok-3_mas_rag, DIALOGUE TURN NUM = 12.
[2025-10-30 14:12:40,227] [INFO] 'DisambiguationAgent' grouped similar sentences, completion returned and validated; MODEL = 'grok-3'.
[2025-10-30 14:12:42,674] [INFO] 'DisambiguationAgent' chose sentences to remove, completion returned and validated from MODEL = 'grok-3'.
[2025-10-30 14:12:42,674] [INFO] EXIT: 'DisambiguationAgent' calling '_identifying_similar_sentences_and_choosing_one_to_return_to_user' (7.084038734436035 secs).
[2025-10-30 14:12:42,675] [INFO] ENTER: 'DisambiguationAgent' calling '_removing_repetitive_sentences'; CURRENT SPEAKER: grok-3_mas_rag, DIALOGUE TURN NUM = 12.
[2025-10-30 14:12:42,675] [INFO] EXIT: 'DisambiguationAgent' calling '_removing_repetitive_sentences' (2.765655517578125e-05 secs).
[2025-10-30 14:12:42,675] [INFO] ENTER: 'DisambiguationAgent' calling '_choose_the_most_persuasive_sentences'; CURRENT SPEAKER: grok-3_mas_rag, DIALOGUE TURN NUM = 12.
[2025-10-30 14:12:48,145] [INFO] 'DisambiguationAgent': reached maximum allowed sentences, succussfully chose most persuasive sentences, completion returned and validated from MODEL = 'grok-3'.
[2025-10-30 14:12:48,145] [INFO] EXIT: 'DisambiguationAgent' calling '_choose_the_most_persuasive_sentences' (5.470335006713867 secs).
[2025-10-30 14:12:48,145] [INFO] ENTER: 'DisambiguationAgent' calling 'return_disambiguated_sentences'; CURRENT SPEAKER: grok-3_mas_rag, DIALOGUE TURN NUM = 12.
[2025-10-30 14:12:48,145] [INFO] EXIT: 'DisambiguationAgent' calling 'return_disambiguated_sentences' (2.384185791015625e-06 secs).
[2025-10-30 14:12:48,146] [ERROR] Wrong state used; State of type HumanState; error message: dict has unexpected extra key(s): "graph_rag_examples", "intermediate_generations", "knowledge_base_ensemble_or_model_name", "model_seed", "model_temp", "model_top_p", "number_of_graph_rag_examples", "number_of_vector_based_rag_examples", "political_position_prob_of_na", "political_position_range", "political_position_std", "speaker_model_name", "speaker_type", "vector_based_persona_string", "vector_based_persona_sys_prompt"
[2025-10-30 14:12:48,146] [INFO] Correct state used; State of type GenerationAgentsState; 'IGNORE THE ABOVE ERRORS'.
[2025-10-30 14:12:49,221] [INFO] 'commitment_update' completed '___Claim___' update for current speaker's commitments; MODEL = 'grok-3'.
[2025-10-30 14:12:50,009] [INFO] 'commitment_update' completed '___Claim___' update for current speaker's commitments; MODEL = 'grok-3'.
[2025-10-30 14:12:50,784] [INFO] 'commitment_update' completed '___Claim___' update for current speaker's commitments; MODEL = 'grok-3'.
[2025-10-30 14:12:51,525] [INFO] 'commitment_update' completed '___Claim___' update for current speaker's commitments; MODEL = 'grok-3'.
[2025-10-30 14:12:52,283] [INFO] 'commitment_update' completed '___Claim___' update for current speaker's commitments; MODEL = 'grok-3'.
[2025-10-30 14:12:52,395] [ERROR] Wrong state used; State of type HumanState; error message: dict has unexpected extra key(s): "graph_rag_examples", "intermediate_generations", "knowledge_base_ensemble_or_model_name", "model_seed", "model_temp", "model_top_p", "number_of_graph_rag_examples", "number_of_vector_based_rag_examples", "political_position_prob_of_na", "political_position_range", "political_position_std", "speaker_model_name", "speaker_type", "vector_based_persona_string", "vector_based_persona_sys_prompt"
[2025-10-30 14:12:52,395] [INFO] Correct state used; State of type GenerationAgentsState; 'IGNORE THE ABOVE ERRORS'.
[2025-10-30 14:12:52,395] [INFO] ENTER: 'UtteranceClassificationAgent' calling '_classify_sentence_utterance_types'; CURRENT SPEAKER: grok-4_mas, DIALOGUE TURN NUM = 13.
[2025-10-30 14:12:53,141] [INFO] 'UtteranceClassificationAgent' completion returned and validated from MODEL = 'ModelName.GROK_4'.
[2025-10-30 14:12:53,727] [INFO] 'UtteranceClassificationAgent' completion returned and validated from MODEL = 'ModelName.GROK_4'.
[2025-10-30 14:12:54,325] [INFO] 'UtteranceClassificationAgent' completion returned and validated from MODEL = 'ModelName.GROK_4'.
[2025-10-30 14:12:54,881] [INFO] 'UtteranceClassificationAgent' completion returned and validated from MODEL = 'ModelName.GROK_4'.
[2025-10-30 14:12:55,471] [INFO] 'UtteranceClassificationAgent' completion returned and validated from MODEL = 'ModelName.GROK_4'.
[2025-10-30 14:12:55,471] [INFO] EXIT: 'UtteranceClassificationAgent' calling '_classify_sentence_utterance_types' (3.076064348220825 secs).
[2025-10-30 14:12:55,472] [INFO] ENTER: 'UtteranceClassificationAgent' calling 'return_classified_sentences'; CURRENT SPEAKER: grok-4_mas, DIALOGUE TURN NUM = 13.
[2025-10-30 14:12:55,472] [INFO] EXIT: 'UtteranceClassificationAgent' calling 'return_classified_sentences' (1.9073486328125e-06 secs).
[2025-10-30 14:12:55,473] [INFO] ENTER: 'DialogueMoveGenerator' calling 'generate'; CURRENT SPEAKER: grok-4_mas, DIALOGUE TURN NUM = 13.
[2025-10-30 14:12:55,473] [INFO] ENTER: 'MASPromptGenerator' calling 'claim_negation'; CURRENT SPEAKER: grok-4_mas, DIALOGUE TURN NUM = 13.
[2025-10-30 14:12:55,474] [INFO] EXIT: 'MASPromptGenerator' calling 'claim_negation' (0.00010919570922851562 secs).
[2025-10-30 14:12:55,475] [INFO] ENTER: 'DialogueMoveGenerator' calling 'generate'; CURRENT SPEAKER: grok-4_mas, DIALOGUE TURN NUM = 13.
[2025-10-30 14:12:55,475] [INFO] ENTER: 'MASPromptGenerator' calling 'concede_claim'; CURRENT SPEAKER: grok-4_mas, DIALOGUE TURN NUM = 13.
[2025-10-30 14:12:55,475] [INFO] EXIT: 'MASPromptGenerator' calling 'concede_claim' (7.700920104980469e-05 secs).
[2025-10-30 14:12:55,477] [INFO] ENTER: 'DialogueMoveGenerator' calling 'generate'; CURRENT SPEAKER: grok-4_mas, DIALOGUE TURN NUM = 13.
[2025-10-30 14:12:55,478] [INFO] ENTER: 'MASPromptGenerator' calling 'question_claim'; CURRENT SPEAKER: grok-4_mas, DIALOGUE TURN NUM = 13.
[2025-10-30 14:12:55,478] [INFO] EXIT: 'MASPromptGenerator' calling 'question_claim' (0.00010061264038085938 secs).
[2025-10-30 14:12:55,478] [INFO] ENTER: 'DialogueMoveGenerator' calling 'generate'; CURRENT SPEAKER: grok-4_mas, DIALOGUE TURN NUM = 13.
[2025-10-30 14:12:55,479] [INFO] ENTER: 'MASPromptGenerator' calling 'why_claim'; CURRENT SPEAKER: grok-4_mas, DIALOGUE TURN NUM = 13.
[2025-10-30 14:12:55,479] [INFO] EXIT: 'MASPromptGenerator' calling 'why_claim' (9.72747802734375e-05 secs).
[2025-10-30 14:12:56,819] [INFO] Completion returned and validated from MODEL = 'grok-4'.
[2025-10-30 14:12:56,910] [INFO] Completion returned and validated from MODEL = 'grok-4'.
[2025-10-30 14:12:56,989] [INFO] Completion returned and validated from MODEL = 'grok-4'.
[2025-10-30 14:12:57,022] [INFO] Completion returned and validated from MODEL = 'grok-4'.
[2025-10-30 14:12:57,910] [INFO] Completion returned and validated from MODEL = 'grok-4'.
[2025-10-30 14:12:58,535] [INFO] Completion returned and validated from MODEL = 'grok-4'.
[2025-10-30 14:12:58,681] [INFO] Completion returned and validated from MODEL = 'grok-4'.
[2025-10-30 14:12:58,830] [INFO] Completion returned and validated from MODEL = 'grok-4'.
[2025-10-30 14:12:59,026] [INFO] Completion returned and validated from MODEL = 'grok-4'.
[2025-10-30 14:13:00,314] [INFO] Completion returned and validated from MODEL = 'grok-4'.
[2025-10-30 14:13:00,319] [INFO] Completion returned and validated from MODEL = 'grok-4'.
[2025-10-30 14:13:00,366] [INFO] Completion returned and validated from MODEL = 'grok-4'.
[2025-10-30 14:13:00,576] [INFO] Completion returned and validated from MODEL = 'grok-4'.
[2025-10-30 14:13:01,452] [INFO] Completion returned and validated from MODEL = 'grok-4'.
[2025-10-30 14:13:01,969] [INFO] Completion returned and validated from MODEL = 'grok-4'.
[2025-10-30 14:13:01,971] [INFO] Completion returned and validated from MODEL = 'grok-4'.
[2025-10-30 14:13:01,971] [INFO] EXIT: 'DialogueMoveGenerator' calling 'generate' (6.49658989906311 secs).
[2025-10-30 14:13:02,038] [INFO] Completion returned and validated from MODEL = 'grok-4'.
[2025-10-30 14:13:02,038] [INFO] EXIT: 'DialogueMoveGenerator' calling 'generate' (6.564642667770386 secs).
[2025-10-30 14:13:02,882] [INFO] Completion returned and validated from MODEL = 'grok-4'.
[2025-10-30 14:13:02,882] [INFO] EXIT: 'DialogueMoveGenerator' calling 'generate' (7.403093576431274 secs).
[2025-10-30 14:13:03,284] [INFO] Completion returned and validated from MODEL = 'grok-4'.
[2025-10-30 14:13:03,284] [INFO] EXIT: 'DialogueMoveGenerator' calling 'generate' (7.80640983581543 secs).
[2025-10-30 14:13:03,285] [INFO] ENTER: 'MASPromptGenerator' calling 'persuasiveness_choice'; CURRENT SPEAKER: grok-4_mas, DIALOGUE TURN NUM = 13.
[2025-10-30 14:13:03,285] [INFO] EXIT: 'MASPromptGenerator' calling 'persuasiveness_choice' (0.00016546249389648438 secs).
[2025-10-30 14:13:04,719] [INFO] Completion returned and validated within 'PersuasivenessChoiceAgent'; MODEL = 'grok-4'; DIALOGUE TURN NUM = 13.
[2025-10-30 14:13:06,273] [INFO] Completion returned and validated within 'PersuasivenessChoiceAgent'; MODEL = 'grok-4'; DIALOGUE TURN NUM = 13.
[2025-10-30 14:13:08,077] [INFO] Completion returned and validated within 'PersuasivenessChoiceAgent'; MODEL = 'grok-4'; DIALOGUE TURN NUM = 13.
[2025-10-30 14:13:09,303] [INFO] Completion returned and validated within 'PersuasivenessChoiceAgent'; MODEL = 'grok-4'; DIALOGUE TURN NUM = 13.
[2025-10-30 14:13:11,167] [INFO] Completion returned and validated within 'PersuasivenessChoiceAgent'; MODEL = 'grok-4'; DIALOGUE TURN NUM = 13.
[2025-10-30 14:13:11,168] [INFO] ENTER: 'DisambiguationAgent' calling '_grouping_similar_utterance_types'; CURRENT SPEAKER: grok-4_mas, DIALOGUE TURN NUM = 13.
[2025-10-30 14:13:11,168] [INFO] EXIT: 'DisambiguationAgent' calling '_grouping_similar_utterance_types' (1.0967254638671875e-05 secs).
[2025-10-30 14:13:11,168] [INFO] ENTER: 'DisambiguationAgent' calling '_identifying_similar_sentences_and_choosing_one_to_return_to_user'; CURRENT SPEAKER: grok-4_mas, DIALOGUE TURN NUM = 13.
[2025-10-30 14:13:13,667] [INFO] 'DisambiguationAgent' grouped similar sentences, completion returned and validated; MODEL = 'grok-4'.
[2025-10-30 14:13:14,475] [INFO] 'DisambiguationAgent' chose sentences to remove, completion returned and validated from MODEL = 'grok-4'.
[2025-10-30 14:13:15,235] [INFO] 'DisambiguationAgent' chose sentences to remove, completion returned and validated from MODEL = 'grok-4'.
[2025-10-30 14:13:16,000] [INFO] 'DisambiguationAgent' chose sentences to remove, completion returned and validated from MODEL = 'grok-4'.
[2025-10-30 14:13:16,000] [INFO] EXIT: 'DisambiguationAgent' calling '_identifying_similar_sentences_and_choosing_one_to_return_to_user' (4.832237243652344 secs).
[2025-10-30 14:13:16,000] [INFO] ENTER: 'DisambiguationAgent' calling '_identifying_similar_sentences_and_choosing_one_to_return_to_user'; CURRENT SPEAKER: grok-4_mas, DIALOGUE TURN NUM = 13.
[2025-10-30 14:13:19,476] [INFO] 'DisambiguationAgent' grouped similar sentences, completion returned and validated; MODEL = 'grok-4'.
[2025-10-30 14:13:20,329] [INFO] 'DisambiguationAgent' chose sentences to remove, completion returned and validated from MODEL = 'grok-4'.
[2025-10-30 14:13:21,093] [INFO] 'DisambiguationAgent' chose sentences to remove, completion returned and validated from MODEL = 'grok-4'.
[2025-10-30 14:13:22,013] [INFO] 'DisambiguationAgent' chose sentences to remove, completion returned and validated from MODEL = 'grok-4'.
[2025-10-30 14:13:22,014] [INFO] EXIT: 'DisambiguationAgent' calling '_identifying_similar_sentences_and_choosing_one_to_return_to_user' (6.013240575790405 secs).
[2025-10-30 14:13:22,014] [INFO] ENTER: 'DisambiguationAgent' calling '_removing_repetitive_sentences'; CURRENT SPEAKER: grok-4_mas, DIALOGUE TURN NUM = 13.
[2025-10-30 14:13:22,014] [INFO] EXIT: 'DisambiguationAgent' calling '_removing_repetitive_sentences' (2.0503997802734375e-05 secs).
[2025-10-30 14:13:22,014] [INFO] ENTER: 'DisambiguationAgent' calling '_choose_the_most_persuasive_sentences'; CURRENT SPEAKER: grok-4_mas, DIALOGUE TURN NUM = 13.
[2025-10-30 14:13:23,551] [INFO] 'DisambiguationAgent': reached maximum allowed sentences, succussfully chose most persuasive sentences, completion returned and validated from MODEL = 'grok-4'.
[2025-10-30 14:13:23,551] [INFO] EXIT: 'DisambiguationAgent' calling '_choose_the_most_persuasive_sentences' (1.537259817123413 secs).
[2025-10-30 14:13:23,551] [INFO] ENTER: 'DisambiguationAgent' calling 'return_disambiguated_sentences'; CURRENT SPEAKER: grok-4_mas, DIALOGUE TURN NUM = 13.
[2025-10-30 14:13:23,551] [INFO] EXIT: 'DisambiguationAgent' calling 'return_disambiguated_sentences' (2.384185791015625e-06 secs).
[2025-10-30 14:13:23,552] [ERROR] Wrong state used; State of type HumanState; error message: dict has unexpected extra key(s): "graph_rag_examples", "intermediate_generations", "knowledge_base_ensemble_or_model_name", "model_seed", "model_temp", "model_top_p", "number_of_graph_rag_examples", "number_of_vector_based_rag_examples", "political_position_prob_of_na", "political_position_range", "political_position_std", "speaker_model_name", "speaker_type", "vector_based_persona_string", "vector_based_persona_sys_prompt"
[2025-10-30 14:13:23,552] [INFO] Correct state used; State of type GenerationAgentsState; 'IGNORE THE ABOVE ERRORS'.
[2025-10-30 14:13:24,090] [INFO] 'commitment_update' completed '___Claim___' update for current speaker's commitments; MODEL = 'grok-4'.
[2025-10-30 14:13:24,624] [INFO] 'commitment_update' completed '___Claim___' update for current speaker's commitments; MODEL = 'grok-4'.
[2025-10-30 14:13:25,235] [INFO] 'commitment_update' completed '___Claim___' update for current speaker's commitments; MODEL = 'grok-4'.
[2025-10-30 14:13:25,313] [ERROR] Wrong state used; State of type HumanState; error message: dict has unexpected extra key(s): "graph_rag_examples", "intermediate_generations", "knowledge_base_ensemble_or_model_name", "model_seed", "model_temp", "model_top_p", "number_of_graph_rag_examples", "number_of_vector_based_rag_examples", "political_position_prob_of_na", "political_position_range", "political_position_std", "speaker_model_name", "speaker_type", "vector_based_persona_string", "vector_based_persona_sys_prompt"
[2025-10-30 14:13:25,313] [INFO] Correct state used; State of type GenerationAgentsState; 'IGNORE THE ABOVE ERRORS'.
[2025-10-30 14:13:25,313] [INFO] ENTER: 'UtteranceClassificationAgent' calling '_classify_sentence_utterance_types'; CURRENT SPEAKER: grok-3_mas_rag, DIALOGUE TURN NUM = 14.
[2025-10-30 14:13:26,315] [INFO] 'UtteranceClassificationAgent' completion returned and validated from MODEL = 'ModelName.GROK_3'.
[2025-10-30 14:13:27,690] [INFO] 'UtteranceClassificationAgent' completion returned and validated from MODEL = 'ModelName.GROK_3'.
[2025-10-30 14:13:28,619] [INFO] 'UtteranceClassificationAgent' completion returned and validated from MODEL = 'ModelName.GROK_3'.
[2025-10-30 14:13:29,399] [INFO] 'UtteranceClassificationAgent' completion returned and validated from MODEL = 'ModelName.GROK_3'.
[2025-10-30 14:13:30,085] [INFO] 'UtteranceClassificationAgent' completion returned and validated from MODEL = 'ModelName.GROK_3'.
[2025-10-30 14:13:30,085] [INFO] EXIT: 'UtteranceClassificationAgent' calling '_classify_sentence_utterance_types' (4.771766901016235 secs).
[2025-10-30 14:13:30,085] [INFO] ENTER: 'UtteranceClassificationAgent' calling 'return_classified_sentences'; CURRENT SPEAKER: grok-3_mas_rag, DIALOGUE TURN NUM = 14.
[2025-10-30 14:13:30,085] [INFO] EXIT: 'UtteranceClassificationAgent' calling 'return_classified_sentences' (1.9073486328125e-06 secs).
[2025-10-30 14:13:30,104] [INFO] ENTER: 'GraphRAG' calling 'why'; CURRENT SPEAKER: grok-3_mas_rag, DIALOGUE TURN NUM = 14.
[2025-10-30 14:13:30,104] [INFO] ENTER: 'GraphRAG' calling 'query_graph'; CURRENT SPEAKER: grok-3_mas_rag, DIALOGUE TURN NUM = 14.
[2025-10-30 14:13:30,823] [INFO] EXIT: 'GraphRAG' calling 'query_graph' (0.7184514999389648 secs).
[2025-10-30 14:13:30,823] [INFO] EXIT: 'GraphRAG' calling 'why' (0.7188165187835693 secs).
[2025-10-30 14:13:30,823] [INFO] ENTER: 'GraphRAG' calling 'claim_negation'; CURRENT SPEAKER: grok-3_mas_rag, DIALOGUE TURN NUM = 14.
[2025-10-30 14:13:30,823] [INFO] ENTER: 'GraphRAG' calling 'query_graph'; CURRENT SPEAKER: grok-3_mas_rag, DIALOGUE TURN NUM = 14.
[2025-10-30 14:13:31,517] [INFO] EXIT: 'GraphRAG' calling 'query_graph' (0.6935062408447266 secs).
[2025-10-30 14:13:31,517] [INFO] EXIT: 'GraphRAG' calling 'claim_negation' (0.6938765048980713 secs).
[2025-10-30 14:13:31,517] [INFO] ENTER: 'GraphRAG' calling 'concede'; CURRENT SPEAKER: grok-3_mas_rag, DIALOGUE TURN NUM = 14.
[2025-10-30 14:13:31,517] [INFO] ENTER: 'GraphRAG' calling 'query_graph'; CURRENT SPEAKER: grok-3_mas_rag, DIALOGUE TURN NUM = 14.
[2025-10-30 14:13:32,240] [INFO] EXIT: 'GraphRAG' calling 'query_graph' (0.7234179973602295 secs).
[2025-10-30 14:13:32,241] [INFO] EXIT: 'GraphRAG' calling 'concede' (0.7237889766693115 secs).
[2025-10-30 14:13:32,241] [INFO] ENTER: 'GraphRAG' calling 'question'; CURRENT SPEAKER: grok-3_mas_rag, DIALOGUE TURN NUM = 14.
[2025-10-30 14:13:32,241] [INFO] ENTER: 'GraphRAG' calling 'query_graph'; CURRENT SPEAKER: grok-3_mas_rag, DIALOGUE TURN NUM = 14.
[2025-10-30 14:13:32,372] [INFO] EXIT: 'GraphRAG' calling 'query_graph' (0.13132429122924805 secs).
[2025-10-30 14:13:32,372] [INFO] EXIT: 'GraphRAG' calling 'question' (0.13169002532958984 secs).
[2025-10-30 14:13:32,389] [INFO] ENTER: 'GraphRAG' calling 'why'; CURRENT SPEAKER: grok-3_mas_rag, DIALOGUE TURN NUM = 14.
[2025-10-30 14:13:32,389] [INFO] ENTER: 'GraphRAG' calling 'query_graph'; CURRENT SPEAKER: grok-3_mas_rag, DIALOGUE TURN NUM = 14.
[2025-10-30 14:13:33,109] [INFO] EXIT: 'GraphRAG' calling 'query_graph' (0.720374345779419 secs).
[2025-10-30 14:13:33,109] [INFO] EXIT: 'GraphRAG' calling 'why' (0.7207345962524414 secs).
[2025-10-30 14:13:33,110] [INFO] ENTER: 'GraphRAG' calling 'claim_negation'; CURRENT SPEAKER: grok-3_mas_rag, DIALOGUE TURN NUM = 14.
[2025-10-30 14:13:33,110] [INFO] ENTER: 'GraphRAG' calling 'query_graph'; CURRENT SPEAKER: grok-3_mas_rag, DIALOGUE TURN NUM = 14.
[2025-10-30 14:13:33,807] [INFO] EXIT: 'GraphRAG' calling 'query_graph' (0.6972565650939941 secs).
[2025-10-30 14:13:33,807] [INFO] EXIT: 'GraphRAG' calling 'claim_negation' (0.6976299285888672 secs).
[2025-10-30 14:13:33,807] [INFO] ENTER: 'GraphRAG' calling 'concede'; CURRENT SPEAKER: grok-3_mas_rag, DIALOGUE TURN NUM = 14.
[2025-10-30 14:13:33,808] [INFO] ENTER: 'GraphRAG' calling 'query_graph'; CURRENT SPEAKER: grok-3_mas_rag, DIALOGUE TURN NUM = 14.
[2025-10-30 14:13:34,528] [INFO] EXIT: 'GraphRAG' calling 'query_graph' (0.7208476066589355 secs).
[2025-10-30 14:13:34,528] [INFO] EXIT: 'GraphRAG' calling 'concede' (0.7212185859680176 secs).
[2025-10-30 14:13:34,529] [INFO] ENTER: 'GraphRAG' calling 'question'; CURRENT SPEAKER: grok-3_mas_rag, DIALOGUE TURN NUM = 14.
[2025-10-30 14:13:34,529] [INFO] ENTER: 'GraphRAG' calling 'query_graph'; CURRENT SPEAKER: grok-3_mas_rag, DIALOGUE TURN NUM = 14.
[2025-10-30 14:13:34,660] [INFO] EXIT: 'GraphRAG' calling 'query_graph' (0.13119864463806152 secs).
[2025-10-30 14:13:34,660] [INFO] EXIT: 'GraphRAG' calling 'question' (0.13158416748046875 secs).
[2025-10-30 14:13:34,676] [INFO] ENTER: 'GraphRAG' calling 'why'; CURRENT SPEAKER: grok-3_mas_rag, DIALOGUE TURN NUM = 14.
[2025-10-30 14:13:34,676] [INFO] ENTER: 'GraphRAG' calling 'query_graph'; CURRENT SPEAKER: grok-3_mas_rag, DIALOGUE TURN NUM = 14.
[2025-10-30 14:13:35,397] [INFO] EXIT: 'GraphRAG' calling 'query_graph' (0.7208371162414551 secs).
[2025-10-30 14:13:35,397] [INFO] EXIT: 'GraphRAG' calling 'why' (0.721193790435791 secs).
[2025-10-30 14:13:35,397] [INFO] ENTER: 'GraphRAG' calling 'claim_negation'; CURRENT SPEAKER: grok-3_mas_rag, DIALOGUE TURN NUM = 14.
[2025-10-30 14:13:35,397] [INFO] ENTER: 'GraphRAG' calling 'query_graph'; CURRENT SPEAKER: grok-3_mas_rag, DIALOGUE TURN NUM = 14.
[2025-10-30 14:13:36,089] [INFO] EXIT: 'GraphRAG' calling 'query_graph' (0.6916501522064209 secs).
[2025-10-30 14:13:36,089] [INFO] EXIT: 'GraphRAG' calling 'claim_negation' (0.6920700073242188 secs).
[2025-10-30 14:13:36,089] [INFO] ENTER: 'GraphRAG' calling 'concede'; CURRENT SPEAKER: grok-3_mas_rag, DIALOGUE TURN NUM = 14.
[2025-10-30 14:13:36,090] [INFO] ENTER: 'GraphRAG' calling 'query_graph'; CURRENT SPEAKER: grok-3_mas_rag, DIALOGUE TURN NUM = 14.
[2025-10-30 14:13:36,812] [INFO] EXIT: 'GraphRAG' calling 'query_graph' (0.7223474979400635 secs).
[2025-10-30 14:13:36,812] [INFO] EXIT: 'GraphRAG' calling 'concede' (0.7227087020874023 secs).
[2025-10-30 14:13:36,812] [INFO] ENTER: 'GraphRAG' calling 'question'; CURRENT SPEAKER: grok-3_mas_rag, DIALOGUE TURN NUM = 14.
[2025-10-30 14:13:36,812] [INFO] ENTER: 'GraphRAG' calling 'query_graph'; CURRENT SPEAKER: grok-3_mas_rag, DIALOGUE TURN NUM = 14.
[2025-10-30 14:13:36,946] [INFO] EXIT: 'GraphRAG' calling 'query_graph' (0.13311147689819336 secs).
[2025-10-30 14:13:36,946] [INFO] EXIT: 'GraphRAG' calling 'question' (0.13350820541381836 secs).
[2025-10-30 14:13:36,961] [INFO] ENTER: 'GraphRAG' calling 'why'; CURRENT SPEAKER: grok-3_mas_rag, DIALOGUE TURN NUM = 14.
[2025-10-30 14:13:36,961] [INFO] ENTER: 'GraphRAG' calling 'query_graph'; CURRENT SPEAKER: grok-3_mas_rag, DIALOGUE TURN NUM = 14.
[2025-10-30 14:13:37,682] [INFO] EXIT: 'GraphRAG' calling 'query_graph' (0.7210073471069336 secs).
[2025-10-30 14:13:37,682] [INFO] EXIT: 'GraphRAG' calling 'why' (0.7213904857635498 secs).
[2025-10-30 14:13:37,682] [INFO] ENTER: 'GraphRAG' calling 'claim_negation'; CURRENT SPEAKER: grok-3_mas_rag, DIALOGUE TURN NUM = 14.
[2025-10-30 14:13:37,683] [INFO] ENTER: 'GraphRAG' calling 'query_graph'; CURRENT SPEAKER: grok-3_mas_rag, DIALOGUE TURN NUM = 14.
[2025-10-30 14:13:38,376] [INFO] EXIT: 'GraphRAG' calling 'query_graph' (0.6929280757904053 secs).
[2025-10-30 14:13:38,376] [INFO] EXIT: 'GraphRAG' calling 'claim_negation' (0.6932933330535889 secs).
[2025-10-30 14:13:38,376] [INFO] ENTER: 'GraphRAG' calling 'concede'; CURRENT SPEAKER: grok-3_mas_rag, DIALOGUE TURN NUM = 14.
[2025-10-30 14:13:38,376] [INFO] ENTER: 'GraphRAG' calling 'query_graph'; CURRENT SPEAKER: grok-3_mas_rag, DIALOGUE TURN NUM = 14.
[2025-10-30 14:13:39,100] [INFO] EXIT: 'GraphRAG' calling 'query_graph' (0.7233965396881104 secs).
[2025-10-30 14:13:39,100] [INFO] EXIT: 'GraphRAG' calling 'concede' (0.7237865924835205 secs).
[2025-10-30 14:13:39,100] [INFO] ENTER: 'GraphRAG' calling 'question'; CURRENT SPEAKER: grok-3_mas_rag, DIALOGUE TURN NUM = 14.
[2025-10-30 14:13:39,100] [INFO] ENTER: 'GraphRAG' calling 'query_graph'; CURRENT SPEAKER: grok-3_mas_rag, DIALOGUE TURN NUM = 14.
[2025-10-30 14:13:39,232] [INFO] EXIT: 'GraphRAG' calling 'query_graph' (0.13176369667053223 secs).
[2025-10-30 14:13:39,232] [INFO] EXIT: 'GraphRAG' calling 'question' (0.13211774826049805 secs).
[2025-10-30 14:13:39,247] [INFO] ENTER: 'GraphRAG' calling 'why'; CURRENT SPEAKER: grok-3_mas_rag, DIALOGUE TURN NUM = 14.
[2025-10-30 14:13:39,247] [INFO] ENTER: 'GraphRAG' calling 'query_graph'; CURRENT SPEAKER: grok-3_mas_rag, DIALOGUE TURN NUM = 14.
[2025-10-30 14:13:39,969] [INFO] EXIT: 'GraphRAG' calling 'query_graph' (0.7219855785369873 secs).
[2025-10-30 14:13:39,969] [INFO] EXIT: 'GraphRAG' calling 'why' (0.7223284244537354 secs).
[2025-10-30 14:13:39,969] [INFO] ENTER: 'GraphRAG' calling 'claim_negation'; CURRENT SPEAKER: grok-3_mas_rag, DIALOGUE TURN NUM = 14.
[2025-10-30 14:13:39,970] [INFO] ENTER: 'GraphRAG' calling 'query_graph'; CURRENT SPEAKER: grok-3_mas_rag, DIALOGUE TURN NUM = 14.
[2025-10-30 14:13:40,664] [INFO] EXIT: 'GraphRAG' calling 'query_graph' (0.6947886943817139 secs).
[2025-10-30 14:13:40,665] [INFO] EXIT: 'GraphRAG' calling 'claim_negation' (0.6951479911804199 secs).
[2025-10-30 14:13:40,665] [INFO] ENTER: 'GraphRAG' calling 'concede'; CURRENT SPEAKER: grok-3_mas_rag, DIALOGUE TURN NUM = 14.
[2025-10-30 14:13:40,665] [INFO] ENTER: 'GraphRAG' calling 'query_graph'; CURRENT SPEAKER: grok-3_mas_rag, DIALOGUE TURN NUM = 14.
[2025-10-30 14:13:41,386] [INFO] EXIT: 'GraphRAG' calling 'query_graph' (0.7209696769714355 secs).
[2025-10-30 14:13:41,386] [INFO] EXIT: 'GraphRAG' calling 'concede' (0.7213089466094971 secs).
[2025-10-30 14:13:41,386] [INFO] ENTER: 'GraphRAG' calling 'question'; CURRENT SPEAKER: grok-3_mas_rag, DIALOGUE TURN NUM = 14.
[2025-10-30 14:13:41,386] [INFO] ENTER: 'GraphRAG' calling 'query_graph'; CURRENT SPEAKER: grok-3_mas_rag, DIALOGUE TURN NUM = 14.
[2025-10-30 14:13:41,517] [INFO] EXIT: 'GraphRAG' calling 'query_graph' (0.13115787506103516 secs).
[2025-10-30 14:13:41,518] [INFO] EXIT: 'GraphRAG' calling 'question' (0.13155198097229004 secs).
[2025-10-30 14:13:41,518] [INFO] ENTER: 'GraphRAG' calling 'return_rag_examples'; CURRENT SPEAKER: grok-3_mas_rag, DIALOGUE TURN NUM = 14.
[2025-10-30 14:13:41,518] [INFO] EXIT: 'GraphRAG' calling 'return_rag_examples' (2.384185791015625e-06 secs).
[2025-10-30 14:13:41,520] [INFO] ENTER: 'DialogueMoveGenerator' calling 'generate'; CURRENT SPEAKER: grok-3_mas_rag, DIALOGUE TURN NUM = 14.
[2025-10-30 14:13:41,520] [INFO] ENTER: 'DialogueMoveGenerator' calling 'generate'; CURRENT SPEAKER: grok-3_mas_rag, DIALOGUE TURN NUM = 14.
[2025-10-30 14:13:41,521] [INFO] ENTER: 'MASPromptGenerator' calling 'claim_negation'; CURRENT SPEAKER: grok-3_mas_rag, DIALOGUE TURN NUM = 14.
[2025-10-30 14:13:41,521] [INFO] ENTER: 'DialogueMoveGenerator' calling 'generate'; CURRENT SPEAKER: grok-3_mas_rag, DIALOGUE TURN NUM = 14.
[2025-10-30 14:13:41,521] [INFO] ENTER: 'DialogueMoveGenerator' calling 'generate'; CURRENT SPEAKER: grok-3_mas_rag, DIALOGUE TURN NUM = 14.
[2025-10-30 14:13:41,521] [INFO] ENTER: 'MASPromptGenerator' calling 'concede_claim'; CURRENT SPEAKER: grok-3_mas_rag, DIALOGUE TURN NUM = 14.
[2025-10-30 14:13:41,526] [INFO] EXIT: 'MASPromptGenerator' calling 'claim_negation' (0.00027370452880859375 secs).
[2025-10-30 14:13:41,527] [INFO] ENTER: 'MASPromptGenerator' calling 'question_claim'; CURRENT SPEAKER: grok-3_mas_rag, DIALOGUE TURN NUM = 14.
[2025-10-30 14:13:41,527] [INFO] ENTER: 'MASPromptGenerator' calling 'why_claim'; CURRENT SPEAKER: grok-3_mas_rag, DIALOGUE TURN NUM = 14.
[2025-10-30 14:13:41,528] [INFO] EXIT: 'MASPromptGenerator' calling 'concede_claim' (0.0002002716064453125 secs).
[2025-10-30 14:13:41,529] [INFO] EXIT: 'MASPromptGenerator' calling 'question_claim' (0.00028252601623535156 secs).
[2025-10-30 14:13:41,529] [INFO] EXIT: 'MASPromptGenerator' calling 'why_claim' (5.9604644775390625e-05 secs).
[2025-10-30 14:13:46,559] [INFO] Completion returned and validated from MODEL = 'grok-3'.
[2025-10-30 14:13:47,400] [INFO] Completion returned and validated from MODEL = 'grok-3'.
[2025-10-30 14:13:48,002] [INFO] Completion returned and validated from MODEL = 'grok-3'.
[2025-10-30 14:13:48,764] [INFO] Completion returned and validated from MODEL = 'grok-3'.
[2025-10-30 14:13:51,130] [INFO] Completion returned and validated from MODEL = 'grok-3'.
[2025-10-30 14:13:51,802] [INFO] Completion returned and validated from MODEL = 'grok-3'.
[2025-10-30 14:13:52,916] [INFO] Completion returned and validated from MODEL = 'grok-3'.
[2025-10-30 14:13:53,593] [INFO] Completion returned and validated from MODEL = 'grok-3'.
[2025-10-30 14:13:54,323] [INFO] Completion returned and validated from MODEL = 'grok-3'.
[2025-10-30 14:13:56,925] [INFO] Completion returned and validated from MODEL = 'grok-3'.
[2025-10-30 14:13:57,666] [INFO] Completion returned and validated from MODEL = 'grok-3'.
[2025-10-30 14:13:59,033] [INFO] Completion returned and validated from MODEL = 'grok-3'.
[2025-10-30 14:13:59,779] [INFO] Completion returned and validated from MODEL = 'grok-3'.
[2025-10-30 14:14:03,149] [INFO] Completion returned and validated from MODEL = 'grok-3'.
[2025-10-30 14:14:03,418] [INFO] Completion returned and validated from MODEL = 'grok-3'.
[2025-10-30 14:14:03,418] [INFO] EXIT: 'DialogueMoveGenerator' calling 'generate' (21.896721601486206 secs).
[2025-10-30 14:14:04,784] [INFO] Completion returned and validated from MODEL = 'grok-3'.
[2025-10-30 14:14:05,202] [INFO] Completion returned and validated from MODEL = 'grok-3'.
[2025-10-30 14:14:10,493] [INFO] Completion returned and validated from MODEL = 'grok-3'.
[2025-10-30 14:14:10,493] [INFO] EXIT: 'DialogueMoveGenerator' calling 'generate' (28.96626043319702 secs).
[2025-10-30 14:14:11,754] [INFO] Completion returned and validated from MODEL = 'grok-3'.
[2025-10-30 14:14:11,754] [INFO] EXIT: 'DialogueMoveGenerator' calling 'generate' (30.23369288444519 secs).
[2025-10-30 14:14:12,102] [INFO] Completion returned and validated from MODEL = 'grok-3'.
[2025-10-30 14:14:12,102] [INFO] EXIT: 'DialogueMoveGenerator' calling 'generate' (30.574795484542847 secs).
[2025-10-30 14:14:12,104] [INFO] ENTER: 'MASPromptGenerator' calling 'persuasiveness_choice'; CURRENT SPEAKER: grok-3_mas_rag, DIALOGUE TURN NUM = 14.
[2025-10-30 14:14:12,104] [INFO] EXIT: 'MASPromptGenerator' calling 'persuasiveness_choice' (0.0001995563507080078 secs).
[2025-10-30 14:14:17,475] [INFO] Completion returned and validated within 'PersuasivenessChoiceAgent'; MODEL = 'grok-3'; DIALOGUE TURN NUM = 14.
[2025-10-30 14:14:21,111] [INFO] Completion returned and validated within 'PersuasivenessChoiceAgent'; MODEL = 'grok-3'; DIALOGUE TURN NUM = 14.
[2025-10-30 14:14:26,358] [INFO] Completion returned and validated within 'PersuasivenessChoiceAgent'; MODEL = 'grok-3'; DIALOGUE TURN NUM = 14.
[2025-10-30 14:14:30,965] [INFO] Completion returned and validated within 'PersuasivenessChoiceAgent'; MODEL = 'grok-3'; DIALOGUE TURN NUM = 14.
[2025-10-30 14:14:36,476] [INFO] Completion returned and validated within 'PersuasivenessChoiceAgent'; MODEL = 'grok-3'; DIALOGUE TURN NUM = 14.
[2025-10-30 14:14:36,477] [INFO] ENTER: 'DisambiguationAgent' calling '_grouping_similar_utterance_types'; CURRENT SPEAKER: grok-3_mas_rag, DIALOGUE TURN NUM = 14.
[2025-10-30 14:14:36,477] [INFO] EXIT: 'DisambiguationAgent' calling '_grouping_similar_utterance_types' (9.5367431640625e-06 secs).
[2025-10-30 14:14:36,477] [INFO] ENTER: 'DisambiguationAgent' calling '_identifying_similar_sentences_and_choosing_one_to_return_to_user'; CURRENT SPEAKER: grok-3_mas_rag, DIALOGUE TURN NUM = 14.
[2025-10-30 14:14:47,484] [INFO] 'DisambiguationAgent' grouped similar sentences, completion returned and validated; MODEL = 'grok-3'.
[2025-10-30 14:14:49,140] [INFO] 'DisambiguationAgent' chose sentences to remove, completion returned and validated from MODEL = 'grok-3'.
[2025-10-30 14:14:51,403] [INFO] 'DisambiguationAgent' chose sentences to remove, completion returned and validated from MODEL = 'grok-3'.
[2025-10-30 14:14:52,507] [INFO] 'DisambiguationAgent' chose sentences to remove, completion returned and validated from MODEL = 'grok-3'.
[2025-10-30 14:14:52,507] [INFO] EXIT: 'DisambiguationAgent' calling '_identifying_similar_sentences_and_choosing_one_to_return_to_user' (16.029995441436768 secs).
[2025-10-30 14:14:52,507] [INFO] ENTER: 'DisambiguationAgent' calling '_identifying_similar_sentences_and_choosing_one_to_return_to_user'; CURRENT SPEAKER: grok-3_mas_rag, DIALOGUE TURN NUM = 14.
[2025-10-30 14:14:53,229] [INFO] 'DisambiguationAgent' grouped similar sentences, completion returned and validated; MODEL = 'grok-3'.
[2025-10-30 14:14:53,229] [INFO] EXIT: 'DisambiguationAgent' calling '_identifying_similar_sentences_and_choosing_one_to_return_to_user' (0.7220401763916016 secs).
[2025-10-30 14:14:53,229] [INFO] ENTER: 'DisambiguationAgent' calling '_removing_repetitive_sentences'; CURRENT SPEAKER: grok-3_mas_rag, DIALOGUE TURN NUM = 14.
[2025-10-30 14:14:53,229] [INFO] EXIT: 'DisambiguationAgent' calling '_removing_repetitive_sentences' (1.6450881958007812e-05 secs).
[2025-10-30 14:14:53,229] [INFO] ENTER: 'DisambiguationAgent' calling '_choose_the_most_persuasive_sentences'; CURRENT SPEAKER: grok-3_mas_rag, DIALOGUE TURN NUM = 14.
[2025-10-30 14:14:58,037] [INFO] 'DisambiguationAgent': reached maximum allowed sentences, succussfully chose most persuasive sentences, completion returned and validated from MODEL = 'grok-3'.
[2025-10-30 14:14:58,037] [INFO] EXIT: 'DisambiguationAgent' calling '_choose_the_most_persuasive_sentences' (4.8074235916137695 secs).
[2025-10-30 14:14:58,037] [INFO] ENTER: 'DisambiguationAgent' calling 'return_disambiguated_sentences'; CURRENT SPEAKER: grok-3_mas_rag, DIALOGUE TURN NUM = 14.
[2025-10-30 14:14:58,037] [INFO] EXIT: 'DisambiguationAgent' calling 'return_disambiguated_sentences' (2.86102294921875e-06 secs).
[2025-10-30 14:14:58,037] [ERROR] Wrong state used; State of type HumanState; error message: dict has unexpected extra key(s): "graph_rag_examples", "intermediate_generations", "knowledge_base_ensemble_or_model_name", "model_seed", "model_temp", "model_top_p", "number_of_graph_rag_examples", "number_of_vector_based_rag_examples", "political_position_prob_of_na", "political_position_range", "political_position_std", "speaker_model_name", "speaker_type", "vector_based_persona_string", "vector_based_persona_sys_prompt"
[2025-10-30 14:14:58,038] [INFO] Correct state used; State of type GenerationAgentsState; 'IGNORE THE ABOVE ERRORS'.
[2025-10-30 14:14:58,727] [INFO] 'commitment_update' completed '___Claim___' update for current speaker's commitments; MODEL = 'grok-3'.
[2025-10-30 14:14:59,456] [INFO] 'commitment_update' completed '___Claim___' update for current speaker's commitments; MODEL = 'grok-3'.
[2025-10-30 14:15:00,167] [INFO] 'commitment_update' completed '___Claim___' update for current speaker's commitments; MODEL = 'grok-3'.
[2025-10-30 14:15:00,819] [INFO] 'commitment_update' completed '___Claim___' update for current speaker's commitments; MODEL = 'grok-3'.
[2025-10-30 14:15:00,934] [ERROR] Wrong state used; State of type HumanState; error message: dict has unexpected extra key(s): "graph_rag_examples", "intermediate_generations", "knowledge_base_ensemble_or_model_name", "model_seed", "model_temp", "model_top_p", "number_of_graph_rag_examples", "number_of_vector_based_rag_examples", "political_position_prob_of_na", "political_position_range", "political_position_std", "speaker_model_name", "speaker_type", "vector_based_persona_string", "vector_based_persona_sys_prompt"
[2025-10-30 14:15:00,935] [INFO] Correct state used; State of type GenerationAgentsState; 'IGNORE THE ABOVE ERRORS'.
[2025-10-30 14:15:00,935] [INFO] ENTER: 'UtteranceClassificationAgent' calling '_classify_sentence_utterance_types'; CURRENT SPEAKER: grok-4_mas, DIALOGUE TURN NUM = 15.
[2025-10-30 14:15:01,539] [INFO] 'UtteranceClassificationAgent' completion returned and validated from MODEL = 'ModelName.GROK_4'.
[2025-10-30 14:15:02,071] [INFO] 'UtteranceClassificationAgent' completion returned and validated from MODEL = 'ModelName.GROK_4'.
[2025-10-30 14:15:02,705] [INFO] 'UtteranceClassificationAgent' completion returned and validated from MODEL = 'ModelName.GROK_4'.
[2025-10-30 14:15:03,298] [INFO] 'UtteranceClassificationAgent' completion returned and validated from MODEL = 'ModelName.GROK_4'.
[2025-10-30 14:15:03,839] [INFO] 'UtteranceClassificationAgent' completion returned and validated from MODEL = 'ModelName.GROK_4'.
[2025-10-30 14:15:03,839] [INFO] EXIT: 'UtteranceClassificationAgent' calling '_classify_sentence_utterance_types' (2.9038188457489014 secs).
[2025-10-30 14:15:03,839] [INFO] ENTER: 'UtteranceClassificationAgent' calling 'return_classified_sentences'; CURRENT SPEAKER: grok-4_mas, DIALOGUE TURN NUM = 15.
[2025-10-30 14:15:03,839] [INFO] EXIT: 'UtteranceClassificationAgent' calling 'return_classified_sentences' (1.430511474609375e-06 secs).
[2025-10-30 14:15:03,843] [INFO] ENTER: 'DialogueMoveGenerator' calling 'generate'; CURRENT SPEAKER: grok-4_mas, DIALOGUE TURN NUM = 15.
[2025-10-30 14:15:03,843] [INFO] ENTER: 'DialogueMoveGenerator' calling 'generate'; CURRENT SPEAKER: grok-4_mas, DIALOGUE TURN NUM = 15.
[2025-10-30 14:15:03,843] [INFO] ENTER: 'MASPromptGenerator' calling 'claim'; CURRENT SPEAKER: grok-4_mas, DIALOGUE TURN NUM = 15.
[2025-10-30 14:15:03,844] [INFO] ENTER: 'MASPromptGenerator' calling 'claim_negation'; CURRENT SPEAKER: grok-4_mas, DIALOGUE TURN NUM = 15.
[2025-10-30 14:15:03,844] [INFO] ENTER: 'DialogueMoveGenerator' calling 'generate'; CURRENT SPEAKER: grok-4_mas, DIALOGUE TURN NUM = 15.
[2025-10-30 14:15:03,844] [INFO] EXIT: 'MASPromptGenerator' calling 'claim' (4.1484832763671875e-05 secs).
[2025-10-30 14:15:03,844] [INFO] EXIT: 'MASPromptGenerator' calling 'claim_negation' (3.6716461181640625e-05 secs).
[2025-10-30 14:15:03,844] [INFO] ENTER: 'MASPromptGenerator' calling 'concede_claim'; CURRENT SPEAKER: grok-4_mas, DIALOGUE TURN NUM = 15.
[2025-10-30 14:15:03,845] [INFO] ENTER: 'DialogueMoveGenerator' calling 'generate'; CURRENT SPEAKER: grok-4_mas, DIALOGUE TURN NUM = 15.
[2025-10-30 14:15:03,846] [INFO] ENTER: 'DialogueMoveGenerator' calling 'generate'; CURRENT SPEAKER: grok-4_mas, DIALOGUE TURN NUM = 15.
[2025-10-30 14:15:03,846] [INFO] EXIT: 'MASPromptGenerator' calling 'concede_claim' (8.749961853027344e-05 secs).
[2025-10-30 14:15:03,846] [INFO] ENTER: 'DialogueMoveGenerator' calling 'generate'; CURRENT SPEAKER: grok-4_mas, DIALOGUE TURN NUM = 15.
[2025-10-30 14:15:03,846] [INFO] ENTER: 'MASPromptGenerator' calling 'question_claim'; CURRENT SPEAKER: grok-4_mas, DIALOGUE TURN NUM = 15.
[2025-10-30 14:15:03,846] [INFO] ENTER: 'DialogueMoveGenerator' calling 'generate'; CURRENT SPEAKER: grok-4_mas, DIALOGUE TURN NUM = 15.
[2025-10-30 14:15:03,847] [INFO] ENTER: 'MASPromptGenerator' calling 'retract_claim'; CURRENT SPEAKER: grok-4_mas, DIALOGUE TURN NUM = 15.
[2025-10-30 14:15:03,848] [INFO] ENTER: 'MASPromptGenerator' calling 'since_claim'; CURRENT SPEAKER: grok-4_mas, DIALOGUE TURN NUM = 15.
[2025-10-30 14:15:03,848] [INFO] EXIT: 'MASPromptGenerator' calling 'question_claim' (0.00010204315185546875 secs).
[2025-10-30 14:15:03,849] [INFO] ENTER: 'MASPromptGenerator' calling 'why_claim'; CURRENT SPEAKER: grok-4_mas, DIALOGUE TURN NUM = 15.
[2025-10-30 14:15:03,849] [INFO] EXIT: 'MASPromptGenerator' calling 'retract_claim' (9.202957153320312e-05 secs).
[2025-10-30 14:15:03,849] [INFO] EXIT: 'MASPromptGenerator' calling 'since_claim' (8.630752563476562e-05 secs).
[2025-10-30 14:15:03,849] [INFO] EXIT: 'MASPromptGenerator' calling 'why_claim' (8.606910705566406e-05 secs).
[2025-10-30 14:15:05,562] [INFO] Completion returned and validated from MODEL = 'grok-4'.
[2025-10-30 14:15:05,685] [INFO] Completion returned and validated from MODEL = 'grok-4'.
[2025-10-30 14:15:05,694] [INFO] Completion returned and validated from MODEL = 'grok-4'.
[2025-10-30 14:15:05,792] [INFO] Completion returned and validated from MODEL = 'grok-4'.
[2025-10-30 14:15:05,792] [INFO] EXIT: 'DialogueMoveGenerator' calling 'generate' (1.9485185146331787 secs).
[2025-10-30 14:15:05,805] [INFO] Completion returned and validated from MODEL = 'grok-4'.
[2025-10-30 14:15:05,806] [INFO] EXIT: 'DialogueMoveGenerator' calling 'generate' (1.957664966583252 secs).
[2025-10-30 14:15:05,809] [INFO] Completion returned and validated from MODEL = 'grok-4'.
[2025-10-30 14:15:05,866] [INFO] Completion returned and validated from MODEL = 'grok-4'.
[2025-10-30 14:15:05,866] [INFO] EXIT: 'DialogueMoveGenerator' calling 'generate' (2.0188934803009033 secs).
[2025-10-30 14:15:07,011] [INFO] Completion returned and validated from MODEL = 'grok-4'.
[2025-10-30 14:15:07,334] [INFO] Completion returned and validated from MODEL = 'grok-4'.
[2025-10-30 14:15:07,351] [INFO] Completion returned and validated from MODEL = 'grok-4'.
[2025-10-30 14:15:07,357] [INFO] Completion returned and validated from MODEL = 'grok-4'.
[2025-10-30 14:15:08,320] [INFO] Completion returned and validated from MODEL = 'grok-4'.
[2025-10-30 14:15:08,833] [INFO] Completion returned and validated from MODEL = 'grok-4'.
[2025-10-30 14:15:09,073] [INFO] Completion returned and validated from MODEL = 'grok-4'.
[2025-10-30 14:15:09,171] [INFO] Completion returned and validated from MODEL = 'grok-4'.
[2025-10-30 14:15:09,816] [INFO] Completion returned and validated from MODEL = 'grok-4'.
[2025-10-30 14:15:09,816] [INFO] EXIT: 'DialogueMoveGenerator' calling 'generate' (5.9717748165130615 secs).
[2025-10-30 14:15:10,423] [INFO] Completion returned and validated from MODEL = 'grok-4'.
[2025-10-30 14:15:10,423] [INFO] EXIT: 'DialogueMoveGenerator' calling 'generate' (6.576690435409546 secs).
[2025-10-30 14:15:10,659] [INFO] Completion returned and validated from MODEL = 'grok-4'.
[2025-10-30 14:15:10,659] [INFO] EXIT: 'DialogueMoveGenerator' calling 'generate' (6.8100926876068115 secs).
[2025-10-30 14:15:10,726] [INFO] Completion returned and validated from MODEL = 'grok-4'.
[2025-10-30 14:15:10,726] [INFO] EXIT: 'DialogueMoveGenerator' calling 'generate' (6.882296800613403 secs).
[2025-10-30 14:15:10,727] [INFO] ENTER: 'MASPromptGenerator' calling 'persuasiveness_choice'; CURRENT SPEAKER: grok-4_mas, DIALOGUE TURN NUM = 15.
[2025-10-30 14:15:10,727] [INFO] EXIT: 'MASPromptGenerator' calling 'persuasiveness_choice' (0.00017595291137695312 secs).
[2025-10-30 14:15:12,030] [INFO] Completion returned and validated within 'PersuasivenessChoiceAgent'; MODEL = 'grok-4'; DIALOGUE TURN NUM = 15.
[2025-10-30 14:15:13,639] [INFO] Completion returned and validated within 'PersuasivenessChoiceAgent'; MODEL = 'grok-4'; DIALOGUE TURN NUM = 15.
[2025-10-30 14:15:15,378] [INFO] Completion returned and validated within 'PersuasivenessChoiceAgent'; MODEL = 'grok-4'; DIALOGUE TURN NUM = 15.
[2025-10-30 14:15:17,025] [INFO] Completion returned and validated within 'PersuasivenessChoiceAgent'; MODEL = 'grok-4'; DIALOGUE TURN NUM = 15.
[2025-10-30 14:15:18,433] [INFO] Completion returned and validated within 'PersuasivenessChoiceAgent'; MODEL = 'grok-4'; DIALOGUE TURN NUM = 15.
[2025-10-30 14:15:18,433] [INFO] ENTER: 'DisambiguationAgent' calling '_grouping_similar_utterance_types'; CURRENT SPEAKER: grok-4_mas, DIALOGUE TURN NUM = 15.
[2025-10-30 14:15:18,433] [INFO] EXIT: 'DisambiguationAgent' calling '_grouping_similar_utterance_types' (9.775161743164062e-06 secs).
[2025-10-30 14:15:18,433] [INFO] ENTER: 'DisambiguationAgent' calling '_identifying_similar_sentences_and_choosing_one_to_return_to_user'; CURRENT SPEAKER: grok-4_mas, DIALOGUE TURN NUM = 15.
[2025-10-30 14:15:22,405] [INFO] 'DisambiguationAgent' grouped similar sentences, completion returned and validated; MODEL = 'grok-4'.
[2025-10-30 14:15:23,322] [INFO] 'DisambiguationAgent' chose sentences to remove, completion returned and validated from MODEL = 'grok-4'.
[2025-10-30 14:15:24,126] [INFO] 'DisambiguationAgent' chose sentences to remove, completion returned and validated from MODEL = 'grok-4'.
[2025-10-30 14:15:24,952] [INFO] 'DisambiguationAgent' chose sentences to remove, completion returned and validated from MODEL = 'grok-4'.
[2025-10-30 14:15:26,259] [INFO] 'DisambiguationAgent' chose sentences to remove, completion returned and validated from MODEL = 'grok-4'.
[2025-10-30 14:15:26,259] [INFO] EXIT: 'DisambiguationAgent' calling '_identifying_similar_sentences_and_choosing_one_to_return_to_user' (7.82553243637085 secs).
[2025-10-30 14:15:26,259] [INFO] ENTER: 'DisambiguationAgent' calling '_identifying_similar_sentences_and_choosing_one_to_return_to_user'; CURRENT SPEAKER: grok-4_mas, DIALOGUE TURN NUM = 15.
[2025-10-30 14:15:28,353] [INFO] 'DisambiguationAgent' grouped similar sentences, completion returned and validated; MODEL = 'grok-4'.
[2025-10-30 14:15:29,275] [INFO] 'DisambiguationAgent' chose sentences to remove, completion returned and validated from MODEL = 'grok-4'.
[2025-10-30 14:15:30,245] [INFO] 'DisambiguationAgent' chose sentences to remove, completion returned and validated from MODEL = 'grok-4'.
[2025-10-30 14:15:30,997] [INFO] 'DisambiguationAgent' chose sentences to remove, completion returned and validated from MODEL = 'grok-4'.
[2025-10-30 14:15:30,997] [INFO] EXIT: 'DisambiguationAgent' calling '_identifying_similar_sentences_and_choosing_one_to_return_to_user' (4.738476037979126 secs).
[2025-10-30 14:15:30,997] [INFO] ENTER: 'DisambiguationAgent' calling '_removing_repetitive_sentences'; CURRENT SPEAKER: grok-4_mas, DIALOGUE TURN NUM = 15.
[2025-10-30 14:15:30,997] [INFO] EXIT: 'DisambiguationAgent' calling '_removing_repetitive_sentences' (1.71661376953125e-05 secs).
[2025-10-30 14:15:30,997] [INFO] ENTER: 'DisambiguationAgent' calling '_choose_the_most_persuasive_sentences'; CURRENT SPEAKER: grok-4_mas, DIALOGUE TURN NUM = 15.
[2025-10-30 14:15:32,707] [INFO] 'DisambiguationAgent': reached maximum allowed sentences, succussfully chose most persuasive sentences, completion returned and validated from MODEL = 'grok-4'.
[2025-10-30 14:15:32,707] [INFO] EXIT: 'DisambiguationAgent' calling '_choose_the_most_persuasive_sentences' (1.7095112800598145 secs).
[2025-10-30 14:15:32,707] [INFO] ENTER: 'DisambiguationAgent' calling 'return_disambiguated_sentences'; CURRENT SPEAKER: grok-4_mas, DIALOGUE TURN NUM = 15.
[2025-10-30 14:15:32,707] [INFO] EXIT: 'DisambiguationAgent' calling 'return_disambiguated_sentences' (2.384185791015625e-06 secs).
[2025-10-30 14:15:32,708] [ERROR] Wrong state used; State of type HumanState; error message: dict has unexpected extra key(s): "graph_rag_examples", "intermediate_generations", "knowledge_base_ensemble_or_model_name", "model_seed", "model_temp", "model_top_p", "number_of_graph_rag_examples", "number_of_vector_based_rag_examples", "political_position_prob_of_na", "political_position_range", "political_position_std", "speaker_model_name", "speaker_type", "vector_based_persona_string", "vector_based_persona_sys_prompt"
[2025-10-30 14:15:32,708] [INFO] Correct state used; State of type GenerationAgentsState; 'IGNORE THE ABOVE ERRORS'.
[2025-10-30 14:15:33,281] [INFO] 'commitment_update' completed '___Claim___' update for current speaker's commitments; MODEL = 'grok-4'.
[2025-10-30 14:15:33,846] [INFO] 'commitment_update' completed '___Claim___' update for current speaker's commitments; MODEL = 'grok-4'.
[2025-10-30 14:15:34,376] [INFO] 'commitment_update' completed '___Claim___' update for current speaker's commitments; MODEL = 'grok-4'.
[2025-10-30 14:15:34,931] [INFO] 'commitment_update' completed '___Claim___' update for current speaker's commitments; MODEL = 'grok-4'.
[2025-10-30 14:15:35,009] [ERROR] Wrong state used; State of type HumanState; error message: dict has unexpected extra key(s): "graph_rag_examples", "intermediate_generations", "knowledge_base_ensemble_or_model_name", "model_seed", "model_temp", "model_top_p", "number_of_graph_rag_examples", "number_of_vector_based_rag_examples", "political_position_prob_of_na", "political_position_range", "political_position_std", "speaker_model_name", "speaker_type", "vector_based_persona_string", "vector_based_persona_sys_prompt"
[2025-10-30 14:15:35,010] [INFO] Correct state used; State of type GenerationAgentsState; 'IGNORE THE ABOVE ERRORS'.
[2025-10-30 14:15:35,010] [INFO] ENTER: 'UtteranceClassificationAgent' calling '_classify_sentence_utterance_types'; CURRENT SPEAKER: grok-3_mas_rag, DIALOGUE TURN NUM = 16.
[2025-10-30 14:15:36,047] [INFO] 'UtteranceClassificationAgent' completion returned and validated from MODEL = 'ModelName.GROK_3'.
[2025-10-30 14:15:37,548] [INFO] 'UtteranceClassificationAgent' completion returned and validated from MODEL = 'ModelName.GROK_3'.
[2025-10-30 14:15:39,544] [INFO] 'UtteranceClassificationAgent' completion returned and validated from MODEL = 'ModelName.GROK_3'.
[2025-10-30 14:15:40,444] [INFO] 'UtteranceClassificationAgent' completion returned and validated from MODEL = 'ModelName.GROK_3'.
[2025-10-30 14:15:41,159] [INFO] 'UtteranceClassificationAgent' completion returned and validated from MODEL = 'ModelName.GROK_3'.
[2025-10-30 14:15:41,963] [INFO] 'UtteranceClassificationAgent' completion returned and validated from MODEL = 'ModelName.GROK_3'.
[2025-10-30 14:15:41,963] [INFO] EXIT: 'UtteranceClassificationAgent' calling '_classify_sentence_utterance_types' (6.953245401382446 secs).
[2025-10-30 14:15:41,963] [INFO] ENTER: 'UtteranceClassificationAgent' calling 'return_classified_sentences'; CURRENT SPEAKER: grok-3_mas_rag, DIALOGUE TURN NUM = 16.
[2025-10-30 14:15:41,963] [INFO] EXIT: 'UtteranceClassificationAgent' calling 'return_classified_sentences' (2.1457672119140625e-06 secs).
[2025-10-30 14:15:42,367] [INFO] ENTER: 'GraphRAG' calling 'why'; CURRENT SPEAKER: grok-3_mas_rag, DIALOGUE TURN NUM = 16.
[2025-10-30 14:15:42,368] [INFO] ENTER: 'GraphRAG' calling 'query_graph'; CURRENT SPEAKER: grok-3_mas_rag, DIALOGUE TURN NUM = 16.
[2025-10-30 14:15:43,089] [INFO] EXIT: 'GraphRAG' calling 'query_graph' (0.7207016944885254 secs).
[2025-10-30 14:15:43,089] [INFO] EXIT: 'GraphRAG' calling 'why' (0.7210915088653564 secs).
[2025-10-30 14:15:43,089] [INFO] ENTER: 'GraphRAG' calling 'claim_negation'; CURRENT SPEAKER: grok-3_mas_rag, DIALOGUE TURN NUM = 16.
[2025-10-30 14:15:43,089] [INFO] ENTER: 'GraphRAG' calling 'query_graph'; CURRENT SPEAKER: grok-3_mas_rag, DIALOGUE TURN NUM = 16.
[2025-10-30 14:15:43,779] [INFO] EXIT: 'GraphRAG' calling 'query_graph' (0.6903476715087891 secs).
[2025-10-30 14:15:43,779] [INFO] EXIT: 'GraphRAG' calling 'claim_negation' (0.6907064914703369 secs).
[2025-10-30 14:15:43,779] [INFO] ENTER: 'GraphRAG' calling 'concede'; CURRENT SPEAKER: grok-3_mas_rag, DIALOGUE TURN NUM = 16.
[2025-10-30 14:15:43,780] [INFO] ENTER: 'GraphRAG' calling 'query_graph'; CURRENT SPEAKER: grok-3_mas_rag, DIALOGUE TURN NUM = 16.
[2025-10-30 14:15:44,498] [INFO] EXIT: 'GraphRAG' calling 'query_graph' (0.7183940410614014 secs).
[2025-10-30 14:15:44,500] [INFO] EXIT: 'GraphRAG' calling 'concede' (0.7202532291412354 secs).
[2025-10-30 14:15:44,500] [INFO] ENTER: 'GraphRAG' calling 'question'; CURRENT SPEAKER: grok-3_mas_rag, DIALOGUE TURN NUM = 16.
[2025-10-30 14:15:44,500] [INFO] ENTER: 'GraphRAG' calling 'query_graph'; CURRENT SPEAKER: grok-3_mas_rag, DIALOGUE TURN NUM = 16.
[2025-10-30 14:15:44,633] [INFO] EXIT: 'GraphRAG' calling 'query_graph' (0.13255524635314941 secs).
[2025-10-30 14:15:44,633] [INFO] EXIT: 'GraphRAG' calling 'question' (0.1329197883605957 secs).
[2025-10-30 14:15:44,651] [INFO] ENTER: 'GraphRAG' calling 'why'; CURRENT SPEAKER: grok-3_mas_rag, DIALOGUE TURN NUM = 16.
[2025-10-30 14:15:44,651] [INFO] ENTER: 'GraphRAG' calling 'query_graph'; CURRENT SPEAKER: grok-3_mas_rag, DIALOGUE TURN NUM = 16.
[2025-10-30 14:15:45,368] [INFO] EXIT: 'GraphRAG' calling 'query_graph' (0.7171318531036377 secs).
[2025-10-30 14:15:45,368] [INFO] EXIT: 'GraphRAG' calling 'why' (0.7175345420837402 secs).
[2025-10-30 14:15:45,368] [INFO] ENTER: 'GraphRAG' calling 'claim_negation'; CURRENT SPEAKER: grok-3_mas_rag, DIALOGUE TURN NUM = 16.
[2025-10-30 14:15:45,369] [INFO] ENTER: 'GraphRAG' calling 'query_graph'; CURRENT SPEAKER: grok-3_mas_rag, DIALOGUE TURN NUM = 16.
[2025-10-30 14:15:46,059] [INFO] EXIT: 'GraphRAG' calling 'query_graph' (0.6908092498779297 secs).
[2025-10-30 14:15:46,060] [INFO] EXIT: 'GraphRAG' calling 'claim_negation' (0.6912243366241455 secs).
[2025-10-30 14:15:46,060] [INFO] ENTER: 'GraphRAG' calling 'concede'; CURRENT SPEAKER: grok-3_mas_rag, DIALOGUE TURN NUM = 16.
[2025-10-30 14:15:46,060] [INFO] ENTER: 'GraphRAG' calling 'query_graph'; CURRENT SPEAKER: grok-3_mas_rag, DIALOGUE TURN NUM = 16.
[2025-10-30 14:15:46,779] [INFO] EXIT: 'GraphRAG' calling 'query_graph' (0.7192268371582031 secs).
[2025-10-30 14:15:46,779] [INFO] EXIT: 'GraphRAG' calling 'concede' (0.7196290493011475 secs).
[2025-10-30 14:15:46,779] [INFO] ENTER: 'GraphRAG' calling 'question'; CURRENT SPEAKER: grok-3_mas_rag, DIALOGUE TURN NUM = 16.
[2025-10-30 14:15:46,780] [INFO] ENTER: 'GraphRAG' calling 'query_graph'; CURRENT SPEAKER: grok-3_mas_rag, DIALOGUE TURN NUM = 16.
[2025-10-30 14:15:46,912] [INFO] EXIT: 'GraphRAG' calling 'query_graph' (0.13195395469665527 secs).
[2025-10-30 14:15:46,912] [INFO] EXIT: 'GraphRAG' calling 'question' (0.13231873512268066 secs).
[2025-10-30 14:15:46,929] [INFO] ENTER: 'GraphRAG' calling 'why'; CURRENT SPEAKER: grok-3_mas_rag, DIALOGUE TURN NUM = 16.
[2025-10-30 14:15:46,930] [INFO] ENTER: 'GraphRAG' calling 'query_graph'; CURRENT SPEAKER: grok-3_mas_rag, DIALOGUE TURN NUM = 16.
[2025-10-30 14:15:47,647] [INFO] EXIT: 'GraphRAG' calling 'query_graph' (0.7174553871154785 secs).
[2025-10-30 14:15:47,647] [INFO] EXIT: 'GraphRAG' calling 'why' (0.7178428173065186 secs).
[2025-10-30 14:15:47,647] [INFO] ENTER: 'GraphRAG' calling 'claim_negation'; CURRENT SPEAKER: grok-3_mas_rag, DIALOGUE TURN NUM = 16.
[2025-10-30 14:15:47,648] [INFO] ENTER: 'GraphRAG' calling 'query_graph'; CURRENT SPEAKER: grok-3_mas_rag, DIALOGUE TURN NUM = 16.
[2025-10-30 14:15:48,339] [INFO] EXIT: 'GraphRAG' calling 'query_graph' (0.6910223960876465 secs).
[2025-10-30 14:15:48,339] [INFO] EXIT: 'GraphRAG' calling 'claim_negation' (0.691495418548584 secs).
[2025-10-30 14:15:48,339] [INFO] ENTER: 'GraphRAG' calling 'concede'; CURRENT SPEAKER: grok-3_mas_rag, DIALOGUE TURN NUM = 16.
[2025-10-30 14:15:48,339] [INFO] ENTER: 'GraphRAG' calling 'query_graph'; CURRENT SPEAKER: grok-3_mas_rag, DIALOGUE TURN NUM = 16.
[2025-10-30 14:15:49,060] [INFO] EXIT: 'GraphRAG' calling 'query_graph' (0.7205212116241455 secs).
[2025-10-30 14:15:49,060] [INFO] EXIT: 'GraphRAG' calling 'concede' (0.7209398746490479 secs).
[2025-10-30 14:15:49,060] [INFO] ENTER: 'GraphRAG' calling 'question'; CURRENT SPEAKER: grok-3_mas_rag, DIALOGUE TURN NUM = 16.
[2025-10-30 14:15:49,060] [INFO] ENTER: 'GraphRAG' calling 'query_graph'; CURRENT SPEAKER: grok-3_mas_rag, DIALOGUE TURN NUM = 16.
[2025-10-30 14:15:49,192] [INFO] EXIT: 'GraphRAG' calling 'query_graph' (0.13193988800048828 secs).
[2025-10-30 14:15:49,192] [INFO] EXIT: 'GraphRAG' calling 'question' (0.1323080062866211 secs).
[2025-10-30 14:15:49,210] [INFO] ENTER: 'GraphRAG' calling 'why'; CURRENT SPEAKER: grok-3_mas_rag, DIALOGUE TURN NUM = 16.
[2025-10-30 14:15:49,210] [INFO] ENTER: 'GraphRAG' calling 'query_graph'; CURRENT SPEAKER: grok-3_mas_rag, DIALOGUE TURN NUM = 16.
[2025-10-30 14:15:49,929] [INFO] EXIT: 'GraphRAG' calling 'query_graph' (0.719066858291626 secs).
[2025-10-30 14:15:49,929] [INFO] EXIT: 'GraphRAG' calling 'why' (0.7194557189941406 secs).
[2025-10-30 14:15:49,929] [INFO] ENTER: 'GraphRAG' calling 'claim_negation'; CURRENT SPEAKER: grok-3_mas_rag, DIALOGUE TURN NUM = 16.
[2025-10-30 14:15:49,930] [INFO] ENTER: 'GraphRAG' calling 'query_graph'; CURRENT SPEAKER: grok-3_mas_rag, DIALOGUE TURN NUM = 16.
[2025-10-30 14:15:50,619] [INFO] EXIT: 'GraphRAG' calling 'query_graph' (0.689570426940918 secs).
[2025-10-30 14:15:50,619] [INFO] EXIT: 'GraphRAG' calling 'claim_negation' (0.6900088787078857 secs).
[2025-10-30 14:15:50,619] [INFO] ENTER: 'GraphRAG' calling 'concede'; CURRENT SPEAKER: grok-3_mas_rag, DIALOGUE TURN NUM = 16.
[2025-10-30 14:15:50,620] [INFO] ENTER: 'GraphRAG' calling 'query_graph'; CURRENT SPEAKER: grok-3_mas_rag, DIALOGUE TURN NUM = 16.
[2025-10-30 14:15:51,338] [INFO] EXIT: 'GraphRAG' calling 'query_graph' (0.718076229095459 secs).
[2025-10-30 14:15:51,338] [INFO] EXIT: 'GraphRAG' calling 'concede' (0.7184672355651855 secs).
[2025-10-30 14:15:51,338] [INFO] ENTER: 'GraphRAG' calling 'question'; CURRENT SPEAKER: grok-3_mas_rag, DIALOGUE TURN NUM = 16.
[2025-10-30 14:15:51,338] [INFO] ENTER: 'GraphRAG' calling 'query_graph'; CURRENT SPEAKER: grok-3_mas_rag, DIALOGUE TURN NUM = 16.
[2025-10-30 14:15:51,471] [INFO] EXIT: 'GraphRAG' calling 'query_graph' (0.1325242519378662 secs).
[2025-10-30 14:15:51,471] [INFO] EXIT: 'GraphRAG' calling 'question' (0.13290071487426758 secs).
[2025-10-30 14:15:51,489] [INFO] ENTER: 'GraphRAG' calling 'why'; CURRENT SPEAKER: grok-3_mas_rag, DIALOGUE TURN NUM = 16.
[2025-10-30 14:15:51,489] [INFO] ENTER: 'GraphRAG' calling 'query_graph'; CURRENT SPEAKER: grok-3_mas_rag, DIALOGUE TURN NUM = 16.
[2025-10-30 14:15:52,207] [INFO] EXIT: 'GraphRAG' calling 'query_graph' (0.7183742523193359 secs).
[2025-10-30 14:15:52,207] [INFO] EXIT: 'GraphRAG' calling 'why' (0.7187907695770264 secs).
[2025-10-30 14:15:52,207] [INFO] ENTER: 'GraphRAG' calling 'claim_negation'; CURRENT SPEAKER: grok-3_mas_rag, DIALOGUE TURN NUM = 16.
[2025-10-30 14:15:52,208] [INFO] ENTER: 'GraphRAG' calling 'query_graph'; CURRENT SPEAKER: grok-3_mas_rag, DIALOGUE TURN NUM = 16.
[2025-10-30 14:15:52,899] [INFO] EXIT: 'GraphRAG' calling 'query_graph' (0.6910209655761719 secs).
[2025-10-30 14:15:52,899] [INFO] EXIT: 'GraphRAG' calling 'claim_negation' (0.6914258003234863 secs).
[2025-10-30 14:15:52,899] [INFO] ENTER: 'GraphRAG' calling 'concede'; CURRENT SPEAKER: grok-3_mas_rag, DIALOGUE TURN NUM = 16.
[2025-10-30 14:15:52,899] [INFO] ENTER: 'GraphRAG' calling 'query_graph'; CURRENT SPEAKER: grok-3_mas_rag, DIALOGUE TURN NUM = 16.
[2025-10-30 14:15:53,618] [INFO] EXIT: 'GraphRAG' calling 'query_graph' (0.7188980579376221 secs).
[2025-10-30 14:15:53,618] [INFO] EXIT: 'GraphRAG' calling 'concede' (0.7192833423614502 secs).
[2025-10-30 14:15:53,618] [INFO] ENTER: 'GraphRAG' calling 'question'; CURRENT SPEAKER: grok-3_mas_rag, DIALOGUE TURN NUM = 16.
[2025-10-30 14:15:53,619] [INFO] ENTER: 'GraphRAG' calling 'query_graph'; CURRENT SPEAKER: grok-3_mas_rag, DIALOGUE TURN NUM = 16.
[2025-10-30 14:15:53,751] [INFO] EXIT: 'GraphRAG' calling 'query_graph' (0.13197875022888184 secs).
[2025-10-30 14:15:53,751] [INFO] EXIT: 'GraphRAG' calling 'question' (0.13235211372375488 secs).
[2025-10-30 14:15:53,768] [INFO] ENTER: 'GraphRAG' calling 'why'; CURRENT SPEAKER: grok-3_mas_rag, DIALOGUE TURN NUM = 16.
[2025-10-30 14:15:53,768] [INFO] ENTER: 'GraphRAG' calling 'query_graph'; CURRENT SPEAKER: grok-3_mas_rag, DIALOGUE TURN NUM = 16.
[2025-10-30 14:15:54,486] [INFO] EXIT: 'GraphRAG' calling 'query_graph' (0.7172050476074219 secs).
[2025-10-30 14:15:54,486] [INFO] EXIT: 'GraphRAG' calling 'why' (0.7176156044006348 secs).
[2025-10-30 14:15:54,486] [INFO] ENTER: 'GraphRAG' calling 'claim_negation'; CURRENT SPEAKER: grok-3_mas_rag, DIALOGUE TURN NUM = 16.
[2025-10-30 14:15:54,486] [INFO] ENTER: 'GraphRAG' calling 'query_graph'; CURRENT SPEAKER: grok-3_mas_rag, DIALOGUE TURN NUM = 16.
[2025-10-30 14:15:55,180] [INFO] EXIT: 'GraphRAG' calling 'query_graph' (0.6939661502838135 secs).
[2025-10-30 14:15:55,180] [INFO] EXIT: 'GraphRAG' calling 'claim_negation' (0.6943714618682861 secs).
[2025-10-30 14:15:55,180] [INFO] ENTER: 'GraphRAG' calling 'concede'; CURRENT SPEAKER: grok-3_mas_rag, DIALOGUE TURN NUM = 16.
[2025-10-30 14:15:55,181] [INFO] ENTER: 'GraphRAG' calling 'query_graph'; CURRENT SPEAKER: grok-3_mas_rag, DIALOGUE TURN NUM = 16.
[2025-10-30 14:15:55,900] [INFO] EXIT: 'GraphRAG' calling 'query_graph' (0.71891188621521 secs).
[2025-10-30 14:15:55,900] [INFO] EXIT: 'GraphRAG' calling 'concede' (0.7193434238433838 secs).
[2025-10-30 14:15:55,900] [INFO] ENTER: 'GraphRAG' calling 'question'; CURRENT SPEAKER: grok-3_mas_rag, DIALOGUE TURN NUM = 16.
[2025-10-30 14:15:55,900] [INFO] ENTER: 'GraphRAG' calling 'query_graph'; CURRENT SPEAKER: grok-3_mas_rag, DIALOGUE TURN NUM = 16.
[2025-10-30 14:15:56,031] [INFO] EXIT: 'GraphRAG' calling 'query_graph' (0.1312427520751953 secs).
[2025-10-30 14:15:56,031] [INFO] EXIT: 'GraphRAG' calling 'question' (0.1316695213317871 secs).
[2025-10-30 14:15:56,031] [INFO] ENTER: 'GraphRAG' calling 'return_rag_examples'; CURRENT SPEAKER: grok-3_mas_rag, DIALOGUE TURN NUM = 16.
[2025-10-30 14:15:56,031] [INFO] EXIT: 'GraphRAG' calling 'return_rag_examples' (2.86102294921875e-06 secs).
[2025-10-30 14:15:56,034] [INFO] ENTER: 'DialogueMoveGenerator' calling 'generate'; CURRENT SPEAKER: grok-3_mas_rag, DIALOGUE TURN NUM = 16.
[2025-10-30 14:15:56,034] [INFO] ENTER: 'DialogueMoveGenerator' calling 'generate'; CURRENT SPEAKER: grok-3_mas_rag, DIALOGUE TURN NUM = 16.
[2025-10-30 14:15:56,035] [INFO] ENTER: 'MASPromptGenerator' calling 'claim_negation'; CURRENT SPEAKER: grok-3_mas_rag, DIALOGUE TURN NUM = 16.
[2025-10-30 14:15:56,035] [INFO] ENTER: 'DialogueMoveGenerator' calling 'generate'; CURRENT SPEAKER: grok-3_mas_rag, DIALOGUE TURN NUM = 16.
[2025-10-30 14:15:56,035] [INFO] ENTER: 'MASPromptGenerator' calling 'concede_claim'; CURRENT SPEAKER: grok-3_mas_rag, DIALOGUE TURN NUM = 16.
[2025-10-30 14:15:56,035] [INFO] ENTER: 'DialogueMoveGenerator' calling 'generate'; CURRENT SPEAKER: grok-3_mas_rag, DIALOGUE TURN NUM = 16.
[2025-10-30 14:15:56,036] [INFO] EXIT: 'MASPromptGenerator' calling 'claim_negation' (0.00026226043701171875 secs).
[2025-10-30 14:15:56,036] [INFO] ENTER: 'MASPromptGenerator' calling 'question_claim'; CURRENT SPEAKER: grok-3_mas_rag, DIALOGUE TURN NUM = 16.
[2025-10-30 14:15:56,037] [INFO] EXIT: 'MASPromptGenerator' calling 'concede_claim' (0.00024199485778808594 secs).
[2025-10-30 14:15:56,037] [INFO] ENTER: 'MASPromptGenerator' calling 'why_claim'; CURRENT SPEAKER: grok-3_mas_rag, DIALOGUE TURN NUM = 16.
[2025-10-30 14:15:56,038] [INFO] EXIT: 'MASPromptGenerator' calling 'question_claim' (0.0002765655517578125 secs).
[2025-10-30 14:15:56,039] [INFO] EXIT: 'MASPromptGenerator' calling 'why_claim' (0.00023317337036132812 secs).
[2025-10-30 14:15:59,200] [INFO] Completion returned and validated from MODEL = 'grok-3'.
[2025-10-30 14:16:00,881] [INFO] Completion returned and validated from MODEL = 'grok-3'.
[2025-10-30 14:16:00,967] [INFO] Completion returned and validated from MODEL = 'grok-3'.
[2025-10-30 14:16:01,273] [INFO] Completion returned and validated from MODEL = 'grok-3'.
[2025-10-30 14:16:03,597] [INFO] Completion returned and validated from MODEL = 'grok-3'.
[2025-10-30 14:16:05,848] [INFO] Completion returned and validated from MODEL = 'grok-3'.
[2025-10-30 14:16:05,925] [INFO] Completion returned and validated from MODEL = 'grok-3'.
[2025-10-30 14:16:06,159] [INFO] Completion returned and validated from MODEL = 'grok-3'.
[2025-10-30 14:16:08,116] [INFO] Completion returned and validated from MODEL = 'grok-3'.
[2025-10-30 14:16:09,619] [INFO] Completion returned and validated from MODEL = 'grok-3'.
[2025-10-30 14:16:10,837] [INFO] Completion returned and validated from MODEL = 'grok-3'.
[2025-10-30 14:16:12,585] [INFO] Completion returned and validated from MODEL = 'grok-3'.
[2025-10-30 14:16:12,667] [INFO] Completion returned and validated from MODEL = 'grok-3'.
[2025-10-30 14:16:15,725] [INFO] Completion returned and validated from MODEL = 'grok-3'.
[2025-10-30 14:16:16,222] [INFO] Completion returned and validated from MODEL = 'grok-3'.
[2025-10-30 14:16:17,754] [INFO] Completion returned and validated from MODEL = 'grok-3'.
[2025-10-30 14:16:20,108] [INFO] Completion returned and validated from MODEL = 'grok-3'.
[2025-10-30 14:16:20,116] [INFO] Completion returned and validated from MODEL = 'grok-3'.
[2025-10-30 14:16:20,576] [INFO] Completion returned and validated from MODEL = 'grok-3'.
[2025-10-30 14:16:20,576] [INFO] EXIT: 'DialogueMoveGenerator' calling 'generate' (24.54067325592041 secs).
[2025-10-30 14:16:23,528] [INFO] Completion returned and validated from MODEL = 'grok-3'.
[2025-10-30 14:16:25,171] [INFO] Completion returned and validated from MODEL = 'grok-3'.
[2025-10-30 14:16:25,171] [INFO] EXIT: 'DialogueMoveGenerator' calling 'generate' (29.133511066436768 secs).
[2025-10-30 14:16:25,974] [INFO] Completion returned and validated from MODEL = 'grok-3'.
[2025-10-30 14:16:28,438] [INFO] Completion returned and validated from MODEL = 'grok-3'.
[2025-10-30 14:16:28,438] [INFO] EXIT: 'DialogueMoveGenerator' calling 'generate' (32.403523683547974 secs).
[2025-10-30 14:16:31,870] [INFO] Completion returned and validated from MODEL = 'grok-3'.
[2025-10-30 14:16:31,870] [INFO] EXIT: 'DialogueMoveGenerator' calling 'generate' (35.833396434783936 secs).
[2025-10-30 14:16:31,871] [INFO] ENTER: 'MASPromptGenerator' calling 'persuasiveness_choice'; CURRENT SPEAKER: grok-3_mas_rag, DIALOGUE TURN NUM = 16.
[2025-10-30 14:16:31,871] [INFO] EXIT: 'MASPromptGenerator' calling 'persuasiveness_choice' (0.0002677440643310547 secs).
[2025-10-30 14:16:38,901] [INFO] Completion returned and validated within 'PersuasivenessChoiceAgent'; MODEL = 'grok-3'; DIALOGUE TURN NUM = 16.
[2025-10-30 14:16:42,693] [INFO] Completion returned and validated within 'PersuasivenessChoiceAgent'; MODEL = 'grok-3'; DIALOGUE TURN NUM = 16.
[2025-10-30 14:16:46,079] [INFO] Completion returned and validated within 'PersuasivenessChoiceAgent'; MODEL = 'grok-3'; DIALOGUE TURN NUM = 16.
[2025-10-30 14:16:49,757] [INFO] Completion returned and validated within 'PersuasivenessChoiceAgent'; MODEL = 'grok-3'; DIALOGUE TURN NUM = 16.
[2025-10-30 14:16:53,096] [INFO] Completion returned and validated within 'PersuasivenessChoiceAgent'; MODEL = 'grok-3'; DIALOGUE TURN NUM = 16.
[2025-10-30 14:16:56,438] [INFO] Completion returned and validated within 'PersuasivenessChoiceAgent'; MODEL = 'grok-3'; DIALOGUE TURN NUM = 16.
[2025-10-30 14:16:56,439] [INFO] ENTER: 'DisambiguationAgent' calling '_grouping_similar_utterance_types'; CURRENT SPEAKER: grok-3_mas_rag, DIALOGUE TURN NUM = 16.
[2025-10-30 14:16:56,439] [INFO] EXIT: 'DisambiguationAgent' calling '_grouping_similar_utterance_types' (1.1920928955078125e-05 secs).
[2025-10-30 14:16:56,439] [INFO] ENTER: 'DisambiguationAgent' calling '_identifying_similar_sentences_and_choosing_one_to_return_to_user'; CURRENT SPEAKER: grok-3_mas_rag, DIALOGUE TURN NUM = 16.
[2025-10-30 14:17:14,163] [INFO] 'DisambiguationAgent' grouped similar sentences, completion returned and validated; MODEL = 'grok-3'.
[2025-10-30 14:17:16,030] [INFO] 'DisambiguationAgent' chose sentences to remove, completion returned and validated from MODEL = 'grok-3'.
[2025-10-30 14:17:18,113] [INFO] 'DisambiguationAgent' chose sentences to remove, completion returned and validated from MODEL = 'grok-3'.
[2025-10-30 14:17:18,113] [INFO] EXIT: 'DisambiguationAgent' calling '_identifying_similar_sentences_and_choosing_one_to_return_to_user' (21.6738920211792 secs).
[2025-10-30 14:17:18,113] [INFO] ENTER: 'DisambiguationAgent' calling '_identifying_similar_sentences_and_choosing_one_to_return_to_user'; CURRENT SPEAKER: grok-3_mas_rag, DIALOGUE TURN NUM = 16.
[2025-10-30 14:17:23,012] [INFO] 'DisambiguationAgent' grouped similar sentences, completion returned and validated; MODEL = 'grok-3'.
[2025-10-30 14:17:24,296] [INFO] 'DisambiguationAgent' chose sentences to remove, completion returned and validated from MODEL = 'grok-3'.
[2025-10-30 14:17:24,296] [INFO] EXIT: 'DisambiguationAgent' calling '_identifying_similar_sentences_and_choosing_one_to_return_to_user' (6.183138608932495 secs).
[2025-10-30 14:17:24,296] [INFO] ENTER: 'DisambiguationAgent' calling '_removing_repetitive_sentences'; CURRENT SPEAKER: grok-3_mas_rag, DIALOGUE TURN NUM = 16.
[2025-10-30 14:17:24,296] [INFO] EXIT: 'DisambiguationAgent' calling '_removing_repetitive_sentences' (2.2411346435546875e-05 secs).
[2025-10-30 14:17:24,296] [INFO] ENTER: 'DisambiguationAgent' calling 'return_disambiguated_sentences'; CURRENT SPEAKER: grok-3_mas_rag, DIALOGUE TURN NUM = 16.
[2025-10-30 14:17:24,296] [INFO] EXIT: 'DisambiguationAgent' calling 'return_disambiguated_sentences' (2.1457672119140625e-06 secs).
[2025-10-30 14:17:24,297] [ERROR] Wrong state used; State of type HumanState; error message: dict has unexpected extra key(s): "graph_rag_examples", "intermediate_generations", "knowledge_base_ensemble_or_model_name", "model_seed", "model_temp", "model_top_p", "number_of_graph_rag_examples", "number_of_vector_based_rag_examples", "political_position_prob_of_na", "political_position_range", "political_position_std", "speaker_model_name", "speaker_type", "vector_based_persona_string", "vector_based_persona_sys_prompt"
[2025-10-30 14:17:24,297] [INFO] Correct state used; State of type GenerationAgentsState; 'IGNORE THE ABOVE ERRORS'.
[2025-10-30 14:17:24,986] [INFO] 'commitment_update' completed '___Claim___' update for current speaker's commitments; MODEL = 'grok-3'.
[2025-10-30 14:17:27,277] [INFO] 'commitment_update' completed '___Claim___' update for current speaker's commitments; MODEL = 'grok-3'.
[2025-10-30 14:17:27,391] [ERROR] Wrong state used; State of type HumanState; error message: dict has unexpected extra key(s): "graph_rag_examples", "intermediate_generations", "knowledge_base_ensemble_or_model_name", "model_seed", "model_temp", "model_top_p", "number_of_graph_rag_examples", "number_of_vector_based_rag_examples", "political_position_prob_of_na", "political_position_range", "political_position_std", "speaker_model_name", "speaker_type", "vector_based_persona_string", "vector_based_persona_sys_prompt"
[2025-10-30 14:17:27,392] [INFO] Correct state used; State of type GenerationAgentsState; 'IGNORE THE ABOVE ERRORS'.
[2025-10-30 14:17:27,392] [INFO] ENTER: 'UtteranceClassificationAgent' calling '_classify_sentence_utterance_types'; CURRENT SPEAKER: grok-4_mas, DIALOGUE TURN NUM = 17.
[2025-10-30 14:17:27,955] [INFO] 'UtteranceClassificationAgent' completion returned and validated from MODEL = 'ModelName.GROK_4'.
[2025-10-30 14:17:28,534] [INFO] 'UtteranceClassificationAgent' completion returned and validated from MODEL = 'ModelName.GROK_4'.
[2025-10-30 14:17:29,068] [INFO] 'UtteranceClassificationAgent' completion returned and validated from MODEL = 'ModelName.GROK_4'.
[2025-10-30 14:17:29,648] [INFO] 'UtteranceClassificationAgent' completion returned and validated from MODEL = 'ModelName.GROK_4'.
[2025-10-30 14:17:30,223] [INFO] 'UtteranceClassificationAgent' completion returned and validated from MODEL = 'ModelName.GROK_4'.
[2025-10-30 14:17:30,224] [INFO] EXIT: 'UtteranceClassificationAgent' calling '_classify_sentence_utterance_types' (2.831925868988037 secs).
[2025-10-30 14:17:30,224] [INFO] ENTER: 'UtteranceClassificationAgent' calling 'return_classified_sentences'; CURRENT SPEAKER: grok-4_mas, DIALOGUE TURN NUM = 17.
[2025-10-30 14:17:30,224] [INFO] EXIT: 'UtteranceClassificationAgent' calling 'return_classified_sentences' (1.430511474609375e-06 secs).
[2025-10-30 14:17:30,226] [INFO] ENTER: 'DialogueMoveGenerator' calling 'generate'; CURRENT SPEAKER: grok-4_mas, DIALOGUE TURN NUM = 17.
[2025-10-30 14:17:30,227] [INFO] ENTER: 'DialogueMoveGenerator' calling 'generate'; CURRENT SPEAKER: grok-4_mas, DIALOGUE TURN NUM = 17.
[2025-10-30 14:17:30,227] [INFO] ENTER: 'DialogueMoveGenerator' calling 'generate'; CURRENT SPEAKER: grok-4_mas, DIALOGUE TURN NUM = 17.
[2025-10-30 14:17:30,227] [INFO] ENTER: 'MASPromptGenerator' calling 'claim'; CURRENT SPEAKER: grok-4_mas, DIALOGUE TURN NUM = 17.
[2025-10-30 14:17:30,227] [INFO] ENTER: 'DialogueMoveGenerator' calling 'generate'; CURRENT SPEAKER: grok-4_mas, DIALOGUE TURN NUM = 17.
[2025-10-30 14:17:30,228] [INFO] ENTER: 'DialogueMoveGenerator' calling 'generate'; CURRENT SPEAKER: grok-4_mas, DIALOGUE TURN NUM = 17.
[2025-10-30 14:17:30,228] [INFO] ENTER: 'MASPromptGenerator' calling 'claim_negation'; CURRENT SPEAKER: grok-4_mas, DIALOGUE TURN NUM = 17.
[2025-10-30 14:17:30,228] [INFO] ENTER: 'MASPromptGenerator' calling 'concede_claim'; CURRENT SPEAKER: grok-4_mas, DIALOGUE TURN NUM = 17.
[2025-10-30 14:17:30,228] [INFO] ENTER: 'DialogueMoveGenerator' calling 'generate'; CURRENT SPEAKER: grok-4_mas, DIALOGUE TURN NUM = 17.
[2025-10-30 14:17:30,229] [INFO] EXIT: 'MASPromptGenerator' calling 'claim' (5.5789947509765625e-05 secs).
[2025-10-30 14:17:30,230] [INFO] ENTER: 'MASPromptGenerator' calling 'question_claim'; CURRENT SPEAKER: grok-4_mas, DIALOGUE TURN NUM = 17.
[2025-10-30 14:17:30,230] [INFO] ENTER: 'MASPromptGenerator' calling 'retract_claim'; CURRENT SPEAKER: grok-4_mas, DIALOGUE TURN NUM = 17.
[2025-10-30 14:17:30,230] [INFO] ENTER: 'DialogueMoveGenerator' calling 'generate'; CURRENT SPEAKER: grok-4_mas, DIALOGUE TURN NUM = 17.
[2025-10-30 14:17:30,231] [INFO] EXIT: 'MASPromptGenerator' calling 'claim_negation' (5.1975250244140625e-05 secs).
[2025-10-30 14:17:30,231] [INFO] EXIT: 'MASPromptGenerator' calling 'concede_claim' (3.790855407714844e-05 secs).
[2025-10-30 14:17:30,231] [INFO] ENTER: 'MASPromptGenerator' calling 'since_claim'; CURRENT SPEAKER: grok-4_mas, DIALOGUE TURN NUM = 17.
[2025-10-30 14:17:30,231] [INFO] EXIT: 'MASPromptGenerator' calling 'question_claim' (4.2438507080078125e-05 secs).
[2025-10-30 14:17:30,231] [INFO] EXIT: 'MASPromptGenerator' calling 'retract_claim' (4.506111145019531e-05 secs).
[2025-10-30 14:17:30,234] [INFO] ENTER: 'MASPromptGenerator' calling 'why_claim'; CURRENT SPEAKER: grok-4_mas, DIALOGUE TURN NUM = 17.
[2025-10-30 14:17:30,234] [INFO] EXIT: 'MASPromptGenerator' calling 'since_claim' (8.225440979003906e-05 secs).
[2025-10-30 14:17:30,235] [INFO] EXIT: 'MASPromptGenerator' calling 'why_claim' (3.743171691894531e-05 secs).
[2025-10-30 14:17:32,055] [INFO] Completion returned and validated from MODEL = 'grok-4'.
[2025-10-30 14:17:32,117] [INFO] Completion returned and validated from MODEL = 'grok-4'.
[2025-10-30 14:17:32,126] [INFO] Completion returned and validated from MODEL = 'grok-4'.
[2025-10-30 14:17:32,293] [INFO] Completion returned and validated from MODEL = 'grok-4'.
[2025-10-30 14:17:32,304] [INFO] Completion returned and validated from MODEL = 'grok-4'.
[2025-10-30 14:17:32,328] [INFO] Completion returned and validated from MODEL = 'grok-4'.
[2025-10-30 14:17:32,383] [INFO] Completion returned and validated from MODEL = 'grok-4'.
[2025-10-30 14:17:33,577] [INFO] Completion returned and validated from MODEL = 'grok-4'.
[2025-10-30 14:17:33,577] [INFO] EXIT: 'DialogueMoveGenerator' calling 'generate' (3.348513603210449 secs).
[2025-10-30 14:17:33,857] [INFO] Completion returned and validated from MODEL = 'grok-4'.
[2025-10-30 14:17:33,857] [INFO] EXIT: 'DialogueMoveGenerator' calling 'generate' (3.6271841526031494 secs).
[2025-10-30 14:17:33,870] [INFO] Completion returned and validated from MODEL = 'grok-4'.
[2025-10-30 14:17:33,870] [INFO] EXIT: 'DialogueMoveGenerator' calling 'generate' (3.636051893234253 secs).
[2025-10-30 14:17:33,910] [INFO] Completion returned and validated from MODEL = 'grok-4'.
[2025-10-30 14:17:33,910] [INFO] EXIT: 'DialogueMoveGenerator' calling 'generate' (3.6820709705352783 secs).
[2025-10-30 14:17:34,014] [INFO] Completion returned and validated from MODEL = 'grok-4'.
[2025-10-30 14:17:34,018] [INFO] Completion returned and validated from MODEL = 'grok-4'.
[2025-10-30 14:17:34,049] [INFO] Completion returned and validated from MODEL = 'grok-4'.
[2025-10-30 14:17:35,481] [INFO] Completion returned and validated from MODEL = 'grok-4'.
[2025-10-30 14:17:35,481] [INFO] EXIT: 'DialogueMoveGenerator' calling 'generate' (5.254156112670898 secs).
[2025-10-30 14:17:35,509] [INFO] Completion returned and validated from MODEL = 'grok-4'.
[2025-10-30 14:17:35,509] [INFO] EXIT: 'DialogueMoveGenerator' calling 'generate' (5.279229402542114 secs).
[2025-10-30 14:17:35,555] [INFO] Completion returned and validated from MODEL = 'grok-4'.
[2025-10-30 14:17:35,555] [INFO] EXIT: 'DialogueMoveGenerator' calling 'generate' (5.324056386947632 secs).
[2025-10-30 14:17:35,556] [INFO] ENTER: 'MASPromptGenerator' calling 'persuasiveness_choice'; CURRENT SPEAKER: grok-4_mas, DIALOGUE TURN NUM = 17.
[2025-10-30 14:17:35,556] [INFO] EXIT: 'MASPromptGenerator' calling 'persuasiveness_choice' (0.0002090930938720703 secs).
[2025-10-30 14:17:37,250] [INFO] Completion returned and validated within 'PersuasivenessChoiceAgent'; MODEL = 'grok-4'; DIALOGUE TURN NUM = 17.
[2025-10-30 14:17:38,869] [INFO] Completion returned and validated within 'PersuasivenessChoiceAgent'; MODEL = 'grok-4'; DIALOGUE TURN NUM = 17.
[2025-10-30 14:17:40,464] [INFO] Completion returned and validated within 'PersuasivenessChoiceAgent'; MODEL = 'grok-4'; DIALOGUE TURN NUM = 17.
[2025-10-30 14:17:42,598] [INFO] Completion returned and validated within 'PersuasivenessChoiceAgent'; MODEL = 'grok-4'; DIALOGUE TURN NUM = 17.
[2025-10-30 14:17:44,576] [INFO] Completion returned and validated within 'PersuasivenessChoiceAgent'; MODEL = 'grok-4'; DIALOGUE TURN NUM = 17.
[2025-10-30 14:17:44,577] [INFO] ENTER: 'DisambiguationAgent' calling '_grouping_similar_utterance_types'; CURRENT SPEAKER: grok-4_mas, DIALOGUE TURN NUM = 17.
[2025-10-30 14:17:44,577] [INFO] EXIT: 'DisambiguationAgent' calling '_grouping_similar_utterance_types' (9.298324584960938e-06 secs).
[2025-10-30 14:17:44,577] [INFO] ENTER: 'DisambiguationAgent' calling '_identifying_similar_sentences_and_choosing_one_to_return_to_user'; CURRENT SPEAKER: grok-4_mas, DIALOGUE TURN NUM = 17.
[2025-10-30 14:17:48,977] [INFO] 'DisambiguationAgent' grouped similar sentences, completion returned and validated; MODEL = 'grok-4'.
[2025-10-30 14:17:50,198] [INFO] 'DisambiguationAgent' chose sentences to remove, completion returned and validated from MODEL = 'grok-4'.
[2025-10-30 14:17:51,134] [INFO] 'DisambiguationAgent' chose sentences to remove, completion returned and validated from MODEL = 'grok-4'.
[2025-10-30 14:17:52,394] [INFO] 'DisambiguationAgent' chose sentences to remove, completion returned and validated from MODEL = 'grok-4'.
[2025-10-30 14:17:52,394] [INFO] EXIT: 'DisambiguationAgent' calling '_identifying_similar_sentences_and_choosing_one_to_return_to_user' (7.817703723907471 secs).
[2025-10-30 14:17:52,394] [INFO] ENTER: 'DisambiguationAgent' calling '_identifying_similar_sentences_and_choosing_one_to_return_to_user'; CURRENT SPEAKER: grok-4_mas, DIALOGUE TURN NUM = 17.
[2025-10-30 14:17:53,810] [INFO] 'DisambiguationAgent' grouped similar sentences, completion returned and validated; MODEL = 'grok-4'.
[2025-10-30 14:17:54,537] [INFO] 'DisambiguationAgent' chose sentences to remove, completion returned and validated from MODEL = 'grok-4'.
[2025-10-30 14:17:55,268] [INFO] 'DisambiguationAgent' chose sentences to remove, completion returned and validated from MODEL = 'grok-4'.
[2025-10-30 14:17:55,268] [INFO] EXIT: 'DisambiguationAgent' calling '_identifying_similar_sentences_and_choosing_one_to_return_to_user' (2.8735904693603516 secs).
[2025-10-30 14:17:55,268] [INFO] ENTER: 'DisambiguationAgent' calling '_removing_repetitive_sentences'; CURRENT SPEAKER: grok-4_mas, DIALOGUE TURN NUM = 17.
[2025-10-30 14:17:55,268] [INFO] EXIT: 'DisambiguationAgent' calling '_removing_repetitive_sentences' (1.239776611328125e-05 secs).
[2025-10-30 14:17:55,268] [INFO] ENTER: 'DisambiguationAgent' calling '_choose_the_most_persuasive_sentences'; CURRENT SPEAKER: grok-4_mas, DIALOGUE TURN NUM = 17.
[2025-10-30 14:17:57,099] [INFO] 'DisambiguationAgent': reached maximum allowed sentences, succussfully chose most persuasive sentences, completion returned and validated from MODEL = 'grok-4'.
[2025-10-30 14:17:57,099] [INFO] EXIT: 'DisambiguationAgent' calling '_choose_the_most_persuasive_sentences' (1.8308725357055664 secs).
[2025-10-30 14:17:57,099] [INFO] ENTER: 'DisambiguationAgent' calling 'return_disambiguated_sentences'; CURRENT SPEAKER: grok-4_mas, DIALOGUE TURN NUM = 17.
[2025-10-30 14:17:57,099] [INFO] EXIT: 'DisambiguationAgent' calling 'return_disambiguated_sentences' (2.6226043701171875e-06 secs).
[2025-10-30 14:17:57,100] [ERROR] Wrong state used; State of type HumanState; error message: dict has unexpected extra key(s): "graph_rag_examples", "intermediate_generations", "knowledge_base_ensemble_or_model_name", "model_seed", "model_temp", "model_top_p", "number_of_graph_rag_examples", "number_of_vector_based_rag_examples", "political_position_prob_of_na", "political_position_range", "political_position_std", "speaker_model_name", "speaker_type", "vector_based_persona_string", "vector_based_persona_sys_prompt"
[2025-10-30 14:17:57,100] [INFO] Correct state used; State of type GenerationAgentsState; 'IGNORE THE ABOVE ERRORS'.
[2025-10-30 14:17:57,637] [INFO] 'commitment_update' completed '___Claim___' update for current speaker's commitments; MODEL = 'grok-4'.
[2025-10-30 14:17:58,180] [INFO] 'commitment_update' completed '___Claim___' update for current speaker's commitments; MODEL = 'grok-4'.
[2025-10-30 14:17:58,729] [INFO] 'commitment_update' completed '___Since___' update; MODEL = 'grok-4'.
[2025-10-30 14:17:58,809] [ERROR] Wrong state used; State of type HumanState; error message: dict has unexpected extra key(s): "graph_rag_examples", "intermediate_generations", "knowledge_base_ensemble_or_model_name", "model_seed", "model_temp", "model_top_p", "number_of_graph_rag_examples", "number_of_vector_based_rag_examples", "political_position_prob_of_na", "political_position_range", "political_position_std", "speaker_model_name", "speaker_type", "vector_based_persona_string", "vector_based_persona_sys_prompt"
[2025-10-30 14:17:58,810] [INFO] Correct state used; State of type GenerationAgentsState; 'IGNORE THE ABOVE ERRORS'.
[2025-10-30 14:17:58,810] [INFO] ENTER: 'UtteranceClassificationAgent' calling '_classify_sentence_utterance_types'; CURRENT SPEAKER: grok-3_mas_rag, DIALOGUE TURN NUM = 18.
[2025-10-30 14:18:00,552] [INFO] 'UtteranceClassificationAgent' completion returned and validated from MODEL = 'ModelName.GROK_3'.
[2025-10-30 14:18:01,342] [INFO] 'UtteranceClassificationAgent' completion returned and validated from MODEL = 'ModelName.GROK_3'.
[2025-10-30 14:18:02,103] [INFO] 'UtteranceClassificationAgent' completion returned and validated from MODEL = 'ModelName.GROK_3'.
[2025-10-30 14:18:02,833] [INFO] 'UtteranceClassificationAgent' completion returned and validated from MODEL = 'ModelName.GROK_3'.
[2025-10-30 14:18:04,177] [INFO] 'UtteranceClassificationAgent' completion returned and validated from MODEL = 'ModelName.GROK_3'.
[2025-10-30 14:18:04,935] [INFO] 'UtteranceClassificationAgent' completion returned and validated from MODEL = 'ModelName.GROK_3'.
[2025-10-30 14:18:04,935] [INFO] EXIT: 'UtteranceClassificationAgent' calling '_classify_sentence_utterance_types' (6.125188827514648 secs).
[2025-10-30 14:18:04,935] [INFO] ENTER: 'UtteranceClassificationAgent' calling 'return_classified_sentences'; CURRENT SPEAKER: grok-3_mas_rag, DIALOGUE TURN NUM = 18.
[2025-10-30 14:18:04,935] [INFO] EXIT: 'UtteranceClassificationAgent' calling 'return_classified_sentences' (1.6689300537109375e-06 secs).
[2025-10-30 14:18:04,958] [INFO] ENTER: 'GraphRAG' calling 'why'; CURRENT SPEAKER: grok-3_mas_rag, DIALOGUE TURN NUM = 18.
[2025-10-30 14:18:04,958] [INFO] ENTER: 'GraphRAG' calling 'query_graph'; CURRENT SPEAKER: grok-3_mas_rag, DIALOGUE TURN NUM = 18.
[2025-10-30 14:18:05,677] [INFO] EXIT: 'GraphRAG' calling 'query_graph' (0.7189123630523682 secs).
[2025-10-30 14:18:05,677] [INFO] EXIT: 'GraphRAG' calling 'why' (0.71932053565979 secs).
[2025-10-30 14:18:05,677] [INFO] ENTER: 'GraphRAG' calling 'claim_negation'; CURRENT SPEAKER: grok-3_mas_rag, DIALOGUE TURN NUM = 18.
[2025-10-30 14:18:05,677] [INFO] ENTER: 'GraphRAG' calling 'query_graph'; CURRENT SPEAKER: grok-3_mas_rag, DIALOGUE TURN NUM = 18.
[2025-10-30 14:18:06,369] [INFO] EXIT: 'GraphRAG' calling 'query_graph' (0.6913971900939941 secs).
[2025-10-30 14:18:06,369] [INFO] EXIT: 'GraphRAG' calling 'claim_negation' (0.6918420791625977 secs).
[2025-10-30 14:18:06,369] [INFO] ENTER: 'GraphRAG' calling 'concede'; CURRENT SPEAKER: grok-3_mas_rag, DIALOGUE TURN NUM = 18.
[2025-10-30 14:18:06,369] [INFO] ENTER: 'GraphRAG' calling 'query_graph'; CURRENT SPEAKER: grok-3_mas_rag, DIALOGUE TURN NUM = 18.
[2025-10-30 14:18:07,087] [INFO] EXIT: 'GraphRAG' calling 'query_graph' (0.7177326679229736 secs).
[2025-10-30 14:18:07,087] [INFO] EXIT: 'GraphRAG' calling 'concede' (0.7181675434112549 secs).
[2025-10-30 14:18:07,087] [INFO] ENTER: 'GraphRAG' calling 'question'; CURRENT SPEAKER: grok-3_mas_rag, DIALOGUE TURN NUM = 18.
[2025-10-30 14:18:07,088] [INFO] ENTER: 'GraphRAG' calling 'query_graph'; CURRENT SPEAKER: grok-3_mas_rag, DIALOGUE TURN NUM = 18.
[2025-10-30 14:18:07,221] [INFO] EXIT: 'GraphRAG' calling 'query_graph' (0.1330280303955078 secs).
[2025-10-30 14:18:07,221] [INFO] EXIT: 'GraphRAG' calling 'question' (0.13346099853515625 secs).
[2025-10-30 14:18:07,239] [INFO] ENTER: 'GraphRAG' calling 'since'; CURRENT SPEAKER: grok-3_mas_rag, DIALOGUE TURN NUM = 18.
[2025-10-30 14:18:07,240] [INFO] ENTER: 'GraphRAG' calling 'query_graph'; CURRENT SPEAKER: grok-3_mas_rag, DIALOGUE TURN NUM = 18.
[2025-10-30 14:18:07,263] [INFO] EXIT: 'GraphRAG' calling 'query_graph' (0.02298140525817871 secs).
[2025-10-30 14:18:07,263] [INFO] EXIT: 'GraphRAG' calling 'since' (0.023330211639404297 secs).
[2025-10-30 14:18:07,263] [INFO] ENTER: 'GraphRAG' calling 'claim'; CURRENT SPEAKER: grok-3_mas_rag, DIALOGUE TURN NUM = 18.
[2025-10-30 14:18:07,263] [INFO] ENTER: 'GraphRAG' calling 'query_graph'; CURRENT SPEAKER: grok-3_mas_rag, DIALOGUE TURN NUM = 18.
[2025-10-30 14:18:07,281] [INFO] EXIT: 'GraphRAG' calling 'query_graph' (0.018015384674072266 secs).
[2025-10-30 14:18:07,281] [INFO] EXIT: 'GraphRAG' calling 'claim' (0.01836681365966797 secs).
[2025-10-30 14:18:07,300] [INFO] ENTER: 'GraphRAG' calling 'why'; CURRENT SPEAKER: grok-3_mas_rag, DIALOGUE TURN NUM = 18.
[2025-10-30 14:18:07,300] [INFO] ENTER: 'GraphRAG' calling 'query_graph'; CURRENT SPEAKER: grok-3_mas_rag, DIALOGUE TURN NUM = 18.
[2025-10-30 14:18:08,019] [INFO] EXIT: 'GraphRAG' calling 'query_graph' (0.7185971736907959 secs).
[2025-10-30 14:18:08,019] [INFO] EXIT: 'GraphRAG' calling 'why' (0.7190208435058594 secs).
[2025-10-30 14:18:08,019] [INFO] ENTER: 'GraphRAG' calling 'claim_negation'; CURRENT SPEAKER: grok-3_mas_rag, DIALOGUE TURN NUM = 18.
[2025-10-30 14:18:08,019] [INFO] ENTER: 'GraphRAG' calling 'query_graph'; CURRENT SPEAKER: grok-3_mas_rag, DIALOGUE TURN NUM = 18.
[2025-10-30 14:18:08,710] [INFO] EXIT: 'GraphRAG' calling 'query_graph' (0.6909306049346924 secs).
[2025-10-30 14:18:08,710] [INFO] EXIT: 'GraphRAG' calling 'claim_negation' (0.6913959980010986 secs).
[2025-10-30 14:18:08,710] [INFO] ENTER: 'GraphRAG' calling 'concede'; CURRENT SPEAKER: grok-3_mas_rag, DIALOGUE TURN NUM = 18.
[2025-10-30 14:18:08,711] [INFO] ENTER: 'GraphRAG' calling 'query_graph'; CURRENT SPEAKER: grok-3_mas_rag, DIALOGUE TURN NUM = 18.
[2025-10-30 14:18:09,449] [INFO] EXIT: 'GraphRAG' calling 'query_graph' (0.7384467124938965 secs).
[2025-10-30 14:18:09,449] [INFO] EXIT: 'GraphRAG' calling 'concede' (0.7389006614685059 secs).
[2025-10-30 14:18:09,449] [INFO] ENTER: 'GraphRAG' calling 'question'; CURRENT SPEAKER: grok-3_mas_rag, DIALOGUE TURN NUM = 18.
[2025-10-30 14:18:09,450] [INFO] ENTER: 'GraphRAG' calling 'query_graph'; CURRENT SPEAKER: grok-3_mas_rag, DIALOGUE TURN NUM = 18.
[2025-10-30 14:18:09,590] [INFO] EXIT: 'GraphRAG' calling 'query_graph' (0.14002585411071777 secs).
[2025-10-30 14:18:09,590] [INFO] EXIT: 'GraphRAG' calling 'question' (0.14043712615966797 secs).
[2025-10-30 14:18:09,608] [INFO] ENTER: 'GraphRAG' calling 'why'; CURRENT SPEAKER: grok-3_mas_rag, DIALOGUE TURN NUM = 18.
[2025-10-30 14:18:09,609] [INFO] ENTER: 'GraphRAG' calling 'query_graph'; CURRENT SPEAKER: grok-3_mas_rag, DIALOGUE TURN NUM = 18.
[2025-10-30 14:18:10,328] [INFO] EXIT: 'GraphRAG' calling 'query_graph' (0.7190184593200684 secs).
[2025-10-30 14:18:10,328] [INFO] EXIT: 'GraphRAG' calling 'why' (0.7194287776947021 secs).
[2025-10-30 14:18:10,328] [INFO] ENTER: 'GraphRAG' calling 'claim_negation'; CURRENT SPEAKER: grok-3_mas_rag, DIALOGUE TURN NUM = 18.
[2025-10-30 14:18:10,328] [INFO] ENTER: 'GraphRAG' calling 'query_graph'; CURRENT SPEAKER: grok-3_mas_rag, DIALOGUE TURN NUM = 18.
[2025-10-30 14:18:11,017] [INFO] EXIT: 'GraphRAG' calling 'query_graph' (0.6887562274932861 secs).
[2025-10-30 14:18:11,017] [INFO] EXIT: 'GraphRAG' calling 'claim_negation' (0.6891932487487793 secs).
[2025-10-30 14:18:11,017] [INFO] ENTER: 'GraphRAG' calling 'concede'; CURRENT SPEAKER: grok-3_mas_rag, DIALOGUE TURN NUM = 18.
[2025-10-30 14:18:11,017] [INFO] ENTER: 'GraphRAG' calling 'query_graph'; CURRENT SPEAKER: grok-3_mas_rag, DIALOGUE TURN NUM = 18.
[2025-10-30 14:18:11,737] [INFO] EXIT: 'GraphRAG' calling 'query_graph' (0.719388484954834 secs).
[2025-10-30 14:18:11,737] [INFO] EXIT: 'GraphRAG' calling 'concede' (0.7198424339294434 secs).
[2025-10-30 14:18:11,737] [INFO] ENTER: 'GraphRAG' calling 'question'; CURRENT SPEAKER: grok-3_mas_rag, DIALOGUE TURN NUM = 18.
[2025-10-30 14:18:11,737] [INFO] ENTER: 'GraphRAG' calling 'query_graph'; CURRENT SPEAKER: grok-3_mas_rag, DIALOGUE TURN NUM = 18.
[2025-10-30 14:18:11,869] [INFO] EXIT: 'GraphRAG' calling 'query_graph' (0.13120770454406738 secs).
[2025-10-30 14:18:11,869] [INFO] EXIT: 'GraphRAG' calling 'question' (0.1316390037536621 secs).
[2025-10-30 14:18:11,887] [INFO] ENTER: 'GraphRAG' calling 'why'; CURRENT SPEAKER: grok-3_mas_rag, DIALOGUE TURN NUM = 18.
[2025-10-30 14:18:11,888] [INFO] ENTER: 'GraphRAG' calling 'query_graph'; CURRENT SPEAKER: grok-3_mas_rag, DIALOGUE TURN NUM = 18.
[2025-10-30 14:18:12,608] [INFO] EXIT: 'GraphRAG' calling 'query_graph' (0.7197055816650391 secs).
[2025-10-30 14:18:12,608] [INFO] EXIT: 'GraphRAG' calling 'why' (0.720123291015625 secs).
[2025-10-30 14:18:12,608] [INFO] ENTER: 'GraphRAG' calling 'claim_negation'; CURRENT SPEAKER: grok-3_mas_rag, DIALOGUE TURN NUM = 18.
[2025-10-30 14:18:12,608] [INFO] ENTER: 'GraphRAG' calling 'query_graph'; CURRENT SPEAKER: grok-3_mas_rag, DIALOGUE TURN NUM = 18.
[2025-10-30 14:18:13,303] [INFO] EXIT: 'GraphRAG' calling 'query_graph' (0.6950082778930664 secs).
[2025-10-30 14:18:13,303] [INFO] EXIT: 'GraphRAG' calling 'claim_negation' (0.6954517364501953 secs).
[2025-10-30 14:18:13,303] [INFO] ENTER: 'GraphRAG' calling 'concede'; CURRENT SPEAKER: grok-3_mas_rag, DIALOGUE TURN NUM = 18.
[2025-10-30 14:18:13,304] [INFO] ENTER: 'GraphRAG' calling 'query_graph'; CURRENT SPEAKER: grok-3_mas_rag, DIALOGUE TURN NUM = 18.
[2025-10-30 14:18:14,024] [INFO] EXIT: 'GraphRAG' calling 'query_graph' (0.7201211452484131 secs).
[2025-10-30 14:18:14,024] [INFO] EXIT: 'GraphRAG' calling 'concede' (0.7206335067749023 secs).
[2025-10-30 14:18:14,024] [INFO] ENTER: 'GraphRAG' calling 'question'; CURRENT SPEAKER: grok-3_mas_rag, DIALOGUE TURN NUM = 18.
[2025-10-30 14:18:14,024] [INFO] ENTER: 'GraphRAG' calling 'query_graph'; CURRENT SPEAKER: grok-3_mas_rag, DIALOGUE TURN NUM = 18.
[2025-10-30 14:18:14,155] [INFO] EXIT: 'GraphRAG' calling 'query_graph' (0.130507230758667 secs).
[2025-10-30 14:18:14,155] [INFO] EXIT: 'GraphRAG' calling 'question' (0.13090777397155762 secs).
[2025-10-30 14:18:14,173] [INFO] ENTER: 'GraphRAG' calling 'why'; CURRENT SPEAKER: grok-3_mas_rag, DIALOGUE TURN NUM = 18.
[2025-10-30 14:18:14,173] [INFO] ENTER: 'GraphRAG' calling 'query_graph'; CURRENT SPEAKER: grok-3_mas_rag, DIALOGUE TURN NUM = 18.
[2025-10-30 14:18:14,892] [INFO] EXIT: 'GraphRAG' calling 'query_graph' (0.7183206081390381 secs).
[2025-10-30 14:18:14,892] [INFO] EXIT: 'GraphRAG' calling 'why' (0.7187750339508057 secs).
[2025-10-30 14:18:14,892] [INFO] ENTER: 'GraphRAG' calling 'claim_negation'; CURRENT SPEAKER: grok-3_mas_rag, DIALOGUE TURN NUM = 18.
[2025-10-30 14:18:14,892] [INFO] ENTER: 'GraphRAG' calling 'query_graph'; CURRENT SPEAKER: grok-3_mas_rag, DIALOGUE TURN NUM = 18.
[2025-10-30 14:18:15,584] [INFO] EXIT: 'GraphRAG' calling 'query_graph' (0.6917614936828613 secs).
[2025-10-30 14:18:15,584] [INFO] EXIT: 'GraphRAG' calling 'claim_negation' (0.6922397613525391 secs).
[2025-10-30 14:18:15,584] [INFO] ENTER: 'GraphRAG' calling 'concede'; CURRENT SPEAKER: grok-3_mas_rag, DIALOGUE TURN NUM = 18.
[2025-10-30 14:18:15,585] [INFO] ENTER: 'GraphRAG' calling 'query_graph'; CURRENT SPEAKER: grok-3_mas_rag, DIALOGUE TURN NUM = 18.
[2025-10-30 14:18:16,303] [INFO] EXIT: 'GraphRAG' calling 'query_graph' (0.7183239459991455 secs).
[2025-10-30 14:18:16,303] [INFO] EXIT: 'GraphRAG' calling 'concede' (0.7187612056732178 secs).
[2025-10-30 14:18:16,303] [INFO] ENTER: 'GraphRAG' calling 'question'; CURRENT SPEAKER: grok-3_mas_rag, DIALOGUE TURN NUM = 18.
[2025-10-30 14:18:16,304] [INFO] ENTER: 'GraphRAG' calling 'query_graph'; CURRENT SPEAKER: grok-3_mas_rag, DIALOGUE TURN NUM = 18.
[2025-10-30 14:18:16,443] [INFO] EXIT: 'GraphRAG' calling 'query_graph' (0.13903164863586426 secs).
[2025-10-30 14:18:16,443] [INFO] EXIT: 'GraphRAG' calling 'question' (0.1395418643951416 secs).
[2025-10-30 14:18:16,443] [INFO] ENTER: 'GraphRAG' calling 'return_rag_examples'; CURRENT SPEAKER: grok-3_mas_rag, DIALOGUE TURN NUM = 18.
[2025-10-30 14:18:16,443] [INFO] EXIT: 'GraphRAG' calling 'return_rag_examples' (2.1457672119140625e-06 secs).
[2025-10-30 14:18:16,445] [INFO] ENTER: 'DialogueMoveGenerator' calling 'generate'; CURRENT SPEAKER: grok-3_mas_rag, DIALOGUE TURN NUM = 18.
[2025-10-30 14:18:16,445] [INFO] ENTER: 'MASPromptGenerator' calling 'claim'; CURRENT SPEAKER: grok-3_mas_rag, DIALOGUE TURN NUM = 18.
[2025-10-30 14:18:16,445] [INFO] EXIT: 'MASPromptGenerator' calling 'claim' (7.605552673339844e-05 secs).
[2025-10-30 14:18:16,446] [INFO] ENTER: 'DialogueMoveGenerator' calling 'generate'; CURRENT SPEAKER: grok-3_mas_rag, DIALOGUE TURN NUM = 18.
[2025-10-30 14:18:16,447] [INFO] ENTER: 'MASPromptGenerator' calling 'claim_negation'; CURRENT SPEAKER: grok-3_mas_rag, DIALOGUE TURN NUM = 18.
[2025-10-30 14:18:16,447] [INFO] EXIT: 'MASPromptGenerator' calling 'claim_negation' (8.7738037109375e-05 secs).
[2025-10-30 14:18:16,447] [INFO] ENTER: 'DialogueMoveGenerator' calling 'generate'; CURRENT SPEAKER: grok-3_mas_rag, DIALOGUE TURN NUM = 18.
[2025-10-30 14:18:16,447] [INFO] ENTER: 'MASPromptGenerator' calling 'concede_claim'; CURRENT SPEAKER: grok-3_mas_rag, DIALOGUE TURN NUM = 18.
[2025-10-30 14:18:16,447] [INFO] EXIT: 'MASPromptGenerator' calling 'concede_claim' (8.463859558105469e-05 secs).
[2025-10-30 14:18:16,450] [INFO] ENTER: 'DialogueMoveGenerator' calling 'generate'; CURRENT SPEAKER: grok-3_mas_rag, DIALOGUE TURN NUM = 18.
[2025-10-30 14:18:16,450] [INFO] ENTER: 'DialogueMoveGenerator' calling 'generate'; CURRENT SPEAKER: grok-3_mas_rag, DIALOGUE TURN NUM = 18.
[2025-10-30 14:18:16,450] [INFO] ENTER: 'MASPromptGenerator' calling 'question_claim'; CURRENT SPEAKER: grok-3_mas_rag, DIALOGUE TURN NUM = 18.
[2025-10-30 14:18:16,450] [INFO] ENTER: 'MASPromptGenerator' calling 'retract_claim'; CURRENT SPEAKER: grok-3_mas_rag, DIALOGUE TURN NUM = 18.
[2025-10-30 14:18:16,450] [INFO] EXIT: 'MASPromptGenerator' calling 'question_claim' (8.630752563476562e-05 secs).
[2025-10-30 14:18:16,451] [INFO] EXIT: 'MASPromptGenerator' calling 'retract_claim' (5.2928924560546875e-05 secs).
[2025-10-30 14:18:16,451] [INFO] ENTER: 'DialogueMoveGenerator' calling 'generate'; CURRENT SPEAKER: grok-3_mas_rag, DIALOGUE TURN NUM = 18.
[2025-10-30 14:18:16,451] [INFO] ENTER: 'DialogueMoveGenerator' calling 'generate'; CURRENT SPEAKER: grok-3_mas_rag, DIALOGUE TURN NUM = 18.
[2025-10-30 14:18:16,455] [INFO] ENTER: 'MASPromptGenerator' calling 'since_claim'; CURRENT SPEAKER: grok-3_mas_rag, DIALOGUE TURN NUM = 18.
[2025-10-30 14:18:16,455] [INFO] ENTER: 'MASPromptGenerator' calling 'why_claim'; CURRENT SPEAKER: grok-3_mas_rag, DIALOGUE TURN NUM = 18.
[2025-10-30 14:18:16,455] [INFO] EXIT: 'MASPromptGenerator' calling 'since_claim' (3.62396240234375e-05 secs).
[2025-10-30 14:18:16,455] [INFO] EXIT: 'MASPromptGenerator' calling 'why_claim' (8.177757263183594e-05 secs).
[2025-10-30 14:18:21,036] [INFO] Completion returned and validated from MODEL = 'grok-3'.
[2025-10-30 14:18:21,993] [INFO] Completion returned and validated from MODEL = 'grok-3'.
[2025-10-30 14:18:22,362] [INFO] Completion returned and validated from MODEL = 'grok-3'.
[2025-10-30 14:18:22,837] [INFO] Completion returned and validated from MODEL = 'grok-3'.
[2025-10-30 14:18:22,837] [INFO] EXIT: 'DialogueMoveGenerator' calling 'generate' (6.386499404907227 secs).
[2025-10-30 14:18:22,933] [INFO] Completion returned and validated from MODEL = 'grok-3'.
[2025-10-30 14:18:24,878] [INFO] Completion returned and validated from MODEL = 'grok-3'.
[2025-10-30 14:18:24,878] [INFO] EXIT: 'DialogueMoveGenerator' calling 'generate' (8.423660516738892 secs).
[2025-10-30 14:18:25,420] [INFO] Completion returned and validated from MODEL = 'grok-3'.
[2025-10-30 14:18:25,596] [INFO] Completion returned and validated from MODEL = 'grok-3'.
[2025-10-30 14:18:25,596] [INFO] EXIT: 'DialogueMoveGenerator' calling 'generate' (9.151170253753662 secs).
[2025-10-30 14:18:27,215] [INFO] Completion returned and validated from MODEL = 'grok-3'.
[2025-10-30 14:18:27,250] [INFO] Completion returned and validated from MODEL = 'grok-3'.
[2025-10-30 14:18:29,207] [INFO] Completion returned and validated from MODEL = 'grok-3'.
[2025-10-30 14:18:29,781] [INFO] Completion returned and validated from MODEL = 'grok-3'.
[2025-10-30 14:18:31,692] [INFO] Completion returned and validated from MODEL = 'grok-3'.
[2025-10-30 14:18:34,028] [INFO] Completion returned and validated from MODEL = 'grok-3'.
[2025-10-30 14:18:36,629] [INFO] Completion returned and validated from MODEL = 'grok-3'.
[2025-10-30 14:18:38,996] [INFO] Completion returned and validated from MODEL = 'grok-3'.
[2025-10-30 14:18:38,996] [INFO] EXIT: 'DialogueMoveGenerator' calling 'generate' (22.548872470855713 secs).
[2025-10-30 14:18:39,020] [INFO] Completion returned and validated from MODEL = 'grok-3'.
[2025-10-30 14:18:39,525] [INFO] Completion returned and validated from MODEL = 'grok-3'.
[2025-10-30 14:18:40,879] [INFO] Completion returned and validated from MODEL = 'grok-3'.
[2025-10-30 14:18:43,767] [INFO] Completion returned and validated from MODEL = 'grok-3'.
[2025-10-30 14:18:45,858] [INFO] Completion returned and validated from MODEL = 'grok-3'.
[2025-10-30 14:18:45,858] [INFO] EXIT: 'DialogueMoveGenerator' calling 'generate' (29.407690048217773 secs).
[2025-10-30 14:18:47,452] [INFO] Completion returned and validated from MODEL = 'grok-3'.
[2025-10-30 14:18:47,452] [INFO] EXIT: 'DialogueMoveGenerator' calling 'generate' (31.005358695983887 secs).
[2025-10-30 14:18:47,580] [INFO] Completion returned and validated from MODEL = 'grok-3'.
[2025-10-30 14:18:47,580] [INFO] EXIT: 'DialogueMoveGenerator' calling 'generate' (31.125868797302246 secs).
[2025-10-30 14:18:47,581] [INFO] ENTER: 'MASPromptGenerator' calling 'persuasiveness_choice'; CURRENT SPEAKER: grok-3_mas_rag, DIALOGUE TURN NUM = 18.
[2025-10-30 14:18:47,582] [INFO] EXIT: 'MASPromptGenerator' calling 'persuasiveness_choice' (0.00025844573974609375 secs).
[2025-10-30 14:18:52,806] [INFO] Completion returned and validated within 'PersuasivenessChoiceAgent'; MODEL = 'grok-3'; DIALOGUE TURN NUM = 18.
[2025-10-30 14:18:57,881] [INFO] Completion returned and validated within 'PersuasivenessChoiceAgent'; MODEL = 'grok-3'; DIALOGUE TURN NUM = 18.
[2025-10-30 14:19:01,640] [INFO] Completion returned and validated within 'PersuasivenessChoiceAgent'; MODEL = 'grok-3'; DIALOGUE TURN NUM = 18.
[2025-10-30 14:19:07,727] [INFO] Completion returned and validated within 'PersuasivenessChoiceAgent'; MODEL = 'grok-3'; DIALOGUE TURN NUM = 18.
[2025-10-30 14:19:13,546] [INFO] Completion returned and validated within 'PersuasivenessChoiceAgent'; MODEL = 'grok-3'; DIALOGUE TURN NUM = 18.
[2025-10-30 14:19:16,529] [INFO] Completion returned and validated within 'PersuasivenessChoiceAgent'; MODEL = 'grok-3'; DIALOGUE TURN NUM = 18.
[2025-10-30 14:19:16,529] [INFO] ENTER: 'DisambiguationAgent' calling '_grouping_similar_utterance_types'; CURRENT SPEAKER: grok-3_mas_rag, DIALOGUE TURN NUM = 18.
[2025-10-30 14:19:16,530] [INFO] EXIT: 'DisambiguationAgent' calling '_grouping_similar_utterance_types' (1.2159347534179688e-05 secs).
[2025-10-30 14:19:16,530] [INFO] ENTER: 'DisambiguationAgent' calling '_identifying_similar_sentences_and_choosing_one_to_return_to_user'; CURRENT SPEAKER: grok-3_mas_rag, DIALOGUE TURN NUM = 18.
[2025-10-30 14:19:29,560] [INFO] 'DisambiguationAgent' grouped similar sentences, completion returned and validated; MODEL = 'grok-3'.
[2025-10-30 14:19:30,590] [INFO] 'DisambiguationAgent' chose sentences to remove, completion returned and validated from MODEL = 'grok-3'.
[2025-10-30 14:19:33,362] [INFO] 'DisambiguationAgent' chose sentences to remove, completion returned and validated from MODEL = 'grok-3'.
[2025-10-30 14:19:34,674] [INFO] 'DisambiguationAgent' chose sentences to remove, completion returned and validated from MODEL = 'grok-3'.
[2025-10-30 14:19:34,674] [INFO] EXIT: 'DisambiguationAgent' calling '_identifying_similar_sentences_and_choosing_one_to_return_to_user' (18.144615411758423 secs).
[2025-10-30 14:19:34,674] [INFO] ENTER: 'DisambiguationAgent' calling '_identifying_similar_sentences_and_choosing_one_to_return_to_user'; CURRENT SPEAKER: grok-3_mas_rag, DIALOGUE TURN NUM = 18.
[2025-10-30 14:19:37,287] [INFO] 'DisambiguationAgent' grouped similar sentences, completion returned and validated; MODEL = 'grok-3'.
[2025-10-30 14:19:38,621] [INFO] 'DisambiguationAgent' chose sentences to remove, completion returned and validated from MODEL = 'grok-3'.
[2025-10-30 14:19:38,621] [INFO] EXIT: 'DisambiguationAgent' calling '_identifying_similar_sentences_and_choosing_one_to_return_to_user' (3.946315050125122 secs).
[2025-10-30 14:19:38,621] [INFO] ENTER: 'DisambiguationAgent' calling '_removing_repetitive_sentences'; CURRENT SPEAKER: grok-3_mas_rag, DIALOGUE TURN NUM = 18.
[2025-10-30 14:19:38,621] [INFO] EXIT: 'DisambiguationAgent' calling '_removing_repetitive_sentences' (2.0265579223632812e-05 secs).
[2025-10-30 14:19:38,621] [INFO] ENTER: 'DisambiguationAgent' calling '_choose_the_most_persuasive_sentences'; CURRENT SPEAKER: grok-3_mas_rag, DIALOGUE TURN NUM = 18.
[2025-10-30 14:19:43,985] [INFO] 'DisambiguationAgent': reached maximum allowed sentences, succussfully chose most persuasive sentences, completion returned and validated from MODEL = 'grok-3'.
[2025-10-30 14:19:43,985] [INFO] EXIT: 'DisambiguationAgent' calling '_choose_the_most_persuasive_sentences' (5.364751100540161 secs).
[2025-10-30 14:19:43,986] [INFO] ENTER: 'DisambiguationAgent' calling 'return_disambiguated_sentences'; CURRENT SPEAKER: grok-3_mas_rag, DIALOGUE TURN NUM = 18.
[2025-10-30 14:19:43,986] [INFO] EXIT: 'DisambiguationAgent' calling 'return_disambiguated_sentences' (2.384185791015625e-06 secs).
[2025-10-30 14:19:43,986] [ERROR] Wrong state used; State of type HumanState; error message: dict has unexpected extra key(s): "graph_rag_examples", "intermediate_generations", "knowledge_base_ensemble_or_model_name", "model_seed", "model_temp", "model_top_p", "number_of_graph_rag_examples", "number_of_vector_based_rag_examples", "political_position_prob_of_na", "political_position_range", "political_position_std", "speaker_model_name", "speaker_type", "vector_based_persona_string", "vector_based_persona_sys_prompt"
[2025-10-30 14:19:43,986] [INFO] Correct state used; State of type GenerationAgentsState; 'IGNORE THE ABOVE ERRORS'.
[2025-10-30 14:19:44,755] [INFO] 'commitment_update' completed '___Claim___' update for current speaker's commitments; MODEL = 'grok-3'.
[2025-10-30 14:19:45,882] [INFO] 'commitment_update' completed '___Claim___' update for current speaker's commitments; MODEL = 'grok-3'.
[2025-10-30 14:19:46,659] [INFO] 'commitment_update' completed '___Claim___' update for current speaker's commitments; MODEL = 'grok-3'.
[2025-10-30 14:19:47,523] [INFO] 'commitment_update' completed '___Claim___' update for current speaker's commitments; MODEL = 'grok-3'.
[2025-10-30 14:19:47,641] [ERROR] Wrong state used; State of type HumanState; error message: dict has unexpected extra key(s): "graph_rag_examples", "intermediate_generations", "knowledge_base_ensemble_or_model_name", "model_seed", "model_temp", "model_top_p", "number_of_graph_rag_examples", "number_of_vector_based_rag_examples", "political_position_prob_of_na", "political_position_range", "political_position_std", "speaker_model_name", "speaker_type", "vector_based_persona_string", "vector_based_persona_sys_prompt"
[2025-10-30 14:19:47,641] [INFO] Correct state used; State of type GenerationAgentsState; 'IGNORE THE ABOVE ERRORS'.
[2025-10-30 14:19:47,641] [INFO] ENTER: 'UtteranceClassificationAgent' calling '_classify_sentence_utterance_types'; CURRENT SPEAKER: grok-4_mas, DIALOGUE TURN NUM = 19.
[2025-10-30 14:19:48,210] [INFO] 'UtteranceClassificationAgent' completion returned and validated from MODEL = 'ModelName.GROK_4'.
[2025-10-30 14:19:48,927] [INFO] 'UtteranceClassificationAgent' completion returned and validated from MODEL = 'ModelName.GROK_4'.
[2025-10-30 14:19:49,541] [INFO] 'UtteranceClassificationAgent' completion returned and validated from MODEL = 'ModelName.GROK_4'.
[2025-10-30 14:19:50,093] [INFO] 'UtteranceClassificationAgent' completion returned and validated from MODEL = 'ModelName.GROK_4'.
[2025-10-30 14:19:50,636] [INFO] 'UtteranceClassificationAgent' completion returned and validated from MODEL = 'ModelName.GROK_4'.
[2025-10-30 14:19:50,636] [INFO] EXIT: 'UtteranceClassificationAgent' calling '_classify_sentence_utterance_types' (2.9947004318237305 secs).
[2025-10-30 14:19:50,636] [INFO] ENTER: 'UtteranceClassificationAgent' calling 'return_classified_sentences'; CURRENT SPEAKER: grok-4_mas, DIALOGUE TURN NUM = 19.
[2025-10-30 14:19:50,636] [INFO] EXIT: 'UtteranceClassificationAgent' calling 'return_classified_sentences' (1.9073486328125e-06 secs).
[2025-10-30 14:19:50,638] [INFO] ENTER: 'DialogueMoveGenerator' calling 'generate'; CURRENT SPEAKER: grok-4_mas, DIALOGUE TURN NUM = 19.
[2025-10-30 14:19:50,638] [INFO] ENTER: 'DialogueMoveGenerator' calling 'generate'; CURRENT SPEAKER: grok-4_mas, DIALOGUE TURN NUM = 19.
[2025-10-30 14:19:50,639] [INFO] ENTER: 'MASPromptGenerator' calling 'claim'; CURRENT SPEAKER: grok-4_mas, DIALOGUE TURN NUM = 19.
[2025-10-30 14:19:50,639] [INFO] ENTER: 'MASPromptGenerator' calling 'claim_negation'; CURRENT SPEAKER: grok-4_mas, DIALOGUE TURN NUM = 19.
[2025-10-30 14:19:50,642] [INFO] EXIT: 'MASPromptGenerator' calling 'claim' (7.295608520507812e-05 secs).
[2025-10-30 14:19:50,642] [INFO] EXIT: 'MASPromptGenerator' calling 'claim_negation' (5.602836608886719e-05 secs).
[2025-10-30 14:19:50,643] [INFO] ENTER: 'DialogueMoveGenerator' calling 'generate'; CURRENT SPEAKER: grok-4_mas, DIALOGUE TURN NUM = 19.
[2025-10-30 14:19:50,643] [INFO] ENTER: 'MASPromptGenerator' calling 'concede_claim'; CURRENT SPEAKER: grok-4_mas, DIALOGUE TURN NUM = 19.
[2025-10-30 14:19:50,643] [INFO] EXIT: 'MASPromptGenerator' calling 'concede_claim' (4.172325134277344e-05 secs).
[2025-10-30 14:19:50,644] [INFO] ENTER: 'DialogueMoveGenerator' calling 'generate'; CURRENT SPEAKER: grok-4_mas, DIALOGUE TURN NUM = 19.
[2025-10-30 14:19:50,644] [INFO] ENTER: 'MASPromptGenerator' calling 'question_claim'; CURRENT SPEAKER: grok-4_mas, DIALOGUE TURN NUM = 19.
[2025-10-30 14:19:50,644] [INFO] EXIT: 'MASPromptGenerator' calling 'question_claim' (3.790855407714844e-05 secs).
[2025-10-30 14:19:50,645] [INFO] ENTER: 'DialogueMoveGenerator' calling 'generate'; CURRENT SPEAKER: grok-4_mas, DIALOGUE TURN NUM = 19.
[2025-10-30 14:19:50,645] [INFO] ENTER: 'MASPromptGenerator' calling 'retract_claim'; CURRENT SPEAKER: grok-4_mas, DIALOGUE TURN NUM = 19.
[2025-10-30 14:19:50,645] [INFO] EXIT: 'MASPromptGenerator' calling 'retract_claim' (4.4345855712890625e-05 secs).
[2025-10-30 14:19:50,646] [INFO] ENTER: 'DialogueMoveGenerator' calling 'generate'; CURRENT SPEAKER: grok-4_mas, DIALOGUE TURN NUM = 19.
[2025-10-30 14:19:50,646] [INFO] ENTER: 'MASPromptGenerator' calling 'since_claim'; CURRENT SPEAKER: grok-4_mas, DIALOGUE TURN NUM = 19.
[2025-10-30 14:19:50,646] [INFO] EXIT: 'MASPromptGenerator' calling 'since_claim' (4.076957702636719e-05 secs).
[2025-10-30 14:19:50,646] [INFO] ENTER: 'DialogueMoveGenerator' calling 'generate'; CURRENT SPEAKER: grok-4_mas, DIALOGUE TURN NUM = 19.
[2025-10-30 14:19:50,647] [INFO] ENTER: 'MASPromptGenerator' calling 'why_claim'; CURRENT SPEAKER: grok-4_mas, DIALOGUE TURN NUM = 19.
[2025-10-30 14:19:50,647] [INFO] EXIT: 'MASPromptGenerator' calling 'why_claim' (3.552436828613281e-05 secs).
[2025-10-30 14:19:52,067] [INFO] Completion returned and validated from MODEL = 'grok-4'.
[2025-10-30 14:19:52,255] [INFO] Completion returned and validated from MODEL = 'grok-4'.
[2025-10-30 14:19:52,345] [INFO] Completion returned and validated from MODEL = 'grok-4'.
[2025-10-30 14:19:52,366] [INFO] Completion returned and validated from MODEL = 'grok-4'.
[2025-10-30 14:19:52,457] [INFO] Completion returned and validated from MODEL = 'grok-4'.
[2025-10-30 14:19:52,457] [INFO] EXIT: 'DialogueMoveGenerator' calling 'generate' (1.811471700668335 secs).
[2025-10-30 14:19:52,486] [INFO] Completion returned and validated from MODEL = 'grok-4'.
[2025-10-30 14:19:52,486] [INFO] EXIT: 'DialogueMoveGenerator' calling 'generate' (1.8470983505249023 secs).
[2025-10-30 14:19:52,571] [INFO] Completion returned and validated from MODEL = 'grok-4'.
[2025-10-30 14:19:52,571] [INFO] EXIT: 'DialogueMoveGenerator' calling 'generate' (1.9247171878814697 secs).
[2025-10-30 14:19:53,594] [INFO] Completion returned and validated from MODEL = 'grok-4'.
[2025-10-30 14:19:53,781] [INFO] Completion returned and validated from MODEL = 'grok-4'.
[2025-10-30 14:19:53,826] [INFO] Completion returned and validated from MODEL = 'grok-4'.
[2025-10-30 14:19:53,839] [INFO] Completion returned and validated from MODEL = 'grok-4'.
[2025-10-30 14:19:54,675] [INFO] Completion returned and validated from MODEL = 'grok-4'.
[2025-10-30 14:19:55,170] [INFO] Completion returned and validated from MODEL = 'grok-4'.
[2025-10-30 14:19:55,339] [INFO] Completion returned and validated from MODEL = 'grok-4'.
[2025-10-30 14:19:55,380] [INFO] Completion returned and validated from MODEL = 'grok-4'.
[2025-10-30 14:19:55,976] [INFO] Completion returned and validated from MODEL = 'grok-4'.
[2025-10-30 14:19:55,976] [INFO] EXIT: 'DialogueMoveGenerator' calling 'generate' (5.333486318588257 secs).
[2025-10-30 14:19:56,565] [INFO] Completion returned and validated from MODEL = 'grok-4'.
[2025-10-30 14:19:56,565] [INFO] EXIT: 'DialogueMoveGenerator' calling 'generate' (5.91841983795166 secs).
[2025-10-30 14:19:56,753] [INFO] Completion returned and validated from MODEL = 'grok-4'.
[2025-10-30 14:19:56,753] [INFO] EXIT: 'DialogueMoveGenerator' calling 'generate' (6.108562231063843 secs).
[2025-10-30 14:19:56,781] [INFO] Completion returned and validated from MODEL = 'grok-4'.
[2025-10-30 14:19:56,781] [INFO] EXIT: 'DialogueMoveGenerator' calling 'generate' (6.142459392547607 secs).
[2025-10-30 14:19:56,782] [INFO] ENTER: 'MASPromptGenerator' calling 'persuasiveness_choice'; CURRENT SPEAKER: grok-4_mas, DIALOGUE TURN NUM = 19.
[2025-10-30 14:19:56,782] [INFO] EXIT: 'MASPromptGenerator' calling 'persuasiveness_choice' (0.0002627372741699219 secs).
[2025-10-30 14:19:58,160] [INFO] Completion returned and validated within 'PersuasivenessChoiceAgent'; MODEL = 'grok-4'; DIALOGUE TURN NUM = 19.
[2025-10-30 14:19:59,549] [INFO] Completion returned and validated within 'PersuasivenessChoiceAgent'; MODEL = 'grok-4'; DIALOGUE TURN NUM = 19.
[2025-10-30 14:20:01,055] [INFO] Completion returned and validated within 'PersuasivenessChoiceAgent'; MODEL = 'grok-4'; DIALOGUE TURN NUM = 19.
[2025-10-30 14:20:02,774] [INFO] Completion returned and validated within 'PersuasivenessChoiceAgent'; MODEL = 'grok-4'; DIALOGUE TURN NUM = 19.
[2025-10-30 14:20:04,284] [INFO] Completion returned and validated within 'PersuasivenessChoiceAgent'; MODEL = 'grok-4'; DIALOGUE TURN NUM = 19.
[2025-10-30 14:20:04,285] [INFO] ENTER: 'DisambiguationAgent' calling '_grouping_similar_utterance_types'; CURRENT SPEAKER: grok-4_mas, DIALOGUE TURN NUM = 19.
[2025-10-30 14:20:04,285] [INFO] EXIT: 'DisambiguationAgent' calling '_grouping_similar_utterance_types' (7.152557373046875e-06 secs).
[2025-10-30 14:20:04,285] [INFO] ENTER: 'DisambiguationAgent' calling '_identifying_similar_sentences_and_choosing_one_to_return_to_user'; CURRENT SPEAKER: grok-4_mas, DIALOGUE TURN NUM = 19.
[2025-10-30 14:20:05,767] [INFO] 'DisambiguationAgent' grouped similar sentences, completion returned and validated; MODEL = 'grok-4'.
[2025-10-30 14:20:06,541] [INFO] 'DisambiguationAgent' chose sentences to remove, completion returned and validated from MODEL = 'grok-4'.
[2025-10-30 14:20:07,298] [INFO] 'DisambiguationAgent' chose sentences to remove, completion returned and validated from MODEL = 'grok-4'.
[2025-10-30 14:20:07,298] [INFO] EXIT: 'DisambiguationAgent' calling '_identifying_similar_sentences_and_choosing_one_to_return_to_user' (3.0128228664398193 secs).
[2025-10-30 14:20:07,298] [INFO] ENTER: 'DisambiguationAgent' calling '_identifying_similar_sentences_and_choosing_one_to_return_to_user'; CURRENT SPEAKER: grok-4_mas, DIALOGUE TURN NUM = 19.
[2025-10-30 14:20:08,610] [INFO] 'DisambiguationAgent' grouped similar sentences, completion returned and validated; MODEL = 'grok-4'.
[2025-10-30 14:20:09,341] [INFO] 'DisambiguationAgent' chose sentences to remove, completion returned and validated from MODEL = 'grok-4'.
[2025-10-30 14:20:09,341] [INFO] EXIT: 'DisambiguationAgent' calling '_identifying_similar_sentences_and_choosing_one_to_return_to_user' (2.042712688446045 secs).
[2025-10-30 14:20:09,341] [INFO] ENTER: 'DisambiguationAgent' calling '_removing_repetitive_sentences'; CURRENT SPEAKER: grok-4_mas, DIALOGUE TURN NUM = 19.
[2025-10-30 14:20:09,341] [INFO] EXIT: 'DisambiguationAgent' calling '_removing_repetitive_sentences' (9.298324584960938e-06 secs).
[2025-10-30 14:20:09,341] [INFO] ENTER: 'DisambiguationAgent' calling 'return_disambiguated_sentences'; CURRENT SPEAKER: grok-4_mas, DIALOGUE TURN NUM = 19.
[2025-10-30 14:20:09,341] [INFO] EXIT: 'DisambiguationAgent' calling 'return_disambiguated_sentences' (1.9073486328125e-06 secs).
[2025-10-30 14:20:09,341] [ERROR] Wrong state used; State of type HumanState; error message: dict has unexpected extra key(s): "graph_rag_examples", "intermediate_generations", "knowledge_base_ensemble_or_model_name", "model_seed", "model_temp", "model_top_p", "number_of_graph_rag_examples", "number_of_vector_based_rag_examples", "political_position_prob_of_na", "political_position_range", "political_position_std", "speaker_model_name", "speaker_type", "vector_based_persona_string", "vector_based_persona_sys_prompt"
[2025-10-30 14:20:09,341] [INFO] Correct state used; State of type GenerationAgentsState; 'IGNORE THE ABOVE ERRORS'.
[2025-10-30 14:20:09,864] [INFO] 'commitment_update' completed '___Claim___' update for current speaker's commitments; MODEL = 'grok-4'.
[2025-10-30 14:20:10,406] [INFO] 'commitment_update' completed '___Claim___' update for current speaker's commitments; MODEL = 'grok-4'.
[2025-10-30 14:20:10,482] [ERROR] Wrong state used; State of type HumanState; error message: dict has unexpected extra key(s): "graph_rag_examples", "intermediate_generations", "knowledge_base_ensemble_or_model_name", "model_seed", "model_temp", "model_top_p", "number_of_graph_rag_examples", "number_of_vector_based_rag_examples", "political_position_prob_of_na", "political_position_range", "political_position_std", "speaker_model_name", "speaker_type", "vector_based_persona_string", "vector_based_persona_sys_prompt"
[2025-10-30 14:20:10,482] [INFO] Correct state used; State of type GenerationAgentsState; 'IGNORE THE ABOVE ERRORS'.
[2025-10-30 14:20:10,482] [INFO] ENTER: 'UtteranceClassificationAgent' calling '_classify_sentence_utterance_types'; CURRENT SPEAKER: grok-3_mas_rag, DIALOGUE TURN NUM = 20.
[2025-10-30 14:20:11,658] [INFO] 'UtteranceClassificationAgent' completion returned and validated from MODEL = 'ModelName.GROK_3'.
[2025-10-30 14:20:12,365] [INFO] 'UtteranceClassificationAgent' completion returned and validated from MODEL = 'ModelName.GROK_3'.
[2025-10-30 14:20:13,027] [INFO] 'UtteranceClassificationAgent' completion returned and validated from MODEL = 'ModelName.GROK_3'.
[2025-10-30 14:20:14,838] [INFO] 'UtteranceClassificationAgent' completion returned and validated from MODEL = 'ModelName.GROK_3'.
[2025-10-30 14:20:14,838] [INFO] EXIT: 'UtteranceClassificationAgent' calling '_classify_sentence_utterance_types' (4.355327844619751 secs).
[2025-10-30 14:20:14,838] [INFO] ENTER: 'UtteranceClassificationAgent' calling 'return_classified_sentences'; CURRENT SPEAKER: grok-3_mas_rag, DIALOGUE TURN NUM = 20.
[2025-10-30 14:20:14,838] [INFO] EXIT: 'UtteranceClassificationAgent' calling 'return_classified_sentences' (1.9073486328125e-06 secs).
[2025-10-30 14:20:14,859] [INFO] ENTER: 'GraphRAG' calling 'since'; CURRENT SPEAKER: grok-3_mas_rag, DIALOGUE TURN NUM = 20.
[2025-10-30 14:20:14,859] [INFO] ENTER: 'GraphRAG' calling 'query_graph'; CURRENT SPEAKER: grok-3_mas_rag, DIALOGUE TURN NUM = 20.
[2025-10-30 14:20:14,882] [INFO] EXIT: 'GraphRAG' calling 'query_graph' (0.023035049438476562 secs).
[2025-10-30 14:20:14,882] [INFO] EXIT: 'GraphRAG' calling 'since' (0.02341485023498535 secs).
[2025-10-30 14:20:14,882] [INFO] ENTER: 'GraphRAG' calling 'claim'; CURRENT SPEAKER: grok-3_mas_rag, DIALOGUE TURN NUM = 20.
[2025-10-30 14:20:14,883] [INFO] ENTER: 'GraphRAG' calling 'query_graph'; CURRENT SPEAKER: grok-3_mas_rag, DIALOGUE TURN NUM = 20.
[2025-10-30 14:20:14,900] [INFO] EXIT: 'GraphRAG' calling 'query_graph' (0.017679452896118164 secs).
[2025-10-30 14:20:14,900] [INFO] EXIT: 'GraphRAG' calling 'claim' (0.018102407455444336 secs).
[2025-10-30 14:20:14,917] [INFO] ENTER: 'GraphRAG' calling 'why'; CURRENT SPEAKER: grok-3_mas_rag, DIALOGUE TURN NUM = 20.
[2025-10-30 14:20:14,918] [INFO] ENTER: 'GraphRAG' calling 'query_graph'; CURRENT SPEAKER: grok-3_mas_rag, DIALOGUE TURN NUM = 20.
[2025-10-30 14:20:15,637] [INFO] EXIT: 'GraphRAG' calling 'query_graph' (0.7195789813995361 secs).
[2025-10-30 14:20:15,638] [INFO] EXIT: 'GraphRAG' calling 'why' (0.7199900150299072 secs).
[2025-10-30 14:20:15,638] [INFO] ENTER: 'GraphRAG' calling 'claim_negation'; CURRENT SPEAKER: grok-3_mas_rag, DIALOGUE TURN NUM = 20.
[2025-10-30 14:20:15,638] [INFO] ENTER: 'GraphRAG' calling 'query_graph'; CURRENT SPEAKER: grok-3_mas_rag, DIALOGUE TURN NUM = 20.
[2025-10-30 14:20:16,332] [INFO] EXIT: 'GraphRAG' calling 'query_graph' (0.693577766418457 secs).
[2025-10-30 14:20:16,332] [INFO] EXIT: 'GraphRAG' calling 'claim_negation' (0.6940183639526367 secs).
[2025-10-30 14:20:16,332] [INFO] ENTER: 'GraphRAG' calling 'concede'; CURRENT SPEAKER: grok-3_mas_rag, DIALOGUE TURN NUM = 20.
[2025-10-30 14:20:16,332] [INFO] ENTER: 'GraphRAG' calling 'query_graph'; CURRENT SPEAKER: grok-3_mas_rag, DIALOGUE TURN NUM = 20.
[2025-10-30 14:20:17,053] [INFO] EXIT: 'GraphRAG' calling 'query_graph' (0.7207825183868408 secs).
[2025-10-30 14:20:17,053] [INFO] EXIT: 'GraphRAG' calling 'concede' (0.7212028503417969 secs).
[2025-10-30 14:20:17,053] [INFO] ENTER: 'GraphRAG' calling 'question'; CURRENT SPEAKER: grok-3_mas_rag, DIALOGUE TURN NUM = 20.
[2025-10-30 14:20:17,053] [INFO] ENTER: 'GraphRAG' calling 'query_graph'; CURRENT SPEAKER: grok-3_mas_rag, DIALOGUE TURN NUM = 20.
[2025-10-30 14:20:17,185] [INFO] EXIT: 'GraphRAG' calling 'query_graph' (0.1319284439086914 secs).
[2025-10-30 14:20:17,185] [INFO] EXIT: 'GraphRAG' calling 'question' (0.1323246955871582 secs).
[2025-10-30 14:20:17,202] [INFO] ENTER: 'GraphRAG' calling 'why'; CURRENT SPEAKER: grok-3_mas_rag, DIALOGUE TURN NUM = 20.
[2025-10-30 14:20:17,202] [INFO] ENTER: 'GraphRAG' calling 'query_graph'; CURRENT SPEAKER: grok-3_mas_rag, DIALOGUE TURN NUM = 20.
[2025-10-30 14:20:17,920] [INFO] EXIT: 'GraphRAG' calling 'query_graph' (0.717329740524292 secs).
[2025-10-30 14:20:17,920] [INFO] EXIT: 'GraphRAG' calling 'why' (0.7177581787109375 secs).
[2025-10-30 14:20:17,920] [INFO] ENTER: 'GraphRAG' calling 'claim_negation'; CURRENT SPEAKER: grok-3_mas_rag, DIALOGUE TURN NUM = 20.
[2025-10-30 14:20:17,920] [INFO] ENTER: 'GraphRAG' calling 'query_graph'; CURRENT SPEAKER: grok-3_mas_rag, DIALOGUE TURN NUM = 20.
[2025-10-30 14:20:18,613] [INFO] EXIT: 'GraphRAG' calling 'query_graph' (0.6928055286407471 secs).
[2025-10-30 14:20:18,613] [INFO] EXIT: 'GraphRAG' calling 'claim_negation' (0.693270206451416 secs).
[2025-10-30 14:20:18,613] [INFO] ENTER: 'GraphRAG' calling 'concede'; CURRENT SPEAKER: grok-3_mas_rag, DIALOGUE TURN NUM = 20.
[2025-10-30 14:20:18,614] [INFO] ENTER: 'GraphRAG' calling 'query_graph'; CURRENT SPEAKER: grok-3_mas_rag, DIALOGUE TURN NUM = 20.
[2025-10-30 14:20:19,336] [INFO] EXIT: 'GraphRAG' calling 'query_graph' (0.7228567600250244 secs).
[2025-10-30 14:20:19,337] [INFO] EXIT: 'GraphRAG' calling 'concede' (0.7232992649078369 secs).
[2025-10-30 14:20:19,337] [INFO] ENTER: 'GraphRAG' calling 'question'; CURRENT SPEAKER: grok-3_mas_rag, DIALOGUE TURN NUM = 20.
[2025-10-30 14:20:19,337] [INFO] ENTER: 'GraphRAG' calling 'query_graph'; CURRENT SPEAKER: grok-3_mas_rag, DIALOGUE TURN NUM = 20.
[2025-10-30 14:20:19,468] [INFO] EXIT: 'GraphRAG' calling 'query_graph' (0.13065195083618164 secs).
[2025-10-30 14:20:19,468] [INFO] EXIT: 'GraphRAG' calling 'question' (0.13103151321411133 secs).
[2025-10-30 14:20:19,484] [INFO] ENTER: 'GraphRAG' calling 'since'; CURRENT SPEAKER: grok-3_mas_rag, DIALOGUE TURN NUM = 20.
[2025-10-30 14:20:19,484] [INFO] ENTER: 'GraphRAG' calling 'query_graph'; CURRENT SPEAKER: grok-3_mas_rag, DIALOGUE TURN NUM = 20.
[2025-10-30 14:20:19,507] [INFO] EXIT: 'GraphRAG' calling 'query_graph' (0.02341747283935547 secs).
[2025-10-30 14:20:19,507] [INFO] EXIT: 'GraphRAG' calling 'since' (0.023769617080688477 secs).
[2025-10-30 14:20:19,508] [INFO] ENTER: 'GraphRAG' calling 'claim'; CURRENT SPEAKER: grok-3_mas_rag, DIALOGUE TURN NUM = 20.
[2025-10-30 14:20:19,508] [INFO] ENTER: 'GraphRAG' calling 'query_graph'; CURRENT SPEAKER: grok-3_mas_rag, DIALOGUE TURN NUM = 20.
[2025-10-30 14:20:19,526] [INFO] EXIT: 'GraphRAG' calling 'query_graph' (0.017830371856689453 secs).
[2025-10-30 14:20:19,526] [INFO] EXIT: 'GraphRAG' calling 'claim' (0.0181732177734375 secs).
[2025-10-30 14:20:19,526] [INFO] ENTER: 'GraphRAG' calling 'return_rag_examples'; CURRENT SPEAKER: grok-3_mas_rag, DIALOGUE TURN NUM = 20.
[2025-10-30 14:20:19,526] [INFO] EXIT: 'GraphRAG' calling 'return_rag_examples' (2.384185791015625e-06 secs).
[2025-10-30 14:20:19,528] [INFO] ENTER: 'DialogueMoveGenerator' calling 'generate'; CURRENT SPEAKER: grok-3_mas_rag, DIALOGUE TURN NUM = 20.
[2025-10-30 14:20:19,529] [INFO] ENTER: 'DialogueMoveGenerator' calling 'generate'; CURRENT SPEAKER: grok-3_mas_rag, DIALOGUE TURN NUM = 20.
[2025-10-30 14:20:19,529] [INFO] ENTER: 'MASPromptGenerator' calling 'claim'; CURRENT SPEAKER: grok-3_mas_rag, DIALOGUE TURN NUM = 20.
[2025-10-30 14:20:19,529] [INFO] ENTER: 'MASPromptGenerator' calling 'claim_negation'; CURRENT SPEAKER: grok-3_mas_rag, DIALOGUE TURN NUM = 20.
[2025-10-30 14:20:19,530] [INFO] ENTER: 'DialogueMoveGenerator' calling 'generate'; CURRENT SPEAKER: grok-3_mas_rag, DIALOGUE TURN NUM = 20.
[2025-10-30 14:20:19,530] [INFO] EXIT: 'MASPromptGenerator' calling 'claim' (0.00016617774963378906 secs).
[2025-10-30 14:20:19,530] [INFO] EXIT: 'MASPromptGenerator' calling 'claim_negation' (0.0001437664031982422 secs).
[2025-10-30 14:20:19,530] [INFO] ENTER: 'MASPromptGenerator' calling 'concede_claim'; CURRENT SPEAKER: grok-3_mas_rag, DIALOGUE TURN NUM = 20.
[2025-10-30 14:20:19,530] [INFO] ENTER: 'DialogueMoveGenerator' calling 'generate'; CURRENT SPEAKER: grok-3_mas_rag, DIALOGUE TURN NUM = 20.
[2025-10-30 14:20:19,531] [INFO] ENTER: 'DialogueMoveGenerator' calling 'generate'; CURRENT SPEAKER: grok-3_mas_rag, DIALOGUE TURN NUM = 20.
[2025-10-30 14:20:19,531] [INFO] ENTER: 'DialogueMoveGenerator' calling 'generate'; CURRENT SPEAKER: grok-3_mas_rag, DIALOGUE TURN NUM = 20.
[2025-10-30 14:20:19,532] [INFO] EXIT: 'MASPromptGenerator' calling 'concede_claim' (4.9591064453125e-05 secs).
[2025-10-30 14:20:19,532] [INFO] ENTER: 'MASPromptGenerator' calling 'question_claim'; CURRENT SPEAKER: grok-3_mas_rag, DIALOGUE TURN NUM = 20.
[2025-10-30 14:20:19,532] [INFO] ENTER: 'DialogueMoveGenerator' calling 'generate'; CURRENT SPEAKER: grok-3_mas_rag, DIALOGUE TURN NUM = 20.
[2025-10-30 14:20:19,533] [INFO] ENTER: 'MASPromptGenerator' calling 'retract_claim'; CURRENT SPEAKER: grok-3_mas_rag, DIALOGUE TURN NUM = 20.
[2025-10-30 14:20:19,534] [INFO] ENTER: 'MASPromptGenerator' calling 'since_claim'; CURRENT SPEAKER: grok-3_mas_rag, DIALOGUE TURN NUM = 20.
[2025-10-30 14:20:19,534] [INFO] EXIT: 'MASPromptGenerator' calling 'question_claim' (4.57763671875e-05 secs).
[2025-10-30 14:20:19,535] [INFO] ENTER: 'MASPromptGenerator' calling 'why_claim'; CURRENT SPEAKER: grok-3_mas_rag, DIALOGUE TURN NUM = 20.
[2025-10-30 14:20:19,535] [INFO] EXIT: 'MASPromptGenerator' calling 'retract_claim' (4.029273986816406e-05 secs).
[2025-10-30 14:20:19,535] [INFO] EXIT: 'MASPromptGenerator' calling 'since_claim' (0.0001308917999267578 secs).
[2025-10-30 14:20:19,535] [INFO] EXIT: 'MASPromptGenerator' calling 'why_claim' (0.0001742839813232422 secs).
[2025-10-30 14:20:25,055] [INFO] Completion returned and validated from MODEL = 'grok-3'.
[2025-10-30 14:20:25,737] [INFO] Completion returned and validated from MODEL = 'grok-3'.
[2025-10-30 14:20:26,085] [INFO] Completion returned and validated from MODEL = 'grok-3'.
[2025-10-30 14:20:26,757] [INFO] Completion returned and validated from MODEL = 'grok-3'.
[2025-10-30 14:20:27,081] [INFO] Completion returned and validated from MODEL = 'grok-3'.
[2025-10-30 14:20:27,494] [INFO] Completion returned and validated from MODEL = 'grok-3'.
[2025-10-30 14:20:27,497] [INFO] Completion returned and validated from MODEL = 'grok-3'.
[2025-10-30 14:20:30,891] [INFO] Completion returned and validated from MODEL = 'grok-3'.
[2025-10-30 14:20:30,891] [INFO] EXIT: 'DialogueMoveGenerator' calling 'generate' (11.358397006988525 secs).
[2025-10-30 14:20:31,457] [INFO] Completion returned and validated from MODEL = 'grok-3'.
[2025-10-30 14:20:31,457] [INFO] EXIT: 'DialogueMoveGenerator' calling 'generate' (11.927106142044067 secs).
[2025-10-30 14:20:32,537] [INFO] Completion returned and validated from MODEL = 'grok-3'.
[2025-10-30 14:20:32,537] [INFO] EXIT: 'DialogueMoveGenerator' calling 'generate' (13.008227586746216 secs).
[2025-10-30 14:20:33,883] [INFO] Completion returned and validated from MODEL = 'grok-3'.
[2025-10-30 14:20:33,884] [INFO] EXIT: 'DialogueMoveGenerator' calling 'generate' (14.351329326629639 secs).
[2025-10-30 14:20:34,195] [INFO] Completion returned and validated from MODEL = 'grok-3'.
[2025-10-30 14:20:34,196] [INFO] EXIT: 'DialogueMoveGenerator' calling 'generate' (14.660963296890259 secs).
[2025-10-30 14:20:34,478] [INFO] Completion returned and validated from MODEL = 'grok-3'.
[2025-10-30 14:20:34,478] [INFO] EXIT: 'DialogueMoveGenerator' calling 'generate' (14.944629430770874 secs).
[2025-10-30 14:20:34,621] [INFO] Completion returned and validated from MODEL = 'grok-3'.
[2025-10-30 14:20:34,621] [INFO] EXIT: 'DialogueMoveGenerator' calling 'generate' (15.091565608978271 secs).
[2025-10-30 14:20:34,622] [INFO] ENTER: 'MASPromptGenerator' calling 'persuasiveness_choice'; CURRENT SPEAKER: grok-3_mas_rag, DIALOGUE TURN NUM = 20.
[2025-10-30 14:20:34,622] [INFO] EXIT: 'MASPromptGenerator' calling 'persuasiveness_choice' (0.00018715858459472656 secs).
[2025-10-30 14:20:40,913] [INFO] Completion returned and validated within 'PersuasivenessChoiceAgent'; MODEL = 'grok-3'; DIALOGUE TURN NUM = 20.
[2025-10-30 14:20:43,862] [INFO] Completion returned and validated within 'PersuasivenessChoiceAgent'; MODEL = 'grok-3'; DIALOGUE TURN NUM = 20.
[2025-10-30 14:20:47,482] [INFO] Completion returned and validated within 'PersuasivenessChoiceAgent'; MODEL = 'grok-3'; DIALOGUE TURN NUM = 20.
[2025-10-30 14:20:53,801] [INFO] Completion returned and validated within 'PersuasivenessChoiceAgent'; MODEL = 'grok-3'; DIALOGUE TURN NUM = 20.
[2025-10-30 14:20:53,801] [INFO] ENTER: 'DisambiguationAgent' calling '_grouping_similar_utterance_types'; CURRENT SPEAKER: grok-3_mas_rag, DIALOGUE TURN NUM = 20.
[2025-10-30 14:20:53,801] [INFO] EXIT: 'DisambiguationAgent' calling '_grouping_similar_utterance_types' (7.62939453125e-06 secs).
[2025-10-30 14:20:53,801] [INFO] ENTER: 'DisambiguationAgent' calling '_identifying_similar_sentences_and_choosing_one_to_return_to_user'; CURRENT SPEAKER: grok-3_mas_rag, DIALOGUE TURN NUM = 20.
[2025-10-30 14:21:09,754] [INFO] 'DisambiguationAgent' grouped similar sentences, completion returned and validated; MODEL = 'grok-3'.
[2025-10-30 14:21:11,444] [INFO] 'DisambiguationAgent' chose sentences to remove, completion returned and validated from MODEL = 'grok-3'.
[2025-10-30 14:21:13,442] [INFO] 'DisambiguationAgent' chose sentences to remove, completion returned and validated from MODEL = 'grok-3'.
[2025-10-30 14:21:16,499] [INFO] 'DisambiguationAgent' chose sentences to remove, completion returned and validated from MODEL = 'grok-3'.
[2025-10-30 14:21:18,093] [INFO] 'DisambiguationAgent' chose sentences to remove, completion returned and validated from MODEL = 'grok-3'.
[2025-10-30 14:21:19,642] [INFO] 'DisambiguationAgent' chose sentences to remove, completion returned and validated from MODEL = 'grok-3'.
[2025-10-30 14:21:19,642] [INFO] EXIT: 'DisambiguationAgent' calling '_identifying_similar_sentences_and_choosing_one_to_return_to_user' (25.840856552124023 secs).
[2025-10-30 14:21:19,642] [INFO] ENTER: 'DisambiguationAgent' calling '_removing_repetitive_sentences'; CURRENT SPEAKER: grok-3_mas_rag, DIALOGUE TURN NUM = 20.
[2025-10-30 14:21:19,642] [INFO] EXIT: 'DisambiguationAgent' calling '_removing_repetitive_sentences' (1.4066696166992188e-05 secs).
[2025-10-30 14:21:19,642] [INFO] ENTER: 'DisambiguationAgent' calling 'return_disambiguated_sentences'; CURRENT SPEAKER: grok-3_mas_rag, DIALOGUE TURN NUM = 20.
[2025-10-30 14:21:19,642] [INFO] EXIT: 'DisambiguationAgent' calling 'return_disambiguated_sentences' (2.6226043701171875e-06 secs).
[2025-10-30 14:21:19,643] [ERROR] Wrong state used; State of type HumanState; error message: dict has unexpected extra key(s): "graph_rag_examples", "intermediate_generations", "knowledge_base_ensemble_or_model_name", "model_seed", "model_temp", "model_top_p", "number_of_graph_rag_examples", "number_of_vector_based_rag_examples", "political_position_prob_of_na", "political_position_range", "political_position_std", "speaker_model_name", "speaker_type", "vector_based_persona_string", "vector_based_persona_sys_prompt"
[2025-10-30 14:21:19,643] [INFO] Correct state used; State of type GenerationAgentsState; 'IGNORE THE ABOVE ERRORS'.
[2025-10-30 14:21:20,385] [INFO] 'commitment_update' completed '___Claim___' update for current speaker's commitments; MODEL = 'grok-3'.
[2025-10-30 14:21:21,043] [INFO] 'commitment_update' completed '___Claim___' update for current speaker's commitments; MODEL = 'grok-3'.
[2025-10-30 14:21:21,910] [INFO] 'commitment_update' completed '___Since___' update; MODEL = 'grok-3'.
[2025-10-30 14:21:22,643] [INFO] 'commitment_update' completed '___Claim___' update for current speaker's commitments; MODEL = 'grok-3'.
[2025-10-30 14:21:23,534] [INFO] 'commitment_update' completed '___Since___' update; MODEL = 'grok-3'.
[2025-10-30 14:21:23,655] [ERROR] Wrong state used; State of type HumanState; error message: dict has unexpected extra key(s): "graph_rag_examples", "intermediate_generations", "knowledge_base_ensemble_or_model_name", "model_seed", "model_temp", "model_top_p", "number_of_graph_rag_examples", "number_of_vector_based_rag_examples", "political_position_prob_of_na", "political_position_range", "political_position_std", "speaker_model_name", "speaker_type", "vector_based_persona_string", "vector_based_persona_sys_prompt"
[2025-10-30 14:21:23,655] [INFO] Correct state used; State of type GenerationAgentsState; 'IGNORE THE ABOVE ERRORS'.
[2025-10-30 14:21:23,655] [INFO] ENTER: 'UtteranceClassificationAgent' calling '_classify_sentence_utterance_types'; CURRENT SPEAKER: grok-4_mas, DIALOGUE TURN NUM = 21.
[2025-10-30 14:21:24,246] [INFO] 'UtteranceClassificationAgent' completion returned and validated from MODEL = 'ModelName.GROK_4'.
[2025-10-30 14:21:24,882] [INFO] 'UtteranceClassificationAgent' completion returned and validated from MODEL = 'ModelName.GROK_4'.
[2025-10-30 14:21:25,412] [INFO] 'UtteranceClassificationAgent' completion returned and validated from MODEL = 'ModelName.GROK_4'.
[2025-10-30 14:21:25,944] [INFO] 'UtteranceClassificationAgent' completion returned and validated from MODEL = 'ModelName.GROK_4'.
[2025-10-30 14:21:26,558] [INFO] 'UtteranceClassificationAgent' completion returned and validated from MODEL = 'ModelName.GROK_4'.
[2025-10-30 14:21:26,558] [INFO] EXIT: 'UtteranceClassificationAgent' calling '_classify_sentence_utterance_types' (2.902290105819702 secs).
[2025-10-30 14:21:26,558] [INFO] ENTER: 'UtteranceClassificationAgent' calling 'return_classified_sentences'; CURRENT SPEAKER: grok-4_mas, DIALOGUE TURN NUM = 21.
[2025-10-30 14:21:26,558] [INFO] EXIT: 'UtteranceClassificationAgent' calling 'return_classified_sentences' (1.9073486328125e-06 secs).
[2025-10-30 14:21:26,560] [INFO] ENTER: 'DialogueMoveGenerator' calling 'generate'; CURRENT SPEAKER: grok-4_mas, DIALOGUE TURN NUM = 21.
[2025-10-30 14:21:26,560] [INFO] ENTER: 'DialogueMoveGenerator' calling 'generate'; CURRENT SPEAKER: grok-4_mas, DIALOGUE TURN NUM = 21.
[2025-10-30 14:21:26,560] [INFO] ENTER: 'MASPromptGenerator' calling 'claim_negation'; CURRENT SPEAKER: grok-4_mas, DIALOGUE TURN NUM = 21.
[2025-10-30 14:21:26,561] [INFO] ENTER: 'MASPromptGenerator' calling 'concede_claim'; CURRENT SPEAKER: grok-4_mas, DIALOGUE TURN NUM = 21.
[2025-10-30 14:21:26,562] [INFO] ENTER: 'DialogueMoveGenerator' calling 'generate'; CURRENT SPEAKER: grok-4_mas, DIALOGUE TURN NUM = 21.
[2025-10-30 14:21:26,562] [INFO] ENTER: 'DialogueMoveGenerator' calling 'generate'; CURRENT SPEAKER: grok-4_mas, DIALOGUE TURN NUM = 21.
[2025-10-30 14:21:26,563] [INFO] EXIT: 'MASPromptGenerator' calling 'claim_negation' (0.0001392364501953125 secs).
[2025-10-30 14:21:26,563] [INFO] EXIT: 'MASPromptGenerator' calling 'concede_claim' (0.0001246929168701172 secs).
[2025-10-30 14:21:26,564] [INFO] ENTER: 'MASPromptGenerator' calling 'question_claim'; CURRENT SPEAKER: grok-4_mas, DIALOGUE TURN NUM = 21.
[2025-10-30 14:21:26,564] [INFO] ENTER: 'MASPromptGenerator' calling 'why_claim'; CURRENT SPEAKER: grok-4_mas, DIALOGUE TURN NUM = 21.
[2025-10-30 14:21:26,565] [INFO] EXIT: 'MASPromptGenerator' calling 'question_claim' (4.57763671875e-05 secs).
[2025-10-30 14:21:26,565] [INFO] EXIT: 'MASPromptGenerator' calling 'why_claim' (0.00010371208190917969 secs).
[2025-10-30 14:21:27,916] [INFO] Completion returned and validated from MODEL = 'grok-4'.
[2025-10-30 14:21:27,923] [INFO] Completion returned and validated from MODEL = 'grok-4'.
[2025-10-30 14:21:27,955] [INFO] Completion returned and validated from MODEL = 'grok-4'.
[2025-10-30 14:21:28,008] [INFO] Completion returned and validated from MODEL = 'grok-4'.
[2025-10-30 14:21:29,370] [INFO] Completion returned and validated from MODEL = 'grok-4'.
[2025-10-30 14:21:29,417] [INFO] Completion returned and validated from MODEL = 'grok-4'.
[2025-10-30 14:21:29,440] [INFO] Completion returned and validated from MODEL = 'grok-4'.
[2025-10-30 14:21:29,456] [INFO] Completion returned and validated from MODEL = 'grok-4'.
[2025-10-30 14:21:30,772] [INFO] Completion returned and validated from MODEL = 'grok-4'.
[2025-10-30 14:21:30,772] [INFO] EXIT: 'DialogueMoveGenerator' calling 'generate' (4.2120091915130615 secs).
[2025-10-30 14:21:30,823] [INFO] Completion returned and validated from MODEL = 'grok-4'.
[2025-10-30 14:21:30,834] [INFO] Completion returned and validated from MODEL = 'grok-4'.
[2025-10-30 14:21:30,855] [INFO] Completion returned and validated from MODEL = 'grok-4'.
[2025-10-30 14:21:31,936] [INFO] Completion returned and validated from MODEL = 'grok-4'.
[2025-10-30 14:21:32,384] [INFO] Completion returned and validated from MODEL = 'grok-4'.
[2025-10-30 14:21:32,449] [INFO] Completion returned and validated from MODEL = 'grok-4'.
[2025-10-30 14:21:33,269] [INFO] Completion returned and validated from MODEL = 'grok-4'.
[2025-10-30 14:21:33,269] [INFO] EXIT: 'DialogueMoveGenerator' calling 'generate' (6.708500385284424 secs).
[2025-10-30 14:21:33,811] [INFO] Completion returned and validated from MODEL = 'grok-4'.
[2025-10-30 14:21:33,811] [INFO] EXIT: 'DialogueMoveGenerator' calling 'generate' (7.247265338897705 secs).
[2025-10-30 14:21:33,848] [INFO] Completion returned and validated from MODEL = 'grok-4'.
[2025-10-30 14:21:33,848] [INFO] EXIT: 'DialogueMoveGenerator' calling 'generate' (7.284085512161255 secs).
[2025-10-30 14:21:33,849] [INFO] ENTER: 'MASPromptGenerator' calling 'persuasiveness_choice'; CURRENT SPEAKER: grok-4_mas, DIALOGUE TURN NUM = 21.
[2025-10-30 14:21:33,850] [INFO] EXIT: 'MASPromptGenerator' calling 'persuasiveness_choice' (0.0002315044403076172 secs).
[2025-10-30 14:21:35,156] [INFO] Completion returned and validated within 'PersuasivenessChoiceAgent'; MODEL = 'grok-4'; DIALOGUE TURN NUM = 21.
[2025-10-30 14:21:36,819] [INFO] Completion returned and validated within 'PersuasivenessChoiceAgent'; MODEL = 'grok-4'; DIALOGUE TURN NUM = 21.
[2025-10-30 14:21:38,281] [INFO] Completion returned and validated within 'PersuasivenessChoiceAgent'; MODEL = 'grok-4'; DIALOGUE TURN NUM = 21.
[2025-10-30 14:21:39,859] [INFO] Completion returned and validated within 'PersuasivenessChoiceAgent'; MODEL = 'grok-4'; DIALOGUE TURN NUM = 21.
[2025-10-30 14:21:41,403] [INFO] Completion returned and validated within 'PersuasivenessChoiceAgent'; MODEL = 'grok-4'; DIALOGUE TURN NUM = 21.
[2025-10-30 14:21:41,403] [INFO] ENTER: 'DisambiguationAgent' calling '_grouping_similar_utterance_types'; CURRENT SPEAKER: grok-4_mas, DIALOGUE TURN NUM = 21.
[2025-10-30 14:21:41,404] [INFO] EXIT: 'DisambiguationAgent' calling '_grouping_similar_utterance_types' (9.5367431640625e-06 secs).
[2025-10-30 14:21:41,404] [INFO] ENTER: 'DisambiguationAgent' calling '_identifying_similar_sentences_and_choosing_one_to_return_to_user'; CURRENT SPEAKER: grok-4_mas, DIALOGUE TURN NUM = 21.
[2025-10-30 14:21:43,062] [INFO] 'DisambiguationAgent' grouped similar sentences, completion returned and validated; MODEL = 'grok-4'.
[2025-10-30 14:21:43,844] [INFO] 'DisambiguationAgent' chose sentences to remove, completion returned and validated from MODEL = 'grok-4'.
[2025-10-30 14:21:44,571] [INFO] 'DisambiguationAgent' chose sentences to remove, completion returned and validated from MODEL = 'grok-4'.
[2025-10-30 14:21:44,571] [INFO] EXIT: 'DisambiguationAgent' calling '_identifying_similar_sentences_and_choosing_one_to_return_to_user' (3.167421817779541 secs).
[2025-10-30 14:21:44,571] [INFO] ENTER: 'DisambiguationAgent' calling '_identifying_similar_sentences_and_choosing_one_to_return_to_user'; CURRENT SPEAKER: grok-4_mas, DIALOGUE TURN NUM = 21.
[2025-10-30 14:21:45,951] [INFO] 'DisambiguationAgent' grouped similar sentences, completion returned and validated; MODEL = 'grok-4'.
[2025-10-30 14:21:46,676] [INFO] 'DisambiguationAgent' chose sentences to remove, completion returned and validated from MODEL = 'grok-4'.
[2025-10-30 14:21:47,399] [INFO] 'DisambiguationAgent' chose sentences to remove, completion returned and validated from MODEL = 'grok-4'.
[2025-10-30 14:21:47,399] [INFO] EXIT: 'DisambiguationAgent' calling '_identifying_similar_sentences_and_choosing_one_to_return_to_user' (2.828427314758301 secs).
[2025-10-30 14:21:47,400] [INFO] ENTER: 'DisambiguationAgent' calling '_removing_repetitive_sentences'; CURRENT SPEAKER: grok-4_mas, DIALOGUE TURN NUM = 21.
[2025-10-30 14:21:47,400] [INFO] EXIT: 'DisambiguationAgent' calling '_removing_repetitive_sentences' (1.4781951904296875e-05 secs).
[2025-10-30 14:21:47,400] [INFO] ENTER: 'DisambiguationAgent' calling '_choose_the_most_persuasive_sentences'; CURRENT SPEAKER: grok-4_mas, DIALOGUE TURN NUM = 21.
[2025-10-30 14:21:49,119] [INFO] 'DisambiguationAgent': reached maximum allowed sentences, succussfully chose most persuasive sentences, completion returned and validated from MODEL = 'grok-4'.
[2025-10-30 14:21:49,119] [INFO] EXIT: 'DisambiguationAgent' calling '_choose_the_most_persuasive_sentences' (1.7194154262542725 secs).
[2025-10-30 14:21:49,119] [INFO] ENTER: 'DisambiguationAgent' calling 'return_disambiguated_sentences'; CURRENT SPEAKER: grok-4_mas, DIALOGUE TURN NUM = 21.
[2025-10-30 14:21:49,119] [INFO] EXIT: 'DisambiguationAgent' calling 'return_disambiguated_sentences' (2.86102294921875e-06 secs).
[2025-10-30 14:21:49,120] [ERROR] Wrong state used; State of type HumanState; error message: dict has unexpected extra key(s): "graph_rag_examples", "intermediate_generations", "knowledge_base_ensemble_or_model_name", "model_seed", "model_temp", "model_top_p", "number_of_graph_rag_examples", "number_of_vector_based_rag_examples", "political_position_prob_of_na", "political_position_range", "political_position_std", "speaker_model_name", "speaker_type", "vector_based_persona_string", "vector_based_persona_sys_prompt"
[2025-10-30 14:21:49,120] [INFO] Correct state used; State of type GenerationAgentsState; 'IGNORE THE ABOVE ERRORS'.
[2025-10-30 14:21:49,672] [INFO] 'commitment_update' completed '___Claim___' update for current speaker's commitments; MODEL = 'grok-4'.
[2025-10-30 14:21:49,753] [ERROR] Wrong state used; State of type HumanState; error message: dict has unexpected extra key(s): "graph_rag_examples", "intermediate_generations", "knowledge_base_ensemble_or_model_name", "model_seed", "model_temp", "model_top_p", "number_of_graph_rag_examples", "number_of_vector_based_rag_examples", "political_position_prob_of_na", "political_position_range", "political_position_std", "speaker_model_name", "speaker_type", "vector_based_persona_string", "vector_based_persona_sys_prompt"
[2025-10-30 14:21:49,753] [INFO] Correct state used; State of type GenerationAgentsState; 'IGNORE THE ABOVE ERRORS'.
[2025-10-30 14:21:49,753] [INFO] ENTER: 'UtteranceClassificationAgent' calling '_classify_sentence_utterance_types'; CURRENT SPEAKER: grok-3_mas_rag, DIALOGUE TURN NUM = 22.
[2025-10-30 14:21:50,701] [INFO] 'UtteranceClassificationAgent' completion returned and validated from MODEL = 'ModelName.GROK_3'.
[2025-10-30 14:21:51,514] [INFO] 'UtteranceClassificationAgent' completion returned and validated from MODEL = 'ModelName.GROK_3'.
[2025-10-30 14:21:52,342] [INFO] 'UtteranceClassificationAgent' completion returned and validated from MODEL = 'ModelName.GROK_3'.
[2025-10-30 14:21:53,069] [INFO] 'UtteranceClassificationAgent' completion returned and validated from MODEL = 'ModelName.GROK_3'.
[2025-10-30 14:21:53,805] [INFO] 'UtteranceClassificationAgent' completion returned and validated from MODEL = 'ModelName.GROK_3'.
[2025-10-30 14:21:53,805] [INFO] EXIT: 'UtteranceClassificationAgent' calling '_classify_sentence_utterance_types' (4.0521955490112305 secs).
[2025-10-30 14:21:53,805] [INFO] ENTER: 'UtteranceClassificationAgent' calling 'return_classified_sentences'; CURRENT SPEAKER: grok-3_mas_rag, DIALOGUE TURN NUM = 22.
[2025-10-30 14:21:53,805] [INFO] EXIT: 'UtteranceClassificationAgent' calling 'return_classified_sentences' (1.430511474609375e-06 secs).
[2025-10-30 14:21:53,826] [INFO] ENTER: 'GraphRAG' calling 'since'; CURRENT SPEAKER: grok-3_mas_rag, DIALOGUE TURN NUM = 22.
[2025-10-30 14:21:53,827] [INFO] ENTER: 'GraphRAG' calling 'query_graph'; CURRENT SPEAKER: grok-3_mas_rag, DIALOGUE TURN NUM = 22.
[2025-10-30 14:21:53,849] [INFO] EXIT: 'GraphRAG' calling 'query_graph' (0.02222895622253418 secs).
[2025-10-30 14:21:53,849] [INFO] EXIT: 'GraphRAG' calling 'since' (0.022570371627807617 secs).
[2025-10-30 14:21:53,849] [INFO] ENTER: 'GraphRAG' calling 'claim'; CURRENT SPEAKER: grok-3_mas_rag, DIALOGUE TURN NUM = 22.
[2025-10-30 14:21:53,849] [INFO] ENTER: 'GraphRAG' calling 'query_graph'; CURRENT SPEAKER: grok-3_mas_rag, DIALOGUE TURN NUM = 22.
[2025-10-30 14:21:53,868] [INFO] EXIT: 'GraphRAG' calling 'query_graph' (0.018623828887939453 secs).
[2025-10-30 14:21:53,868] [INFO] EXIT: 'GraphRAG' calling 'claim' (0.018979787826538086 secs).
[2025-10-30 14:21:53,885] [INFO] ENTER: 'GraphRAG' calling 'since'; CURRENT SPEAKER: grok-3_mas_rag, DIALOGUE TURN NUM = 22.
[2025-10-30 14:21:53,886] [INFO] ENTER: 'GraphRAG' calling 'query_graph'; CURRENT SPEAKER: grok-3_mas_rag, DIALOGUE TURN NUM = 22.
[2025-10-30 14:21:53,908] [INFO] EXIT: 'GraphRAG' calling 'query_graph' (0.022212982177734375 secs).
[2025-10-30 14:21:53,908] [INFO] EXIT: 'GraphRAG' calling 'since' (0.022553682327270508 secs).
[2025-10-30 14:21:53,908] [INFO] ENTER: 'GraphRAG' calling 'claim'; CURRENT SPEAKER: grok-3_mas_rag, DIALOGUE TURN NUM = 22.
[2025-10-30 14:21:53,908] [INFO] ENTER: 'GraphRAG' calling 'query_graph'; CURRENT SPEAKER: grok-3_mas_rag, DIALOGUE TURN NUM = 22.
[2025-10-30 14:21:53,927] [INFO] EXIT: 'GraphRAG' calling 'query_graph' (0.01849532127380371 secs).
[2025-10-30 14:21:53,927] [INFO] EXIT: 'GraphRAG' calling 'claim' (0.01883387565612793 secs).
[2025-10-30 14:21:53,944] [INFO] ENTER: 'GraphRAG' calling 'why'; CURRENT SPEAKER: grok-3_mas_rag, DIALOGUE TURN NUM = 22.
[2025-10-30 14:21:53,944] [INFO] ENTER: 'GraphRAG' calling 'query_graph'; CURRENT SPEAKER: grok-3_mas_rag, DIALOGUE TURN NUM = 22.
[2025-10-30 14:21:54,663] [INFO] EXIT: 'GraphRAG' calling 'query_graph' (0.7186520099639893 secs).
[2025-10-30 14:21:54,663] [INFO] EXIT: 'GraphRAG' calling 'why' (0.7190878391265869 secs).
[2025-10-30 14:21:54,663] [INFO] ENTER: 'GraphRAG' calling 'claim_negation'; CURRENT SPEAKER: grok-3_mas_rag, DIALOGUE TURN NUM = 22.
[2025-10-30 14:21:54,664] [INFO] ENTER: 'GraphRAG' calling 'query_graph'; CURRENT SPEAKER: grok-3_mas_rag, DIALOGUE TURN NUM = 22.
[2025-10-30 14:21:55,356] [INFO] EXIT: 'GraphRAG' calling 'query_graph' (0.6923072338104248 secs).
[2025-10-30 14:21:55,356] [INFO] EXIT: 'GraphRAG' calling 'claim_negation' (0.6927769184112549 secs).
[2025-10-30 14:21:55,356] [INFO] ENTER: 'GraphRAG' calling 'concede'; CURRENT SPEAKER: grok-3_mas_rag, DIALOGUE TURN NUM = 22.
[2025-10-30 14:21:55,356] [INFO] ENTER: 'GraphRAG' calling 'query_graph'; CURRENT SPEAKER: grok-3_mas_rag, DIALOGUE TURN NUM = 22.
[2025-10-30 14:21:56,075] [INFO] EXIT: 'GraphRAG' calling 'query_graph' (0.718782901763916 secs).
[2025-10-30 14:21:56,075] [INFO] EXIT: 'GraphRAG' calling 'concede' (0.7193524837493896 secs).
[2025-10-30 14:21:56,075] [INFO] ENTER: 'GraphRAG' calling 'question'; CURRENT SPEAKER: grok-3_mas_rag, DIALOGUE TURN NUM = 22.
[2025-10-30 14:21:56,076] [INFO] ENTER: 'GraphRAG' calling 'query_graph'; CURRENT SPEAKER: grok-3_mas_rag, DIALOGUE TURN NUM = 22.
[2025-10-30 14:21:56,206] [INFO] EXIT: 'GraphRAG' calling 'query_graph' (0.1306138038635254 secs).
[2025-10-30 14:21:56,207] [INFO] EXIT: 'GraphRAG' calling 'question' (0.13101530075073242 secs).
[2025-10-30 14:21:56,224] [INFO] ENTER: 'GraphRAG' calling 'why'; CURRENT SPEAKER: grok-3_mas_rag, DIALOGUE TURN NUM = 22.
[2025-10-30 14:21:56,225] [INFO] ENTER: 'GraphRAG' calling 'query_graph'; CURRENT SPEAKER: grok-3_mas_rag, DIALOGUE TURN NUM = 22.
[2025-10-30 14:21:56,944] [INFO] EXIT: 'GraphRAG' calling 'query_graph' (0.719149112701416 secs).
[2025-10-30 14:21:56,944] [INFO] EXIT: 'GraphRAG' calling 'why' (0.7195441722869873 secs).
[2025-10-30 14:21:56,944] [INFO] ENTER: 'GraphRAG' calling 'claim_negation'; CURRENT SPEAKER: grok-3_mas_rag, DIALOGUE TURN NUM = 22.
[2025-10-30 14:21:56,944] [INFO] ENTER: 'GraphRAG' calling 'query_graph'; CURRENT SPEAKER: grok-3_mas_rag, DIALOGUE TURN NUM = 22.
[2025-10-30 14:21:57,637] [INFO] EXIT: 'GraphRAG' calling 'query_graph' (0.6928281784057617 secs).
[2025-10-30 14:21:57,637] [INFO] EXIT: 'GraphRAG' calling 'claim_negation' (0.6933233737945557 secs).
[2025-10-30 14:21:57,637] [INFO] ENTER: 'GraphRAG' calling 'concede'; CURRENT SPEAKER: grok-3_mas_rag, DIALOGUE TURN NUM = 22.
[2025-10-30 14:21:57,638] [INFO] ENTER: 'GraphRAG' calling 'query_graph'; CURRENT SPEAKER: grok-3_mas_rag, DIALOGUE TURN NUM = 22.
[2025-10-30 14:21:58,356] [INFO] EXIT: 'GraphRAG' calling 'query_graph' (0.7182137966156006 secs).
[2025-10-30 14:21:58,356] [INFO] EXIT: 'GraphRAG' calling 'concede' (0.7186641693115234 secs).
[2025-10-30 14:21:58,356] [INFO] ENTER: 'GraphRAG' calling 'question'; CURRENT SPEAKER: grok-3_mas_rag, DIALOGUE TURN NUM = 22.
[2025-10-30 14:21:58,357] [INFO] ENTER: 'GraphRAG' calling 'query_graph'; CURRENT SPEAKER: grok-3_mas_rag, DIALOGUE TURN NUM = 22.
[2025-10-30 14:21:58,489] [INFO] EXIT: 'GraphRAG' calling 'query_graph' (0.1328563690185547 secs).
[2025-10-30 14:21:58,490] [INFO] EXIT: 'GraphRAG' calling 'question' (0.13332533836364746 secs).
[2025-10-30 14:21:58,508] [INFO] ENTER: 'GraphRAG' calling 'why'; CURRENT SPEAKER: grok-3_mas_rag, DIALOGUE TURN NUM = 22.
[2025-10-30 14:21:58,508] [INFO] ENTER: 'GraphRAG' calling 'query_graph'; CURRENT SPEAKER: grok-3_mas_rag, DIALOGUE TURN NUM = 22.
[2025-10-30 14:21:59,227] [INFO] EXIT: 'GraphRAG' calling 'query_graph' (0.7192001342773438 secs).
[2025-10-30 14:21:59,228] [INFO] EXIT: 'GraphRAG' calling 'why' (0.7195906639099121 secs).
[2025-10-30 14:21:59,228] [INFO] ENTER: 'GraphRAG' calling 'claim_negation'; CURRENT SPEAKER: grok-3_mas_rag, DIALOGUE TURN NUM = 22.
[2025-10-30 14:21:59,228] [INFO] ENTER: 'GraphRAG' calling 'query_graph'; CURRENT SPEAKER: grok-3_mas_rag, DIALOGUE TURN NUM = 22.
[2025-10-30 14:21:59,919] [INFO] EXIT: 'GraphRAG' calling 'query_graph' (0.6908164024353027 secs).
[2025-10-30 14:21:59,919] [INFO] EXIT: 'GraphRAG' calling 'claim_negation' (0.6912424564361572 secs).
[2025-10-30 14:21:59,919] [INFO] ENTER: 'GraphRAG' calling 'concede'; CURRENT SPEAKER: grok-3_mas_rag, DIALOGUE TURN NUM = 22.
[2025-10-30 14:21:59,919] [INFO] ENTER: 'GraphRAG' calling 'query_graph'; CURRENT SPEAKER: grok-3_mas_rag, DIALOGUE TURN NUM = 22.
[2025-10-30 14:22:00,638] [INFO] EXIT: 'GraphRAG' calling 'query_graph' (0.7190523147583008 secs).
[2025-10-30 14:22:00,638] [INFO] EXIT: 'GraphRAG' calling 'concede' (0.7195074558258057 secs).
[2025-10-30 14:22:00,638] [INFO] ENTER: 'GraphRAG' calling 'question'; CURRENT SPEAKER: grok-3_mas_rag, DIALOGUE TURN NUM = 22.
[2025-10-30 14:22:00,639] [INFO] ENTER: 'GraphRAG' calling 'query_graph'; CURRENT SPEAKER: grok-3_mas_rag, DIALOGUE TURN NUM = 22.
[2025-10-30 14:22:00,771] [INFO] EXIT: 'GraphRAG' calling 'query_graph' (0.13266348838806152 secs).
[2025-10-30 14:22:00,772] [INFO] EXIT: 'GraphRAG' calling 'question' (0.13310551643371582 secs).
[2025-10-30 14:22:00,772] [INFO] ENTER: 'GraphRAG' calling 'return_rag_examples'; CURRENT SPEAKER: grok-3_mas_rag, DIALOGUE TURN NUM = 22.
[2025-10-30 14:22:00,772] [INFO] EXIT: 'GraphRAG' calling 'return_rag_examples' (1.9073486328125e-06 secs).
[2025-10-30 14:22:00,774] [INFO] ENTER: 'DialogueMoveGenerator' calling 'generate'; CURRENT SPEAKER: grok-3_mas_rag, DIALOGUE TURN NUM = 22.
[2025-10-30 14:22:00,775] [INFO] ENTER: 'DialogueMoveGenerator' calling 'generate'; CURRENT SPEAKER: grok-3_mas_rag, DIALOGUE TURN NUM = 22.
[2025-10-30 14:22:00,775] [INFO] ENTER: 'DialogueMoveGenerator' calling 'generate'; CURRENT SPEAKER: grok-3_mas_rag, DIALOGUE TURN NUM = 22.
[2025-10-30 14:22:00,775] [INFO] ENTER: 'MASPromptGenerator' calling 'claim'; CURRENT SPEAKER: grok-3_mas_rag, DIALOGUE TURN NUM = 22.
[2025-10-30 14:22:00,775] [INFO] ENTER: 'DialogueMoveGenerator' calling 'generate'; CURRENT SPEAKER: grok-3_mas_rag, DIALOGUE TURN NUM = 22.
[2025-10-30 14:22:00,776] [INFO] ENTER: 'MASPromptGenerator' calling 'claim_negation'; CURRENT SPEAKER: grok-3_mas_rag, DIALOGUE TURN NUM = 22.
[2025-10-30 14:22:00,776] [INFO] ENTER: 'DialogueMoveGenerator' calling 'generate'; CURRENT SPEAKER: grok-3_mas_rag, DIALOGUE TURN NUM = 22.
[2025-10-30 14:22:00,777] [INFO] ENTER: 'MASPromptGenerator' calling 'concede_claim'; CURRENT SPEAKER: grok-3_mas_rag, DIALOGUE TURN NUM = 22.
[2025-10-30 14:22:00,777] [INFO] ENTER: 'DialogueMoveGenerator' calling 'generate'; CURRENT SPEAKER: grok-3_mas_rag, DIALOGUE TURN NUM = 22.
[2025-10-30 14:22:00,777] [INFO] EXIT: 'MASPromptGenerator' calling 'claim' (0.00018405914306640625 secs).
[2025-10-30 14:22:00,777] [INFO] ENTER: 'MASPromptGenerator' calling 'question_claim'; CURRENT SPEAKER: grok-3_mas_rag, DIALOGUE TURN NUM = 22.
[2025-10-30 14:22:00,778] [INFO] ENTER: 'DialogueMoveGenerator' calling 'generate'; CURRENT SPEAKER: grok-3_mas_rag, DIALOGUE TURN NUM = 22.
[2025-10-30 14:22:00,778] [INFO] EXIT: 'MASPromptGenerator' calling 'claim_negation' (0.00018787384033203125 secs).
[2025-10-30 14:22:00,779] [INFO] ENTER: 'MASPromptGenerator' calling 'retract_claim'; CURRENT SPEAKER: grok-3_mas_rag, DIALOGUE TURN NUM = 22.
[2025-10-30 14:22:00,779] [INFO] EXIT: 'MASPromptGenerator' calling 'concede_claim' (0.0001895427703857422 secs).
[2025-10-30 14:22:00,780] [INFO] ENTER: 'MASPromptGenerator' calling 'since_claim'; CURRENT SPEAKER: grok-3_mas_rag, DIALOGUE TURN NUM = 22.
[2025-10-30 14:22:00,781] [INFO] EXIT: 'MASPromptGenerator' calling 'question_claim' (0.0001842975616455078 secs).
[2025-10-30 14:22:00,781] [INFO] ENTER: 'MASPromptGenerator' calling 'why_claim'; CURRENT SPEAKER: grok-3_mas_rag, DIALOGUE TURN NUM = 22.
[2025-10-30 14:22:00,781] [INFO] EXIT: 'MASPromptGenerator' calling 'retract_claim' (4.1961669921875e-05 secs).
[2025-10-30 14:22:00,781] [INFO] EXIT: 'MASPromptGenerator' calling 'since_claim' (5.626678466796875e-05 secs).
[2025-10-30 14:22:00,782] [INFO] EXIT: 'MASPromptGenerator' calling 'why_claim' (6.771087646484375e-05 secs).
[2025-10-30 14:22:04,853] [INFO] Completion returned and validated from MODEL = 'grok-3'.
[2025-10-30 14:22:07,260] [INFO] Completion returned and validated from MODEL = 'grok-3'.
[2025-10-30 14:22:08,355] [INFO] Completion returned and validated from MODEL = 'grok-3'.
[2025-10-30 14:22:08,465] [INFO] Completion returned and validated from MODEL = 'grok-3'.
[2025-10-30 14:22:09,038] [INFO] Completion returned and validated from MODEL = 'grok-3'.
[2025-10-30 14:22:09,097] [INFO] Completion returned and validated from MODEL = 'grok-3'.
[2025-10-30 14:22:09,142] [INFO] Completion returned and validated from MODEL = 'grok-3'.
[2025-10-30 14:22:09,572] [INFO] Completion returned and validated from MODEL = 'grok-3'.
[2025-10-30 14:22:14,798] [INFO] Completion returned and validated from MODEL = 'grok-3'.
[2025-10-30 14:22:15,037] [INFO] Completion returned and validated from MODEL = 'grok-3'.
[2025-10-30 14:22:15,594] [INFO] Completion returned and validated from MODEL = 'grok-3'.
[2025-10-30 14:22:15,594] [INFO] EXIT: 'DialogueMoveGenerator' calling 'generate' (14.81545352935791 secs).
[2025-10-30 14:22:15,955] [INFO] Completion returned and validated from MODEL = 'grok-3'.
[2025-10-30 14:22:16,128] [INFO] Completion returned and validated from MODEL = 'grok-3'.
[2025-10-30 14:22:16,128] [INFO] EXIT: 'DialogueMoveGenerator' calling 'generate' (15.352763175964355 secs).
[2025-10-30 14:22:16,289] [INFO] Completion returned and validated from MODEL = 'grok-3'.
[2025-10-30 14:22:16,289] [INFO] EXIT: 'DialogueMoveGenerator' calling 'generate' (15.51221489906311 secs).
[2025-10-30 14:22:17,651] [INFO] Completion returned and validated from MODEL = 'grok-3'.
[2025-10-30 14:22:17,652] [INFO] EXIT: 'DialogueMoveGenerator' calling 'generate' (16.87187623977661 secs).
[2025-10-30 14:22:21,099] [INFO] Completion returned and validated from MODEL = 'grok-3'.
[2025-10-30 14:22:21,099] [INFO] EXIT: 'DialogueMoveGenerator' calling 'generate' (20.321516513824463 secs).
[2025-10-30 14:22:24,399] [INFO] Completion returned and validated from MODEL = 'grok-3'.
[2025-10-30 14:22:24,399] [INFO] EXIT: 'DialogueMoveGenerator' calling 'generate' (23.618469715118408 secs).
[2025-10-30 14:22:25,151] [INFO] Completion returned and validated from MODEL = 'grok-3'.
[2025-10-30 14:22:25,151] [INFO] EXIT: 'DialogueMoveGenerator' calling 'generate' (24.37565302848816 secs).
[2025-10-30 14:22:25,152] [INFO] ENTER: 'MASPromptGenerator' calling 'persuasiveness_choice'; CURRENT SPEAKER: grok-3_mas_rag, DIALOGUE TURN NUM = 22.
[2025-10-30 14:22:25,153] [INFO] EXIT: 'MASPromptGenerator' calling 'persuasiveness_choice' (0.00023937225341796875 secs).
[2025-10-30 14:22:31,652] [INFO] Completion returned and validated within 'PersuasivenessChoiceAgent'; MODEL = 'grok-3'; DIALOGUE TURN NUM = 22.
[2025-10-30 14:22:37,031] [INFO] Completion returned and validated within 'PersuasivenessChoiceAgent'; MODEL = 'grok-3'; DIALOGUE TURN NUM = 22.
[2025-10-30 14:22:41,773] [INFO] Completion returned and validated within 'PersuasivenessChoiceAgent'; MODEL = 'grok-3'; DIALOGUE TURN NUM = 22.
[2025-10-30 14:22:46,260] [INFO] Completion returned and validated within 'PersuasivenessChoiceAgent'; MODEL = 'grok-3'; DIALOGUE TURN NUM = 22.
[2025-10-30 14:22:50,492] [INFO] Completion returned and validated within 'PersuasivenessChoiceAgent'; MODEL = 'grok-3'; DIALOGUE TURN NUM = 22.
[2025-10-30 14:22:50,492] [INFO] ENTER: 'DisambiguationAgent' calling '_grouping_similar_utterance_types'; CURRENT SPEAKER: grok-3_mas_rag, DIALOGUE TURN NUM = 22.
[2025-10-30 14:22:50,492] [INFO] EXIT: 'DisambiguationAgent' calling '_grouping_similar_utterance_types' (1.0967254638671875e-05 secs).
[2025-10-30 14:22:50,492] [INFO] ENTER: 'DisambiguationAgent' calling '_identifying_similar_sentences_and_choosing_one_to_return_to_user'; CURRENT SPEAKER: grok-3_mas_rag, DIALOGUE TURN NUM = 22.
[2025-10-30 14:23:11,817] [INFO] 'DisambiguationAgent' grouped similar sentences, completion returned and validated; MODEL = 'grok-3'.
[2025-10-30 14:23:13,270] [INFO] 'DisambiguationAgent' chose sentences to remove, completion returned and validated from MODEL = 'grok-3'.
[2025-10-30 14:23:15,158] [INFO] 'DisambiguationAgent' chose sentences to remove, completion returned and validated from MODEL = 'grok-3'.
[2025-10-30 14:23:16,699] [INFO] 'DisambiguationAgent' chose sentences to remove, completion returned and validated from MODEL = 'grok-3'.
[2025-10-30 14:23:16,699] [INFO] EXIT: 'DisambiguationAgent' calling '_identifying_similar_sentences_and_choosing_one_to_return_to_user' (26.206347703933716 secs).
[2025-10-30 14:23:16,699] [INFO] ENTER: 'DisambiguationAgent' calling '_identifying_similar_sentences_and_choosing_one_to_return_to_user'; CURRENT SPEAKER: grok-3_mas_rag, DIALOGUE TURN NUM = 22.
[2025-10-30 14:23:17,369] [INFO] 'DisambiguationAgent' grouped similar sentences, completion returned and validated; MODEL = 'grok-3'.
[2025-10-30 14:23:17,369] [INFO] EXIT: 'DisambiguationAgent' calling '_identifying_similar_sentences_and_choosing_one_to_return_to_user' (0.6697561740875244 secs).
[2025-10-30 14:23:17,369] [INFO] ENTER: 'DisambiguationAgent' calling '_removing_repetitive_sentences'; CURRENT SPEAKER: grok-3_mas_rag, DIALOGUE TURN NUM = 22.
[2025-10-30 14:23:17,369] [INFO] EXIT: 'DisambiguationAgent' calling '_removing_repetitive_sentences' (1.9788742065429688e-05 secs).
[2025-10-30 14:23:17,369] [INFO] ENTER: 'DisambiguationAgent' calling '_choose_the_most_persuasive_sentences'; CURRENT SPEAKER: grok-3_mas_rag, DIALOGUE TURN NUM = 22.
[2025-10-30 14:23:21,937] [INFO] 'DisambiguationAgent': reached maximum allowed sentences, succussfully chose most persuasive sentences, completion returned and validated from MODEL = 'grok-3'.
[2025-10-30 14:23:21,937] [INFO] EXIT: 'DisambiguationAgent' calling '_choose_the_most_persuasive_sentences' (4.568342685699463 secs).
[2025-10-30 14:23:21,937] [INFO] ENTER: 'DisambiguationAgent' calling 'return_disambiguated_sentences'; CURRENT SPEAKER: grok-3_mas_rag, DIALOGUE TURN NUM = 22.
[2025-10-30 14:23:21,937] [INFO] EXIT: 'DisambiguationAgent' calling 'return_disambiguated_sentences' (2.86102294921875e-06 secs).
[2025-10-30 14:23:21,938] [ERROR] Wrong state used; State of type HumanState; error message: dict has unexpected extra key(s): "graph_rag_examples", "intermediate_generations", "knowledge_base_ensemble_or_model_name", "model_seed", "model_temp", "model_top_p", "number_of_graph_rag_examples", "number_of_vector_based_rag_examples", "political_position_prob_of_na", "political_position_range", "political_position_std", "speaker_model_name", "speaker_type", "vector_based_persona_string", "vector_based_persona_sys_prompt"
[2025-10-30 14:23:21,938] [INFO] Correct state used; State of type GenerationAgentsState; 'IGNORE THE ABOVE ERRORS'.
[2025-10-30 14:23:22,694] [INFO] 'commitment_update' completed '___Claim___' update for current speaker's commitments; MODEL = 'grok-3'.
[2025-10-30 14:23:23,365] [INFO] 'commitment_update' completed '___Claim___' update for current speaker's commitments; MODEL = 'grok-3'.
[2025-10-30 14:23:24,115] [INFO] 'commitment_update' completed '___Claim___' update for current speaker's commitments; MODEL = 'grok-3'.
[2025-10-30 14:23:26,458] [INFO] 'commitment_update' completed '___Claim___' update for current speaker's commitments; MODEL = 'grok-3'.
[2025-10-30 14:23:27,225] [INFO] 'commitment_update' completed '___Claim___' update for current speaker's commitments; MODEL = 'grok-3'.
[2025-10-30 14:23:27,353] [ERROR] Wrong state used; State of type HumanState; error message: dict has unexpected extra key(s): "graph_rag_examples", "intermediate_generations", "knowledge_base_ensemble_or_model_name", "model_seed", "model_temp", "model_top_p", "number_of_graph_rag_examples", "number_of_vector_based_rag_examples", "political_position_prob_of_na", "political_position_range", "political_position_std", "speaker_model_name", "speaker_type", "vector_based_persona_string", "vector_based_persona_sys_prompt"
[2025-10-30 14:23:27,353] [INFO] Correct state used; State of type GenerationAgentsState; 'IGNORE THE ABOVE ERRORS'.
[2025-10-30 14:23:27,354] [INFO] ENTER: 'UtteranceClassificationAgent' calling '_classify_sentence_utterance_types'; CURRENT SPEAKER: grok-4_mas, DIALOGUE TURN NUM = 23.
[2025-10-30 14:23:28,010] [INFO] 'UtteranceClassificationAgent' completion returned and validated from MODEL = 'ModelName.GROK_4'.
[2025-10-30 14:23:28,538] [INFO] 'UtteranceClassificationAgent' completion returned and validated from MODEL = 'ModelName.GROK_4'.
[2025-10-30 14:23:29,070] [INFO] 'UtteranceClassificationAgent' completion returned and validated from MODEL = 'ModelName.GROK_4'.
[2025-10-30 14:23:29,714] [INFO] 'UtteranceClassificationAgent' completion returned and validated from MODEL = 'ModelName.GROK_4'.
[2025-10-30 14:23:30,260] [INFO] 'UtteranceClassificationAgent' completion returned and validated from MODEL = 'ModelName.GROK_4'.
[2025-10-30 14:23:30,260] [INFO] EXIT: 'UtteranceClassificationAgent' calling '_classify_sentence_utterance_types' (2.9064669609069824 secs).
[2025-10-30 14:23:30,260] [INFO] ENTER: 'UtteranceClassificationAgent' calling 'return_classified_sentences'; CURRENT SPEAKER: grok-4_mas, DIALOGUE TURN NUM = 23.
[2025-10-30 14:23:30,260] [INFO] EXIT: 'UtteranceClassificationAgent' calling 'return_classified_sentences' (1.6689300537109375e-06 secs).
[2025-10-30 14:23:30,263] [INFO] ENTER: 'DialogueMoveGenerator' calling 'generate'; CURRENT SPEAKER: grok-4_mas, DIALOGUE TURN NUM = 23.
[2025-10-30 14:23:30,264] [INFO] ENTER: 'MASPromptGenerator' calling 'concede_claim'; CURRENT SPEAKER: grok-4_mas, DIALOGUE TURN NUM = 23.
[2025-10-30 14:23:30,264] [INFO] EXIT: 'MASPromptGenerator' calling 'concede_claim' (5.316734313964844e-05 secs).
[2025-10-30 14:23:30,264] [INFO] ENTER: 'DialogueMoveGenerator' calling 'generate'; CURRENT SPEAKER: grok-4_mas, DIALOGUE TURN NUM = 23.
[2025-10-30 14:23:30,264] [INFO] ENTER: 'MASPromptGenerator' calling 'question_claim'; CURRENT SPEAKER: grok-4_mas, DIALOGUE TURN NUM = 23.
[2025-10-30 14:23:30,264] [INFO] EXIT: 'MASPromptGenerator' calling 'question_claim' (4.0531158447265625e-05 secs).
[2025-10-30 14:23:30,265] [INFO] ENTER: 'DialogueMoveGenerator' calling 'generate'; CURRENT SPEAKER: grok-4_mas, DIALOGUE TURN NUM = 23.
[2025-10-30 14:23:30,266] [INFO] ENTER: 'MASPromptGenerator' calling 'why_claim'; CURRENT SPEAKER: grok-4_mas, DIALOGUE TURN NUM = 23.
[2025-10-30 14:23:30,266] [INFO] EXIT: 'MASPromptGenerator' calling 'why_claim' (0.0001220703125 secs).
[2025-10-30 14:23:30,278] [INFO] ENTER: 'DialogueMoveGenerator' calling 'generate'; CURRENT SPEAKER: grok-4_mas, DIALOGUE TURN NUM = 23.
[2025-10-30 14:23:30,279] [INFO] ENTER: 'MASPromptGenerator' calling 'claim_negation'; CURRENT SPEAKER: grok-4_mas, DIALOGUE TURN NUM = 23.
[2025-10-30 14:23:30,279] [INFO] EXIT: 'MASPromptGenerator' calling 'claim_negation' (4.1961669921875e-05 secs).
[2025-10-30 14:23:31,569] [INFO] Completion returned and validated from MODEL = 'grok-4'.
[2025-10-30 14:23:31,707] [INFO] Completion returned and validated from MODEL = 'grok-4'.
[2025-10-30 14:23:31,762] [INFO] Completion returned and validated from MODEL = 'grok-4'.
[2025-10-30 14:23:31,785] [INFO] Completion returned and validated from MODEL = 'grok-4'.
[2025-10-30 14:23:32,852] [INFO] Completion returned and validated from MODEL = 'grok-4'.
[2025-10-30 14:23:32,938] [INFO] Completion returned and validated from MODEL = 'grok-4'.
[2025-10-30 14:23:33,051] [INFO] Completion returned and validated from MODEL = 'grok-4'.
[2025-10-30 14:23:33,199] [INFO] Completion returned and validated from MODEL = 'grok-4'.
[2025-10-30 14:23:34,286] [INFO] Completion returned and validated from MODEL = 'grok-4'.
[2025-10-30 14:23:34,305] [INFO] Completion returned and validated from MODEL = 'grok-4'.
[2025-10-30 14:23:34,305] [INFO] EXIT: 'DialogueMoveGenerator' calling 'generate' (4.026773691177368 secs).
[2025-10-30 14:23:34,506] [INFO] Completion returned and validated from MODEL = 'grok-4'.
[2025-10-30 14:23:34,644] [INFO] Completion returned and validated from MODEL = 'grok-4'.
[2025-10-30 14:23:35,765] [INFO] Completion returned and validated from MODEL = 'grok-4'.
[2025-10-30 14:23:35,765] [INFO] EXIT: 'DialogueMoveGenerator' calling 'generate' (5.501365661621094 secs).
[2025-10-30 14:23:35,886] [INFO] Completion returned and validated from MODEL = 'grok-4'.
[2025-10-30 14:23:35,886] [INFO] EXIT: 'DialogueMoveGenerator' calling 'generate' (5.6203718185424805 secs).
[2025-10-30 14:23:35,947] [INFO] Completion returned and validated from MODEL = 'grok-4'.
[2025-10-30 14:23:35,947] [INFO] EXIT: 'DialogueMoveGenerator' calling 'generate' (5.683316707611084 secs).
[2025-10-30 14:23:35,948] [INFO] ENTER: 'MASPromptGenerator' calling 'persuasiveness_choice'; CURRENT SPEAKER: grok-4_mas, DIALOGUE TURN NUM = 23.
[2025-10-30 14:23:35,948] [INFO] EXIT: 'MASPromptGenerator' calling 'persuasiveness_choice' (0.00021576881408691406 secs).
[2025-10-30 14:23:37,243] [INFO] Completion returned and validated within 'PersuasivenessChoiceAgent'; MODEL = 'grok-4'; DIALOGUE TURN NUM = 23.
[2025-10-30 14:23:38,724] [INFO] Completion returned and validated within 'PersuasivenessChoiceAgent'; MODEL = 'grok-4'; DIALOGUE TURN NUM = 23.
[2025-10-30 14:23:40,540] [INFO] Completion returned and validated within 'PersuasivenessChoiceAgent'; MODEL = 'grok-4'; DIALOGUE TURN NUM = 23.
[2025-10-30 14:23:42,076] [INFO] Completion returned and validated within 'PersuasivenessChoiceAgent'; MODEL = 'grok-4'; DIALOGUE TURN NUM = 23.
[2025-10-30 14:23:42,076] [INFO] ENTER: 'DisambiguationAgent' calling '_grouping_similar_utterance_types'; CURRENT SPEAKER: grok-4_mas, DIALOGUE TURN NUM = 23.
[2025-10-30 14:23:42,076] [INFO] EXIT: 'DisambiguationAgent' calling '_grouping_similar_utterance_types' (9.5367431640625e-06 secs).
[2025-10-30 14:23:42,076] [INFO] ENTER: 'DisambiguationAgent' calling '_identifying_similar_sentences_and_choosing_one_to_return_to_user'; CURRENT SPEAKER: grok-4_mas, DIALOGUE TURN NUM = 23.
[2025-10-30 14:23:43,996] [INFO] 'DisambiguationAgent' grouped similar sentences, completion returned and validated; MODEL = 'grok-4'.
[2025-10-30 14:23:44,792] [INFO] 'DisambiguationAgent' chose sentences to remove, completion returned and validated from MODEL = 'grok-4'.
[2025-10-30 14:23:44,792] [INFO] EXIT: 'DisambiguationAgent' calling '_identifying_similar_sentences_and_choosing_one_to_return_to_user' (2.71562123298645 secs).
[2025-10-30 14:23:44,792] [INFO] ENTER: 'DisambiguationAgent' calling '_identifying_similar_sentences_and_choosing_one_to_return_to_user'; CURRENT SPEAKER: grok-4_mas, DIALOGUE TURN NUM = 23.
[2025-10-30 14:23:47,350] [INFO] 'DisambiguationAgent' grouped similar sentences, completion returned and validated; MODEL = 'grok-4'.
[2025-10-30 14:23:48,059] [INFO] 'DisambiguationAgent' chose sentences to remove, completion returned and validated from MODEL = 'grok-4'.
[2025-10-30 14:23:50,426] [ERROR] 'DisambiguationAgent' could not choose sentences to remove, completion not validated; MODEL = 'grok-4'; 
 REASON: 

 1 validation error for PersuasivenessChoice
  Invalid JSON: trailing characters at line 3 column 1 [type=json_invalid, input_value='{"Choice": "Why insist p...elling case for reform.', input_type=str]
    For further information visit https://errors.pydantic.dev/2.12/v/json_invalid
[2025-10-30 14:23:52,095] [ERROR] 'DisambiguationAgent' could not choose sentences to remove, completion not validated; MODEL = 'grok-4'; 
 REASON: 

 1 validation error for PersuasivenessChoice
  Invalid JSON: trailing characters at line 3 column 1 [type=json_invalid, input_value='{"Choice": "Why do you c... urgency in the reader.', input_type=str]
    For further information visit https://errors.pydantic.dev/2.12/v/json_invalid
[2025-10-30 14:23:52,096] [INFO] EXIT: 'DisambiguationAgent' calling '_identifying_similar_sentences_and_choosing_one_to_return_to_user' (7.303483009338379 secs).
[2025-10-30 14:23:52,096] [INFO] ENTER: 'DisambiguationAgent' calling '_removing_repetitive_sentences'; CURRENT SPEAKER: grok-4_mas, DIALOGUE TURN NUM = 23.
[2025-10-30 14:23:52,096] [INFO] EXIT: 'DisambiguationAgent' calling '_removing_repetitive_sentences' (1.5497207641601562e-05 secs).
[2025-10-30 14:23:52,096] [INFO] ENTER: 'DisambiguationAgent' calling '_choose_the_most_persuasive_sentences'; CURRENT SPEAKER: grok-4_mas, DIALOGUE TURN NUM = 23.
[2025-10-30 14:23:53,649] [INFO] 'DisambiguationAgent': reached maximum allowed sentences, succussfully chose most persuasive sentences, completion returned and validated from MODEL = 'grok-4'.
[2025-10-30 14:23:53,649] [INFO] EXIT: 'DisambiguationAgent' calling '_choose_the_most_persuasive_sentences' (1.5535109043121338 secs).
[2025-10-30 14:23:53,649] [INFO] ENTER: 'DisambiguationAgent' calling 'return_disambiguated_sentences'; CURRENT SPEAKER: grok-4_mas, DIALOGUE TURN NUM = 23.
[2025-10-30 14:23:53,650] [INFO] EXIT: 'DisambiguationAgent' calling 'return_disambiguated_sentences' (2.6226043701171875e-06 secs).
[2025-10-30 14:23:53,650] [ERROR] Wrong state used; State of type HumanState; error message: dict has unexpected extra key(s): "graph_rag_examples", "intermediate_generations", "knowledge_base_ensemble_or_model_name", "model_seed", "model_temp", "model_top_p", "number_of_graph_rag_examples", "number_of_vector_based_rag_examples", "political_position_prob_of_na", "political_position_range", "political_position_std", "speaker_model_name", "speaker_type", "vector_based_persona_string", "vector_based_persona_sys_prompt"
[2025-10-30 14:23:53,650] [INFO] Correct state used; State of type GenerationAgentsState; 'IGNORE THE ABOVE ERRORS'.
[2025-10-30 14:23:54,201] [INFO] 'commitment_update' completed '___Claim___' update for current speaker's commitments; MODEL = 'grok-4'.
[2025-10-30 14:23:54,732] [INFO] 'commitment_update' completed '___Claim___' update for current speaker's commitments; MODEL = 'grok-4'.
[2025-10-30 14:23:54,838] [ERROR] Wrong state used; State of type HumanState; error message: dict has unexpected extra key(s): "graph_rag_examples", "intermediate_generations", "knowledge_base_ensemble_or_model_name", "model_seed", "model_temp", "model_top_p", "number_of_graph_rag_examples", "number_of_vector_based_rag_examples", "political_position_prob_of_na", "political_position_range", "political_position_std", "speaker_model_name", "speaker_type", "vector_based_persona_string", "vector_based_persona_sys_prompt"
[2025-10-30 14:23:54,838] [INFO] Correct state used; State of type GenerationAgentsState; 'IGNORE THE ABOVE ERRORS'.
[2025-10-30 14:23:54,839] [INFO] ENTER: 'UtteranceClassificationAgent' calling '_classify_sentence_utterance_types'; CURRENT SPEAKER: grok-3_mas_rag, DIALOGUE TURN NUM = 24.
[2025-10-30 14:23:58,444] [INFO] 'UtteranceClassificationAgent' completion returned and validated from MODEL = 'ModelName.GROK_3'.
[2025-10-30 14:23:59,165] [INFO] 'UtteranceClassificationAgent' completion returned and validated from MODEL = 'ModelName.GROK_3'.
[2025-10-30 14:24:00,415] [INFO] 'UtteranceClassificationAgent' completion returned and validated from MODEL = 'ModelName.GROK_3'.
[2025-10-30 14:24:01,453] [INFO] 'UtteranceClassificationAgent' completion returned and validated from MODEL = 'ModelName.GROK_3'.
[2025-10-30 14:24:02,368] [INFO] 'UtteranceClassificationAgent' completion returned and validated from MODEL = 'ModelName.GROK_3'.
[2025-10-30 14:24:03,072] [INFO] 'UtteranceClassificationAgent' completion returned and validated from MODEL = 'ModelName.GROK_3'.
[2025-10-30 14:24:03,809] [INFO] 'UtteranceClassificationAgent' completion returned and validated from MODEL = 'ModelName.GROK_3'.
[2025-10-30 14:24:03,809] [INFO] EXIT: 'UtteranceClassificationAgent' calling '_classify_sentence_utterance_types' (8.970739126205444 secs).
[2025-10-30 14:24:03,809] [INFO] ENTER: 'UtteranceClassificationAgent' calling 'return_classified_sentences'; CURRENT SPEAKER: grok-3_mas_rag, DIALOGUE TURN NUM = 24.
[2025-10-30 14:24:03,809] [INFO] EXIT: 'UtteranceClassificationAgent' calling 'return_classified_sentences' (2.6226043701171875e-06 secs).
[2025-10-30 14:24:03,833] [INFO] ENTER: 'GraphRAG' calling 'why'; CURRENT SPEAKER: grok-3_mas_rag, DIALOGUE TURN NUM = 24.
[2025-10-30 14:24:03,833] [INFO] ENTER: 'GraphRAG' calling 'query_graph'; CURRENT SPEAKER: grok-3_mas_rag, DIALOGUE TURN NUM = 24.
[2025-10-30 14:24:04,550] [INFO] EXIT: 'GraphRAG' calling 'query_graph' (0.7170746326446533 secs).
[2025-10-30 14:24:04,550] [INFO] EXIT: 'GraphRAG' calling 'why' (0.7174432277679443 secs).
[2025-10-30 14:24:04,550] [INFO] ENTER: 'GraphRAG' calling 'claim_negation'; CURRENT SPEAKER: grok-3_mas_rag, DIALOGUE TURN NUM = 24.
[2025-10-30 14:24:04,551] [INFO] ENTER: 'GraphRAG' calling 'query_graph'; CURRENT SPEAKER: grok-3_mas_rag, DIALOGUE TURN NUM = 24.
[2025-10-30 14:24:05,243] [INFO] EXIT: 'GraphRAG' calling 'query_graph' (0.692638635635376 secs).
[2025-10-30 14:24:05,243] [INFO] EXIT: 'GraphRAG' calling 'claim_negation' (0.6931073665618896 secs).
[2025-10-30 14:24:05,244] [INFO] ENTER: 'GraphRAG' calling 'concede'; CURRENT SPEAKER: grok-3_mas_rag, DIALOGUE TURN NUM = 24.
[2025-10-30 14:24:05,244] [INFO] ENTER: 'GraphRAG' calling 'query_graph'; CURRENT SPEAKER: grok-3_mas_rag, DIALOGUE TURN NUM = 24.
[2025-10-30 14:24:05,966] [INFO] EXIT: 'GraphRAG' calling 'query_graph' (0.7221977710723877 secs).
[2025-10-30 14:24:05,966] [INFO] EXIT: 'GraphRAG' calling 'concede' (0.7226839065551758 secs).
[2025-10-30 14:24:05,966] [INFO] ENTER: 'GraphRAG' calling 'question'; CURRENT SPEAKER: grok-3_mas_rag, DIALOGUE TURN NUM = 24.
[2025-10-30 14:24:05,967] [INFO] ENTER: 'GraphRAG' calling 'query_graph'; CURRENT SPEAKER: grok-3_mas_rag, DIALOGUE TURN NUM = 24.
[2025-10-30 14:24:06,098] [INFO] EXIT: 'GraphRAG' calling 'query_graph' (0.1313321590423584 secs).
[2025-10-30 14:24:06,098] [INFO] EXIT: 'GraphRAG' calling 'question' (0.13175749778747559 secs).
[2025-10-30 14:24:06,115] [INFO] ENTER: 'GraphRAG' calling 'why'; CURRENT SPEAKER: grok-3_mas_rag, DIALOGUE TURN NUM = 24.
[2025-10-30 14:24:06,116] [INFO] ENTER: 'GraphRAG' calling 'query_graph'; CURRENT SPEAKER: grok-3_mas_rag, DIALOGUE TURN NUM = 24.
[2025-10-30 14:24:06,837] [INFO] EXIT: 'GraphRAG' calling 'query_graph' (0.7210464477539062 secs).
[2025-10-30 14:24:06,837] [INFO] EXIT: 'GraphRAG' calling 'why' (0.7214899063110352 secs).
[2025-10-30 14:24:06,837] [INFO] ENTER: 'GraphRAG' calling 'claim_negation'; CURRENT SPEAKER: grok-3_mas_rag, DIALOGUE TURN NUM = 24.
[2025-10-30 14:24:06,837] [INFO] ENTER: 'GraphRAG' calling 'query_graph'; CURRENT SPEAKER: grok-3_mas_rag, DIALOGUE TURN NUM = 24.
[2025-10-30 14:24:07,533] [INFO] EXIT: 'GraphRAG' calling 'query_graph' (0.6956567764282227 secs).
[2025-10-30 14:24:07,533] [INFO] EXIT: 'GraphRAG' calling 'claim_negation' (0.6960844993591309 secs).
[2025-10-30 14:24:07,533] [INFO] ENTER: 'GraphRAG' calling 'concede'; CURRENT SPEAKER: grok-3_mas_rag, DIALOGUE TURN NUM = 24.
[2025-10-30 14:24:07,533] [INFO] ENTER: 'GraphRAG' calling 'query_graph'; CURRENT SPEAKER: grok-3_mas_rag, DIALOGUE TURN NUM = 24.
[2025-10-30 14:24:08,252] [INFO] EXIT: 'GraphRAG' calling 'query_graph' (0.7186284065246582 secs).
[2025-10-30 14:24:08,252] [INFO] EXIT: 'GraphRAG' calling 'concede' (0.719031810760498 secs).
[2025-10-30 14:24:08,252] [INFO] ENTER: 'GraphRAG' calling 'question'; CURRENT SPEAKER: grok-3_mas_rag, DIALOGUE TURN NUM = 24.
[2025-10-30 14:24:08,252] [INFO] ENTER: 'GraphRAG' calling 'query_graph'; CURRENT SPEAKER: grok-3_mas_rag, DIALOGUE TURN NUM = 24.
[2025-10-30 14:24:08,385] [INFO] EXIT: 'GraphRAG' calling 'query_graph' (0.1327519416809082 secs).
[2025-10-30 14:24:08,385] [INFO] EXIT: 'GraphRAG' calling 'question' (0.13320136070251465 secs).
[2025-10-30 14:24:08,402] [INFO] ENTER: 'GraphRAG' calling 'why'; CURRENT SPEAKER: grok-3_mas_rag, DIALOGUE TURN NUM = 24.
[2025-10-30 14:24:08,403] [INFO] ENTER: 'GraphRAG' calling 'query_graph'; CURRENT SPEAKER: grok-3_mas_rag, DIALOGUE TURN NUM = 24.
[2025-10-30 14:24:09,124] [INFO] EXIT: 'GraphRAG' calling 'query_graph' (0.7216963768005371 secs).
[2025-10-30 14:24:09,125] [INFO] EXIT: 'GraphRAG' calling 'why' (0.7221148014068604 secs).
[2025-10-30 14:24:09,125] [INFO] ENTER: 'GraphRAG' calling 'claim_negation'; CURRENT SPEAKER: grok-3_mas_rag, DIALOGUE TURN NUM = 24.
[2025-10-30 14:24:09,125] [INFO] ENTER: 'GraphRAG' calling 'query_graph'; CURRENT SPEAKER: grok-3_mas_rag, DIALOGUE TURN NUM = 24.
[2025-10-30 14:24:09,817] [INFO] EXIT: 'GraphRAG' calling 'query_graph' (0.6922383308410645 secs).
[2025-10-30 14:24:09,817] [INFO] EXIT: 'GraphRAG' calling 'claim_negation' (0.6926631927490234 secs).
[2025-10-30 14:24:09,817] [INFO] ENTER: 'GraphRAG' calling 'concede'; CURRENT SPEAKER: grok-3_mas_rag, DIALOGUE TURN NUM = 24.
[2025-10-30 14:24:09,818] [INFO] ENTER: 'GraphRAG' calling 'query_graph'; CURRENT SPEAKER: grok-3_mas_rag, DIALOGUE TURN NUM = 24.
[2025-10-30 14:24:10,536] [INFO] EXIT: 'GraphRAG' calling 'query_graph' (0.7186644077301025 secs).
[2025-10-30 14:24:10,536] [INFO] EXIT: 'GraphRAG' calling 'concede' (0.7191340923309326 secs).
[2025-10-30 14:24:10,536] [INFO] ENTER: 'GraphRAG' calling 'question'; CURRENT SPEAKER: grok-3_mas_rag, DIALOGUE TURN NUM = 24.
[2025-10-30 14:24:10,537] [INFO] ENTER: 'GraphRAG' calling 'query_graph'; CURRENT SPEAKER: grok-3_mas_rag, DIALOGUE TURN NUM = 24.
[2025-10-30 14:24:10,668] [INFO] EXIT: 'GraphRAG' calling 'query_graph' (0.1310412883758545 secs).
[2025-10-30 14:24:10,668] [INFO] EXIT: 'GraphRAG' calling 'question' (0.13146257400512695 secs).
[2025-10-30 14:24:10,686] [INFO] ENTER: 'GraphRAG' calling 'since'; CURRENT SPEAKER: grok-3_mas_rag, DIALOGUE TURN NUM = 24.
[2025-10-30 14:24:10,686] [INFO] ENTER: 'GraphRAG' calling 'query_graph'; CURRENT SPEAKER: grok-3_mas_rag, DIALOGUE TURN NUM = 24.
[2025-10-30 14:24:10,709] [INFO] EXIT: 'GraphRAG' calling 'query_graph' (0.02214360237121582 secs).
[2025-10-30 14:24:10,709] [INFO] EXIT: 'GraphRAG' calling 'since' (0.022511005401611328 secs).
[2025-10-30 14:24:10,709] [INFO] ENTER: 'GraphRAG' calling 'claim'; CURRENT SPEAKER: grok-3_mas_rag, DIALOGUE TURN NUM = 24.
[2025-10-30 14:24:10,709] [INFO] ENTER: 'GraphRAG' calling 'query_graph'; CURRENT SPEAKER: grok-3_mas_rag, DIALOGUE TURN NUM = 24.
[2025-10-30 14:24:10,726] [INFO] EXIT: 'GraphRAG' calling 'query_graph' (0.017119169235229492 secs).
[2025-10-30 14:24:10,726] [INFO] EXIT: 'GraphRAG' calling 'claim' (0.017441272735595703 secs).
[2025-10-30 14:24:10,742] [INFO] ENTER: 'GraphRAG' calling 'since'; CURRENT SPEAKER: grok-3_mas_rag, DIALOGUE TURN NUM = 24.
[2025-10-30 14:24:10,743] [INFO] ENTER: 'GraphRAG' calling 'query_graph'; CURRENT SPEAKER: grok-3_mas_rag, DIALOGUE TURN NUM = 24.
[2025-10-30 14:24:10,765] [INFO] EXIT: 'GraphRAG' calling 'query_graph' (0.022176265716552734 secs).
[2025-10-30 14:24:10,765] [INFO] EXIT: 'GraphRAG' calling 'since' (0.022561311721801758 secs).
[2025-10-30 14:24:10,765] [INFO] ENTER: 'GraphRAG' calling 'claim'; CURRENT SPEAKER: grok-3_mas_rag, DIALOGUE TURN NUM = 24.
[2025-10-30 14:24:10,765] [INFO] ENTER: 'GraphRAG' calling 'query_graph'; CURRENT SPEAKER: grok-3_mas_rag, DIALOGUE TURN NUM = 24.
[2025-10-30 14:24:10,783] [INFO] EXIT: 'GraphRAG' calling 'query_graph' (0.017425060272216797 secs).
[2025-10-30 14:24:10,783] [INFO] EXIT: 'GraphRAG' calling 'claim' (0.017803192138671875 secs).
[2025-10-30 14:24:10,799] [INFO] ENTER: 'GraphRAG' calling 'since'; CURRENT SPEAKER: grok-3_mas_rag, DIALOGUE TURN NUM = 24.
[2025-10-30 14:24:10,799] [INFO] ENTER: 'GraphRAG' calling 'query_graph'; CURRENT SPEAKER: grok-3_mas_rag, DIALOGUE TURN NUM = 24.
[2025-10-30 14:24:10,821] [INFO] EXIT: 'GraphRAG' calling 'query_graph' (0.02194046974182129 secs).
[2025-10-30 14:24:10,821] [INFO] EXIT: 'GraphRAG' calling 'since' (0.02234506607055664 secs).
[2025-10-30 14:24:10,821] [INFO] ENTER: 'GraphRAG' calling 'claim'; CURRENT SPEAKER: grok-3_mas_rag, DIALOGUE TURN NUM = 24.
[2025-10-30 14:24:10,822] [INFO] ENTER: 'GraphRAG' calling 'query_graph'; CURRENT SPEAKER: grok-3_mas_rag, DIALOGUE TURN NUM = 24.
[2025-10-30 14:24:10,839] [INFO] EXIT: 'GraphRAG' calling 'query_graph' (0.016935110092163086 secs).
[2025-10-30 14:24:10,839] [INFO] EXIT: 'GraphRAG' calling 'claim' (0.017306804656982422 secs).
[2025-10-30 14:24:10,855] [INFO] ENTER: 'GraphRAG' calling 'why'; CURRENT SPEAKER: grok-3_mas_rag, DIALOGUE TURN NUM = 24.
[2025-10-30 14:24:10,855] [INFO] ENTER: 'GraphRAG' calling 'query_graph'; CURRENT SPEAKER: grok-3_mas_rag, DIALOGUE TURN NUM = 24.
[2025-10-30 14:24:11,573] [INFO] EXIT: 'GraphRAG' calling 'query_graph' (0.7176876068115234 secs).
[2025-10-30 14:24:11,573] [INFO] EXIT: 'GraphRAG' calling 'why' (0.7181007862091064 secs).
[2025-10-30 14:24:11,573] [INFO] ENTER: 'GraphRAG' calling 'claim_negation'; CURRENT SPEAKER: grok-3_mas_rag, DIALOGUE TURN NUM = 24.
[2025-10-30 14:24:11,573] [INFO] ENTER: 'GraphRAG' calling 'query_graph'; CURRENT SPEAKER: grok-3_mas_rag, DIALOGUE TURN NUM = 24.
[2025-10-30 14:24:12,264] [INFO] EXIT: 'GraphRAG' calling 'query_graph' (0.6901812553405762 secs).
[2025-10-30 14:24:12,264] [INFO] EXIT: 'GraphRAG' calling 'claim_negation' (0.6906523704528809 secs).
[2025-10-30 14:24:12,264] [INFO] ENTER: 'GraphRAG' calling 'concede'; CURRENT SPEAKER: grok-3_mas_rag, DIALOGUE TURN NUM = 24.
[2025-10-30 14:24:12,264] [INFO] ENTER: 'GraphRAG' calling 'query_graph'; CURRENT SPEAKER: grok-3_mas_rag, DIALOGUE TURN NUM = 24.
[2025-10-30 14:24:12,981] [INFO] EXIT: 'GraphRAG' calling 'query_graph' (0.7170026302337646 secs).
[2025-10-30 14:24:12,981] [INFO] EXIT: 'GraphRAG' calling 'concede' (0.7173893451690674 secs).
[2025-10-30 14:24:12,981] [INFO] ENTER: 'GraphRAG' calling 'question'; CURRENT SPEAKER: grok-3_mas_rag, DIALOGUE TURN NUM = 24.
[2025-10-30 14:24:12,982] [INFO] ENTER: 'GraphRAG' calling 'query_graph'; CURRENT SPEAKER: grok-3_mas_rag, DIALOGUE TURN NUM = 24.
[2025-10-30 14:24:13,113] [INFO] EXIT: 'GraphRAG' calling 'query_graph' (0.13126826286315918 secs).
[2025-10-30 14:24:13,113] [INFO] EXIT: 'GraphRAG' calling 'question' (0.13171672821044922 secs).
[2025-10-30 14:24:13,113] [INFO] ENTER: 'GraphRAG' calling 'return_rag_examples'; CURRENT SPEAKER: grok-3_mas_rag, DIALOGUE TURN NUM = 24.
[2025-10-30 14:24:13,113] [INFO] EXIT: 'GraphRAG' calling 'return_rag_examples' (2.6226043701171875e-06 secs).
[2025-10-30 14:24:13,115] [INFO] ENTER: 'DialogueMoveGenerator' calling 'generate'; CURRENT SPEAKER: grok-3_mas_rag, DIALOGUE TURN NUM = 24.
[2025-10-30 14:24:13,116] [INFO] ENTER: 'MASPromptGenerator' calling 'claim'; CURRENT SPEAKER: grok-3_mas_rag, DIALOGUE TURN NUM = 24.
[2025-10-30 14:24:13,116] [INFO] EXIT: 'MASPromptGenerator' calling 'claim' (0.00022292137145996094 secs).
[2025-10-30 14:24:13,117] [INFO] ENTER: 'DialogueMoveGenerator' calling 'generate'; CURRENT SPEAKER: grok-3_mas_rag, DIALOGUE TURN NUM = 24.
[2025-10-30 14:24:13,117] [INFO] ENTER: 'DialogueMoveGenerator' calling 'generate'; CURRENT SPEAKER: grok-3_mas_rag, DIALOGUE TURN NUM = 24.
[2025-10-30 14:24:13,117] [INFO] ENTER: 'MASPromptGenerator' calling 'claim_negation'; CURRENT SPEAKER: grok-3_mas_rag, DIALOGUE TURN NUM = 24.
[2025-10-30 14:24:13,118] [INFO] ENTER: 'MASPromptGenerator' calling 'concede_claim'; CURRENT SPEAKER: grok-3_mas_rag, DIALOGUE TURN NUM = 24.
[2025-10-30 14:24:13,118] [INFO] EXIT: 'MASPromptGenerator' calling 'claim_negation' (0.000255584716796875 secs).
[2025-10-30 14:24:13,119] [INFO] EXIT: 'MASPromptGenerator' calling 'concede_claim' (0.00026702880859375 secs).
[2025-10-30 14:24:13,119] [INFO] ENTER: 'DialogueMoveGenerator' calling 'generate'; CURRENT SPEAKER: grok-3_mas_rag, DIALOGUE TURN NUM = 24.
[2025-10-30 14:24:13,120] [INFO] ENTER: 'MASPromptGenerator' calling 'question_claim'; CURRENT SPEAKER: grok-3_mas_rag, DIALOGUE TURN NUM = 24.
[2025-10-30 14:24:13,120] [INFO] EXIT: 'MASPromptGenerator' calling 'question_claim' (0.0002589225769042969 secs).
[2025-10-30 14:24:13,121] [INFO] ENTER: 'DialogueMoveGenerator' calling 'generate'; CURRENT SPEAKER: grok-3_mas_rag, DIALOGUE TURN NUM = 24.
[2025-10-30 14:24:13,121] [INFO] ENTER: 'MASPromptGenerator' calling 'retract_claim'; CURRENT SPEAKER: grok-3_mas_rag, DIALOGUE TURN NUM = 24.
[2025-10-30 14:24:13,121] [INFO] EXIT: 'MASPromptGenerator' calling 'retract_claim' (0.000125885009765625 secs).
[2025-10-30 14:24:13,123] [INFO] ENTER: 'DialogueMoveGenerator' calling 'generate'; CURRENT SPEAKER: grok-3_mas_rag, DIALOGUE TURN NUM = 24.
[2025-10-30 14:24:13,123] [INFO] ENTER: 'MASPromptGenerator' calling 'since_claim'; CURRENT SPEAKER: grok-3_mas_rag, DIALOGUE TURN NUM = 24.
[2025-10-30 14:24:13,123] [INFO] EXIT: 'MASPromptGenerator' calling 'since_claim' (0.00011754035949707031 secs).
[2025-10-30 14:24:13,123] [INFO] ENTER: 'DialogueMoveGenerator' calling 'generate'; CURRENT SPEAKER: grok-3_mas_rag, DIALOGUE TURN NUM = 24.
[2025-10-30 14:24:13,124] [INFO] ENTER: 'MASPromptGenerator' calling 'why_claim'; CURRENT SPEAKER: grok-3_mas_rag, DIALOGUE TURN NUM = 24.
[2025-10-30 14:24:13,124] [INFO] EXIT: 'MASPromptGenerator' calling 'why_claim' (0.00023746490478515625 secs).
[2025-10-30 14:24:18,582] [INFO] Completion returned and validated from MODEL = 'grok-3'.
[2025-10-30 14:24:18,874] [INFO] Completion returned and validated from MODEL = 'grok-3'.
[2025-10-30 14:24:19,429] [INFO] Completion returned and validated from MODEL = 'grok-3'.
[2025-10-30 14:24:21,291] [INFO] Completion returned and validated from MODEL = 'grok-3'.
[2025-10-30 14:24:21,788] [INFO] Completion returned and validated from MODEL = 'grok-3'.
[2025-10-30 14:24:22,309] [INFO] Completion returned and validated from MODEL = 'grok-3'.
[2025-10-30 14:24:22,690] [INFO] Completion returned and validated from MODEL = 'grok-3'.
[2025-10-30 14:24:23,443] [INFO] Completion returned and validated from MODEL = 'grok-3'.
[2025-10-30 14:24:24,241] [INFO] Completion returned and validated from MODEL = 'grok-3'.
[2025-10-30 14:24:24,401] [INFO] Completion returned and validated from MODEL = 'grok-3'.
[2025-10-30 14:24:27,189] [INFO] Completion returned and validated from MODEL = 'grok-3'.
[2025-10-30 14:24:27,248] [INFO] Completion returned and validated from MODEL = 'grok-3'.
[2025-10-30 14:24:28,766] [INFO] Completion returned and validated from MODEL = 'grok-3'.
[2025-10-30 14:24:28,876] [INFO] Completion returned and validated from MODEL = 'grok-3'.
[2025-10-30 14:24:29,430] [INFO] Completion returned and validated from MODEL = 'grok-3'.
[2025-10-30 14:24:31,172] [INFO] Completion returned and validated from MODEL = 'grok-3'.
[2025-10-30 14:24:31,172] [INFO] EXIT: 'DialogueMoveGenerator' calling 'generate' (18.048969507217407 secs).
[2025-10-30 14:24:31,835] [INFO] Completion returned and validated from MODEL = 'grok-3'.
[2025-10-30 14:24:32,429] [INFO] Completion returned and validated from MODEL = 'grok-3'.
[2025-10-30 14:24:33,239] [INFO] Completion returned and validated from MODEL = 'grok-3'.
[2025-10-30 14:24:33,351] [INFO] Completion returned and validated from MODEL = 'grok-3'.
[2025-10-30 14:24:33,351] [INFO] EXIT: 'DialogueMoveGenerator' calling 'generate' (20.23408842086792 secs).
[2025-10-30 14:24:34,543] [INFO] Completion returned and validated from MODEL = 'grok-3'.
[2025-10-30 14:24:34,543] [INFO] EXIT: 'DialogueMoveGenerator' calling 'generate' (21.423052310943604 secs).
[2025-10-30 14:24:34,909] [INFO] Completion returned and validated from MODEL = 'grok-3'.
[2025-10-30 14:24:34,909] [INFO] EXIT: 'DialogueMoveGenerator' calling 'generate' (21.788089990615845 secs).
[2025-10-30 14:24:37,223] [INFO] Completion returned and validated from MODEL = 'grok-3'.
[2025-10-30 14:24:37,223] [INFO] EXIT: 'DialogueMoveGenerator' calling 'generate' (24.099971532821655 secs).
[2025-10-30 14:24:37,384] [INFO] Completion returned and validated from MODEL = 'grok-3'.
[2025-10-30 14:24:37,384] [INFO] EXIT: 'DialogueMoveGenerator' calling 'generate' (24.268150806427002 secs).
[2025-10-30 14:24:37,878] [INFO] Completion returned and validated from MODEL = 'grok-3'.
[2025-10-30 14:24:37,878] [INFO] EXIT: 'DialogueMoveGenerator' calling 'generate' (24.7611722946167 secs).
[2025-10-30 14:24:37,879] [INFO] ENTER: 'MASPromptGenerator' calling 'persuasiveness_choice'; CURRENT SPEAKER: grok-3_mas_rag, DIALOGUE TURN NUM = 24.
[2025-10-30 14:24:37,879] [INFO] EXIT: 'MASPromptGenerator' calling 'persuasiveness_choice' (0.000347137451171875 secs).
[2025-10-30 14:24:43,894] [INFO] Completion returned and validated within 'PersuasivenessChoiceAgent'; MODEL = 'grok-3'; DIALOGUE TURN NUM = 24.
[2025-10-30 14:24:48,560] [INFO] Completion returned and validated within 'PersuasivenessChoiceAgent'; MODEL = 'grok-3'; DIALOGUE TURN NUM = 24.
[2025-10-30 14:24:54,134] [INFO] Completion returned and validated within 'PersuasivenessChoiceAgent'; MODEL = 'grok-3'; DIALOGUE TURN NUM = 24.
[2025-10-30 14:24:58,586] [INFO] Completion returned and validated within 'PersuasivenessChoiceAgent'; MODEL = 'grok-3'; DIALOGUE TURN NUM = 24.
[2025-10-30 14:25:02,193] [INFO] Completion returned and validated within 'PersuasivenessChoiceAgent'; MODEL = 'grok-3'; DIALOGUE TURN NUM = 24.
[2025-10-30 14:25:07,508] [INFO] Completion returned and validated within 'PersuasivenessChoiceAgent'; MODEL = 'grok-3'; DIALOGUE TURN NUM = 24.
[2025-10-30 14:25:10,366] [INFO] Completion returned and validated within 'PersuasivenessChoiceAgent'; MODEL = 'grok-3'; DIALOGUE TURN NUM = 24.
[2025-10-30 14:25:10,366] [INFO] ENTER: 'DisambiguationAgent' calling '_grouping_similar_utterance_types'; CURRENT SPEAKER: grok-3_mas_rag, DIALOGUE TURN NUM = 24.
[2025-10-30 14:25:10,366] [INFO] EXIT: 'DisambiguationAgent' calling '_grouping_similar_utterance_types' (1.1205673217773438e-05 secs).
[2025-10-30 14:25:10,366] [INFO] ENTER: 'DisambiguationAgent' calling '_identifying_similar_sentences_and_choosing_one_to_return_to_user'; CURRENT SPEAKER: grok-3_mas_rag, DIALOGUE TURN NUM = 24.
[2025-10-30 14:25:50,000] [INFO] 'DisambiguationAgent' grouped similar sentences, completion returned and validated; MODEL = 'grok-3'.
[2025-10-30 14:25:51,473] [INFO] 'DisambiguationAgent' chose sentences to remove, completion returned and validated from MODEL = 'grok-3'.
[2025-10-30 14:25:53,171] [INFO] 'DisambiguationAgent' chose sentences to remove, completion returned and validated from MODEL = 'grok-3'.
[2025-10-30 14:25:54,473] [INFO] 'DisambiguationAgent' chose sentences to remove, completion returned and validated from MODEL = 'grok-3'.
[2025-10-30 14:25:56,243] [INFO] 'DisambiguationAgent' chose sentences to remove, completion returned and validated from MODEL = 'grok-3'.
[2025-10-30 14:25:58,630] [INFO] 'DisambiguationAgent' chose sentences to remove, completion returned and validated from MODEL = 'grok-3'.
[2025-10-30 14:25:59,928] [INFO] 'DisambiguationAgent' chose sentences to remove, completion returned and validated from MODEL = 'grok-3'.
[2025-10-30 14:25:59,928] [INFO] EXIT: 'DisambiguationAgent' calling '_identifying_similar_sentences_and_choosing_one_to_return_to_user' (49.561973571777344 secs).
[2025-10-30 14:25:59,928] [INFO] ENTER: 'DisambiguationAgent' calling '_removing_repetitive_sentences'; CURRENT SPEAKER: grok-3_mas_rag, DIALOGUE TURN NUM = 24.
[2025-10-30 14:25:59,928] [INFO] EXIT: 'DisambiguationAgent' calling '_removing_repetitive_sentences' (2.0503997802734375e-05 secs).
[2025-10-30 14:25:59,928] [INFO] ENTER: 'DisambiguationAgent' calling '_choose_the_most_persuasive_sentences'; CURRENT SPEAKER: grok-3_mas_rag, DIALOGUE TURN NUM = 24.
[2025-10-30 14:26:07,322] [INFO] 'DisambiguationAgent': reached maximum allowed sentences, succussfully chose most persuasive sentences, completion returned and validated from MODEL = 'grok-3'.
[2025-10-30 14:26:07,322] [INFO] EXIT: 'DisambiguationAgent' calling '_choose_the_most_persuasive_sentences' (7.393792152404785 secs).
[2025-10-30 14:26:07,322] [INFO] ENTER: 'DisambiguationAgent' calling 'return_disambiguated_sentences'; CURRENT SPEAKER: grok-3_mas_rag, DIALOGUE TURN NUM = 24.
[2025-10-30 14:26:07,322] [INFO] EXIT: 'DisambiguationAgent' calling 'return_disambiguated_sentences' (2.86102294921875e-06 secs).
[2025-10-30 14:26:07,323] [ERROR] Wrong state used; State of type HumanState; error message: dict has unexpected extra key(s): "graph_rag_examples", "intermediate_generations", "knowledge_base_ensemble_or_model_name", "model_seed", "model_temp", "model_top_p", "number_of_graph_rag_examples", "number_of_vector_based_rag_examples", "political_position_prob_of_na", "political_position_range", "political_position_std", "speaker_model_name", "speaker_type", "vector_based_persona_string", "vector_based_persona_sys_prompt"
[2025-10-30 14:26:07,323] [INFO] Correct state used; State of type GenerationAgentsState; 'IGNORE THE ABOVE ERRORS'.
[2025-10-30 14:26:08,606] [INFO] 'commitment_update' completed '___Claim___' update for current speaker's commitments; MODEL = 'grok-3'.
[2025-10-30 14:26:10,321] [INFO] 'commitment_update' completed '___Claim___' update for current speaker's commitments; MODEL = 'grok-3'.
[2025-10-30 14:26:11,912] [INFO] 'commitment_update' completed '___Claim___' update for current speaker's commitments; MODEL = 'grok-3'.
[2025-10-30 14:26:13,197] [INFO] 'commitment_update' completed '___Since___' update; MODEL = 'grok-3'.
[2025-10-30 14:26:14,439] [INFO] 'commitment_update' completed '___Since___' update; MODEL = 'grok-3'.
[2025-10-30 14:26:14,572] [ERROR] Wrong state used; State of type HumanState; error message: dict has unexpected extra key(s): "graph_rag_examples", "intermediate_generations", "knowledge_base_ensemble_or_model_name", "model_seed", "model_temp", "model_top_p", "number_of_graph_rag_examples", "number_of_vector_based_rag_examples", "political_position_prob_of_na", "political_position_range", "political_position_std", "speaker_model_name", "speaker_type", "vector_based_persona_string", "vector_based_persona_sys_prompt"
[2025-10-30 14:26:14,572] [INFO] Correct state used; State of type GenerationAgentsState; 'IGNORE THE ABOVE ERRORS'.
[2025-10-30 14:26:14,572] [INFO] ENTER: 'UtteranceClassificationAgent' calling '_classify_sentence_utterance_types'; CURRENT SPEAKER: grok-4_mas, DIALOGUE TURN NUM = 25.
[2025-10-30 14:26:15,182] [INFO] 'UtteranceClassificationAgent' completion returned and validated from MODEL = 'ModelName.GROK_4'.
[2025-10-30 14:26:15,757] [INFO] 'UtteranceClassificationAgent' completion returned and validated from MODEL = 'ModelName.GROK_4'.
[2025-10-30 14:26:16,312] [INFO] 'UtteranceClassificationAgent' completion returned and validated from MODEL = 'ModelName.GROK_4'.
[2025-10-30 14:26:16,876] [INFO] 'UtteranceClassificationAgent' completion returned and validated from MODEL = 'ModelName.GROK_4'.
[2025-10-30 14:26:17,438] [INFO] 'UtteranceClassificationAgent' completion returned and validated from MODEL = 'ModelName.GROK_4'.
[2025-10-30 14:26:17,438] [INFO] EXIT: 'UtteranceClassificationAgent' calling '_classify_sentence_utterance_types' (2.8658981323242188 secs).
[2025-10-30 14:26:17,438] [INFO] ENTER: 'UtteranceClassificationAgent' calling 'return_classified_sentences'; CURRENT SPEAKER: grok-4_mas, DIALOGUE TURN NUM = 25.
[2025-10-30 14:26:17,438] [INFO] EXIT: 'UtteranceClassificationAgent' calling 'return_classified_sentences' (1.6689300537109375e-06 secs).
[2025-10-30 14:26:17,442] [INFO] ENTER: 'DialogueMoveGenerator' calling 'generate'; CURRENT SPEAKER: grok-4_mas, DIALOGUE TURN NUM = 25.
[2025-10-30 14:26:17,442] [INFO] ENTER: 'MASPromptGenerator' calling 'claim_negation'; CURRENT SPEAKER: grok-4_mas, DIALOGUE TURN NUM = 25.
[2025-10-30 14:26:17,442] [INFO] EXIT: 'MASPromptGenerator' calling 'claim_negation' (0.00011086463928222656 secs).
[2025-10-30 14:26:17,442] [INFO] ENTER: 'DialogueMoveGenerator' calling 'generate'; CURRENT SPEAKER: grok-4_mas, DIALOGUE TURN NUM = 25.
[2025-10-30 14:26:17,443] [INFO] ENTER: 'MASPromptGenerator' calling 'concede_claim'; CURRENT SPEAKER: grok-4_mas, DIALOGUE TURN NUM = 25.
[2025-10-30 14:26:17,443] [INFO] EXIT: 'MASPromptGenerator' calling 'concede_claim' (4.00543212890625e-05 secs).
[2025-10-30 14:26:17,443] [INFO] ENTER: 'DialogueMoveGenerator' calling 'generate'; CURRENT SPEAKER: grok-4_mas, DIALOGUE TURN NUM = 25.
[2025-10-30 14:26:17,444] [INFO] ENTER: 'MASPromptGenerator' calling 'question_claim'; CURRENT SPEAKER: grok-4_mas, DIALOGUE TURN NUM = 25.
[2025-10-30 14:26:17,444] [INFO] EXIT: 'MASPromptGenerator' calling 'question_claim' (6.341934204101562e-05 secs).
[2025-10-30 14:26:17,444] [INFO] ENTER: 'DialogueMoveGenerator' calling 'generate'; CURRENT SPEAKER: grok-4_mas, DIALOGUE TURN NUM = 25.
[2025-10-30 14:26:17,445] [INFO] ENTER: 'MASPromptGenerator' calling 'why_claim'; CURRENT SPEAKER: grok-4_mas, DIALOGUE TURN NUM = 25.
[2025-10-30 14:26:17,445] [INFO] EXIT: 'MASPromptGenerator' calling 'why_claim' (0.00015282630920410156 secs).
[2025-10-30 14:26:18,959] [INFO] Completion returned and validated from MODEL = 'grok-4'.
[2025-10-30 14:26:19,092] [INFO] Completion returned and validated from MODEL = 'grok-4'.
[2025-10-30 14:26:19,200] [INFO] Completion returned and validated from MODEL = 'grok-4'.
[2025-10-30 14:26:19,329] [INFO] Completion returned and validated from MODEL = 'grok-4'.
[2025-10-30 14:26:20,228] [INFO] Completion returned and validated from MODEL = 'grok-4'.
[2025-10-30 14:26:20,443] [INFO] Completion returned and validated from MODEL = 'grok-4'.
[2025-10-30 14:26:20,463] [INFO] Completion returned and validated from MODEL = 'grok-4'.
[2025-10-30 14:26:20,709] [INFO] Completion returned and validated from MODEL = 'grok-4'.
[2025-10-30 14:26:21,897] [INFO] Completion returned and validated from MODEL = 'grok-4'.
[2025-10-30 14:26:22,088] [INFO] Completion returned and validated from MODEL = 'grok-4'.
[2025-10-30 14:26:22,109] [INFO] Completion returned and validated from MODEL = 'grok-4'.
[2025-10-30 14:26:22,273] [INFO] Completion returned and validated from MODEL = 'grok-4'.
[2025-10-30 14:26:23,467] [INFO] Completion returned and validated from MODEL = 'grok-4'.
[2025-10-30 14:26:23,707] [INFO] Completion returned and validated from MODEL = 'grok-4'.
[2025-10-30 14:26:23,744] [INFO] Completion returned and validated from MODEL = 'grok-4'.
[2025-10-30 14:26:23,936] [INFO] Completion returned and validated from MODEL = 'grok-4'.
[2025-10-30 14:26:23,936] [INFO] EXIT: 'DialogueMoveGenerator' calling 'generate' (6.494304180145264 secs).
[2025-10-30 14:26:24,544] [INFO] Completion returned and validated from MODEL = 'grok-4'.
[2025-10-30 14:26:24,544] [INFO] EXIT: 'DialogueMoveGenerator' calling 'generate' (7.101096868515015 secs).
[2025-10-30 14:26:24,917] [INFO] Completion returned and validated from MODEL = 'grok-4'.
[2025-10-30 14:26:24,917] [INFO] EXIT: 'DialogueMoveGenerator' calling 'generate' (7.472622871398926 secs).
[2025-10-30 14:26:25,228] [INFO] Completion returned and validated from MODEL = 'grok-4'.
[2025-10-30 14:26:25,228] [INFO] EXIT: 'DialogueMoveGenerator' calling 'generate' (7.7840187549591064 secs).
[2025-10-30 14:26:25,229] [INFO] ENTER: 'MASPromptGenerator' calling 'persuasiveness_choice'; CURRENT SPEAKER: grok-4_mas, DIALOGUE TURN NUM = 25.
[2025-10-30 14:26:25,229] [INFO] EXIT: 'MASPromptGenerator' calling 'persuasiveness_choice' (0.00026345252990722656 secs).
[2025-10-30 14:26:27,184] [INFO] Completion returned and validated within 'PersuasivenessChoiceAgent'; MODEL = 'grok-4'; DIALOGUE TURN NUM = 25.
[2025-10-30 14:26:29,117] [INFO] Completion returned and validated within 'PersuasivenessChoiceAgent'; MODEL = 'grok-4'; DIALOGUE TURN NUM = 25.
[2025-10-30 14:26:30,732] [INFO] Completion returned and validated within 'PersuasivenessChoiceAgent'; MODEL = 'grok-4'; DIALOGUE TURN NUM = 25.
[2025-10-30 14:26:32,072] [INFO] Completion returned and validated within 'PersuasivenessChoiceAgent'; MODEL = 'grok-4'; DIALOGUE TURN NUM = 25.
[2025-10-30 14:26:33,797] [INFO] Completion returned and validated within 'PersuasivenessChoiceAgent'; MODEL = 'grok-4'; DIALOGUE TURN NUM = 25.
[2025-10-30 14:26:33,797] [INFO] ENTER: 'DisambiguationAgent' calling '_grouping_similar_utterance_types'; CURRENT SPEAKER: grok-4_mas, DIALOGUE TURN NUM = 25.
[2025-10-30 14:26:33,798] [INFO] EXIT: 'DisambiguationAgent' calling '_grouping_similar_utterance_types' (1.049041748046875e-05 secs).
[2025-10-30 14:26:33,798] [INFO] ENTER: 'DisambiguationAgent' calling '_identifying_similar_sentences_and_choosing_one_to_return_to_user'; CURRENT SPEAKER: grok-4_mas, DIALOGUE TURN NUM = 25.
[2025-10-30 14:26:36,528] [INFO] 'DisambiguationAgent' grouped similar sentences, completion returned and validated; MODEL = 'grok-4'.
[2025-10-30 14:26:37,798] [INFO] 'DisambiguationAgent' chose sentences to remove, completion returned and validated from MODEL = 'grok-4'.
[2025-10-30 14:26:38,626] [INFO] 'DisambiguationAgent' chose sentences to remove, completion returned and validated from MODEL = 'grok-4'.
[2025-10-30 14:26:39,448] [INFO] 'DisambiguationAgent' chose sentences to remove, completion returned and validated from MODEL = 'grok-4'.
[2025-10-30 14:26:39,448] [INFO] EXIT: 'DisambiguationAgent' calling '_identifying_similar_sentences_and_choosing_one_to_return_to_user' (5.650418043136597 secs).
[2025-10-30 14:26:39,448] [INFO] ENTER: 'DisambiguationAgent' calling '_identifying_similar_sentences_and_choosing_one_to_return_to_user'; CURRENT SPEAKER: grok-4_mas, DIALOGUE TURN NUM = 25.
[2025-10-30 14:26:42,601] [INFO] 'DisambiguationAgent' grouped similar sentences, completion returned and validated; MODEL = 'grok-4'.
[2025-10-30 14:26:43,404] [INFO] 'DisambiguationAgent' chose sentences to remove, completion returned and validated from MODEL = 'grok-4'.
[2025-10-30 14:26:44,136] [INFO] 'DisambiguationAgent' chose sentences to remove, completion returned and validated from MODEL = 'grok-4'.
[2025-10-30 14:26:44,951] [INFO] 'DisambiguationAgent' chose sentences to remove, completion returned and validated from MODEL = 'grok-4'.
[2025-10-30 14:26:45,739] [INFO] 'DisambiguationAgent' chose sentences to remove, completion returned and validated from MODEL = 'grok-4'.
[2025-10-30 14:26:45,739] [INFO] EXIT: 'DisambiguationAgent' calling '_identifying_similar_sentences_and_choosing_one_to_return_to_user' (6.290629625320435 secs).
[2025-10-30 14:26:45,739] [INFO] ENTER: 'DisambiguationAgent' calling '_removing_repetitive_sentences'; CURRENT SPEAKER: grok-4_mas, DIALOGUE TURN NUM = 25.
[2025-10-30 14:26:45,739] [INFO] EXIT: 'DisambiguationAgent' calling '_removing_repetitive_sentences' (1.811981201171875e-05 secs).
[2025-10-30 14:26:45,739] [INFO] ENTER: 'DisambiguationAgent' calling '_choose_the_most_persuasive_sentences'; CURRENT SPEAKER: grok-4_mas, DIALOGUE TURN NUM = 25.
[2025-10-30 14:26:47,549] [INFO] 'DisambiguationAgent': reached maximum allowed sentences, succussfully chose most persuasive sentences, completion returned and validated from MODEL = 'grok-4'.
[2025-10-30 14:26:47,549] [INFO] EXIT: 'DisambiguationAgent' calling '_choose_the_most_persuasive_sentences' (1.8100907802581787 secs).
[2025-10-30 14:26:47,549] [INFO] ENTER: 'DisambiguationAgent' calling 'return_disambiguated_sentences'; CURRENT SPEAKER: grok-4_mas, DIALOGUE TURN NUM = 25.
[2025-10-30 14:26:47,549] [INFO] EXIT: 'DisambiguationAgent' calling 'return_disambiguated_sentences' (2.384185791015625e-06 secs).
[2025-10-30 14:26:47,550] [ERROR] Wrong state used; State of type HumanState; error message: dict has unexpected extra key(s): "graph_rag_examples", "intermediate_generations", "knowledge_base_ensemble_or_model_name", "model_seed", "model_temp", "model_top_p", "number_of_graph_rag_examples", "number_of_vector_based_rag_examples", "political_position_prob_of_na", "political_position_range", "political_position_std", "speaker_model_name", "speaker_type", "vector_based_persona_string", "vector_based_persona_sys_prompt"
[2025-10-30 14:26:47,550] [INFO] Correct state used; State of type GenerationAgentsState; 'IGNORE THE ABOVE ERRORS'.
[2025-10-30 14:26:48,120] [INFO] 'commitment_update' completed '___Claim___' update for current speaker's commitments; MODEL = 'grok-4'.
[2025-10-30 14:26:48,674] [INFO] 'commitment_update' completed '___Claim___' update for current speaker's commitments; MODEL = 'grok-4'.
[2025-10-30 14:26:49,355] [INFO] 'commitment_update' completed '___Claim___' update for current speaker's commitments; MODEL = 'grok-4'.
[2025-10-30 14:26:49,438] [ERROR] Wrong state used; State of type HumanState; error message: dict has unexpected extra key(s): "graph_rag_examples", "intermediate_generations", "knowledge_base_ensemble_or_model_name", "model_seed", "model_temp", "model_top_p", "number_of_graph_rag_examples", "number_of_vector_based_rag_examples", "political_position_prob_of_na", "political_position_range", "political_position_std", "speaker_model_name", "speaker_type", "vector_based_persona_string", "vector_based_persona_sys_prompt"
[2025-10-30 14:26:49,438] [INFO] Correct state used; State of type GenerationAgentsState; 'IGNORE THE ABOVE ERRORS'.
[2025-10-30 14:26:49,438] [INFO] ENTER: 'UtteranceClassificationAgent' calling '_classify_sentence_utterance_types'; CURRENT SPEAKER: grok-3_mas_rag, DIALOGUE TURN NUM = 26.
[2025-10-30 14:26:50,179] [INFO] 'UtteranceClassificationAgent' completion returned and validated from MODEL = 'ModelName.GROK_3'.
[2025-10-30 14:26:51,280] [INFO] 'UtteranceClassificationAgent' completion returned and validated from MODEL = 'ModelName.GROK_3'.
[2025-10-30 14:26:51,993] [INFO] 'UtteranceClassificationAgent' completion returned and validated from MODEL = 'ModelName.GROK_3'.
[2025-10-30 14:26:52,705] [INFO] 'UtteranceClassificationAgent' completion returned and validated from MODEL = 'ModelName.GROK_3'.
[2025-10-30 14:26:53,807] [INFO] 'UtteranceClassificationAgent' completion returned and validated from MODEL = 'ModelName.GROK_3'.
[2025-10-30 14:26:54,725] [INFO] 'UtteranceClassificationAgent' completion returned and validated from MODEL = 'ModelName.GROK_3'.
[2025-10-30 14:26:55,496] [INFO] 'UtteranceClassificationAgent' completion returned and validated from MODEL = 'ModelName.GROK_3'.
[2025-10-30 14:26:55,496] [INFO] EXIT: 'UtteranceClassificationAgent' calling '_classify_sentence_utterance_types' (6.057962894439697 secs).
[2025-10-30 14:26:55,496] [INFO] ENTER: 'UtteranceClassificationAgent' calling 'return_classified_sentences'; CURRENT SPEAKER: grok-3_mas_rag, DIALOGUE TURN NUM = 26.
[2025-10-30 14:26:55,496] [INFO] EXIT: 'UtteranceClassificationAgent' calling 'return_classified_sentences' (1.6689300537109375e-06 secs).
[2025-10-30 14:26:55,518] [INFO] ENTER: 'GraphRAG' calling 'why'; CURRENT SPEAKER: grok-3_mas_rag, DIALOGUE TURN NUM = 26.
[2025-10-30 14:26:55,518] [INFO] ENTER: 'GraphRAG' calling 'query_graph'; CURRENT SPEAKER: grok-3_mas_rag, DIALOGUE TURN NUM = 26.
[2025-10-30 14:26:56,232] [INFO] EXIT: 'GraphRAG' calling 'query_graph' (0.7136576175689697 secs).
[2025-10-30 14:26:56,232] [INFO] EXIT: 'GraphRAG' calling 'why' (0.7140655517578125 secs).
[2025-10-30 14:26:56,232] [INFO] ENTER: 'GraphRAG' calling 'claim_negation'; CURRENT SPEAKER: grok-3_mas_rag, DIALOGUE TURN NUM = 26.
[2025-10-30 14:26:56,232] [INFO] ENTER: 'GraphRAG' calling 'query_graph'; CURRENT SPEAKER: grok-3_mas_rag, DIALOGUE TURN NUM = 26.
[2025-10-30 14:26:56,922] [INFO] EXIT: 'GraphRAG' calling 'query_graph' (0.6899259090423584 secs).
[2025-10-30 14:26:56,923] [INFO] EXIT: 'GraphRAG' calling 'claim_negation' (0.6903142929077148 secs).
[2025-10-30 14:26:56,923] [INFO] ENTER: 'GraphRAG' calling 'concede'; CURRENT SPEAKER: grok-3_mas_rag, DIALOGUE TURN NUM = 26.
[2025-10-30 14:26:56,923] [INFO] ENTER: 'GraphRAG' calling 'query_graph'; CURRENT SPEAKER: grok-3_mas_rag, DIALOGUE TURN NUM = 26.
[2025-10-30 14:26:57,642] [INFO] EXIT: 'GraphRAG' calling 'query_graph' (0.7189662456512451 secs).
[2025-10-30 14:26:57,642] [INFO] EXIT: 'GraphRAG' calling 'concede' (0.7193200588226318 secs).
[2025-10-30 14:26:57,642] [INFO] ENTER: 'GraphRAG' calling 'question'; CURRENT SPEAKER: grok-3_mas_rag, DIALOGUE TURN NUM = 26.
[2025-10-30 14:26:57,642] [INFO] ENTER: 'GraphRAG' calling 'query_graph'; CURRENT SPEAKER: grok-3_mas_rag, DIALOGUE TURN NUM = 26.
[2025-10-30 14:26:57,772] [INFO] EXIT: 'GraphRAG' calling 'query_graph' (0.1298227310180664 secs).
[2025-10-30 14:26:57,772] [INFO] EXIT: 'GraphRAG' calling 'question' (0.13026762008666992 secs).
[2025-10-30 14:26:57,791] [INFO] ENTER: 'GraphRAG' calling 'why'; CURRENT SPEAKER: grok-3_mas_rag, DIALOGUE TURN NUM = 26.
[2025-10-30 14:26:57,792] [INFO] ENTER: 'GraphRAG' calling 'query_graph'; CURRENT SPEAKER: grok-3_mas_rag, DIALOGUE TURN NUM = 26.
[2025-10-30 14:26:58,510] [INFO] EXIT: 'GraphRAG' calling 'query_graph' (0.7181103229522705 secs).
[2025-10-30 14:26:58,510] [INFO] EXIT: 'GraphRAG' calling 'why' (0.7185661792755127 secs).
[2025-10-30 14:26:58,510] [INFO] ENTER: 'GraphRAG' calling 'claim_negation'; CURRENT SPEAKER: grok-3_mas_rag, DIALOGUE TURN NUM = 26.
[2025-10-30 14:26:58,510] [INFO] ENTER: 'GraphRAG' calling 'query_graph'; CURRENT SPEAKER: grok-3_mas_rag, DIALOGUE TURN NUM = 26.
[2025-10-30 14:26:59,201] [INFO] EXIT: 'GraphRAG' calling 'query_graph' (0.6908674240112305 secs).
[2025-10-30 14:26:59,201] [INFO] EXIT: 'GraphRAG' calling 'claim_negation' (0.6913266181945801 secs).
[2025-10-30 14:26:59,201] [INFO] ENTER: 'GraphRAG' calling 'concede'; CURRENT SPEAKER: grok-3_mas_rag, DIALOGUE TURN NUM = 26.
[2025-10-30 14:26:59,202] [INFO] ENTER: 'GraphRAG' calling 'query_graph'; CURRENT SPEAKER: grok-3_mas_rag, DIALOGUE TURN NUM = 26.
[2025-10-30 14:26:59,917] [INFO] EXIT: 'GraphRAG' calling 'query_graph' (0.7157139778137207 secs).
[2025-10-30 14:26:59,917] [INFO] EXIT: 'GraphRAG' calling 'concede' (0.7161974906921387 secs).
[2025-10-30 14:26:59,917] [INFO] ENTER: 'GraphRAG' calling 'question'; CURRENT SPEAKER: grok-3_mas_rag, DIALOGUE TURN NUM = 26.
[2025-10-30 14:26:59,918] [INFO] ENTER: 'GraphRAG' calling 'query_graph'; CURRENT SPEAKER: grok-3_mas_rag, DIALOGUE TURN NUM = 26.
[2025-10-30 14:27:00,049] [INFO] EXIT: 'GraphRAG' calling 'query_graph' (0.1313924789428711 secs).
[2025-10-30 14:27:00,049] [INFO] EXIT: 'GraphRAG' calling 'question' (0.13189101219177246 secs).
[2025-10-30 14:27:00,068] [INFO] ENTER: 'GraphRAG' calling 'since'; CURRENT SPEAKER: grok-3_mas_rag, DIALOGUE TURN NUM = 26.
[2025-10-30 14:27:00,069] [INFO] ENTER: 'GraphRAG' calling 'query_graph'; CURRENT SPEAKER: grok-3_mas_rag, DIALOGUE TURN NUM = 26.
[2025-10-30 14:27:00,092] [INFO] EXIT: 'GraphRAG' calling 'query_graph' (0.0226287841796875 secs).
[2025-10-30 14:27:00,092] [INFO] EXIT: 'GraphRAG' calling 'since' (0.022978544235229492 secs).
[2025-10-30 14:27:00,092] [INFO] ENTER: 'GraphRAG' calling 'claim'; CURRENT SPEAKER: grok-3_mas_rag, DIALOGUE TURN NUM = 26.
[2025-10-30 14:27:00,092] [INFO] ENTER: 'GraphRAG' calling 'query_graph'; CURRENT SPEAKER: grok-3_mas_rag, DIALOGUE TURN NUM = 26.
[2025-10-30 14:27:00,109] [INFO] EXIT: 'GraphRAG' calling 'query_graph' (0.017181396484375 secs).
[2025-10-30 14:27:00,109] [INFO] EXIT: 'GraphRAG' calling 'claim' (0.017583370208740234 secs).
[2025-10-30 14:27:00,128] [INFO] ENTER: 'GraphRAG' calling 'since'; CURRENT SPEAKER: grok-3_mas_rag, DIALOGUE TURN NUM = 26.
[2025-10-30 14:27:00,128] [INFO] ENTER: 'GraphRAG' calling 'query_graph'; CURRENT SPEAKER: grok-3_mas_rag, DIALOGUE TURN NUM = 26.
[2025-10-30 14:27:00,150] [INFO] EXIT: 'GraphRAG' calling 'query_graph' (0.0220949649810791 secs).
[2025-10-30 14:27:00,150] [INFO] EXIT: 'GraphRAG' calling 'since' (0.022469043731689453 secs).
[2025-10-30 14:27:00,150] [INFO] ENTER: 'GraphRAG' calling 'claim'; CURRENT SPEAKER: grok-3_mas_rag, DIALOGUE TURN NUM = 26.
[2025-10-30 14:27:00,150] [INFO] ENTER: 'GraphRAG' calling 'query_graph'; CURRENT SPEAKER: grok-3_mas_rag, DIALOGUE TURN NUM = 26.
[2025-10-30 14:27:00,167] [INFO] EXIT: 'GraphRAG' calling 'query_graph' (0.016429424285888672 secs).
[2025-10-30 14:27:00,167] [INFO] EXIT: 'GraphRAG' calling 'claim' (0.016864538192749023 secs).
[2025-10-30 14:27:00,185] [INFO] ENTER: 'GraphRAG' calling 'why'; CURRENT SPEAKER: grok-3_mas_rag, DIALOGUE TURN NUM = 26.
[2025-10-30 14:27:00,186] [INFO] ENTER: 'GraphRAG' calling 'query_graph'; CURRENT SPEAKER: grok-3_mas_rag, DIALOGUE TURN NUM = 26.
[2025-10-30 14:27:00,904] [INFO] EXIT: 'GraphRAG' calling 'query_graph' (0.7187983989715576 secs).
[2025-10-30 14:27:00,905] [INFO] EXIT: 'GraphRAG' calling 'why' (0.7192232608795166 secs).
[2025-10-30 14:27:00,905] [INFO] ENTER: 'GraphRAG' calling 'claim_negation'; CURRENT SPEAKER: grok-3_mas_rag, DIALOGUE TURN NUM = 26.
[2025-10-30 14:27:00,905] [INFO] ENTER: 'GraphRAG' calling 'query_graph'; CURRENT SPEAKER: grok-3_mas_rag, DIALOGUE TURN NUM = 26.
[2025-10-30 14:27:01,598] [INFO] EXIT: 'GraphRAG' calling 'query_graph' (0.6929655075073242 secs).
[2025-10-30 14:27:01,598] [INFO] EXIT: 'GraphRAG' calling 'claim_negation' (0.6934719085693359 secs).
[2025-10-30 14:27:01,598] [INFO] ENTER: 'GraphRAG' calling 'concede'; CURRENT SPEAKER: grok-3_mas_rag, DIALOGUE TURN NUM = 26.
[2025-10-30 14:27:01,599] [INFO] ENTER: 'GraphRAG' calling 'query_graph'; CURRENT SPEAKER: grok-3_mas_rag, DIALOGUE TURN NUM = 26.
[2025-10-30 14:27:02,316] [INFO] EXIT: 'GraphRAG' calling 'query_graph' (0.7174131870269775 secs).
[2025-10-30 14:27:02,316] [INFO] EXIT: 'GraphRAG' calling 'concede' (0.7179145812988281 secs).
[2025-10-30 14:27:02,316] [INFO] ENTER: 'GraphRAG' calling 'question'; CURRENT SPEAKER: grok-3_mas_rag, DIALOGUE TURN NUM = 26.
[2025-10-30 14:27:02,316] [INFO] ENTER: 'GraphRAG' calling 'query_graph'; CURRENT SPEAKER: grok-3_mas_rag, DIALOGUE TURN NUM = 26.
[2025-10-30 14:27:02,449] [INFO] EXIT: 'GraphRAG' calling 'query_graph' (0.13210844993591309 secs).
[2025-10-30 14:27:02,449] [INFO] EXIT: 'GraphRAG' calling 'question' (0.13259005546569824 secs).
[2025-10-30 14:27:02,467] [INFO] ENTER: 'GraphRAG' calling 'why'; CURRENT SPEAKER: grok-3_mas_rag, DIALOGUE TURN NUM = 26.
[2025-10-30 14:27:02,468] [INFO] ENTER: 'GraphRAG' calling 'query_graph'; CURRENT SPEAKER: grok-3_mas_rag, DIALOGUE TURN NUM = 26.
[2025-10-30 14:27:03,190] [INFO] EXIT: 'GraphRAG' calling 'query_graph' (0.72249436378479 secs).
[2025-10-30 14:27:03,190] [INFO] EXIT: 'GraphRAG' calling 'why' (0.722937822341919 secs).
[2025-10-30 14:27:03,190] [INFO] ENTER: 'GraphRAG' calling 'claim_negation'; CURRENT SPEAKER: grok-3_mas_rag, DIALOGUE TURN NUM = 26.
[2025-10-30 14:27:03,191] [INFO] ENTER: 'GraphRAG' calling 'query_graph'; CURRENT SPEAKER: grok-3_mas_rag, DIALOGUE TURN NUM = 26.
[2025-10-30 14:27:03,885] [INFO] EXIT: 'GraphRAG' calling 'query_graph' (0.6942846775054932 secs).
[2025-10-30 14:27:03,885] [INFO] EXIT: 'GraphRAG' calling 'claim_negation' (0.6948108673095703 secs).
[2025-10-30 14:27:03,885] [INFO] ENTER: 'GraphRAG' calling 'concede'; CURRENT SPEAKER: grok-3_mas_rag, DIALOGUE TURN NUM = 26.
[2025-10-30 14:27:03,886] [INFO] ENTER: 'GraphRAG' calling 'query_graph'; CURRENT SPEAKER: grok-3_mas_rag, DIALOGUE TURN NUM = 26.
[2025-10-30 14:27:04,606] [INFO] EXIT: 'GraphRAG' calling 'query_graph' (0.7204515933990479 secs).
[2025-10-30 14:27:04,606] [INFO] EXIT: 'GraphRAG' calling 'concede' (0.7209208011627197 secs).
[2025-10-30 14:27:04,606] [INFO] ENTER: 'GraphRAG' calling 'question'; CURRENT SPEAKER: grok-3_mas_rag, DIALOGUE TURN NUM = 26.
[2025-10-30 14:27:04,607] [INFO] ENTER: 'GraphRAG' calling 'query_graph'; CURRENT SPEAKER: grok-3_mas_rag, DIALOGUE TURN NUM = 26.
[2025-10-30 14:27:04,739] [INFO] EXIT: 'GraphRAG' calling 'query_graph' (0.13180184364318848 secs).
[2025-10-30 14:27:04,739] [INFO] EXIT: 'GraphRAG' calling 'question' (0.1322612762451172 secs).
[2025-10-30 14:27:04,757] [INFO] ENTER: 'GraphRAG' calling 'why'; CURRENT SPEAKER: grok-3_mas_rag, DIALOGUE TURN NUM = 26.
[2025-10-30 14:27:04,757] [INFO] ENTER: 'GraphRAG' calling 'query_graph'; CURRENT SPEAKER: grok-3_mas_rag, DIALOGUE TURN NUM = 26.
[2025-10-30 14:27:05,476] [INFO] EXIT: 'GraphRAG' calling 'query_graph' (0.7185628414154053 secs).
[2025-10-30 14:27:05,476] [INFO] EXIT: 'GraphRAG' calling 'why' (0.7190070152282715 secs).
[2025-10-30 14:27:05,476] [INFO] ENTER: 'GraphRAG' calling 'claim_negation'; CURRENT SPEAKER: grok-3_mas_rag, DIALOGUE TURN NUM = 26.
[2025-10-30 14:27:05,476] [INFO] ENTER: 'GraphRAG' calling 'query_graph'; CURRENT SPEAKER: grok-3_mas_rag, DIALOGUE TURN NUM = 26.
[2025-10-30 14:27:06,170] [INFO] EXIT: 'GraphRAG' calling 'query_graph' (0.6933414936065674 secs).
[2025-10-30 14:27:06,170] [INFO] EXIT: 'GraphRAG' calling 'claim_negation' (0.6938824653625488 secs).
[2025-10-30 14:27:06,170] [INFO] ENTER: 'GraphRAG' calling 'concede'; CURRENT SPEAKER: grok-3_mas_rag, DIALOGUE TURN NUM = 26.
[2025-10-30 14:27:06,170] [INFO] ENTER: 'GraphRAG' calling 'query_graph'; CURRENT SPEAKER: grok-3_mas_rag, DIALOGUE TURN NUM = 26.
[2025-10-30 14:27:06,891] [INFO] EXIT: 'GraphRAG' calling 'query_graph' (0.7205333709716797 secs).
[2025-10-30 14:27:06,891] [INFO] EXIT: 'GraphRAG' calling 'concede' (0.7210490703582764 secs).
[2025-10-30 14:27:06,891] [INFO] ENTER: 'GraphRAG' calling 'question'; CURRENT SPEAKER: grok-3_mas_rag, DIALOGUE TURN NUM = 26.
[2025-10-30 14:27:06,892] [INFO] ENTER: 'GraphRAG' calling 'query_graph'; CURRENT SPEAKER: grok-3_mas_rag, DIALOGUE TURN NUM = 26.
[2025-10-30 14:27:07,022] [INFO] EXIT: 'GraphRAG' calling 'query_graph' (0.13071560859680176 secs).
[2025-10-30 14:27:07,022] [INFO] EXIT: 'GraphRAG' calling 'question' (0.13124799728393555 secs).
[2025-10-30 14:27:07,022] [INFO] ENTER: 'GraphRAG' calling 'return_rag_examples'; CURRENT SPEAKER: grok-3_mas_rag, DIALOGUE TURN NUM = 26.
[2025-10-30 14:27:07,023] [INFO] EXIT: 'GraphRAG' calling 'return_rag_examples' (2.6226043701171875e-06 secs).
[2025-10-30 14:27:07,025] [INFO] ENTER: 'DialogueMoveGenerator' calling 'generate'; CURRENT SPEAKER: grok-3_mas_rag, DIALOGUE TURN NUM = 26.
[2025-10-30 14:27:07,025] [INFO] ENTER: 'MASPromptGenerator' calling 'claim'; CURRENT SPEAKER: grok-3_mas_rag, DIALOGUE TURN NUM = 26.
[2025-10-30 14:27:07,025] [INFO] EXIT: 'MASPromptGenerator' calling 'claim' (7.581710815429688e-05 secs).
[2025-10-30 14:27:07,026] [INFO] ENTER: 'DialogueMoveGenerator' calling 'generate'; CURRENT SPEAKER: grok-3_mas_rag, DIALOGUE TURN NUM = 26.
[2025-10-30 14:27:07,027] [INFO] ENTER: 'MASPromptGenerator' calling 'claim_negation'; CURRENT SPEAKER: grok-3_mas_rag, DIALOGUE TURN NUM = 26.
[2025-10-30 14:27:07,027] [INFO] EXIT: 'MASPromptGenerator' calling 'claim_negation' (0.00010800361633300781 secs).
[2025-10-30 14:27:07,027] [INFO] ENTER: 'DialogueMoveGenerator' calling 'generate'; CURRENT SPEAKER: grok-3_mas_rag, DIALOGUE TURN NUM = 26.
[2025-10-30 14:27:07,027] [INFO] ENTER: 'MASPromptGenerator' calling 'concede_claim'; CURRENT SPEAKER: grok-3_mas_rag, DIALOGUE TURN NUM = 26.
[2025-10-30 14:27:07,028] [INFO] EXIT: 'MASPromptGenerator' calling 'concede_claim' (0.00012230873107910156 secs).
[2025-10-30 14:27:07,028] [INFO] ENTER: 'DialogueMoveGenerator' calling 'generate'; CURRENT SPEAKER: grok-3_mas_rag, DIALOGUE TURN NUM = 26.
[2025-10-30 14:27:07,028] [INFO] ENTER: 'MASPromptGenerator' calling 'question_claim'; CURRENT SPEAKER: grok-3_mas_rag, DIALOGUE TURN NUM = 26.
[2025-10-30 14:27:07,029] [INFO] EXIT: 'MASPromptGenerator' calling 'question_claim' (0.00039315223693847656 secs).
[2025-10-30 14:27:07,029] [INFO] ENTER: 'DialogueMoveGenerator' calling 'generate'; CURRENT SPEAKER: grok-3_mas_rag, DIALOGUE TURN NUM = 26.
[2025-10-30 14:27:07,029] [INFO] ENTER: 'MASPromptGenerator' calling 'retract_claim'; CURRENT SPEAKER: grok-3_mas_rag, DIALOGUE TURN NUM = 26.
[2025-10-30 14:27:07,030] [INFO] EXIT: 'MASPromptGenerator' calling 'retract_claim' (0.00015997886657714844 secs).
[2025-10-30 14:27:07,030] [INFO] ENTER: 'DialogueMoveGenerator' calling 'generate'; CURRENT SPEAKER: grok-3_mas_rag, DIALOGUE TURN NUM = 26.
[2025-10-30 14:27:07,030] [INFO] ENTER: 'MASPromptGenerator' calling 'since_claim'; CURRENT SPEAKER: grok-3_mas_rag, DIALOGUE TURN NUM = 26.
[2025-10-30 14:27:07,031] [INFO] EXIT: 'MASPromptGenerator' calling 'since_claim' (0.00014543533325195312 secs).
[2025-10-30 14:27:07,031] [INFO] ENTER: 'DialogueMoveGenerator' calling 'generate'; CURRENT SPEAKER: grok-3_mas_rag, DIALOGUE TURN NUM = 26.
[2025-10-30 14:27:07,032] [INFO] ENTER: 'MASPromptGenerator' calling 'why_claim'; CURRENT SPEAKER: grok-3_mas_rag, DIALOGUE TURN NUM = 26.
[2025-10-30 14:27:07,032] [INFO] EXIT: 'MASPromptGenerator' calling 'why_claim' (0.00027680397033691406 secs).
[2025-10-30 14:27:12,841] [INFO] Completion returned and validated from MODEL = 'grok-3'.
[2025-10-30 14:27:12,900] [INFO] Completion returned and validated from MODEL = 'grok-3'.
[2025-10-30 14:27:13,707] [INFO] Completion returned and validated from MODEL = 'grok-3'.
[2025-10-30 14:27:14,256] [INFO] Completion returned and validated from MODEL = 'grok-3'.
[2025-10-30 14:27:14,534] [INFO] Completion returned and validated from MODEL = 'grok-3'.
[2025-10-30 14:27:14,688] [INFO] Completion returned and validated from MODEL = 'grok-3'.
[2025-10-30 14:27:16,315] [INFO] Completion returned and validated from MODEL = 'grok-3'.
[2025-10-30 14:27:19,255] [INFO] Completion returned and validated from MODEL = 'grok-3'.
[2025-10-30 14:27:22,146] [INFO] Completion returned and validated from MODEL = 'grok-3'.
[2025-10-30 14:27:23,150] [INFO] Completion returned and validated from MODEL = 'grok-3'.
[2025-10-30 14:27:23,153] [INFO] Completion returned and validated from MODEL = 'grok-3'.
[2025-10-30 14:27:23,153] [INFO] EXIT: 'DialogueMoveGenerator' calling 'generate' (16.123815774917603 secs).
[2025-10-30 14:27:23,610] [INFO] Completion returned and validated from MODEL = 'grok-3'.
[2025-10-30 14:27:23,610] [INFO] EXIT: 'DialogueMoveGenerator' calling 'generate' (16.579555988311768 secs).
[2025-10-30 14:27:23,761] [INFO] Completion returned and validated from MODEL = 'grok-3'.
[2025-10-30 14:27:23,887] [INFO] Completion returned and validated from MODEL = 'grok-3'.
[2025-10-30 14:27:23,887] [INFO] EXIT: 'DialogueMoveGenerator' calling 'generate' (16.861961841583252 secs).
[2025-10-30 14:27:28,989] [INFO] Completion returned and validated from MODEL = 'grok-3'.
[2025-10-30 14:27:30,661] [INFO] Completion returned and validated from MODEL = 'grok-3'.
[2025-10-30 14:27:33,562] [INFO] Completion returned and validated from MODEL = 'grok-3'.
[2025-10-30 14:27:33,854] [INFO] Completion returned and validated from MODEL = 'grok-3'.
[2025-10-30 14:27:34,981] [INFO] Completion returned and validated from MODEL = 'grok-3'.
[2025-10-30 14:27:37,317] [INFO] Completion returned and validated from MODEL = 'grok-3'.
[2025-10-30 14:27:38,328] [INFO] Completion returned and validated from MODEL = 'grok-3'.
[2025-10-30 14:27:40,082] [INFO] Completion returned and validated from MODEL = 'grok-3'.
[2025-10-30 14:27:40,082] [INFO] EXIT: 'DialogueMoveGenerator' calling 'generate' (33.05517864227295 secs).
[2025-10-30 14:27:40,545] [INFO] Completion returned and validated from MODEL = 'grok-3'.
[2025-10-30 14:27:45,722] [INFO] Completion returned and validated from MODEL = 'grok-3'.
[2025-10-30 14:27:45,722] [INFO] EXIT: 'DialogueMoveGenerator' calling 'generate' (38.69398093223572 secs).
[2025-10-30 14:27:46,853] [INFO] Completion returned and validated from MODEL = 'grok-3'.
[2025-10-30 14:27:46,853] [INFO] EXIT: 'DialogueMoveGenerator' calling 'generate' (39.82655906677246 secs).
[2025-10-30 14:27:47,696] [INFO] Completion returned and validated from MODEL = 'grok-3'.
[2025-10-30 14:27:47,696] [INFO] EXIT: 'DialogueMoveGenerator' calling 'generate' (40.664135217666626 secs).
[2025-10-30 14:27:47,697] [INFO] ENTER: 'MASPromptGenerator' calling 'persuasiveness_choice'; CURRENT SPEAKER: grok-3_mas_rag, DIALOGUE TURN NUM = 26.
[2025-10-30 14:27:47,697] [INFO] EXIT: 'MASPromptGenerator' calling 'persuasiveness_choice' (0.0003407001495361328 secs).
[2025-10-30 14:27:52,329] [INFO] Completion returned and validated within 'PersuasivenessChoiceAgent'; MODEL = 'grok-3'; DIALOGUE TURN NUM = 26.
[2025-10-30 14:27:56,153] [INFO] Completion returned and validated within 'PersuasivenessChoiceAgent'; MODEL = 'grok-3'; DIALOGUE TURN NUM = 26.
[2025-10-30 14:27:59,922] [INFO] Completion returned and validated within 'PersuasivenessChoiceAgent'; MODEL = 'grok-3'; DIALOGUE TURN NUM = 26.
[2025-10-30 14:28:05,452] [INFO] Completion returned and validated within 'PersuasivenessChoiceAgent'; MODEL = 'grok-3'; DIALOGUE TURN NUM = 26.
[2025-10-30 14:28:09,007] [INFO] Completion returned and validated within 'PersuasivenessChoiceAgent'; MODEL = 'grok-3'; DIALOGUE TURN NUM = 26.
[2025-10-30 14:28:13,568] [INFO] Completion returned and validated within 'PersuasivenessChoiceAgent'; MODEL = 'grok-3'; DIALOGUE TURN NUM = 26.
[2025-10-30 14:28:17,149] [INFO] Completion returned and validated within 'PersuasivenessChoiceAgent'; MODEL = 'grok-3'; DIALOGUE TURN NUM = 26.
[2025-10-30 14:28:17,150] [INFO] ENTER: 'DisambiguationAgent' calling '_grouping_similar_utterance_types'; CURRENT SPEAKER: grok-3_mas_rag, DIALOGUE TURN NUM = 26.
[2025-10-30 14:28:17,150] [INFO] EXIT: 'DisambiguationAgent' calling '_grouping_similar_utterance_types' (1.239776611328125e-05 secs).
[2025-10-30 14:28:17,150] [INFO] ENTER: 'DisambiguationAgent' calling '_identifying_similar_sentences_and_choosing_one_to_return_to_user'; CURRENT SPEAKER: grok-3_mas_rag, DIALOGUE TURN NUM = 26.
[2025-10-30 14:28:42,812] [INFO] 'DisambiguationAgent' grouped similar sentences, completion returned and validated; MODEL = 'grok-3'.
[2025-10-30 14:28:44,677] [INFO] 'DisambiguationAgent' chose sentences to remove, completion returned and validated from MODEL = 'grok-3'.
[2025-10-30 14:28:46,191] [INFO] 'DisambiguationAgent' chose sentences to remove, completion returned and validated from MODEL = 'grok-3'.
[2025-10-30 14:28:47,744] [INFO] 'DisambiguationAgent' chose sentences to remove, completion returned and validated from MODEL = 'grok-3'.
[2025-10-30 14:28:49,177] [INFO] 'DisambiguationAgent' chose sentences to remove, completion returned and validated from MODEL = 'grok-3'.
[2025-10-30 14:28:50,329] [INFO] 'DisambiguationAgent' chose sentences to remove, completion returned and validated from MODEL = 'grok-3'.
[2025-10-30 14:28:51,905] [INFO] 'DisambiguationAgent' chose sentences to remove, completion returned and validated from MODEL = 'grok-3'.
[2025-10-30 14:28:53,250] [INFO] 'DisambiguationAgent' chose sentences to remove, completion returned and validated from MODEL = 'grok-3'.
[2025-10-30 14:28:53,251] [INFO] EXIT: 'DisambiguationAgent' calling '_identifying_similar_sentences_and_choosing_one_to_return_to_user' (36.10035538673401 secs).
[2025-10-30 14:28:53,251] [INFO] ENTER: 'DisambiguationAgent' calling '_removing_repetitive_sentences'; CURRENT SPEAKER: grok-3_mas_rag, DIALOGUE TURN NUM = 26.
[2025-10-30 14:28:53,251] [INFO] EXIT: 'DisambiguationAgent' calling '_removing_repetitive_sentences' (2.002716064453125e-05 secs).
[2025-10-30 14:28:53,251] [INFO] ENTER: 'DisambiguationAgent' calling '_choose_the_most_persuasive_sentences'; CURRENT SPEAKER: grok-3_mas_rag, DIALOGUE TURN NUM = 26.
[2025-10-30 14:28:59,471] [INFO] 'DisambiguationAgent': reached maximum allowed sentences, succussfully chose most persuasive sentences, completion returned and validated from MODEL = 'grok-3'.
[2025-10-30 14:28:59,471] [INFO] EXIT: 'DisambiguationAgent' calling '_choose_the_most_persuasive_sentences' (6.220581293106079 secs).
[2025-10-30 14:28:59,471] [INFO] ENTER: 'DisambiguationAgent' calling 'return_disambiguated_sentences'; CURRENT SPEAKER: grok-3_mas_rag, DIALOGUE TURN NUM = 26.
[2025-10-30 14:28:59,471] [INFO] EXIT: 'DisambiguationAgent' calling 'return_disambiguated_sentences' (3.0994415283203125e-06 secs).
[2025-10-30 14:28:59,472] [ERROR] Wrong state used; State of type HumanState; error message: dict has unexpected extra key(s): "graph_rag_examples", "intermediate_generations", "knowledge_base_ensemble_or_model_name", "model_seed", "model_temp", "model_top_p", "number_of_graph_rag_examples", "number_of_vector_based_rag_examples", "political_position_prob_of_na", "political_position_range", "political_position_std", "speaker_model_name", "speaker_type", "vector_based_persona_string", "vector_based_persona_sys_prompt"
[2025-10-30 14:28:59,472] [INFO] Correct state used; State of type GenerationAgentsState; 'IGNORE THE ABOVE ERRORS'.
[2025-10-30 14:29:00,856] [INFO] 'commitment_update' completed '___Claim___' update for current speaker's commitments; MODEL = 'grok-3'.
[2025-10-30 14:29:01,573] [INFO] 'commitment_update' completed '___Claim___' update for current speaker's commitments; MODEL = 'grok-3'.
[2025-10-30 14:29:02,437] [INFO] 'commitment_update' completed '___Claim___' update for current speaker's commitments; MODEL = 'grok-3'.
[2025-10-30 14:29:03,134] [INFO] 'commitment_update' completed '___Claim___' update for current speaker's commitments; MODEL = 'grok-3'.
[2025-10-30 14:29:04,203] [INFO] 'commitment_update' completed '___Claim___' update for current speaker's commitments; MODEL = 'grok-3'.
[2025-10-30 14:29:04,338] [ERROR] Wrong state used; State of type HumanState; error message: dict has unexpected extra key(s): "graph_rag_examples", "intermediate_generations", "knowledge_base_ensemble_or_model_name", "model_seed", "model_temp", "model_top_p", "number_of_graph_rag_examples", "number_of_vector_based_rag_examples", "political_position_prob_of_na", "political_position_range", "political_position_std", "speaker_model_name", "speaker_type", "vector_based_persona_string", "vector_based_persona_sys_prompt"
[2025-10-30 14:29:04,338] [INFO] Correct state used; State of type GenerationAgentsState; 'IGNORE THE ABOVE ERRORS'.
[2025-10-30 14:29:04,339] [INFO] ENTER: 'UtteranceClassificationAgent' calling '_classify_sentence_utterance_types'; CURRENT SPEAKER: grok-4_mas, DIALOGUE TURN NUM = 27.
[2025-10-30 14:29:04,924] [INFO] 'UtteranceClassificationAgent' completion returned and validated from MODEL = 'ModelName.GROK_4'.
[2025-10-30 14:29:05,443] [INFO] 'UtteranceClassificationAgent' completion returned and validated from MODEL = 'ModelName.GROK_4'.
[2025-10-30 14:29:05,996] [INFO] 'UtteranceClassificationAgent' completion returned and validated from MODEL = 'ModelName.GROK_4'.
[2025-10-30 14:29:06,535] [INFO] 'UtteranceClassificationAgent' completion returned and validated from MODEL = 'ModelName.GROK_4'.
[2025-10-30 14:29:07,108] [INFO] 'UtteranceClassificationAgent' completion returned and validated from MODEL = 'ModelName.GROK_4'.
[2025-10-30 14:29:07,108] [INFO] EXIT: 'UtteranceClassificationAgent' calling '_classify_sentence_utterance_types' (2.769727945327759 secs).
[2025-10-30 14:29:07,108] [INFO] ENTER: 'UtteranceClassificationAgent' calling 'return_classified_sentences'; CURRENT SPEAKER: grok-4_mas, DIALOGUE TURN NUM = 27.
[2025-10-30 14:29:07,108] [INFO] EXIT: 'UtteranceClassificationAgent' calling 'return_classified_sentences' (2.1457672119140625e-06 secs).
[2025-10-30 14:29:07,111] [INFO] ENTER: 'DialogueMoveGenerator' calling 'generate'; CURRENT SPEAKER: grok-4_mas, DIALOGUE TURN NUM = 27.
[2025-10-30 14:29:07,111] [INFO] ENTER: 'DialogueMoveGenerator' calling 'generate'; CURRENT SPEAKER: grok-4_mas, DIALOGUE TURN NUM = 27.
[2025-10-30 14:29:07,112] [INFO] ENTER: 'DialogueMoveGenerator' calling 'generate'; CURRENT SPEAKER: grok-4_mas, DIALOGUE TURN NUM = 27.
[2025-10-30 14:29:07,113] [INFO] ENTER: 'MASPromptGenerator' calling 'concede_claim'; CURRENT SPEAKER: grok-4_mas, DIALOGUE TURN NUM = 27.
[2025-10-30 14:29:07,113] [INFO] ENTER: 'DialogueMoveGenerator' calling 'generate'; CURRENT SPEAKER: grok-4_mas, DIALOGUE TURN NUM = 27.
[2025-10-30 14:29:07,113] [INFO] ENTER: 'MASPromptGenerator' calling 'question_claim'; CURRENT SPEAKER: grok-4_mas, DIALOGUE TURN NUM = 27.
[2025-10-30 14:29:07,114] [INFO] ENTER: 'MASPromptGenerator' calling 'claim_negation'; CURRENT SPEAKER: grok-4_mas, DIALOGUE TURN NUM = 27.
[2025-10-30 14:29:07,114] [INFO] EXIT: 'MASPromptGenerator' calling 'concede_claim' (0.000141143798828125 secs).
[2025-10-30 14:29:07,114] [INFO] ENTER: 'MASPromptGenerator' calling 'why_claim'; CURRENT SPEAKER: grok-4_mas, DIALOGUE TURN NUM = 27.
[2025-10-30 14:29:07,115] [INFO] EXIT: 'MASPromptGenerator' calling 'question_claim' (0.0001373291015625 secs).
[2025-10-30 14:29:07,115] [INFO] EXIT: 'MASPromptGenerator' calling 'claim_negation' (0.00012564659118652344 secs).
[2025-10-30 14:29:07,116] [INFO] EXIT: 'MASPromptGenerator' calling 'why_claim' (0.00014448165893554688 secs).
[2025-10-30 14:29:08,757] [INFO] Completion returned and validated from MODEL = 'grok-4'.
[2025-10-30 14:29:09,012] [INFO] Completion returned and validated from MODEL = 'grok-4'.
[2025-10-30 14:29:09,030] [INFO] Completion returned and validated from MODEL = 'grok-4'.
[2025-10-30 14:29:09,064] [INFO] Completion returned and validated from MODEL = 'grok-4'.
[2025-10-30 14:29:10,015] [INFO] Completion returned and validated from MODEL = 'grok-4'.
[2025-10-30 14:29:10,392] [INFO] Completion returned and validated from MODEL = 'grok-4'.
[2025-10-30 14:29:10,458] [INFO] Completion returned and validated from MODEL = 'grok-4'.
[2025-10-30 14:29:10,473] [INFO] Completion returned and validated from MODEL = 'grok-4'.
[2025-10-30 14:29:11,124] [INFO] Completion returned and validated from MODEL = 'grok-4'.
[2025-10-30 14:29:11,919] [INFO] Completion returned and validated from MODEL = 'grok-4'.
[2025-10-30 14:29:11,978] [INFO] Completion returned and validated from MODEL = 'grok-4'.
[2025-10-30 14:29:12,035] [INFO] Completion returned and validated from MODEL = 'grok-4'.
[2025-10-30 14:29:12,345] [INFO] Completion returned and validated from MODEL = 'grok-4'.
[2025-10-30 14:29:13,414] [INFO] Completion returned and validated from MODEL = 'grok-4'.
[2025-10-30 14:29:13,414] [INFO] EXIT: 'DialogueMoveGenerator' calling 'generate' (6.3013811111450195 secs).
[2025-10-30 14:29:13,464] [INFO] Completion returned and validated from MODEL = 'grok-4'.
[2025-10-30 14:29:13,464] [INFO] EXIT: 'DialogueMoveGenerator' calling 'generate' (6.35053825378418 secs).
[2025-10-30 14:29:13,563] [INFO] Completion returned and validated from MODEL = 'grok-4'.
[2025-10-30 14:29:13,569] [INFO] Completion returned and validated from MODEL = 'grok-4'.
[2025-10-30 14:29:15,015] [INFO] Completion returned and validated from MODEL = 'grok-4'.
[2025-10-30 14:29:15,016] [INFO] EXIT: 'DialogueMoveGenerator' calling 'generate' (7.901514768600464 secs).
[2025-10-30 14:29:15,040] [INFO] Completion returned and validated from MODEL = 'grok-4'.
[2025-10-30 14:29:15,040] [INFO] EXIT: 'DialogueMoveGenerator' calling 'generate' (7.926791429519653 secs).
[2025-10-30 14:29:15,041] [INFO] ENTER: 'MASPromptGenerator' calling 'persuasiveness_choice'; CURRENT SPEAKER: grok-4_mas, DIALOGUE TURN NUM = 27.
[2025-10-30 14:29:15,041] [INFO] EXIT: 'MASPromptGenerator' calling 'persuasiveness_choice' (0.00022172927856445312 secs).
[2025-10-30 14:29:16,851] [INFO] Completion returned and validated within 'PersuasivenessChoiceAgent'; MODEL = 'grok-4'; DIALOGUE TURN NUM = 27.
[2025-10-30 14:29:18,359] [INFO] Completion returned and validated within 'PersuasivenessChoiceAgent'; MODEL = 'grok-4'; DIALOGUE TURN NUM = 27.
[2025-10-30 14:29:20,117] [INFO] Completion returned and validated within 'PersuasivenessChoiceAgent'; MODEL = 'grok-4'; DIALOGUE TURN NUM = 27.
[2025-10-30 14:29:21,596] [INFO] Completion returned and validated within 'PersuasivenessChoiceAgent'; MODEL = 'grok-4'; DIALOGUE TURN NUM = 27.
[2025-10-30 14:29:23,486] [INFO] Completion returned and validated within 'PersuasivenessChoiceAgent'; MODEL = 'grok-4'; DIALOGUE TURN NUM = 27.
[2025-10-30 14:29:23,486] [INFO] ENTER: 'DisambiguationAgent' calling '_grouping_similar_utterance_types'; CURRENT SPEAKER: grok-4_mas, DIALOGUE TURN NUM = 27.
[2025-10-30 14:29:23,486] [INFO] EXIT: 'DisambiguationAgent' calling '_grouping_similar_utterance_types' (1.1205673217773438e-05 secs).
[2025-10-30 14:29:23,486] [INFO] ENTER: 'DisambiguationAgent' calling '_identifying_similar_sentences_and_choosing_one_to_return_to_user'; CURRENT SPEAKER: grok-4_mas, DIALOGUE TURN NUM = 27.
[2025-10-30 14:29:26,099] [INFO] 'DisambiguationAgent' grouped similar sentences, completion returned and validated; MODEL = 'grok-4'.
[2025-10-30 14:29:26,099] [INFO] EXIT: 'DisambiguationAgent' calling '_identifying_similar_sentences_and_choosing_one_to_return_to_user' (2.6132826805114746 secs).
[2025-10-30 14:29:26,100] [INFO] ENTER: 'DisambiguationAgent' calling '_identifying_similar_sentences_and_choosing_one_to_return_to_user'; CURRENT SPEAKER: grok-4_mas, DIALOGUE TURN NUM = 27.
[2025-10-30 14:29:29,537] [INFO] 'DisambiguationAgent' grouped similar sentences, completion returned and validated; MODEL = 'grok-4'.
[2025-10-30 14:29:30,312] [INFO] 'DisambiguationAgent' chose sentences to remove, completion returned and validated from MODEL = 'grok-4'.
[2025-10-30 14:29:31,039] [INFO] 'DisambiguationAgent' chose sentences to remove, completion returned and validated from MODEL = 'grok-4'.
[2025-10-30 14:29:31,764] [INFO] 'DisambiguationAgent' chose sentences to remove, completion returned and validated from MODEL = 'grok-4'.
[2025-10-30 14:29:31,764] [INFO] EXIT: 'DisambiguationAgent' calling '_identifying_similar_sentences_and_choosing_one_to_return_to_user' (5.664918899536133 secs).
[2025-10-30 14:29:31,765] [INFO] ENTER: 'DisambiguationAgent' calling '_removing_repetitive_sentences'; CURRENT SPEAKER: grok-4_mas, DIALOGUE TURN NUM = 27.
[2025-10-30 14:29:31,765] [INFO] EXIT: 'DisambiguationAgent' calling '_removing_repetitive_sentences' (1.7881393432617188e-05 secs).
[2025-10-30 14:29:31,765] [INFO] ENTER: 'DisambiguationAgent' calling '_choose_the_most_persuasive_sentences'; CURRENT SPEAKER: grok-4_mas, DIALOGUE TURN NUM = 27.
[2025-10-30 14:29:33,252] [INFO] 'DisambiguationAgent': reached maximum allowed sentences, succussfully chose most persuasive sentences, completion returned and validated from MODEL = 'grok-4'.
[2025-10-30 14:29:33,252] [INFO] EXIT: 'DisambiguationAgent' calling '_choose_the_most_persuasive_sentences' (1.4870595932006836 secs).
[2025-10-30 14:29:33,252] [INFO] ENTER: 'DisambiguationAgent' calling 'return_disambiguated_sentences'; CURRENT SPEAKER: grok-4_mas, DIALOGUE TURN NUM = 27.
[2025-10-30 14:29:33,252] [INFO] EXIT: 'DisambiguationAgent' calling 'return_disambiguated_sentences' (2.6226043701171875e-06 secs).
[2025-10-30 14:29:33,252] [ERROR] Wrong state used; State of type HumanState; error message: dict has unexpected extra key(s): "graph_rag_examples", "intermediate_generations", "knowledge_base_ensemble_or_model_name", "model_seed", "model_temp", "model_top_p", "number_of_graph_rag_examples", "number_of_vector_based_rag_examples", "political_position_prob_of_na", "political_position_range", "political_position_std", "speaker_model_name", "speaker_type", "vector_based_persona_string", "vector_based_persona_sys_prompt"
[2025-10-30 14:29:33,253] [INFO] Correct state used; State of type GenerationAgentsState; 'IGNORE THE ABOVE ERRORS'.
[2025-10-30 14:29:33,802] [INFO] 'commitment_update' completed '___Claim___' update for current speaker's commitments; MODEL = 'grok-4'.
[2025-10-30 14:29:34,329] [INFO] 'commitment_update' completed '___Claim___' update for current speaker's commitments; MODEL = 'grok-4'.
[2025-10-30 14:29:34,937] [INFO] 'commitment_update' completed '___Claim___' update for current speaker's commitments; MODEL = 'grok-4'.
[2025-10-30 14:29:35,022] [ERROR] Wrong state used; State of type HumanState; error message: dict has unexpected extra key(s): "graph_rag_examples", "intermediate_generations", "knowledge_base_ensemble_or_model_name", "model_seed", "model_temp", "model_top_p", "number_of_graph_rag_examples", "number_of_vector_based_rag_examples", "political_position_prob_of_na", "political_position_range", "political_position_std", "speaker_model_name", "speaker_type", "vector_based_persona_string", "vector_based_persona_sys_prompt"
[2025-10-30 14:29:35,022] [INFO] Correct state used; State of type GenerationAgentsState; 'IGNORE THE ABOVE ERRORS'.
[2025-10-30 14:29:35,022] [INFO] ENTER: 'UtteranceClassificationAgent' calling '_classify_sentence_utterance_types'; CURRENT SPEAKER: grok-3_mas_rag, DIALOGUE TURN NUM = 28.
[2025-10-30 14:29:35,796] [INFO] 'UtteranceClassificationAgent' completion returned and validated from MODEL = 'ModelName.GROK_3'.
[2025-10-30 14:29:36,705] [INFO] 'UtteranceClassificationAgent' completion returned and validated from MODEL = 'ModelName.GROK_3'.
[2025-10-30 14:29:37,494] [INFO] 'UtteranceClassificationAgent' completion returned and validated from MODEL = 'ModelName.GROK_3'.
[2025-10-30 14:29:38,331] [INFO] 'UtteranceClassificationAgent' completion returned and validated from MODEL = 'ModelName.GROK_3'.
[2025-10-30 14:29:38,995] [INFO] 'UtteranceClassificationAgent' completion returned and validated from MODEL = 'ModelName.GROK_3'.
[2025-10-30 14:29:39,735] [INFO] 'UtteranceClassificationAgent' completion returned and validated from MODEL = 'ModelName.GROK_3'.
[2025-10-30 14:29:40,477] [INFO] 'UtteranceClassificationAgent' completion returned and validated from MODEL = 'ModelName.GROK_3'.
[2025-10-30 14:29:40,477] [INFO] EXIT: 'UtteranceClassificationAgent' calling '_classify_sentence_utterance_types' (5.454679489135742 secs).
[2025-10-30 14:29:40,477] [INFO] ENTER: 'UtteranceClassificationAgent' calling 'return_classified_sentences'; CURRENT SPEAKER: grok-3_mas_rag, DIALOGUE TURN NUM = 28.
[2025-10-30 14:29:40,477] [INFO] EXIT: 'UtteranceClassificationAgent' calling 'return_classified_sentences' (1.9073486328125e-06 secs).
[2025-10-30 14:29:40,498] [INFO] ENTER: 'GraphRAG' calling 'why'; CURRENT SPEAKER: grok-3_mas_rag, DIALOGUE TURN NUM = 28.
[2025-10-30 14:29:40,498] [INFO] ENTER: 'GraphRAG' calling 'query_graph'; CURRENT SPEAKER: grok-3_mas_rag, DIALOGUE TURN NUM = 28.
[2025-10-30 14:29:41,217] [INFO] EXIT: 'GraphRAG' calling 'query_graph' (0.718621015548706 secs).
[2025-10-30 14:29:41,217] [INFO] EXIT: 'GraphRAG' calling 'why' (0.7190372943878174 secs).
[2025-10-30 14:29:41,217] [INFO] ENTER: 'GraphRAG' calling 'claim_negation'; CURRENT SPEAKER: grok-3_mas_rag, DIALOGUE TURN NUM = 28.
[2025-10-30 14:29:41,217] [INFO] ENTER: 'GraphRAG' calling 'query_graph'; CURRENT SPEAKER: grok-3_mas_rag, DIALOGUE TURN NUM = 28.
[2025-10-30 14:29:41,908] [INFO] EXIT: 'GraphRAG' calling 'query_graph' (0.6907830238342285 secs).
[2025-10-30 14:29:41,908] [INFO] EXIT: 'GraphRAG' calling 'claim_negation' (0.6911664009094238 secs).
[2025-10-30 14:29:41,908] [INFO] ENTER: 'GraphRAG' calling 'concede'; CURRENT SPEAKER: grok-3_mas_rag, DIALOGUE TURN NUM = 28.
[2025-10-30 14:29:41,908] [INFO] ENTER: 'GraphRAG' calling 'query_graph'; CURRENT SPEAKER: grok-3_mas_rag, DIALOGUE TURN NUM = 28.
[2025-10-30 14:29:42,624] [INFO] EXIT: 'GraphRAG' calling 'query_graph' (0.716022253036499 secs).
[2025-10-30 14:29:42,624] [INFO] EXIT: 'GraphRAG' calling 'concede' (0.7164084911346436 secs).
[2025-10-30 14:29:42,624] [INFO] ENTER: 'GraphRAG' calling 'question'; CURRENT SPEAKER: grok-3_mas_rag, DIALOGUE TURN NUM = 28.
[2025-10-30 14:29:42,625] [INFO] ENTER: 'GraphRAG' calling 'query_graph'; CURRENT SPEAKER: grok-3_mas_rag, DIALOGUE TURN NUM = 28.
[2025-10-30 14:29:42,756] [INFO] EXIT: 'GraphRAG' calling 'query_graph' (0.1311779022216797 secs).
[2025-10-30 14:29:42,756] [INFO] EXIT: 'GraphRAG' calling 'question' (0.1315321922302246 secs).
[2025-10-30 14:29:42,772] [INFO] ENTER: 'GraphRAG' calling 'why'; CURRENT SPEAKER: grok-3_mas_rag, DIALOGUE TURN NUM = 28.
[2025-10-30 14:29:42,772] [INFO] ENTER: 'GraphRAG' calling 'query_graph'; CURRENT SPEAKER: grok-3_mas_rag, DIALOGUE TURN NUM = 28.
[2025-10-30 14:29:43,489] [INFO] EXIT: 'GraphRAG' calling 'query_graph' (0.7171347141265869 secs).
[2025-10-30 14:29:43,489] [INFO] EXIT: 'GraphRAG' calling 'why' (0.7174954414367676 secs).
[2025-10-30 14:29:43,489] [INFO] ENTER: 'GraphRAG' calling 'claim_negation'; CURRENT SPEAKER: grok-3_mas_rag, DIALOGUE TURN NUM = 28.
[2025-10-30 14:29:43,490] [INFO] ENTER: 'GraphRAG' calling 'query_graph'; CURRENT SPEAKER: grok-3_mas_rag, DIALOGUE TURN NUM = 28.
[2025-10-30 14:29:44,179] [INFO] EXIT: 'GraphRAG' calling 'query_graph' (0.6898579597473145 secs).
[2025-10-30 14:29:44,180] [INFO] EXIT: 'GraphRAG' calling 'claim_negation' (0.6902647018432617 secs).
[2025-10-30 14:29:44,180] [INFO] ENTER: 'GraphRAG' calling 'concede'; CURRENT SPEAKER: grok-3_mas_rag, DIALOGUE TURN NUM = 28.
[2025-10-30 14:29:44,180] [INFO] ENTER: 'GraphRAG' calling 'query_graph'; CURRENT SPEAKER: grok-3_mas_rag, DIALOGUE TURN NUM = 28.
[2025-10-30 14:29:44,899] [INFO] EXIT: 'GraphRAG' calling 'query_graph' (0.7192668914794922 secs).
[2025-10-30 14:29:44,899] [INFO] EXIT: 'GraphRAG' calling 'concede' (0.719637393951416 secs).
[2025-10-30 14:29:44,899] [INFO] ENTER: 'GraphRAG' calling 'question'; CURRENT SPEAKER: grok-3_mas_rag, DIALOGUE TURN NUM = 28.
[2025-10-30 14:29:44,900] [INFO] ENTER: 'GraphRAG' calling 'query_graph'; CURRENT SPEAKER: grok-3_mas_rag, DIALOGUE TURN NUM = 28.
[2025-10-30 14:29:45,031] [INFO] EXIT: 'GraphRAG' calling 'query_graph' (0.13084864616394043 secs).
[2025-10-30 14:29:45,031] [INFO] EXIT: 'GraphRAG' calling 'question' (0.13127660751342773 secs).
[2025-10-30 14:29:45,048] [INFO] ENTER: 'GraphRAG' calling 'why'; CURRENT SPEAKER: grok-3_mas_rag, DIALOGUE TURN NUM = 28.
[2025-10-30 14:29:45,048] [INFO] ENTER: 'GraphRAG' calling 'query_graph'; CURRENT SPEAKER: grok-3_mas_rag, DIALOGUE TURN NUM = 28.
[2025-10-30 14:29:45,764] [INFO] EXIT: 'GraphRAG' calling 'query_graph' (0.715263843536377 secs).
[2025-10-30 14:29:45,764] [INFO] EXIT: 'GraphRAG' calling 'why' (0.715646505355835 secs).
[2025-10-30 14:29:45,764] [INFO] ENTER: 'GraphRAG' calling 'claim_negation'; CURRENT SPEAKER: grok-3_mas_rag, DIALOGUE TURN NUM = 28.
[2025-10-30 14:29:45,764] [INFO] ENTER: 'GraphRAG' calling 'query_graph'; CURRENT SPEAKER: grok-3_mas_rag, DIALOGUE TURN NUM = 28.
[2025-10-30 14:29:46,454] [INFO] EXIT: 'GraphRAG' calling 'query_graph' (0.6903305053710938 secs).
[2025-10-30 14:29:46,454] [INFO] EXIT: 'GraphRAG' calling 'claim_negation' (0.6907541751861572 secs).
[2025-10-30 14:29:46,454] [INFO] ENTER: 'GraphRAG' calling 'concede'; CURRENT SPEAKER: grok-3_mas_rag, DIALOGUE TURN NUM = 28.
[2025-10-30 14:29:46,455] [INFO] ENTER: 'GraphRAG' calling 'query_graph'; CURRENT SPEAKER: grok-3_mas_rag, DIALOGUE TURN NUM = 28.
[2025-10-30 14:29:47,174] [INFO] EXIT: 'GraphRAG' calling 'query_graph' (0.719489336013794 secs).
[2025-10-30 14:29:47,174] [INFO] EXIT: 'GraphRAG' calling 'concede' (0.7198874950408936 secs).
[2025-10-30 14:29:47,174] [INFO] ENTER: 'GraphRAG' calling 'question'; CURRENT SPEAKER: grok-3_mas_rag, DIALOGUE TURN NUM = 28.
[2025-10-30 14:29:47,175] [INFO] ENTER: 'GraphRAG' calling 'query_graph'; CURRENT SPEAKER: grok-3_mas_rag, DIALOGUE TURN NUM = 28.
[2025-10-30 14:29:47,304] [INFO] EXIT: 'GraphRAG' calling 'query_graph' (0.1295185089111328 secs).
[2025-10-30 14:29:47,304] [INFO] EXIT: 'GraphRAG' calling 'question' (0.12987065315246582 secs).
[2025-10-30 14:29:47,320] [INFO] ENTER: 'GraphRAG' calling 'why'; CURRENT SPEAKER: grok-3_mas_rag, DIALOGUE TURN NUM = 28.
[2025-10-30 14:29:47,321] [INFO] ENTER: 'GraphRAG' calling 'query_graph'; CURRENT SPEAKER: grok-3_mas_rag, DIALOGUE TURN NUM = 28.
[2025-10-30 14:29:48,039] [INFO] EXIT: 'GraphRAG' calling 'query_graph' (0.7181437015533447 secs).
[2025-10-30 14:29:48,039] [INFO] EXIT: 'GraphRAG' calling 'why' (0.7185087203979492 secs).
[2025-10-30 14:29:48,039] [INFO] ENTER: 'GraphRAG' calling 'claim_negation'; CURRENT SPEAKER: grok-3_mas_rag, DIALOGUE TURN NUM = 28.
[2025-10-30 14:29:48,039] [INFO] ENTER: 'GraphRAG' calling 'query_graph'; CURRENT SPEAKER: grok-3_mas_rag, DIALOGUE TURN NUM = 28.
[2025-10-30 14:29:48,733] [INFO] EXIT: 'GraphRAG' calling 'query_graph' (0.6932706832885742 secs).
[2025-10-30 14:29:48,733] [INFO] EXIT: 'GraphRAG' calling 'claim_negation' (0.6936886310577393 secs).
[2025-10-30 14:29:48,733] [INFO] ENTER: 'GraphRAG' calling 'concede'; CURRENT SPEAKER: grok-3_mas_rag, DIALOGUE TURN NUM = 28.
[2025-10-30 14:29:48,733] [INFO] ENTER: 'GraphRAG' calling 'query_graph'; CURRENT SPEAKER: grok-3_mas_rag, DIALOGUE TURN NUM = 28.
[2025-10-30 14:29:49,450] [INFO] EXIT: 'GraphRAG' calling 'query_graph' (0.7170836925506592 secs).
[2025-10-30 14:29:49,450] [INFO] EXIT: 'GraphRAG' calling 'concede' (0.7174944877624512 secs).
[2025-10-30 14:29:49,450] [INFO] ENTER: 'GraphRAG' calling 'question'; CURRENT SPEAKER: grok-3_mas_rag, DIALOGUE TURN NUM = 28.
[2025-10-30 14:29:49,451] [INFO] ENTER: 'GraphRAG' calling 'query_graph'; CURRENT SPEAKER: grok-3_mas_rag, DIALOGUE TURN NUM = 28.
[2025-10-30 14:29:49,582] [INFO] EXIT: 'GraphRAG' calling 'query_graph' (0.1314983367919922 secs).
[2025-10-30 14:29:49,582] [INFO] EXIT: 'GraphRAG' calling 'question' (0.1319434642791748 secs).
[2025-10-30 14:29:49,599] [INFO] ENTER: 'GraphRAG' calling 'why'; CURRENT SPEAKER: grok-3_mas_rag, DIALOGUE TURN NUM = 28.
[2025-10-30 14:29:49,600] [INFO] ENTER: 'GraphRAG' calling 'query_graph'; CURRENT SPEAKER: grok-3_mas_rag, DIALOGUE TURN NUM = 28.
[2025-10-30 14:29:50,316] [INFO] EXIT: 'GraphRAG' calling 'query_graph' (0.716524600982666 secs).
[2025-10-30 14:29:50,316] [INFO] EXIT: 'GraphRAG' calling 'why' (0.7169315814971924 secs).
[2025-10-30 14:29:50,316] [INFO] ENTER: 'GraphRAG' calling 'claim_negation'; CURRENT SPEAKER: grok-3_mas_rag, DIALOGUE TURN NUM = 28.
[2025-10-30 14:29:50,317] [INFO] ENTER: 'GraphRAG' calling 'query_graph'; CURRENT SPEAKER: grok-3_mas_rag, DIALOGUE TURN NUM = 28.
[2025-10-30 14:29:51,007] [INFO] EXIT: 'GraphRAG' calling 'query_graph' (0.6899144649505615 secs).
[2025-10-30 14:29:51,007] [INFO] EXIT: 'GraphRAG' calling 'claim_negation' (0.6903076171875 secs).
[2025-10-30 14:29:51,007] [INFO] ENTER: 'GraphRAG' calling 'concede'; CURRENT SPEAKER: grok-3_mas_rag, DIALOGUE TURN NUM = 28.
[2025-10-30 14:29:51,007] [INFO] ENTER: 'GraphRAG' calling 'query_graph'; CURRENT SPEAKER: grok-3_mas_rag, DIALOGUE TURN NUM = 28.
[2025-10-30 14:29:51,725] [INFO] EXIT: 'GraphRAG' calling 'query_graph' (0.7175936698913574 secs).
[2025-10-30 14:29:51,725] [INFO] EXIT: 'GraphRAG' calling 'concede' (0.7179245948791504 secs).
[2025-10-30 14:29:51,725] [INFO] ENTER: 'GraphRAG' calling 'question'; CURRENT SPEAKER: grok-3_mas_rag, DIALOGUE TURN NUM = 28.
[2025-10-30 14:29:51,725] [INFO] ENTER: 'GraphRAG' calling 'query_graph'; CURRENT SPEAKER: grok-3_mas_rag, DIALOGUE TURN NUM = 28.
[2025-10-30 14:29:51,856] [INFO] EXIT: 'GraphRAG' calling 'query_graph' (0.13071107864379883 secs).
[2025-10-30 14:29:51,856] [INFO] EXIT: 'GraphRAG' calling 'question' (0.13106584548950195 secs).
[2025-10-30 14:29:51,873] [INFO] ENTER: 'GraphRAG' calling 'since'; CURRENT SPEAKER: grok-3_mas_rag, DIALOGUE TURN NUM = 28.
[2025-10-30 14:29:51,873] [INFO] ENTER: 'GraphRAG' calling 'query_graph'; CURRENT SPEAKER: grok-3_mas_rag, DIALOGUE TURN NUM = 28.
[2025-10-30 14:29:51,895] [INFO] EXIT: 'GraphRAG' calling 'query_graph' (0.022200822830200195 secs).
[2025-10-30 14:29:51,895] [INFO] EXIT: 'GraphRAG' calling 'since' (0.022568464279174805 secs).
[2025-10-30 14:29:51,895] [INFO] ENTER: 'GraphRAG' calling 'claim'; CURRENT SPEAKER: grok-3_mas_rag, DIALOGUE TURN NUM = 28.
[2025-10-30 14:29:51,896] [INFO] ENTER: 'GraphRAG' calling 'query_graph'; CURRENT SPEAKER: grok-3_mas_rag, DIALOGUE TURN NUM = 28.
[2025-10-30 14:29:51,913] [INFO] EXIT: 'GraphRAG' calling 'query_graph' (0.0174868106842041 secs).
[2025-10-30 14:29:51,913] [INFO] EXIT: 'GraphRAG' calling 'claim' (0.017877817153930664 secs).
[2025-10-30 14:29:51,930] [INFO] ENTER: 'GraphRAG' calling 'since'; CURRENT SPEAKER: grok-3_mas_rag, DIALOGUE TURN NUM = 28.
[2025-10-30 14:29:51,930] [INFO] ENTER: 'GraphRAG' calling 'query_graph'; CURRENT SPEAKER: grok-3_mas_rag, DIALOGUE TURN NUM = 28.
[2025-10-30 14:29:51,952] [INFO] EXIT: 'GraphRAG' calling 'query_graph' (0.022057056427001953 secs).
[2025-10-30 14:29:51,952] [INFO] EXIT: 'GraphRAG' calling 'since' (0.022446870803833008 secs).
[2025-10-30 14:29:51,952] [INFO] ENTER: 'GraphRAG' calling 'claim'; CURRENT SPEAKER: grok-3_mas_rag, DIALOGUE TURN NUM = 28.
[2025-10-30 14:29:51,953] [INFO] ENTER: 'GraphRAG' calling 'query_graph'; CURRENT SPEAKER: grok-3_mas_rag, DIALOGUE TURN NUM = 28.
[2025-10-30 14:29:51,970] [INFO] EXIT: 'GraphRAG' calling 'query_graph' (0.01694512367248535 secs).
[2025-10-30 14:29:51,970] [INFO] EXIT: 'GraphRAG' calling 'claim' (0.0173337459564209 secs).
[2025-10-30 14:29:51,970] [INFO] ENTER: 'GraphRAG' calling 'return_rag_examples'; CURRENT SPEAKER: grok-3_mas_rag, DIALOGUE TURN NUM = 28.
[2025-10-30 14:29:51,970] [INFO] EXIT: 'GraphRAG' calling 'return_rag_examples' (2.1457672119140625e-06 secs).
[2025-10-30 14:29:51,972] [INFO] ENTER: 'DialogueMoveGenerator' calling 'generate'; CURRENT SPEAKER: grok-3_mas_rag, DIALOGUE TURN NUM = 28.
[2025-10-30 14:29:51,973] [INFO] ENTER: 'MASPromptGenerator' calling 'claim'; CURRENT SPEAKER: grok-3_mas_rag, DIALOGUE TURN NUM = 28.
[2025-10-30 14:29:51,973] [INFO] EXIT: 'MASPromptGenerator' calling 'claim' (0.00012683868408203125 secs).
[2025-10-30 14:29:51,974] [INFO] ENTER: 'DialogueMoveGenerator' calling 'generate'; CURRENT SPEAKER: grok-3_mas_rag, DIALOGUE TURN NUM = 28.
[2025-10-30 14:29:51,975] [INFO] ENTER: 'MASPromptGenerator' calling 'claim_negation'; CURRENT SPEAKER: grok-3_mas_rag, DIALOGUE TURN NUM = 28.
[2025-10-30 14:29:51,975] [INFO] EXIT: 'MASPromptGenerator' calling 'claim_negation' (8.463859558105469e-05 secs).
[2025-10-30 14:29:51,975] [INFO] ENTER: 'DialogueMoveGenerator' calling 'generate'; CURRENT SPEAKER: grok-3_mas_rag, DIALOGUE TURN NUM = 28.
[2025-10-30 14:29:51,975] [INFO] ENTER: 'MASPromptGenerator' calling 'concede_claim'; CURRENT SPEAKER: grok-3_mas_rag, DIALOGUE TURN NUM = 28.
[2025-10-30 14:29:51,976] [INFO] EXIT: 'MASPromptGenerator' calling 'concede_claim' (9.250640869140625e-05 secs).
[2025-10-30 14:29:51,976] [INFO] ENTER: 'DialogueMoveGenerator' calling 'generate'; CURRENT SPEAKER: grok-3_mas_rag, DIALOGUE TURN NUM = 28.
[2025-10-30 14:29:51,976] [INFO] ENTER: 'MASPromptGenerator' calling 'question_claim'; CURRENT SPEAKER: grok-3_mas_rag, DIALOGUE TURN NUM = 28.
[2025-10-30 14:29:51,977] [INFO] EXIT: 'MASPromptGenerator' calling 'question_claim' (0.0002846717834472656 secs).
[2025-10-30 14:29:51,978] [INFO] ENTER: 'DialogueMoveGenerator' calling 'generate'; CURRENT SPEAKER: grok-3_mas_rag, DIALOGUE TURN NUM = 28.
[2025-10-30 14:29:51,978] [INFO] ENTER: 'MASPromptGenerator' calling 'retract_claim'; CURRENT SPEAKER: grok-3_mas_rag, DIALOGUE TURN NUM = 28.
[2025-10-30 14:29:51,978] [INFO] EXIT: 'MASPromptGenerator' calling 'retract_claim' (0.00013208389282226562 secs).
[2025-10-30 14:29:51,979] [INFO] ENTER: 'DialogueMoveGenerator' calling 'generate'; CURRENT SPEAKER: grok-3_mas_rag, DIALOGUE TURN NUM = 28.
[2025-10-30 14:29:51,979] [INFO] ENTER: 'MASPromptGenerator' calling 'since_claim'; CURRENT SPEAKER: grok-3_mas_rag, DIALOGUE TURN NUM = 28.
[2025-10-30 14:29:51,980] [INFO] EXIT: 'MASPromptGenerator' calling 'since_claim' (0.00012803077697753906 secs).
[2025-10-30 14:29:51,980] [INFO] ENTER: 'DialogueMoveGenerator' calling 'generate'; CURRENT SPEAKER: grok-3_mas_rag, DIALOGUE TURN NUM = 28.
[2025-10-30 14:29:51,980] [INFO] ENTER: 'MASPromptGenerator' calling 'why_claim'; CURRENT SPEAKER: grok-3_mas_rag, DIALOGUE TURN NUM = 28.
[2025-10-30 14:29:51,980] [INFO] EXIT: 'MASPromptGenerator' calling 'why_claim' (0.0002949237823486328 secs).
[2025-10-30 14:29:55,212] [INFO] Completion returned and validated from MODEL = 'grok-3'.
[2025-10-30 14:29:56,331] [INFO] Completion returned and validated from MODEL = 'grok-3'.
[2025-10-30 14:29:56,483] [INFO] Completion returned and validated from MODEL = 'grok-3'.
[2025-10-30 14:30:00,440] [INFO] Completion returned and validated from MODEL = 'grok-3'.
[2025-10-30 14:30:00,442] [INFO] Completion returned and validated from MODEL = 'grok-3'.
[2025-10-30 14:30:00,754] [INFO] Completion returned and validated from MODEL = 'grok-3'.
[2025-10-30 14:30:01,333] [INFO] Completion returned and validated from MODEL = 'grok-3'.
[2025-10-30 14:30:01,521] [INFO] Completion returned and validated from MODEL = 'grok-3'.
[2025-10-30 14:30:02,645] [INFO] Completion returned and validated from MODEL = 'grok-3'.
[2025-10-30 14:30:02,738] [INFO] Completion returned and validated from MODEL = 'grok-3'.
[2025-10-30 14:30:05,232] [INFO] Completion returned and validated from MODEL = 'grok-3'.
[2025-10-30 14:30:05,616] [INFO] Completion returned and validated from MODEL = 'grok-3'.
[2025-10-30 14:30:05,616] [INFO] EXIT: 'DialogueMoveGenerator' calling 'generate' (13.638572692871094 secs).
[2025-10-30 14:30:05,695] [INFO] Completion returned and validated from MODEL = 'grok-3'.
[2025-10-30 14:30:05,695] [INFO] EXIT: 'DialogueMoveGenerator' calling 'generate' (13.715560913085938 secs).
[2025-10-30 14:30:05,768] [INFO] Completion returned and validated from MODEL = 'grok-3'.
[2025-10-30 14:30:05,768] [INFO] EXIT: 'DialogueMoveGenerator' calling 'generate' (13.795419216156006 secs).
[2025-10-30 14:30:07,174] [INFO] Completion returned and validated from MODEL = 'grok-3'.
[2025-10-30 14:30:08,522] [INFO] Completion returned and validated from MODEL = 'grok-3'.
[2025-10-30 14:30:09,069] [INFO] Completion returned and validated from MODEL = 'grok-3'.
[2025-10-30 14:30:09,350] [INFO] Completion returned and validated from MODEL = 'grok-3'.
[2025-10-30 14:30:10,806] [INFO] Completion returned and validated from MODEL = 'grok-3'.
[2025-10-30 14:30:12,747] [INFO] Completion returned and validated from MODEL = 'grok-3'.
[2025-10-30 14:30:13,466] [INFO] Completion returned and validated from MODEL = 'grok-3'.
[2025-10-30 14:30:13,539] [INFO] Completion returned and validated from MODEL = 'grok-3'.
[2025-10-30 14:30:17,632] [INFO] Completion returned and validated from MODEL = 'grok-3'.
[2025-10-30 14:30:17,632] [INFO] EXIT: 'DialogueMoveGenerator' calling 'generate' (25.657007217407227 secs).
[2025-10-30 14:30:17,771] [INFO] Completion returned and validated from MODEL = 'grok-3'.
[2025-10-30 14:30:17,771] [INFO] EXIT: 'DialogueMoveGenerator' calling 'generate' (25.790971040725708 secs).
[2025-10-30 14:30:19,095] [INFO] Completion returned and validated from MODEL = 'grok-3'.
[2025-10-30 14:30:19,095] [INFO] EXIT: 'DialogueMoveGenerator' calling 'generate' (27.118412971496582 secs).
[2025-10-30 14:30:19,536] [INFO] Completion returned and validated from MODEL = 'grok-3'.
[2025-10-30 14:30:19,536] [INFO] EXIT: 'DialogueMoveGenerator' calling 'generate' (27.561635494232178 secs).
[2025-10-30 14:30:19,537] [INFO] ENTER: 'MASPromptGenerator' calling 'persuasiveness_choice'; CURRENT SPEAKER: grok-3_mas_rag, DIALOGUE TURN NUM = 28.
[2025-10-30 14:30:19,537] [INFO] EXIT: 'MASPromptGenerator' calling 'persuasiveness_choice' (0.00038361549377441406 secs).
[2025-10-30 14:30:23,738] [INFO] Completion returned and validated within 'PersuasivenessChoiceAgent'; MODEL = 'grok-3'; DIALOGUE TURN NUM = 28.
[2025-10-30 14:30:27,362] [INFO] Completion returned and validated within 'PersuasivenessChoiceAgent'; MODEL = 'grok-3'; DIALOGUE TURN NUM = 28.
[2025-10-30 14:30:32,266] [INFO] Completion returned and validated within 'PersuasivenessChoiceAgent'; MODEL = 'grok-3'; DIALOGUE TURN NUM = 28.
[2025-10-30 14:30:35,587] [INFO] Completion returned and validated within 'PersuasivenessChoiceAgent'; MODEL = 'grok-3'; DIALOGUE TURN NUM = 28.
[2025-10-30 14:30:39,694] [INFO] Completion returned and validated within 'PersuasivenessChoiceAgent'; MODEL = 'grok-3'; DIALOGUE TURN NUM = 28.
[2025-10-30 14:30:45,085] [INFO] Completion returned and validated within 'PersuasivenessChoiceAgent'; MODEL = 'grok-3'; DIALOGUE TURN NUM = 28.
[2025-10-30 14:30:49,745] [INFO] Completion returned and validated within 'PersuasivenessChoiceAgent'; MODEL = 'grok-3'; DIALOGUE TURN NUM = 28.
[2025-10-30 14:30:49,745] [INFO] ENTER: 'DisambiguationAgent' calling '_grouping_similar_utterance_types'; CURRENT SPEAKER: grok-3_mas_rag, DIALOGUE TURN NUM = 28.
[2025-10-30 14:30:49,745] [INFO] EXIT: 'DisambiguationAgent' calling '_grouping_similar_utterance_types' (1.621246337890625e-05 secs).
[2025-10-30 14:30:49,745] [INFO] ENTER: 'DisambiguationAgent' calling '_identifying_similar_sentences_and_choosing_one_to_return_to_user'; CURRENT SPEAKER: grok-3_mas_rag, DIALOGUE TURN NUM = 28.
[2025-10-30 14:31:11,868] [INFO] 'DisambiguationAgent' grouped similar sentences, completion returned and validated; MODEL = 'grok-3'.
[2025-10-30 14:31:13,193] [INFO] 'DisambiguationAgent' chose sentences to remove, completion returned and validated from MODEL = 'grok-3'.
[2025-10-30 14:31:14,496] [INFO] 'DisambiguationAgent' chose sentences to remove, completion returned and validated from MODEL = 'grok-3'.
[2025-10-30 14:31:16,158] [INFO] 'DisambiguationAgent' chose sentences to remove, completion returned and validated from MODEL = 'grok-3'.
[2025-10-30 14:31:17,877] [INFO] 'DisambiguationAgent' chose sentences to remove, completion returned and validated from MODEL = 'grok-3'.
[2025-10-30 14:31:19,167] [INFO] 'DisambiguationAgent' chose sentences to remove, completion returned and validated from MODEL = 'grok-3'.
[2025-10-30 14:31:20,278] [INFO] 'DisambiguationAgent' chose sentences to remove, completion returned and validated from MODEL = 'grok-3'.
[2025-10-30 14:31:20,278] [INFO] EXIT: 'DisambiguationAgent' calling '_identifying_similar_sentences_and_choosing_one_to_return_to_user' (30.532378911972046 secs).
[2025-10-30 14:31:20,278] [INFO] ENTER: 'DisambiguationAgent' calling '_removing_repetitive_sentences'; CURRENT SPEAKER: grok-3_mas_rag, DIALOGUE TURN NUM = 28.
[2025-10-30 14:31:20,278] [INFO] EXIT: 'DisambiguationAgent' calling '_removing_repetitive_sentences' (2.3365020751953125e-05 secs).
[2025-10-30 14:31:20,278] [INFO] ENTER: 'DisambiguationAgent' calling '_choose_the_most_persuasive_sentences'; CURRENT SPEAKER: grok-3_mas_rag, DIALOGUE TURN NUM = 28.
[2025-10-30 14:31:24,161] [INFO] 'DisambiguationAgent': reached maximum allowed sentences, succussfully chose most persuasive sentences, completion returned and validated from MODEL = 'grok-3'.
[2025-10-30 14:31:24,161] [INFO] EXIT: 'DisambiguationAgent' calling '_choose_the_most_persuasive_sentences' (3.883255958557129 secs).
[2025-10-30 14:31:24,161] [INFO] ENTER: 'DisambiguationAgent' calling 'return_disambiguated_sentences'; CURRENT SPEAKER: grok-3_mas_rag, DIALOGUE TURN NUM = 28.
[2025-10-30 14:31:24,161] [INFO] EXIT: 'DisambiguationAgent' calling 'return_disambiguated_sentences' (2.6226043701171875e-06 secs).
[2025-10-30 14:31:24,162] [ERROR] Wrong state used; State of type HumanState; error message: dict has unexpected extra key(s): "graph_rag_examples", "intermediate_generations", "knowledge_base_ensemble_or_model_name", "model_seed", "model_temp", "model_top_p", "number_of_graph_rag_examples", "number_of_vector_based_rag_examples", "political_position_prob_of_na", "political_position_range", "political_position_std", "speaker_model_name", "speaker_type", "vector_based_persona_string", "vector_based_persona_sys_prompt"
[2025-10-30 14:31:24,162] [INFO] Correct state used; State of type GenerationAgentsState; 'IGNORE THE ABOVE ERRORS'.
[2025-10-30 14:31:24,897] [INFO] 'commitment_update' completed '___Claim___' update for current speaker's commitments; MODEL = 'grok-3'.
[2025-10-30 14:31:25,555] [INFO] 'commitment_update' completed '___Claim___' update for current speaker's commitments; MODEL = 'grok-3'.
[2025-10-30 14:31:26,225] [INFO] 'commitment_update' completed '___Claim___' update for current speaker's commitments; MODEL = 'grok-3'.
[2025-10-30 14:31:26,891] [INFO] 'commitment_update' completed '___Claim___' update for current speaker's commitments; MODEL = 'grok-3'.
[2025-10-30 14:31:27,542] [INFO] 'commitment_update' completed '___Claim___' update for current speaker's commitments; MODEL = 'grok-3'.
[2025-10-30 14:31:27,676] [ERROR] Wrong state used; State of type HumanState; error message: dict has unexpected extra key(s): "graph_rag_examples", "intermediate_generations", "knowledge_base_ensemble_or_model_name", "model_seed", "model_temp", "model_top_p", "number_of_graph_rag_examples", "number_of_vector_based_rag_examples", "political_position_prob_of_na", "political_position_range", "political_position_std", "speaker_model_name", "speaker_type", "vector_based_persona_string", "vector_based_persona_sys_prompt"
[2025-10-30 14:31:27,677] [INFO] Correct state used; State of type GenerationAgentsState; 'IGNORE THE ABOVE ERRORS'.
[2025-10-30 14:31:27,677] [INFO] ENTER: 'UtteranceClassificationAgent' calling '_classify_sentence_utterance_types'; CURRENT SPEAKER: grok-4_mas, DIALOGUE TURN NUM = 29.
[2025-10-30 14:31:28,242] [INFO] 'UtteranceClassificationAgent' completion returned and validated from MODEL = 'ModelName.GROK_4'.
[2025-10-30 14:31:28,880] [INFO] 'UtteranceClassificationAgent' completion returned and validated from MODEL = 'ModelName.GROK_4'.
[2025-10-30 14:31:29,401] [INFO] 'UtteranceClassificationAgent' completion returned and validated from MODEL = 'ModelName.GROK_4'.
[2025-10-30 14:31:29,931] [INFO] 'UtteranceClassificationAgent' completion returned and validated from MODEL = 'ModelName.GROK_4'.
[2025-10-30 14:31:30,516] [INFO] 'UtteranceClassificationAgent' completion returned and validated from MODEL = 'ModelName.GROK_4'.
[2025-10-30 14:31:30,516] [INFO] EXIT: 'UtteranceClassificationAgent' calling '_classify_sentence_utterance_types' (2.838823080062866 secs).
[2025-10-30 14:31:30,516] [INFO] ENTER: 'UtteranceClassificationAgent' calling 'return_classified_sentences'; CURRENT SPEAKER: grok-4_mas, DIALOGUE TURN NUM = 29.
[2025-10-30 14:31:30,516] [INFO] EXIT: 'UtteranceClassificationAgent' calling 'return_classified_sentences' (2.384185791015625e-06 secs).
[2025-10-30 14:31:30,518] [INFO] ENTER: 'DialogueMoveGenerator' calling 'generate'; CURRENT SPEAKER: grok-4_mas, DIALOGUE TURN NUM = 29.
[2025-10-30 14:31:30,518] [INFO] ENTER: 'MASPromptGenerator' calling 'claim_negation'; CURRENT SPEAKER: grok-4_mas, DIALOGUE TURN NUM = 29.
[2025-10-30 14:31:30,519] [INFO] EXIT: 'MASPromptGenerator' calling 'claim_negation' (0.00014281272888183594 secs).
[2025-10-30 14:31:30,520] [INFO] ENTER: 'DialogueMoveGenerator' calling 'generate'; CURRENT SPEAKER: grok-4_mas, DIALOGUE TURN NUM = 29.
[2025-10-30 14:31:30,520] [INFO] ENTER: 'MASPromptGenerator' calling 'concede_claim'; CURRENT SPEAKER: grok-4_mas, DIALOGUE TURN NUM = 29.
[2025-10-30 14:31:30,520] [INFO] EXIT: 'MASPromptGenerator' calling 'concede_claim' (0.00014901161193847656 secs).
[2025-10-30 14:31:30,521] [INFO] ENTER: 'DialogueMoveGenerator' calling 'generate'; CURRENT SPEAKER: grok-4_mas, DIALOGUE TURN NUM = 29.
[2025-10-30 14:31:30,521] [INFO] ENTER: 'MASPromptGenerator' calling 'question_claim'; CURRENT SPEAKER: grok-4_mas, DIALOGUE TURN NUM = 29.
[2025-10-30 14:31:30,521] [INFO] EXIT: 'MASPromptGenerator' calling 'question_claim' (0.00018310546875 secs).
[2025-10-30 14:31:30,522] [INFO] ENTER: 'DialogueMoveGenerator' calling 'generate'; CURRENT SPEAKER: grok-4_mas, DIALOGUE TURN NUM = 29.
[2025-10-30 14:31:30,523] [INFO] ENTER: 'MASPromptGenerator' calling 'why_claim'; CURRENT SPEAKER: grok-4_mas, DIALOGUE TURN NUM = 29.
[2025-10-30 14:31:30,524] [INFO] EXIT: 'MASPromptGenerator' calling 'why_claim' (0.00012564659118652344 secs).
[2025-10-30 14:31:31,875] [INFO] Completion returned and validated from MODEL = 'grok-4'.
[2025-10-30 14:31:31,882] [INFO] Completion returned and validated from MODEL = 'grok-4'.
[2025-10-30 14:31:31,980] [INFO] Completion returned and validated from MODEL = 'grok-4'.
[2025-10-30 14:31:31,981] [INFO] Completion returned and validated from MODEL = 'grok-4'.
[2025-10-30 14:31:33,296] [INFO] Completion returned and validated from MODEL = 'grok-4'.
[2025-10-30 14:31:33,358] [INFO] Completion returned and validated from MODEL = 'grok-4'.
[2025-10-30 14:31:33,388] [INFO] Completion returned and validated from MODEL = 'grok-4'.
[2025-10-30 14:31:33,453] [INFO] Completion returned and validated from MODEL = 'grok-4'.
[2025-10-30 14:31:34,358] [INFO] Completion returned and validated from MODEL = 'grok-4'.
[2025-10-30 14:31:34,814] [INFO] Completion returned and validated from MODEL = 'grok-4'.
[2025-10-30 14:31:34,825] [INFO] Completion returned and validated from MODEL = 'grok-4'.
[2025-10-30 14:31:35,069] [INFO] Completion returned and validated from MODEL = 'grok-4'.
[2025-10-30 14:31:35,069] [INFO] EXIT: 'DialogueMoveGenerator' calling 'generate' (4.551354885101318 secs).
[2025-10-30 14:31:35,513] [INFO] Completion returned and validated from MODEL = 'grok-4'.
[2025-10-30 14:31:36,154] [INFO] Completion returned and validated from MODEL = 'grok-4'.
[2025-10-30 14:31:36,368] [INFO] Completion returned and validated from MODEL = 'grok-4'.
[2025-10-30 14:31:36,851] [INFO] Completion returned and validated from MODEL = 'grok-4'.
[2025-10-30 14:31:36,851] [INFO] EXIT: 'DialogueMoveGenerator' calling 'generate' (6.330614328384399 secs).
[2025-10-30 14:31:37,635] [INFO] Completion returned and validated from MODEL = 'grok-4'.
[2025-10-30 14:31:37,635] [INFO] EXIT: 'DialogueMoveGenerator' calling 'generate' (7.114260673522949 secs).
[2025-10-30 14:31:37,648] [INFO] Completion returned and validated from MODEL = 'grok-4'.
[2025-10-30 14:31:37,648] [INFO] EXIT: 'DialogueMoveGenerator' calling 'generate' (7.124859809875488 secs).
[2025-10-30 14:31:37,649] [INFO] ENTER: 'MASPromptGenerator' calling 'persuasiveness_choice'; CURRENT SPEAKER: grok-4_mas, DIALOGUE TURN NUM = 29.
[2025-10-30 14:31:37,649] [INFO] EXIT: 'MASPromptGenerator' calling 'persuasiveness_choice' (0.0002739429473876953 secs).
[2025-10-30 14:31:39,056] [INFO] Completion returned and validated within 'PersuasivenessChoiceAgent'; MODEL = 'grok-4'; DIALOGUE TURN NUM = 29.
[2025-10-30 14:31:40,722] [INFO] Completion returned and validated within 'PersuasivenessChoiceAgent'; MODEL = 'grok-4'; DIALOGUE TURN NUM = 29.
[2025-10-30 14:31:42,176] [INFO] Completion returned and validated within 'PersuasivenessChoiceAgent'; MODEL = 'grok-4'; DIALOGUE TURN NUM = 29.
[2025-10-30 14:31:44,158] [INFO] Completion returned and validated within 'PersuasivenessChoiceAgent'; MODEL = 'grok-4'; DIALOGUE TURN NUM = 29.
[2025-10-30 14:31:45,889] [INFO] Completion returned and validated within 'PersuasivenessChoiceAgent'; MODEL = 'grok-4'; DIALOGUE TURN NUM = 29.
[2025-10-30 14:31:45,889] [INFO] ENTER: 'DisambiguationAgent' calling '_grouping_similar_utterance_types'; CURRENT SPEAKER: grok-4_mas, DIALOGUE TURN NUM = 29.
[2025-10-30 14:31:45,889] [INFO] EXIT: 'DisambiguationAgent' calling '_grouping_similar_utterance_types' (8.821487426757812e-06 secs).
[2025-10-30 14:31:45,890] [INFO] ENTER: 'DisambiguationAgent' calling '_identifying_similar_sentences_and_choosing_one_to_return_to_user'; CURRENT SPEAKER: grok-4_mas, DIALOGUE TURN NUM = 29.
[2025-10-30 14:31:47,111] [INFO] 'DisambiguationAgent' grouped similar sentences, completion returned and validated; MODEL = 'grok-4'.
[2025-10-30 14:31:47,944] [INFO] 'DisambiguationAgent' chose sentences to remove, completion returned and validated from MODEL = 'grok-4'.
[2025-10-30 14:31:47,944] [INFO] EXIT: 'DisambiguationAgent' calling '_identifying_similar_sentences_and_choosing_one_to_return_to_user' (2.054647207260132 secs).
[2025-10-30 14:31:47,944] [INFO] ENTER: 'DisambiguationAgent' calling '_identifying_similar_sentences_and_choosing_one_to_return_to_user'; CURRENT SPEAKER: grok-4_mas, DIALOGUE TURN NUM = 29.
[2025-10-30 14:31:51,166] [INFO] 'DisambiguationAgent' grouped similar sentences, completion returned and validated; MODEL = 'grok-4'.
[2025-10-30 14:31:51,949] [INFO] 'DisambiguationAgent' chose sentences to remove, completion returned and validated from MODEL = 'grok-4'.
[2025-10-30 14:31:52,749] [INFO] 'DisambiguationAgent' chose sentences to remove, completion returned and validated from MODEL = 'grok-4'.
[2025-10-30 14:31:54,322] [ERROR] 'DisambiguationAgent' could not choose sentences to remove, completion not validated; MODEL = 'grok-4'; 
 REASON: 

 1 validation error for PersuasivenessChoice
  Invalid JSON: trailing characters at line 3 column 1 [type=json_invalid, input_value='{"Choice": "Why claim a ... NHS\'s inefficiencies.', input_type=str]
    For further information visit https://errors.pydantic.dev/2.12/v/json_invalid
[2025-10-30 14:31:55,049] [INFO] 'DisambiguationAgent' chose sentences to remove, completion returned and validated from MODEL = 'grok-4'.
[2025-10-30 14:31:55,836] [INFO] 'DisambiguationAgent' chose sentences to remove, completion returned and validated from MODEL = 'grok-4'.
[2025-10-30 14:31:57,517] [ERROR] 'DisambiguationAgent' could not choose sentences to remove, completion not validated; MODEL = 'grok-4'; 
 REASON: 

 1 validation error for PersuasivenessChoice
  Invalid JSON: trailing characters at line 3 column 1 [type=json_invalid, input_value='{"Choice": "How can you ...to maximize persuasion.', input_type=str]
    For further information visit https://errors.pydantic.dev/2.12/v/json_invalid
[2025-10-30 14:31:57,518] [INFO] EXIT: 'DisambiguationAgent' calling '_identifying_similar_sentences_and_choosing_one_to_return_to_user' (9.573253870010376 secs).
[2025-10-30 14:31:57,518] [INFO] ENTER: 'DisambiguationAgent' calling '_removing_repetitive_sentences'; CURRENT SPEAKER: grok-4_mas, DIALOGUE TURN NUM = 29.
[2025-10-30 14:31:57,518] [INFO] EXIT: 'DisambiguationAgent' calling '_removing_repetitive_sentences' (1.5020370483398438e-05 secs).
[2025-10-30 14:31:57,518] [INFO] ENTER: 'DisambiguationAgent' calling '_choose_the_most_persuasive_sentences'; CURRENT SPEAKER: grok-4_mas, DIALOGUE TURN NUM = 29.
[2025-10-30 14:31:59,153] [INFO] 'DisambiguationAgent': reached maximum allowed sentences, succussfully chose most persuasive sentences, completion returned and validated from MODEL = 'grok-4'.
[2025-10-30 14:31:59,153] [INFO] EXIT: 'DisambiguationAgent' calling '_choose_the_most_persuasive_sentences' (1.635087013244629 secs).
[2025-10-30 14:31:59,153] [INFO] ENTER: 'DisambiguationAgent' calling 'return_disambiguated_sentences'; CURRENT SPEAKER: grok-4_mas, DIALOGUE TURN NUM = 29.
[2025-10-30 14:31:59,153] [INFO] EXIT: 'DisambiguationAgent' calling 'return_disambiguated_sentences' (2.384185791015625e-06 secs).
[2025-10-30 14:31:59,153] [ERROR] Wrong state used; State of type HumanState; error message: dict has unexpected extra key(s): "graph_rag_examples", "intermediate_generations", "knowledge_base_ensemble_or_model_name", "model_seed", "model_temp", "model_top_p", "number_of_graph_rag_examples", "number_of_vector_based_rag_examples", "political_position_prob_of_na", "political_position_range", "political_position_std", "speaker_model_name", "speaker_type", "vector_based_persona_string", "vector_based_persona_sys_prompt"
[2025-10-30 14:31:59,154] [INFO] Correct state used; State of type GenerationAgentsState; 'IGNORE THE ABOVE ERRORS'.
[2025-10-30 14:31:59,818] [INFO] 'commitment_update' completed '___Claim___' update for current speaker's commitments; MODEL = 'grok-4'.
[2025-10-30 14:31:59,903] [ERROR] Wrong state used; State of type HumanState; error message: dict has unexpected extra key(s): "graph_rag_examples", "intermediate_generations", "knowledge_base_ensemble_or_model_name", "model_seed", "model_temp", "model_top_p", "number_of_graph_rag_examples", "number_of_vector_based_rag_examples", "political_position_prob_of_na", "political_position_range", "political_position_std", "speaker_model_name", "speaker_type", "vector_based_persona_string", "vector_based_persona_sys_prompt"
[2025-10-30 14:31:59,903] [INFO] Correct state used; State of type GenerationAgentsState; 'IGNORE THE ABOVE ERRORS'.
[2025-10-30 14:31:59,903] [INFO] ENTER: 'UtteranceClassificationAgent' calling '_classify_sentence_utterance_types'; CURRENT SPEAKER: grok-3_mas_rag, DIALOGUE TURN NUM = 30.
[2025-10-30 14:32:01,451] [INFO] 'UtteranceClassificationAgent' completion returned and validated from MODEL = 'ModelName.GROK_3'.
[2025-10-30 14:32:02,231] [INFO] 'UtteranceClassificationAgent' completion returned and validated from MODEL = 'ModelName.GROK_3'.
[2025-10-30 14:32:03,177] [INFO] 'UtteranceClassificationAgent' completion returned and validated from MODEL = 'ModelName.GROK_3'.
[2025-10-30 14:32:04,483] [INFO] 'UtteranceClassificationAgent' completion returned and validated from MODEL = 'ModelName.GROK_3'.
[2025-10-30 14:32:05,220] [INFO] 'UtteranceClassificationAgent' completion returned and validated from MODEL = 'ModelName.GROK_3'.
[2025-10-30 14:32:05,220] [INFO] EXIT: 'UtteranceClassificationAgent' calling '_classify_sentence_utterance_types' (5.316352605819702 secs).
[2025-10-30 14:32:05,220] [INFO] ENTER: 'UtteranceClassificationAgent' calling 'return_classified_sentences'; CURRENT SPEAKER: grok-3_mas_rag, DIALOGUE TURN NUM = 30.
[2025-10-30 14:32:05,220] [INFO] EXIT: 'UtteranceClassificationAgent' calling 'return_classified_sentences' (1.6689300537109375e-06 secs).
[2025-10-30 14:32:05,240] [INFO] ENTER: 'GraphRAG' calling 'why'; CURRENT SPEAKER: grok-3_mas_rag, DIALOGUE TURN NUM = 30.
[2025-10-30 14:32:05,241] [INFO] ENTER: 'GraphRAG' calling 'query_graph'; CURRENT SPEAKER: grok-3_mas_rag, DIALOGUE TURN NUM = 30.
[2025-10-30 14:32:05,960] [INFO] EXIT: 'GraphRAG' calling 'query_graph' (0.7196872234344482 secs).
[2025-10-30 14:32:05,961] [INFO] EXIT: 'GraphRAG' calling 'why' (0.7200703620910645 secs).
[2025-10-30 14:32:05,961] [INFO] ENTER: 'GraphRAG' calling 'claim_negation'; CURRENT SPEAKER: grok-3_mas_rag, DIALOGUE TURN NUM = 30.
[2025-10-30 14:32:05,961] [INFO] ENTER: 'GraphRAG' calling 'query_graph'; CURRENT SPEAKER: grok-3_mas_rag, DIALOGUE TURN NUM = 30.
[2025-10-30 14:32:06,653] [INFO] EXIT: 'GraphRAG' calling 'query_graph' (0.6916496753692627 secs).
[2025-10-30 14:32:06,653] [INFO] EXIT: 'GraphRAG' calling 'claim_negation' (0.6920244693756104 secs).
[2025-10-30 14:32:06,653] [INFO] ENTER: 'GraphRAG' calling 'concede'; CURRENT SPEAKER: grok-3_mas_rag, DIALOGUE TURN NUM = 30.
[2025-10-30 14:32:06,653] [INFO] ENTER: 'GraphRAG' calling 'query_graph'; CURRENT SPEAKER: grok-3_mas_rag, DIALOGUE TURN NUM = 30.
[2025-10-30 14:32:07,372] [INFO] EXIT: 'GraphRAG' calling 'query_graph' (0.7193176746368408 secs).
[2025-10-30 14:32:07,372] [INFO] EXIT: 'GraphRAG' calling 'concede' (0.7196893692016602 secs).
[2025-10-30 14:32:07,372] [INFO] ENTER: 'GraphRAG' calling 'question'; CURRENT SPEAKER: grok-3_mas_rag, DIALOGUE TURN NUM = 30.
[2025-10-30 14:32:07,373] [INFO] ENTER: 'GraphRAG' calling 'query_graph'; CURRENT SPEAKER: grok-3_mas_rag, DIALOGUE TURN NUM = 30.
[2025-10-30 14:32:07,503] [INFO] EXIT: 'GraphRAG' calling 'query_graph' (0.13077735900878906 secs).
[2025-10-30 14:32:07,504] [INFO] EXIT: 'GraphRAG' calling 'question' (0.1311204433441162 secs).
[2025-10-30 14:32:07,521] [INFO] ENTER: 'GraphRAG' calling 'since'; CURRENT SPEAKER: grok-3_mas_rag, DIALOGUE TURN NUM = 30.
[2025-10-30 14:32:07,521] [INFO] ENTER: 'GraphRAG' calling 'query_graph'; CURRENT SPEAKER: grok-3_mas_rag, DIALOGUE TURN NUM = 30.
[2025-10-30 14:32:07,543] [INFO] EXIT: 'GraphRAG' calling 'query_graph' (0.022141218185424805 secs).
[2025-10-30 14:32:07,543] [INFO] EXIT: 'GraphRAG' calling 'since' (0.022481203079223633 secs).
[2025-10-30 14:32:07,543] [INFO] ENTER: 'GraphRAG' calling 'claim'; CURRENT SPEAKER: grok-3_mas_rag, DIALOGUE TURN NUM = 30.
[2025-10-30 14:32:07,544] [INFO] ENTER: 'GraphRAG' calling 'query_graph'; CURRENT SPEAKER: grok-3_mas_rag, DIALOGUE TURN NUM = 30.
[2025-10-30 14:32:07,560] [INFO] EXIT: 'GraphRAG' calling 'query_graph' (0.016788721084594727 secs).
[2025-10-30 14:32:07,560] [INFO] EXIT: 'GraphRAG' calling 'claim' (0.017192840576171875 secs).
[2025-10-30 14:32:07,578] [INFO] ENTER: 'GraphRAG' calling 'since'; CURRENT SPEAKER: grok-3_mas_rag, DIALOGUE TURN NUM = 30.
[2025-10-30 14:32:07,578] [INFO] ENTER: 'GraphRAG' calling 'query_graph'; CURRENT SPEAKER: grok-3_mas_rag, DIALOGUE TURN NUM = 30.
[2025-10-30 14:32:07,600] [INFO] EXIT: 'GraphRAG' calling 'query_graph' (0.02178335189819336 secs).
[2025-10-30 14:32:07,600] [INFO] EXIT: 'GraphRAG' calling 'since' (0.02212071418762207 secs).
[2025-10-30 14:32:07,600] [INFO] ENTER: 'GraphRAG' calling 'claim'; CURRENT SPEAKER: grok-3_mas_rag, DIALOGUE TURN NUM = 30.
[2025-10-30 14:32:07,600] [INFO] ENTER: 'GraphRAG' calling 'query_graph'; CURRENT SPEAKER: grok-3_mas_rag, DIALOGUE TURN NUM = 30.
[2025-10-30 14:32:07,617] [INFO] EXIT: 'GraphRAG' calling 'query_graph' (0.01693439483642578 secs).
[2025-10-30 14:32:07,617] [INFO] EXIT: 'GraphRAG' calling 'claim' (0.017287492752075195 secs).
[2025-10-30 14:32:07,646] [INFO] ENTER: 'GraphRAG' calling 'since'; CURRENT SPEAKER: grok-3_mas_rag, DIALOGUE TURN NUM = 30.
[2025-10-30 14:32:07,647] [INFO] ENTER: 'GraphRAG' calling 'query_graph'; CURRENT SPEAKER: grok-3_mas_rag, DIALOGUE TURN NUM = 30.
[2025-10-30 14:32:07,668] [INFO] EXIT: 'GraphRAG' calling 'query_graph' (0.021738529205322266 secs).
[2025-10-30 14:32:07,668] [INFO] EXIT: 'GraphRAG' calling 'since' (0.022110939025878906 secs).
[2025-10-30 14:32:07,668] [INFO] ENTER: 'GraphRAG' calling 'claim'; CURRENT SPEAKER: grok-3_mas_rag, DIALOGUE TURN NUM = 30.
[2025-10-30 14:32:07,669] [INFO] ENTER: 'GraphRAG' calling 'query_graph'; CURRENT SPEAKER: grok-3_mas_rag, DIALOGUE TURN NUM = 30.
[2025-10-30 14:32:07,685] [INFO] EXIT: 'GraphRAG' calling 'query_graph' (0.016666889190673828 secs).
[2025-10-30 14:32:07,686] [INFO] EXIT: 'GraphRAG' calling 'claim' (0.017030954360961914 secs).
[2025-10-30 14:32:07,702] [INFO] ENTER: 'GraphRAG' calling 'claim'; CURRENT SPEAKER: grok-3_mas_rag, DIALOGUE TURN NUM = 30.
[2025-10-30 14:32:07,703] [INFO] ENTER: 'GraphRAG' calling 'query_graph'; CURRENT SPEAKER: grok-3_mas_rag, DIALOGUE TURN NUM = 30.
[2025-10-30 14:32:07,827] [INFO] EXIT: 'GraphRAG' calling 'query_graph' (0.12448287010192871 secs).
[2025-10-30 14:32:07,827] [INFO] EXIT: 'GraphRAG' calling 'claim' (0.12493395805358887 secs).
[2025-10-30 14:32:07,827] [INFO] ENTER: 'GraphRAG' calling 'claim_negation'; CURRENT SPEAKER: grok-3_mas_rag, DIALOGUE TURN NUM = 30.
[2025-10-30 14:32:07,828] [INFO] ENTER: 'GraphRAG' calling 'query_graph'; CURRENT SPEAKER: grok-3_mas_rag, DIALOGUE TURN NUM = 30.
[2025-10-30 14:32:07,882] [INFO] EXIT: 'GraphRAG' calling 'query_graph' (0.05446624755859375 secs).
[2025-10-30 14:32:07,882] [INFO] EXIT: 'GraphRAG' calling 'claim_negation' (0.054840803146362305 secs).
[2025-10-30 14:32:07,882] [INFO] ENTER: 'GraphRAG' calling 'return_rag_examples'; CURRENT SPEAKER: grok-3_mas_rag, DIALOGUE TURN NUM = 30.
[2025-10-30 14:32:07,882] [INFO] EXIT: 'GraphRAG' calling 'return_rag_examples' (2.86102294921875e-06 secs).
[2025-10-30 14:32:07,885] [INFO] ENTER: 'DialogueMoveGenerator' calling 'generate'; CURRENT SPEAKER: grok-3_mas_rag, DIALOGUE TURN NUM = 30.
[2025-10-30 14:32:07,885] [INFO] ENTER: 'DialogueMoveGenerator' calling 'generate'; CURRENT SPEAKER: grok-3_mas_rag, DIALOGUE TURN NUM = 30.
[2025-10-30 14:32:07,885] [INFO] ENTER: 'MASPromptGenerator' calling 'claim'; CURRENT SPEAKER: grok-3_mas_rag, DIALOGUE TURN NUM = 30.
[2025-10-30 14:32:07,886] [INFO] ENTER: 'MASPromptGenerator' calling 'claim_negation'; CURRENT SPEAKER: grok-3_mas_rag, DIALOGUE TURN NUM = 30.
[2025-10-30 14:32:07,886] [INFO] ENTER: 'DialogueMoveGenerator' calling 'generate'; CURRENT SPEAKER: grok-3_mas_rag, DIALOGUE TURN NUM = 30.
[2025-10-30 14:32:07,886] [INFO] EXIT: 'MASPromptGenerator' calling 'claim' (0.0003426074981689453 secs).
[2025-10-30 14:32:07,887] [INFO] EXIT: 'MASPromptGenerator' calling 'claim_negation' (7.367134094238281e-05 secs).
[2025-10-30 14:32:07,887] [INFO] ENTER: 'MASPromptGenerator' calling 'concede_claim'; CURRENT SPEAKER: grok-3_mas_rag, DIALOGUE TURN NUM = 30.
[2025-10-30 14:32:07,888] [INFO] ENTER: 'DialogueMoveGenerator' calling 'generate'; CURRENT SPEAKER: grok-3_mas_rag, DIALOGUE TURN NUM = 30.
[2025-10-30 14:32:07,888] [INFO] EXIT: 'MASPromptGenerator' calling 'concede_claim' (5.602836608886719e-05 secs).
[2025-10-30 14:32:07,889] [INFO] ENTER: 'MASPromptGenerator' calling 'question_claim'; CURRENT SPEAKER: grok-3_mas_rag, DIALOGUE TURN NUM = 30.
[2025-10-30 14:32:07,889] [INFO] ENTER: 'DialogueMoveGenerator' calling 'generate'; CURRENT SPEAKER: grok-3_mas_rag, DIALOGUE TURN NUM = 30.
[2025-10-30 14:32:07,891] [INFO] EXIT: 'MASPromptGenerator' calling 'question_claim' (5.5789947509765625e-05 secs).
[2025-10-30 14:32:07,891] [INFO] ENTER: 'DialogueMoveGenerator' calling 'generate'; CURRENT SPEAKER: grok-3_mas_rag, DIALOGUE TURN NUM = 30.
[2025-10-30 14:32:07,891] [INFO] ENTER: 'MASPromptGenerator' calling 'retract_claim'; CURRENT SPEAKER: grok-3_mas_rag, DIALOGUE TURN NUM = 30.
[2025-10-30 14:32:07,892] [INFO] ENTER: 'DialogueMoveGenerator' calling 'generate'; CURRENT SPEAKER: grok-3_mas_rag, DIALOGUE TURN NUM = 30.
[2025-10-30 14:32:07,892] [INFO] ENTER: 'MASPromptGenerator' calling 'since_claim'; CURRENT SPEAKER: grok-3_mas_rag, DIALOGUE TURN NUM = 30.
[2025-10-30 14:32:07,892] [INFO] EXIT: 'MASPromptGenerator' calling 'retract_claim' (0.0001842975616455078 secs).
[2025-10-30 14:32:07,893] [INFO] ENTER: 'MASPromptGenerator' calling 'why_claim'; CURRENT SPEAKER: grok-3_mas_rag, DIALOGUE TURN NUM = 30.
[2025-10-30 14:32:07,893] [INFO] EXIT: 'MASPromptGenerator' calling 'since_claim' (0.0001404285430908203 secs).
[2025-10-30 14:32:07,893] [INFO] EXIT: 'MASPromptGenerator' calling 'why_claim' (0.00014734268188476562 secs).
[2025-10-30 14:32:11,479] [INFO] Completion returned and validated from MODEL = 'grok-3'.
[2025-10-30 14:32:11,479] [INFO] EXIT: 'DialogueMoveGenerator' calling 'generate' (3.5914645195007324 secs).
[2025-10-30 14:32:12,650] [INFO] Completion returned and validated from MODEL = 'grok-3'.
[2025-10-30 14:32:12,650] [INFO] EXIT: 'DialogueMoveGenerator' calling 'generate' (4.7578184604644775 secs).
[2025-10-30 14:32:13,204] [INFO] Completion returned and validated from MODEL = 'grok-3'.
[2025-10-30 14:32:14,885] [INFO] Completion returned and validated from MODEL = 'grok-3'.
[2025-10-30 14:32:15,212] [INFO] Completion returned and validated from MODEL = 'grok-3'.
[2025-10-30 14:32:15,212] [INFO] EXIT: 'DialogueMoveGenerator' calling 'generate' (7.3229711055755615 secs).
[2025-10-30 14:32:16,523] [INFO] Completion returned and validated from MODEL = 'grok-3'.
[2025-10-30 14:32:16,693] [INFO] Completion returned and validated from MODEL = 'grok-3'.
[2025-10-30 14:32:19,749] [INFO] Completion returned and validated from MODEL = 'grok-3'.
[2025-10-30 14:32:19,749] [INFO] EXIT: 'DialogueMoveGenerator' calling 'generate' (11.863529443740845 secs).
[2025-10-30 14:32:24,593] [INFO] Completion returned and validated from MODEL = 'grok-3'.
[2025-10-30 14:32:24,791] [INFO] Completion returned and validated from MODEL = 'grok-3'.
[2025-10-30 14:32:24,901] [INFO] Completion returned and validated from MODEL = 'grok-3'.
[2025-10-30 14:32:29,661] [INFO] Completion returned and validated from MODEL = 'grok-3'.
[2025-10-30 14:32:29,661] [INFO] EXIT: 'DialogueMoveGenerator' calling 'generate' (21.768835067749023 secs).
[2025-10-30 14:32:29,839] [INFO] Completion returned and validated from MODEL = 'grok-3'.
[2025-10-30 14:32:31,448] [INFO] Completion returned and validated from MODEL = 'grok-3'.
[2025-10-30 14:32:36,010] [INFO] Completion returned and validated from MODEL = 'grok-3'.
[2025-10-30 14:32:36,010] [INFO] EXIT: 'DialogueMoveGenerator' calling 'generate' (28.12516951560974 secs).
[2025-10-30 14:32:37,049] [INFO] Completion returned and validated from MODEL = 'grok-3'.
[2025-10-30 14:32:37,049] [INFO] EXIT: 'DialogueMoveGenerator' calling 'generate' (29.157647132873535 secs).
[2025-10-30 14:32:37,050] [INFO] ENTER: 'MASPromptGenerator' calling 'persuasiveness_choice'; CURRENT SPEAKER: grok-3_mas_rag, DIALOGUE TURN NUM = 30.
[2025-10-30 14:32:37,050] [INFO] EXIT: 'MASPromptGenerator' calling 'persuasiveness_choice' (0.0002589225769042969 secs).
[2025-10-30 14:32:43,072] [INFO] Completion returned and validated within 'PersuasivenessChoiceAgent'; MODEL = 'grok-3'; DIALOGUE TURN NUM = 30.
[2025-10-30 14:32:48,613] [INFO] Completion returned and validated within 'PersuasivenessChoiceAgent'; MODEL = 'grok-3'; DIALOGUE TURN NUM = 30.
[2025-10-30 14:32:56,691] [INFO] Completion returned and validated within 'PersuasivenessChoiceAgent'; MODEL = 'grok-3'; DIALOGUE TURN NUM = 30.
[2025-10-30 14:33:07,058] [INFO] Completion returned and validated within 'PersuasivenessChoiceAgent'; MODEL = 'grok-3'; DIALOGUE TURN NUM = 30.
[2025-10-30 14:33:12,143] [INFO] Completion returned and validated within 'PersuasivenessChoiceAgent'; MODEL = 'grok-3'; DIALOGUE TURN NUM = 30.
[2025-10-30 14:33:12,144] [INFO] ENTER: 'DisambiguationAgent' calling '_grouping_similar_utterance_types'; CURRENT SPEAKER: grok-3_mas_rag, DIALOGUE TURN NUM = 30.
[2025-10-30 14:33:12,144] [INFO] EXIT: 'DisambiguationAgent' calling '_grouping_similar_utterance_types' (1.0728836059570312e-05 secs).
[2025-10-30 14:33:12,144] [INFO] ENTER: 'DisambiguationAgent' calling '_identifying_similar_sentences_and_choosing_one_to_return_to_user'; CURRENT SPEAKER: grok-3_mas_rag, DIALOGUE TURN NUM = 30.
[2025-10-30 14:33:37,207] [INFO] 'DisambiguationAgent' grouped similar sentences, completion returned and validated; MODEL = 'grok-3'.
[2025-10-30 14:33:39,418] [INFO] 'DisambiguationAgent' chose sentences to remove, completion returned and validated from MODEL = 'grok-3'.
[2025-10-30 14:33:40,820] [INFO] 'DisambiguationAgent' chose sentences to remove, completion returned and validated from MODEL = 'grok-3'.
[2025-10-30 14:33:44,733] [INFO] 'DisambiguationAgent' chose sentences to remove, completion returned and validated from MODEL = 'grok-3'.
[2025-10-30 14:33:46,179] [INFO] 'DisambiguationAgent' chose sentences to remove, completion returned and validated from MODEL = 'grok-3'.
[2025-10-30 14:33:46,179] [INFO] EXIT: 'DisambiguationAgent' calling '_identifying_similar_sentences_and_choosing_one_to_return_to_user' (34.035431146621704 secs).
[2025-10-30 14:33:46,180] [INFO] ENTER: 'DisambiguationAgent' calling '_removing_repetitive_sentences'; CURRENT SPEAKER: grok-3_mas_rag, DIALOGUE TURN NUM = 30.
[2025-10-30 14:33:46,180] [INFO] EXIT: 'DisambiguationAgent' calling '_removing_repetitive_sentences' (1.71661376953125e-05 secs).
[2025-10-30 14:33:46,180] [INFO] ENTER: 'DisambiguationAgent' calling 'return_disambiguated_sentences'; CURRENT SPEAKER: grok-3_mas_rag, DIALOGUE TURN NUM = 30.
[2025-10-30 14:33:46,180] [INFO] EXIT: 'DisambiguationAgent' calling 'return_disambiguated_sentences' (2.384185791015625e-06 secs).
[2025-10-30 14:33:46,180] [ERROR] Wrong state used; State of type HumanState; error message: dict has unexpected extra key(s): "graph_rag_examples", "intermediate_generations", "knowledge_base_ensemble_or_model_name", "model_seed", "model_temp", "model_top_p", "number_of_graph_rag_examples", "number_of_vector_based_rag_examples", "political_position_prob_of_na", "political_position_range", "political_position_std", "speaker_model_name", "speaker_type", "vector_based_persona_string", "vector_based_persona_sys_prompt"
[2025-10-30 14:33:46,180] [INFO] Correct state used; State of type GenerationAgentsState; 'IGNORE THE ABOVE ERRORS'.
[2025-10-30 14:33:47,922] [INFO] 'commitment_update' completed '___Since___' update; MODEL = 'grok-3'.
[2025-10-30 14:33:48,693] [INFO] 'commitment_update' completed '___Claim___' update for current speaker's commitments; MODEL = 'grok-3'.
[2025-10-30 14:33:54,265] [INFO] 'commitment_update' completed '___Claim___' update for current speaker's commitments; MODEL = 'grok-3'.
[2025-10-30 14:33:55,012] [INFO] 'commitment_update' completed '___Claim___' update for current speaker's commitments; MODEL = 'grok-3'.
[2025-10-30 14:33:55,742] [INFO] 'commitment_update' completed '___Claim___' update for current speaker's commitments; MODEL = 'grok-3'.
[2025-10-30 14:33:55,879] [ERROR] Wrong state used; State of type HumanState; error message: dict has unexpected extra key(s): "graph_rag_examples", "intermediate_generations", "knowledge_base_ensemble_or_model_name", "model_seed", "model_temp", "model_top_p", "number_of_graph_rag_examples", "number_of_vector_based_rag_examples", "political_position_prob_of_na", "political_position_range", "political_position_std", "speaker_model_name", "speaker_type", "vector_based_persona_string", "vector_based_persona_sys_prompt"
[2025-10-30 14:33:55,879] [INFO] Correct state used; State of type GenerationAgentsState; 'IGNORE THE ABOVE ERRORS'.
[2025-10-30 14:33:55,879] [INFO] ENTER: 'UtteranceClassificationAgent' calling '_classify_sentence_utterance_types'; CURRENT SPEAKER: grok-4_mas, DIALOGUE TURN NUM = 31.
[2025-10-30 14:33:56,495] [INFO] 'UtteranceClassificationAgent' completion returned and validated from MODEL = 'ModelName.GROK_4'.
[2025-10-30 14:33:57,105] [INFO] 'UtteranceClassificationAgent' completion returned and validated from MODEL = 'ModelName.GROK_4'.
[2025-10-30 14:33:57,691] [INFO] 'UtteranceClassificationAgent' completion returned and validated from MODEL = 'ModelName.GROK_4'.
[2025-10-30 14:33:58,225] [INFO] 'UtteranceClassificationAgent' completion returned and validated from MODEL = 'ModelName.GROK_4'.
[2025-10-30 14:33:58,759] [INFO] 'UtteranceClassificationAgent' completion returned and validated from MODEL = 'ModelName.GROK_4'.
[2025-10-30 14:33:58,759] [INFO] EXIT: 'UtteranceClassificationAgent' calling '_classify_sentence_utterance_types' (2.8792498111724854 secs).
[2025-10-30 14:33:58,759] [INFO] ENTER: 'UtteranceClassificationAgent' calling 'return_classified_sentences'; CURRENT SPEAKER: grok-4_mas, DIALOGUE TURN NUM = 31.
[2025-10-30 14:33:58,759] [INFO] EXIT: 'UtteranceClassificationAgent' calling 'return_classified_sentences' (1.6689300537109375e-06 secs).
[2025-10-30 14:33:58,762] [INFO] ENTER: 'DialogueMoveGenerator' calling 'generate'; CURRENT SPEAKER: grok-4_mas, DIALOGUE TURN NUM = 31.
[2025-10-30 14:33:58,762] [INFO] ENTER: 'MASPromptGenerator' calling 'claim_negation'; CURRENT SPEAKER: grok-4_mas, DIALOGUE TURN NUM = 31.
[2025-10-30 14:33:58,763] [INFO] EXIT: 'MASPromptGenerator' calling 'claim_negation' (5.984306335449219e-05 secs).
[2025-10-30 14:33:58,763] [INFO] ENTER: 'DialogueMoveGenerator' calling 'generate'; CURRENT SPEAKER: grok-4_mas, DIALOGUE TURN NUM = 31.
[2025-10-30 14:33:58,764] [INFO] ENTER: 'MASPromptGenerator' calling 'concede_claim'; CURRENT SPEAKER: grok-4_mas, DIALOGUE TURN NUM = 31.
[2025-10-30 14:33:58,764] [INFO] EXIT: 'MASPromptGenerator' calling 'concede_claim' (5.91278076171875e-05 secs).
[2025-10-30 14:33:58,765] [INFO] ENTER: 'DialogueMoveGenerator' calling 'generate'; CURRENT SPEAKER: grok-4_mas, DIALOGUE TURN NUM = 31.
[2025-10-30 14:33:58,766] [INFO] ENTER: 'MASPromptGenerator' calling 'question_claim'; CURRENT SPEAKER: grok-4_mas, DIALOGUE TURN NUM = 31.
[2025-10-30 14:33:58,766] [INFO] EXIT: 'MASPromptGenerator' calling 'question_claim' (0.0001316070556640625 secs).
[2025-10-30 14:33:58,768] [INFO] ENTER: 'DialogueMoveGenerator' calling 'generate'; CURRENT SPEAKER: grok-4_mas, DIALOGUE TURN NUM = 31.
[2025-10-30 14:33:58,768] [INFO] ENTER: 'MASPromptGenerator' calling 'why_claim'; CURRENT SPEAKER: grok-4_mas, DIALOGUE TURN NUM = 31.
[2025-10-30 14:33:58,768] [INFO] EXIT: 'MASPromptGenerator' calling 'why_claim' (0.00013208389282226562 secs).
[2025-10-30 14:34:00,036] [INFO] Completion returned and validated from MODEL = 'grok-4'.
[2025-10-30 14:34:00,322] [INFO] Completion returned and validated from MODEL = 'grok-4'.
[2025-10-30 14:34:00,357] [INFO] Completion returned and validated from MODEL = 'grok-4'.
[2025-10-30 14:34:01,357] [INFO] Completion returned and validated from MODEL = 'grok-4'.
[2025-10-30 14:34:01,872] [INFO] Completion returned and validated from MODEL = 'grok-4'.
[2025-10-30 14:34:02,020] [INFO] Completion returned and validated from MODEL = 'grok-4'.
[2025-10-30 14:34:02,708] [INFO] Completion returned and validated from MODEL = 'grok-4'.
[2025-10-30 14:34:02,967] [ERROR] Completion not validated from generation agent; MODEL = 'grok-4'; 
 REASON: 

 1 validation error for WhyClaimResponses
  Invalid JSON: trailing characters at line 3 column 1 [type=json_invalid, input_value='{"Why":["Why do you clai...ithout additional text.', input_type=str]
    For further information visit https://errors.pydantic.dev/2.12/v/json_invalid
[2025-10-30 14:34:03,629] [INFO] Completion returned and validated from MODEL = 'grok-4'.
[2025-10-30 14:34:03,629] [INFO] EXIT: 'DialogueMoveGenerator' calling 'generate' (4.866340398788452 secs).
[2025-10-30 14:34:03,759] [INFO] Completion returned and validated from MODEL = 'grok-4'.
[2025-10-30 14:34:04,127] [INFO] Completion returned and validated from MODEL = 'grok-4'.
[2025-10-30 14:34:04,329] [INFO] Completion returned and validated from MODEL = 'grok-4'.
[2025-10-30 14:34:05,062] [INFO] Completion returned and validated from MODEL = 'grok-4'.
[2025-10-30 14:34:05,417] [INFO] Completion returned and validated from MODEL = 'grok-4'.
[2025-10-30 14:34:05,417] [INFO] EXIT: 'DialogueMoveGenerator' calling 'generate' (6.6525115966796875 secs).
[2025-10-30 14:34:05,872] [INFO] Completion returned and validated from MODEL = 'grok-4'.
[2025-10-30 14:34:06,313] [INFO] Completion returned and validated from MODEL = 'grok-4'.
[2025-10-30 14:34:06,313] [INFO] EXIT: 'DialogueMoveGenerator' calling 'generate' (7.547430515289307 secs).
[2025-10-30 14:34:07,183] [INFO] Completion returned and validated from MODEL = 'grok-4'.
[2025-10-30 14:34:08,400] [INFO] Completion returned and validated from MODEL = 'grok-4'.
[2025-10-30 14:34:08,400] [INFO] EXIT: 'DialogueMoveGenerator' calling 'generate' (9.632034301757812 secs).
[2025-10-30 14:34:08,401] [INFO] ENTER: 'MASPromptGenerator' calling 'persuasiveness_choice'; CURRENT SPEAKER: grok-4_mas, DIALOGUE TURN NUM = 31.
[2025-10-30 14:34:08,401] [INFO] EXIT: 'MASPromptGenerator' calling 'persuasiveness_choice' (0.00030231475830078125 secs).
[2025-10-30 14:34:10,127] [INFO] Completion returned and validated within 'PersuasivenessChoiceAgent'; MODEL = 'grok-4'; DIALOGUE TURN NUM = 31.
[2025-10-30 14:34:11,916] [INFO] Completion returned and validated within 'PersuasivenessChoiceAgent'; MODEL = 'grok-4'; DIALOGUE TURN NUM = 31.
[2025-10-30 14:34:13,604] [INFO] Completion returned and validated within 'PersuasivenessChoiceAgent'; MODEL = 'grok-4'; DIALOGUE TURN NUM = 31.
[2025-10-30 14:34:15,352] [INFO] Completion returned and validated within 'PersuasivenessChoiceAgent'; MODEL = 'grok-4'; DIALOGUE TURN NUM = 31.
[2025-10-30 14:34:17,397] [INFO] Completion returned and validated within 'PersuasivenessChoiceAgent'; MODEL = 'grok-4'; DIALOGUE TURN NUM = 31.
[2025-10-30 14:34:17,398] [INFO] ENTER: 'DisambiguationAgent' calling '_grouping_similar_utterance_types'; CURRENT SPEAKER: grok-4_mas, DIALOGUE TURN NUM = 31.
[2025-10-30 14:34:17,398] [INFO] EXIT: 'DisambiguationAgent' calling '_grouping_similar_utterance_types' (9.298324584960938e-06 secs).
[2025-10-30 14:34:17,398] [INFO] ENTER: 'DisambiguationAgent' calling '_identifying_similar_sentences_and_choosing_one_to_return_to_user'; CURRENT SPEAKER: grok-4_mas, DIALOGUE TURN NUM = 31.
[2025-10-30 14:34:19,116] [INFO] 'DisambiguationAgent' grouped similar sentences, completion returned and validated; MODEL = 'grok-4'.
[2025-10-30 14:34:19,920] [INFO] 'DisambiguationAgent' chose sentences to remove, completion returned and validated from MODEL = 'grok-4'.
[2025-10-30 14:34:20,677] [INFO] 'DisambiguationAgent' chose sentences to remove, completion returned and validated from MODEL = 'grok-4'.
[2025-10-30 14:34:20,677] [INFO] EXIT: 'DisambiguationAgent' calling '_identifying_similar_sentences_and_choosing_one_to_return_to_user' (3.2790517807006836 secs).
[2025-10-30 14:34:20,677] [INFO] ENTER: 'DisambiguationAgent' calling '_identifying_similar_sentences_and_choosing_one_to_return_to_user'; CURRENT SPEAKER: grok-4_mas, DIALOGUE TURN NUM = 31.
[2025-10-30 14:34:23,763] [INFO] 'DisambiguationAgent' grouped similar sentences, completion returned and validated; MODEL = 'grok-4'.
[2025-10-30 14:34:24,483] [INFO] 'DisambiguationAgent' chose sentences to remove, completion returned and validated from MODEL = 'grok-4'.
[2025-10-30 14:34:25,273] [INFO] 'DisambiguationAgent' chose sentences to remove, completion returned and validated from MODEL = 'grok-4'.
[2025-10-30 14:34:26,001] [INFO] 'DisambiguationAgent' chose sentences to remove, completion returned and validated from MODEL = 'grok-4'.
[2025-10-30 14:34:28,572] [ERROR] 'DisambiguationAgent' could not choose sentences to remove, completion not validated; MODEL = 'grok-4'; 
 REASON: 

 1 validation error for PersuasivenessChoice
  Invalid JSON: trailing characters at line 3 column 1 [type=json_invalid, input_value='{"Choice": "Why insist G...nd of logic and pathos.', input_type=str]
    For further information visit https://errors.pydantic.dev/2.12/v/json_invalid
[2025-10-30 14:34:28,572] [INFO] EXIT: 'DisambiguationAgent' calling '_identifying_similar_sentences_and_choosing_one_to_return_to_user' (7.894545316696167 secs).
[2025-10-30 14:34:28,572] [INFO] ENTER: 'DisambiguationAgent' calling '_removing_repetitive_sentences'; CURRENT SPEAKER: grok-4_mas, DIALOGUE TURN NUM = 31.
[2025-10-30 14:34:28,572] [INFO] EXIT: 'DisambiguationAgent' calling '_removing_repetitive_sentences' (1.6450881958007812e-05 secs).
[2025-10-30 14:34:28,572] [INFO] ENTER: 'DisambiguationAgent' calling '_choose_the_most_persuasive_sentences'; CURRENT SPEAKER: grok-4_mas, DIALOGUE TURN NUM = 31.
[2025-10-30 14:34:30,170] [INFO] 'DisambiguationAgent': reached maximum allowed sentences, succussfully chose most persuasive sentences, completion returned and validated from MODEL = 'grok-4'.
[2025-10-30 14:34:30,170] [INFO] EXIT: 'DisambiguationAgent' calling '_choose_the_most_persuasive_sentences' (1.5985925197601318 secs).
[2025-10-30 14:34:30,170] [INFO] ENTER: 'DisambiguationAgent' calling 'return_disambiguated_sentences'; CURRENT SPEAKER: grok-4_mas, DIALOGUE TURN NUM = 31.
[2025-10-30 14:34:30,170] [INFO] EXIT: 'DisambiguationAgent' calling 'return_disambiguated_sentences' (3.337860107421875e-06 secs).
[2025-10-30 14:34:30,171] [ERROR] Wrong state used; State of type HumanState; error message: dict has unexpected extra key(s): "graph_rag_examples", "intermediate_generations", "knowledge_base_ensemble_or_model_name", "model_seed", "model_temp", "model_top_p", "number_of_graph_rag_examples", "number_of_vector_based_rag_examples", "political_position_prob_of_na", "political_position_range", "political_position_std", "speaker_model_name", "speaker_type", "vector_based_persona_string", "vector_based_persona_sys_prompt"
[2025-10-30 14:34:30,171] [INFO] Correct state used; State of type GenerationAgentsState; 'IGNORE THE ABOVE ERRORS'.
[2025-10-30 14:34:30,705] [INFO] 'commitment_update' completed '___Claim___' update for current speaker's commitments; MODEL = 'grok-4'.
[2025-10-30 14:34:31,214] [INFO] 'commitment_update' completed '___Claim___' update for current speaker's commitments; MODEL = 'grok-4'.
[2025-10-30 14:34:31,725] [INFO] 'commitment_update' completed '___Claim___' update for current speaker's commitments; MODEL = 'grok-4'.
[2025-10-30 14:34:31,809] [ERROR] Wrong state used; State of type HumanState; error message: dict has unexpected extra key(s): "graph_rag_examples", "intermediate_generations", "knowledge_base_ensemble_or_model_name", "model_seed", "model_temp", "model_top_p", "number_of_graph_rag_examples", "number_of_vector_based_rag_examples", "political_position_prob_of_na", "political_position_range", "political_position_std", "speaker_model_name", "speaker_type", "vector_based_persona_string", "vector_based_persona_sys_prompt"
[2025-10-30 14:34:31,810] [INFO] Correct state used; State of type GenerationAgentsState; 'IGNORE THE ABOVE ERRORS'.
[2025-10-30 14:34:31,810] [INFO] ENTER: 'UtteranceClassificationAgent' calling '_classify_sentence_utterance_types'; CURRENT SPEAKER: grok-3_mas_rag, DIALOGUE TURN NUM = 32.
[2025-10-30 14:34:33,208] [INFO] 'UtteranceClassificationAgent' completion returned and validated from MODEL = 'ModelName.GROK_3'.
[2025-10-30 14:34:33,993] [INFO] 'UtteranceClassificationAgent' completion returned and validated from MODEL = 'ModelName.GROK_3'.
[2025-10-30 14:34:35,078] [INFO] 'UtteranceClassificationAgent' completion returned and validated from MODEL = 'ModelName.GROK_3'.
[2025-10-30 14:34:36,518] [INFO] 'UtteranceClassificationAgent' completion returned and validated from MODEL = 'ModelName.GROK_3'.
[2025-10-30 14:34:37,279] [INFO] 'UtteranceClassificationAgent' completion returned and validated from MODEL = 'ModelName.GROK_3'.
[2025-10-30 14:34:37,280] [INFO] EXIT: 'UtteranceClassificationAgent' calling '_classify_sentence_utterance_types' (5.469851016998291 secs).
[2025-10-30 14:34:37,280] [INFO] ENTER: 'UtteranceClassificationAgent' calling 'return_classified_sentences'; CURRENT SPEAKER: grok-3_mas_rag, DIALOGUE TURN NUM = 32.
[2025-10-30 14:34:37,280] [INFO] EXIT: 'UtteranceClassificationAgent' calling 'return_classified_sentences' (1.9073486328125e-06 secs).
[2025-10-30 14:34:37,303] [INFO] ENTER: 'GraphRAG' calling 'why'; CURRENT SPEAKER: grok-3_mas_rag, DIALOGUE TURN NUM = 32.
[2025-10-30 14:34:37,304] [INFO] ENTER: 'GraphRAG' calling 'query_graph'; CURRENT SPEAKER: grok-3_mas_rag, DIALOGUE TURN NUM = 32.
[2025-10-30 14:34:38,052] [INFO] EXIT: 'GraphRAG' calling 'query_graph' (0.748591423034668 secs).
[2025-10-30 14:34:38,053] [INFO] EXIT: 'GraphRAG' calling 'why' (0.7490043640136719 secs).
[2025-10-30 14:34:38,053] [INFO] ENTER: 'GraphRAG' calling 'claim_negation'; CURRENT SPEAKER: grok-3_mas_rag, DIALOGUE TURN NUM = 32.
[2025-10-30 14:34:38,053] [INFO] ENTER: 'GraphRAG' calling 'query_graph'; CURRENT SPEAKER: grok-3_mas_rag, DIALOGUE TURN NUM = 32.
[2025-10-30 14:34:38,746] [INFO] EXIT: 'GraphRAG' calling 'query_graph' (0.6931872367858887 secs).
[2025-10-30 14:34:38,747] [INFO] EXIT: 'GraphRAG' calling 'claim_negation' (0.6940708160400391 secs).
[2025-10-30 14:34:38,747] [INFO] ENTER: 'GraphRAG' calling 'concede'; CURRENT SPEAKER: grok-3_mas_rag, DIALOGUE TURN NUM = 32.
[2025-10-30 14:34:38,747] [INFO] ENTER: 'GraphRAG' calling 'query_graph'; CURRENT SPEAKER: grok-3_mas_rag, DIALOGUE TURN NUM = 32.
[2025-10-30 14:34:39,479] [INFO] EXIT: 'GraphRAG' calling 'query_graph' (0.731703519821167 secs).
[2025-10-30 14:34:39,479] [INFO] EXIT: 'GraphRAG' calling 'concede' (0.7321128845214844 secs).
[2025-10-30 14:34:39,479] [INFO] ENTER: 'GraphRAG' calling 'question'; CURRENT SPEAKER: grok-3_mas_rag, DIALOGUE TURN NUM = 32.
[2025-10-30 14:34:39,479] [INFO] ENTER: 'GraphRAG' calling 'query_graph'; CURRENT SPEAKER: grok-3_mas_rag, DIALOGUE TURN NUM = 32.
[2025-10-30 14:34:39,610] [INFO] EXIT: 'GraphRAG' calling 'query_graph' (0.1312422752380371 secs).
[2025-10-30 14:34:39,611] [INFO] EXIT: 'GraphRAG' calling 'question' (0.13168692588806152 secs).
[2025-10-30 14:34:39,629] [INFO] ENTER: 'GraphRAG' calling 'why'; CURRENT SPEAKER: grok-3_mas_rag, DIALOGUE TURN NUM = 32.
[2025-10-30 14:34:39,629] [INFO] ENTER: 'GraphRAG' calling 'query_graph'; CURRENT SPEAKER: grok-3_mas_rag, DIALOGUE TURN NUM = 32.
[2025-10-30 14:34:40,348] [INFO] EXIT: 'GraphRAG' calling 'query_graph' (0.7181472778320312 secs).
[2025-10-30 14:34:40,348] [INFO] EXIT: 'GraphRAG' calling 'why' (0.7185869216918945 secs).
[2025-10-30 14:34:40,348] [INFO] ENTER: 'GraphRAG' calling 'claim_negation'; CURRENT SPEAKER: grok-3_mas_rag, DIALOGUE TURN NUM = 32.
[2025-10-30 14:34:40,348] [INFO] ENTER: 'GraphRAG' calling 'query_graph'; CURRENT SPEAKER: grok-3_mas_rag, DIALOGUE TURN NUM = 32.
[2025-10-30 14:34:41,077] [INFO] EXIT: 'GraphRAG' calling 'query_graph' (0.728905200958252 secs).
[2025-10-30 14:34:41,077] [INFO] EXIT: 'GraphRAG' calling 'claim_negation' (0.7293236255645752 secs).
[2025-10-30 14:34:41,077] [INFO] ENTER: 'GraphRAG' calling 'concede'; CURRENT SPEAKER: grok-3_mas_rag, DIALOGUE TURN NUM = 32.
[2025-10-30 14:34:41,077] [INFO] ENTER: 'GraphRAG' calling 'query_graph'; CURRENT SPEAKER: grok-3_mas_rag, DIALOGUE TURN NUM = 32.
[2025-10-30 14:34:41,816] [INFO] EXIT: 'GraphRAG' calling 'query_graph' (0.7388591766357422 secs).
[2025-10-30 14:34:41,816] [INFO] EXIT: 'GraphRAG' calling 'concede' (0.7393290996551514 secs).
[2025-10-30 14:34:41,816] [INFO] ENTER: 'GraphRAG' calling 'question'; CURRENT SPEAKER: grok-3_mas_rag, DIALOGUE TURN NUM = 32.
[2025-10-30 14:34:41,817] [INFO] ENTER: 'GraphRAG' calling 'query_graph'; CURRENT SPEAKER: grok-3_mas_rag, DIALOGUE TURN NUM = 32.
[2025-10-30 14:34:41,966] [INFO] EXIT: 'GraphRAG' calling 'query_graph' (0.14880156517028809 secs).
[2025-10-30 14:34:41,966] [INFO] EXIT: 'GraphRAG' calling 'question' (0.14923906326293945 secs).
[2025-10-30 14:34:41,984] [INFO] ENTER: 'GraphRAG' calling 'since'; CURRENT SPEAKER: grok-3_mas_rag, DIALOGUE TURN NUM = 32.
[2025-10-30 14:34:41,984] [INFO] ENTER: 'GraphRAG' calling 'query_graph'; CURRENT SPEAKER: grok-3_mas_rag, DIALOGUE TURN NUM = 32.
[2025-10-30 14:34:41,991] [INFO] EXIT: 'GraphRAG' calling 'query_graph' (0.006697654724121094 secs).
[2025-10-30 14:34:41,991] [INFO] EXIT: 'GraphRAG' calling 'since' (0.007081270217895508 secs).
[2025-10-30 14:34:41,991] [INFO] ENTER: 'GraphRAG' calling 'claim'; CURRENT SPEAKER: grok-3_mas_rag, DIALOGUE TURN NUM = 32.
[2025-10-30 14:34:41,992] [INFO] ENTER: 'GraphRAG' calling 'query_graph'; CURRENT SPEAKER: grok-3_mas_rag, DIALOGUE TURN NUM = 32.
[2025-10-30 14:34:41,994] [INFO] EXIT: 'GraphRAG' calling 'query_graph' (0.0021965503692626953 secs).
[2025-10-30 14:34:41,994] [INFO] EXIT: 'GraphRAG' calling 'claim' (0.002505779266357422 secs).
[2025-10-30 14:34:42,011] [INFO] ENTER: 'GraphRAG' calling 'since'; CURRENT SPEAKER: grok-3_mas_rag, DIALOGUE TURN NUM = 32.
[2025-10-30 14:34:42,011] [INFO] ENTER: 'GraphRAG' calling 'query_graph'; CURRENT SPEAKER: grok-3_mas_rag, DIALOGUE TURN NUM = 32.
[2025-10-30 14:34:42,039] [INFO] EXIT: 'GraphRAG' calling 'query_graph' (0.028455734252929688 secs).
[2025-10-30 14:34:42,039] [INFO] EXIT: 'GraphRAG' calling 'since' (0.028798580169677734 secs).
[2025-10-30 14:34:42,039] [INFO] ENTER: 'GraphRAG' calling 'claim'; CURRENT SPEAKER: grok-3_mas_rag, DIALOGUE TURN NUM = 32.
[2025-10-30 14:34:42,040] [INFO] ENTER: 'GraphRAG' calling 'query_graph'; CURRENT SPEAKER: grok-3_mas_rag, DIALOGUE TURN NUM = 32.
[2025-10-30 14:34:42,057] [INFO] EXIT: 'GraphRAG' calling 'query_graph' (0.016979694366455078 secs).
[2025-10-30 14:34:42,057] [INFO] EXIT: 'GraphRAG' calling 'claim' (0.017329692840576172 secs).
[2025-10-30 14:34:42,074] [INFO] ENTER: 'GraphRAG' calling 'why'; CURRENT SPEAKER: grok-3_mas_rag, DIALOGUE TURN NUM = 32.
[2025-10-30 14:34:42,075] [INFO] ENTER: 'GraphRAG' calling 'query_graph'; CURRENT SPEAKER: grok-3_mas_rag, DIALOGUE TURN NUM = 32.
[2025-10-30 14:34:42,805] [INFO] EXIT: 'GraphRAG' calling 'query_graph' (0.7306461334228516 secs).
[2025-10-30 14:34:42,805] [INFO] EXIT: 'GraphRAG' calling 'why' (0.7311127185821533 secs).
[2025-10-30 14:34:42,805] [INFO] ENTER: 'GraphRAG' calling 'claim_negation'; CURRENT SPEAKER: grok-3_mas_rag, DIALOGUE TURN NUM = 32.
[2025-10-30 14:34:42,806] [INFO] ENTER: 'GraphRAG' calling 'query_graph'; CURRENT SPEAKER: grok-3_mas_rag, DIALOGUE TURN NUM = 32.
[2025-10-30 14:34:43,512] [INFO] EXIT: 'GraphRAG' calling 'query_graph' (0.7064661979675293 secs).
[2025-10-30 14:34:43,512] [INFO] EXIT: 'GraphRAG' calling 'claim_negation' (0.7069346904754639 secs).
[2025-10-30 14:34:43,512] [INFO] ENTER: 'GraphRAG' calling 'concede'; CURRENT SPEAKER: grok-3_mas_rag, DIALOGUE TURN NUM = 32.
[2025-10-30 14:34:43,513] [INFO] ENTER: 'GraphRAG' calling 'query_graph'; CURRENT SPEAKER: grok-3_mas_rag, DIALOGUE TURN NUM = 32.
[2025-10-30 14:34:44,240] [INFO] EXIT: 'GraphRAG' calling 'query_graph' (0.7273411750793457 secs).
[2025-10-30 14:34:44,240] [INFO] EXIT: 'GraphRAG' calling 'concede' (0.7277593612670898 secs).
[2025-10-30 14:34:44,240] [INFO] ENTER: 'GraphRAG' calling 'question'; CURRENT SPEAKER: grok-3_mas_rag, DIALOGUE TURN NUM = 32.
[2025-10-30 14:34:44,241] [INFO] ENTER: 'GraphRAG' calling 'query_graph'; CURRENT SPEAKER: grok-3_mas_rag, DIALOGUE TURN NUM = 32.
[2025-10-30 14:34:44,372] [INFO] EXIT: 'GraphRAG' calling 'query_graph' (0.13122940063476562 secs).
[2025-10-30 14:34:44,372] [INFO] EXIT: 'GraphRAG' calling 'question' (0.1316688060760498 secs).
[2025-10-30 14:34:44,372] [INFO] ENTER: 'GraphRAG' calling 'return_rag_examples'; CURRENT SPEAKER: grok-3_mas_rag, DIALOGUE TURN NUM = 32.
[2025-10-30 14:34:44,372] [INFO] EXIT: 'GraphRAG' calling 'return_rag_examples' (2.1457672119140625e-06 secs).
[2025-10-30 14:34:44,374] [INFO] ENTER: 'DialogueMoveGenerator' calling 'generate'; CURRENT SPEAKER: grok-3_mas_rag, DIALOGUE TURN NUM = 32.
[2025-10-30 14:34:44,374] [INFO] ENTER: 'MASPromptGenerator' calling 'claim'; CURRENT SPEAKER: grok-3_mas_rag, DIALOGUE TURN NUM = 32.
[2025-10-30 14:34:44,375] [INFO] EXIT: 'MASPromptGenerator' calling 'claim' (0.0002429485321044922 secs).
[2025-10-30 14:34:44,376] [INFO] ENTER: 'DialogueMoveGenerator' calling 'generate'; CURRENT SPEAKER: grok-3_mas_rag, DIALOGUE TURN NUM = 32.
[2025-10-30 14:34:44,376] [INFO] ENTER: 'MASPromptGenerator' calling 'claim_negation'; CURRENT SPEAKER: grok-3_mas_rag, DIALOGUE TURN NUM = 32.
[2025-10-30 14:34:44,376] [INFO] EXIT: 'MASPromptGenerator' calling 'claim_negation' (0.0002765655517578125 secs).
[2025-10-30 14:34:44,377] [INFO] ENTER: 'DialogueMoveGenerator' calling 'generate'; CURRENT SPEAKER: grok-3_mas_rag, DIALOGUE TURN NUM = 32.
[2025-10-30 14:34:44,377] [INFO] ENTER: 'MASPromptGenerator' calling 'concede_claim'; CURRENT SPEAKER: grok-3_mas_rag, DIALOGUE TURN NUM = 32.
[2025-10-30 14:34:44,377] [INFO] EXIT: 'MASPromptGenerator' calling 'concede_claim' (8.392333984375e-05 secs).
[2025-10-30 14:34:44,379] [INFO] ENTER: 'DialogueMoveGenerator' calling 'generate'; CURRENT SPEAKER: grok-3_mas_rag, DIALOGUE TURN NUM = 32.
[2025-10-30 14:34:44,379] [INFO] ENTER: 'MASPromptGenerator' calling 'question_claim'; CURRENT SPEAKER: grok-3_mas_rag, DIALOGUE TURN NUM = 32.
[2025-10-30 14:34:44,379] [INFO] EXIT: 'MASPromptGenerator' calling 'question_claim' (8.296966552734375e-05 secs).
[2025-10-30 14:34:44,380] [INFO] ENTER: 'DialogueMoveGenerator' calling 'generate'; CURRENT SPEAKER: grok-3_mas_rag, DIALOGUE TURN NUM = 32.
[2025-10-30 14:34:44,380] [INFO] ENTER: 'MASPromptGenerator' calling 'retract_claim'; CURRENT SPEAKER: grok-3_mas_rag, DIALOGUE TURN NUM = 32.
[2025-10-30 14:34:44,380] [INFO] EXIT: 'MASPromptGenerator' calling 'retract_claim' (4.7206878662109375e-05 secs).
[2025-10-30 14:34:44,381] [INFO] ENTER: 'DialogueMoveGenerator' calling 'generate'; CURRENT SPEAKER: grok-3_mas_rag, DIALOGUE TURN NUM = 32.
[2025-10-30 14:34:44,381] [INFO] ENTER: 'MASPromptGenerator' calling 'since_claim'; CURRENT SPEAKER: grok-3_mas_rag, DIALOGUE TURN NUM = 32.
[2025-10-30 14:34:44,381] [INFO] EXIT: 'MASPromptGenerator' calling 'since_claim' (4.57763671875e-05 secs).
[2025-10-30 14:34:44,382] [INFO] ENTER: 'DialogueMoveGenerator' calling 'generate'; CURRENT SPEAKER: grok-3_mas_rag, DIALOGUE TURN NUM = 32.
[2025-10-30 14:34:44,382] [INFO] ENTER: 'MASPromptGenerator' calling 'why_claim'; CURRENT SPEAKER: grok-3_mas_rag, DIALOGUE TURN NUM = 32.
[2025-10-30 14:34:44,382] [INFO] EXIT: 'MASPromptGenerator' calling 'why_claim' (7.581710815429688e-05 secs).
[2025-10-30 14:34:50,114] [INFO] Completion returned and validated from MODEL = 'grok-3'.
[2025-10-30 14:34:50,123] [INFO] Completion returned and validated from MODEL = 'grok-3'.
[2025-10-30 14:34:50,334] [INFO] Completion returned and validated from MODEL = 'grok-3'.
[2025-10-30 14:34:50,730] [INFO] Completion returned and validated from MODEL = 'grok-3'.
[2025-10-30 14:34:50,817] [INFO] Completion returned and validated from MODEL = 'grok-3'.
[2025-10-30 14:34:51,635] [INFO] Completion returned and validated from MODEL = 'grok-3'.
[2025-10-30 14:34:51,714] [INFO] Completion returned and validated from MODEL = 'grok-3'.
[2025-10-30 14:34:53,905] [INFO] Completion returned and validated from MODEL = 'grok-3'.
[2025-10-30 14:34:54,363] [INFO] Completion returned and validated from MODEL = 'grok-3'.
[2025-10-30 14:34:56,453] [INFO] Completion returned and validated from MODEL = 'grok-3'.
[2025-10-30 14:34:56,754] [INFO] Completion returned and validated from MODEL = 'grok-3'.
[2025-10-30 14:34:56,754] [INFO] EXIT: 'DialogueMoveGenerator' calling 'generate' (12.379379034042358 secs).
[2025-10-30 14:34:57,662] [INFO] Completion returned and validated from MODEL = 'grok-3'.
[2025-10-30 14:34:58,138] [INFO] Completion returned and validated from MODEL = 'grok-3'.
[2025-10-30 14:34:58,138] [INFO] EXIT: 'DialogueMoveGenerator' calling 'generate' (13.758120775222778 secs).
[2025-10-30 14:34:58,142] [INFO] Completion returned and validated from MODEL = 'grok-3'.
[2025-10-30 14:34:58,142] [INFO] EXIT: 'DialogueMoveGenerator' calling 'generate' (13.761063575744629 secs).
[2025-10-30 14:34:58,503] [INFO] Completion returned and validated from MODEL = 'grok-3'.
[2025-10-30 14:34:58,503] [INFO] EXIT: 'DialogueMoveGenerator' calling 'generate' (14.125995635986328 secs).
[2025-10-30 14:35:01,077] [INFO] Completion returned and validated from MODEL = 'grok-3'.
[2025-10-30 14:35:01,077] [INFO] EXIT: 'DialogueMoveGenerator' calling 'generate' (16.69854712486267 secs).
[2025-10-30 14:35:02,511] [INFO] Completion returned and validated from MODEL = 'grok-3'.
[2025-10-30 14:35:02,511] [INFO] EXIT: 'DialogueMoveGenerator' calling 'generate' (18.135555028915405 secs).
[2025-10-30 14:35:04,961] [INFO] Completion returned and validated from MODEL = 'grok-3'.
[2025-10-30 14:35:04,961] [INFO] EXIT: 'DialogueMoveGenerator' calling 'generate' (20.579627513885498 secs).
[2025-10-30 14:35:04,963] [INFO] ENTER: 'MASPromptGenerator' calling 'persuasiveness_choice'; CURRENT SPEAKER: grok-3_mas_rag, DIALOGUE TURN NUM = 32.
[2025-10-30 14:35:04,963] [INFO] EXIT: 'MASPromptGenerator' calling 'persuasiveness_choice' (0.0003018379211425781 secs).
[2025-10-30 14:35:09,317] [INFO] Completion returned and validated within 'PersuasivenessChoiceAgent'; MODEL = 'grok-3'; DIALOGUE TURN NUM = 32.
[2025-10-30 14:35:13,343] [INFO] Completion returned and validated within 'PersuasivenessChoiceAgent'; MODEL = 'grok-3'; DIALOGUE TURN NUM = 32.
[2025-10-30 14:35:17,504] [INFO] Completion returned and validated within 'PersuasivenessChoiceAgent'; MODEL = 'grok-3'; DIALOGUE TURN NUM = 32.
[2025-10-30 14:35:22,413] [INFO] Completion returned and validated within 'PersuasivenessChoiceAgent'; MODEL = 'grok-3'; DIALOGUE TURN NUM = 32.
[2025-10-30 14:35:25,721] [INFO] Completion returned and validated within 'PersuasivenessChoiceAgent'; MODEL = 'grok-3'; DIALOGUE TURN NUM = 32.
[2025-10-30 14:35:25,722] [INFO] ENTER: 'DisambiguationAgent' calling '_grouping_similar_utterance_types'; CURRENT SPEAKER: grok-3_mas_rag, DIALOGUE TURN NUM = 32.
[2025-10-30 14:35:25,722] [INFO] EXIT: 'DisambiguationAgent' calling '_grouping_similar_utterance_types' (9.298324584960938e-06 secs).
[2025-10-30 14:35:25,722] [INFO] ENTER: 'DisambiguationAgent' calling '_identifying_similar_sentences_and_choosing_one_to_return_to_user'; CURRENT SPEAKER: grok-3_mas_rag, DIALOGUE TURN NUM = 32.
[2025-10-30 14:35:37,658] [INFO] 'DisambiguationAgent' grouped similar sentences, completion returned and validated; MODEL = 'grok-3'.
[2025-10-30 14:35:39,267] [INFO] 'DisambiguationAgent' chose sentences to remove, completion returned and validated from MODEL = 'grok-3'.
[2025-10-30 14:35:40,618] [INFO] 'DisambiguationAgent' chose sentences to remove, completion returned and validated from MODEL = 'grok-3'.
[2025-10-30 14:35:41,838] [INFO] 'DisambiguationAgent' chose sentences to remove, completion returned and validated from MODEL = 'grok-3'.
[2025-10-30 14:35:41,838] [INFO] EXIT: 'DisambiguationAgent' calling '_identifying_similar_sentences_and_choosing_one_to_return_to_user' (16.116177797317505 secs).
[2025-10-30 14:35:41,838] [INFO] ENTER: 'DisambiguationAgent' calling '_removing_repetitive_sentences'; CURRENT SPEAKER: grok-3_mas_rag, DIALOGUE TURN NUM = 32.
[2025-10-30 14:35:41,838] [INFO] EXIT: 'DisambiguationAgent' calling '_removing_repetitive_sentences' (1.5735626220703125e-05 secs).
[2025-10-30 14:35:41,839] [INFO] ENTER: 'DisambiguationAgent' calling 'return_disambiguated_sentences'; CURRENT SPEAKER: grok-3_mas_rag, DIALOGUE TURN NUM = 32.
[2025-10-30 14:35:41,839] [INFO] EXIT: 'DisambiguationAgent' calling 'return_disambiguated_sentences' (2.384185791015625e-06 secs).
[2025-10-30 14:35:41,839] [ERROR] Wrong state used; State of type HumanState; error message: dict has unexpected extra key(s): "graph_rag_examples", "intermediate_generations", "knowledge_base_ensemble_or_model_name", "model_seed", "model_temp", "model_top_p", "number_of_graph_rag_examples", "number_of_vector_based_rag_examples", "political_position_prob_of_na", "political_position_range", "political_position_std", "speaker_model_name", "speaker_type", "vector_based_persona_string", "vector_based_persona_sys_prompt"
[2025-10-30 14:35:41,839] [INFO] Correct state used; State of type GenerationAgentsState; 'IGNORE THE ABOVE ERRORS'.
[2025-10-30 14:35:42,508] [INFO] 'commitment_update' completed '___Claim___' update for current speaker's commitments; MODEL = 'grok-3'.
[2025-10-30 14:35:43,253] [INFO] 'commitment_update' completed '___Claim___' update for current speaker's commitments; MODEL = 'grok-3'.
[2025-10-30 14:35:43,916] [INFO] 'commitment_update' completed '___Claim___' update for current speaker's commitments; MODEL = 'grok-3'.
[2025-10-30 14:35:44,051] [ERROR] Wrong state used; State of type HumanState; error message: dict has unexpected extra key(s): "graph_rag_examples", "intermediate_generations", "knowledge_base_ensemble_or_model_name", "model_seed", "model_temp", "model_top_p", "number_of_graph_rag_examples", "number_of_vector_based_rag_examples", "political_position_prob_of_na", "political_position_range", "political_position_std", "speaker_model_name", "speaker_type", "vector_based_persona_string", "vector_based_persona_sys_prompt"
[2025-10-30 14:35:44,052] [INFO] Correct state used; State of type GenerationAgentsState; 'IGNORE THE ABOVE ERRORS'.
[2025-10-30 14:35:44,052] [INFO] ENTER: 'UtteranceClassificationAgent' calling '_classify_sentence_utterance_types'; CURRENT SPEAKER: grok-4_mas, DIALOGUE TURN NUM = 33.
[2025-10-30 14:35:44,627] [INFO] 'UtteranceClassificationAgent' completion returned and validated from MODEL = 'ModelName.GROK_4'.
[2025-10-30 14:35:45,279] [INFO] 'UtteranceClassificationAgent' completion returned and validated from MODEL = 'ModelName.GROK_4'.
[2025-10-30 14:35:45,817] [INFO] 'UtteranceClassificationAgent' completion returned and validated from MODEL = 'ModelName.GROK_4'.
[2025-10-30 14:35:45,817] [INFO] EXIT: 'UtteranceClassificationAgent' calling '_classify_sentence_utterance_types' (1.7652320861816406 secs).
[2025-10-30 14:35:45,817] [INFO] ENTER: 'UtteranceClassificationAgent' calling 'return_classified_sentences'; CURRENT SPEAKER: grok-4_mas, DIALOGUE TURN NUM = 33.
[2025-10-30 14:35:45,817] [INFO] EXIT: 'UtteranceClassificationAgent' calling 'return_classified_sentences' (1.9073486328125e-06 secs).
[2025-10-30 14:35:45,821] [INFO] ENTER: 'DialogueMoveGenerator' calling 'generate'; CURRENT SPEAKER: grok-4_mas, DIALOGUE TURN NUM = 33.
[2025-10-30 14:35:45,821] [INFO] ENTER: 'MASPromptGenerator' calling 'claim_negation'; CURRENT SPEAKER: grok-4_mas, DIALOGUE TURN NUM = 33.
[2025-10-30 14:35:45,821] [INFO] EXIT: 'MASPromptGenerator' calling 'claim_negation' (0.00019025802612304688 secs).
[2025-10-30 14:35:45,822] [INFO] ENTER: 'DialogueMoveGenerator' calling 'generate'; CURRENT SPEAKER: grok-4_mas, DIALOGUE TURN NUM = 33.
[2025-10-30 14:35:45,822] [INFO] ENTER: 'MASPromptGenerator' calling 'concede_claim'; CURRENT SPEAKER: grok-4_mas, DIALOGUE TURN NUM = 33.
[2025-10-30 14:35:45,822] [INFO] EXIT: 'MASPromptGenerator' calling 'concede_claim' (0.00015616416931152344 secs).
[2025-10-30 14:35:45,823] [INFO] ENTER: 'DialogueMoveGenerator' calling 'generate'; CURRENT SPEAKER: grok-4_mas, DIALOGUE TURN NUM = 33.
[2025-10-30 14:35:45,823] [INFO] ENTER: 'MASPromptGenerator' calling 'question_claim'; CURRENT SPEAKER: grok-4_mas, DIALOGUE TURN NUM = 33.
[2025-10-30 14:35:45,823] [INFO] EXIT: 'MASPromptGenerator' calling 'question_claim' (0.00019669532775878906 secs).
[2025-10-30 14:35:45,824] [INFO] ENTER: 'DialogueMoveGenerator' calling 'generate'; CURRENT SPEAKER: grok-4_mas, DIALOGUE TURN NUM = 33.
[2025-10-30 14:35:45,824] [INFO] ENTER: 'MASPromptGenerator' calling 'why_claim'; CURRENT SPEAKER: grok-4_mas, DIALOGUE TURN NUM = 33.
[2025-10-30 14:35:45,824] [INFO] EXIT: 'MASPromptGenerator' calling 'why_claim' (0.00020956993103027344 secs).
[2025-10-30 14:35:47,053] [INFO] Completion returned and validated from MODEL = 'grok-4'.
[2025-10-30 14:35:47,430] [INFO] Completion returned and validated from MODEL = 'grok-4'.
[2025-10-30 14:35:47,486] [INFO] Completion returned and validated from MODEL = 'grok-4'.
[2025-10-30 14:35:47,541] [INFO] Completion returned and validated from MODEL = 'grok-4'.
[2025-10-30 14:35:47,541] [INFO] EXIT: 'DialogueMoveGenerator' calling 'generate' (1.7199962139129639 secs).
[2025-10-30 14:35:48,227] [INFO] Completion returned and validated from MODEL = 'grok-4'.
[2025-10-30 14:35:48,638] [INFO] Completion returned and validated from MODEL = 'grok-4'.
[2025-10-30 14:35:48,770] [INFO] Completion returned and validated from MODEL = 'grok-4'.
[2025-10-30 14:35:49,505] [INFO] Completion returned and validated from MODEL = 'grok-4'.
[2025-10-30 14:35:49,505] [INFO] EXIT: 'DialogueMoveGenerator' calling 'generate' (3.6830625534057617 secs).
[2025-10-30 14:35:50,035] [INFO] Completion returned and validated from MODEL = 'grok-4'.
[2025-10-30 14:35:50,035] [INFO] EXIT: 'DialogueMoveGenerator' calling 'generate' (4.211082696914673 secs).
[2025-10-30 14:35:50,154] [INFO] Completion returned and validated from MODEL = 'grok-4'.
[2025-10-30 14:35:50,154] [INFO] EXIT: 'DialogueMoveGenerator' calling 'generate' (4.3310346603393555 secs).
[2025-10-30 14:35:50,155] [INFO] ENTER: 'MASPromptGenerator' calling 'persuasiveness_choice'; CURRENT SPEAKER: grok-4_mas, DIALOGUE TURN NUM = 33.
[2025-10-30 14:35:50,155] [INFO] EXIT: 'MASPromptGenerator' calling 'persuasiveness_choice' (0.00017213821411132812 secs).
[2025-10-30 14:35:51,589] [INFO] Completion returned and validated within 'PersuasivenessChoiceAgent'; MODEL = 'grok-4'; DIALOGUE TURN NUM = 33.
[2025-10-30 14:35:53,315] [INFO] Completion returned and validated within 'PersuasivenessChoiceAgent'; MODEL = 'grok-4'; DIALOGUE TURN NUM = 33.
[2025-10-30 14:35:55,018] [INFO] Completion returned and validated within 'PersuasivenessChoiceAgent'; MODEL = 'grok-4'; DIALOGUE TURN NUM = 33.
[2025-10-30 14:35:55,019] [INFO] ENTER: 'DisambiguationAgent' calling '_grouping_similar_utterance_types'; CURRENT SPEAKER: grok-4_mas, DIALOGUE TURN NUM = 33.
[2025-10-30 14:35:55,019] [INFO] EXIT: 'DisambiguationAgent' calling '_grouping_similar_utterance_types' (7.62939453125e-06 secs).
[2025-10-30 14:35:55,019] [INFO] ENTER: 'DisambiguationAgent' calling '_identifying_similar_sentences_and_choosing_one_to_return_to_user'; CURRENT SPEAKER: grok-4_mas, DIALOGUE TURN NUM = 33.
[2025-10-30 14:35:56,100] [INFO] 'DisambiguationAgent' grouped similar sentences, completion returned and validated; MODEL = 'grok-4'.
[2025-10-30 14:35:56,940] [INFO] 'DisambiguationAgent' chose sentences to remove, completion returned and validated from MODEL = 'grok-4'.
[2025-10-30 14:35:56,940] [INFO] EXIT: 'DisambiguationAgent' calling '_identifying_similar_sentences_and_choosing_one_to_return_to_user' (1.9216134548187256 secs).
[2025-10-30 14:35:56,940] [INFO] ENTER: 'DisambiguationAgent' calling '_identifying_similar_sentences_and_choosing_one_to_return_to_user'; CURRENT SPEAKER: grok-4_mas, DIALOGUE TURN NUM = 33.
[2025-10-30 14:35:58,598] [INFO] 'DisambiguationAgent' grouped similar sentences, completion returned and validated; MODEL = 'grok-4'.
[2025-10-30 14:35:59,435] [INFO] 'DisambiguationAgent' chose sentences to remove, completion returned and validated from MODEL = 'grok-4'.
[2025-10-30 14:36:00,219] [INFO] 'DisambiguationAgent' chose sentences to remove, completion returned and validated from MODEL = 'grok-4'.
[2025-10-30 14:36:00,219] [INFO] EXIT: 'DisambiguationAgent' calling '_identifying_similar_sentences_and_choosing_one_to_return_to_user' (3.2782907485961914 secs).
[2025-10-30 14:36:00,219] [INFO] ENTER: 'DisambiguationAgent' calling '_removing_repetitive_sentences'; CURRENT SPEAKER: grok-4_mas, DIALOGUE TURN NUM = 33.
[2025-10-30 14:36:00,219] [INFO] EXIT: 'DisambiguationAgent' calling '_removing_repetitive_sentences' (1.2159347534179688e-05 secs).
[2025-10-30 14:36:00,219] [INFO] ENTER: 'DisambiguationAgent' calling '_choose_the_most_persuasive_sentences'; CURRENT SPEAKER: grok-4_mas, DIALOGUE TURN NUM = 33.
[2025-10-30 14:36:01,961] [INFO] 'DisambiguationAgent': reached maximum allowed sentences, succussfully chose most persuasive sentences, completion returned and validated from MODEL = 'grok-4'.
[2025-10-30 14:36:01,961] [INFO] EXIT: 'DisambiguationAgent' calling '_choose_the_most_persuasive_sentences' (1.7418808937072754 secs).
[2025-10-30 14:36:01,961] [INFO] ENTER: 'DisambiguationAgent' calling 'return_disambiguated_sentences'; CURRENT SPEAKER: grok-4_mas, DIALOGUE TURN NUM = 33.
[2025-10-30 14:36:01,961] [INFO] EXIT: 'DisambiguationAgent' calling 'return_disambiguated_sentences' (2.6226043701171875e-06 secs).
[2025-10-30 14:36:01,961] [ERROR] Wrong state used; State of type HumanState; error message: dict has unexpected extra key(s): "graph_rag_examples", "intermediate_generations", "knowledge_base_ensemble_or_model_name", "model_seed", "model_temp", "model_top_p", "number_of_graph_rag_examples", "number_of_vector_based_rag_examples", "political_position_prob_of_na", "political_position_range", "political_position_std", "speaker_model_name", "speaker_type", "vector_based_persona_string", "vector_based_persona_sys_prompt"
[2025-10-30 14:36:01,962] [INFO] Correct state used; State of type GenerationAgentsState; 'IGNORE THE ABOVE ERRORS'.
[2025-10-30 14:36:02,491] [INFO] 'commitment_update' completed '___Claim___' update for current speaker's commitments; MODEL = 'grok-4'.
[2025-10-30 14:36:02,577] [ERROR] Wrong state used; State of type HumanState; error message: dict has unexpected extra key(s): "graph_rag_examples", "intermediate_generations", "knowledge_base_ensemble_or_model_name", "model_seed", "model_temp", "model_top_p", "number_of_graph_rag_examples", "number_of_vector_based_rag_examples", "political_position_prob_of_na", "political_position_range", "political_position_std", "speaker_model_name", "speaker_type", "vector_based_persona_string", "vector_based_persona_sys_prompt"
[2025-10-30 14:36:02,577] [INFO] Correct state used; State of type GenerationAgentsState; 'IGNORE THE ABOVE ERRORS'.
[2025-10-30 14:36:02,577] [INFO] ENTER: 'UtteranceClassificationAgent' calling '_classify_sentence_utterance_types'; CURRENT SPEAKER: grok-3_mas_rag, DIALOGUE TURN NUM = 34.
[2025-10-30 14:36:03,968] [INFO] 'UtteranceClassificationAgent' completion returned and validated from MODEL = 'ModelName.GROK_3'.
[2025-10-30 14:36:04,729] [INFO] 'UtteranceClassificationAgent' completion returned and validated from MODEL = 'ModelName.GROK_3'.
[2025-10-30 14:36:05,466] [INFO] 'UtteranceClassificationAgent' completion returned and validated from MODEL = 'ModelName.GROK_3'.
[2025-10-30 14:36:06,204] [INFO] 'UtteranceClassificationAgent' completion returned and validated from MODEL = 'ModelName.GROK_3'.
[2025-10-30 14:36:06,944] [INFO] 'UtteranceClassificationAgent' completion returned and validated from MODEL = 'ModelName.GROK_3'.
[2025-10-30 14:36:06,944] [INFO] EXIT: 'UtteranceClassificationAgent' calling '_classify_sentence_utterance_types' (4.366468667984009 secs).
[2025-10-30 14:36:06,944] [INFO] ENTER: 'UtteranceClassificationAgent' calling 'return_classified_sentences'; CURRENT SPEAKER: grok-3_mas_rag, DIALOGUE TURN NUM = 34.
[2025-10-30 14:36:06,944] [INFO] EXIT: 'UtteranceClassificationAgent' calling 'return_classified_sentences' (1.430511474609375e-06 secs).
[2025-10-30 14:36:06,964] [INFO] ENTER: 'GraphRAG' calling 'since'; CURRENT SPEAKER: grok-3_mas_rag, DIALOGUE TURN NUM = 34.
[2025-10-30 14:36:06,964] [INFO] ENTER: 'GraphRAG' calling 'query_graph'; CURRENT SPEAKER: grok-3_mas_rag, DIALOGUE TURN NUM = 34.
[2025-10-30 14:36:06,986] [INFO] EXIT: 'GraphRAG' calling 'query_graph' (0.021948814392089844 secs).
[2025-10-30 14:36:06,986] [INFO] EXIT: 'GraphRAG' calling 'since' (0.022350549697875977 secs).
[2025-10-30 14:36:06,986] [INFO] ENTER: 'GraphRAG' calling 'claim'; CURRENT SPEAKER: grok-3_mas_rag, DIALOGUE TURN NUM = 34.
[2025-10-30 14:36:06,987] [INFO] ENTER: 'GraphRAG' calling 'query_graph'; CURRENT SPEAKER: grok-3_mas_rag, DIALOGUE TURN NUM = 34.
[2025-10-30 14:36:07,004] [INFO] EXIT: 'GraphRAG' calling 'query_graph' (0.01711440086364746 secs).
[2025-10-30 14:36:07,004] [INFO] EXIT: 'GraphRAG' calling 'claim' (0.017503976821899414 secs).
[2025-10-30 14:36:07,022] [INFO] ENTER: 'GraphRAG' calling 'since'; CURRENT SPEAKER: grok-3_mas_rag, DIALOGUE TURN NUM = 34.
[2025-10-30 14:36:07,023] [INFO] ENTER: 'GraphRAG' calling 'query_graph'; CURRENT SPEAKER: grok-3_mas_rag, DIALOGUE TURN NUM = 34.
[2025-10-30 14:36:07,045] [INFO] EXIT: 'GraphRAG' calling 'query_graph' (0.022136211395263672 secs).
[2025-10-30 14:36:07,045] [INFO] EXIT: 'GraphRAG' calling 'since' (0.022501707077026367 secs).
[2025-10-30 14:36:07,045] [INFO] ENTER: 'GraphRAG' calling 'claim'; CURRENT SPEAKER: grok-3_mas_rag, DIALOGUE TURN NUM = 34.
[2025-10-30 14:36:07,045] [INFO] ENTER: 'GraphRAG' calling 'query_graph'; CURRENT SPEAKER: grok-3_mas_rag, DIALOGUE TURN NUM = 34.
[2025-10-30 14:36:07,062] [INFO] EXIT: 'GraphRAG' calling 'query_graph' (0.017046213150024414 secs).
[2025-10-30 14:36:07,063] [INFO] EXIT: 'GraphRAG' calling 'claim' (0.017457246780395508 secs).
[2025-10-30 14:36:07,081] [INFO] ENTER: 'GraphRAG' calling 'why'; CURRENT SPEAKER: grok-3_mas_rag, DIALOGUE TURN NUM = 34.
[2025-10-30 14:36:07,081] [INFO] ENTER: 'GraphRAG' calling 'query_graph'; CURRENT SPEAKER: grok-3_mas_rag, DIALOGUE TURN NUM = 34.
[2025-10-30 14:36:07,797] [INFO] EXIT: 'GraphRAG' calling 'query_graph' (0.7158892154693604 secs).
[2025-10-30 14:36:07,797] [INFO] EXIT: 'GraphRAG' calling 'why' (0.7162842750549316 secs).
[2025-10-30 14:36:07,797] [INFO] ENTER: 'GraphRAG' calling 'claim_negation'; CURRENT SPEAKER: grok-3_mas_rag, DIALOGUE TURN NUM = 34.
[2025-10-30 14:36:07,798] [INFO] ENTER: 'GraphRAG' calling 'query_graph'; CURRENT SPEAKER: grok-3_mas_rag, DIALOGUE TURN NUM = 34.
[2025-10-30 14:36:08,490] [INFO] EXIT: 'GraphRAG' calling 'query_graph' (0.6926736831665039 secs).
[2025-10-30 14:36:08,490] [INFO] EXIT: 'GraphRAG' calling 'claim_negation' (0.6931252479553223 secs).
[2025-10-30 14:36:08,491] [INFO] ENTER: 'GraphRAG' calling 'concede'; CURRENT SPEAKER: grok-3_mas_rag, DIALOGUE TURN NUM = 34.
[2025-10-30 14:36:08,491] [INFO] ENTER: 'GraphRAG' calling 'query_graph'; CURRENT SPEAKER: grok-3_mas_rag, DIALOGUE TURN NUM = 34.
[2025-10-30 14:36:09,209] [INFO] EXIT: 'GraphRAG' calling 'query_graph' (0.7183370590209961 secs).
[2025-10-30 14:36:09,209] [INFO] EXIT: 'GraphRAG' calling 'concede' (0.7187328338623047 secs).
[2025-10-30 14:36:09,209] [INFO] ENTER: 'GraphRAG' calling 'question'; CURRENT SPEAKER: grok-3_mas_rag, DIALOGUE TURN NUM = 34.
[2025-10-30 14:36:09,210] [INFO] ENTER: 'GraphRAG' calling 'query_graph'; CURRENT SPEAKER: grok-3_mas_rag, DIALOGUE TURN NUM = 34.
[2025-10-30 14:36:09,340] [INFO] EXIT: 'GraphRAG' calling 'query_graph' (0.12993550300598145 secs).
[2025-10-30 14:36:09,340] [INFO] EXIT: 'GraphRAG' calling 'question' (0.13035130500793457 secs).
[2025-10-30 14:36:09,357] [INFO] ENTER: 'GraphRAG' calling 'since'; CURRENT SPEAKER: grok-3_mas_rag, DIALOGUE TURN NUM = 34.
[2025-10-30 14:36:09,357] [INFO] ENTER: 'GraphRAG' calling 'query_graph'; CURRENT SPEAKER: grok-3_mas_rag, DIALOGUE TURN NUM = 34.
[2025-10-30 14:36:09,362] [INFO] EXIT: 'GraphRAG' calling 'query_graph' (0.004225015640258789 secs).
[2025-10-30 14:36:09,362] [INFO] EXIT: 'GraphRAG' calling 'since' (0.00458979606628418 secs).
[2025-10-30 14:36:09,362] [INFO] ENTER: 'GraphRAG' calling 'claim'; CURRENT SPEAKER: grok-3_mas_rag, DIALOGUE TURN NUM = 34.
[2025-10-30 14:36:09,362] [INFO] ENTER: 'GraphRAG' calling 'query_graph'; CURRENT SPEAKER: grok-3_mas_rag, DIALOGUE TURN NUM = 34.
[2025-10-30 14:36:09,364] [INFO] EXIT: 'GraphRAG' calling 'query_graph' (0.0020401477813720703 secs).
[2025-10-30 14:36:09,364] [INFO] EXIT: 'GraphRAG' calling 'claim' (0.0023584365844726562 secs).
[2025-10-30 14:36:09,381] [INFO] ENTER: 'GraphRAG' calling 'since'; CURRENT SPEAKER: grok-3_mas_rag, DIALOGUE TURN NUM = 34.
[2025-10-30 14:36:09,381] [INFO] ENTER: 'GraphRAG' calling 'query_graph'; CURRENT SPEAKER: grok-3_mas_rag, DIALOGUE TURN NUM = 34.
[2025-10-30 14:36:09,403] [INFO] EXIT: 'GraphRAG' calling 'query_graph' (0.02216172218322754 secs).
[2025-10-30 14:36:09,403] [INFO] EXIT: 'GraphRAG' calling 'since' (0.022495746612548828 secs).
[2025-10-30 14:36:09,403] [INFO] ENTER: 'GraphRAG' calling 'claim'; CURRENT SPEAKER: grok-3_mas_rag, DIALOGUE TURN NUM = 34.
[2025-10-30 14:36:09,404] [INFO] ENTER: 'GraphRAG' calling 'query_graph'; CURRENT SPEAKER: grok-3_mas_rag, DIALOGUE TURN NUM = 34.
[2025-10-30 14:36:09,421] [INFO] EXIT: 'GraphRAG' calling 'query_graph' (0.017444610595703125 secs).
[2025-10-30 14:36:09,421] [INFO] EXIT: 'GraphRAG' calling 'claim' (0.017785072326660156 secs).
[2025-10-30 14:36:09,421] [INFO] ENTER: 'GraphRAG' calling 'return_rag_examples'; CURRENT SPEAKER: grok-3_mas_rag, DIALOGUE TURN NUM = 34.
[2025-10-30 14:36:09,421] [INFO] EXIT: 'GraphRAG' calling 'return_rag_examples' (1.9073486328125e-06 secs).
[2025-10-30 14:36:09,436] [INFO] ENTER: 'DialogueMoveGenerator' calling 'generate'; CURRENT SPEAKER: grok-3_mas_rag, DIALOGUE TURN NUM = 34.
[2025-10-30 14:36:09,437] [INFO] ENTER: 'DialogueMoveGenerator' calling 'generate'; CURRENT SPEAKER: grok-3_mas_rag, DIALOGUE TURN NUM = 34.
[2025-10-30 14:36:09,437] [INFO] ENTER: 'MASPromptGenerator' calling 'claim'; CURRENT SPEAKER: grok-3_mas_rag, DIALOGUE TURN NUM = 34.
[2025-10-30 14:36:09,438] [INFO] ENTER: 'MASPromptGenerator' calling 'claim_negation'; CURRENT SPEAKER: grok-3_mas_rag, DIALOGUE TURN NUM = 34.
[2025-10-30 14:36:09,438] [INFO] ENTER: 'DialogueMoveGenerator' calling 'generate'; CURRENT SPEAKER: grok-3_mas_rag, DIALOGUE TURN NUM = 34.
[2025-10-30 14:36:09,439] [INFO] EXIT: 'MASPromptGenerator' calling 'claim' (0.0003490447998046875 secs).
[2025-10-30 14:36:09,439] [INFO] ENTER: 'DialogueMoveGenerator' calling 'generate'; CURRENT SPEAKER: grok-3_mas_rag, DIALOGUE TURN NUM = 34.
[2025-10-30 14:36:09,439] [INFO] ENTER: 'DialogueMoveGenerator' calling 'generate'; CURRENT SPEAKER: grok-3_mas_rag, DIALOGUE TURN NUM = 34.
[2025-10-30 14:36:09,439] [INFO] ENTER: 'DialogueMoveGenerator' calling 'generate'; CURRENT SPEAKER: grok-3_mas_rag, DIALOGUE TURN NUM = 34.
[2025-10-30 14:36:09,439] [INFO] ENTER: 'DialogueMoveGenerator' calling 'generate'; CURRENT SPEAKER: grok-3_mas_rag, DIALOGUE TURN NUM = 34.
[2025-10-30 14:36:09,440] [INFO] EXIT: 'MASPromptGenerator' calling 'claim_negation' (0.00016260147094726562 secs).
[2025-10-30 14:36:09,440] [INFO] ENTER: 'MASPromptGenerator' calling 'concede_claim'; CURRENT SPEAKER: grok-3_mas_rag, DIALOGUE TURN NUM = 34.
[2025-10-30 14:36:09,440] [INFO] ENTER: 'MASPromptGenerator' calling 'question_claim'; CURRENT SPEAKER: grok-3_mas_rag, DIALOGUE TURN NUM = 34.
[2025-10-30 14:36:09,441] [INFO] ENTER: 'MASPromptGenerator' calling 'retract_claim'; CURRENT SPEAKER: grok-3_mas_rag, DIALOGUE TURN NUM = 34.
[2025-10-30 14:36:09,441] [INFO] ENTER: 'MASPromptGenerator' calling 'since_claim'; CURRENT SPEAKER: grok-3_mas_rag, DIALOGUE TURN NUM = 34.
[2025-10-30 14:36:09,441] [INFO] ENTER: 'MASPromptGenerator' calling 'why_claim'; CURRENT SPEAKER: grok-3_mas_rag, DIALOGUE TURN NUM = 34.
[2025-10-30 14:36:09,441] [INFO] EXIT: 'MASPromptGenerator' calling 'concede_claim' (0.00018167495727539062 secs).
[2025-10-30 14:36:09,442] [INFO] EXIT: 'MASPromptGenerator' calling 'question_claim' (0.0001583099365234375 secs).
[2025-10-30 14:36:09,442] [INFO] EXIT: 'MASPromptGenerator' calling 'retract_claim' (0.00015664100646972656 secs).
[2025-10-30 14:36:09,442] [INFO] EXIT: 'MASPromptGenerator' calling 'since_claim' (0.00017261505126953125 secs).
[2025-10-30 14:36:09,442] [INFO] EXIT: 'MASPromptGenerator' calling 'why_claim' (0.00016164779663085938 secs).
[2025-10-30 14:36:15,244] [INFO] Completion returned and validated from MODEL = 'grok-3'.
[2025-10-30 14:36:15,244] [INFO] EXIT: 'DialogueMoveGenerator' calling 'generate' (5.804185390472412 secs).
[2025-10-30 14:36:15,926] [INFO] Completion returned and validated from MODEL = 'grok-3'.
[2025-10-30 14:36:15,926] [INFO] EXIT: 'DialogueMoveGenerator' calling 'generate' (6.484759092330933 secs).
[2025-10-30 14:36:15,934] [INFO] Completion returned and validated from MODEL = 'grok-3'.
[2025-10-30 14:36:16,196] [INFO] Completion returned and validated from MODEL = 'grok-3'.
[2025-10-30 14:36:16,196] [INFO] EXIT: 'DialogueMoveGenerator' calling 'generate' (6.7582409381866455 secs).
[2025-10-30 14:36:16,280] [INFO] Completion returned and validated from MODEL = 'grok-3'.
[2025-10-30 14:36:16,280] [INFO] EXIT: 'DialogueMoveGenerator' calling 'generate' (6.83948826789856 secs).
[2025-10-30 14:36:16,378] [INFO] Completion returned and validated from MODEL = 'grok-3'.
[2025-10-30 14:36:16,538] [INFO] Completion returned and validated from MODEL = 'grok-3'.
[2025-10-30 14:36:20,112] [INFO] Completion returned and validated from MODEL = 'grok-3'.
[2025-10-30 14:36:23,308] [INFO] Completion returned and validated from MODEL = 'grok-3'.
[2025-10-30 14:36:24,926] [INFO] Completion returned and validated from MODEL = 'grok-3'.
[2025-10-30 14:36:29,062] [INFO] Completion returned and validated from MODEL = 'grok-3'.
[2025-10-30 14:36:31,899] [INFO] Completion returned and validated from MODEL = 'grok-3'.
[2025-10-30 14:36:35,580] [INFO] Completion returned and validated from MODEL = 'grok-3'.
[2025-10-30 14:36:36,724] [INFO] Completion returned and validated from MODEL = 'grok-3'.
[2025-10-30 14:36:36,724] [INFO] EXIT: 'DialogueMoveGenerator' calling 'generate' (27.28643774986267 secs).
[2025-10-30 14:36:38,767] [INFO] Completion returned and validated from MODEL = 'grok-3'.
[2025-10-30 14:36:38,767] [INFO] EXIT: 'DialogueMoveGenerator' calling 'generate' (29.326635599136353 secs).
[2025-10-30 14:36:43,165] [INFO] Completion returned and validated from MODEL = 'grok-3'.
[2025-10-30 14:36:43,165] [INFO] EXIT: 'DialogueMoveGenerator' calling 'generate' (33.72457218170166 secs).
[2025-10-30 14:36:43,166] [INFO] ENTER: 'MASPromptGenerator' calling 'persuasiveness_choice'; CURRENT SPEAKER: grok-3_mas_rag, DIALOGUE TURN NUM = 34.
[2025-10-30 14:36:43,167] [INFO] EXIT: 'MASPromptGenerator' calling 'persuasiveness_choice' (0.0003452301025390625 secs).
[2025-10-30 14:36:50,989] [INFO] Completion returned and validated within 'PersuasivenessChoiceAgent'; MODEL = 'grok-3'; DIALOGUE TURN NUM = 34.
[2025-10-30 14:36:57,101] [INFO] Completion returned and validated within 'PersuasivenessChoiceAgent'; MODEL = 'grok-3'; DIALOGUE TURN NUM = 34.
[2025-10-30 14:37:01,605] [INFO] Completion returned and validated within 'PersuasivenessChoiceAgent'; MODEL = 'grok-3'; DIALOGUE TURN NUM = 34.
[2025-10-30 14:37:05,392] [INFO] Completion returned and validated within 'PersuasivenessChoiceAgent'; MODEL = 'grok-3'; DIALOGUE TURN NUM = 34.
[2025-10-30 14:37:11,063] [INFO] Completion returned and validated within 'PersuasivenessChoiceAgent'; MODEL = 'grok-3'; DIALOGUE TURN NUM = 34.
[2025-10-30 14:37:11,064] [INFO] ENTER: 'DisambiguationAgent' calling '_grouping_similar_utterance_types'; CURRENT SPEAKER: grok-3_mas_rag, DIALOGUE TURN NUM = 34.
[2025-10-30 14:37:11,064] [INFO] EXIT: 'DisambiguationAgent' calling '_grouping_similar_utterance_types' (1.1682510375976562e-05 secs).
[2025-10-30 14:37:11,064] [INFO] ENTER: 'DisambiguationAgent' calling '_identifying_similar_sentences_and_choosing_one_to_return_to_user'; CURRENT SPEAKER: grok-3_mas_rag, DIALOGUE TURN NUM = 34.
[2025-10-30 14:37:30,144] [INFO] 'DisambiguationAgent' grouped similar sentences, completion returned and validated; MODEL = 'grok-3'.
[2025-10-30 14:37:32,123] [INFO] 'DisambiguationAgent' chose sentences to remove, completion returned and validated from MODEL = 'grok-3'.
[2025-10-30 14:37:33,687] [INFO] 'DisambiguationAgent' chose sentences to remove, completion returned and validated from MODEL = 'grok-3'.
[2025-10-30 14:37:35,062] [INFO] 'DisambiguationAgent' chose sentences to remove, completion returned and validated from MODEL = 'grok-3'.
[2025-10-30 14:37:36,552] [INFO] 'DisambiguationAgent' chose sentences to remove, completion returned and validated from MODEL = 'grok-3'.
[2025-10-30 14:37:36,552] [INFO] EXIT: 'DisambiguationAgent' calling '_identifying_similar_sentences_and_choosing_one_to_return_to_user' (25.488112449645996 secs).
[2025-10-30 14:37:36,552] [INFO] ENTER: 'DisambiguationAgent' calling '_removing_repetitive_sentences'; CURRENT SPEAKER: grok-3_mas_rag, DIALOGUE TURN NUM = 34.
[2025-10-30 14:37:36,552] [INFO] EXIT: 'DisambiguationAgent' calling '_removing_repetitive_sentences' (1.9788742065429688e-05 secs).
[2025-10-30 14:37:36,552] [INFO] ENTER: 'DisambiguationAgent' calling 'return_disambiguated_sentences'; CURRENT SPEAKER: grok-3_mas_rag, DIALOGUE TURN NUM = 34.
[2025-10-30 14:37:36,552] [INFO] EXIT: 'DisambiguationAgent' calling 'return_disambiguated_sentences' (2.384185791015625e-06 secs).
[2025-10-30 14:37:36,553] [ERROR] Wrong state used; State of type HumanState; error message: dict has unexpected extra key(s): "graph_rag_examples", "intermediate_generations", "knowledge_base_ensemble_or_model_name", "model_seed", "model_temp", "model_top_p", "number_of_graph_rag_examples", "number_of_vector_based_rag_examples", "political_position_prob_of_na", "political_position_range", "political_position_std", "speaker_model_name", "speaker_type", "vector_based_persona_string", "vector_based_persona_sys_prompt"
[2025-10-30 14:37:36,553] [INFO] Correct state used; State of type GenerationAgentsState; 'IGNORE THE ABOVE ERRORS'.
[2025-10-30 14:37:37,884] [INFO] 'commitment_update' completed '___Since___' update; MODEL = 'grok-3'.
[2025-10-30 14:37:38,609] [INFO] 'commitment_update' completed '___Since___' update; MODEL = 'grok-3'.
[2025-10-30 14:37:39,339] [INFO] 'commitment_update' completed '___Claim___' update for current speaker's commitments; MODEL = 'grok-3'.
[2025-10-30 14:37:40,089] [INFO] 'commitment_update' completed '___Claim___' update for current speaker's commitments; MODEL = 'grok-3'.
[2025-10-30 14:37:40,222] [ERROR] Wrong state used; State of type HumanState; error message: dict has unexpected extra key(s): "graph_rag_examples", "intermediate_generations", "knowledge_base_ensemble_or_model_name", "model_seed", "model_temp", "model_top_p", "number_of_graph_rag_examples", "number_of_vector_based_rag_examples", "political_position_prob_of_na", "political_position_range", "political_position_std", "speaker_model_name", "speaker_type", "vector_based_persona_string", "vector_based_persona_sys_prompt"
[2025-10-30 14:37:40,223] [INFO] Correct state used; State of type GenerationAgentsState; 'IGNORE THE ABOVE ERRORS'.
[2025-10-30 14:37:40,223] [INFO] ENTER: 'UtteranceClassificationAgent' calling '_classify_sentence_utterance_types'; CURRENT SPEAKER: grok-4_mas, DIALOGUE TURN NUM = 35.
[2025-10-30 14:37:40,816] [INFO] 'UtteranceClassificationAgent' completion returned and validated from MODEL = 'ModelName.GROK_4'.
[2025-10-30 14:37:41,510] [INFO] 'UtteranceClassificationAgent' completion returned and validated from MODEL = 'ModelName.GROK_4'.
[2025-10-30 14:37:42,068] [INFO] 'UtteranceClassificationAgent' completion returned and validated from MODEL = 'ModelName.GROK_4'.
[2025-10-30 14:37:42,608] [INFO] 'UtteranceClassificationAgent' completion returned and validated from MODEL = 'ModelName.GROK_4'.
[2025-10-30 14:37:42,608] [INFO] EXIT: 'UtteranceClassificationAgent' calling '_classify_sentence_utterance_types' (2.385000467300415 secs).
[2025-10-30 14:37:42,608] [INFO] ENTER: 'UtteranceClassificationAgent' calling 'return_classified_sentences'; CURRENT SPEAKER: grok-4_mas, DIALOGUE TURN NUM = 35.
[2025-10-30 14:37:42,608] [INFO] EXIT: 'UtteranceClassificationAgent' calling 'return_classified_sentences' (1.9073486328125e-06 secs).
[2025-10-30 14:37:42,610] [INFO] ENTER: 'DialogueMoveGenerator' calling 'generate'; CURRENT SPEAKER: grok-4_mas, DIALOGUE TURN NUM = 35.
[2025-10-30 14:37:42,611] [INFO] ENTER: 'DialogueMoveGenerator' calling 'generate'; CURRENT SPEAKER: grok-4_mas, DIALOGUE TURN NUM = 35.
[2025-10-30 14:37:42,611] [INFO] ENTER: 'DialogueMoveGenerator' calling 'generate'; CURRENT SPEAKER: grok-4_mas, DIALOGUE TURN NUM = 35.
[2025-10-30 14:37:42,612] [INFO] ENTER: 'MASPromptGenerator' calling 'claim_negation'; CURRENT SPEAKER: grok-4_mas, DIALOGUE TURN NUM = 35.
[2025-10-30 14:37:42,612] [INFO] ENTER: 'DialogueMoveGenerator' calling 'generate'; CURRENT SPEAKER: grok-4_mas, DIALOGUE TURN NUM = 35.
[2025-10-30 14:37:42,612] [INFO] ENTER: 'MASPromptGenerator' calling 'concede_claim'; CURRENT SPEAKER: grok-4_mas, DIALOGUE TURN NUM = 35.
[2025-10-30 14:37:42,613] [INFO] ENTER: 'MASPromptGenerator' calling 'question_claim'; CURRENT SPEAKER: grok-4_mas, DIALOGUE TURN NUM = 35.
[2025-10-30 14:37:42,613] [INFO] EXIT: 'MASPromptGenerator' calling 'claim_negation' (7.390975952148438e-05 secs).
[2025-10-30 14:37:42,614] [INFO] ENTER: 'MASPromptGenerator' calling 'why_claim'; CURRENT SPEAKER: grok-4_mas, DIALOGUE TURN NUM = 35.
[2025-10-30 14:37:42,614] [INFO] EXIT: 'MASPromptGenerator' calling 'concede_claim' (0.00017309188842773438 secs).
[2025-10-30 14:37:42,614] [INFO] EXIT: 'MASPromptGenerator' calling 'question_claim' (7.009506225585938e-05 secs).
[2025-10-30 14:37:42,615] [INFO] EXIT: 'MASPromptGenerator' calling 'why_claim' (4.673004150390625e-05 secs).
[2025-10-30 14:37:44,137] [INFO] Completion returned and validated from MODEL = 'grok-4'.
[2025-10-30 14:37:44,345] [INFO] Completion returned and validated from MODEL = 'grok-4'.
[2025-10-30 14:37:44,378] [INFO] Completion returned and validated from MODEL = 'grok-4'.
[2025-10-30 14:37:44,419] [INFO] Completion returned and validated from MODEL = 'grok-4'.
[2025-10-30 14:37:45,540] [INFO] Completion returned and validated from MODEL = 'grok-4'.
[2025-10-30 14:37:45,868] [INFO] Completion returned and validated from MODEL = 'grok-4'.
[2025-10-30 14:37:45,874] [INFO] Completion returned and validated from MODEL = 'grok-4'.
[2025-10-30 14:37:46,128] [INFO] Completion returned and validated from MODEL = 'grok-4'.
[2025-10-30 14:37:46,128] [INFO] EXIT: 'DialogueMoveGenerator' calling 'generate' (3.516864538192749 secs).
[2025-10-30 14:37:46,700] [INFO] Completion returned and validated from MODEL = 'grok-4'.
[2025-10-30 14:37:47,232] [INFO] Completion returned and validated from MODEL = 'grok-4'.
[2025-10-30 14:37:47,335] [INFO] Completion returned and validated from MODEL = 'grok-4'.
[2025-10-30 14:37:48,059] [INFO] Completion returned and validated from MODEL = 'grok-4'.
[2025-10-30 14:37:48,059] [INFO] EXIT: 'DialogueMoveGenerator' calling 'generate' (5.446779251098633 secs).
[2025-10-30 14:37:48,803] [INFO] Completion returned and validated from MODEL = 'grok-4'.
[2025-10-30 14:37:48,803] [INFO] EXIT: 'DialogueMoveGenerator' calling 'generate' (6.189197301864624 secs).
[2025-10-30 14:37:48,827] [INFO] Completion returned and validated from MODEL = 'grok-4'.
[2025-10-30 14:37:48,827] [INFO] EXIT: 'DialogueMoveGenerator' calling 'generate' (6.214101791381836 secs).
[2025-10-30 14:37:48,828] [INFO] ENTER: 'MASPromptGenerator' calling 'persuasiveness_choice'; CURRENT SPEAKER: grok-4_mas, DIALOGUE TURN NUM = 35.
[2025-10-30 14:37:48,828] [INFO] EXIT: 'MASPromptGenerator' calling 'persuasiveness_choice' (0.0002601146697998047 secs).
[2025-10-30 14:37:50,129] [INFO] Completion returned and validated within 'PersuasivenessChoiceAgent'; MODEL = 'grok-4'; DIALOGUE TURN NUM = 35.
[2025-10-30 14:37:51,888] [INFO] Completion returned and validated within 'PersuasivenessChoiceAgent'; MODEL = 'grok-4'; DIALOGUE TURN NUM = 35.
[2025-10-30 14:37:53,745] [INFO] Completion returned and validated within 'PersuasivenessChoiceAgent'; MODEL = 'grok-4'; DIALOGUE TURN NUM = 35.
[2025-10-30 14:37:55,203] [INFO] Completion returned and validated within 'PersuasivenessChoiceAgent'; MODEL = 'grok-4'; DIALOGUE TURN NUM = 35.
[2025-10-30 14:37:55,204] [INFO] ENTER: 'DisambiguationAgent' calling '_grouping_similar_utterance_types'; CURRENT SPEAKER: grok-4_mas, DIALOGUE TURN NUM = 35.
[2025-10-30 14:37:55,204] [INFO] EXIT: 'DisambiguationAgent' calling '_grouping_similar_utterance_types' (1.1205673217773438e-05 secs).
[2025-10-30 14:37:55,205] [INFO] ENTER: 'DisambiguationAgent' calling '_identifying_similar_sentences_and_choosing_one_to_return_to_user'; CURRENT SPEAKER: grok-4_mas, DIALOGUE TURN NUM = 35.
[2025-10-30 14:37:56,708] [INFO] 'DisambiguationAgent' grouped similar sentences, completion returned and validated; MODEL = 'grok-4'.
[2025-10-30 14:37:57,600] [INFO] 'DisambiguationAgent' chose sentences to remove, completion returned and validated from MODEL = 'grok-4'.
[2025-10-30 14:37:58,429] [INFO] 'DisambiguationAgent' chose sentences to remove, completion returned and validated from MODEL = 'grok-4'.
[2025-10-30 14:37:58,429] [INFO] EXIT: 'DisambiguationAgent' calling '_identifying_similar_sentences_and_choosing_one_to_return_to_user' (3.224108934402466 secs).
[2025-10-30 14:37:58,429] [INFO] ENTER: 'DisambiguationAgent' calling '_identifying_similar_sentences_and_choosing_one_to_return_to_user'; CURRENT SPEAKER: grok-4_mas, DIALOGUE TURN NUM = 35.
[2025-10-30 14:38:01,293] [INFO] 'DisambiguationAgent' grouped similar sentences, completion returned and validated; MODEL = 'grok-4'.
[2025-10-30 14:38:03,052] [ERROR] 'DisambiguationAgent' could not choose sentences to remove, completion not validated; MODEL = 'grok-4'; 
 REASON: 

 1 validation error for PersuasivenessChoice
  Invalid JSON: trailing characters at line 3 column 1 [type=json_invalid, input_value='{"Choice": "Why do you c...nd emotional resonance.', input_type=str]
    For further information visit https://errors.pydantic.dev/2.12/v/json_invalid
[2025-10-30 14:38:05,540] [ERROR] 'DisambiguationAgent' could not choose sentences to remove, completion not validated; MODEL = 'grok-4'; 
 REASON: 

 1 validation error for PersuasivenessChoice
  Invalid JSON: trailing characters at line 3 column 1 [type=json_invalid, input_value='{"Choice": "Why do you i...e a skeptical audience.', input_type=str]
    For further information visit https://errors.pydantic.dev/2.12/v/json_invalid
[2025-10-30 14:38:05,540] [INFO] EXIT: 'DisambiguationAgent' calling '_identifying_similar_sentences_and_choosing_one_to_return_to_user' (7.111314296722412 secs).
[2025-10-30 14:38:05,540] [INFO] ENTER: 'DisambiguationAgent' calling '_removing_repetitive_sentences'; CURRENT SPEAKER: grok-4_mas, DIALOGUE TURN NUM = 35.
[2025-10-30 14:38:05,540] [INFO] EXIT: 'DisambiguationAgent' calling '_removing_repetitive_sentences' (1.33514404296875e-05 secs).
[2025-10-30 14:38:05,540] [INFO] ENTER: 'DisambiguationAgent' calling '_choose_the_most_persuasive_sentences'; CURRENT SPEAKER: grok-4_mas, DIALOGUE TURN NUM = 35.
[2025-10-30 14:38:07,189] [INFO] 'DisambiguationAgent': reached maximum allowed sentences, succussfully chose most persuasive sentences, completion returned and validated from MODEL = 'grok-4'.
[2025-10-30 14:38:07,189] [INFO] EXIT: 'DisambiguationAgent' calling '_choose_the_most_persuasive_sentences' (1.6484177112579346 secs).
[2025-10-30 14:38:07,189] [INFO] ENTER: 'DisambiguationAgent' calling 'return_disambiguated_sentences'; CURRENT SPEAKER: grok-4_mas, DIALOGUE TURN NUM = 35.
[2025-10-30 14:38:07,189] [INFO] EXIT: 'DisambiguationAgent' calling 'return_disambiguated_sentences' (2.1457672119140625e-06 secs).
[2025-10-30 14:38:07,189] [ERROR] Wrong state used; State of type HumanState; error message: dict has unexpected extra key(s): "graph_rag_examples", "intermediate_generations", "knowledge_base_ensemble_or_model_name", "model_seed", "model_temp", "model_top_p", "number_of_graph_rag_examples", "number_of_vector_based_rag_examples", "political_position_prob_of_na", "political_position_range", "political_position_std", "speaker_model_name", "speaker_type", "vector_based_persona_string", "vector_based_persona_sys_prompt"
[2025-10-30 14:38:07,189] [INFO] Correct state used; State of type GenerationAgentsState; 'IGNORE THE ABOVE ERRORS'.
[2025-10-30 14:38:07,741] [INFO] 'commitment_update' completed '___Claim___' update for current speaker's commitments; MODEL = 'grok-4'.
[2025-10-30 14:38:08,279] [INFO] 'commitment_update' completed '___Claim___' update for current speaker's commitments; MODEL = 'grok-4'.
[2025-10-30 14:38:08,363] [ERROR] Wrong state used; State of type HumanState; error message: dict has unexpected extra key(s): "graph_rag_examples", "intermediate_generations", "knowledge_base_ensemble_or_model_name", "model_seed", "model_temp", "model_top_p", "number_of_graph_rag_examples", "number_of_vector_based_rag_examples", "political_position_prob_of_na", "political_position_range", "political_position_std", "speaker_model_name", "speaker_type", "vector_based_persona_string", "vector_based_persona_sys_prompt"
[2025-10-30 14:38:08,364] [INFO] Correct state used; State of type GenerationAgentsState; 'IGNORE THE ABOVE ERRORS'.
[2025-10-30 14:38:08,364] [INFO] ENTER: 'UtteranceClassificationAgent' calling '_classify_sentence_utterance_types'; CURRENT SPEAKER: grok-3_mas_rag, DIALOGUE TURN NUM = 36.
[2025-10-30 14:38:09,061] [INFO] 'UtteranceClassificationAgent' completion returned and validated from MODEL = 'ModelName.GROK_3'.
[2025-10-30 14:38:10,302] [INFO] 'UtteranceClassificationAgent' completion returned and validated from MODEL = 'ModelName.GROK_3'.
[2025-10-30 14:38:11,054] [INFO] 'UtteranceClassificationAgent' completion returned and validated from MODEL = 'ModelName.GROK_3'.
[2025-10-30 14:38:11,732] [INFO] 'UtteranceClassificationAgent' completion returned and validated from MODEL = 'ModelName.GROK_3'.
[2025-10-30 14:38:12,649] [INFO] 'UtteranceClassificationAgent' completion returned and validated from MODEL = 'ModelName.GROK_3'.
[2025-10-30 14:38:12,649] [INFO] EXIT: 'UtteranceClassificationAgent' calling '_classify_sentence_utterance_types' (4.285688877105713 secs).
[2025-10-30 14:38:12,649] [INFO] ENTER: 'UtteranceClassificationAgent' calling 'return_classified_sentences'; CURRENT SPEAKER: grok-3_mas_rag, DIALOGUE TURN NUM = 36.
[2025-10-30 14:38:12,650] [INFO] EXIT: 'UtteranceClassificationAgent' calling 'return_classified_sentences' (1.9073486328125e-06 secs).
[2025-10-30 14:38:12,673] [INFO] ENTER: 'GraphRAG' calling 'since'; CURRENT SPEAKER: grok-3_mas_rag, DIALOGUE TURN NUM = 36.
[2025-10-30 14:38:12,673] [INFO] ENTER: 'GraphRAG' calling 'query_graph'; CURRENT SPEAKER: grok-3_mas_rag, DIALOGUE TURN NUM = 36.
[2025-10-30 14:38:12,697] [INFO] EXIT: 'GraphRAG' calling 'query_graph' (0.023714542388916016 secs).
[2025-10-30 14:38:12,697] [INFO] EXIT: 'GraphRAG' calling 'since' (0.024082183837890625 secs).
[2025-10-30 14:38:12,697] [INFO] ENTER: 'GraphRAG' calling 'claim'; CURRENT SPEAKER: grok-3_mas_rag, DIALOGUE TURN NUM = 36.
[2025-10-30 14:38:12,697] [INFO] ENTER: 'GraphRAG' calling 'query_graph'; CURRENT SPEAKER: grok-3_mas_rag, DIALOGUE TURN NUM = 36.
[2025-10-30 14:38:12,714] [INFO] EXIT: 'GraphRAG' calling 'query_graph' (0.01664113998413086 secs).
[2025-10-30 14:38:12,714] [INFO] EXIT: 'GraphRAG' calling 'claim' (0.01696634292602539 secs).
[2025-10-30 14:38:12,731] [INFO] ENTER: 'GraphRAG' calling 'claim'; CURRENT SPEAKER: grok-3_mas_rag, DIALOGUE TURN NUM = 36.
[2025-10-30 14:38:12,731] [INFO] ENTER: 'GraphRAG' calling 'query_graph'; CURRENT SPEAKER: grok-3_mas_rag, DIALOGUE TURN NUM = 36.
[2025-10-30 14:38:12,811] [INFO] EXIT: 'GraphRAG' calling 'query_graph' (0.08001852035522461 secs).
[2025-10-30 14:38:12,812] [INFO] EXIT: 'GraphRAG' calling 'claim' (0.0809018611907959 secs).
[2025-10-30 14:38:12,812] [INFO] ENTER: 'GraphRAG' calling 'claim_negation'; CURRENT SPEAKER: grok-3_mas_rag, DIALOGUE TURN NUM = 36.
[2025-10-30 14:38:12,812] [INFO] ENTER: 'GraphRAG' calling 'query_graph'; CURRENT SPEAKER: grok-3_mas_rag, DIALOGUE TURN NUM = 36.
[2025-10-30 14:38:12,834] [INFO] EXIT: 'GraphRAG' calling 'query_graph' (0.022023916244506836 secs).
[2025-10-30 14:38:12,834] [INFO] EXIT: 'GraphRAG' calling 'claim_negation' (0.02239394187927246 secs).
[2025-10-30 14:38:12,852] [INFO] ENTER: 'GraphRAG' calling 'why'; CURRENT SPEAKER: grok-3_mas_rag, DIALOGUE TURN NUM = 36.
[2025-10-30 14:38:12,852] [INFO] ENTER: 'GraphRAG' calling 'query_graph'; CURRENT SPEAKER: grok-3_mas_rag, DIALOGUE TURN NUM = 36.
[2025-10-30 14:38:13,570] [INFO] EXIT: 'GraphRAG' calling 'query_graph' (0.7177565097808838 secs).
[2025-10-30 14:38:13,570] [INFO] EXIT: 'GraphRAG' calling 'why' (0.7181570529937744 secs).
[2025-10-30 14:38:13,570] [INFO] ENTER: 'GraphRAG' calling 'claim_negation'; CURRENT SPEAKER: grok-3_mas_rag, DIALOGUE TURN NUM = 36.
[2025-10-30 14:38:13,570] [INFO] ENTER: 'GraphRAG' calling 'query_graph'; CURRENT SPEAKER: grok-3_mas_rag, DIALOGUE TURN NUM = 36.
[2025-10-30 14:38:14,260] [INFO] EXIT: 'GraphRAG' calling 'query_graph' (0.6896636486053467 secs).
[2025-10-30 14:38:14,260] [INFO] EXIT: 'GraphRAG' calling 'claim_negation' (0.6901319026947021 secs).
[2025-10-30 14:38:14,260] [INFO] ENTER: 'GraphRAG' calling 'concede'; CURRENT SPEAKER: grok-3_mas_rag, DIALOGUE TURN NUM = 36.
[2025-10-30 14:38:14,261] [INFO] ENTER: 'GraphRAG' calling 'query_graph'; CURRENT SPEAKER: grok-3_mas_rag, DIALOGUE TURN NUM = 36.
[2025-10-30 14:38:14,979] [INFO] EXIT: 'GraphRAG' calling 'query_graph' (0.7179498672485352 secs).
[2025-10-30 14:38:14,979] [INFO] EXIT: 'GraphRAG' calling 'concede' (0.7183387279510498 secs).
[2025-10-30 14:38:14,979] [INFO] ENTER: 'GraphRAG' calling 'question'; CURRENT SPEAKER: grok-3_mas_rag, DIALOGUE TURN NUM = 36.
[2025-10-30 14:38:14,979] [INFO] ENTER: 'GraphRAG' calling 'query_graph'; CURRENT SPEAKER: grok-3_mas_rag, DIALOGUE TURN NUM = 36.
[2025-10-30 14:38:15,111] [INFO] EXIT: 'GraphRAG' calling 'query_graph' (0.13143563270568848 secs).
[2025-10-30 14:38:15,111] [INFO] EXIT: 'GraphRAG' calling 'question' (0.1318225860595703 secs).
[2025-10-30 14:38:15,129] [INFO] ENTER: 'GraphRAG' calling 'why'; CURRENT SPEAKER: grok-3_mas_rag, DIALOGUE TURN NUM = 36.
[2025-10-30 14:38:15,129] [INFO] ENTER: 'GraphRAG' calling 'query_graph'; CURRENT SPEAKER: grok-3_mas_rag, DIALOGUE TURN NUM = 36.
[2025-10-30 14:38:15,845] [INFO] EXIT: 'GraphRAG' calling 'query_graph' (0.7161645889282227 secs).
[2025-10-30 14:38:15,845] [INFO] EXIT: 'GraphRAG' calling 'why' (0.716588020324707 secs).
[2025-10-30 14:38:15,845] [INFO] ENTER: 'GraphRAG' calling 'claim_negation'; CURRENT SPEAKER: grok-3_mas_rag, DIALOGUE TURN NUM = 36.
[2025-10-30 14:38:15,846] [INFO] ENTER: 'GraphRAG' calling 'query_graph'; CURRENT SPEAKER: grok-3_mas_rag, DIALOGUE TURN NUM = 36.
[2025-10-30 14:38:16,540] [INFO] EXIT: 'GraphRAG' calling 'query_graph' (0.6945176124572754 secs).
[2025-10-30 14:38:16,540] [INFO] EXIT: 'GraphRAG' calling 'claim_negation' (0.6949646472930908 secs).
[2025-10-30 14:38:16,541] [INFO] ENTER: 'GraphRAG' calling 'concede'; CURRENT SPEAKER: grok-3_mas_rag, DIALOGUE TURN NUM = 36.
[2025-10-30 14:38:16,541] [INFO] ENTER: 'GraphRAG' calling 'query_graph'; CURRENT SPEAKER: grok-3_mas_rag, DIALOGUE TURN NUM = 36.
[2025-10-30 14:38:17,259] [INFO] EXIT: 'GraphRAG' calling 'query_graph' (0.7184464931488037 secs).
[2025-10-30 14:38:17,259] [INFO] EXIT: 'GraphRAG' calling 'concede' (0.7188606262207031 secs).
[2025-10-30 14:38:17,259] [INFO] ENTER: 'GraphRAG' calling 'question'; CURRENT SPEAKER: grok-3_mas_rag, DIALOGUE TURN NUM = 36.
[2025-10-30 14:38:17,260] [INFO] ENTER: 'GraphRAG' calling 'query_graph'; CURRENT SPEAKER: grok-3_mas_rag, DIALOGUE TURN NUM = 36.
[2025-10-30 14:38:17,390] [INFO] EXIT: 'GraphRAG' calling 'query_graph' (0.12997913360595703 secs).
[2025-10-30 14:38:17,390] [INFO] EXIT: 'GraphRAG' calling 'question' (0.13036417961120605 secs).
[2025-10-30 14:38:17,407] [INFO] ENTER: 'GraphRAG' calling 'since'; CURRENT SPEAKER: grok-3_mas_rag, DIALOGUE TURN NUM = 36.
[2025-10-30 14:38:17,408] [INFO] ENTER: 'GraphRAG' calling 'query_graph'; CURRENT SPEAKER: grok-3_mas_rag, DIALOGUE TURN NUM = 36.
[2025-10-30 14:38:17,429] [INFO] EXIT: 'GraphRAG' calling 'query_graph' (0.02150750160217285 secs).
[2025-10-30 14:38:17,429] [INFO] EXIT: 'GraphRAG' calling 'since' (0.021915197372436523 secs).
[2025-10-30 14:38:17,429] [INFO] ENTER: 'GraphRAG' calling 'claim'; CURRENT SPEAKER: grok-3_mas_rag, DIALOGUE TURN NUM = 36.
[2025-10-30 14:38:17,430] [INFO] ENTER: 'GraphRAG' calling 'query_graph'; CURRENT SPEAKER: grok-3_mas_rag, DIALOGUE TURN NUM = 36.
[2025-10-30 14:38:17,447] [INFO] EXIT: 'GraphRAG' calling 'query_graph' (0.01731109619140625 secs).
[2025-10-30 14:38:17,447] [INFO] EXIT: 'GraphRAG' calling 'claim' (0.01769709587097168 secs).
[2025-10-30 14:38:17,447] [INFO] ENTER: 'GraphRAG' calling 'return_rag_examples'; CURRENT SPEAKER: grok-3_mas_rag, DIALOGUE TURN NUM = 36.
[2025-10-30 14:38:17,447] [INFO] EXIT: 'GraphRAG' calling 'return_rag_examples' (2.384185791015625e-06 secs).
[2025-10-30 14:38:17,449] [INFO] ENTER: 'DialogueMoveGenerator' calling 'generate'; CURRENT SPEAKER: grok-3_mas_rag, DIALOGUE TURN NUM = 36.
[2025-10-30 14:38:17,450] [INFO] ENTER: 'DialogueMoveGenerator' calling 'generate'; CURRENT SPEAKER: grok-3_mas_rag, DIALOGUE TURN NUM = 36.
[2025-10-30 14:38:17,450] [INFO] ENTER: 'DialogueMoveGenerator' calling 'generate'; CURRENT SPEAKER: grok-3_mas_rag, DIALOGUE TURN NUM = 36.
[2025-10-30 14:38:17,450] [INFO] ENTER: 'DialogueMoveGenerator' calling 'generate'; CURRENT SPEAKER: grok-3_mas_rag, DIALOGUE TURN NUM = 36.
[2025-10-30 14:38:17,451] [INFO] ENTER: 'MASPromptGenerator' calling 'claim'; CURRENT SPEAKER: grok-3_mas_rag, DIALOGUE TURN NUM = 36.
[2025-10-30 14:38:17,451] [INFO] ENTER: 'MASPromptGenerator' calling 'claim_negation'; CURRENT SPEAKER: grok-3_mas_rag, DIALOGUE TURN NUM = 36.
[2025-10-30 14:38:17,451] [INFO] ENTER: 'DialogueMoveGenerator' calling 'generate'; CURRENT SPEAKER: grok-3_mas_rag, DIALOGUE TURN NUM = 36.
[2025-10-30 14:38:17,451] [INFO] ENTER: 'MASPromptGenerator' calling 'concede_claim'; CURRENT SPEAKER: grok-3_mas_rag, DIALOGUE TURN NUM = 36.
[2025-10-30 14:38:17,451] [INFO] ENTER: 'DialogueMoveGenerator' calling 'generate'; CURRENT SPEAKER: grok-3_mas_rag, DIALOGUE TURN NUM = 36.
[2025-10-30 14:38:17,451] [INFO] ENTER: 'DialogueMoveGenerator' calling 'generate'; CURRENT SPEAKER: grok-3_mas_rag, DIALOGUE TURN NUM = 36.
[2025-10-30 14:38:17,452] [INFO] ENTER: 'MASPromptGenerator' calling 'question_claim'; CURRENT SPEAKER: grok-3_mas_rag, DIALOGUE TURN NUM = 36.
[2025-10-30 14:38:17,452] [INFO] EXIT: 'MASPromptGenerator' calling 'claim' (0.00014519691467285156 secs).
[2025-10-30 14:38:17,452] [INFO] EXIT: 'MASPromptGenerator' calling 'claim_negation' (0.00011610984802246094 secs).
[2025-10-30 14:38:17,454] [INFO] ENTER: 'MASPromptGenerator' calling 'retract_claim'; CURRENT SPEAKER: grok-3_mas_rag, DIALOGUE TURN NUM = 36.
[2025-10-30 14:38:17,454] [INFO] EXIT: 'MASPromptGenerator' calling 'concede_claim' (7.510185241699219e-05 secs).
[2025-10-30 14:38:17,454] [INFO] ENTER: 'MASPromptGenerator' calling 'since_claim'; CURRENT SPEAKER: grok-3_mas_rag, DIALOGUE TURN NUM = 36.
[2025-10-30 14:38:17,455] [INFO] ENTER: 'MASPromptGenerator' calling 'why_claim'; CURRENT SPEAKER: grok-3_mas_rag, DIALOGUE TURN NUM = 36.
[2025-10-30 14:38:17,455] [INFO] EXIT: 'MASPromptGenerator' calling 'question_claim' (6.747245788574219e-05 secs).
[2025-10-30 14:38:17,456] [INFO] EXIT: 'MASPromptGenerator' calling 'retract_claim' (8.034706115722656e-05 secs).
[2025-10-30 14:38:17,457] [INFO] EXIT: 'MASPromptGenerator' calling 'since_claim' (5.53131103515625e-05 secs).
[2025-10-30 14:38:17,457] [INFO] EXIT: 'MASPromptGenerator' calling 'why_claim' (9.036064147949219e-05 secs).
[2025-10-30 14:38:22,309] [INFO] Completion returned and validated from MODEL = 'grok-3'.
[2025-10-30 14:38:23,204] [INFO] Completion returned and validated from MODEL = 'grok-3'.
[2025-10-30 14:38:23,282] [INFO] Completion returned and validated from MODEL = 'grok-3'.
[2025-10-30 14:38:23,915] [INFO] Completion returned and validated from MODEL = 'grok-3'.
[2025-10-30 14:38:23,986] [INFO] Completion returned and validated from MODEL = 'grok-3'.
[2025-10-30 14:38:24,084] [INFO] Completion returned and validated from MODEL = 'grok-3'.
[2025-10-30 14:38:24,179] [INFO] Completion returned and validated from MODEL = 'grok-3'.
[2025-10-30 14:38:26,524] [INFO] Completion returned and validated from MODEL = 'grok-3'.
[2025-10-30 14:38:26,524] [INFO] EXIT: 'DialogueMoveGenerator' calling 'generate' (9.072908401489258 secs).
[2025-10-30 14:38:28,764] [INFO] Completion returned and validated from MODEL = 'grok-3'.
[2025-10-30 14:38:28,764] [INFO] EXIT: 'DialogueMoveGenerator' calling 'generate' (11.30926775932312 secs).
[2025-10-30 14:38:29,916] [INFO] Completion returned and validated from MODEL = 'grok-3'.
[2025-10-30 14:38:29,917] [INFO] EXIT: 'DialogueMoveGenerator' calling 'generate' (12.464948892593384 secs).
[2025-10-30 14:38:29,919] [INFO] Completion returned and validated from MODEL = 'grok-3'.
[2025-10-30 14:38:30,486] [INFO] Completion returned and validated from MODEL = 'grok-3'.
[2025-10-30 14:38:30,486] [INFO] EXIT: 'DialogueMoveGenerator' calling 'generate' (13.03159785270691 secs).
[2025-10-30 14:38:33,107] [INFO] Completion returned and validated from MODEL = 'grok-3'.
[2025-10-30 14:38:33,564] [INFO] Completion returned and validated from MODEL = 'grok-3'.
[2025-10-30 14:38:39,766] [INFO] Completion returned and validated from MODEL = 'grok-3'.
[2025-10-30 14:38:39,766] [INFO] EXIT: 'DialogueMoveGenerator' calling 'generate' (22.312507152557373 secs).
[2025-10-30 14:38:41,299] [INFO] Completion returned and validated from MODEL = 'grok-3'.
[2025-10-30 14:38:41,299] [INFO] EXIT: 'DialogueMoveGenerator' calling 'generate' (23.84810161590576 secs).
[2025-10-30 14:38:41,675] [INFO] Completion returned and validated from MODEL = 'grok-3'.
[2025-10-30 14:38:41,676] [INFO] EXIT: 'DialogueMoveGenerator' calling 'generate' (24.225095748901367 secs).
[2025-10-30 14:38:41,677] [INFO] ENTER: 'MASPromptGenerator' calling 'persuasiveness_choice'; CURRENT SPEAKER: grok-3_mas_rag, DIALOGUE TURN NUM = 36.
[2025-10-30 14:38:41,677] [INFO] EXIT: 'MASPromptGenerator' calling 'persuasiveness_choice' (0.0002894401550292969 secs).
[2025-10-30 14:38:47,667] [INFO] Completion returned and validated within 'PersuasivenessChoiceAgent'; MODEL = 'grok-3'; DIALOGUE TURN NUM = 36.
[2025-10-30 14:38:53,735] [INFO] Completion returned and validated within 'PersuasivenessChoiceAgent'; MODEL = 'grok-3'; DIALOGUE TURN NUM = 36.
[2025-10-30 14:38:56,935] [INFO] Completion returned and validated within 'PersuasivenessChoiceAgent'; MODEL = 'grok-3'; DIALOGUE TURN NUM = 36.
[2025-10-30 14:39:01,150] [INFO] Completion returned and validated within 'PersuasivenessChoiceAgent'; MODEL = 'grok-3'; DIALOGUE TURN NUM = 36.
[2025-10-30 14:39:05,960] [INFO] Completion returned and validated within 'PersuasivenessChoiceAgent'; MODEL = 'grok-3'; DIALOGUE TURN NUM = 36.
[2025-10-30 14:39:05,960] [INFO] ENTER: 'DisambiguationAgent' calling '_grouping_similar_utterance_types'; CURRENT SPEAKER: grok-3_mas_rag, DIALOGUE TURN NUM = 36.
[2025-10-30 14:39:05,960] [INFO] EXIT: 'DisambiguationAgent' calling '_grouping_similar_utterance_types' (8.344650268554688e-06 secs).
[2025-10-30 14:39:05,960] [INFO] ENTER: 'DisambiguationAgent' calling '_identifying_similar_sentences_and_choosing_one_to_return_to_user'; CURRENT SPEAKER: grok-3_mas_rag, DIALOGUE TURN NUM = 36.
[2025-10-30 14:39:20,714] [INFO] 'DisambiguationAgent' grouped similar sentences, completion returned and validated; MODEL = 'grok-3'.
[2025-10-30 14:39:21,950] [INFO] 'DisambiguationAgent' chose sentences to remove, completion returned and validated from MODEL = 'grok-3'.
[2025-10-30 14:39:23,148] [INFO] 'DisambiguationAgent' chose sentences to remove, completion returned and validated from MODEL = 'grok-3'.
[2025-10-30 14:39:24,245] [INFO] 'DisambiguationAgent' chose sentences to remove, completion returned and validated from MODEL = 'grok-3'.
[2025-10-30 14:39:24,246] [INFO] EXIT: 'DisambiguationAgent' calling '_identifying_similar_sentences_and_choosing_one_to_return_to_user' (18.28521966934204 secs).
[2025-10-30 14:39:24,246] [INFO] ENTER: 'DisambiguationAgent' calling '_removing_repetitive_sentences'; CURRENT SPEAKER: grok-3_mas_rag, DIALOGUE TURN NUM = 36.
[2025-10-30 14:39:24,246] [INFO] EXIT: 'DisambiguationAgent' calling '_removing_repetitive_sentences' (1.8358230590820312e-05 secs).
[2025-10-30 14:39:24,246] [INFO] ENTER: 'DisambiguationAgent' calling 'return_disambiguated_sentences'; CURRENT SPEAKER: grok-3_mas_rag, DIALOGUE TURN NUM = 36.
[2025-10-30 14:39:24,246] [INFO] EXIT: 'DisambiguationAgent' calling 'return_disambiguated_sentences' (2.1457672119140625e-06 secs).
[2025-10-30 14:39:24,246] [ERROR] Wrong state used; State of type HumanState; error message: dict has unexpected extra key(s): "graph_rag_examples", "intermediate_generations", "knowledge_base_ensemble_or_model_name", "model_seed", "model_temp", "model_top_p", "number_of_graph_rag_examples", "number_of_vector_based_rag_examples", "political_position_prob_of_na", "political_position_range", "political_position_std", "speaker_model_name", "speaker_type", "vector_based_persona_string", "vector_based_persona_sys_prompt"
[2025-10-30 14:39:24,247] [INFO] Correct state used; State of type GenerationAgentsState; 'IGNORE THE ABOVE ERRORS'.
[2025-10-30 14:39:24,953] [INFO] 'commitment_update' completed '___Claim___' update for current speaker's commitments; MODEL = 'grok-3'.
[2025-10-30 14:39:25,753] [INFO] 'commitment_update' completed '___Claim___' update for current speaker's commitments; MODEL = 'grok-3'.
[2025-10-30 14:39:26,427] [INFO] 'commitment_update' completed '___Claim___' update for current speaker's commitments; MODEL = 'grok-3'.
[2025-10-30 14:39:26,567] [ERROR] Wrong state used; State of type HumanState; error message: dict has unexpected extra key(s): "graph_rag_examples", "intermediate_generations", "knowledge_base_ensemble_or_model_name", "model_seed", "model_temp", "model_top_p", "number_of_graph_rag_examples", "number_of_vector_based_rag_examples", "political_position_prob_of_na", "political_position_range", "political_position_std", "speaker_model_name", "speaker_type", "vector_based_persona_string", "vector_based_persona_sys_prompt"
[2025-10-30 14:39:26,567] [INFO] Correct state used; State of type GenerationAgentsState; 'IGNORE THE ABOVE ERRORS'.
[2025-10-30 14:39:26,567] [INFO] ENTER: 'UtteranceClassificationAgent' calling '_classify_sentence_utterance_types'; CURRENT SPEAKER: grok-4_mas, DIALOGUE TURN NUM = 37.
[2025-10-30 14:39:27,146] [INFO] 'UtteranceClassificationAgent' completion returned and validated from MODEL = 'ModelName.GROK_4'.
[2025-10-30 14:39:27,706] [INFO] 'UtteranceClassificationAgent' completion returned and validated from MODEL = 'ModelName.GROK_4'.
[2025-10-30 14:39:28,277] [INFO] 'UtteranceClassificationAgent' completion returned and validated from MODEL = 'ModelName.GROK_4'.
[2025-10-30 14:39:28,277] [INFO] EXIT: 'UtteranceClassificationAgent' calling '_classify_sentence_utterance_types' (1.7095954418182373 secs).
[2025-10-30 14:39:28,277] [INFO] ENTER: 'UtteranceClassificationAgent' calling 'return_classified_sentences'; CURRENT SPEAKER: grok-4_mas, DIALOGUE TURN NUM = 37.
[2025-10-30 14:39:28,277] [INFO] EXIT: 'UtteranceClassificationAgent' calling 'return_classified_sentences' (2.1457672119140625e-06 secs).
[2025-10-30 14:39:28,280] [INFO] ENTER: 'DialogueMoveGenerator' calling 'generate'; CURRENT SPEAKER: grok-4_mas, DIALOGUE TURN NUM = 37.
[2025-10-30 14:39:28,280] [INFO] ENTER: 'MASPromptGenerator' calling 'claim_negation'; CURRENT SPEAKER: grok-4_mas, DIALOGUE TURN NUM = 37.
[2025-10-30 14:39:28,280] [INFO] EXIT: 'MASPromptGenerator' calling 'claim_negation' (6.532669067382812e-05 secs).
[2025-10-30 14:39:28,281] [INFO] ENTER: 'DialogueMoveGenerator' calling 'generate'; CURRENT SPEAKER: grok-4_mas, DIALOGUE TURN NUM = 37.
[2025-10-30 14:39:28,281] [INFO] ENTER: 'MASPromptGenerator' calling 'concede_claim'; CURRENT SPEAKER: grok-4_mas, DIALOGUE TURN NUM = 37.
[2025-10-30 14:39:28,281] [INFO] EXIT: 'MASPromptGenerator' calling 'concede_claim' (6.270408630371094e-05 secs).
[2025-10-30 14:39:28,282] [INFO] ENTER: 'DialogueMoveGenerator' calling 'generate'; CURRENT SPEAKER: grok-4_mas, DIALOGUE TURN NUM = 37.
[2025-10-30 14:39:28,282] [INFO] ENTER: 'MASPromptGenerator' calling 'question_claim'; CURRENT SPEAKER: grok-4_mas, DIALOGUE TURN NUM = 37.
[2025-10-30 14:39:28,282] [INFO] EXIT: 'MASPromptGenerator' calling 'question_claim' (6.151199340820312e-05 secs).
[2025-10-30 14:39:28,283] [INFO] ENTER: 'DialogueMoveGenerator' calling 'generate'; CURRENT SPEAKER: grok-4_mas, DIALOGUE TURN NUM = 37.
[2025-10-30 14:39:28,283] [INFO] ENTER: 'MASPromptGenerator' calling 'why_claim'; CURRENT SPEAKER: grok-4_mas, DIALOGUE TURN NUM = 37.
[2025-10-30 14:39:28,283] [INFO] EXIT: 'MASPromptGenerator' calling 'why_claim' (5.14984130859375e-05 secs).
[2025-10-30 14:39:29,834] [INFO] Completion returned and validated from MODEL = 'grok-4'.
[2025-10-30 14:39:29,836] [INFO] Completion returned and validated from MODEL = 'grok-4'.
[2025-10-30 14:39:29,904] [INFO] Completion returned and validated from MODEL = 'grok-4'.
[2025-10-30 14:39:29,940] [INFO] Completion returned and validated from MODEL = 'grok-4'.
[2025-10-30 14:39:29,940] [INFO] EXIT: 'DialogueMoveGenerator' calling 'generate' (1.6596307754516602 secs).
[2025-10-30 14:39:30,937] [INFO] Completion returned and validated from MODEL = 'grok-4'.
[2025-10-30 14:39:31,274] [INFO] Completion returned and validated from MODEL = 'grok-4'.
[2025-10-30 14:39:31,279] [INFO] Completion returned and validated from MODEL = 'grok-4'.
[2025-10-30 14:39:32,156] [INFO] Completion returned and validated from MODEL = 'grok-4'.
[2025-10-30 14:39:32,156] [INFO] EXIT: 'DialogueMoveGenerator' calling 'generate' (3.8750932216644287 secs).
[2025-10-30 14:39:32,603] [INFO] Completion returned and validated from MODEL = 'grok-4'.
[2025-10-30 14:39:32,604] [INFO] EXIT: 'DialogueMoveGenerator' calling 'generate' (4.321559906005859 secs).
[2025-10-30 14:39:32,702] [INFO] Completion returned and validated from MODEL = 'grok-4'.
[2025-10-30 14:39:32,702] [INFO] EXIT: 'DialogueMoveGenerator' calling 'generate' (4.419258117675781 secs).
[2025-10-30 14:39:32,703] [INFO] ENTER: 'MASPromptGenerator' calling 'persuasiveness_choice'; CURRENT SPEAKER: grok-4_mas, DIALOGUE TURN NUM = 37.
[2025-10-30 14:39:32,703] [INFO] EXIT: 'MASPromptGenerator' calling 'persuasiveness_choice' (0.0001952648162841797 secs).
[2025-10-30 14:39:34,353] [INFO] Completion returned and validated within 'PersuasivenessChoiceAgent'; MODEL = 'grok-4'; DIALOGUE TURN NUM = 37.
[2025-10-30 14:39:35,620] [INFO] Completion returned and validated within 'PersuasivenessChoiceAgent'; MODEL = 'grok-4'; DIALOGUE TURN NUM = 37.
[2025-10-30 14:39:36,946] [INFO] Completion returned and validated within 'PersuasivenessChoiceAgent'; MODEL = 'grok-4'; DIALOGUE TURN NUM = 37.
[2025-10-30 14:39:36,947] [INFO] ENTER: 'DisambiguationAgent' calling '_grouping_similar_utterance_types'; CURRENT SPEAKER: grok-4_mas, DIALOGUE TURN NUM = 37.
[2025-10-30 14:39:36,947] [INFO] EXIT: 'DisambiguationAgent' calling '_grouping_similar_utterance_types' (6.67572021484375e-06 secs).
[2025-10-30 14:39:36,947] [INFO] ENTER: 'DisambiguationAgent' calling '_identifying_similar_sentences_and_choosing_one_to_return_to_user'; CURRENT SPEAKER: grok-4_mas, DIALOGUE TURN NUM = 37.
[2025-10-30 14:39:38,402] [INFO] 'DisambiguationAgent' grouped similar sentences, completion returned and validated; MODEL = 'grok-4'.
[2025-10-30 14:39:39,126] [INFO] 'DisambiguationAgent' chose sentences to remove, completion returned and validated from MODEL = 'grok-4'.
[2025-10-30 14:39:40,677] [ERROR] 'DisambiguationAgent' could not choose sentences to remove, completion not validated; MODEL = 'grok-4'; 
 REASON: 

 1 validation error for PersuasivenessChoice
  Invalid JSON: trailing characters at line 3 column 1 [type=json_invalid, input_value='{"Choice": "Why do you i...tion on social justice.', input_type=str]
    For further information visit https://errors.pydantic.dev/2.12/v/json_invalid
[2025-10-30 14:39:40,677] [INFO] EXIT: 'DisambiguationAgent' calling '_identifying_similar_sentences_and_choosing_one_to_return_to_user' (3.7300400733947754 secs).
[2025-10-30 14:39:40,677] [INFO] ENTER: 'DisambiguationAgent' calling '_removing_repetitive_sentences'; CURRENT SPEAKER: grok-4_mas, DIALOGUE TURN NUM = 37.
[2025-10-30 14:39:40,677] [INFO] EXIT: 'DisambiguationAgent' calling '_removing_repetitive_sentences' (8.58306884765625e-06 secs).
[2025-10-30 14:39:40,677] [INFO] ENTER: 'DisambiguationAgent' calling 'return_disambiguated_sentences'; CURRENT SPEAKER: grok-4_mas, DIALOGUE TURN NUM = 37.
[2025-10-30 14:39:40,677] [INFO] EXIT: 'DisambiguationAgent' calling 'return_disambiguated_sentences' (2.384185791015625e-06 secs).
[2025-10-30 14:39:40,677] [ERROR] Wrong state used; State of type HumanState; error message: dict has unexpected extra key(s): "graph_rag_examples", "intermediate_generations", "knowledge_base_ensemble_or_model_name", "model_seed", "model_temp", "model_top_p", "number_of_graph_rag_examples", "number_of_vector_based_rag_examples", "political_position_prob_of_na", "political_position_range", "political_position_std", "speaker_model_name", "speaker_type", "vector_based_persona_string", "vector_based_persona_sys_prompt"
[2025-10-30 14:39:40,678] [INFO] Correct state used; State of type GenerationAgentsState; 'IGNORE THE ABOVE ERRORS'.
[2025-10-30 14:39:40,801] [ERROR] Wrong state used; State of type HumanState; error message: dict has unexpected extra key(s): "graph_rag_examples", "intermediate_generations", "knowledge_base_ensemble_or_model_name", "model_seed", "model_temp", "model_top_p", "number_of_graph_rag_examples", "number_of_vector_based_rag_examples", "political_position_prob_of_na", "political_position_range", "political_position_std", "speaker_model_name", "speaker_type", "vector_based_persona_string", "vector_based_persona_sys_prompt"
[2025-10-30 14:39:40,801] [INFO] Correct state used; State of type GenerationAgentsState; 'IGNORE THE ABOVE ERRORS'.
[2025-10-30 14:39:40,801] [INFO] ENTER: 'UtteranceClassificationAgent' calling '_classify_sentence_utterance_types'; CURRENT SPEAKER: grok-3_mas_rag, DIALOGUE TURN NUM = 38.
[2025-10-30 14:39:41,645] [INFO] 'UtteranceClassificationAgent' completion returned and validated from MODEL = 'ModelName.GROK_3'.
[2025-10-30 14:39:42,410] [INFO] 'UtteranceClassificationAgent' completion returned and validated from MODEL = 'ModelName.GROK_3'.
[2025-10-30 14:39:43,427] [INFO] 'UtteranceClassificationAgent' completion returned and validated from MODEL = 'ModelName.GROK_3'.
[2025-10-30 14:39:44,584] [INFO] 'UtteranceClassificationAgent' completion returned and validated from MODEL = 'ModelName.GROK_3'.
[2025-10-30 14:39:44,584] [INFO] EXIT: 'UtteranceClassificationAgent' calling '_classify_sentence_utterance_types' (3.782702922821045 secs).
[2025-10-30 14:39:44,584] [INFO] ENTER: 'UtteranceClassificationAgent' calling 'return_classified_sentences'; CURRENT SPEAKER: grok-3_mas_rag, DIALOGUE TURN NUM = 38.
[2025-10-30 14:39:44,584] [INFO] EXIT: 'UtteranceClassificationAgent' calling 'return_classified_sentences' (2.1457672119140625e-06 secs).
[2025-10-30 14:39:44,603] [INFO] ENTER: 'GraphRAG' calling 'since'; CURRENT SPEAKER: grok-3_mas_rag, DIALOGUE TURN NUM = 38.
[2025-10-30 14:39:44,604] [INFO] ENTER: 'GraphRAG' calling 'query_graph'; CURRENT SPEAKER: grok-3_mas_rag, DIALOGUE TURN NUM = 38.
[2025-10-30 14:39:44,625] [INFO] EXIT: 'GraphRAG' calling 'query_graph' (0.02142047882080078 secs).
[2025-10-30 14:39:44,625] [INFO] EXIT: 'GraphRAG' calling 'since' (0.0217587947845459 secs).
[2025-10-30 14:39:44,625] [INFO] ENTER: 'GraphRAG' calling 'claim'; CURRENT SPEAKER: grok-3_mas_rag, DIALOGUE TURN NUM = 38.
[2025-10-30 14:39:44,625] [INFO] ENTER: 'GraphRAG' calling 'query_graph'; CURRENT SPEAKER: grok-3_mas_rag, DIALOGUE TURN NUM = 38.
[2025-10-30 14:39:44,644] [INFO] EXIT: 'GraphRAG' calling 'query_graph' (0.018010854721069336 secs).
[2025-10-30 14:39:44,644] [INFO] EXIT: 'GraphRAG' calling 'claim' (0.018358230590820312 secs).
[2025-10-30 14:39:44,658] [INFO] ENTER: 'GraphRAG' calling 'since'; CURRENT SPEAKER: grok-3_mas_rag, DIALOGUE TURN NUM = 38.
[2025-10-30 14:39:44,659] [INFO] ENTER: 'GraphRAG' calling 'query_graph'; CURRENT SPEAKER: grok-3_mas_rag, DIALOGUE TURN NUM = 38.
[2025-10-30 14:39:44,663] [INFO] EXIT: 'GraphRAG' calling 'query_graph' (0.004141330718994141 secs).
[2025-10-30 14:39:44,663] [INFO] EXIT: 'GraphRAG' calling 'since' (0.0044689178466796875 secs).
[2025-10-30 14:39:44,663] [INFO] ENTER: 'GraphRAG' calling 'claim'; CURRENT SPEAKER: grok-3_mas_rag, DIALOGUE TURN NUM = 38.
[2025-10-30 14:39:44,663] [INFO] ENTER: 'GraphRAG' calling 'query_graph'; CURRENT SPEAKER: grok-3_mas_rag, DIALOGUE TURN NUM = 38.
[2025-10-30 14:39:44,665] [INFO] EXIT: 'GraphRAG' calling 'query_graph' (0.001753091812133789 secs).
[2025-10-30 14:39:44,665] [INFO] EXIT: 'GraphRAG' calling 'claim' (0.0020499229431152344 secs).
[2025-10-30 14:39:44,681] [INFO] ENTER: 'GraphRAG' calling 'since'; CURRENT SPEAKER: grok-3_mas_rag, DIALOGUE TURN NUM = 38.
[2025-10-30 14:39:44,681] [INFO] ENTER: 'GraphRAG' calling 'query_graph'; CURRENT SPEAKER: grok-3_mas_rag, DIALOGUE TURN NUM = 38.
[2025-10-30 14:39:44,703] [INFO] EXIT: 'GraphRAG' calling 'query_graph' (0.0214540958404541 secs).
[2025-10-30 14:39:44,703] [INFO] EXIT: 'GraphRAG' calling 'since' (0.021780014038085938 secs).
[2025-10-30 14:39:44,703] [INFO] ENTER: 'GraphRAG' calling 'claim'; CURRENT SPEAKER: grok-3_mas_rag, DIALOGUE TURN NUM = 38.
[2025-10-30 14:39:44,703] [INFO] ENTER: 'GraphRAG' calling 'query_graph'; CURRENT SPEAKER: grok-3_mas_rag, DIALOGUE TURN NUM = 38.
[2025-10-30 14:39:44,719] [INFO] EXIT: 'GraphRAG' calling 'query_graph' (0.015709877014160156 secs).
[2025-10-30 14:39:44,719] [INFO] EXIT: 'GraphRAG' calling 'claim' (0.01601576805114746 secs).
[2025-10-30 14:39:44,733] [INFO] ENTER: 'GraphRAG' calling 'since'; CURRENT SPEAKER: grok-3_mas_rag, DIALOGUE TURN NUM = 38.
[2025-10-30 14:39:44,734] [INFO] ENTER: 'GraphRAG' calling 'query_graph'; CURRENT SPEAKER: grok-3_mas_rag, DIALOGUE TURN NUM = 38.
[2025-10-30 14:39:44,755] [INFO] EXIT: 'GraphRAG' calling 'query_graph' (0.02095508575439453 secs).
[2025-10-30 14:39:44,755] [INFO] EXIT: 'GraphRAG' calling 'since' (0.021288633346557617 secs).
[2025-10-30 14:39:44,755] [INFO] ENTER: 'GraphRAG' calling 'claim'; CURRENT SPEAKER: grok-3_mas_rag, DIALOGUE TURN NUM = 38.
[2025-10-30 14:39:44,755] [INFO] ENTER: 'GraphRAG' calling 'query_graph'; CURRENT SPEAKER: grok-3_mas_rag, DIALOGUE TURN NUM = 38.
[2025-10-30 14:39:44,771] [INFO] EXIT: 'GraphRAG' calling 'query_graph' (0.01614856719970703 secs).
[2025-10-30 14:39:44,771] [INFO] EXIT: 'GraphRAG' calling 'claim' (0.016530990600585938 secs).
[2025-10-30 14:39:44,771] [INFO] ENTER: 'GraphRAG' calling 'return_rag_examples'; CURRENT SPEAKER: grok-3_mas_rag, DIALOGUE TURN NUM = 38.
[2025-10-30 14:39:44,771] [INFO] EXIT: 'GraphRAG' calling 'return_rag_examples' (1.9073486328125e-06 secs).
[2025-10-30 14:39:44,774] [INFO] ENTER: 'DialogueMoveGenerator' calling 'generate'; CURRENT SPEAKER: grok-3_mas_rag, DIALOGUE TURN NUM = 38.
[2025-10-30 14:39:44,774] [INFO] ENTER: 'MASPromptGenerator' calling 'claim'; CURRENT SPEAKER: grok-3_mas_rag, DIALOGUE TURN NUM = 38.
[2025-10-30 14:39:44,774] [INFO] EXIT: 'MASPromptGenerator' calling 'claim' (0.00012445449829101562 secs).
[2025-10-30 14:39:44,775] [INFO] ENTER: 'DialogueMoveGenerator' calling 'generate'; CURRENT SPEAKER: grok-3_mas_rag, DIALOGUE TURN NUM = 38.
[2025-10-30 14:39:44,775] [INFO] ENTER: 'MASPromptGenerator' calling 'retract_claim'; CURRENT SPEAKER: grok-3_mas_rag, DIALOGUE TURN NUM = 38.
[2025-10-30 14:39:44,775] [INFO] EXIT: 'MASPromptGenerator' calling 'retract_claim' (6.842613220214844e-05 secs).
[2025-10-30 14:39:44,776] [INFO] ENTER: 'DialogueMoveGenerator' calling 'generate'; CURRENT SPEAKER: grok-3_mas_rag, DIALOGUE TURN NUM = 38.
[2025-10-30 14:39:44,776] [INFO] ENTER: 'MASPromptGenerator' calling 'since_claim'; CURRENT SPEAKER: grok-3_mas_rag, DIALOGUE TURN NUM = 38.
[2025-10-30 14:39:44,776] [INFO] EXIT: 'MASPromptGenerator' calling 'since_claim' (5.7697296142578125e-05 secs).
[2025-10-30 14:39:49,726] [INFO] Completion returned and validated from MODEL = 'grok-3'.
[2025-10-30 14:39:50,094] [INFO] Completion returned and validated from MODEL = 'grok-3'.
[2025-10-30 14:39:56,630] [INFO] Completion returned and validated from MODEL = 'grok-3'.
[2025-10-30 14:39:58,074] [INFO] Completion returned and validated from MODEL = 'grok-3'.
[2025-10-30 14:39:58,283] [INFO] Completion returned and validated from MODEL = 'grok-3'.
[2025-10-30 14:40:02,413] [INFO] Completion returned and validated from MODEL = 'grok-3'.
[2025-10-30 14:40:03,486] [INFO] Completion returned and validated from MODEL = 'grok-3'.
[2025-10-30 14:40:03,809] [INFO] Completion returned and validated from MODEL = 'grok-3'.
[2025-10-30 14:40:08,049] [INFO] Completion returned and validated from MODEL = 'grok-3'.
[2025-10-30 14:40:08,049] [INFO] EXIT: 'DialogueMoveGenerator' calling 'generate' (23.275272130966187 secs).
[2025-10-30 14:40:08,292] [INFO] Completion returned and validated from MODEL = 'grok-3'.
[2025-10-30 14:40:08,292] [INFO] EXIT: 'DialogueMoveGenerator' calling 'generate' (23.5167818069458 secs).
[2025-10-30 14:40:09,825] [INFO] Completion returned and validated from MODEL = 'grok-3'.
[2025-10-30 14:40:13,683] [INFO] Completion returned and validated from MODEL = 'grok-3'.
[2025-10-30 14:40:13,683] [INFO] EXIT: 'DialogueMoveGenerator' calling 'generate' (28.907192945480347 secs).
[2025-10-30 14:40:13,685] [INFO] ENTER: 'MASPromptGenerator' calling 'persuasiveness_choice'; CURRENT SPEAKER: grok-3_mas_rag, DIALOGUE TURN NUM = 38.
[2025-10-30 14:40:13,685] [INFO] EXIT: 'MASPromptGenerator' calling 'persuasiveness_choice' (0.0002713203430175781 secs).
[2025-10-30 14:40:16,622] [INFO] Completion returned and validated within 'PersuasivenessChoiceAgent'; MODEL = 'grok-3'; DIALOGUE TURN NUM = 38.
[2025-10-30 14:40:19,970] [INFO] Completion returned and validated within 'PersuasivenessChoiceAgent'; MODEL = 'grok-3'; DIALOGUE TURN NUM = 38.
[2025-10-30 14:40:22,641] [INFO] Completion returned and validated within 'PersuasivenessChoiceAgent'; MODEL = 'grok-3'; DIALOGUE TURN NUM = 38.
[2025-10-30 14:40:25,716] [INFO] Completion returned and validated within 'PersuasivenessChoiceAgent'; MODEL = 'grok-3'; DIALOGUE TURN NUM = 38.
[2025-10-30 14:40:25,716] [INFO] ENTER: 'DisambiguationAgent' calling '_grouping_similar_utterance_types'; CURRENT SPEAKER: grok-3_mas_rag, DIALOGUE TURN NUM = 38.
[2025-10-30 14:40:25,716] [INFO] EXIT: 'DisambiguationAgent' calling '_grouping_similar_utterance_types' (8.344650268554688e-06 secs).
[2025-10-30 14:40:25,716] [INFO] ENTER: 'DisambiguationAgent' calling '_identifying_similar_sentences_and_choosing_one_to_return_to_user'; CURRENT SPEAKER: grok-3_mas_rag, DIALOGUE TURN NUM = 38.
[2025-10-30 14:40:37,875] [INFO] 'DisambiguationAgent' grouped similar sentences, completion returned and validated; MODEL = 'grok-3'.
[2025-10-30 14:40:39,833] [INFO] 'DisambiguationAgent' chose sentences to remove, completion returned and validated from MODEL = 'grok-3'.
[2025-10-30 14:40:41,115] [INFO] 'DisambiguationAgent' chose sentences to remove, completion returned and validated from MODEL = 'grok-3'.
[2025-10-30 14:40:42,281] [INFO] 'DisambiguationAgent' chose sentences to remove, completion returned and validated from MODEL = 'grok-3'.
[2025-10-30 14:40:43,349] [INFO] 'DisambiguationAgent' chose sentences to remove, completion returned and validated from MODEL = 'grok-3'.
[2025-10-30 14:40:43,349] [INFO] EXIT: 'DisambiguationAgent' calling '_identifying_similar_sentences_and_choosing_one_to_return_to_user' (17.632363080978394 secs).
[2025-10-30 14:40:43,349] [INFO] ENTER: 'DisambiguationAgent' calling '_removing_repetitive_sentences'; CURRENT SPEAKER: grok-3_mas_rag, DIALOGUE TURN NUM = 38.
[2025-10-30 14:40:43,349] [INFO] EXIT: 'DisambiguationAgent' calling '_removing_repetitive_sentences' (1.5020370483398438e-05 secs).
[2025-10-30 14:40:43,349] [INFO] ENTER: 'DisambiguationAgent' calling 'return_disambiguated_sentences'; CURRENT SPEAKER: grok-3_mas_rag, DIALOGUE TURN NUM = 38.
[2025-10-30 14:40:43,349] [INFO] EXIT: 'DisambiguationAgent' calling 'return_disambiguated_sentences' (2.1457672119140625e-06 secs).
[2025-10-30 14:40:43,349] [ERROR] Wrong state used; State of type HumanState; error message: dict has unexpected extra key(s): "graph_rag_examples", "intermediate_generations", "knowledge_base_ensemble_or_model_name", "model_seed", "model_temp", "model_top_p", "number_of_graph_rag_examples", "number_of_vector_based_rag_examples", "political_position_prob_of_na", "political_position_range", "political_position_std", "speaker_model_name", "speaker_type", "vector_based_persona_string", "vector_based_persona_sys_prompt"
[2025-10-30 14:40:43,350] [INFO] Correct state used; State of type GenerationAgentsState; 'IGNORE THE ABOVE ERRORS'.
[2025-10-30 14:40:44,047] [INFO] 'commitment_update' completed '___Claim___' update for current speaker's commitments; MODEL = 'grok-3'.
[2025-10-30 14:40:45,061] [INFO] 'commitment_update' completed '___Claim___' update for current speaker's commitments; MODEL = 'grok-3'.
[2025-10-30 14:40:45,778] [INFO] 'commitment_update' completed '___Since___' update; MODEL = 'grok-3'.
[2025-10-30 14:40:47,319] [INFO] 'commitment_update' completed '___Since___' update; MODEL = 'grok-3'.
[2025-10-30 14:40:47,479] [ERROR] Wrong state used; State of type HumanState; error message: dict has unexpected extra key(s): "graph_rag_examples", "intermediate_generations", "knowledge_base_ensemble_or_model_name", "model_seed", "model_temp", "model_top_p", "number_of_graph_rag_examples", "number_of_vector_based_rag_examples", "political_position_prob_of_na", "political_position_range", "political_position_std", "speaker_model_name", "speaker_type", "vector_based_persona_string", "vector_based_persona_sys_prompt"
[2025-10-30 14:40:47,479] [INFO] Correct state used; State of type GenerationAgentsState; 'IGNORE THE ABOVE ERRORS'.
[2025-10-30 14:40:47,479] [INFO] ENTER: 'UtteranceClassificationAgent' calling '_classify_sentence_utterance_types'; CURRENT SPEAKER: grok-4_mas, DIALOGUE TURN NUM = 39.
[2025-10-30 14:40:48,076] [INFO] 'UtteranceClassificationAgent' completion returned and validated from MODEL = 'ModelName.GROK_4'.
[2025-10-30 14:40:48,624] [INFO] 'UtteranceClassificationAgent' completion returned and validated from MODEL = 'ModelName.GROK_4'.
[2025-10-30 14:40:49,247] [INFO] 'UtteranceClassificationAgent' completion returned and validated from MODEL = 'ModelName.GROK_4'.
[2025-10-30 14:40:49,799] [INFO] 'UtteranceClassificationAgent' completion returned and validated from MODEL = 'ModelName.GROK_4'.
[2025-10-30 14:40:49,799] [INFO] EXIT: 'UtteranceClassificationAgent' calling '_classify_sentence_utterance_types' (2.3200182914733887 secs).
[2025-10-30 14:40:49,800] [INFO] ENTER: 'UtteranceClassificationAgent' calling 'return_classified_sentences'; CURRENT SPEAKER: grok-4_mas, DIALOGUE TURN NUM = 39.
[2025-10-30 14:40:49,800] [INFO] EXIT: 'UtteranceClassificationAgent' calling 'return_classified_sentences' (2.1457672119140625e-06 secs).
[2025-10-30 14:40:49,802] [INFO] ENTER: 'DialogueMoveGenerator' calling 'generate'; CURRENT SPEAKER: grok-4_mas, DIALOGUE TURN NUM = 39.
[2025-10-30 14:40:49,802] [INFO] ENTER: 'MASPromptGenerator' calling 'claim_negation'; CURRENT SPEAKER: grok-4_mas, DIALOGUE TURN NUM = 39.
[2025-10-30 14:40:49,802] [INFO] EXIT: 'MASPromptGenerator' calling 'claim_negation' (7.843971252441406e-05 secs).
[2025-10-30 14:40:49,803] [INFO] ENTER: 'DialogueMoveGenerator' calling 'generate'; CURRENT SPEAKER: grok-4_mas, DIALOGUE TURN NUM = 39.
[2025-10-30 14:40:49,803] [INFO] ENTER: 'MASPromptGenerator' calling 'concede_claim'; CURRENT SPEAKER: grok-4_mas, DIALOGUE TURN NUM = 39.
[2025-10-30 14:40:49,804] [INFO] EXIT: 'MASPromptGenerator' calling 'concede_claim' (7.772445678710938e-05 secs).
[2025-10-30 14:40:49,804] [INFO] ENTER: 'DialogueMoveGenerator' calling 'generate'; CURRENT SPEAKER: grok-4_mas, DIALOGUE TURN NUM = 39.
[2025-10-30 14:40:49,804] [INFO] ENTER: 'MASPromptGenerator' calling 'question_claim'; CURRENT SPEAKER: grok-4_mas, DIALOGUE TURN NUM = 39.
[2025-10-30 14:40:49,804] [INFO] EXIT: 'MASPromptGenerator' calling 'question_claim' (9.608268737792969e-05 secs).
[2025-10-30 14:40:49,805] [INFO] ENTER: 'DialogueMoveGenerator' calling 'generate'; CURRENT SPEAKER: grok-4_mas, DIALOGUE TURN NUM = 39.
[2025-10-30 14:40:49,805] [INFO] ENTER: 'MASPromptGenerator' calling 'why_claim'; CURRENT SPEAKER: grok-4_mas, DIALOGUE TURN NUM = 39.
[2025-10-30 14:40:49,805] [INFO] EXIT: 'MASPromptGenerator' calling 'why_claim' (7.081031799316406e-05 secs).
[2025-10-30 14:40:51,547] [INFO] Completion returned and validated from MODEL = 'grok-4'.
[2025-10-30 14:40:51,864] [INFO] Completion returned and validated from MODEL = 'grok-4'.
[2025-10-30 14:40:51,893] [INFO] Completion returned and validated from MODEL = 'grok-4'.
[2025-10-30 14:40:51,893] [INFO] EXIT: 'DialogueMoveGenerator' calling 'generate' (2.0913360118865967 secs).
[2025-10-30 14:40:51,936] [INFO] Completion returned and validated from MODEL = 'grok-4'.
[2025-10-30 14:40:52,787] [INFO] Completion returned and validated from MODEL = 'grok-4'.
[2025-10-30 14:40:53,372] [INFO] Completion returned and validated from MODEL = 'grok-4'.
[2025-10-30 14:40:53,485] [INFO] Completion returned and validated from MODEL = 'grok-4'.
[2025-10-30 14:40:54,093] [INFO] Completion returned and validated from MODEL = 'grok-4'.
[2025-10-30 14:40:54,811] [INFO] Completion returned and validated from MODEL = 'grok-4'.
[2025-10-30 14:40:54,886] [INFO] Completion returned and validated from MODEL = 'grok-4'.
[2025-10-30 14:40:55,333] [INFO] Completion returned and validated from MODEL = 'grok-4'.
[2025-10-30 14:40:55,333] [INFO] EXIT: 'DialogueMoveGenerator' calling 'generate' (5.529944658279419 secs).
[2025-10-30 14:40:56,676] [INFO] Completion returned and validated from MODEL = 'grok-4'.
[2025-10-30 14:40:56,676] [INFO] EXIT: 'DialogueMoveGenerator' calling 'generate' (6.8722922801971436 secs).
[2025-10-30 14:40:56,776] [INFO] Completion returned and validated from MODEL = 'grok-4'.
[2025-10-30 14:40:56,776] [INFO] EXIT: 'DialogueMoveGenerator' calling 'generate' (6.9711480140686035 secs).
[2025-10-30 14:40:56,777] [INFO] ENTER: 'MASPromptGenerator' calling 'persuasiveness_choice'; CURRENT SPEAKER: grok-4_mas, DIALOGUE TURN NUM = 39.
[2025-10-30 14:40:56,777] [INFO] EXIT: 'MASPromptGenerator' calling 'persuasiveness_choice' (0.00025391578674316406 secs).
[2025-10-30 14:40:58,722] [INFO] Completion returned and validated within 'PersuasivenessChoiceAgent'; MODEL = 'grok-4'; DIALOGUE TURN NUM = 39.
[2025-10-30 14:41:00,174] [INFO] Completion returned and validated within 'PersuasivenessChoiceAgent'; MODEL = 'grok-4'; DIALOGUE TURN NUM = 39.
[2025-10-30 14:41:01,734] [INFO] Completion returned and validated within 'PersuasivenessChoiceAgent'; MODEL = 'grok-4'; DIALOGUE TURN NUM = 39.
[2025-10-30 14:41:03,107] [INFO] Completion returned and validated within 'PersuasivenessChoiceAgent'; MODEL = 'grok-4'; DIALOGUE TURN NUM = 39.
[2025-10-30 14:41:03,107] [INFO] ENTER: 'DisambiguationAgent' calling '_grouping_similar_utterance_types'; CURRENT SPEAKER: grok-4_mas, DIALOGUE TURN NUM = 39.
[2025-10-30 14:41:03,107] [INFO] EXIT: 'DisambiguationAgent' calling '_grouping_similar_utterance_types' (9.059906005859375e-06 secs).
[2025-10-30 14:41:03,107] [INFO] ENTER: 'DisambiguationAgent' calling '_identifying_similar_sentences_and_choosing_one_to_return_to_user'; CURRENT SPEAKER: grok-4_mas, DIALOGUE TURN NUM = 39.
[2025-10-30 14:41:04,384] [INFO] 'DisambiguationAgent' grouped similar sentences, completion returned and validated; MODEL = 'grok-4'.
[2025-10-30 14:41:05,219] [INFO] 'DisambiguationAgent' chose sentences to remove, completion returned and validated from MODEL = 'grok-4'.
[2025-10-30 14:41:05,219] [INFO] EXIT: 'DisambiguationAgent' calling '_identifying_similar_sentences_and_choosing_one_to_return_to_user' (2.111703634262085 secs).
[2025-10-30 14:41:05,219] [INFO] ENTER: 'DisambiguationAgent' calling '_identifying_similar_sentences_and_choosing_one_to_return_to_user'; CURRENT SPEAKER: grok-4_mas, DIALOGUE TURN NUM = 39.
[2025-10-30 14:41:08,881] [INFO] 'DisambiguationAgent' grouped similar sentences, completion returned and validated; MODEL = 'grok-4'.
[2025-10-30 14:41:09,691] [INFO] 'DisambiguationAgent' chose sentences to remove, completion returned and validated from MODEL = 'grok-4'.
[2025-10-30 14:41:12,454] [ERROR] 'DisambiguationAgent' could not choose sentences to remove, completion not validated; MODEL = 'grok-4'; 
 REASON: 

 1 validation error for PersuasivenessChoice
  Invalid JSON: trailing characters at line 3 column 1 [type=json_invalid, input_value='{"Choice": "How can you ...ly to sway an audience.', input_type=str]
    For further information visit https://errors.pydantic.dev/2.12/v/json_invalid
[2025-10-30 14:41:13,334] [INFO] 'DisambiguationAgent' chose sentences to remove, completion returned and validated from MODEL = 'grok-4'.
[2025-10-30 14:41:13,334] [INFO] EXIT: 'DisambiguationAgent' calling '_identifying_similar_sentences_and_choosing_one_to_return_to_user' (8.114372491836548 secs).
[2025-10-30 14:41:13,334] [INFO] ENTER: 'DisambiguationAgent' calling '_removing_repetitive_sentences'; CURRENT SPEAKER: grok-4_mas, DIALOGUE TURN NUM = 39.
[2025-10-30 14:41:13,334] [INFO] EXIT: 'DisambiguationAgent' calling '_removing_repetitive_sentences' (1.430511474609375e-05 secs).
[2025-10-30 14:41:13,334] [INFO] ENTER: 'DisambiguationAgent' calling '_choose_the_most_persuasive_sentences'; CURRENT SPEAKER: grok-4_mas, DIALOGUE TURN NUM = 39.
[2025-10-30 14:41:15,941] [INFO] 'DisambiguationAgent': reached maximum allowed sentences, succussfully chose most persuasive sentences, completion returned and validated from MODEL = 'grok-4'.
[2025-10-30 14:41:15,941] [INFO] EXIT: 'DisambiguationAgent' calling '_choose_the_most_persuasive_sentences' (2.6070902347564697 secs).
[2025-10-30 14:41:15,941] [INFO] ENTER: 'DisambiguationAgent' calling 'return_disambiguated_sentences'; CURRENT SPEAKER: grok-4_mas, DIALOGUE TURN NUM = 39.
[2025-10-30 14:41:15,941] [INFO] EXIT: 'DisambiguationAgent' calling 'return_disambiguated_sentences' (2.6226043701171875e-06 secs).
[2025-10-30 14:41:15,941] [ERROR] Wrong state used; State of type HumanState; error message: dict has unexpected extra key(s): "graph_rag_examples", "intermediate_generations", "knowledge_base_ensemble_or_model_name", "model_seed", "model_temp", "model_top_p", "number_of_graph_rag_examples", "number_of_vector_based_rag_examples", "political_position_prob_of_na", "political_position_range", "political_position_std", "speaker_model_name", "speaker_type", "vector_based_persona_string", "vector_based_persona_sys_prompt"
[2025-10-30 14:41:15,942] [INFO] Correct state used; State of type GenerationAgentsState; 'IGNORE THE ABOVE ERRORS'.
[2025-10-30 14:41:16,412] [INFO] Parent graph returned.
[2025-10-30 14:41:16,615] [INFO] WINNER: None; LOSER: None, REASON: {'reason': 'Maximum number of dialogue turns reached (40 dialogue turns).', 'utterance_type': None, 'utterance': None}
[2025-10-30 14:41:16,615] [INFO] DIALOGUE END: Session finished.
