[2025-10-16 11:21:29,249] [INFO] Trying to create session grok-4_mas:l__vs__grok-4_mas_rag:r...
[2025-10-16 11:21:29,275] [INFO] DIALOGUE START: Parent graph invoked, waiting for Langgraph return state...
[2025-10-16 11:21:29,364] [INFO] ENTER: 'DialogueMoveGenerator' calling 'generate'; CURRENT SPEAKER: grok-4_mas, DIALOGUE TURN NUM = 0.
[2025-10-16 11:21:29,365] [INFO] ENTER: 'MASPromptGenerator' calling 'initial_llm_claim'; CURRENT SPEAKER: grok-4_mas, DIALOGUE TURN NUM = 0.
[2025-10-16 11:21:29,365] [INFO] EXIT: 'MASPromptGenerator' calling 'initial_llm_claim' (5.7220458984375e-06 secs).
[2025-10-16 11:21:31,173] [INFO] Completion returned and validated from MODEL = 'grok-4'.
[2025-10-16 11:21:31,173] [INFO] EXIT: 'DialogueMoveGenerator' calling 'generate' (1.8081614971160889 secs).
[2025-10-16 11:21:31,174] [INFO] ENTER: 'MASPromptGenerator' calling 'persuasiveness_choice'; CURRENT SPEAKER: grok-4_mas, DIALOGUE TURN NUM = 0.
[2025-10-16 11:21:31,174] [INFO] EXIT: 'MASPromptGenerator' calling 'persuasiveness_choice' (1.4543533325195312e-05 secs).
[2025-10-16 11:21:31,995] [INFO] Completion returned and validated within 'PersuasivenessChoiceAgent'; MODEL = 'grok-4'; DIALOGUE TURN NUM = 0.
[2025-10-16 11:21:31,995] [INFO] ENTER: 'DisambiguationAgent' calling 'return_disambiguated_sentences'; CURRENT SPEAKER: grok-4_mas, DIALOGUE TURN NUM = 0.
[2025-10-16 11:21:31,996] [INFO] EXIT: 'DisambiguationAgent' calling 'return_disambiguated_sentences' (2.6226043701171875e-06 secs).
[2025-10-16 11:21:31,996] [ERROR] Wrong state used; State of type HumanState; error message: dict has unexpected extra key(s): "graph_rag_examples", "intermediate_generations", "knowledge_base_ensemble_or_model_name", "model_seed", "model_temp", "model_top_p", "number_of_graph_rag_examples", "number_of_vector_based_rag_examples", "political_position_prob_of_na", "political_position_range", "political_position_std", "speaker_model_name", "speaker_type", "vector_based_persona_string", "vector_based_persona_sys_prompt"
[2025-10-16 11:21:31,997] [INFO] Correct state used; State of type GenerationAgentsState; 'IGNORE THE ABOVE ERRORS'.
[2025-10-16 11:21:32,669] [INFO] 'commitment_update' completed '___Claim___' update for current speaker's commitments; MODEL = 'grok-4'.
[2025-10-16 11:21:32,809] [INFO] ENTER: 'VectorBasedRAG' calling '_vector_based_examples'; CURRENT SPEAKER: grok-4_mas_rag, DIALOGUE TURN NUM = 1.
[2025-10-16 11:21:32,809] [INFO] ENTER: 'VectorBasedRAG' calling '_query_graph'; CURRENT SPEAKER: grok-4_mas_rag, DIALOGUE TURN NUM = 1.
[2025-10-16 11:21:33,240] [INFO] EXIT: 'VectorBasedRAG' calling '_query_graph' (0.4308207035064697 secs).
[2025-10-16 11:21:33,240] [INFO] EXIT: 'VectorBasedRAG' calling '_vector_based_examples' (0.4313340187072754 secs).
[2025-10-16 11:21:33,240] [INFO] ENTER: 'VectorBasedRAG' calling '_vector_based_examples'; CURRENT SPEAKER: grok-4_mas_rag, DIALOGUE TURN NUM = 1.
[2025-10-16 11:21:33,240] [INFO] ENTER: 'VectorBasedRAG' calling '_query_graph'; CURRENT SPEAKER: grok-4_mas_rag, DIALOGUE TURN NUM = 1.
[2025-10-16 11:21:33,307] [INFO] EXIT: 'VectorBasedRAG' calling '_query_graph' (0.06649208068847656 secs).
[2025-10-16 11:21:33,307] [INFO] EXIT: 'VectorBasedRAG' calling '_vector_based_examples' (0.0669867992401123 secs).
[2025-10-16 11:21:33,307] [INFO] ENTER: 'VectorBasedRAG' calling '_create_prompt'; CURRENT SPEAKER: grok-4_mas_rag, DIALOGUE TURN NUM = 1.
[2025-10-16 11:21:33,307] [INFO] EXIT: 'VectorBasedRAG' calling '_create_prompt' (1.5735626220703125e-05 secs).
[2025-10-16 11:21:33,307] [INFO] ENTER: 'VectorBasedRAG' calling '_generate_completion'; CURRENT SPEAKER: grok-4_mas_rag, DIALOGUE TURN NUM = 1.
[2025-10-16 11:21:40,966] [INFO] 'VectorBasedRAG' agent persona completion returned and validated; MODEL = 'grok-4'.
[2025-10-16 11:21:40,966] [INFO] EXIT: 'VectorBasedRAG' calling '_generate_completion' (7.659266710281372 secs).
[2025-10-16 11:21:40,966] [INFO] ENTER: 'VectorBasedRAG' calling 'persona_string'; CURRENT SPEAKER: grok-4_mas_rag, DIALOGUE TURN NUM = 1.
[2025-10-16 11:21:40,967] [INFO] 'VectorBasedRAG' agent persona string generated; MODEL = 'grok-4'.
[2025-10-16 11:21:40,967] [INFO] EXIT: 'VectorBasedRAG' calling 'persona_string' (6.914138793945312e-05 secs).
[2025-10-16 11:21:40,967] [ERROR] Wrong state used; State of type HumanState; error message: dict has unexpected extra key(s): "graph_rag_examples", "intermediate_generations", "knowledge_base_ensemble_or_model_name", "model_seed", "model_temp", "model_top_p", "number_of_graph_rag_examples", "number_of_vector_based_rag_examples", "political_position_prob_of_na", "political_position_range", "political_position_std", "speaker_model_name", "speaker_type", "vector_based_persona_string", "vector_based_persona_sys_prompt"
[2025-10-16 11:21:40,967] [INFO] Correct state used; State of type GenerationAgentsState; 'IGNORE THE ABOVE ERRORS'.
[2025-10-16 11:21:40,968] [INFO] ENTER: 'UtteranceClassificationAgent' calling '_classify_sentence_utterance_types'; CURRENT SPEAKER: grok-4_mas_rag, DIALOGUE TURN NUM = 1.
[2025-10-16 11:21:41,527] [INFO] 'UtteranceClassificationAgent' completion returned and validated from MODEL = 'ModelName.GROK_4'.
[2025-10-16 11:21:41,527] [INFO] EXIT: 'UtteranceClassificationAgent' calling '_classify_sentence_utterance_types' (0.5596685409545898 secs).
[2025-10-16 11:21:41,527] [INFO] ENTER: 'UtteranceClassificationAgent' calling 'return_classified_sentences'; CURRENT SPEAKER: grok-4_mas_rag, DIALOGUE TURN NUM = 1.
[2025-10-16 11:21:41,527] [INFO] EXIT: 'UtteranceClassificationAgent' calling 'return_classified_sentences' (1.9073486328125e-06 secs).
[2025-10-16 11:21:41,539] [INFO] ENTER: 'GraphRAG' calling 'why'; CURRENT SPEAKER: grok-4_mas_rag, DIALOGUE TURN NUM = 1.
[2025-10-16 11:21:41,539] [INFO] ENTER: 'GraphRAG' calling 'query_graph'; CURRENT SPEAKER: grok-4_mas_rag, DIALOGUE TURN NUM = 1.
[2025-10-16 11:21:42,589] [INFO] EXIT: 'GraphRAG' calling 'query_graph' (1.0505831241607666 secs).
[2025-10-16 11:21:42,591] [INFO] EXIT: 'GraphRAG' calling 'why' (1.051934003829956 secs).
[2025-10-16 11:21:42,591] [INFO] ENTER: 'GraphRAG' calling 'claim_negation'; CURRENT SPEAKER: grok-4_mas_rag, DIALOGUE TURN NUM = 1.
[2025-10-16 11:21:42,591] [INFO] ENTER: 'GraphRAG' calling 'query_graph'; CURRENT SPEAKER: grok-4_mas_rag, DIALOGUE TURN NUM = 1.
[2025-10-16 11:21:43,420] [INFO] EXIT: 'GraphRAG' calling 'query_graph' (0.8295087814331055 secs).
[2025-10-16 11:21:43,421] [INFO] EXIT: 'GraphRAG' calling 'claim_negation' (0.8299031257629395 secs).
[2025-10-16 11:21:43,421] [INFO] ENTER: 'GraphRAG' calling 'concede'; CURRENT SPEAKER: grok-4_mas_rag, DIALOGUE TURN NUM = 1.
[2025-10-16 11:21:43,421] [INFO] ENTER: 'GraphRAG' calling 'query_graph'; CURRENT SPEAKER: grok-4_mas_rag, DIALOGUE TURN NUM = 1.
[2025-10-16 11:21:44,289] [INFO] EXIT: 'GraphRAG' calling 'query_graph' (0.8685457706451416 secs).
[2025-10-16 11:21:44,290] [INFO] EXIT: 'GraphRAG' calling 'concede' (0.8689227104187012 secs).
[2025-10-16 11:21:44,290] [INFO] ENTER: 'GraphRAG' calling 'question'; CURRENT SPEAKER: grok-4_mas_rag, DIALOGUE TURN NUM = 1.
[2025-10-16 11:21:44,290] [INFO] ENTER: 'GraphRAG' calling 'query_graph'; CURRENT SPEAKER: grok-4_mas_rag, DIALOGUE TURN NUM = 1.
[2025-10-16 11:21:44,502] [INFO] EXIT: 'GraphRAG' calling 'query_graph' (0.21249723434448242 secs).
[2025-10-16 11:21:44,502] [INFO] EXIT: 'GraphRAG' calling 'question' (0.21288323402404785 secs).
[2025-10-16 11:21:44,503] [INFO] ENTER: 'GraphRAG' calling 'return_rag_examples'; CURRENT SPEAKER: grok-4_mas_rag, DIALOGUE TURN NUM = 1.
[2025-10-16 11:21:44,503] [INFO] EXIT: 'GraphRAG' calling 'return_rag_examples' (3.5762786865234375e-06 secs).
[2025-10-16 11:21:44,505] [INFO] ENTER: 'DialogueMoveGenerator' calling 'generate'; CURRENT SPEAKER: grok-4_mas_rag, DIALOGUE TURN NUM = 1.
[2025-10-16 11:21:44,505] [INFO] ENTER: 'MASPromptGenerator' calling 'claim_negation'; CURRENT SPEAKER: grok-4_mas_rag, DIALOGUE TURN NUM = 1.
[2025-10-16 11:21:44,505] [INFO] EXIT: 'MASPromptGenerator' calling 'claim_negation' (4.2438507080078125e-05 secs).
[2025-10-16 11:21:44,506] [INFO] ENTER: 'DialogueMoveGenerator' calling 'generate'; CURRENT SPEAKER: grok-4_mas_rag, DIALOGUE TURN NUM = 1.
[2025-10-16 11:21:44,506] [INFO] ENTER: 'MASPromptGenerator' calling 'concede_claim'; CURRENT SPEAKER: grok-4_mas_rag, DIALOGUE TURN NUM = 1.
[2025-10-16 11:21:44,506] [INFO] EXIT: 'MASPromptGenerator' calling 'concede_claim' (3.910064697265625e-05 secs).
[2025-10-16 11:21:44,509] [INFO] ENTER: 'DialogueMoveGenerator' calling 'generate'; CURRENT SPEAKER: grok-4_mas_rag, DIALOGUE TURN NUM = 1.
[2025-10-16 11:21:44,509] [INFO] ENTER: 'MASPromptGenerator' calling 'question_claim'; CURRENT SPEAKER: grok-4_mas_rag, DIALOGUE TURN NUM = 1.
[2025-10-16 11:21:44,509] [INFO] EXIT: 'MASPromptGenerator' calling 'question_claim' (2.8848648071289062e-05 secs).
[2025-10-16 11:21:44,510] [INFO] ENTER: 'DialogueMoveGenerator' calling 'generate'; CURRENT SPEAKER: grok-4_mas_rag, DIALOGUE TURN NUM = 1.
[2025-10-16 11:21:44,510] [INFO] ENTER: 'MASPromptGenerator' calling 'why_claim'; CURRENT SPEAKER: grok-4_mas_rag, DIALOGUE TURN NUM = 1.
[2025-10-16 11:21:44,510] [INFO] EXIT: 'MASPromptGenerator' calling 'why_claim' (2.5033950805664062e-05 secs).
[2025-10-16 11:21:46,214] [INFO] Completion returned and validated from MODEL = 'grok-4'.
[2025-10-16 11:21:46,214] [INFO] EXIT: 'DialogueMoveGenerator' calling 'generate' (1.705444097518921 secs).
[2025-10-16 11:21:46,239] [INFO] Completion returned and validated from MODEL = 'grok-4'.
[2025-10-16 11:21:46,239] [INFO] EXIT: 'DialogueMoveGenerator' calling 'generate' (1.733407974243164 secs).
[2025-10-16 11:21:46,294] [INFO] Completion returned and validated from MODEL = 'grok-4'.
[2025-10-16 11:21:46,294] [INFO] EXIT: 'DialogueMoveGenerator' calling 'generate' (1.7838718891143799 secs).
[2025-10-16 11:21:46,390] [INFO] Completion returned and validated from MODEL = 'grok-4'.
[2025-10-16 11:21:46,390] [INFO] EXIT: 'DialogueMoveGenerator' calling 'generate' (1.8845317363739014 secs).
[2025-10-16 11:21:46,390] [INFO] ENTER: 'MASPromptGenerator' calling 'persuasiveness_choice'; CURRENT SPEAKER: grok-4_mas_rag, DIALOGUE TURN NUM = 1.
[2025-10-16 11:21:46,391] [INFO] EXIT: 'MASPromptGenerator' calling 'persuasiveness_choice' (4.506111145019531e-05 secs).
[2025-10-16 11:21:47,973] [INFO] Completion returned and validated within 'PersuasivenessChoiceAgent'; MODEL = 'grok-4'; DIALOGUE TURN NUM = 1.
[2025-10-16 11:21:47,974] [INFO] ENTER: 'DisambiguationAgent' calling '_grouping_similar_utterance_types'; CURRENT SPEAKER: grok-4_mas_rag, DIALOGUE TURN NUM = 1.
[2025-10-16 11:21:47,974] [INFO] EXIT: 'DisambiguationAgent' calling '_grouping_similar_utterance_types' (6.198883056640625e-06 secs).
[2025-10-16 11:21:47,974] [INFO] ENTER: 'DisambiguationAgent' calling '_identifying_similar_sentences_and_choosing_one_to_return_to_user'; CURRENT SPEAKER: grok-4_mas_rag, DIALOGUE TURN NUM = 1.
[2025-10-16 11:21:49,194] [INFO] 'DisambiguationAgent' grouped similar sentences, completion returned and validated; MODEL = 'grok-4'.
[2025-10-16 11:21:49,941] [INFO] 'DisambiguationAgent' chose sentences to remove, completion returned and validated from MODEL = 'grok-4'.
[2025-10-16 11:21:49,942] [INFO] EXIT: 'DisambiguationAgent' calling '_identifying_similar_sentences_and_choosing_one_to_return_to_user' (1.9675593376159668 secs).
[2025-10-16 11:21:49,942] [INFO] ENTER: 'DisambiguationAgent' calling '_removing_repetitive_sentences'; CURRENT SPEAKER: grok-4_mas_rag, DIALOGUE TURN NUM = 1.
[2025-10-16 11:21:49,942] [INFO] EXIT: 'DisambiguationAgent' calling '_removing_repetitive_sentences' (1.0728836059570312e-05 secs).
[2025-10-16 11:21:49,942] [INFO] ENTER: 'DisambiguationAgent' calling 'return_disambiguated_sentences'; CURRENT SPEAKER: grok-4_mas_rag, DIALOGUE TURN NUM = 1.
[2025-10-16 11:21:49,942] [INFO] EXIT: 'DisambiguationAgent' calling 'return_disambiguated_sentences' (1.6689300537109375e-06 secs).
[2025-10-16 11:21:49,942] [ERROR] Wrong state used; State of type HumanState; error message: dict has unexpected extra key(s): "graph_rag_examples", "intermediate_generations", "knowledge_base_ensemble_or_model_name", "model_seed", "model_temp", "model_top_p", "number_of_graph_rag_examples", "number_of_vector_based_rag_examples", "political_position_prob_of_na", "political_position_range", "political_position_std", "speaker_model_name", "speaker_type", "vector_based_persona_string", "vector_based_persona_sys_prompt"
[2025-10-16 11:21:49,943] [INFO] Correct state used; State of type GenerationAgentsState; 'IGNORE THE ABOVE ERRORS'.
[2025-10-16 11:21:50,488] [INFO] 'commitment_update' completed '___Claim___' update for current speaker's commitments; MODEL = 'grok-4'.
[2025-10-16 11:21:50,578] [ERROR] Wrong state used; State of type HumanState; error message: dict has unexpected extra key(s): "graph_rag_examples", "intermediate_generations", "knowledge_base_ensemble_or_model_name", "model_seed", "model_temp", "model_top_p", "number_of_graph_rag_examples", "number_of_vector_based_rag_examples", "political_position_prob_of_na", "political_position_range", "political_position_std", "speaker_model_name", "speaker_type", "vector_based_persona_string", "vector_based_persona_sys_prompt"
[2025-10-16 11:21:50,579] [INFO] Correct state used; State of type GenerationAgentsState; 'IGNORE THE ABOVE ERRORS'.
[2025-10-16 11:21:50,579] [INFO] ENTER: 'UtteranceClassificationAgent' calling '_classify_sentence_utterance_types'; CURRENT SPEAKER: grok-4_mas, DIALOGUE TURN NUM = 2.
[2025-10-16 11:21:51,125] [INFO] 'UtteranceClassificationAgent' completion returned and validated from MODEL = 'ModelName.GROK_4'.
[2025-10-16 11:21:51,675] [INFO] 'UtteranceClassificationAgent' completion returned and validated from MODEL = 'ModelName.GROK_4'.
[2025-10-16 11:21:51,675] [INFO] EXIT: 'UtteranceClassificationAgent' calling '_classify_sentence_utterance_types' (1.0966110229492188 secs).
[2025-10-16 11:21:51,675] [INFO] ENTER: 'UtteranceClassificationAgent' calling 'return_classified_sentences'; CURRENT SPEAKER: grok-4_mas, DIALOGUE TURN NUM = 2.
[2025-10-16 11:21:51,675] [INFO] EXIT: 'UtteranceClassificationAgent' calling 'return_classified_sentences' (2.384185791015625e-06 secs).
[2025-10-16 11:21:51,679] [INFO] ENTER: 'DialogueMoveGenerator' calling 'generate'; CURRENT SPEAKER: grok-4_mas, DIALOGUE TURN NUM = 2.
[2025-10-16 11:21:51,679] [INFO] ENTER: 'DialogueMoveGenerator' calling 'generate'; CURRENT SPEAKER: grok-4_mas, DIALOGUE TURN NUM = 2.
[2025-10-16 11:21:51,679] [INFO] ENTER: 'MASPromptGenerator' calling 'claim'; CURRENT SPEAKER: grok-4_mas, DIALOGUE TURN NUM = 2.
[2025-10-16 11:21:51,679] [INFO] ENTER: 'MASPromptGenerator' calling 'claim_negation'; CURRENT SPEAKER: grok-4_mas, DIALOGUE TURN NUM = 2.
[2025-10-16 11:21:51,680] [INFO] ENTER: 'DialogueMoveGenerator' calling 'generate'; CURRENT SPEAKER: grok-4_mas, DIALOGUE TURN NUM = 2.
[2025-10-16 11:21:51,680] [INFO] EXIT: 'MASPromptGenerator' calling 'claim' (3.0040740966796875e-05 secs).
[2025-10-16 11:21:51,680] [INFO] ENTER: 'DialogueMoveGenerator' calling 'generate'; CURRENT SPEAKER: grok-4_mas, DIALOGUE TURN NUM = 2.
[2025-10-16 11:21:51,680] [INFO] EXIT: 'MASPromptGenerator' calling 'claim_negation' (1.6450881958007812e-05 secs).
[2025-10-16 11:21:51,680] [INFO] ENTER: 'DialogueMoveGenerator' calling 'generate'; CURRENT SPEAKER: grok-4_mas, DIALOGUE TURN NUM = 2.
[2025-10-16 11:21:51,681] [INFO] ENTER: 'MASPromptGenerator' calling 'concede_claim'; CURRENT SPEAKER: grok-4_mas, DIALOGUE TURN NUM = 2.
[2025-10-16 11:21:51,681] [INFO] ENTER: 'DialogueMoveGenerator' calling 'generate'; CURRENT SPEAKER: grok-4_mas, DIALOGUE TURN NUM = 2.
[2025-10-16 11:21:51,682] [INFO] ENTER: 'MASPromptGenerator' calling 'question_claim'; CURRENT SPEAKER: grok-4_mas, DIALOGUE TURN NUM = 2.
[2025-10-16 11:21:51,683] [INFO] ENTER: 'DialogueMoveGenerator' calling 'generate'; CURRENT SPEAKER: grok-4_mas, DIALOGUE TURN NUM = 2.
[2025-10-16 11:21:51,683] [INFO] ENTER: 'MASPromptGenerator' calling 'retract_claim'; CURRENT SPEAKER: grok-4_mas, DIALOGUE TURN NUM = 2.
[2025-10-16 11:21:51,684] [INFO] EXIT: 'MASPromptGenerator' calling 'concede_claim' (2.5510787963867188e-05 secs).
[2025-10-16 11:21:51,684] [INFO] ENTER: 'MASPromptGenerator' calling 'since_claim'; CURRENT SPEAKER: grok-4_mas, DIALOGUE TURN NUM = 2.
[2025-10-16 11:21:51,684] [INFO] EXIT: 'MASPromptGenerator' calling 'question_claim' (2.2649765014648438e-05 secs).
[2025-10-16 11:21:51,684] [INFO] ENTER: 'MASPromptGenerator' calling 'why_claim'; CURRENT SPEAKER: grok-4_mas, DIALOGUE TURN NUM = 2.
[2025-10-16 11:21:51,685] [INFO] EXIT: 'MASPromptGenerator' calling 'why_claim' (1.9073486328125e-05 secs).
[2025-10-16 11:21:51,685] [INFO] EXIT: 'MASPromptGenerator' calling 'since_claim' (2.09808349609375e-05 secs).
[2025-10-16 11:21:51,684] [INFO] EXIT: 'MASPromptGenerator' calling 'retract_claim' (2.3603439331054688e-05 secs).
[2025-10-16 11:21:53,094] [INFO] Completion returned and validated from MODEL = 'grok-4'.
[2025-10-16 11:21:53,094] [INFO] EXIT: 'DialogueMoveGenerator' calling 'generate' (1.4149861335754395 secs).
[2025-10-16 11:21:53,200] [INFO] Completion returned and validated from MODEL = 'grok-4'.
[2025-10-16 11:21:53,200] [INFO] EXIT: 'DialogueMoveGenerator' calling 'generate' (1.5193428993225098 secs).
[2025-10-16 11:21:53,283] [INFO] Completion returned and validated from MODEL = 'grok-4'.
[2025-10-16 11:21:53,283] [INFO] EXIT: 'DialogueMoveGenerator' calling 'generate' (1.5987780094146729 secs).
[2025-10-16 11:21:53,361] [INFO] Completion returned and validated from MODEL = 'grok-4'.
[2025-10-16 11:21:53,361] [INFO] EXIT: 'DialogueMoveGenerator' calling 'generate' (1.677980899810791 secs).
[2025-10-16 11:21:53,366] [INFO] Completion returned and validated from MODEL = 'grok-4'.
[2025-10-16 11:21:53,366] [INFO] EXIT: 'DialogueMoveGenerator' calling 'generate' (1.6864535808563232 secs).
[2025-10-16 11:21:53,405] [INFO] Completion returned and validated from MODEL = 'grok-4'.
[2025-10-16 11:21:53,405] [INFO] EXIT: 'DialogueMoveGenerator' calling 'generate' (1.7213804721832275 secs).
[2025-10-16 11:21:53,413] [INFO] Completion returned and validated from MODEL = 'grok-4'.
[2025-10-16 11:21:53,413] [INFO] EXIT: 'DialogueMoveGenerator' calling 'generate' (1.731478214263916 secs).
[2025-10-16 11:21:53,414] [INFO] ENTER: 'MASPromptGenerator' calling 'persuasiveness_choice'; CURRENT SPEAKER: grok-4_mas, DIALOGUE TURN NUM = 2.
[2025-10-16 11:21:53,414] [INFO] EXIT: 'MASPromptGenerator' calling 'persuasiveness_choice' (5.4836273193359375e-05 secs).
[2025-10-16 11:21:54,646] [INFO] Completion returned and validated within 'PersuasivenessChoiceAgent'; MODEL = 'grok-4'; DIALOGUE TURN NUM = 2.
[2025-10-16 11:21:56,625] [INFO] Completion returned and validated within 'PersuasivenessChoiceAgent'; MODEL = 'grok-4'; DIALOGUE TURN NUM = 2.
[2025-10-16 11:21:56,625] [INFO] ENTER: 'DisambiguationAgent' calling '_grouping_similar_utterance_types'; CURRENT SPEAKER: grok-4_mas, DIALOGUE TURN NUM = 2.
[2025-10-16 11:21:56,625] [INFO] EXIT: 'DisambiguationAgent' calling '_grouping_similar_utterance_types' (7.62939453125e-06 secs).
[2025-10-16 11:21:56,625] [INFO] ENTER: 'DisambiguationAgent' calling '_identifying_similar_sentences_and_choosing_one_to_return_to_user'; CURRENT SPEAKER: grok-4_mas, DIALOGUE TURN NUM = 2.
[2025-10-16 11:21:59,057] [INFO] 'DisambiguationAgent' grouped similar sentences, completion returned and validated; MODEL = 'grok-4'.
[2025-10-16 11:22:00,293] [INFO] 'DisambiguationAgent' chose sentences to remove, completion returned and validated from MODEL = 'grok-4'.
[2025-10-16 11:22:00,293] [INFO] EXIT: 'DisambiguationAgent' calling '_identifying_similar_sentences_and_choosing_one_to_return_to_user' (3.667104482650757 secs).
[2025-10-16 11:22:00,293] [INFO] ENTER: 'DisambiguationAgent' calling '_identifying_similar_sentences_and_choosing_one_to_return_to_user'; CURRENT SPEAKER: grok-4_mas, DIALOGUE TURN NUM = 2.
[2025-10-16 11:22:00,894] [INFO] 'DisambiguationAgent' grouped similar sentences, completion returned and validated; MODEL = 'grok-4'.
[2025-10-16 11:22:00,894] [INFO] EXIT: 'DisambiguationAgent' calling '_identifying_similar_sentences_and_choosing_one_to_return_to_user' (0.6012136936187744 secs).
[2025-10-16 11:22:00,894] [INFO] ENTER: 'DisambiguationAgent' calling '_removing_repetitive_sentences'; CURRENT SPEAKER: grok-4_mas, DIALOGUE TURN NUM = 2.
[2025-10-16 11:22:00,894] [INFO] EXIT: 'DisambiguationAgent' calling '_removing_repetitive_sentences' (1.1205673217773438e-05 secs).
[2025-10-16 11:22:00,894] [INFO] ENTER: 'DisambiguationAgent' calling 'return_disambiguated_sentences'; CURRENT SPEAKER: grok-4_mas, DIALOGUE TURN NUM = 2.
[2025-10-16 11:22:00,894] [INFO] EXIT: 'DisambiguationAgent' calling 'return_disambiguated_sentences' (2.1457672119140625e-06 secs).
[2025-10-16 11:22:00,895] [ERROR] Wrong state used; State of type HumanState; error message: dict has unexpected extra key(s): "graph_rag_examples", "intermediate_generations", "knowledge_base_ensemble_or_model_name", "model_seed", "model_temp", "model_top_p", "number_of_graph_rag_examples", "number_of_vector_based_rag_examples", "political_position_prob_of_na", "political_position_range", "political_position_std", "speaker_model_name", "speaker_type", "vector_based_persona_string", "vector_based_persona_sys_prompt"
[2025-10-16 11:22:00,895] [INFO] Correct state used; State of type GenerationAgentsState; 'IGNORE THE ABOVE ERRORS'.
[2025-10-16 11:22:01,452] [INFO] 'commitment_update' completed '___Claim___' update for current speaker's commitments; MODEL = 'grok-4'.
[2025-10-16 11:22:02,007] [INFO] 'commitment_update' completed '___Claim___' update for current speaker's commitments; MODEL = 'grok-4'.
[2025-10-16 11:22:02,576] [INFO] 'commitment_update' completed '___Claim___' update for current speaker's commitments; MODEL = 'grok-4'.
[2025-10-16 11:22:02,640] [ERROR] Wrong state used; State of type HumanState; error message: dict has unexpected extra key(s): "graph_rag_examples", "intermediate_generations", "knowledge_base_ensemble_or_model_name", "model_seed", "model_temp", "model_top_p", "number_of_graph_rag_examples", "number_of_vector_based_rag_examples", "political_position_prob_of_na", "political_position_range", "political_position_std", "speaker_model_name", "speaker_type", "vector_based_persona_string", "vector_based_persona_sys_prompt"
[2025-10-16 11:22:02,640] [INFO] Correct state used; State of type GenerationAgentsState; 'IGNORE THE ABOVE ERRORS'.
[2025-10-16 11:22:02,640] [INFO] ENTER: 'UtteranceClassificationAgent' calling '_classify_sentence_utterance_types'; CURRENT SPEAKER: grok-4_mas_rag, DIALOGUE TURN NUM = 3.
[2025-10-16 11:22:03,278] [INFO] 'UtteranceClassificationAgent' completion returned and validated from MODEL = 'ModelName.GROK_4'.
[2025-10-16 11:22:03,937] [INFO] 'UtteranceClassificationAgent' completion returned and validated from MODEL = 'ModelName.GROK_4'.
[2025-10-16 11:22:04,647] [INFO] 'UtteranceClassificationAgent' completion returned and validated from MODEL = 'ModelName.GROK_4'.
[2025-10-16 11:22:05,183] [INFO] 'UtteranceClassificationAgent' completion returned and validated from MODEL = 'ModelName.GROK_4'.
[2025-10-16 11:22:05,716] [INFO] 'UtteranceClassificationAgent' completion returned and validated from MODEL = 'ModelName.GROK_4'.
[2025-10-16 11:22:06,304] [INFO] 'UtteranceClassificationAgent' completion returned and validated from MODEL = 'ModelName.GROK_4'.
[2025-10-16 11:22:06,867] [INFO] 'UtteranceClassificationAgent' completion returned and validated from MODEL = 'ModelName.GROK_4'.
[2025-10-16 11:22:06,868] [INFO] EXIT: 'UtteranceClassificationAgent' calling '_classify_sentence_utterance_types' (4.227248191833496 secs).
[2025-10-16 11:22:06,868] [INFO] ENTER: 'UtteranceClassificationAgent' calling 'return_classified_sentences'; CURRENT SPEAKER: grok-4_mas_rag, DIALOGUE TURN NUM = 3.
[2025-10-16 11:22:06,868] [INFO] EXIT: 'UtteranceClassificationAgent' calling 'return_classified_sentences' (2.6226043701171875e-06 secs).
[2025-10-16 11:22:06,882] [INFO] ENTER: 'GraphRAG' calling 'why'; CURRENT SPEAKER: grok-4_mas_rag, DIALOGUE TURN NUM = 3.
[2025-10-16 11:22:06,883] [INFO] ENTER: 'GraphRAG' calling 'query_graph'; CURRENT SPEAKER: grok-4_mas_rag, DIALOGUE TURN NUM = 3.
[2025-10-16 11:22:07,790] [INFO] EXIT: 'GraphRAG' calling 'query_graph' (0.9075167179107666 secs).
[2025-10-16 11:22:07,790] [INFO] EXIT: 'GraphRAG' calling 'why' (0.90791916847229 secs).
[2025-10-16 11:22:07,790] [INFO] ENTER: 'GraphRAG' calling 'concede'; CURRENT SPEAKER: grok-4_mas_rag, DIALOGUE TURN NUM = 3.
[2025-10-16 11:22:07,791] [INFO] ENTER: 'GraphRAG' calling 'query_graph'; CURRENT SPEAKER: grok-4_mas_rag, DIALOGUE TURN NUM = 3.
[2025-10-16 11:22:08,516] [INFO] EXIT: 'GraphRAG' calling 'query_graph' (0.7255215644836426 secs).
[2025-10-16 11:22:08,516] [INFO] EXIT: 'GraphRAG' calling 'concede' (0.7258992195129395 secs).
[2025-10-16 11:22:08,516] [INFO] ENTER: 'GraphRAG' calling 'question'; CURRENT SPEAKER: grok-4_mas_rag, DIALOGUE TURN NUM = 3.
[2025-10-16 11:22:08,517] [INFO] ENTER: 'GraphRAG' calling 'query_graph'; CURRENT SPEAKER: grok-4_mas_rag, DIALOGUE TURN NUM = 3.
[2025-10-16 11:22:09,263] [INFO] EXIT: 'GraphRAG' calling 'query_graph' (0.7465288639068604 secs).
[2025-10-16 11:22:09,263] [INFO] EXIT: 'GraphRAG' calling 'question' (0.7469265460968018 secs).
[2025-10-16 11:22:09,273] [INFO] ENTER: 'GraphRAG' calling 'why'; CURRENT SPEAKER: grok-4_mas_rag, DIALOGUE TURN NUM = 3.
[2025-10-16 11:22:09,273] [INFO] ENTER: 'GraphRAG' calling 'query_graph'; CURRENT SPEAKER: grok-4_mas_rag, DIALOGUE TURN NUM = 3.
[2025-10-16 11:22:09,963] [INFO] EXIT: 'GraphRAG' calling 'query_graph' (0.6898825168609619 secs).
[2025-10-16 11:22:09,963] [INFO] EXIT: 'GraphRAG' calling 'why' (0.6902530193328857 secs).
[2025-10-16 11:22:09,963] [INFO] ENTER: 'GraphRAG' calling 'claim_negation'; CURRENT SPEAKER: grok-4_mas_rag, DIALOGUE TURN NUM = 3.
[2025-10-16 11:22:09,963] [INFO] ENTER: 'GraphRAG' calling 'query_graph'; CURRENT SPEAKER: grok-4_mas_rag, DIALOGUE TURN NUM = 3.
[2025-10-16 11:22:10,625] [INFO] EXIT: 'GraphRAG' calling 'query_graph' (0.661442756652832 secs).
[2025-10-16 11:22:10,625] [INFO] EXIT: 'GraphRAG' calling 'claim_negation' (0.6618611812591553 secs).
[2025-10-16 11:22:10,625] [INFO] ENTER: 'GraphRAG' calling 'concede'; CURRENT SPEAKER: grok-4_mas_rag, DIALOGUE TURN NUM = 3.
[2025-10-16 11:22:10,625] [INFO] ENTER: 'GraphRAG' calling 'query_graph'; CURRENT SPEAKER: grok-4_mas_rag, DIALOGUE TURN NUM = 3.
[2025-10-16 11:22:11,314] [INFO] EXIT: 'GraphRAG' calling 'query_graph' (0.6887772083282471 secs).
[2025-10-16 11:22:11,314] [INFO] EXIT: 'GraphRAG' calling 'concede' (0.689155101776123 secs).
[2025-10-16 11:22:11,314] [INFO] ENTER: 'GraphRAG' calling 'question'; CURRENT SPEAKER: grok-4_mas_rag, DIALOGUE TURN NUM = 3.
[2025-10-16 11:22:11,315] [INFO] ENTER: 'GraphRAG' calling 'query_graph'; CURRENT SPEAKER: grok-4_mas_rag, DIALOGUE TURN NUM = 3.
[2025-10-16 11:22:11,450] [INFO] EXIT: 'GraphRAG' calling 'query_graph' (0.13506507873535156 secs).
[2025-10-16 11:22:11,450] [INFO] EXIT: 'GraphRAG' calling 'question' (0.13552522659301758 secs).
[2025-10-16 11:22:11,459] [INFO] ENTER: 'GraphRAG' calling 'why'; CURRENT SPEAKER: grok-4_mas_rag, DIALOGUE TURN NUM = 3.
[2025-10-16 11:22:11,459] [INFO] ENTER: 'GraphRAG' calling 'query_graph'; CURRENT SPEAKER: grok-4_mas_rag, DIALOGUE TURN NUM = 3.
[2025-10-16 11:22:12,201] [INFO] EXIT: 'GraphRAG' calling 'query_graph' (0.7423741817474365 secs).
[2025-10-16 11:22:12,201] [INFO] EXIT: 'GraphRAG' calling 'why' (0.7427365779876709 secs).
[2025-10-16 11:22:12,201] [INFO] ENTER: 'GraphRAG' calling 'concede'; CURRENT SPEAKER: grok-4_mas_rag, DIALOGUE TURN NUM = 3.
[2025-10-16 11:22:12,202] [INFO] ENTER: 'GraphRAG' calling 'query_graph'; CURRENT SPEAKER: grok-4_mas_rag, DIALOGUE TURN NUM = 3.
[2025-10-16 11:22:12,890] [INFO] EXIT: 'GraphRAG' calling 'query_graph' (0.6880941390991211 secs).
[2025-10-16 11:22:12,890] [INFO] EXIT: 'GraphRAG' calling 'concede' (0.6884512901306152 secs).
[2025-10-16 11:22:12,890] [INFO] ENTER: 'GraphRAG' calling 'question'; CURRENT SPEAKER: grok-4_mas_rag, DIALOGUE TURN NUM = 3.
[2025-10-16 11:22:12,890] [INFO] ENTER: 'GraphRAG' calling 'query_graph'; CURRENT SPEAKER: grok-4_mas_rag, DIALOGUE TURN NUM = 3.
[2025-10-16 11:22:13,572] [INFO] EXIT: 'GraphRAG' calling 'query_graph' (0.6815862655639648 secs).
[2025-10-16 11:22:13,572] [INFO] EXIT: 'GraphRAG' calling 'question' (0.6819543838500977 secs).
[2025-10-16 11:22:13,580] [INFO] ENTER: 'GraphRAG' calling 'why'; CURRENT SPEAKER: grok-4_mas_rag, DIALOGUE TURN NUM = 3.
[2025-10-16 11:22:13,581] [INFO] ENTER: 'GraphRAG' calling 'query_graph'; CURRENT SPEAKER: grok-4_mas_rag, DIALOGUE TURN NUM = 3.
[2025-10-16 11:22:14,269] [INFO] EXIT: 'GraphRAG' calling 'query_graph' (0.6881728172302246 secs).
[2025-10-16 11:22:14,269] [INFO] EXIT: 'GraphRAG' calling 'why' (0.6885373592376709 secs).
[2025-10-16 11:22:14,269] [INFO] ENTER: 'GraphRAG' calling 'claim_negation'; CURRENT SPEAKER: grok-4_mas_rag, DIALOGUE TURN NUM = 3.
[2025-10-16 11:22:14,269] [INFO] ENTER: 'GraphRAG' calling 'query_graph'; CURRENT SPEAKER: grok-4_mas_rag, DIALOGUE TURN NUM = 3.
[2025-10-16 11:22:14,960] [INFO] EXIT: 'GraphRAG' calling 'query_graph' (0.6911144256591797 secs).
[2025-10-16 11:22:14,961] [INFO] EXIT: 'GraphRAG' calling 'claim_negation' (0.6915156841278076 secs).
[2025-10-16 11:22:14,961] [INFO] ENTER: 'GraphRAG' calling 'concede'; CURRENT SPEAKER: grok-4_mas_rag, DIALOGUE TURN NUM = 3.
[2025-10-16 11:22:14,961] [INFO] ENTER: 'GraphRAG' calling 'query_graph'; CURRENT SPEAKER: grok-4_mas_rag, DIALOGUE TURN NUM = 3.
[2025-10-16 11:22:15,648] [INFO] EXIT: 'GraphRAG' calling 'query_graph' (0.6866989135742188 secs).
[2025-10-16 11:22:15,648] [INFO] EXIT: 'GraphRAG' calling 'concede' (0.6870620250701904 secs).
[2025-10-16 11:22:15,648] [INFO] ENTER: 'GraphRAG' calling 'question'; CURRENT SPEAKER: grok-4_mas_rag, DIALOGUE TURN NUM = 3.
[2025-10-16 11:22:15,648] [INFO] ENTER: 'GraphRAG' calling 'query_graph'; CURRENT SPEAKER: grok-4_mas_rag, DIALOGUE TURN NUM = 3.
[2025-10-16 11:22:15,782] [INFO] EXIT: 'GraphRAG' calling 'query_graph' (0.1337728500366211 secs).
[2025-10-16 11:22:15,782] [INFO] EXIT: 'GraphRAG' calling 'question' (0.13410329818725586 secs).
[2025-10-16 11:22:15,791] [INFO] ENTER: 'GraphRAG' calling 'since'; CURRENT SPEAKER: grok-4_mas_rag, DIALOGUE TURN NUM = 3.
[2025-10-16 11:22:15,791] [INFO] ENTER: 'GraphRAG' calling 'query_graph'; CURRENT SPEAKER: grok-4_mas_rag, DIALOGUE TURN NUM = 3.
[2025-10-16 11:22:15,876] [INFO] EXIT: 'GraphRAG' calling 'query_graph' (0.08439016342163086 secs).
[2025-10-16 11:22:15,876] [INFO] EXIT: 'GraphRAG' calling 'since' (0.08474469184875488 secs).
[2025-10-16 11:22:15,876] [INFO] ENTER: 'GraphRAG' calling 'claim'; CURRENT SPEAKER: grok-4_mas_rag, DIALOGUE TURN NUM = 3.
[2025-10-16 11:22:15,876] [INFO] ENTER: 'GraphRAG' calling 'query_graph'; CURRENT SPEAKER: grok-4_mas_rag, DIALOGUE TURN NUM = 3.
[2025-10-16 11:22:15,956] [INFO] EXIT: 'GraphRAG' calling 'query_graph' (0.07980632781982422 secs).
[2025-10-16 11:22:15,956] [INFO] EXIT: 'GraphRAG' calling 'claim' (0.08019661903381348 secs).
[2025-10-16 11:22:15,965] [INFO] ENTER: 'GraphRAG' calling 'since'; CURRENT SPEAKER: grok-4_mas_rag, DIALOGUE TURN NUM = 3.
[2025-10-16 11:22:15,966] [INFO] ENTER: 'GraphRAG' calling 'query_graph'; CURRENT SPEAKER: grok-4_mas_rag, DIALOGUE TURN NUM = 3.
[2025-10-16 11:22:15,998] [INFO] EXIT: 'GraphRAG' calling 'query_graph' (0.03202676773071289 secs).
[2025-10-16 11:22:16,002] [INFO] EXIT: 'GraphRAG' calling 'since' (0.03650474548339844 secs).
[2025-10-16 11:22:16,002] [INFO] ENTER: 'GraphRAG' calling 'claim'; CURRENT SPEAKER: grok-4_mas_rag, DIALOGUE TURN NUM = 3.
[2025-10-16 11:22:16,002] [INFO] ENTER: 'GraphRAG' calling 'query_graph'; CURRENT SPEAKER: grok-4_mas_rag, DIALOGUE TURN NUM = 3.
[2025-10-16 11:22:16,026] [INFO] EXIT: 'GraphRAG' calling 'query_graph' (0.023176908493041992 secs).
[2025-10-16 11:22:16,026] [INFO] EXIT: 'GraphRAG' calling 'claim' (0.023527145385742188 secs).
[2025-10-16 11:22:16,034] [INFO] ENTER: 'GraphRAG' calling 'why'; CURRENT SPEAKER: grok-4_mas_rag, DIALOGUE TURN NUM = 3.
[2025-10-16 11:22:16,035] [INFO] ENTER: 'GraphRAG' calling 'query_graph'; CURRENT SPEAKER: grok-4_mas_rag, DIALOGUE TURN NUM = 3.
[2025-10-16 11:22:16,722] [INFO] EXIT: 'GraphRAG' calling 'query_graph' (0.6876630783081055 secs).
[2025-10-16 11:22:16,722] [INFO] EXIT: 'GraphRAG' calling 'why' (0.688063383102417 secs).
[2025-10-16 11:22:16,722] [INFO] ENTER: 'GraphRAG' calling 'claim_negation'; CURRENT SPEAKER: grok-4_mas_rag, DIALOGUE TURN NUM = 3.
[2025-10-16 11:22:16,723] [INFO] ENTER: 'GraphRAG' calling 'query_graph'; CURRENT SPEAKER: grok-4_mas_rag, DIALOGUE TURN NUM = 3.
[2025-10-16 11:22:17,380] [INFO] EXIT: 'GraphRAG' calling 'query_graph' (0.6568193435668945 secs).
[2025-10-16 11:22:17,380] [INFO] EXIT: 'GraphRAG' calling 'claim_negation' (0.6572113037109375 secs).
[2025-10-16 11:22:17,380] [INFO] ENTER: 'GraphRAG' calling 'concede'; CURRENT SPEAKER: grok-4_mas_rag, DIALOGUE TURN NUM = 3.
[2025-10-16 11:22:17,380] [INFO] ENTER: 'GraphRAG' calling 'query_graph'; CURRENT SPEAKER: grok-4_mas_rag, DIALOGUE TURN NUM = 3.
[2025-10-16 11:22:18,066] [INFO] EXIT: 'GraphRAG' calling 'query_graph' (0.6864025592803955 secs).
[2025-10-16 11:22:18,067] [INFO] EXIT: 'GraphRAG' calling 'concede' (0.6867754459381104 secs).
[2025-10-16 11:22:18,067] [INFO] ENTER: 'GraphRAG' calling 'question'; CURRENT SPEAKER: grok-4_mas_rag, DIALOGUE TURN NUM = 3.
[2025-10-16 11:22:18,067] [INFO] ENTER: 'GraphRAG' calling 'query_graph'; CURRENT SPEAKER: grok-4_mas_rag, DIALOGUE TURN NUM = 3.
[2025-10-16 11:22:18,201] [INFO] EXIT: 'GraphRAG' calling 'query_graph' (0.1336803436279297 secs).
[2025-10-16 11:22:18,201] [INFO] EXIT: 'GraphRAG' calling 'question' (0.13404464721679688 secs).
[2025-10-16 11:22:18,201] [INFO] ENTER: 'GraphRAG' calling 'return_rag_examples'; CURRENT SPEAKER: grok-4_mas_rag, DIALOGUE TURN NUM = 3.
[2025-10-16 11:22:18,201] [INFO] EXIT: 'GraphRAG' calling 'return_rag_examples' (3.337860107421875e-06 secs).
[2025-10-16 11:22:18,203] [INFO] ENTER: 'DialogueMoveGenerator' calling 'generate'; CURRENT SPEAKER: grok-4_mas_rag, DIALOGUE TURN NUM = 3.
[2025-10-16 11:22:18,204] [INFO] ENTER: 'DialogueMoveGenerator' calling 'generate'; CURRENT SPEAKER: grok-4_mas_rag, DIALOGUE TURN NUM = 3.
[2025-10-16 11:22:18,204] [INFO] ENTER: 'MASPromptGenerator' calling 'claim'; CURRENT SPEAKER: grok-4_mas_rag, DIALOGUE TURN NUM = 3.
[2025-10-16 11:22:18,204] [INFO] ENTER: 'DialogueMoveGenerator' calling 'generate'; CURRENT SPEAKER: grok-4_mas_rag, DIALOGUE TURN NUM = 3.
[2025-10-16 11:22:18,204] [INFO] ENTER: 'MASPromptGenerator' calling 'claim_negation'; CURRENT SPEAKER: grok-4_mas_rag, DIALOGUE TURN NUM = 3.
[2025-10-16 11:22:18,204] [INFO] ENTER: 'DialogueMoveGenerator' calling 'generate'; CURRENT SPEAKER: grok-4_mas_rag, DIALOGUE TURN NUM = 3.
[2025-10-16 11:22:18,205] [INFO] EXIT: 'MASPromptGenerator' calling 'claim' (5.173683166503906e-05 secs).
[2025-10-16 11:22:18,205] [INFO] ENTER: 'DialogueMoveGenerator' calling 'generate'; CURRENT SPEAKER: grok-4_mas_rag, DIALOGUE TURN NUM = 3.
[2025-10-16 11:22:18,205] [INFO] ENTER: 'MASPromptGenerator' calling 'concede_claim'; CURRENT SPEAKER: grok-4_mas_rag, DIALOGUE TURN NUM = 3.
[2025-10-16 11:22:18,205] [INFO] ENTER: 'DialogueMoveGenerator' calling 'generate'; CURRENT SPEAKER: grok-4_mas_rag, DIALOGUE TURN NUM = 3.
[2025-10-16 11:22:18,205] [INFO] EXIT: 'MASPromptGenerator' calling 'claim_negation' (7.891654968261719e-05 secs).
[2025-10-16 11:22:18,205] [INFO] ENTER: 'DialogueMoveGenerator' calling 'generate'; CURRENT SPEAKER: grok-4_mas_rag, DIALOGUE TURN NUM = 3.
[2025-10-16 11:22:18,208] [INFO] ENTER: 'MASPromptGenerator' calling 'why_claim'; CURRENT SPEAKER: grok-4_mas_rag, DIALOGUE TURN NUM = 3.
[2025-10-16 11:22:18,207] [INFO] ENTER: 'MASPromptGenerator' calling 'retract_claim'; CURRENT SPEAKER: grok-4_mas_rag, DIALOGUE TURN NUM = 3.
[2025-10-16 11:22:18,208] [INFO] EXIT: 'MASPromptGenerator' calling 'concede_claim' (6.365776062011719e-05 secs).
[2025-10-16 11:22:18,208] [INFO] ENTER: 'MASPromptGenerator' calling 'since_claim'; CURRENT SPEAKER: grok-4_mas_rag, DIALOGUE TURN NUM = 3.
[2025-10-16 11:22:18,206] [INFO] ENTER: 'MASPromptGenerator' calling 'question_claim'; CURRENT SPEAKER: grok-4_mas_rag, DIALOGUE TURN NUM = 3.
[2025-10-16 11:22:18,208] [INFO] EXIT: 'MASPromptGenerator' calling 'why_claim' (3.4332275390625e-05 secs).
[2025-10-16 11:22:18,208] [INFO] EXIT: 'MASPromptGenerator' calling 'retract_claim' (4.410743713378906e-05 secs).
[2025-10-16 11:22:18,209] [INFO] EXIT: 'MASPromptGenerator' calling 'since_claim' (4.315376281738281e-05 secs).
[2025-10-16 11:22:18,209] [INFO] EXIT: 'MASPromptGenerator' calling 'question_claim' (6.580352783203125e-05 secs).
[2025-10-16 11:22:20,325] [INFO] Completion returned and validated from MODEL = 'grok-4'.
[2025-10-16 11:22:20,341] [INFO] Completion returned and validated from MODEL = 'grok-4'.
[2025-10-16 11:22:20,397] [INFO] Completion returned and validated from MODEL = 'grok-4'.
[2025-10-16 11:22:20,427] [INFO] Completion returned and validated from MODEL = 'grok-4'.
[2025-10-16 11:22:20,532] [INFO] Completion returned and validated from MODEL = 'grok-4'.
[2025-10-16 11:22:20,560] [INFO] Completion returned and validated from MODEL = 'grok-4'.
[2025-10-16 11:22:20,663] [INFO] Completion returned and validated from MODEL = 'grok-4'.
[2025-10-16 11:22:22,534] [INFO] Completion returned and validated from MODEL = 'grok-4'.
[2025-10-16 11:22:22,538] [INFO] Completion returned and validated from MODEL = 'grok-4'.
[2025-10-16 11:22:22,626] [INFO] Completion returned and validated from MODEL = 'grok-4'.
[2025-10-16 11:22:22,626] [INFO] EXIT: 'DialogueMoveGenerator' calling 'generate' (4.422656297683716 secs).
[2025-10-16 11:22:22,631] [INFO] Completion returned and validated from MODEL = 'grok-4'.
[2025-10-16 11:22:22,631] [INFO] EXIT: 'DialogueMoveGenerator' calling 'generate' (4.423204183578491 secs).
[2025-10-16 11:22:22,648] [INFO] Completion returned and validated from MODEL = 'grok-4'.
[2025-10-16 11:22:22,845] [INFO] Completion returned and validated from MODEL = 'grok-4'.
[2025-10-16 11:22:22,991] [INFO] Completion returned and validated from MODEL = 'grok-4'.
[2025-10-16 11:22:22,991] [INFO] EXIT: 'DialogueMoveGenerator' calling 'generate' (4.783719778060913 secs).
[2025-10-16 11:22:24,059] [INFO] Completion returned and validated from MODEL = 'grok-4'.
[2025-10-16 11:22:24,176] [INFO] Completion returned and validated from MODEL = 'grok-4'.
[2025-10-16 11:22:24,176] [INFO] EXIT: 'DialogueMoveGenerator' calling 'generate' (5.972269773483276 secs).
[2025-10-16 11:22:24,272] [INFO] Completion returned and validated from MODEL = 'grok-4'.
[2025-10-16 11:22:25,655] [INFO] Completion returned and validated from MODEL = 'grok-4'.
[2025-10-16 11:22:25,723] [INFO] Completion returned and validated from MODEL = 'grok-4'.
[2025-10-16 11:22:26,802] [INFO] Completion returned and validated from MODEL = 'grok-4'.
[2025-10-16 11:22:26,802] [INFO] EXIT: 'DialogueMoveGenerator' calling 'generate' (8.596904993057251 secs).
[2025-10-16 11:22:26,816] [INFO] Completion returned and validated from MODEL = 'grok-4'.
[2025-10-16 11:22:28,243] [INFO] Completion returned and validated from MODEL = 'grok-4'.
[2025-10-16 11:22:29,638] [INFO] Completion returned and validated from MODEL = 'grok-4'.
[2025-10-16 11:22:29,638] [INFO] EXIT: 'DialogueMoveGenerator' calling 'generate' (11.4295654296875 secs).
[2025-10-16 11:22:30,416] [INFO] Completion returned and validated from MODEL = 'grok-4'.
[2025-10-16 11:22:30,416] [INFO] EXIT: 'DialogueMoveGenerator' calling 'generate' (12.210604429244995 secs).
[2025-10-16 11:22:30,417] [INFO] ENTER: 'MASPromptGenerator' calling 'persuasiveness_choice'; CURRENT SPEAKER: grok-4_mas_rag, DIALOGUE TURN NUM = 3.
[2025-10-16 11:22:30,417] [INFO] EXIT: 'MASPromptGenerator' calling 'persuasiveness_choice' (0.0001862049102783203 secs).
[2025-10-16 11:22:31,809] [INFO] Completion returned and validated within 'PersuasivenessChoiceAgent'; MODEL = 'grok-4'; DIALOGUE TURN NUM = 3.
[2025-10-16 11:22:33,667] [INFO] Completion returned and validated within 'PersuasivenessChoiceAgent'; MODEL = 'grok-4'; DIALOGUE TURN NUM = 3.
[2025-10-16 11:22:35,894] [INFO] Completion returned and validated within 'PersuasivenessChoiceAgent'; MODEL = 'grok-4'; DIALOGUE TURN NUM = 3.
[2025-10-16 11:22:37,852] [INFO] Completion returned and validated within 'PersuasivenessChoiceAgent'; MODEL = 'grok-4'; DIALOGUE TURN NUM = 3.
[2025-10-16 11:22:39,846] [INFO] Completion returned and validated within 'PersuasivenessChoiceAgent'; MODEL = 'grok-4'; DIALOGUE TURN NUM = 3.
[2025-10-16 11:22:42,951] [INFO] Completion returned and validated within 'PersuasivenessChoiceAgent'; MODEL = 'grok-4'; DIALOGUE TURN NUM = 3.
[2025-10-16 11:22:44,839] [INFO] Completion returned and validated within 'PersuasivenessChoiceAgent'; MODEL = 'grok-4'; DIALOGUE TURN NUM = 3.
[2025-10-16 11:22:44,840] [INFO] ENTER: 'DisambiguationAgent' calling '_grouping_similar_utterance_types'; CURRENT SPEAKER: grok-4_mas_rag, DIALOGUE TURN NUM = 3.
[2025-10-16 11:22:44,840] [INFO] EXIT: 'DisambiguationAgent' calling '_grouping_similar_utterance_types' (1.4543533325195312e-05 secs).
[2025-10-16 11:22:44,840] [INFO] ENTER: 'DisambiguationAgent' calling '_identifying_similar_sentences_and_choosing_one_to_return_to_user'; CURRENT SPEAKER: grok-4_mas_rag, DIALOGUE TURN NUM = 3.
[2025-10-16 11:22:47,796] [INFO] 'DisambiguationAgent' grouped similar sentences, completion returned and validated; MODEL = 'grok-4'.
[2025-10-16 11:22:48,587] [INFO] 'DisambiguationAgent' chose sentences to remove, completion returned and validated from MODEL = 'grok-4'.
[2025-10-16 11:22:52,723] [INFO] 'DisambiguationAgent' chose sentences to remove, completion returned and validated from MODEL = 'grok-4'.
[2025-10-16 11:22:53,523] [INFO] 'DisambiguationAgent' chose sentences to remove, completion returned and validated from MODEL = 'grok-4'.
[2025-10-16 11:22:54,233] [INFO] 'DisambiguationAgent' chose sentences to remove, completion returned and validated from MODEL = 'grok-4'.
[2025-10-16 11:22:54,233] [INFO] EXIT: 'DisambiguationAgent' calling '_identifying_similar_sentences_and_choosing_one_to_return_to_user' (9.392632484436035 secs).
[2025-10-16 11:22:54,233] [INFO] ENTER: 'DisambiguationAgent' calling '_identifying_similar_sentences_and_choosing_one_to_return_to_user'; CURRENT SPEAKER: grok-4_mas_rag, DIALOGUE TURN NUM = 3.
[2025-10-16 11:22:57,861] [INFO] 'DisambiguationAgent' grouped similar sentences, completion returned and validated; MODEL = 'grok-4'.
[2025-10-16 11:22:58,689] [INFO] 'DisambiguationAgent' chose sentences to remove, completion returned and validated from MODEL = 'grok-4'.
[2025-10-16 11:22:59,483] [INFO] 'DisambiguationAgent' chose sentences to remove, completion returned and validated from MODEL = 'grok-4'.
[2025-10-16 11:23:07,162] [INFO] 'DisambiguationAgent' chose sentences to remove, completion returned and validated from MODEL = 'grok-4'.
[2025-10-16 11:23:07,162] [INFO] EXIT: 'DisambiguationAgent' calling '_identifying_similar_sentences_and_choosing_one_to_return_to_user' (12.929065704345703 secs).
[2025-10-16 11:23:07,162] [INFO] ENTER: 'DisambiguationAgent' calling '_removing_repetitive_sentences'; CURRENT SPEAKER: grok-4_mas_rag, DIALOGUE TURN NUM = 3.
[2025-10-16 11:23:07,162] [INFO] EXIT: 'DisambiguationAgent' calling '_removing_repetitive_sentences' (2.0265579223632812e-05 secs).
[2025-10-16 11:23:07,162] [INFO] ENTER: 'DisambiguationAgent' calling '_choose_the_most_persuasive_sentences'; CURRENT SPEAKER: grok-4_mas_rag, DIALOGUE TURN NUM = 3.
[2025-10-16 11:23:08,861] [INFO] 'DisambiguationAgent': reached maximum allowed sentences, succussfully chose most persuasive sentences, completion returned and validated from MODEL = 'grok-4'.
[2025-10-16 11:23:08,862] [INFO] EXIT: 'DisambiguationAgent' calling '_choose_the_most_persuasive_sentences' (1.6995010375976562 secs).
[2025-10-16 11:23:08,862] [INFO] ENTER: 'DisambiguationAgent' calling 'return_disambiguated_sentences'; CURRENT SPEAKER: grok-4_mas_rag, DIALOGUE TURN NUM = 3.
[2025-10-16 11:23:08,862] [INFO] EXIT: 'DisambiguationAgent' calling 'return_disambiguated_sentences' (2.6226043701171875e-06 secs).
[2025-10-16 11:23:08,862] [ERROR] Wrong state used; State of type HumanState; error message: dict has unexpected extra key(s): "graph_rag_examples", "intermediate_generations", "knowledge_base_ensemble_or_model_name", "model_seed", "model_temp", "model_top_p", "number_of_graph_rag_examples", "number_of_vector_based_rag_examples", "political_position_prob_of_na", "political_position_range", "political_position_std", "speaker_model_name", "speaker_type", "vector_based_persona_string", "vector_based_persona_sys_prompt"
[2025-10-16 11:23:08,862] [INFO] Correct state used; State of type GenerationAgentsState; 'IGNORE THE ABOVE ERRORS'.
[2025-10-16 11:23:09,441] [INFO] 'commitment_update' completed '___Claim___' update for current speaker's commitments; MODEL = 'grok-4'.
[2025-10-16 11:23:10,164] [INFO] 'commitment_update' completed '___Claim___' update for current speaker's commitments; MODEL = 'grok-4'.
[2025-10-16 11:23:10,771] [INFO] 'commitment_update' completed '___Claim___' update for current speaker's commitments; MODEL = 'grok-4'.
[2025-10-16 11:23:10,880] [ERROR] Wrong state used; State of type HumanState; error message: dict has unexpected extra key(s): "graph_rag_examples", "intermediate_generations", "knowledge_base_ensemble_or_model_name", "model_seed", "model_temp", "model_top_p", "number_of_graph_rag_examples", "number_of_vector_based_rag_examples", "political_position_prob_of_na", "political_position_range", "political_position_std", "speaker_model_name", "speaker_type", "vector_based_persona_string", "vector_based_persona_sys_prompt"
[2025-10-16 11:23:10,880] [INFO] Correct state used; State of type GenerationAgentsState; 'IGNORE THE ABOVE ERRORS'.
[2025-10-16 11:23:10,880] [INFO] ENTER: 'UtteranceClassificationAgent' calling '_classify_sentence_utterance_types'; CURRENT SPEAKER: grok-4_mas, DIALOGUE TURN NUM = 4.
[2025-10-16 11:23:11,475] [INFO] 'UtteranceClassificationAgent' completion returned and validated from MODEL = 'ModelName.GROK_4'.
[2025-10-16 11:23:12,022] [INFO] 'UtteranceClassificationAgent' completion returned and validated from MODEL = 'ModelName.GROK_4'.
[2025-10-16 11:23:12,615] [INFO] 'UtteranceClassificationAgent' completion returned and validated from MODEL = 'ModelName.GROK_4'.
[2025-10-16 11:23:13,190] [INFO] 'UtteranceClassificationAgent' completion returned and validated from MODEL = 'ModelName.GROK_4'.
[2025-10-16 11:23:16,906] [INFO] 'UtteranceClassificationAgent' completion returned and validated from MODEL = 'ModelName.GROK_4'.
[2025-10-16 11:23:17,475] [INFO] 'UtteranceClassificationAgent' completion returned and validated from MODEL = 'ModelName.GROK_4'.
[2025-10-16 11:23:18,074] [INFO] 'UtteranceClassificationAgent' completion returned and validated from MODEL = 'ModelName.GROK_4'.
[2025-10-16 11:23:18,074] [INFO] EXIT: 'UtteranceClassificationAgent' calling '_classify_sentence_utterance_types' (7.1933372020721436 secs).
[2025-10-16 11:23:18,074] [INFO] ENTER: 'UtteranceClassificationAgent' calling 'return_classified_sentences'; CURRENT SPEAKER: grok-4_mas, DIALOGUE TURN NUM = 4.
[2025-10-16 11:23:18,074] [INFO] EXIT: 'UtteranceClassificationAgent' calling 'return_classified_sentences' (1.9073486328125e-06 secs).
[2025-10-16 11:23:18,076] [INFO] ENTER: 'DialogueMoveGenerator' calling 'generate'; CURRENT SPEAKER: grok-4_mas, DIALOGUE TURN NUM = 4.
[2025-10-16 11:23:18,078] [INFO] ENTER: 'MASPromptGenerator' calling 'claim'; CURRENT SPEAKER: grok-4_mas, DIALOGUE TURN NUM = 4.
[2025-10-16 11:23:18,078] [INFO] EXIT: 'MASPromptGenerator' calling 'claim' (2.765655517578125e-05 secs).
[2025-10-16 11:23:18,079] [INFO] ENTER: 'DialogueMoveGenerator' calling 'generate'; CURRENT SPEAKER: grok-4_mas, DIALOGUE TURN NUM = 4.
[2025-10-16 11:23:18,079] [INFO] ENTER: 'MASPromptGenerator' calling 'claim_negation'; CURRENT SPEAKER: grok-4_mas, DIALOGUE TURN NUM = 4.
[2025-10-16 11:23:18,079] [INFO] EXIT: 'MASPromptGenerator' calling 'claim_negation' (3.4809112548828125e-05 secs).
[2025-10-16 11:23:18,083] [INFO] ENTER: 'DialogueMoveGenerator' calling 'generate'; CURRENT SPEAKER: grok-4_mas, DIALOGUE TURN NUM = 4.
[2025-10-16 11:23:18,083] [INFO] ENTER: 'DialogueMoveGenerator' calling 'generate'; CURRENT SPEAKER: grok-4_mas, DIALOGUE TURN NUM = 4.
[2025-10-16 11:23:18,083] [INFO] ENTER: 'DialogueMoveGenerator' calling 'generate'; CURRENT SPEAKER: grok-4_mas, DIALOGUE TURN NUM = 4.
[2025-10-16 11:23:18,084] [INFO] ENTER: 'MASPromptGenerator' calling 'retract_claim'; CURRENT SPEAKER: grok-4_mas, DIALOGUE TURN NUM = 4.
[2025-10-16 11:23:18,084] [INFO] ENTER: 'DialogueMoveGenerator' calling 'generate'; CURRENT SPEAKER: grok-4_mas, DIALOGUE TURN NUM = 4.
[2025-10-16 11:23:18,084] [INFO] ENTER: 'DialogueMoveGenerator' calling 'generate'; CURRENT SPEAKER: grok-4_mas, DIALOGUE TURN NUM = 4.
[2025-10-16 11:23:18,084] [INFO] ENTER: 'MASPromptGenerator' calling 'question_claim'; CURRENT SPEAKER: grok-4_mas, DIALOGUE TURN NUM = 4.
[2025-10-16 11:23:18,084] [INFO] ENTER: 'MASPromptGenerator' calling 'concede_claim'; CURRENT SPEAKER: grok-4_mas, DIALOGUE TURN NUM = 4.
[2025-10-16 11:23:18,084] [INFO] EXIT: 'MASPromptGenerator' calling 'retract_claim' (2.5033950805664062e-05 secs).
[2025-10-16 11:23:18,085] [INFO] ENTER: 'MASPromptGenerator' calling 'since_claim'; CURRENT SPEAKER: grok-4_mas, DIALOGUE TURN NUM = 4.
[2025-10-16 11:23:18,085] [INFO] ENTER: 'MASPromptGenerator' calling 'why_claim'; CURRENT SPEAKER: grok-4_mas, DIALOGUE TURN NUM = 4.
[2025-10-16 11:23:18,085] [INFO] EXIT: 'MASPromptGenerator' calling 'question_claim' (2.5033950805664062e-05 secs).
[2025-10-16 11:23:18,085] [INFO] EXIT: 'MASPromptGenerator' calling 'concede_claim' (3.409385681152344e-05 secs).
[2025-10-16 11:23:18,085] [INFO] EXIT: 'MASPromptGenerator' calling 'since_claim' (2.2411346435546875e-05 secs).
[2025-10-16 11:23:18,085] [INFO] EXIT: 'MASPromptGenerator' calling 'why_claim' (3.0517578125e-05 secs).
[2025-10-16 11:23:19,631] [INFO] Completion returned and validated from MODEL = 'grok-4'.
[2025-10-16 11:23:19,659] [INFO] Completion returned and validated from MODEL = 'grok-4'.
[2025-10-16 11:23:19,699] [INFO] Completion returned and validated from MODEL = 'grok-4'.
[2025-10-16 11:23:19,841] [INFO] Completion returned and validated from MODEL = 'grok-4'.
[2025-10-16 11:23:19,981] [INFO] Completion returned and validated from MODEL = 'grok-4'.
[2025-10-16 11:23:20,752] [INFO] Completion returned and validated from MODEL = 'grok-4'.
[2025-10-16 11:23:20,846] [INFO] Completion returned and validated from MODEL = 'grok-4'.
[2025-10-16 11:23:20,847] [INFO] EXIT: 'DialogueMoveGenerator' calling 'generate' (2.767972230911255 secs).
[2025-10-16 11:23:22,004] [INFO] Completion returned and validated from MODEL = 'grok-4'.
[2025-10-16 11:23:22,711] [INFO] Completion returned and validated from MODEL = 'grok-4'.
[2025-10-16 11:23:22,840] [INFO] Completion returned and validated from MODEL = 'grok-4'.
[2025-10-16 11:23:23,747] [INFO] Completion returned and validated from MODEL = 'grok-4'.
[2025-10-16 11:23:23,938] [INFO] Completion returned and validated from MODEL = 'grok-4'.
[2025-10-16 11:23:23,939] [INFO] EXIT: 'DialogueMoveGenerator' calling 'generate' (5.853766918182373 secs).
[2025-10-16 11:23:24,276] [INFO] Completion returned and validated from MODEL = 'grok-4'.
[2025-10-16 11:23:24,276] [INFO] EXIT: 'DialogueMoveGenerator' calling 'generate' (6.197668075561523 secs).
[2025-10-16 11:23:24,353] [INFO] Completion returned and validated from MODEL = 'grok-4'.
[2025-10-16 11:23:24,353] [INFO] EXIT: 'DialogueMoveGenerator' calling 'generate' (6.268836736679077 secs).
[2025-10-16 11:23:24,411] [INFO] Completion returned and validated from MODEL = 'grok-4'.
[2025-10-16 11:23:25,132] [INFO] Completion returned and validated from MODEL = 'grok-4'.
[2025-10-16 11:23:25,517] [INFO] Completion returned and validated from MODEL = 'grok-4'.
[2025-10-16 11:23:26,399] [INFO] Completion returned and validated from MODEL = 'grok-4'.
[2025-10-16 11:23:26,599] [INFO] Completion returned and validated from MODEL = 'grok-4'.
[2025-10-16 11:23:27,325] [INFO] Completion returned and validated from MODEL = 'grok-4'.
[2025-10-16 11:23:28,550] [INFO] Completion returned and validated from MODEL = 'grok-4'.
[2025-10-16 11:23:28,550] [INFO] EXIT: 'DialogueMoveGenerator' calling 'generate' (10.465888261795044 secs).
[2025-10-16 11:23:28,751] [INFO] Completion returned and validated from MODEL = 'grok-4'.
[2025-10-16 11:23:28,751] [INFO] EXIT: 'DialogueMoveGenerator' calling 'generate' (10.667752027511597 secs).
[2025-10-16 11:23:30,169] [INFO] Completion returned and validated from MODEL = 'grok-4'.
[2025-10-16 11:23:30,169] [INFO] EXIT: 'DialogueMoveGenerator' calling 'generate' (12.084271907806396 secs).
[2025-10-16 11:23:30,170] [INFO] ENTER: 'MASPromptGenerator' calling 'persuasiveness_choice'; CURRENT SPEAKER: grok-4_mas, DIALOGUE TURN NUM = 4.
[2025-10-16 11:23:30,170] [INFO] EXIT: 'MASPromptGenerator' calling 'persuasiveness_choice' (0.000164031982421875 secs).
[2025-10-16 11:23:32,065] [INFO] Completion returned and validated within 'PersuasivenessChoiceAgent'; MODEL = 'grok-4'; DIALOGUE TURN NUM = 4.
[2025-10-16 11:23:34,062] [INFO] Completion returned and validated within 'PersuasivenessChoiceAgent'; MODEL = 'grok-4'; DIALOGUE TURN NUM = 4.
[2025-10-16 11:23:36,194] [INFO] Completion returned and validated within 'PersuasivenessChoiceAgent'; MODEL = 'grok-4'; DIALOGUE TURN NUM = 4.
[2025-10-16 11:23:37,942] [INFO] Completion returned and validated within 'PersuasivenessChoiceAgent'; MODEL = 'grok-4'; DIALOGUE TURN NUM = 4.
[2025-10-16 11:23:39,811] [INFO] Completion returned and validated within 'PersuasivenessChoiceAgent'; MODEL = 'grok-4'; DIALOGUE TURN NUM = 4.
[2025-10-16 11:23:42,030] [INFO] Completion returned and validated within 'PersuasivenessChoiceAgent'; MODEL = 'grok-4'; DIALOGUE TURN NUM = 4.
[2025-10-16 11:23:44,489] [INFO] Completion returned and validated within 'PersuasivenessChoiceAgent'; MODEL = 'grok-4'; DIALOGUE TURN NUM = 4.
[2025-10-16 11:23:44,490] [INFO] ENTER: 'DisambiguationAgent' calling '_grouping_similar_utterance_types'; CURRENT SPEAKER: grok-4_mas, DIALOGUE TURN NUM = 4.
[2025-10-16 11:23:44,490] [INFO] EXIT: 'DisambiguationAgent' calling '_grouping_similar_utterance_types' (1.6689300537109375e-05 secs).
[2025-10-16 11:23:44,490] [INFO] ENTER: 'DisambiguationAgent' calling '_identifying_similar_sentences_and_choosing_one_to_return_to_user'; CURRENT SPEAKER: grok-4_mas, DIALOGUE TURN NUM = 4.
[2025-10-16 11:23:50,552] [INFO] 'DisambiguationAgent' grouped similar sentences, completion returned and validated; MODEL = 'grok-4'.
[2025-10-16 11:23:52,993] [INFO] 'DisambiguationAgent' chose sentences to remove, completion returned and validated from MODEL = 'grok-4'.
[2025-10-16 11:23:53,788] [INFO] 'DisambiguationAgent' chose sentences to remove, completion returned and validated from MODEL = 'grok-4'.
[2025-10-16 11:23:54,660] [INFO] 'DisambiguationAgent' chose sentences to remove, completion returned and validated from MODEL = 'grok-4'.
[2025-10-16 11:23:55,486] [INFO] 'DisambiguationAgent' chose sentences to remove, completion returned and validated from MODEL = 'grok-4'.
[2025-10-16 11:23:56,281] [INFO] 'DisambiguationAgent' chose sentences to remove, completion returned and validated from MODEL = 'grok-4'.
[2025-10-16 11:23:57,064] [INFO] 'DisambiguationAgent' chose sentences to remove, completion returned and validated from MODEL = 'grok-4'.
[2025-10-16 11:23:57,928] [INFO] 'DisambiguationAgent' chose sentences to remove, completion returned and validated from MODEL = 'grok-4'.
[2025-10-16 11:25:59,380] [INFO] 'DisambiguationAgent' chose sentences to remove, completion returned and validated from MODEL = 'grok-4'.
[2025-10-16 11:25:59,380] [INFO] EXIT: 'DisambiguationAgent' calling '_identifying_similar_sentences_and_choosing_one_to_return_to_user' (134.88976311683655 secs).
[2025-10-16 11:25:59,380] [INFO] ENTER: 'DisambiguationAgent' calling '_identifying_similar_sentences_and_choosing_one_to_return_to_user'; CURRENT SPEAKER: grok-4_mas, DIALOGUE TURN NUM = 4.
[2025-10-16 11:26:03,368] [INFO] 'DisambiguationAgent' grouped similar sentences, completion returned and validated; MODEL = 'grok-4'.
[2025-10-16 11:26:04,093] [INFO] 'DisambiguationAgent' chose sentences to remove, completion returned and validated from MODEL = 'grok-4'.
[2025-10-16 11:26:04,921] [INFO] 'DisambiguationAgent' chose sentences to remove, completion returned and validated from MODEL = 'grok-4'.
[2025-10-16 11:26:05,732] [INFO] 'DisambiguationAgent' chose sentences to remove, completion returned and validated from MODEL = 'grok-4'.
[2025-10-16 11:26:06,473] [INFO] 'DisambiguationAgent' chose sentences to remove, completion returned and validated from MODEL = 'grok-4'.
[2025-10-16 11:26:07,243] [INFO] 'DisambiguationAgent' chose sentences to remove, completion returned and validated from MODEL = 'grok-4'.
[2025-10-16 11:26:08,039] [INFO] 'DisambiguationAgent' chose sentences to remove, completion returned and validated from MODEL = 'grok-4'.
[2025-10-16 11:26:08,039] [INFO] EXIT: 'DisambiguationAgent' calling '_identifying_similar_sentences_and_choosing_one_to_return_to_user' (8.658949613571167 secs).
[2025-10-16 11:26:08,039] [INFO] ENTER: 'DisambiguationAgent' calling '_removing_repetitive_sentences'; CURRENT SPEAKER: grok-4_mas, DIALOGUE TURN NUM = 4.
[2025-10-16 11:26:08,039] [INFO] EXIT: 'DisambiguationAgent' calling '_removing_repetitive_sentences' (2.0742416381835938e-05 secs).
[2025-10-16 11:26:08,039] [INFO] ENTER: 'DisambiguationAgent' calling '_choose_the_most_persuasive_sentences'; CURRENT SPEAKER: grok-4_mas, DIALOGUE TURN NUM = 4.
[2025-10-16 11:26:09,841] [INFO] 'DisambiguationAgent': reached maximum allowed sentences, succussfully chose most persuasive sentences, completion returned and validated from MODEL = 'grok-4'.
[2025-10-16 11:26:09,841] [INFO] EXIT: 'DisambiguationAgent' calling '_choose_the_most_persuasive_sentences' (1.8017737865447998 secs).
[2025-10-16 11:26:09,841] [INFO] ENTER: 'DisambiguationAgent' calling 'return_disambiguated_sentences'; CURRENT SPEAKER: grok-4_mas, DIALOGUE TURN NUM = 4.
[2025-10-16 11:26:09,841] [INFO] EXIT: 'DisambiguationAgent' calling 'return_disambiguated_sentences' (2.384185791015625e-06 secs).
[2025-10-16 11:26:09,841] [ERROR] Wrong state used; State of type HumanState; error message: dict has unexpected extra key(s): "graph_rag_examples", "intermediate_generations", "knowledge_base_ensemble_or_model_name", "model_seed", "model_temp", "model_top_p", "number_of_graph_rag_examples", "number_of_vector_based_rag_examples", "political_position_prob_of_na", "political_position_range", "political_position_std", "speaker_model_name", "speaker_type", "vector_based_persona_string", "vector_based_persona_sys_prompt"
[2025-10-16 11:26:09,842] [INFO] Correct state used; State of type GenerationAgentsState; 'IGNORE THE ABOVE ERRORS'.
[2025-10-16 11:26:10,420] [INFO] 'commitment_update' completed '___Claim___' update for current speaker's commitments; MODEL = 'grok-4'.
[2025-10-16 11:26:11,000] [INFO] 'commitment_update' completed '___Since___' update; MODEL = 'grok-4'.
[2025-10-16 11:26:11,541] [INFO] 'commitment_update' completed '___Claim___' update for current speaker's commitments; MODEL = 'grok-4'.
[2025-10-16 11:26:11,610] [ERROR] Wrong state used; State of type HumanState; error message: dict has unexpected extra key(s): "graph_rag_examples", "intermediate_generations", "knowledge_base_ensemble_or_model_name", "model_seed", "model_temp", "model_top_p", "number_of_graph_rag_examples", "number_of_vector_based_rag_examples", "political_position_prob_of_na", "political_position_range", "political_position_std", "speaker_model_name", "speaker_type", "vector_based_persona_string", "vector_based_persona_sys_prompt"
[2025-10-16 11:26:11,610] [INFO] Correct state used; State of type GenerationAgentsState; 'IGNORE THE ABOVE ERRORS'.
[2025-10-16 11:26:11,611] [INFO] ENTER: 'UtteranceClassificationAgent' calling '_classify_sentence_utterance_types'; CURRENT SPEAKER: grok-4_mas_rag, DIALOGUE TURN NUM = 5.
[2025-10-16 11:26:12,166] [INFO] 'UtteranceClassificationAgent' completion returned and validated from MODEL = 'ModelName.GROK_4'.
[2025-10-16 11:26:12,716] [INFO] 'UtteranceClassificationAgent' completion returned and validated from MODEL = 'ModelName.GROK_4'.
[2025-10-16 11:26:13,300] [INFO] 'UtteranceClassificationAgent' completion returned and validated from MODEL = 'ModelName.GROK_4'.
[2025-10-16 11:26:16,999] [INFO] 'UtteranceClassificationAgent' completion returned and validated from MODEL = 'ModelName.GROK_4'.
[2025-10-16 11:26:18,701] [INFO] 'UtteranceClassificationAgent' completion returned and validated from MODEL = 'ModelName.GROK_4'.
[2025-10-16 11:26:18,701] [INFO] EXIT: 'UtteranceClassificationAgent' calling '_classify_sentence_utterance_types' (7.090557098388672 secs).
[2025-10-16 11:26:18,701] [INFO] ENTER: 'UtteranceClassificationAgent' calling 'return_classified_sentences'; CURRENT SPEAKER: grok-4_mas_rag, DIALOGUE TURN NUM = 5.
[2025-10-16 11:26:18,701] [INFO] EXIT: 'UtteranceClassificationAgent' calling 'return_classified_sentences' (1.9073486328125e-06 secs).
[2025-10-16 11:26:18,724] [INFO] ENTER: 'GraphRAG' calling 'why'; CURRENT SPEAKER: grok-4_mas_rag, DIALOGUE TURN NUM = 5.
[2025-10-16 11:26:18,725] [INFO] ENTER: 'GraphRAG' calling 'query_graph'; CURRENT SPEAKER: grok-4_mas_rag, DIALOGUE TURN NUM = 5.
[2025-10-16 11:26:19,458] [INFO] EXIT: 'GraphRAG' calling 'query_graph' (0.733311653137207 secs).
[2025-10-16 11:26:19,458] [INFO] EXIT: 'GraphRAG' calling 'why' (0.7337117195129395 secs).
[2025-10-16 11:26:19,458] [INFO] ENTER: 'GraphRAG' calling 'concede'; CURRENT SPEAKER: grok-4_mas_rag, DIALOGUE TURN NUM = 5.
[2025-10-16 11:26:19,458] [INFO] ENTER: 'GraphRAG' calling 'query_graph'; CURRENT SPEAKER: grok-4_mas_rag, DIALOGUE TURN NUM = 5.
[2025-10-16 11:26:20,145] [INFO] EXIT: 'GraphRAG' calling 'query_graph' (0.6861386299133301 secs).
[2025-10-16 11:26:20,145] [INFO] EXIT: 'GraphRAG' calling 'concede' (0.6865456104278564 secs).
[2025-10-16 11:26:20,145] [INFO] ENTER: 'GraphRAG' calling 'question'; CURRENT SPEAKER: grok-4_mas_rag, DIALOGUE TURN NUM = 5.
[2025-10-16 11:26:20,145] [INFO] ENTER: 'GraphRAG' calling 'query_graph'; CURRENT SPEAKER: grok-4_mas_rag, DIALOGUE TURN NUM = 5.
[2025-10-16 11:26:20,804] [INFO] EXIT: 'GraphRAG' calling 'query_graph' (0.6589369773864746 secs).
[2025-10-16 11:26:20,804] [INFO] EXIT: 'GraphRAG' calling 'question' (0.659311056137085 secs).
[2025-10-16 11:26:20,824] [INFO] ENTER: 'GraphRAG' calling 'why'; CURRENT SPEAKER: grok-4_mas_rag, DIALOGUE TURN NUM = 5.
[2025-10-16 11:26:20,824] [INFO] ENTER: 'GraphRAG' calling 'query_graph'; CURRENT SPEAKER: grok-4_mas_rag, DIALOGUE TURN NUM = 5.
[2025-10-16 11:26:21,510] [INFO] EXIT: 'GraphRAG' calling 'query_graph' (0.6862945556640625 secs).
[2025-10-16 11:26:21,510] [INFO] EXIT: 'GraphRAG' calling 'why' (0.6866543292999268 secs).
[2025-10-16 11:26:21,510] [INFO] ENTER: 'GraphRAG' calling 'claim_negation'; CURRENT SPEAKER: grok-4_mas_rag, DIALOGUE TURN NUM = 5.
[2025-10-16 11:26:21,511] [INFO] ENTER: 'GraphRAG' calling 'query_graph'; CURRENT SPEAKER: grok-4_mas_rag, DIALOGUE TURN NUM = 5.
[2025-10-16 11:26:22,168] [INFO] EXIT: 'GraphRAG' calling 'query_graph' (0.6568834781646729 secs).
[2025-10-16 11:26:22,168] [INFO] EXIT: 'GraphRAG' calling 'claim_negation' (0.6572818756103516 secs).
[2025-10-16 11:26:22,168] [INFO] ENTER: 'GraphRAG' calling 'concede'; CURRENT SPEAKER: grok-4_mas_rag, DIALOGUE TURN NUM = 5.
[2025-10-16 11:26:22,168] [INFO] ENTER: 'GraphRAG' calling 'query_graph'; CURRENT SPEAKER: grok-4_mas_rag, DIALOGUE TURN NUM = 5.
[2025-10-16 11:26:22,852] [INFO] EXIT: 'GraphRAG' calling 'query_graph' (0.6842336654663086 secs).
[2025-10-16 11:26:22,852] [INFO] EXIT: 'GraphRAG' calling 'concede' (0.6845812797546387 secs).
[2025-10-16 11:26:22,852] [INFO] ENTER: 'GraphRAG' calling 'question'; CURRENT SPEAKER: grok-4_mas_rag, DIALOGUE TURN NUM = 5.
[2025-10-16 11:26:22,853] [INFO] ENTER: 'GraphRAG' calling 'query_graph'; CURRENT SPEAKER: grok-4_mas_rag, DIALOGUE TURN NUM = 5.
[2025-10-16 11:26:22,984] [INFO] EXIT: 'GraphRAG' calling 'query_graph' (0.13162589073181152 secs).
[2025-10-16 11:26:22,984] [INFO] EXIT: 'GraphRAG' calling 'question' (0.13195276260375977 secs).
[2025-10-16 11:26:23,002] [INFO] ENTER: 'GraphRAG' calling 'why'; CURRENT SPEAKER: grok-4_mas_rag, DIALOGUE TURN NUM = 5.
[2025-10-16 11:26:23,003] [INFO] ENTER: 'GraphRAG' calling 'query_graph'; CURRENT SPEAKER: grok-4_mas_rag, DIALOGUE TURN NUM = 5.
[2025-10-16 11:26:23,685] [INFO] EXIT: 'GraphRAG' calling 'query_graph' (0.6824941635131836 secs).
[2025-10-16 11:26:23,685] [INFO] EXIT: 'GraphRAG' calling 'why' (0.6828749179840088 secs).
[2025-10-16 11:26:23,685] [INFO] ENTER: 'GraphRAG' calling 'claim_negation'; CURRENT SPEAKER: grok-4_mas_rag, DIALOGUE TURN NUM = 5.
[2025-10-16 11:26:23,686] [INFO] ENTER: 'GraphRAG' calling 'query_graph'; CURRENT SPEAKER: grok-4_mas_rag, DIALOGUE TURN NUM = 5.
[2025-10-16 11:26:24,342] [INFO] EXIT: 'GraphRAG' calling 'query_graph' (0.6559462547302246 secs).
[2025-10-16 11:26:24,342] [INFO] EXIT: 'GraphRAG' calling 'claim_negation' (0.6563186645507812 secs).
[2025-10-16 11:26:24,342] [INFO] ENTER: 'GraphRAG' calling 'concede'; CURRENT SPEAKER: grok-4_mas_rag, DIALOGUE TURN NUM = 5.
[2025-10-16 11:26:24,342] [INFO] ENTER: 'GraphRAG' calling 'query_graph'; CURRENT SPEAKER: grok-4_mas_rag, DIALOGUE TURN NUM = 5.
[2025-10-16 11:26:25,026] [INFO] EXIT: 'GraphRAG' calling 'query_graph' (0.6843538284301758 secs).
[2025-10-16 11:26:25,027] [INFO] EXIT: 'GraphRAG' calling 'concede' (0.684725284576416 secs).
[2025-10-16 11:26:25,027] [INFO] ENTER: 'GraphRAG' calling 'question'; CURRENT SPEAKER: grok-4_mas_rag, DIALOGUE TURN NUM = 5.
[2025-10-16 11:26:25,027] [INFO] ENTER: 'GraphRAG' calling 'query_graph'; CURRENT SPEAKER: grok-4_mas_rag, DIALOGUE TURN NUM = 5.
[2025-10-16 11:26:25,158] [INFO] EXIT: 'GraphRAG' calling 'query_graph' (0.13140535354614258 secs).
[2025-10-16 11:26:25,158] [INFO] EXIT: 'GraphRAG' calling 'question' (0.1317605972290039 secs).
[2025-10-16 11:26:25,176] [INFO] ENTER: 'GraphRAG' calling 'why'; CURRENT SPEAKER: grok-4_mas_rag, DIALOGUE TURN NUM = 5.
[2025-10-16 11:26:25,177] [INFO] ENTER: 'GraphRAG' calling 'query_graph'; CURRENT SPEAKER: grok-4_mas_rag, DIALOGUE TURN NUM = 5.
[2025-10-16 11:26:25,858] [INFO] EXIT: 'GraphRAG' calling 'query_graph' (0.6814825534820557 secs).
[2025-10-16 11:26:25,858] [INFO] EXIT: 'GraphRAG' calling 'why' (0.6818511486053467 secs).
[2025-10-16 11:26:25,858] [INFO] ENTER: 'GraphRAG' calling 'claim_negation'; CURRENT SPEAKER: grok-4_mas_rag, DIALOGUE TURN NUM = 5.
[2025-10-16 11:26:25,859] [INFO] ENTER: 'GraphRAG' calling 'query_graph'; CURRENT SPEAKER: grok-4_mas_rag, DIALOGUE TURN NUM = 5.
[2025-10-16 11:26:26,513] [INFO] EXIT: 'GraphRAG' calling 'query_graph' (0.6545729637145996 secs).
[2025-10-16 11:26:26,513] [INFO] EXIT: 'GraphRAG' calling 'claim_negation' (0.654987096786499 secs).
[2025-10-16 11:26:26,513] [INFO] ENTER: 'GraphRAG' calling 'concede'; CURRENT SPEAKER: grok-4_mas_rag, DIALOGUE TURN NUM = 5.
[2025-10-16 11:26:26,514] [INFO] ENTER: 'GraphRAG' calling 'query_graph'; CURRENT SPEAKER: grok-4_mas_rag, DIALOGUE TURN NUM = 5.
[2025-10-16 11:26:27,197] [INFO] EXIT: 'GraphRAG' calling 'query_graph' (0.6837587356567383 secs).
[2025-10-16 11:26:27,197] [INFO] EXIT: 'GraphRAG' calling 'concede' (0.6841616630554199 secs).
[2025-10-16 11:26:27,197] [INFO] ENTER: 'GraphRAG' calling 'question'; CURRENT SPEAKER: grok-4_mas_rag, DIALOGUE TURN NUM = 5.
[2025-10-16 11:26:27,198] [INFO] ENTER: 'GraphRAG' calling 'query_graph'; CURRENT SPEAKER: grok-4_mas_rag, DIALOGUE TURN NUM = 5.
[2025-10-16 11:26:27,328] [INFO] EXIT: 'GraphRAG' calling 'query_graph' (0.12972116470336914 secs).
[2025-10-16 11:26:27,328] [INFO] EXIT: 'GraphRAG' calling 'question' (0.13005828857421875 secs).
[2025-10-16 11:26:27,346] [INFO] ENTER: 'GraphRAG' calling 'why'; CURRENT SPEAKER: grok-4_mas_rag, DIALOGUE TURN NUM = 5.
[2025-10-16 11:26:27,346] [INFO] ENTER: 'GraphRAG' calling 'query_graph'; CURRENT SPEAKER: grok-4_mas_rag, DIALOGUE TURN NUM = 5.
[2025-10-16 11:26:28,030] [INFO] EXIT: 'GraphRAG' calling 'query_graph' (0.6835262775421143 secs).
[2025-10-16 11:26:28,030] [INFO] EXIT: 'GraphRAG' calling 'why' (0.6838953495025635 secs).
[2025-10-16 11:26:28,030] [INFO] ENTER: 'GraphRAG' calling 'claim_negation'; CURRENT SPEAKER: grok-4_mas_rag, DIALOGUE TURN NUM = 5.
[2025-10-16 11:26:28,030] [INFO] ENTER: 'GraphRAG' calling 'query_graph'; CURRENT SPEAKER: grok-4_mas_rag, DIALOGUE TURN NUM = 5.
[2025-10-16 11:26:28,685] [INFO] EXIT: 'GraphRAG' calling 'query_graph' (0.6548597812652588 secs).
[2025-10-16 11:26:28,685] [INFO] EXIT: 'GraphRAG' calling 'claim_negation' (0.6552417278289795 secs).
[2025-10-16 11:26:28,685] [INFO] ENTER: 'GraphRAG' calling 'concede'; CURRENT SPEAKER: grok-4_mas_rag, DIALOGUE TURN NUM = 5.
[2025-10-16 11:26:28,685] [INFO] ENTER: 'GraphRAG' calling 'query_graph'; CURRENT SPEAKER: grok-4_mas_rag, DIALOGUE TURN NUM = 5.
[2025-10-16 11:26:29,369] [INFO] EXIT: 'GraphRAG' calling 'query_graph' (0.6833937168121338 secs).
[2025-10-16 11:26:29,369] [INFO] EXIT: 'GraphRAG' calling 'concede' (0.683807373046875 secs).
[2025-10-16 11:26:29,369] [INFO] ENTER: 'GraphRAG' calling 'question'; CURRENT SPEAKER: grok-4_mas_rag, DIALOGUE TURN NUM = 5.
[2025-10-16 11:26:29,369] [INFO] ENTER: 'GraphRAG' calling 'query_graph'; CURRENT SPEAKER: grok-4_mas_rag, DIALOGUE TURN NUM = 5.
[2025-10-16 11:26:29,501] [INFO] EXIT: 'GraphRAG' calling 'query_graph' (0.13135766983032227 secs).
[2025-10-16 11:26:29,501] [INFO] EXIT: 'GraphRAG' calling 'question' (0.13169622421264648 secs).
[2025-10-16 11:26:29,501] [INFO] ENTER: 'GraphRAG' calling 'return_rag_examples'; CURRENT SPEAKER: grok-4_mas_rag, DIALOGUE TURN NUM = 5.
[2025-10-16 11:26:29,501] [INFO] EXIT: 'GraphRAG' calling 'return_rag_examples' (1.6689300537109375e-06 secs).
[2025-10-16 11:26:29,503] [INFO] ENTER: 'DialogueMoveGenerator' calling 'generate'; CURRENT SPEAKER: grok-4_mas_rag, DIALOGUE TURN NUM = 5.
[2025-10-16 11:26:29,504] [INFO] ENTER: 'MASPromptGenerator' calling 'claim_negation'; CURRENT SPEAKER: grok-4_mas_rag, DIALOGUE TURN NUM = 5.
[2025-10-16 11:26:29,504] [INFO] EXIT: 'MASPromptGenerator' calling 'claim_negation' (8.392333984375e-05 secs).
[2025-10-16 11:26:29,504] [INFO] ENTER: 'DialogueMoveGenerator' calling 'generate'; CURRENT SPEAKER: grok-4_mas_rag, DIALOGUE TURN NUM = 5.
[2025-10-16 11:26:29,504] [INFO] ENTER: 'MASPromptGenerator' calling 'concede_claim'; CURRENT SPEAKER: grok-4_mas_rag, DIALOGUE TURN NUM = 5.
[2025-10-16 11:26:29,504] [INFO] EXIT: 'MASPromptGenerator' calling 'concede_claim' (6.389617919921875e-05 secs).
[2025-10-16 11:26:29,505] [INFO] ENTER: 'DialogueMoveGenerator' calling 'generate'; CURRENT SPEAKER: grok-4_mas_rag, DIALOGUE TURN NUM = 5.
[2025-10-16 11:26:29,505] [INFO] ENTER: 'MASPromptGenerator' calling 'question_claim'; CURRENT SPEAKER: grok-4_mas_rag, DIALOGUE TURN NUM = 5.
[2025-10-16 11:26:29,506] [INFO] EXIT: 'MASPromptGenerator' calling 'question_claim' (0.00012087821960449219 secs).
[2025-10-16 11:26:29,507] [INFO] ENTER: 'DialogueMoveGenerator' calling 'generate'; CURRENT SPEAKER: grok-4_mas_rag, DIALOGUE TURN NUM = 5.
[2025-10-16 11:26:29,507] [INFO] ENTER: 'MASPromptGenerator' calling 'why_claim'; CURRENT SPEAKER: grok-4_mas_rag, DIALOGUE TURN NUM = 5.
[2025-10-16 11:26:29,507] [INFO] EXIT: 'MASPromptGenerator' calling 'why_claim' (4.172325134277344e-05 secs).
[2025-10-16 11:26:30,847] [INFO] Completion returned and validated from MODEL = 'grok-4'.
[2025-10-16 11:26:31,114] [INFO] Completion returned and validated from MODEL = 'grok-4'.
[2025-10-16 11:26:31,194] [INFO] Completion returned and validated from MODEL = 'grok-4'.
[2025-10-16 11:26:31,374] [INFO] Completion returned and validated from MODEL = 'grok-4'.
[2025-10-16 11:26:32,562] [INFO] Completion returned and validated from MODEL = 'grok-4'.
[2025-10-16 11:26:32,607] [INFO] Completion returned and validated from MODEL = 'grok-4'.
[2025-10-16 11:26:32,756] [INFO] Completion returned and validated from MODEL = 'grok-4'.
[2025-10-16 11:26:32,796] [INFO] Completion returned and validated from MODEL = 'grok-4'.
[2025-10-16 11:26:33,871] [INFO] Completion returned and validated from MODEL = 'grok-4'.
[2025-10-16 11:26:34,296] [INFO] Completion returned and validated from MODEL = 'grok-4'.
[2025-10-16 11:26:34,306] [INFO] Completion returned and validated from MODEL = 'grok-4'.
[2025-10-16 11:26:34,689] [INFO] Completion returned and validated from MODEL = 'grok-4'.
[2025-10-16 11:26:35,503] [INFO] Completion returned and validated from MODEL = 'grok-4'.
[2025-10-16 11:26:35,674] [INFO] Completion returned and validated from MODEL = 'grok-4'.
[2025-10-16 11:26:36,352] [INFO] Completion returned and validated from MODEL = 'grok-4'.
[2025-10-16 11:26:36,352] [INFO] EXIT: 'DialogueMoveGenerator' calling 'generate' (6.848066806793213 secs).
[2025-10-16 11:26:37,016] [INFO] Completion returned and validated from MODEL = 'grok-4'.
[2025-10-16 11:26:37,016] [INFO] EXIT: 'DialogueMoveGenerator' calling 'generate' (7.508859395980835 secs).
[2025-10-16 11:26:37,163] [INFO] Completion returned and validated from MODEL = 'grok-4'.
[2025-10-16 11:26:37,176] [INFO] Completion returned and validated from MODEL = 'grok-4'.
[2025-10-16 11:26:37,176] [INFO] EXIT: 'DialogueMoveGenerator' calling 'generate' (7.6718103885650635 secs).
[2025-10-16 11:26:38,453] [INFO] Completion returned and validated from MODEL = 'grok-4'.
[2025-10-16 11:26:38,453] [INFO] EXIT: 'DialogueMoveGenerator' calling 'generate' (8.947474241256714 secs).
[2025-10-16 11:26:38,455] [INFO] ENTER: 'MASPromptGenerator' calling 'persuasiveness_choice'; CURRENT SPEAKER: grok-4_mas_rag, DIALOGUE TURN NUM = 5.
[2025-10-16 11:26:38,455] [INFO] EXIT: 'MASPromptGenerator' calling 'persuasiveness_choice' (0.00012159347534179688 secs).
[2025-10-16 11:26:41,369] [INFO] Completion returned and validated within 'PersuasivenessChoiceAgent'; MODEL = 'grok-4'; DIALOGUE TURN NUM = 5.
[2025-10-16 11:26:43,148] [INFO] Completion returned and validated within 'PersuasivenessChoiceAgent'; MODEL = 'grok-4'; DIALOGUE TURN NUM = 5.
[2025-10-16 11:26:44,893] [INFO] Completion returned and validated within 'PersuasivenessChoiceAgent'; MODEL = 'grok-4'; DIALOGUE TURN NUM = 5.
[2025-10-16 11:26:46,741] [INFO] Completion returned and validated within 'PersuasivenessChoiceAgent'; MODEL = 'grok-4'; DIALOGUE TURN NUM = 5.
[2025-10-16 11:26:48,681] [INFO] Completion returned and validated within 'PersuasivenessChoiceAgent'; MODEL = 'grok-4'; DIALOGUE TURN NUM = 5.
[2025-10-16 11:26:48,682] [INFO] ENTER: 'DisambiguationAgent' calling '_grouping_similar_utterance_types'; CURRENT SPEAKER: grok-4_mas_rag, DIALOGUE TURN NUM = 5.
[2025-10-16 11:26:48,682] [INFO] EXIT: 'DisambiguationAgent' calling '_grouping_similar_utterance_types' (1.3828277587890625e-05 secs).
[2025-10-16 11:26:48,682] [INFO] ENTER: 'DisambiguationAgent' calling '_identifying_similar_sentences_and_choosing_one_to_return_to_user'; CURRENT SPEAKER: grok-4_mas_rag, DIALOGUE TURN NUM = 5.
[2025-10-16 11:26:51,913] [INFO] 'DisambiguationAgent' grouped similar sentences, completion returned and validated; MODEL = 'grok-4'.
[2025-10-16 11:26:52,739] [INFO] 'DisambiguationAgent' chose sentences to remove, completion returned and validated from MODEL = 'grok-4'.
[2025-10-16 11:26:53,450] [INFO] 'DisambiguationAgent' chose sentences to remove, completion returned and validated from MODEL = 'grok-4'.
[2025-10-16 11:26:54,342] [INFO] 'DisambiguationAgent' chose sentences to remove, completion returned and validated from MODEL = 'grok-4'.
[2025-10-16 11:26:54,342] [INFO] EXIT: 'DisambiguationAgent' calling '_identifying_similar_sentences_and_choosing_one_to_return_to_user' (5.660302639007568 secs).
[2025-10-16 11:26:54,342] [INFO] ENTER: 'DisambiguationAgent' calling '_identifying_similar_sentences_and_choosing_one_to_return_to_user'; CURRENT SPEAKER: grok-4_mas_rag, DIALOGUE TURN NUM = 5.
[2025-10-16 11:26:57,364] [INFO] 'DisambiguationAgent' grouped similar sentences, completion returned and validated; MODEL = 'grok-4'.
[2025-10-16 11:26:58,130] [INFO] 'DisambiguationAgent' chose sentences to remove, completion returned and validated from MODEL = 'grok-4'.
[2025-10-16 11:26:58,896] [INFO] 'DisambiguationAgent' chose sentences to remove, completion returned and validated from MODEL = 'grok-4'.
[2025-10-16 11:27:02,256] [INFO] 'DisambiguationAgent' chose sentences to remove, completion returned and validated from MODEL = 'grok-4'.
[2025-10-16 11:27:02,963] [INFO] 'DisambiguationAgent' chose sentences to remove, completion returned and validated from MODEL = 'grok-4'.
[2025-10-16 11:27:03,834] [INFO] 'DisambiguationAgent' chose sentences to remove, completion returned and validated from MODEL = 'grok-4'.
[2025-10-16 11:27:03,834] [INFO] EXIT: 'DisambiguationAgent' calling '_identifying_similar_sentences_and_choosing_one_to_return_to_user' (9.491706609725952 secs).
[2025-10-16 11:27:03,834] [INFO] ENTER: 'DisambiguationAgent' calling '_removing_repetitive_sentences'; CURRENT SPEAKER: grok-4_mas_rag, DIALOGUE TURN NUM = 5.
[2025-10-16 11:27:03,834] [INFO] EXIT: 'DisambiguationAgent' calling '_removing_repetitive_sentences' (1.9073486328125e-05 secs).
[2025-10-16 11:27:03,834] [INFO] ENTER: 'DisambiguationAgent' calling '_choose_the_most_persuasive_sentences'; CURRENT SPEAKER: grok-4_mas_rag, DIALOGUE TURN NUM = 5.
[2025-10-16 11:27:05,607] [INFO] 'DisambiguationAgent': reached maximum allowed sentences, succussfully chose most persuasive sentences, completion returned and validated from MODEL = 'grok-4'.
[2025-10-16 11:27:05,607] [INFO] EXIT: 'DisambiguationAgent' calling '_choose_the_most_persuasive_sentences' (1.772975206375122 secs).
[2025-10-16 11:27:05,607] [INFO] ENTER: 'DisambiguationAgent' calling 'return_disambiguated_sentences'; CURRENT SPEAKER: grok-4_mas_rag, DIALOGUE TURN NUM = 5.
[2025-10-16 11:27:05,607] [INFO] EXIT: 'DisambiguationAgent' calling 'return_disambiguated_sentences' (2.6226043701171875e-06 secs).
[2025-10-16 11:27:05,608] [ERROR] Wrong state used; State of type HumanState; error message: dict has unexpected extra key(s): "graph_rag_examples", "intermediate_generations", "knowledge_base_ensemble_or_model_name", "model_seed", "model_temp", "model_top_p", "number_of_graph_rag_examples", "number_of_vector_based_rag_examples", "political_position_prob_of_na", "political_position_range", "political_position_std", "speaker_model_name", "speaker_type", "vector_based_persona_string", "vector_based_persona_sys_prompt"
[2025-10-16 11:27:05,608] [INFO] Correct state used; State of type GenerationAgentsState; 'IGNORE THE ABOVE ERRORS'.
[2025-10-16 11:27:06,214] [INFO] 'commitment_update' completed '___Claim___' update for current speaker's commitments; MODEL = 'grok-4'.
[2025-10-16 11:27:06,771] [INFO] 'commitment_update' completed '___Claim___' update for current speaker's commitments; MODEL = 'grok-4'.
[2025-10-16 11:27:07,332] [INFO] 'commitment_update' completed '___Claim___' update for current speaker's commitments; MODEL = 'grok-4'.
[2025-10-16 11:27:07,424] [ERROR] Wrong state used; State of type HumanState; error message: dict has unexpected extra key(s): "graph_rag_examples", "intermediate_generations", "knowledge_base_ensemble_or_model_name", "model_seed", "model_temp", "model_top_p", "number_of_graph_rag_examples", "number_of_vector_based_rag_examples", "political_position_prob_of_na", "political_position_range", "political_position_std", "speaker_model_name", "speaker_type", "vector_based_persona_string", "vector_based_persona_sys_prompt"
[2025-10-16 11:27:07,424] [INFO] Correct state used; State of type GenerationAgentsState; 'IGNORE THE ABOVE ERRORS'.
[2025-10-16 11:27:07,425] [INFO] ENTER: 'UtteranceClassificationAgent' calling '_classify_sentence_utterance_types'; CURRENT SPEAKER: grok-4_mas, DIALOGUE TURN NUM = 6.
[2025-10-16 11:27:08,069] [INFO] 'UtteranceClassificationAgent' completion returned and validated from MODEL = 'ModelName.GROK_4'.
[2025-10-16 11:27:08,643] [INFO] 'UtteranceClassificationAgent' completion returned and validated from MODEL = 'ModelName.GROK_4'.
[2025-10-16 11:27:09,185] [INFO] 'UtteranceClassificationAgent' completion returned and validated from MODEL = 'ModelName.GROK_4'.
[2025-10-16 11:27:09,837] [INFO] 'UtteranceClassificationAgent' completion returned and validated from MODEL = 'ModelName.GROK_4'.
[2025-10-16 11:27:10,390] [INFO] 'UtteranceClassificationAgent' completion returned and validated from MODEL = 'ModelName.GROK_4'.
[2025-10-16 11:27:10,390] [INFO] EXIT: 'UtteranceClassificationAgent' calling '_classify_sentence_utterance_types' (2.9653942584991455 secs).
[2025-10-16 11:27:10,390] [INFO] ENTER: 'UtteranceClassificationAgent' calling 'return_classified_sentences'; CURRENT SPEAKER: grok-4_mas, DIALOGUE TURN NUM = 6.
[2025-10-16 11:27:10,390] [INFO] EXIT: 'UtteranceClassificationAgent' calling 'return_classified_sentences' (1.430511474609375e-06 secs).
[2025-10-16 11:27:10,392] [INFO] ENTER: 'DialogueMoveGenerator' calling 'generate'; CURRENT SPEAKER: grok-4_mas, DIALOGUE TURN NUM = 6.
[2025-10-16 11:27:10,392] [INFO] ENTER: 'MASPromptGenerator' calling 'claim'; CURRENT SPEAKER: grok-4_mas, DIALOGUE TURN NUM = 6.
[2025-10-16 11:27:10,392] [INFO] EXIT: 'MASPromptGenerator' calling 'claim' (5.078315734863281e-05 secs).
[2025-10-16 11:27:10,394] [INFO] ENTER: 'DialogueMoveGenerator' calling 'generate'; CURRENT SPEAKER: grok-4_mas, DIALOGUE TURN NUM = 6.
[2025-10-16 11:27:10,395] [INFO] ENTER: 'MASPromptGenerator' calling 'claim_negation'; CURRENT SPEAKER: grok-4_mas, DIALOGUE TURN NUM = 6.
[2025-10-16 11:27:10,395] [INFO] EXIT: 'MASPromptGenerator' calling 'claim_negation' (2.7179718017578125e-05 secs).
[2025-10-16 11:27:10,396] [INFO] ENTER: 'DialogueMoveGenerator' calling 'generate'; CURRENT SPEAKER: grok-4_mas, DIALOGUE TURN NUM = 6.
[2025-10-16 11:27:10,396] [INFO] ENTER: 'MASPromptGenerator' calling 'concede_claim'; CURRENT SPEAKER: grok-4_mas, DIALOGUE TURN NUM = 6.
[2025-10-16 11:27:10,396] [INFO] EXIT: 'MASPromptGenerator' calling 'concede_claim' (2.6464462280273438e-05 secs).
[2025-10-16 11:27:10,397] [INFO] ENTER: 'DialogueMoveGenerator' calling 'generate'; CURRENT SPEAKER: grok-4_mas, DIALOGUE TURN NUM = 6.
[2025-10-16 11:27:10,398] [INFO] ENTER: 'DialogueMoveGenerator' calling 'generate'; CURRENT SPEAKER: grok-4_mas, DIALOGUE TURN NUM = 6.
[2025-10-16 11:27:10,398] [INFO] ENTER: 'MASPromptGenerator' calling 'question_claim'; CURRENT SPEAKER: grok-4_mas, DIALOGUE TURN NUM = 6.
[2025-10-16 11:27:10,398] [INFO] ENTER: 'DialogueMoveGenerator' calling 'generate'; CURRENT SPEAKER: grok-4_mas, DIALOGUE TURN NUM = 6.
[2025-10-16 11:27:10,399] [INFO] ENTER: 'DialogueMoveGenerator' calling 'generate'; CURRENT SPEAKER: grok-4_mas, DIALOGUE TURN NUM = 6.
[2025-10-16 11:27:10,399] [INFO] ENTER: 'MASPromptGenerator' calling 'retract_claim'; CURRENT SPEAKER: grok-4_mas, DIALOGUE TURN NUM = 6.
[2025-10-16 11:27:10,399] [INFO] EXIT: 'MASPromptGenerator' calling 'question_claim' (2.765655517578125e-05 secs).
[2025-10-16 11:27:10,399] [INFO] ENTER: 'MASPromptGenerator' calling 'since_claim'; CURRENT SPEAKER: grok-4_mas, DIALOGUE TURN NUM = 6.
[2025-10-16 11:27:10,399] [INFO] ENTER: 'MASPromptGenerator' calling 'why_claim'; CURRENT SPEAKER: grok-4_mas, DIALOGUE TURN NUM = 6.
[2025-10-16 11:27:10,400] [INFO] EXIT: 'MASPromptGenerator' calling 'retract_claim' (3.886222839355469e-05 secs).
[2025-10-16 11:27:10,400] [INFO] EXIT: 'MASPromptGenerator' calling 'since_claim' (3.314018249511719e-05 secs).
[2025-10-16 11:27:10,401] [INFO] EXIT: 'MASPromptGenerator' calling 'why_claim' (3.4332275390625e-05 secs).
[2025-10-16 11:27:11,644] [INFO] Completion returned and validated from MODEL = 'grok-4'.
[2025-10-16 11:27:12,285] [INFO] Completion returned and validated from MODEL = 'grok-4'.
[2025-10-16 11:27:12,407] [INFO] Completion returned and validated from MODEL = 'grok-4'.
[2025-10-16 11:27:12,435] [INFO] Completion returned and validated from MODEL = 'grok-4'.
[2025-10-16 11:27:12,501] [INFO] Completion returned and validated from MODEL = 'grok-4'.
[2025-10-16 11:27:12,513] [INFO] Completion returned and validated from MODEL = 'grok-4'.
[2025-10-16 11:27:12,702] [INFO] Completion returned and validated from MODEL = 'grok-4'.
[2025-10-16 11:27:13,106] [INFO] Completion returned and validated from MODEL = 'grok-4'.
[2025-10-16 11:27:13,984] [INFO] Completion returned and validated from MODEL = 'grok-4'.
[2025-10-16 11:27:13,996] [INFO] Completion returned and validated from MODEL = 'grok-4'.
[2025-10-16 11:27:13,996] [INFO] EXIT: 'DialogueMoveGenerator' calling 'generate' (3.5966956615448 secs).
[2025-10-16 11:27:14,169] [INFO] Completion returned and validated from MODEL = 'grok-4'.
[2025-10-16 11:27:14,169] [INFO] EXIT: 'DialogueMoveGenerator' calling 'generate' (3.7768585681915283 secs).
[2025-10-16 11:27:14,260] [INFO] Completion returned and validated from MODEL = 'grok-4'.
[2025-10-16 11:27:14,260] [INFO] EXIT: 'DialogueMoveGenerator' calling 'generate' (3.860896348953247 secs).
[2025-10-16 11:27:14,262] [INFO] Completion returned and validated from MODEL = 'grok-4'.
[2025-10-16 11:27:14,262] [INFO] EXIT: 'DialogueMoveGenerator' calling 'generate' (3.866100788116455 secs).
[2025-10-16 11:27:14,412] [INFO] Completion returned and validated from MODEL = 'grok-4'.
[2025-10-16 11:27:14,517] [INFO] Completion returned and validated from MODEL = 'grok-4'.
[2025-10-16 11:27:15,742] [INFO] Completion returned and validated from MODEL = 'grok-4'.
[2025-10-16 11:27:15,742] [INFO] EXIT: 'DialogueMoveGenerator' calling 'generate' (5.34291410446167 secs).
[2025-10-16 11:27:18,774] [INFO] Completion returned and validated from MODEL = 'grok-4'.
[2025-10-16 11:27:18,774] [INFO] EXIT: 'DialogueMoveGenerator' calling 'generate' (8.37858247756958 secs).
[2025-10-16 11:27:19,497] [INFO] Completion returned and validated from MODEL = 'grok-4'.
[2025-10-16 11:27:19,498] [INFO] EXIT: 'DialogueMoveGenerator' calling 'generate' (9.099406003952026 secs).
[2025-10-16 11:27:19,498] [INFO] ENTER: 'MASPromptGenerator' calling 'persuasiveness_choice'; CURRENT SPEAKER: grok-4_mas, DIALOGUE TURN NUM = 6.
[2025-10-16 11:27:19,499] [INFO] EXIT: 'MASPromptGenerator' calling 'persuasiveness_choice' (0.00012826919555664062 secs).
[2025-10-16 11:27:21,091] [INFO] Completion returned and validated within 'PersuasivenessChoiceAgent'; MODEL = 'grok-4'; DIALOGUE TURN NUM = 6.
[2025-10-16 11:27:25,939] [INFO] Completion returned and validated within 'PersuasivenessChoiceAgent'; MODEL = 'grok-4'; DIALOGUE TURN NUM = 6.
[2025-10-16 11:27:27,723] [INFO] Completion returned and validated within 'PersuasivenessChoiceAgent'; MODEL = 'grok-4'; DIALOGUE TURN NUM = 6.
[2025-10-16 11:27:32,288] [INFO] Completion returned and validated within 'PersuasivenessChoiceAgent'; MODEL = 'grok-4'; DIALOGUE TURN NUM = 6.
[2025-10-16 11:27:34,500] [INFO] Completion returned and validated within 'PersuasivenessChoiceAgent'; MODEL = 'grok-4'; DIALOGUE TURN NUM = 6.
[2025-10-16 11:27:34,500] [INFO] ENTER: 'DisambiguationAgent' calling '_grouping_similar_utterance_types'; CURRENT SPEAKER: grok-4_mas, DIALOGUE TURN NUM = 6.
[2025-10-16 11:27:34,500] [INFO] EXIT: 'DisambiguationAgent' calling '_grouping_similar_utterance_types' (9.5367431640625e-06 secs).
[2025-10-16 11:27:34,501] [INFO] ENTER: 'DisambiguationAgent' calling '_identifying_similar_sentences_and_choosing_one_to_return_to_user'; CURRENT SPEAKER: grok-4_mas, DIALOGUE TURN NUM = 6.
[2025-10-16 11:27:38,583] [INFO] 'DisambiguationAgent' grouped similar sentences, completion returned and validated; MODEL = 'grok-4'.
[2025-10-16 11:27:39,815] [INFO] 'DisambiguationAgent' chose sentences to remove, completion returned and validated from MODEL = 'grok-4'.
[2025-10-16 11:27:41,030] [INFO] 'DisambiguationAgent' chose sentences to remove, completion returned and validated from MODEL = 'grok-4'.
[2025-10-16 11:27:41,791] [INFO] 'DisambiguationAgent' chose sentences to remove, completion returned and validated from MODEL = 'grok-4'.
[2025-10-16 11:27:41,791] [INFO] EXIT: 'DisambiguationAgent' calling '_identifying_similar_sentences_and_choosing_one_to_return_to_user' (7.290602922439575 secs).
[2025-10-16 11:27:41,791] [INFO] ENTER: 'DisambiguationAgent' calling '_identifying_similar_sentences_and_choosing_one_to_return_to_user'; CURRENT SPEAKER: grok-4_mas, DIALOGUE TURN NUM = 6.
[2025-10-16 11:27:43,681] [INFO] 'DisambiguationAgent' grouped similar sentences, completion returned and validated; MODEL = 'grok-4'.
[2025-10-16 11:27:44,513] [INFO] 'DisambiguationAgent' chose sentences to remove, completion returned and validated from MODEL = 'grok-4'.
[2025-10-16 11:27:45,281] [INFO] 'DisambiguationAgent' chose sentences to remove, completion returned and validated from MODEL = 'grok-4'.
[2025-10-16 11:27:45,281] [INFO] EXIT: 'DisambiguationAgent' calling '_identifying_similar_sentences_and_choosing_one_to_return_to_user' (3.4894797801971436 secs).
[2025-10-16 11:27:45,281] [INFO] ENTER: 'DisambiguationAgent' calling '_removing_repetitive_sentences'; CURRENT SPEAKER: grok-4_mas, DIALOGUE TURN NUM = 6.
[2025-10-16 11:27:45,281] [INFO] EXIT: 'DisambiguationAgent' calling '_removing_repetitive_sentences' (1.4781951904296875e-05 secs).
[2025-10-16 11:27:45,281] [INFO] ENTER: 'DisambiguationAgent' calling '_choose_the_most_persuasive_sentences'; CURRENT SPEAKER: grok-4_mas, DIALOGUE TURN NUM = 6.
[2025-10-16 11:27:48,117] [INFO] 'DisambiguationAgent': reached maximum allowed sentences, succussfully chose most persuasive sentences, completion returned and validated from MODEL = 'grok-4'.
[2025-10-16 11:27:48,117] [INFO] EXIT: 'DisambiguationAgent' calling '_choose_the_most_persuasive_sentences' (2.8361339569091797 secs).
[2025-10-16 11:27:48,117] [INFO] ENTER: 'DisambiguationAgent' calling 'return_disambiguated_sentences'; CURRENT SPEAKER: grok-4_mas, DIALOGUE TURN NUM = 6.
[2025-10-16 11:27:48,117] [INFO] EXIT: 'DisambiguationAgent' calling 'return_disambiguated_sentences' (2.384185791015625e-06 secs).
[2025-10-16 11:27:48,118] [ERROR] Wrong state used; State of type HumanState; error message: dict has unexpected extra key(s): "graph_rag_examples", "intermediate_generations", "knowledge_base_ensemble_or_model_name", "model_seed", "model_temp", "model_top_p", "number_of_graph_rag_examples", "number_of_vector_based_rag_examples", "political_position_prob_of_na", "political_position_range", "political_position_std", "speaker_model_name", "speaker_type", "vector_based_persona_string", "vector_based_persona_sys_prompt"
[2025-10-16 11:27:48,118] [INFO] Correct state used; State of type GenerationAgentsState; 'IGNORE THE ABOVE ERRORS'.
[2025-10-16 11:27:48,670] [INFO] 'commitment_update' completed '___Since___' update; MODEL = 'grok-4'.
[2025-10-16 11:27:49,428] [INFO] 'commitment_update' completed '___Claim___' update for current speaker's commitments; MODEL = 'grok-4'.
[2025-10-16 11:27:50,000] [INFO] 'commitment_update' completed '___Since___' update; MODEL = 'grok-4'.
[2025-10-16 11:27:50,066] [ERROR] Wrong state used; State of type HumanState; error message: dict has unexpected extra key(s): "graph_rag_examples", "intermediate_generations", "knowledge_base_ensemble_or_model_name", "model_seed", "model_temp", "model_top_p", "number_of_graph_rag_examples", "number_of_vector_based_rag_examples", "political_position_prob_of_na", "political_position_range", "political_position_std", "speaker_model_name", "speaker_type", "vector_based_persona_string", "vector_based_persona_sys_prompt"
[2025-10-16 11:27:50,067] [INFO] Correct state used; State of type GenerationAgentsState; 'IGNORE THE ABOVE ERRORS'.
[2025-10-16 11:27:50,067] [INFO] ENTER: 'UtteranceClassificationAgent' calling '_classify_sentence_utterance_types'; CURRENT SPEAKER: grok-4_mas_rag, DIALOGUE TURN NUM = 7.
[2025-10-16 11:27:50,629] [INFO] 'UtteranceClassificationAgent' completion returned and validated from MODEL = 'ModelName.GROK_4'.
[2025-10-16 11:27:51,221] [INFO] 'UtteranceClassificationAgent' completion returned and validated from MODEL = 'ModelName.GROK_4'.
[2025-10-16 11:27:51,827] [INFO] 'UtteranceClassificationAgent' completion returned and validated from MODEL = 'ModelName.GROK_4'.
[2025-10-16 11:27:52,415] [INFO] 'UtteranceClassificationAgent' completion returned and validated from MODEL = 'ModelName.GROK_4'.
[2025-10-16 11:27:52,998] [INFO] 'UtteranceClassificationAgent' completion returned and validated from MODEL = 'ModelName.GROK_4'.
[2025-10-16 11:27:53,640] [INFO] 'UtteranceClassificationAgent' completion returned and validated from MODEL = 'ModelName.GROK_4'.
[2025-10-16 11:27:54,193] [INFO] 'UtteranceClassificationAgent' completion returned and validated from MODEL = 'ModelName.GROK_4'.
[2025-10-16 11:27:54,193] [INFO] EXIT: 'UtteranceClassificationAgent' calling '_classify_sentence_utterance_types' (4.126016616821289 secs).
[2025-10-16 11:27:54,193] [INFO] ENTER: 'UtteranceClassificationAgent' calling 'return_classified_sentences'; CURRENT SPEAKER: grok-4_mas_rag, DIALOGUE TURN NUM = 7.
[2025-10-16 11:27:54,193] [INFO] EXIT: 'UtteranceClassificationAgent' calling 'return_classified_sentences' (2.1457672119140625e-06 secs).
[2025-10-16 11:27:54,217] [INFO] ENTER: 'GraphRAG' calling 'why'; CURRENT SPEAKER: grok-4_mas_rag, DIALOGUE TURN NUM = 7.
[2025-10-16 11:27:54,217] [INFO] ENTER: 'GraphRAG' calling 'query_graph'; CURRENT SPEAKER: grok-4_mas_rag, DIALOGUE TURN NUM = 7.
[2025-10-16 11:27:54,945] [INFO] EXIT: 'GraphRAG' calling 'query_graph' (0.727963924407959 secs).
[2025-10-16 11:27:54,946] [INFO] EXIT: 'GraphRAG' calling 'why' (0.7297019958496094 secs).
[2025-10-16 11:27:54,946] [INFO] ENTER: 'GraphRAG' calling 'concede'; CURRENT SPEAKER: grok-4_mas_rag, DIALOGUE TURN NUM = 7.
[2025-10-16 11:27:54,947] [INFO] ENTER: 'GraphRAG' calling 'query_graph'; CURRENT SPEAKER: grok-4_mas_rag, DIALOGUE TURN NUM = 7.
[2025-10-16 11:27:55,632] [INFO] EXIT: 'GraphRAG' calling 'query_graph' (0.6848666667938232 secs).
[2025-10-16 11:27:55,632] [INFO] EXIT: 'GraphRAG' calling 'concede' (0.6852374076843262 secs).
[2025-10-16 11:27:55,632] [INFO] ENTER: 'GraphRAG' calling 'question'; CURRENT SPEAKER: grok-4_mas_rag, DIALOGUE TURN NUM = 7.
[2025-10-16 11:27:55,632] [INFO] ENTER: 'GraphRAG' calling 'query_graph'; CURRENT SPEAKER: grok-4_mas_rag, DIALOGUE TURN NUM = 7.
[2025-10-16 11:27:56,301] [INFO] EXIT: 'GraphRAG' calling 'query_graph' (0.6686618328094482 secs).
[2025-10-16 11:27:56,301] [INFO] EXIT: 'GraphRAG' calling 'question' (0.6690618991851807 secs).
[2025-10-16 11:27:56,318] [INFO] ENTER: 'GraphRAG' calling 'why'; CURRENT SPEAKER: grok-4_mas_rag, DIALOGUE TURN NUM = 7.
[2025-10-16 11:27:56,319] [INFO] ENTER: 'GraphRAG' calling 'query_graph'; CURRENT SPEAKER: grok-4_mas_rag, DIALOGUE TURN NUM = 7.
[2025-10-16 11:27:57,047] [INFO] EXIT: 'GraphRAG' calling 'query_graph' (0.728369951248169 secs).
[2025-10-16 11:27:57,047] [INFO] EXIT: 'GraphRAG' calling 'why' (0.728736400604248 secs).
[2025-10-16 11:27:57,047] [INFO] ENTER: 'GraphRAG' calling 'concede'; CURRENT SPEAKER: grok-4_mas_rag, DIALOGUE TURN NUM = 7.
[2025-10-16 11:27:57,047] [INFO] ENTER: 'GraphRAG' calling 'query_graph'; CURRENT SPEAKER: grok-4_mas_rag, DIALOGUE TURN NUM = 7.
[2025-10-16 11:27:57,733] [INFO] EXIT: 'GraphRAG' calling 'query_graph' (0.68538498878479 secs).
[2025-10-16 11:27:57,733] [INFO] EXIT: 'GraphRAG' calling 'concede' (0.6858053207397461 secs).
[2025-10-16 11:27:57,733] [INFO] ENTER: 'GraphRAG' calling 'question'; CURRENT SPEAKER: grok-4_mas_rag, DIALOGUE TURN NUM = 7.
[2025-10-16 11:27:57,733] [INFO] ENTER: 'GraphRAG' calling 'query_graph'; CURRENT SPEAKER: grok-4_mas_rag, DIALOGUE TURN NUM = 7.
[2025-10-16 11:27:58,391] [INFO] EXIT: 'GraphRAG' calling 'query_graph' (0.6576695442199707 secs).
[2025-10-16 11:27:58,391] [INFO] EXIT: 'GraphRAG' calling 'question' (0.6580665111541748 secs).
[2025-10-16 11:27:58,408] [INFO] ENTER: 'GraphRAG' calling 'why'; CURRENT SPEAKER: grok-4_mas_rag, DIALOGUE TURN NUM = 7.
[2025-10-16 11:27:58,408] [INFO] ENTER: 'GraphRAG' calling 'query_graph'; CURRENT SPEAKER: grok-4_mas_rag, DIALOGUE TURN NUM = 7.
[2025-10-16 11:27:59,092] [INFO] EXIT: 'GraphRAG' calling 'query_graph' (0.6842372417449951 secs).
[2025-10-16 11:27:59,092] [INFO] EXIT: 'GraphRAG' calling 'why' (0.6846344470977783 secs).
[2025-10-16 11:27:59,093] [INFO] ENTER: 'GraphRAG' calling 'claim_negation'; CURRENT SPEAKER: grok-4_mas_rag, DIALOGUE TURN NUM = 7.
[2025-10-16 11:27:59,093] [INFO] ENTER: 'GraphRAG' calling 'query_graph'; CURRENT SPEAKER: grok-4_mas_rag, DIALOGUE TURN NUM = 7.
[2025-10-16 11:27:59,748] [INFO] EXIT: 'GraphRAG' calling 'query_graph' (0.6547534465789795 secs).
[2025-10-16 11:27:59,748] [INFO] EXIT: 'GraphRAG' calling 'claim_negation' (0.6551089286804199 secs).
[2025-10-16 11:27:59,748] [INFO] ENTER: 'GraphRAG' calling 'concede'; CURRENT SPEAKER: grok-4_mas_rag, DIALOGUE TURN NUM = 7.
[2025-10-16 11:27:59,748] [INFO] ENTER: 'GraphRAG' calling 'query_graph'; CURRENT SPEAKER: grok-4_mas_rag, DIALOGUE TURN NUM = 7.
[2025-10-16 11:28:00,431] [INFO] EXIT: 'GraphRAG' calling 'query_graph' (0.6834402084350586 secs).
[2025-10-16 11:28:00,432] [INFO] EXIT: 'GraphRAG' calling 'concede' (0.6838076114654541 secs).
[2025-10-16 11:28:00,432] [INFO] ENTER: 'GraphRAG' calling 'question'; CURRENT SPEAKER: grok-4_mas_rag, DIALOGUE TURN NUM = 7.
[2025-10-16 11:28:00,432] [INFO] ENTER: 'GraphRAG' calling 'query_graph'; CURRENT SPEAKER: grok-4_mas_rag, DIALOGUE TURN NUM = 7.
[2025-10-16 11:28:00,563] [INFO] EXIT: 'GraphRAG' calling 'query_graph' (0.13147449493408203 secs).
[2025-10-16 11:28:00,563] [INFO] EXIT: 'GraphRAG' calling 'question' (0.13181781768798828 secs).
[2025-10-16 11:28:00,581] [INFO] ENTER: 'GraphRAG' calling 'why'; CURRENT SPEAKER: grok-4_mas_rag, DIALOGUE TURN NUM = 7.
[2025-10-16 11:28:00,581] [INFO] ENTER: 'GraphRAG' calling 'query_graph'; CURRENT SPEAKER: grok-4_mas_rag, DIALOGUE TURN NUM = 7.
[2025-10-16 11:28:01,263] [INFO] EXIT: 'GraphRAG' calling 'query_graph' (0.6821458339691162 secs).
[2025-10-16 11:28:01,263] [INFO] EXIT: 'GraphRAG' calling 'why' (0.6825418472290039 secs).
[2025-10-16 11:28:01,263] [INFO] ENTER: 'GraphRAG' calling 'claim_negation'; CURRENT SPEAKER: grok-4_mas_rag, DIALOGUE TURN NUM = 7.
[2025-10-16 11:28:01,264] [INFO] ENTER: 'GraphRAG' calling 'query_graph'; CURRENT SPEAKER: grok-4_mas_rag, DIALOGUE TURN NUM = 7.
[2025-10-16 11:28:01,915] [INFO] EXIT: 'GraphRAG' calling 'query_graph' (0.6513230800628662 secs).
[2025-10-16 11:28:01,915] [INFO] EXIT: 'GraphRAG' calling 'claim_negation' (0.6517033576965332 secs).
[2025-10-16 11:28:01,915] [INFO] ENTER: 'GraphRAG' calling 'concede'; CURRENT SPEAKER: grok-4_mas_rag, DIALOGUE TURN NUM = 7.
[2025-10-16 11:28:01,915] [INFO] ENTER: 'GraphRAG' calling 'query_graph'; CURRENT SPEAKER: grok-4_mas_rag, DIALOGUE TURN NUM = 7.
[2025-10-16 11:28:02,599] [INFO] EXIT: 'GraphRAG' calling 'query_graph' (0.6837539672851562 secs).
[2025-10-16 11:28:02,599] [INFO] EXIT: 'GraphRAG' calling 'concede' (0.6842093467712402 secs).
[2025-10-16 11:28:02,599] [INFO] ENTER: 'GraphRAG' calling 'question'; CURRENT SPEAKER: grok-4_mas_rag, DIALOGUE TURN NUM = 7.
[2025-10-16 11:28:02,600] [INFO] ENTER: 'GraphRAG' calling 'query_graph'; CURRENT SPEAKER: grok-4_mas_rag, DIALOGUE TURN NUM = 7.
[2025-10-16 11:28:02,730] [INFO] EXIT: 'GraphRAG' calling 'query_graph' (0.13032150268554688 secs).
[2025-10-16 11:28:02,730] [INFO] EXIT: 'GraphRAG' calling 'question' (0.13066387176513672 secs).
[2025-10-16 11:28:02,750] [INFO] ENTER: 'GraphRAG' calling 'why'; CURRENT SPEAKER: grok-4_mas_rag, DIALOGUE TURN NUM = 7.
[2025-10-16 11:28:02,750] [INFO] ENTER: 'GraphRAG' calling 'query_graph'; CURRENT SPEAKER: grok-4_mas_rag, DIALOGUE TURN NUM = 7.
[2025-10-16 11:28:03,473] [INFO] EXIT: 'GraphRAG' calling 'query_graph' (0.7230749130249023 secs).
[2025-10-16 11:28:03,474] [INFO] EXIT: 'GraphRAG' calling 'why' (0.723503589630127 secs).
[2025-10-16 11:28:03,474] [INFO] ENTER: 'GraphRAG' calling 'concede'; CURRENT SPEAKER: grok-4_mas_rag, DIALOGUE TURN NUM = 7.
[2025-10-16 11:28:03,474] [INFO] ENTER: 'GraphRAG' calling 'query_graph'; CURRENT SPEAKER: grok-4_mas_rag, DIALOGUE TURN NUM = 7.
[2025-10-16 11:28:04,156] [INFO] EXIT: 'GraphRAG' calling 'query_graph' (0.6823782920837402 secs).
[2025-10-16 11:28:04,156] [INFO] EXIT: 'GraphRAG' calling 'concede' (0.6827666759490967 secs).
[2025-10-16 11:28:04,156] [INFO] ENTER: 'GraphRAG' calling 'question'; CURRENT SPEAKER: grok-4_mas_rag, DIALOGUE TURN NUM = 7.
[2025-10-16 11:28:04,157] [INFO] ENTER: 'GraphRAG' calling 'query_graph'; CURRENT SPEAKER: grok-4_mas_rag, DIALOGUE TURN NUM = 7.
[2025-10-16 11:28:04,821] [INFO] EXIT: 'GraphRAG' calling 'query_graph' (0.663982629776001 secs).
[2025-10-16 11:28:04,821] [INFO] EXIT: 'GraphRAG' calling 'question' (0.6643338203430176 secs).
[2025-10-16 11:28:04,838] [INFO] ENTER: 'GraphRAG' calling 'why'; CURRENT SPEAKER: grok-4_mas_rag, DIALOGUE TURN NUM = 7.
[2025-10-16 11:28:04,839] [INFO] ENTER: 'GraphRAG' calling 'query_graph'; CURRENT SPEAKER: grok-4_mas_rag, DIALOGUE TURN NUM = 7.
[2025-10-16 11:28:05,518] [INFO] EXIT: 'GraphRAG' calling 'query_graph' (0.6792628765106201 secs).
[2025-10-16 11:28:05,518] [INFO] EXIT: 'GraphRAG' calling 'why' (0.6796364784240723 secs).
[2025-10-16 11:28:05,518] [INFO] ENTER: 'GraphRAG' calling 'claim_negation'; CURRENT SPEAKER: grok-4_mas_rag, DIALOGUE TURN NUM = 7.
[2025-10-16 11:28:05,518] [INFO] ENTER: 'GraphRAG' calling 'query_graph'; CURRENT SPEAKER: grok-4_mas_rag, DIALOGUE TURN NUM = 7.
[2025-10-16 11:28:06,172] [INFO] EXIT: 'GraphRAG' calling 'query_graph' (0.6534485816955566 secs).
[2025-10-16 11:28:06,172] [INFO] EXIT: 'GraphRAG' calling 'claim_negation' (0.6537959575653076 secs).
[2025-10-16 11:28:06,172] [INFO] ENTER: 'GraphRAG' calling 'concede'; CURRENT SPEAKER: grok-4_mas_rag, DIALOGUE TURN NUM = 7.
[2025-10-16 11:28:06,172] [INFO] ENTER: 'GraphRAG' calling 'query_graph'; CURRENT SPEAKER: grok-4_mas_rag, DIALOGUE TURN NUM = 7.
[2025-10-16 11:28:06,855] [INFO] EXIT: 'GraphRAG' calling 'query_graph' (0.6829850673675537 secs).
[2025-10-16 11:28:06,855] [INFO] EXIT: 'GraphRAG' calling 'concede' (0.6833438873291016 secs).
[2025-10-16 11:28:06,855] [INFO] ENTER: 'GraphRAG' calling 'question'; CURRENT SPEAKER: grok-4_mas_rag, DIALOGUE TURN NUM = 7.
[2025-10-16 11:28:06,855] [INFO] ENTER: 'GraphRAG' calling 'query_graph'; CURRENT SPEAKER: grok-4_mas_rag, DIALOGUE TURN NUM = 7.
[2025-10-16 11:28:06,984] [INFO] EXIT: 'GraphRAG' calling 'query_graph' (0.12812399864196777 secs).
[2025-10-16 11:28:06,984] [INFO] EXIT: 'GraphRAG' calling 'question' (0.12849092483520508 secs).
[2025-10-16 11:28:07,000] [INFO] ENTER: 'GraphRAG' calling 'why'; CURRENT SPEAKER: grok-4_mas_rag, DIALOGUE TURN NUM = 7.
[2025-10-16 11:28:07,001] [INFO] ENTER: 'GraphRAG' calling 'query_graph'; CURRENT SPEAKER: grok-4_mas_rag, DIALOGUE TURN NUM = 7.
[2025-10-16 11:28:07,681] [INFO] EXIT: 'GraphRAG' calling 'query_graph' (0.6804983615875244 secs).
[2025-10-16 11:28:07,681] [INFO] EXIT: 'GraphRAG' calling 'why' (0.680884838104248 secs).
[2025-10-16 11:28:07,681] [INFO] ENTER: 'GraphRAG' calling 'claim_negation'; CURRENT SPEAKER: grok-4_mas_rag, DIALOGUE TURN NUM = 7.
[2025-10-16 11:28:07,682] [INFO] ENTER: 'GraphRAG' calling 'query_graph'; CURRENT SPEAKER: grok-4_mas_rag, DIALOGUE TURN NUM = 7.
[2025-10-16 11:28:08,333] [INFO] EXIT: 'GraphRAG' calling 'query_graph' (0.651820182800293 secs).
[2025-10-16 11:28:08,334] [INFO] EXIT: 'GraphRAG' calling 'claim_negation' (0.6521861553192139 secs).
[2025-10-16 11:28:08,334] [INFO] ENTER: 'GraphRAG' calling 'concede'; CURRENT SPEAKER: grok-4_mas_rag, DIALOGUE TURN NUM = 7.
[2025-10-16 11:28:08,334] [INFO] ENTER: 'GraphRAG' calling 'query_graph'; CURRENT SPEAKER: grok-4_mas_rag, DIALOGUE TURN NUM = 7.
[2025-10-16 11:28:09,019] [INFO] EXIT: 'GraphRAG' calling 'query_graph' (0.6850636005401611 secs).
[2025-10-16 11:28:09,019] [INFO] EXIT: 'GraphRAG' calling 'concede' (0.6854226589202881 secs).
[2025-10-16 11:28:09,019] [INFO] ENTER: 'GraphRAG' calling 'question'; CURRENT SPEAKER: grok-4_mas_rag, DIALOGUE TURN NUM = 7.
[2025-10-16 11:28:09,019] [INFO] ENTER: 'GraphRAG' calling 'query_graph'; CURRENT SPEAKER: grok-4_mas_rag, DIALOGUE TURN NUM = 7.
[2025-10-16 11:28:09,149] [INFO] EXIT: 'GraphRAG' calling 'query_graph' (0.12946796417236328 secs).
[2025-10-16 11:28:09,149] [INFO] EXIT: 'GraphRAG' calling 'question' (0.1298389434814453 secs).
[2025-10-16 11:28:09,149] [INFO] ENTER: 'GraphRAG' calling 'return_rag_examples'; CURRENT SPEAKER: grok-4_mas_rag, DIALOGUE TURN NUM = 7.
[2025-10-16 11:28:09,149] [INFO] EXIT: 'GraphRAG' calling 'return_rag_examples' (1.9073486328125e-06 secs).
[2025-10-16 11:28:09,151] [INFO] ENTER: 'DialogueMoveGenerator' calling 'generate'; CURRENT SPEAKER: grok-4_mas_rag, DIALOGUE TURN NUM = 7.
[2025-10-16 11:28:09,151] [INFO] ENTER: 'MASPromptGenerator' calling 'claim_negation'; CURRENT SPEAKER: grok-4_mas_rag, DIALOGUE TURN NUM = 7.
[2025-10-16 11:28:09,152] [INFO] EXIT: 'MASPromptGenerator' calling 'claim_negation' (0.00011992454528808594 secs).
[2025-10-16 11:28:09,152] [INFO] ENTER: 'DialogueMoveGenerator' calling 'generate'; CURRENT SPEAKER: grok-4_mas_rag, DIALOGUE TURN NUM = 7.
[2025-10-16 11:28:09,153] [INFO] ENTER: 'MASPromptGenerator' calling 'concede_claim'; CURRENT SPEAKER: grok-4_mas_rag, DIALOGUE TURN NUM = 7.
[2025-10-16 11:28:09,153] [INFO] EXIT: 'MASPromptGenerator' calling 'concede_claim' (0.0001289844512939453 secs).
[2025-10-16 11:28:09,153] [INFO] ENTER: 'DialogueMoveGenerator' calling 'generate'; CURRENT SPEAKER: grok-4_mas_rag, DIALOGUE TURN NUM = 7.
[2025-10-16 11:28:09,153] [INFO] ENTER: 'MASPromptGenerator' calling 'question_claim'; CURRENT SPEAKER: grok-4_mas_rag, DIALOGUE TURN NUM = 7.
[2025-10-16 11:28:09,154] [INFO] EXIT: 'MASPromptGenerator' calling 'question_claim' (0.00014472007751464844 secs).
[2025-10-16 11:28:09,156] [INFO] ENTER: 'DialogueMoveGenerator' calling 'generate'; CURRENT SPEAKER: grok-4_mas_rag, DIALOGUE TURN NUM = 7.
[2025-10-16 11:28:09,157] [INFO] ENTER: 'MASPromptGenerator' calling 'why_claim'; CURRENT SPEAKER: grok-4_mas_rag, DIALOGUE TURN NUM = 7.
[2025-10-16 11:28:09,157] [INFO] EXIT: 'MASPromptGenerator' calling 'why_claim' (5.14984130859375e-05 secs).
[2025-10-16 11:28:10,615] [INFO] Completion returned and validated from MODEL = 'grok-4'.
[2025-10-16 11:28:11,133] [INFO] Completion returned and validated from MODEL = 'grok-4'.
[2025-10-16 11:28:11,228] [INFO] Completion returned and validated from MODEL = 'grok-4'.
[2025-10-16 11:28:12,566] [INFO] Completion returned and validated from MODEL = 'grok-4'.
[2025-10-16 11:28:13,329] [INFO] Completion returned and validated from MODEL = 'grok-4'.
[2025-10-16 11:28:13,331] [INFO] Completion returned and validated from MODEL = 'grok-4'.
[2025-10-16 11:28:14,474] [INFO] Completion returned and validated from MODEL = 'grok-4'.
[2025-10-16 11:28:15,139] [INFO] Completion returned and validated from MODEL = 'grok-4'.
[2025-10-16 11:28:15,145] [INFO] Completion returned and validated from MODEL = 'grok-4'.
[2025-10-16 11:28:16,262] [INFO] Completion returned and validated from MODEL = 'grok-4'.
[2025-10-16 11:28:16,263] [INFO] EXIT: 'DialogueMoveGenerator' calling 'generate' (7.111230850219727 secs).
[2025-10-16 11:28:16,697] [INFO] Completion returned and validated from MODEL = 'grok-4'.
[2025-10-16 11:28:16,766] [INFO] Completion returned and validated from MODEL = 'grok-4'.
[2025-10-16 11:28:18,216] [INFO] Completion returned and validated from MODEL = 'grok-4'.
[2025-10-16 11:28:18,282] [INFO] Completion returned and validated from MODEL = 'grok-4'.
[2025-10-16 11:28:19,420] [INFO] Completion returned and validated from MODEL = 'grok-4'.
[2025-10-16 11:28:19,890] [INFO] Completion returned and validated from MODEL = 'grok-4'.
[2025-10-16 11:28:19,988] [INFO] Completion returned and validated from MODEL = 'grok-4'.
[2025-10-16 11:28:21,143] [INFO] Completion returned and validated from MODEL = 'grok-4'.
[2025-10-16 11:28:21,143] [INFO] EXIT: 'DialogueMoveGenerator' calling 'generate' (11.986557006835938 secs).
[2025-10-16 11:28:21,272] [INFO] Completion returned and validated from MODEL = 'grok-4'.
[2025-10-16 11:28:21,272] [INFO] EXIT: 'DialogueMoveGenerator' calling 'generate' (12.119046449661255 secs).
[2025-10-16 11:28:23,716] [INFO] Completion returned and validated from MODEL = 'grok-4'.
[2025-10-16 11:28:24,935] [INFO] Completion returned and validated from MODEL = 'grok-4'.
[2025-10-16 11:28:28,879] [INFO] Completion returned and validated from MODEL = 'grok-4'.
[2025-10-16 11:28:30,215] [INFO] Completion returned and validated from MODEL = 'grok-4'.
[2025-10-16 11:28:31,472] [INFO] Completion returned and validated from MODEL = 'grok-4'.
[2025-10-16 11:28:32,603] [INFO] Completion returned and validated from MODEL = 'grok-4'.
[2025-10-16 11:28:32,603] [INFO] EXIT: 'DialogueMoveGenerator' calling 'generate' (23.450603008270264 secs).
[2025-10-16 11:28:32,604] [INFO] ENTER: 'MASPromptGenerator' calling 'persuasiveness_choice'; CURRENT SPEAKER: grok-4_mas_rag, DIALOGUE TURN NUM = 7.
[2025-10-16 11:28:32,604] [INFO] EXIT: 'MASPromptGenerator' calling 'persuasiveness_choice' (0.00022339820861816406 secs).
[2025-10-16 11:28:33,930] [INFO] Completion returned and validated within 'PersuasivenessChoiceAgent'; MODEL = 'grok-4'; DIALOGUE TURN NUM = 7.
[2025-10-16 11:28:35,768] [INFO] Completion returned and validated within 'PersuasivenessChoiceAgent'; MODEL = 'grok-4'; DIALOGUE TURN NUM = 7.
[2025-10-16 11:28:37,483] [INFO] Completion returned and validated within 'PersuasivenessChoiceAgent'; MODEL = 'grok-4'; DIALOGUE TURN NUM = 7.
[2025-10-16 11:28:39,105] [INFO] Completion returned and validated within 'PersuasivenessChoiceAgent'; MODEL = 'grok-4'; DIALOGUE TURN NUM = 7.
[2025-10-16 11:28:40,823] [INFO] Completion returned and validated within 'PersuasivenessChoiceAgent'; MODEL = 'grok-4'; DIALOGUE TURN NUM = 7.
[2025-10-16 11:28:42,537] [INFO] Completion returned and validated within 'PersuasivenessChoiceAgent'; MODEL = 'grok-4'; DIALOGUE TURN NUM = 7.
[2025-10-16 11:28:44,554] [INFO] Completion returned and validated within 'PersuasivenessChoiceAgent'; MODEL = 'grok-4'; DIALOGUE TURN NUM = 7.
[2025-10-16 11:28:44,554] [INFO] ENTER: 'DisambiguationAgent' calling '_grouping_similar_utterance_types'; CURRENT SPEAKER: grok-4_mas_rag, DIALOGUE TURN NUM = 7.
[2025-10-16 11:28:44,554] [INFO] EXIT: 'DisambiguationAgent' calling '_grouping_similar_utterance_types' (1.5974044799804688e-05 secs).
[2025-10-16 11:28:44,554] [INFO] ENTER: 'DisambiguationAgent' calling '_identifying_similar_sentences_and_choosing_one_to_return_to_user'; CURRENT SPEAKER: grok-4_mas_rag, DIALOGUE TURN NUM = 7.
[2025-10-16 11:28:47,394] [INFO] 'DisambiguationAgent' grouped similar sentences, completion returned and validated; MODEL = 'grok-4'.
[2025-10-16 11:28:48,170] [INFO] 'DisambiguationAgent' chose sentences to remove, completion returned and validated from MODEL = 'grok-4'.
[2025-10-16 11:28:48,935] [INFO] 'DisambiguationAgent' chose sentences to remove, completion returned and validated from MODEL = 'grok-4'.
[2025-10-16 11:28:49,755] [INFO] 'DisambiguationAgent' chose sentences to remove, completion returned and validated from MODEL = 'grok-4'.
[2025-10-16 11:28:49,755] [INFO] EXIT: 'DisambiguationAgent' calling '_identifying_similar_sentences_and_choosing_one_to_return_to_user' (5.200744390487671 secs).
[2025-10-16 11:28:49,755] [INFO] ENTER: 'DisambiguationAgent' calling '_identifying_similar_sentences_and_choosing_one_to_return_to_user'; CURRENT SPEAKER: grok-4_mas_rag, DIALOGUE TURN NUM = 7.
[2025-10-16 11:28:54,666] [INFO] 'DisambiguationAgent' grouped similar sentences, completion returned and validated; MODEL = 'grok-4'.
[2025-10-16 11:28:55,429] [INFO] 'DisambiguationAgent' chose sentences to remove, completion returned and validated from MODEL = 'grok-4'.
[2025-10-16 11:28:56,186] [INFO] 'DisambiguationAgent' chose sentences to remove, completion returned and validated from MODEL = 'grok-4'.
[2025-10-16 11:28:56,987] [INFO] 'DisambiguationAgent' chose sentences to remove, completion returned and validated from MODEL = 'grok-4'.
[2025-10-16 11:28:57,746] [INFO] 'DisambiguationAgent' chose sentences to remove, completion returned and validated from MODEL = 'grok-4'.
[2025-10-16 11:28:58,540] [INFO] 'DisambiguationAgent' chose sentences to remove, completion returned and validated from MODEL = 'grok-4'.
[2025-10-16 11:28:58,540] [INFO] EXIT: 'DisambiguationAgent' calling '_identifying_similar_sentences_and_choosing_one_to_return_to_user' (8.78426742553711 secs).
[2025-10-16 11:28:58,540] [INFO] ENTER: 'DisambiguationAgent' calling '_removing_repetitive_sentences'; CURRENT SPEAKER: grok-4_mas_rag, DIALOGUE TURN NUM = 7.
[2025-10-16 11:28:58,540] [INFO] EXIT: 'DisambiguationAgent' calling '_removing_repetitive_sentences' (3.0040740966796875e-05 secs).
[2025-10-16 11:28:58,540] [INFO] ENTER: 'DisambiguationAgent' calling '_choose_the_most_persuasive_sentences'; CURRENT SPEAKER: grok-4_mas_rag, DIALOGUE TURN NUM = 7.
[2025-10-16 11:29:00,316] [INFO] 'DisambiguationAgent': reached maximum allowed sentences, succussfully chose most persuasive sentences, completion returned and validated from MODEL = 'grok-4'.
[2025-10-16 11:29:00,316] [INFO] EXIT: 'DisambiguationAgent' calling '_choose_the_most_persuasive_sentences' (1.7760870456695557 secs).
[2025-10-16 11:29:00,316] [INFO] ENTER: 'DisambiguationAgent' calling 'return_disambiguated_sentences'; CURRENT SPEAKER: grok-4_mas_rag, DIALOGUE TURN NUM = 7.
[2025-10-16 11:29:00,316] [INFO] EXIT: 'DisambiguationAgent' calling 'return_disambiguated_sentences' (2.86102294921875e-06 secs).
[2025-10-16 11:29:00,317] [ERROR] Wrong state used; State of type HumanState; error message: dict has unexpected extra key(s): "graph_rag_examples", "intermediate_generations", "knowledge_base_ensemble_or_model_name", "model_seed", "model_temp", "model_top_p", "number_of_graph_rag_examples", "number_of_vector_based_rag_examples", "political_position_prob_of_na", "political_position_range", "political_position_std", "speaker_model_name", "speaker_type", "vector_based_persona_string", "vector_based_persona_sys_prompt"
[2025-10-16 11:29:00,317] [INFO] Correct state used; State of type GenerationAgentsState; 'IGNORE THE ABOVE ERRORS'.
[2025-10-16 11:29:01,014] [INFO] 'commitment_update' completed '___Claim___' update for current speaker's commitments; MODEL = 'grok-4'.
[2025-10-16 11:29:01,581] [INFO] 'commitment_update' completed '___Claim___' update for current speaker's commitments; MODEL = 'grok-4'.
[2025-10-16 11:29:01,680] [ERROR] Wrong state used; State of type HumanState; error message: dict has unexpected extra key(s): "graph_rag_examples", "intermediate_generations", "knowledge_base_ensemble_or_model_name", "model_seed", "model_temp", "model_top_p", "number_of_graph_rag_examples", "number_of_vector_based_rag_examples", "political_position_prob_of_na", "political_position_range", "political_position_std", "speaker_model_name", "speaker_type", "vector_based_persona_string", "vector_based_persona_sys_prompt"
[2025-10-16 11:29:01,680] [INFO] Correct state used; State of type GenerationAgentsState; 'IGNORE THE ABOVE ERRORS'.
[2025-10-16 11:29:01,681] [INFO] ENTER: 'UtteranceClassificationAgent' calling '_classify_sentence_utterance_types'; CURRENT SPEAKER: grok-4_mas, DIALOGUE TURN NUM = 8.
[2025-10-16 11:29:02,238] [INFO] 'UtteranceClassificationAgent' completion returned and validated from MODEL = 'ModelName.GROK_4'.
[2025-10-16 11:29:02,776] [INFO] 'UtteranceClassificationAgent' completion returned and validated from MODEL = 'ModelName.GROK_4'.
[2025-10-16 11:29:03,326] [INFO] 'UtteranceClassificationAgent' completion returned and validated from MODEL = 'ModelName.GROK_4'.
[2025-10-16 11:29:04,063] [INFO] 'UtteranceClassificationAgent' completion returned and validated from MODEL = 'ModelName.GROK_4'.
[2025-10-16 11:29:04,653] [INFO] 'UtteranceClassificationAgent' completion returned and validated from MODEL = 'ModelName.GROK_4'.
[2025-10-16 11:29:05,226] [INFO] 'UtteranceClassificationAgent' completion returned and validated from MODEL = 'ModelName.GROK_4'.
[2025-10-16 11:29:05,226] [INFO] EXIT: 'UtteranceClassificationAgent' calling '_classify_sentence_utterance_types' (3.5450167655944824 secs).
[2025-10-16 11:29:05,226] [INFO] ENTER: 'UtteranceClassificationAgent' calling 'return_classified_sentences'; CURRENT SPEAKER: grok-4_mas, DIALOGUE TURN NUM = 8.
[2025-10-16 11:29:05,226] [INFO] EXIT: 'UtteranceClassificationAgent' calling 'return_classified_sentences' (1.9073486328125e-06 secs).
[2025-10-16 11:29:05,230] [INFO] ENTER: 'DialogueMoveGenerator' calling 'generate'; CURRENT SPEAKER: grok-4_mas, DIALOGUE TURN NUM = 8.
[2025-10-16 11:29:05,232] [INFO] ENTER: 'MASPromptGenerator' calling 'claim'; CURRENT SPEAKER: grok-4_mas, DIALOGUE TURN NUM = 8.
[2025-10-16 11:29:05,232] [INFO] EXIT: 'MASPromptGenerator' calling 'claim' (3.695487976074219e-05 secs).
[2025-10-16 11:29:05,232] [INFO] ENTER: 'DialogueMoveGenerator' calling 'generate'; CURRENT SPEAKER: grok-4_mas, DIALOGUE TURN NUM = 8.
[2025-10-16 11:29:05,232] [INFO] ENTER: 'MASPromptGenerator' calling 'claim_negation'; CURRENT SPEAKER: grok-4_mas, DIALOGUE TURN NUM = 8.
[2025-10-16 11:29:05,232] [INFO] EXIT: 'MASPromptGenerator' calling 'claim_negation' (3.910064697265625e-05 secs).
[2025-10-16 11:29:05,233] [INFO] ENTER: 'DialogueMoveGenerator' calling 'generate'; CURRENT SPEAKER: grok-4_mas, DIALOGUE TURN NUM = 8.
[2025-10-16 11:29:05,233] [INFO] ENTER: 'MASPromptGenerator' calling 'concede_claim'; CURRENT SPEAKER: grok-4_mas, DIALOGUE TURN NUM = 8.
[2025-10-16 11:29:05,233] [INFO] EXIT: 'MASPromptGenerator' calling 'concede_claim' (2.3365020751953125e-05 secs).
[2025-10-16 11:29:05,234] [INFO] ENTER: 'DialogueMoveGenerator' calling 'generate'; CURRENT SPEAKER: grok-4_mas, DIALOGUE TURN NUM = 8.
[2025-10-16 11:29:05,234] [INFO] ENTER: 'MASPromptGenerator' calling 'question_claim'; CURRENT SPEAKER: grok-4_mas, DIALOGUE TURN NUM = 8.
[2025-10-16 11:29:05,234] [INFO] EXIT: 'MASPromptGenerator' calling 'question_claim' (3.0040740966796875e-05 secs).
[2025-10-16 11:29:05,234] [INFO] ENTER: 'DialogueMoveGenerator' calling 'generate'; CURRENT SPEAKER: grok-4_mas, DIALOGUE TURN NUM = 8.
[2025-10-16 11:29:05,235] [INFO] ENTER: 'MASPromptGenerator' calling 'retract_claim'; CURRENT SPEAKER: grok-4_mas, DIALOGUE TURN NUM = 8.
[2025-10-16 11:29:05,235] [INFO] EXIT: 'MASPromptGenerator' calling 'retract_claim' (4.3392181396484375e-05 secs).
[2025-10-16 11:29:05,235] [INFO] ENTER: 'DialogueMoveGenerator' calling 'generate'; CURRENT SPEAKER: grok-4_mas, DIALOGUE TURN NUM = 8.
[2025-10-16 11:29:05,235] [INFO] ENTER: 'MASPromptGenerator' calling 'since_claim'; CURRENT SPEAKER: grok-4_mas, DIALOGUE TURN NUM = 8.
[2025-10-16 11:29:05,235] [INFO] EXIT: 'MASPromptGenerator' calling 'since_claim' (3.3855438232421875e-05 secs).
[2025-10-16 11:29:05,236] [INFO] ENTER: 'DialogueMoveGenerator' calling 'generate'; CURRENT SPEAKER: grok-4_mas, DIALOGUE TURN NUM = 8.
[2025-10-16 11:29:05,236] [INFO] ENTER: 'MASPromptGenerator' calling 'why_claim'; CURRENT SPEAKER: grok-4_mas, DIALOGUE TURN NUM = 8.
[2025-10-16 11:29:05,236] [INFO] EXIT: 'MASPromptGenerator' calling 'why_claim' (3.504753112792969e-05 secs).
[2025-10-16 11:29:06,772] [INFO] Completion returned and validated from MODEL = 'grok-4'.
[2025-10-16 11:29:07,160] [INFO] Completion returned and validated from MODEL = 'grok-4'.
[2025-10-16 11:29:07,199] [INFO] Completion returned and validated from MODEL = 'grok-4'.
[2025-10-16 11:29:07,222] [INFO] Completion returned and validated from MODEL = 'grok-4'.
[2025-10-16 11:29:07,225] [INFO] Completion returned and validated from MODEL = 'grok-4'.
[2025-10-16 11:29:07,233] [INFO] Completion returned and validated from MODEL = 'grok-4'.
[2025-10-16 11:29:08,080] [INFO] Completion returned and validated from MODEL = 'grok-4'.
[2025-10-16 11:29:08,872] [INFO] Completion returned and validated from MODEL = 'grok-4'.
[2025-10-16 11:29:08,936] [INFO] Completion returned and validated from MODEL = 'grok-4'.
[2025-10-16 11:29:09,027] [INFO] Completion returned and validated from MODEL = 'grok-4'.
[2025-10-16 11:29:09,028] [INFO] EXIT: 'DialogueMoveGenerator' calling 'generate' (3.7952287197113037 secs).
[2025-10-16 11:29:09,091] [INFO] Completion returned and validated from MODEL = 'grok-4'.
[2025-10-16 11:29:09,091] [INFO] EXIT: 'DialogueMoveGenerator' calling 'generate' (3.8551652431488037 secs).
[2025-10-16 11:29:09,220] [INFO] Completion returned and validated from MODEL = 'grok-4'.
[2025-10-16 11:29:09,220] [INFO] EXIT: 'DialogueMoveGenerator' calling 'generate' (3.9861977100372314 secs).
[2025-10-16 11:29:10,011] [INFO] Completion returned and validated from MODEL = 'grok-4'.
[2025-10-16 11:29:10,219] [INFO] Completion returned and validated from MODEL = 'grok-4'.
[2025-10-16 11:29:10,413] [INFO] Completion returned and validated from MODEL = 'grok-4'.
[2025-10-16 11:29:10,494] [INFO] Completion returned and validated from MODEL = 'grok-4'.
[2025-10-16 11:29:11,591] [INFO] Completion returned and validated from MODEL = 'grok-4'.
[2025-10-16 11:29:11,591] [INFO] EXIT: 'DialogueMoveGenerator' calling 'generate' (6.358009576797485 secs).
[2025-10-16 11:29:11,735] [INFO] Completion returned and validated from MODEL = 'grok-4'.
[2025-10-16 11:29:11,736] [INFO] EXIT: 'DialogueMoveGenerator' calling 'generate' (6.503803253173828 secs).
[2025-10-16 11:29:11,822] [INFO] Completion returned and validated from MODEL = 'grok-4'.
[2025-10-16 11:29:11,822] [INFO] EXIT: 'DialogueMoveGenerator' calling 'generate' (6.587424278259277 secs).
[2025-10-16 11:29:11,900] [INFO] Completion returned and validated from MODEL = 'grok-4'.
[2025-10-16 11:29:11,901] [INFO] EXIT: 'DialogueMoveGenerator' calling 'generate' (6.665515184402466 secs).
[2025-10-16 11:29:11,901] [INFO] ENTER: 'MASPromptGenerator' calling 'persuasiveness_choice'; CURRENT SPEAKER: grok-4_mas, DIALOGUE TURN NUM = 8.
[2025-10-16 11:29:11,902] [INFO] EXIT: 'MASPromptGenerator' calling 'persuasiveness_choice' (0.0001480579376220703 secs).
[2025-10-16 11:29:13,583] [INFO] Completion returned and validated within 'PersuasivenessChoiceAgent'; MODEL = 'grok-4'; DIALOGUE TURN NUM = 8.
[2025-10-16 11:29:15,568] [INFO] Completion returned and validated within 'PersuasivenessChoiceAgent'; MODEL = 'grok-4'; DIALOGUE TURN NUM = 8.
[2025-10-16 11:29:17,846] [INFO] Completion returned and validated within 'PersuasivenessChoiceAgent'; MODEL = 'grok-4'; DIALOGUE TURN NUM = 8.
[2025-10-16 11:29:19,598] [INFO] Completion returned and validated within 'PersuasivenessChoiceAgent'; MODEL = 'grok-4'; DIALOGUE TURN NUM = 8.
[2025-10-16 11:29:21,340] [INFO] Completion returned and validated within 'PersuasivenessChoiceAgent'; MODEL = 'grok-4'; DIALOGUE TURN NUM = 8.
[2025-10-16 11:29:23,212] [INFO] Completion returned and validated within 'PersuasivenessChoiceAgent'; MODEL = 'grok-4'; DIALOGUE TURN NUM = 8.
[2025-10-16 11:29:23,213] [INFO] ENTER: 'DisambiguationAgent' calling '_grouping_similar_utterance_types'; CURRENT SPEAKER: grok-4_mas, DIALOGUE TURN NUM = 8.
[2025-10-16 11:29:23,213] [INFO] EXIT: 'DisambiguationAgent' calling '_grouping_similar_utterance_types' (1.7642974853515625e-05 secs).
[2025-10-16 11:29:23,213] [INFO] ENTER: 'DisambiguationAgent' calling '_identifying_similar_sentences_and_choosing_one_to_return_to_user'; CURRENT SPEAKER: grok-4_mas, DIALOGUE TURN NUM = 8.
[2025-10-16 11:29:26,088] [INFO] 'DisambiguationAgent' grouped similar sentences, completion returned and validated; MODEL = 'grok-4'.
[2025-10-16 11:29:27,477] [INFO] 'DisambiguationAgent' chose sentences to remove, completion returned and validated from MODEL = 'grok-4'.
[2025-10-16 11:29:27,477] [INFO] EXIT: 'DisambiguationAgent' calling '_identifying_similar_sentences_and_choosing_one_to_return_to_user' (4.264000654220581 secs).
[2025-10-16 11:29:27,477] [INFO] ENTER: 'DisambiguationAgent' calling '_identifying_similar_sentences_and_choosing_one_to_return_to_user'; CURRENT SPEAKER: grok-4_mas, DIALOGUE TURN NUM = 8.
[2025-10-16 11:29:28,821] [INFO] 'DisambiguationAgent' grouped similar sentences, completion returned and validated; MODEL = 'grok-4'.
[2025-10-16 11:29:29,600] [INFO] 'DisambiguationAgent' chose sentences to remove, completion returned and validated from MODEL = 'grok-4'.
[2025-10-16 11:29:29,600] [INFO] EXIT: 'DisambiguationAgent' calling '_identifying_similar_sentences_and_choosing_one_to_return_to_user' (2.12271785736084 secs).
[2025-10-16 11:29:29,600] [INFO] ENTER: 'DisambiguationAgent' calling '_removing_repetitive_sentences'; CURRENT SPEAKER: grok-4_mas, DIALOGUE TURN NUM = 8.
[2025-10-16 11:29:29,600] [INFO] EXIT: 'DisambiguationAgent' calling '_removing_repetitive_sentences' (1.1682510375976562e-05 secs).
[2025-10-16 11:29:29,600] [INFO] ENTER: 'DisambiguationAgent' calling 'return_disambiguated_sentences'; CURRENT SPEAKER: grok-4_mas, DIALOGUE TURN NUM = 8.
[2025-10-16 11:29:29,600] [INFO] EXIT: 'DisambiguationAgent' calling 'return_disambiguated_sentences' (2.1457672119140625e-06 secs).
[2025-10-16 11:29:29,601] [ERROR] Wrong state used; State of type HumanState; error message: dict has unexpected extra key(s): "graph_rag_examples", "intermediate_generations", "knowledge_base_ensemble_or_model_name", "model_seed", "model_temp", "model_top_p", "number_of_graph_rag_examples", "number_of_vector_based_rag_examples", "political_position_prob_of_na", "political_position_range", "political_position_std", "speaker_model_name", "speaker_type", "vector_based_persona_string", "vector_based_persona_sys_prompt"
[2025-10-16 11:29:29,601] [INFO] Correct state used; State of type GenerationAgentsState; 'IGNORE THE ABOVE ERRORS'.
[2025-10-16 11:29:30,160] [INFO] 'commitment_update' completed '___Claim___' update for current speaker's commitments; MODEL = 'grok-4'.
[2025-10-16 11:29:33,719] [INFO] 'commitment_update' completed '___Since___' update; MODEL = 'grok-4'.
[2025-10-16 11:29:33,787] [ERROR] Wrong state used; State of type HumanState; error message: dict has unexpected extra key(s): "graph_rag_examples", "intermediate_generations", "knowledge_base_ensemble_or_model_name", "model_seed", "model_temp", "model_top_p", "number_of_graph_rag_examples", "number_of_vector_based_rag_examples", "political_position_prob_of_na", "political_position_range", "political_position_std", "speaker_model_name", "speaker_type", "vector_based_persona_string", "vector_based_persona_sys_prompt"
[2025-10-16 11:29:33,787] [INFO] Correct state used; State of type GenerationAgentsState; 'IGNORE THE ABOVE ERRORS'.
[2025-10-16 11:29:33,788] [INFO] ENTER: 'UtteranceClassificationAgent' calling '_classify_sentence_utterance_types'; CURRENT SPEAKER: grok-4_mas_rag, DIALOGUE TURN NUM = 9.
[2025-10-16 11:29:34,372] [INFO] 'UtteranceClassificationAgent' completion returned and validated from MODEL = 'ModelName.GROK_4'.
[2025-10-16 11:29:34,962] [INFO] 'UtteranceClassificationAgent' completion returned and validated from MODEL = 'ModelName.GROK_4'.
[2025-10-16 11:29:35,578] [INFO] 'UtteranceClassificationAgent' completion returned and validated from MODEL = 'ModelName.GROK_4'.
[2025-10-16 11:29:36,178] [INFO] 'UtteranceClassificationAgent' completion returned and validated from MODEL = 'ModelName.GROK_4'.
[2025-10-16 11:29:36,714] [INFO] 'UtteranceClassificationAgent' completion returned and validated from MODEL = 'ModelName.GROK_4'.
[2025-10-16 11:29:36,714] [INFO] EXIT: 'UtteranceClassificationAgent' calling '_classify_sentence_utterance_types' (2.926382303237915 secs).
[2025-10-16 11:29:36,714] [INFO] ENTER: 'UtteranceClassificationAgent' calling 'return_classified_sentences'; CURRENT SPEAKER: grok-4_mas_rag, DIALOGUE TURN NUM = 9.
[2025-10-16 11:29:36,714] [INFO] EXIT: 'UtteranceClassificationAgent' calling 'return_classified_sentences' (2.1457672119140625e-06 secs).
[2025-10-16 11:29:36,737] [INFO] ENTER: 'GraphRAG' calling 'why'; CURRENT SPEAKER: grok-4_mas_rag, DIALOGUE TURN NUM = 9.
[2025-10-16 11:29:36,737] [INFO] ENTER: 'GraphRAG' calling 'query_graph'; CURRENT SPEAKER: grok-4_mas_rag, DIALOGUE TURN NUM = 9.
[2025-10-16 11:29:37,418] [INFO] EXIT: 'GraphRAG' calling 'query_graph' (0.6809272766113281 secs).
[2025-10-16 11:29:37,418] [INFO] EXIT: 'GraphRAG' calling 'why' (0.6813483238220215 secs).
[2025-10-16 11:29:37,418] [INFO] ENTER: 'GraphRAG' calling 'claim_negation'; CURRENT SPEAKER: grok-4_mas_rag, DIALOGUE TURN NUM = 9.
[2025-10-16 11:29:37,419] [INFO] ENTER: 'GraphRAG' calling 'query_graph'; CURRENT SPEAKER: grok-4_mas_rag, DIALOGUE TURN NUM = 9.
[2025-10-16 11:29:38,070] [INFO] EXIT: 'GraphRAG' calling 'query_graph' (0.6514129638671875 secs).
[2025-10-16 11:29:38,070] [INFO] EXIT: 'GraphRAG' calling 'claim_negation' (0.6517987251281738 secs).
[2025-10-16 11:29:38,070] [INFO] ENTER: 'GraphRAG' calling 'concede'; CURRENT SPEAKER: grok-4_mas_rag, DIALOGUE TURN NUM = 9.
[2025-10-16 11:29:38,071] [INFO] ENTER: 'GraphRAG' calling 'query_graph'; CURRENT SPEAKER: grok-4_mas_rag, DIALOGUE TURN NUM = 9.
[2025-10-16 11:29:38,754] [INFO] EXIT: 'GraphRAG' calling 'query_graph' (0.682945728302002 secs).
[2025-10-16 11:29:38,754] [INFO] EXIT: 'GraphRAG' calling 'concede' (0.6833539009094238 secs).
[2025-10-16 11:29:38,754] [INFO] ENTER: 'GraphRAG' calling 'question'; CURRENT SPEAKER: grok-4_mas_rag, DIALOGUE TURN NUM = 9.
[2025-10-16 11:29:38,754] [INFO] ENTER: 'GraphRAG' calling 'query_graph'; CURRENT SPEAKER: grok-4_mas_rag, DIALOGUE TURN NUM = 9.
[2025-10-16 11:29:38,884] [INFO] EXIT: 'GraphRAG' calling 'query_graph' (0.12991619110107422 secs).
[2025-10-16 11:29:38,884] [INFO] EXIT: 'GraphRAG' calling 'question' (0.1302776336669922 secs).
[2025-10-16 11:29:38,902] [INFO] ENTER: 'GraphRAG' calling 'since'; CURRENT SPEAKER: grok-4_mas_rag, DIALOGUE TURN NUM = 9.
[2025-10-16 11:29:38,902] [INFO] ENTER: 'GraphRAG' calling 'query_graph'; CURRENT SPEAKER: grok-4_mas_rag, DIALOGUE TURN NUM = 9.
[2025-10-16 11:29:38,929] [INFO] EXIT: 'GraphRAG' calling 'query_graph' (0.02659320831298828 secs).
[2025-10-16 11:29:38,929] [INFO] EXIT: 'GraphRAG' calling 'since' (0.0269315242767334 secs).
[2025-10-16 11:29:38,929] [INFO] ENTER: 'GraphRAG' calling 'claim'; CURRENT SPEAKER: grok-4_mas_rag, DIALOGUE TURN NUM = 9.
[2025-10-16 11:29:38,929] [INFO] ENTER: 'GraphRAG' calling 'query_graph'; CURRENT SPEAKER: grok-4_mas_rag, DIALOGUE TURN NUM = 9.
[2025-10-16 11:29:38,949] [INFO] EXIT: 'GraphRAG' calling 'query_graph' (0.020283222198486328 secs).
[2025-10-16 11:29:38,949] [INFO] EXIT: 'GraphRAG' calling 'claim' (0.020576953887939453 secs).
[2025-10-16 11:29:38,966] [INFO] ENTER: 'GraphRAG' calling 'why'; CURRENT SPEAKER: grok-4_mas_rag, DIALOGUE TURN NUM = 9.
[2025-10-16 11:29:38,967] [INFO] ENTER: 'GraphRAG' calling 'query_graph'; CURRENT SPEAKER: grok-4_mas_rag, DIALOGUE TURN NUM = 9.
[2025-10-16 11:29:39,647] [INFO] EXIT: 'GraphRAG' calling 'query_graph' (0.68039870262146 secs).
[2025-10-16 11:29:39,647] [INFO] EXIT: 'GraphRAG' calling 'why' (0.6807675361633301 secs).
[2025-10-16 11:29:39,647] [INFO] ENTER: 'GraphRAG' calling 'claim_negation'; CURRENT SPEAKER: grok-4_mas_rag, DIALOGUE TURN NUM = 9.
[2025-10-16 11:29:39,648] [INFO] ENTER: 'GraphRAG' calling 'query_graph'; CURRENT SPEAKER: grok-4_mas_rag, DIALOGUE TURN NUM = 9.
[2025-10-16 11:29:40,300] [INFO] EXIT: 'GraphRAG' calling 'query_graph' (0.6523013114929199 secs).
[2025-10-16 11:29:40,300] [INFO] EXIT: 'GraphRAG' calling 'claim_negation' (0.6527092456817627 secs).
[2025-10-16 11:29:40,300] [INFO] ENTER: 'GraphRAG' calling 'concede'; CURRENT SPEAKER: grok-4_mas_rag, DIALOGUE TURN NUM = 9.
[2025-10-16 11:29:40,300] [INFO] ENTER: 'GraphRAG' calling 'query_graph'; CURRENT SPEAKER: grok-4_mas_rag, DIALOGUE TURN NUM = 9.
[2025-10-16 11:29:40,990] [INFO] EXIT: 'GraphRAG' calling 'query_graph' (0.6894147396087646 secs).
[2025-10-16 11:29:40,990] [INFO] EXIT: 'GraphRAG' calling 'concede' (0.689856767654419 secs).
[2025-10-16 11:29:40,990] [INFO] ENTER: 'GraphRAG' calling 'question'; CURRENT SPEAKER: grok-4_mas_rag, DIALOGUE TURN NUM = 9.
[2025-10-16 11:29:40,990] [INFO] ENTER: 'GraphRAG' calling 'query_graph'; CURRENT SPEAKER: grok-4_mas_rag, DIALOGUE TURN NUM = 9.
[2025-10-16 11:29:41,121] [INFO] EXIT: 'GraphRAG' calling 'query_graph' (0.13024640083312988 secs).
[2025-10-16 11:29:41,121] [INFO] EXIT: 'GraphRAG' calling 'question' (0.13067913055419922 secs).
[2025-10-16 11:29:41,138] [INFO] ENTER: 'GraphRAG' calling 'why'; CURRENT SPEAKER: grok-4_mas_rag, DIALOGUE TURN NUM = 9.
[2025-10-16 11:29:41,138] [INFO] ENTER: 'GraphRAG' calling 'query_graph'; CURRENT SPEAKER: grok-4_mas_rag, DIALOGUE TURN NUM = 9.
[2025-10-16 11:29:41,820] [INFO] EXIT: 'GraphRAG' calling 'query_graph' (0.6818039417266846 secs).
[2025-10-16 11:29:41,820] [INFO] EXIT: 'GraphRAG' calling 'why' (0.682213544845581 secs).
[2025-10-16 11:29:41,820] [INFO] ENTER: 'GraphRAG' calling 'claim_negation'; CURRENT SPEAKER: grok-4_mas_rag, DIALOGUE TURN NUM = 9.
[2025-10-16 11:29:41,821] [INFO] ENTER: 'GraphRAG' calling 'query_graph'; CURRENT SPEAKER: grok-4_mas_rag, DIALOGUE TURN NUM = 9.
[2025-10-16 11:29:42,474] [INFO] EXIT: 'GraphRAG' calling 'query_graph' (0.6537957191467285 secs).
[2025-10-16 11:29:42,475] [INFO] EXIT: 'GraphRAG' calling 'claim_negation' (0.6541988849639893 secs).
[2025-10-16 11:29:42,475] [INFO] ENTER: 'GraphRAG' calling 'concede'; CURRENT SPEAKER: grok-4_mas_rag, DIALOGUE TURN NUM = 9.
[2025-10-16 11:29:42,475] [INFO] ENTER: 'GraphRAG' calling 'query_graph'; CURRENT SPEAKER: grok-4_mas_rag, DIALOGUE TURN NUM = 9.
[2025-10-16 11:29:43,158] [INFO] EXIT: 'GraphRAG' calling 'query_graph' (0.6834425926208496 secs).
[2025-10-16 11:29:43,158] [INFO] EXIT: 'GraphRAG' calling 'concede' (0.6838278770446777 secs).
[2025-10-16 11:29:43,159] [INFO] ENTER: 'GraphRAG' calling 'question'; CURRENT SPEAKER: grok-4_mas_rag, DIALOGUE TURN NUM = 9.
[2025-10-16 11:29:43,159] [INFO] ENTER: 'GraphRAG' calling 'query_graph'; CURRENT SPEAKER: grok-4_mas_rag, DIALOGUE TURN NUM = 9.
[2025-10-16 11:29:43,287] [INFO] EXIT: 'GraphRAG' calling 'query_graph' (0.1285088062286377 secs).
[2025-10-16 11:29:43,287] [INFO] EXIT: 'GraphRAG' calling 'question' (0.12891030311584473 secs).
[2025-10-16 11:29:43,305] [INFO] ENTER: 'GraphRAG' calling 'why'; CURRENT SPEAKER: grok-4_mas_rag, DIALOGUE TURN NUM = 9.
[2025-10-16 11:29:43,305] [INFO] ENTER: 'GraphRAG' calling 'query_graph'; CURRENT SPEAKER: grok-4_mas_rag, DIALOGUE TURN NUM = 9.
[2025-10-16 11:29:43,989] [INFO] EXIT: 'GraphRAG' calling 'query_graph' (0.6835072040557861 secs).
[2025-10-16 11:29:43,989] [INFO] EXIT: 'GraphRAG' calling 'why' (0.6839148998260498 secs).
[2025-10-16 11:29:43,989] [INFO] ENTER: 'GraphRAG' calling 'claim_negation'; CURRENT SPEAKER: grok-4_mas_rag, DIALOGUE TURN NUM = 9.
[2025-10-16 11:29:43,989] [INFO] ENTER: 'GraphRAG' calling 'query_graph'; CURRENT SPEAKER: grok-4_mas_rag, DIALOGUE TURN NUM = 9.
[2025-10-16 11:29:44,643] [INFO] EXIT: 'GraphRAG' calling 'query_graph' (0.6540448665618896 secs).
[2025-10-16 11:29:44,644] [INFO] EXIT: 'GraphRAG' calling 'claim_negation' (0.6544704437255859 secs).
[2025-10-16 11:29:44,644] [INFO] ENTER: 'GraphRAG' calling 'concede'; CURRENT SPEAKER: grok-4_mas_rag, DIALOGUE TURN NUM = 9.
[2025-10-16 11:29:44,644] [INFO] ENTER: 'GraphRAG' calling 'query_graph'; CURRENT SPEAKER: grok-4_mas_rag, DIALOGUE TURN NUM = 9.
[2025-10-16 11:29:45,327] [INFO] EXIT: 'GraphRAG' calling 'query_graph' (0.6832046508789062 secs).
[2025-10-16 11:29:45,327] [INFO] EXIT: 'GraphRAG' calling 'concede' (0.6835870742797852 secs).
[2025-10-16 11:29:45,327] [INFO] ENTER: 'GraphRAG' calling 'question'; CURRENT SPEAKER: grok-4_mas_rag, DIALOGUE TURN NUM = 9.
[2025-10-16 11:29:45,328] [INFO] ENTER: 'GraphRAG' calling 'query_graph'; CURRENT SPEAKER: grok-4_mas_rag, DIALOGUE TURN NUM = 9.
[2025-10-16 11:29:45,457] [INFO] EXIT: 'GraphRAG' calling 'query_graph' (0.12929320335388184 secs).
[2025-10-16 11:29:45,457] [INFO] EXIT: 'GraphRAG' calling 'question' (0.129730224609375 secs).
[2025-10-16 11:29:45,457] [INFO] ENTER: 'GraphRAG' calling 'return_rag_examples'; CURRENT SPEAKER: grok-4_mas_rag, DIALOGUE TURN NUM = 9.
[2025-10-16 11:29:45,457] [INFO] EXIT: 'GraphRAG' calling 'return_rag_examples' (2.6226043701171875e-06 secs).
[2025-10-16 11:29:45,460] [INFO] ENTER: 'DialogueMoveGenerator' calling 'generate'; CURRENT SPEAKER: grok-4_mas_rag, DIALOGUE TURN NUM = 9.
[2025-10-16 11:29:45,460] [INFO] ENTER: 'MASPromptGenerator' calling 'claim'; CURRENT SPEAKER: grok-4_mas_rag, DIALOGUE TURN NUM = 9.
[2025-10-16 11:29:45,460] [INFO] EXIT: 'MASPromptGenerator' calling 'claim' (8.821487426757812e-05 secs).
[2025-10-16 11:29:45,461] [INFO] ENTER: 'DialogueMoveGenerator' calling 'generate'; CURRENT SPEAKER: grok-4_mas_rag, DIALOGUE TURN NUM = 9.
[2025-10-16 11:29:45,461] [INFO] ENTER: 'MASPromptGenerator' calling 'claim_negation'; CURRENT SPEAKER: grok-4_mas_rag, DIALOGUE TURN NUM = 9.
[2025-10-16 11:29:45,461] [INFO] EXIT: 'MASPromptGenerator' calling 'claim_negation' (0.00010251998901367188 secs).
[2025-10-16 11:29:45,462] [INFO] ENTER: 'DialogueMoveGenerator' calling 'generate'; CURRENT SPEAKER: grok-4_mas_rag, DIALOGUE TURN NUM = 9.
[2025-10-16 11:29:45,462] [INFO] ENTER: 'DialogueMoveGenerator' calling 'generate'; CURRENT SPEAKER: grok-4_mas_rag, DIALOGUE TURN NUM = 9.
[2025-10-16 11:29:45,462] [INFO] ENTER: 'DialogueMoveGenerator' calling 'generate'; CURRENT SPEAKER: grok-4_mas_rag, DIALOGUE TURN NUM = 9.
[2025-10-16 11:29:45,462] [INFO] ENTER: 'MASPromptGenerator' calling 'concede_claim'; CURRENT SPEAKER: grok-4_mas_rag, DIALOGUE TURN NUM = 9.
[2025-10-16 11:29:45,462] [INFO] ENTER: 'DialogueMoveGenerator' calling 'generate'; CURRENT SPEAKER: grok-4_mas_rag, DIALOGUE TURN NUM = 9.
[2025-10-16 11:29:45,463] [INFO] ENTER: 'DialogueMoveGenerator' calling 'generate'; CURRENT SPEAKER: grok-4_mas_rag, DIALOGUE TURN NUM = 9.
[2025-10-16 11:29:45,463] [INFO] ENTER: 'MASPromptGenerator' calling 'question_claim'; CURRENT SPEAKER: grok-4_mas_rag, DIALOGUE TURN NUM = 9.
[2025-10-16 11:29:45,463] [INFO] ENTER: 'MASPromptGenerator' calling 'retract_claim'; CURRENT SPEAKER: grok-4_mas_rag, DIALOGUE TURN NUM = 9.
[2025-10-16 11:29:45,463] [INFO] EXIT: 'MASPromptGenerator' calling 'concede_claim' (9.822845458984375e-05 secs).
[2025-10-16 11:29:45,464] [INFO] ENTER: 'MASPromptGenerator' calling 'since_claim'; CURRENT SPEAKER: grok-4_mas_rag, DIALOGUE TURN NUM = 9.
[2025-10-16 11:29:45,464] [INFO] ENTER: 'MASPromptGenerator' calling 'why_claim'; CURRENT SPEAKER: grok-4_mas_rag, DIALOGUE TURN NUM = 9.
[2025-10-16 11:29:45,464] [INFO] EXIT: 'MASPromptGenerator' calling 'question_claim' (0.00011229515075683594 secs).
[2025-10-16 11:29:45,465] [INFO] EXIT: 'MASPromptGenerator' calling 'retract_claim' (4.1484832763671875e-05 secs).
[2025-10-16 11:29:45,465] [INFO] EXIT: 'MASPromptGenerator' calling 'since_claim' (5.817413330078125e-05 secs).
[2025-10-16 11:29:45,465] [INFO] EXIT: 'MASPromptGenerator' calling 'why_claim' (3.9577484130859375e-05 secs).
[2025-10-16 11:29:47,480] [INFO] Completion returned and validated from MODEL = 'grok-4'.
[2025-10-16 11:29:47,615] [INFO] Completion returned and validated from MODEL = 'grok-4'.
[2025-10-16 11:29:47,670] [INFO] Completion returned and validated from MODEL = 'grok-4'.
[2025-10-16 11:29:47,670] [INFO] EXIT: 'DialogueMoveGenerator' calling 'generate' (2.2068123817443848 secs).
[2025-10-16 11:29:47,754] [INFO] Completion returned and validated from MODEL = 'grok-4'.
[2025-10-16 11:29:47,863] [INFO] Completion returned and validated from MODEL = 'grok-4'.
[2025-10-16 11:29:47,942] [INFO] Completion returned and validated from MODEL = 'grok-4'.
[2025-10-16 11:29:47,942] [INFO] EXIT: 'DialogueMoveGenerator' calling 'generate' (2.4779765605926514 secs).
[2025-10-16 11:29:47,984] [INFO] Completion returned and validated from MODEL = 'grok-4'.
[2025-10-16 11:29:47,984] [INFO] EXIT: 'DialogueMoveGenerator' calling 'generate' (2.5237693786621094 secs).
[2025-10-16 11:29:49,472] [INFO] Completion returned and validated from MODEL = 'grok-4'.
[2025-10-16 11:29:49,489] [INFO] Completion returned and validated from MODEL = 'grok-4'.
[2025-10-16 11:29:49,622] [INFO] Completion returned and validated from MODEL = 'grok-4'.
[2025-10-16 11:29:49,697] [INFO] Completion returned and validated from MODEL = 'grok-4'.
[2025-10-16 11:29:50,991] [INFO] Completion returned and validated from MODEL = 'grok-4'.
[2025-10-16 11:29:51,167] [INFO] Completion returned and validated from MODEL = 'grok-4'.
[2025-10-16 11:29:51,177] [INFO] Completion returned and validated from MODEL = 'grok-4'.
[2025-10-16 11:29:51,203] [INFO] Completion returned and validated from MODEL = 'grok-4'.
[2025-10-16 11:29:52,451] [INFO] Completion returned and validated from MODEL = 'grok-4'.
[2025-10-16 11:29:52,451] [INFO] EXIT: 'DialogueMoveGenerator' calling 'generate' (6.988872528076172 secs).
[2025-10-16 11:29:52,803] [INFO] Completion returned and validated from MODEL = 'grok-4'.
[2025-10-16 11:29:52,803] [INFO] EXIT: 'DialogueMoveGenerator' calling 'generate' (7.340329170227051 secs).
[2025-10-16 11:29:52,939] [INFO] Completion returned and validated from MODEL = 'grok-4'.
[2025-10-16 11:29:52,939] [INFO] EXIT: 'DialogueMoveGenerator' calling 'generate' (7.478111505508423 secs).
[2025-10-16 11:29:53,044] [INFO] Completion returned and validated from MODEL = 'grok-4'.
[2025-10-16 11:29:53,044] [INFO] EXIT: 'DialogueMoveGenerator' calling 'generate' (7.58008885383606 secs).
[2025-10-16 11:29:53,046] [INFO] ENTER: 'MASPromptGenerator' calling 'persuasiveness_choice'; CURRENT SPEAKER: grok-4_mas_rag, DIALOGUE TURN NUM = 9.
[2025-10-16 11:29:53,046] [INFO] EXIT: 'MASPromptGenerator' calling 'persuasiveness_choice' (0.00014328956604003906 secs).
[2025-10-16 11:29:55,121] [INFO] Completion returned and validated within 'PersuasivenessChoiceAgent'; MODEL = 'grok-4'; DIALOGUE TURN NUM = 9.
[2025-10-16 11:29:57,693] [INFO] Completion returned and validated within 'PersuasivenessChoiceAgent'; MODEL = 'grok-4'; DIALOGUE TURN NUM = 9.
[2025-10-16 11:29:59,891] [INFO] Completion returned and validated within 'PersuasivenessChoiceAgent'; MODEL = 'grok-4'; DIALOGUE TURN NUM = 9.
[2025-10-16 11:30:01,583] [INFO] Completion returned and validated within 'PersuasivenessChoiceAgent'; MODEL = 'grok-4'; DIALOGUE TURN NUM = 9.
[2025-10-16 11:30:03,162] [INFO] Completion returned and validated within 'PersuasivenessChoiceAgent'; MODEL = 'grok-4'; DIALOGUE TURN NUM = 9.
[2025-10-16 11:30:03,163] [INFO] ENTER: 'DisambiguationAgent' calling '_grouping_similar_utterance_types'; CURRENT SPEAKER: grok-4_mas_rag, DIALOGUE TURN NUM = 9.
[2025-10-16 11:30:03,163] [INFO] EXIT: 'DisambiguationAgent' calling '_grouping_similar_utterance_types' (1.430511474609375e-05 secs).
[2025-10-16 11:30:03,163] [INFO] ENTER: 'DisambiguationAgent' calling '_identifying_similar_sentences_and_choosing_one_to_return_to_user'; CURRENT SPEAKER: grok-4_mas_rag, DIALOGUE TURN NUM = 9.
[2025-10-16 11:30:08,117] [INFO] 'DisambiguationAgent' grouped similar sentences, completion returned and validated; MODEL = 'grok-4'.
[2025-10-16 11:30:08,941] [INFO] 'DisambiguationAgent' chose sentences to remove, completion returned and validated from MODEL = 'grok-4'.
[2025-10-16 11:30:09,692] [INFO] 'DisambiguationAgent' chose sentences to remove, completion returned and validated from MODEL = 'grok-4'.
[2025-10-16 11:30:10,599] [INFO] 'DisambiguationAgent' chose sentences to remove, completion returned and validated from MODEL = 'grok-4'.
[2025-10-16 11:30:10,600] [INFO] EXIT: 'DisambiguationAgent' calling '_identifying_similar_sentences_and_choosing_one_to_return_to_user' (7.436335325241089 secs).
[2025-10-16 11:30:10,600] [INFO] ENTER: 'DisambiguationAgent' calling '_identifying_similar_sentences_and_choosing_one_to_return_to_user'; CURRENT SPEAKER: grok-4_mas_rag, DIALOGUE TURN NUM = 9.
[2025-10-16 11:30:14,145] [INFO] 'DisambiguationAgent' grouped similar sentences, completion returned and validated; MODEL = 'grok-4'.
[2025-10-16 11:30:15,236] [INFO] 'DisambiguationAgent' chose sentences to remove, completion returned and validated from MODEL = 'grok-4'.
[2025-10-16 11:30:17,741] [INFO] 'DisambiguationAgent' chose sentences to remove, completion returned and validated from MODEL = 'grok-4'.
[2025-10-16 11:30:18,775] [INFO] 'DisambiguationAgent' chose sentences to remove, completion returned and validated from MODEL = 'grok-4'.
[2025-10-16 11:30:18,775] [INFO] EXIT: 'DisambiguationAgent' calling '_identifying_similar_sentences_and_choosing_one_to_return_to_user' (8.175122261047363 secs).
[2025-10-16 11:30:18,775] [INFO] ENTER: 'DisambiguationAgent' calling '_removing_repetitive_sentences'; CURRENT SPEAKER: grok-4_mas_rag, DIALOGUE TURN NUM = 9.
[2025-10-16 11:30:18,775] [INFO] EXIT: 'DisambiguationAgent' calling '_removing_repetitive_sentences' (2.1457672119140625e-05 secs).
[2025-10-16 11:30:18,775] [INFO] ENTER: 'DisambiguationAgent' calling '_choose_the_most_persuasive_sentences'; CURRENT SPEAKER: grok-4_mas_rag, DIALOGUE TURN NUM = 9.
[2025-10-16 11:30:20,714] [INFO] 'DisambiguationAgent': reached maximum allowed sentences, succussfully chose most persuasive sentences, completion returned and validated from MODEL = 'grok-4'.
[2025-10-16 11:30:20,714] [INFO] EXIT: 'DisambiguationAgent' calling '_choose_the_most_persuasive_sentences' (1.9388236999511719 secs).
[2025-10-16 11:30:20,714] [INFO] ENTER: 'DisambiguationAgent' calling 'return_disambiguated_sentences'; CURRENT SPEAKER: grok-4_mas_rag, DIALOGUE TURN NUM = 9.
[2025-10-16 11:30:20,714] [INFO] EXIT: 'DisambiguationAgent' calling 'return_disambiguated_sentences' (2.1457672119140625e-06 secs).
[2025-10-16 11:30:20,714] [ERROR] Wrong state used; State of type HumanState; error message: dict has unexpected extra key(s): "graph_rag_examples", "intermediate_generations", "knowledge_base_ensemble_or_model_name", "model_seed", "model_temp", "model_top_p", "number_of_graph_rag_examples", "number_of_vector_based_rag_examples", "political_position_prob_of_na", "political_position_range", "political_position_std", "speaker_model_name", "speaker_type", "vector_based_persona_string", "vector_based_persona_sys_prompt"
[2025-10-16 11:30:20,715] [INFO] Correct state used; State of type GenerationAgentsState; 'IGNORE THE ABOVE ERRORS'.
[2025-10-16 11:30:21,412] [INFO] 'commitment_update' completed '___Since___' update; MODEL = 'grok-4'.
[2025-10-16 11:30:25,262] [INFO] 'commitment_update' completed '___Claim___' update for current speaker's commitments; MODEL = 'grok-4'.
[2025-10-16 11:30:25,364] [ERROR] Wrong state used; State of type HumanState; error message: dict has unexpected extra key(s): "graph_rag_examples", "intermediate_generations", "knowledge_base_ensemble_or_model_name", "model_seed", "model_temp", "model_top_p", "number_of_graph_rag_examples", "number_of_vector_based_rag_examples", "political_position_prob_of_na", "political_position_range", "political_position_std", "speaker_model_name", "speaker_type", "vector_based_persona_string", "vector_based_persona_sys_prompt"
[2025-10-16 11:30:25,364] [INFO] Correct state used; State of type GenerationAgentsState; 'IGNORE THE ABOVE ERRORS'.
[2025-10-16 11:30:25,364] [INFO] ENTER: 'UtteranceClassificationAgent' calling '_classify_sentence_utterance_types'; CURRENT SPEAKER: grok-4_mas, DIALOGUE TURN NUM = 10.
[2025-10-16 11:30:26,203] [INFO] 'UtteranceClassificationAgent' completion returned and validated from MODEL = 'ModelName.GROK_4'.
[2025-10-16 11:30:26,744] [INFO] 'UtteranceClassificationAgent' completion returned and validated from MODEL = 'ModelName.GROK_4'.
[2025-10-16 11:30:27,304] [INFO] 'UtteranceClassificationAgent' completion returned and validated from MODEL = 'ModelName.GROK_4'.
[2025-10-16 11:30:27,850] [INFO] 'UtteranceClassificationAgent' completion returned and validated from MODEL = 'ModelName.GROK_4'.
[2025-10-16 11:30:28,448] [INFO] 'UtteranceClassificationAgent' completion returned and validated from MODEL = 'ModelName.GROK_4'.
[2025-10-16 11:30:29,001] [INFO] 'UtteranceClassificationAgent' completion returned and validated from MODEL = 'ModelName.GROK_4'.
[2025-10-16 11:30:29,001] [INFO] EXIT: 'UtteranceClassificationAgent' calling '_classify_sentence_utterance_types' (3.6371829509735107 secs).
[2025-10-16 11:30:29,001] [INFO] ENTER: 'UtteranceClassificationAgent' calling 'return_classified_sentences'; CURRENT SPEAKER: grok-4_mas, DIALOGUE TURN NUM = 10.
[2025-10-16 11:30:29,001] [INFO] EXIT: 'UtteranceClassificationAgent' calling 'return_classified_sentences' (2.6226043701171875e-06 secs).
[2025-10-16 11:30:29,003] [INFO] ENTER: 'DialogueMoveGenerator' calling 'generate'; CURRENT SPEAKER: grok-4_mas, DIALOGUE TURN NUM = 10.
[2025-10-16 11:30:29,005] [INFO] ENTER: 'MASPromptGenerator' calling 'claim_negation'; CURRENT SPEAKER: grok-4_mas, DIALOGUE TURN NUM = 10.
[2025-10-16 11:30:29,005] [INFO] EXIT: 'MASPromptGenerator' calling 'claim_negation' (3.814697265625e-05 secs).
[2025-10-16 11:30:29,005] [INFO] ENTER: 'DialogueMoveGenerator' calling 'generate'; CURRENT SPEAKER: grok-4_mas, DIALOGUE TURN NUM = 10.
[2025-10-16 11:30:29,005] [INFO] ENTER: 'MASPromptGenerator' calling 'concede_claim'; CURRENT SPEAKER: grok-4_mas, DIALOGUE TURN NUM = 10.
[2025-10-16 11:30:29,005] [INFO] EXIT: 'MASPromptGenerator' calling 'concede_claim' (3.8623809814453125e-05 secs).
[2025-10-16 11:30:29,006] [INFO] ENTER: 'DialogueMoveGenerator' calling 'generate'; CURRENT SPEAKER: grok-4_mas, DIALOGUE TURN NUM = 10.
[2025-10-16 11:30:29,006] [INFO] ENTER: 'MASPromptGenerator' calling 'question_claim'; CURRENT SPEAKER: grok-4_mas, DIALOGUE TURN NUM = 10.
[2025-10-16 11:30:29,006] [INFO] EXIT: 'MASPromptGenerator' calling 'question_claim' (2.7179718017578125e-05 secs).
[2025-10-16 11:30:29,008] [INFO] ENTER: 'DialogueMoveGenerator' calling 'generate'; CURRENT SPEAKER: grok-4_mas, DIALOGUE TURN NUM = 10.
[2025-10-16 11:30:29,008] [INFO] ENTER: 'MASPromptGenerator' calling 'why_claim'; CURRENT SPEAKER: grok-4_mas, DIALOGUE TURN NUM = 10.
[2025-10-16 11:30:29,008] [INFO] EXIT: 'MASPromptGenerator' calling 'why_claim' (2.8848648071289062e-05 secs).
[2025-10-16 11:30:30,378] [INFO] Completion returned and validated from MODEL = 'grok-4'.
[2025-10-16 11:30:30,582] [INFO] Completion returned and validated from MODEL = 'grok-4'.
[2025-10-16 11:30:30,848] [INFO] Completion returned and validated from MODEL = 'grok-4'.
[2025-10-16 11:30:31,033] [INFO] Completion returned and validated from MODEL = 'grok-4'.
[2025-10-16 11:30:32,335] [INFO] Completion returned and validated from MODEL = 'grok-4'.
[2025-10-16 11:30:32,384] [INFO] Completion returned and validated from MODEL = 'grok-4'.
[2025-10-16 11:30:32,633] [INFO] Completion returned and validated from MODEL = 'grok-4'.
[2025-10-16 11:30:32,685] [INFO] Completion returned and validated from MODEL = 'grok-4'.
[2025-10-16 11:30:33,721] [INFO] Completion returned and validated from MODEL = 'grok-4'.
[2025-10-16 11:30:34,691] [INFO] Completion returned and validated from MODEL = 'grok-4'.
[2025-10-16 11:30:34,906] [INFO] Completion returned and validated from MODEL = 'grok-4'.
[2025-10-16 11:30:34,924] [INFO] Completion returned and validated from MODEL = 'grok-4'.
[2025-10-16 11:30:35,444] [INFO] Completion returned and validated from MODEL = 'grok-4'.
[2025-10-16 11:30:36,940] [INFO] Completion returned and validated from MODEL = 'grok-4'.
[2025-10-16 11:30:36,987] [INFO] Completion returned and validated from MODEL = 'grok-4'.
[2025-10-16 11:30:36,987] [INFO] EXIT: 'DialogueMoveGenerator' calling 'generate' (7.982316732406616 secs).
[2025-10-16 11:30:36,995] [INFO] Completion returned and validated from MODEL = 'grok-4'.
[2025-10-16 11:30:37,227] [INFO] Completion returned and validated from MODEL = 'grok-4'.
[2025-10-16 11:30:38,508] [INFO] Completion returned and validated from MODEL = 'grok-4'.
[2025-10-16 11:30:38,799] [INFO] Completion returned and validated from MODEL = 'grok-4'.
[2025-10-16 11:30:38,799] [INFO] EXIT: 'DialogueMoveGenerator' calling 'generate' (9.793700695037842 secs).
[2025-10-16 11:30:38,870] [INFO] Completion returned and validated from MODEL = 'grok-4'.
[2025-10-16 11:30:40,304] [INFO] Completion returned and validated from MODEL = 'grok-4'.
[2025-10-16 11:30:40,304] [INFO] EXIT: 'DialogueMoveGenerator' calling 'generate' (11.298929214477539 secs).
[2025-10-16 11:30:40,490] [INFO] Completion returned and validated from MODEL = 'grok-4'.
[2025-10-16 11:30:40,490] [INFO] EXIT: 'DialogueMoveGenerator' calling 'generate' (11.48157262802124 secs).
[2025-10-16 11:30:40,491] [INFO] ENTER: 'MASPromptGenerator' calling 'persuasiveness_choice'; CURRENT SPEAKER: grok-4_mas, DIALOGUE TURN NUM = 10.
[2025-10-16 11:30:40,491] [INFO] EXIT: 'MASPromptGenerator' calling 'persuasiveness_choice' (0.0001595020294189453 secs).
[2025-10-16 11:30:42,856] [INFO] Completion returned and validated within 'PersuasivenessChoiceAgent'; MODEL = 'grok-4'; DIALOGUE TURN NUM = 10.
[2025-10-16 11:30:45,219] [INFO] Completion returned and validated within 'PersuasivenessChoiceAgent'; MODEL = 'grok-4'; DIALOGUE TURN NUM = 10.
[2025-10-16 11:30:46,852] [INFO] Completion returned and validated within 'PersuasivenessChoiceAgent'; MODEL = 'grok-4'; DIALOGUE TURN NUM = 10.
[2025-10-16 11:30:48,871] [INFO] Completion returned and validated within 'PersuasivenessChoiceAgent'; MODEL = 'grok-4'; DIALOGUE TURN NUM = 10.
[2025-10-16 11:30:50,487] [INFO] Completion returned and validated within 'PersuasivenessChoiceAgent'; MODEL = 'grok-4'; DIALOGUE TURN NUM = 10.
[2025-10-16 11:30:52,309] [INFO] Completion returned and validated within 'PersuasivenessChoiceAgent'; MODEL = 'grok-4'; DIALOGUE TURN NUM = 10.
[2025-10-16 11:30:52,309] [INFO] ENTER: 'DisambiguationAgent' calling '_grouping_similar_utterance_types'; CURRENT SPEAKER: grok-4_mas, DIALOGUE TURN NUM = 10.
[2025-10-16 11:30:52,309] [INFO] EXIT: 'DisambiguationAgent' calling '_grouping_similar_utterance_types' (1.430511474609375e-05 secs).
[2025-10-16 11:30:52,309] [INFO] ENTER: 'DisambiguationAgent' calling '_identifying_similar_sentences_and_choosing_one_to_return_to_user'; CURRENT SPEAKER: grok-4_mas, DIALOGUE TURN NUM = 10.
[2025-10-16 11:30:55,937] [INFO] 'DisambiguationAgent' grouped similar sentences, completion returned and validated; MODEL = 'grok-4'.
[2025-10-16 11:30:56,714] [INFO] 'DisambiguationAgent' chose sentences to remove, completion returned and validated from MODEL = 'grok-4'.
[2025-10-16 11:30:57,871] [INFO] 'DisambiguationAgent' chose sentences to remove, completion returned and validated from MODEL = 'grok-4'.
[2025-10-16 11:30:57,871] [INFO] EXIT: 'DisambiguationAgent' calling '_identifying_similar_sentences_and_choosing_one_to_return_to_user' (5.561514139175415 secs).
[2025-10-16 11:30:57,871] [INFO] ENTER: 'DisambiguationAgent' calling '_identifying_similar_sentences_and_choosing_one_to_return_to_user'; CURRENT SPEAKER: grok-4_mas, DIALOGUE TURN NUM = 10.
[2025-10-16 11:31:01,257] [INFO] 'DisambiguationAgent' grouped similar sentences, completion returned and validated; MODEL = 'grok-4'.
[2025-10-16 11:31:02,138] [INFO] 'DisambiguationAgent' chose sentences to remove, completion returned and validated from MODEL = 'grok-4'.
[2025-10-16 11:31:03,165] [INFO] 'DisambiguationAgent' chose sentences to remove, completion returned and validated from MODEL = 'grok-4'.
[2025-10-16 11:31:03,961] [INFO] 'DisambiguationAgent' chose sentences to remove, completion returned and validated from MODEL = 'grok-4'.
[2025-10-16 11:31:03,961] [INFO] EXIT: 'DisambiguationAgent' calling '_identifying_similar_sentences_and_choosing_one_to_return_to_user' (6.0900938510894775 secs).
[2025-10-16 11:31:03,961] [INFO] ENTER: 'DisambiguationAgent' calling '_removing_repetitive_sentences'; CURRENT SPEAKER: grok-4_mas, DIALOGUE TURN NUM = 10.
[2025-10-16 11:31:03,961] [INFO] EXIT: 'DisambiguationAgent' calling '_removing_repetitive_sentences' (2.09808349609375e-05 secs).
[2025-10-16 11:31:03,961] [INFO] ENTER: 'DisambiguationAgent' calling '_choose_the_most_persuasive_sentences'; CURRENT SPEAKER: grok-4_mas, DIALOGUE TURN NUM = 10.
[2025-10-16 11:31:06,411] [INFO] 'DisambiguationAgent': reached maximum allowed sentences, succussfully chose most persuasive sentences, completion returned and validated from MODEL = 'grok-4'.
[2025-10-16 11:31:06,411] [INFO] EXIT: 'DisambiguationAgent' calling '_choose_the_most_persuasive_sentences' (2.4502017498016357 secs).
[2025-10-16 11:31:06,411] [INFO] ENTER: 'DisambiguationAgent' calling 'return_disambiguated_sentences'; CURRENT SPEAKER: grok-4_mas, DIALOGUE TURN NUM = 10.
[2025-10-16 11:31:06,411] [INFO] EXIT: 'DisambiguationAgent' calling 'return_disambiguated_sentences' (2.384185791015625e-06 secs).
[2025-10-16 11:31:06,412] [ERROR] Wrong state used; State of type HumanState; error message: dict has unexpected extra key(s): "graph_rag_examples", "intermediate_generations", "knowledge_base_ensemble_or_model_name", "model_seed", "model_temp", "model_top_p", "number_of_graph_rag_examples", "number_of_vector_based_rag_examples", "political_position_prob_of_na", "political_position_range", "political_position_std", "speaker_model_name", "speaker_type", "vector_based_persona_string", "vector_based_persona_sys_prompt"
[2025-10-16 11:31:06,412] [INFO] Correct state used; State of type GenerationAgentsState; 'IGNORE THE ABOVE ERRORS'.
[2025-10-16 11:31:07,213] [INFO] 'commitment_update' completed '___Claim___' update for current speaker's commitments; MODEL = 'grok-4'.
[2025-10-16 11:31:07,871] [INFO] 'commitment_update' completed '___Claim___' update for current speaker's commitments; MODEL = 'grok-4'.
[2025-10-16 11:31:07,956] [ERROR] Wrong state used; State of type HumanState; error message: dict has unexpected extra key(s): "graph_rag_examples", "intermediate_generations", "knowledge_base_ensemble_or_model_name", "model_seed", "model_temp", "model_top_p", "number_of_graph_rag_examples", "number_of_vector_based_rag_examples", "political_position_prob_of_na", "political_position_range", "political_position_std", "speaker_model_name", "speaker_type", "vector_based_persona_string", "vector_based_persona_sys_prompt"
[2025-10-16 11:31:07,956] [INFO] Correct state used; State of type GenerationAgentsState; 'IGNORE THE ABOVE ERRORS'.
[2025-10-16 11:31:07,956] [INFO] ENTER: 'UtteranceClassificationAgent' calling '_classify_sentence_utterance_types'; CURRENT SPEAKER: grok-4_mas_rag, DIALOGUE TURN NUM = 11.
[2025-10-16 11:31:08,508] [INFO] 'UtteranceClassificationAgent' completion returned and validated from MODEL = 'ModelName.GROK_4'.
[2025-10-16 11:31:09,062] [INFO] 'UtteranceClassificationAgent' completion returned and validated from MODEL = 'ModelName.GROK_4'.
[2025-10-16 11:31:09,599] [INFO] 'UtteranceClassificationAgent' completion returned and validated from MODEL = 'ModelName.GROK_4'.
[2025-10-16 11:31:10,251] [INFO] 'UtteranceClassificationAgent' completion returned and validated from MODEL = 'ModelName.GROK_4'.
[2025-10-16 11:31:10,810] [INFO] 'UtteranceClassificationAgent' completion returned and validated from MODEL = 'ModelName.GROK_4'.
[2025-10-16 11:31:10,810] [INFO] EXIT: 'UtteranceClassificationAgent' calling '_classify_sentence_utterance_types' (2.853912830352783 secs).
[2025-10-16 11:31:10,810] [INFO] ENTER: 'UtteranceClassificationAgent' calling 'return_classified_sentences'; CURRENT SPEAKER: grok-4_mas_rag, DIALOGUE TURN NUM = 11.
[2025-10-16 11:31:10,810] [INFO] EXIT: 'UtteranceClassificationAgent' calling 'return_classified_sentences' (1.6689300537109375e-06 secs).
[2025-10-16 11:31:10,834] [INFO] ENTER: 'GraphRAG' calling 'why'; CURRENT SPEAKER: grok-4_mas_rag, DIALOGUE TURN NUM = 11.
[2025-10-16 11:31:10,834] [INFO] ENTER: 'GraphRAG' calling 'query_graph'; CURRENT SPEAKER: grok-4_mas_rag, DIALOGUE TURN NUM = 11.
[2025-10-16 11:31:11,567] [INFO] EXIT: 'GraphRAG' calling 'query_graph' (0.7333047389984131 secs).
[2025-10-16 11:31:11,567] [INFO] EXIT: 'GraphRAG' calling 'why' (0.7337174415588379 secs).
[2025-10-16 11:31:11,567] [INFO] ENTER: 'GraphRAG' calling 'concede'; CURRENT SPEAKER: grok-4_mas_rag, DIALOGUE TURN NUM = 11.
[2025-10-16 11:31:11,568] [INFO] ENTER: 'GraphRAG' calling 'query_graph'; CURRENT SPEAKER: grok-4_mas_rag, DIALOGUE TURN NUM = 11.
[2025-10-16 11:31:12,257] [INFO] EXIT: 'GraphRAG' calling 'query_graph' (0.6887679100036621 secs).
[2025-10-16 11:31:12,257] [INFO] EXIT: 'GraphRAG' calling 'concede' (0.6891441345214844 secs).
[2025-10-16 11:31:12,257] [INFO] ENTER: 'GraphRAG' calling 'question'; CURRENT SPEAKER: grok-4_mas_rag, DIALOGUE TURN NUM = 11.
[2025-10-16 11:31:12,257] [INFO] ENTER: 'GraphRAG' calling 'query_graph'; CURRENT SPEAKER: grok-4_mas_rag, DIALOGUE TURN NUM = 11.
[2025-10-16 11:31:12,920] [INFO] EXIT: 'GraphRAG' calling 'query_graph' (0.6628122329711914 secs).
[2025-10-16 11:31:12,920] [INFO] EXIT: 'GraphRAG' calling 'question' (0.6632063388824463 secs).
[2025-10-16 11:31:12,936] [INFO] ENTER: 'GraphRAG' calling 'since'; CURRENT SPEAKER: grok-4_mas_rag, DIALOGUE TURN NUM = 11.
[2025-10-16 11:31:12,937] [INFO] ENTER: 'GraphRAG' calling 'query_graph'; CURRENT SPEAKER: grok-4_mas_rag, DIALOGUE TURN NUM = 11.
[2025-10-16 11:31:12,963] [INFO] EXIT: 'GraphRAG' calling 'query_graph' (0.025858640670776367 secs).
[2025-10-16 11:31:12,963] [INFO] EXIT: 'GraphRAG' calling 'since' (0.02625560760498047 secs).
[2025-10-16 11:31:12,963] [INFO] ENTER: 'GraphRAG' calling 'claim'; CURRENT SPEAKER: grok-4_mas_rag, DIALOGUE TURN NUM = 11.
[2025-10-16 11:31:12,963] [INFO] ENTER: 'GraphRAG' calling 'query_graph'; CURRENT SPEAKER: grok-4_mas_rag, DIALOGUE TURN NUM = 11.
[2025-10-16 11:31:12,984] [INFO] EXIT: 'GraphRAG' calling 'query_graph' (0.02062368392944336 secs).
[2025-10-16 11:31:12,984] [INFO] EXIT: 'GraphRAG' calling 'claim' (0.02097916603088379 secs).
[2025-10-16 11:31:13,002] [INFO] ENTER: 'GraphRAG' calling 'since'; CURRENT SPEAKER: grok-4_mas_rag, DIALOGUE TURN NUM = 11.
[2025-10-16 11:31:13,002] [INFO] ENTER: 'GraphRAG' calling 'query_graph'; CURRENT SPEAKER: grok-4_mas_rag, DIALOGUE TURN NUM = 11.
[2025-10-16 11:31:13,028] [INFO] EXIT: 'GraphRAG' calling 'query_graph' (0.02576446533203125 secs).
[2025-10-16 11:31:13,028] [INFO] EXIT: 'GraphRAG' calling 'since' (0.026155710220336914 secs).
[2025-10-16 11:31:13,028] [INFO] ENTER: 'GraphRAG' calling 'claim'; CURRENT SPEAKER: grok-4_mas_rag, DIALOGUE TURN NUM = 11.
[2025-10-16 11:31:13,028] [INFO] ENTER: 'GraphRAG' calling 'query_graph'; CURRENT SPEAKER: grok-4_mas_rag, DIALOGUE TURN NUM = 11.
[2025-10-16 11:31:13,048] [INFO] EXIT: 'GraphRAG' calling 'query_graph' (0.02022099494934082 secs).
[2025-10-16 11:31:13,049] [INFO] EXIT: 'GraphRAG' calling 'claim' (0.020586490631103516 secs).
[2025-10-16 11:31:13,066] [INFO] ENTER: 'GraphRAG' calling 'since'; CURRENT SPEAKER: grok-4_mas_rag, DIALOGUE TURN NUM = 11.
[2025-10-16 11:31:13,066] [INFO] ENTER: 'GraphRAG' calling 'query_graph'; CURRENT SPEAKER: grok-4_mas_rag, DIALOGUE TURN NUM = 11.
[2025-10-16 11:31:13,092] [INFO] EXIT: 'GraphRAG' calling 'query_graph' (0.02591562271118164 secs).
[2025-10-16 11:31:13,092] [INFO] EXIT: 'GraphRAG' calling 'since' (0.026332378387451172 secs).
[2025-10-16 11:31:13,092] [INFO] ENTER: 'GraphRAG' calling 'claim'; CURRENT SPEAKER: grok-4_mas_rag, DIALOGUE TURN NUM = 11.
[2025-10-16 11:31:13,093] [INFO] ENTER: 'GraphRAG' calling 'query_graph'; CURRENT SPEAKER: grok-4_mas_rag, DIALOGUE TURN NUM = 11.
[2025-10-16 11:31:13,112] [INFO] EXIT: 'GraphRAG' calling 'query_graph' (0.019609451293945312 secs).
[2025-10-16 11:31:13,112] [INFO] EXIT: 'GraphRAG' calling 'claim' (0.019975900650024414 secs).
[2025-10-16 11:31:13,131] [INFO] ENTER: 'GraphRAG' calling 'why'; CURRENT SPEAKER: grok-4_mas_rag, DIALOGUE TURN NUM = 11.
[2025-10-16 11:31:13,131] [INFO] ENTER: 'GraphRAG' calling 'query_graph'; CURRENT SPEAKER: grok-4_mas_rag, DIALOGUE TURN NUM = 11.
[2025-10-16 11:31:13,817] [INFO] EXIT: 'GraphRAG' calling 'query_graph' (0.685981273651123 secs).
[2025-10-16 11:31:13,818] [INFO] EXIT: 'GraphRAG' calling 'why' (0.6864080429077148 secs).
[2025-10-16 11:31:13,818] [INFO] ENTER: 'GraphRAG' calling 'claim_negation'; CURRENT SPEAKER: grok-4_mas_rag, DIALOGUE TURN NUM = 11.
[2025-10-16 11:31:13,818] [INFO] ENTER: 'GraphRAG' calling 'query_graph'; CURRENT SPEAKER: grok-4_mas_rag, DIALOGUE TURN NUM = 11.
[2025-10-16 11:31:14,477] [INFO] EXIT: 'GraphRAG' calling 'query_graph' (0.6590518951416016 secs).
[2025-10-16 11:31:14,477] [INFO] EXIT: 'GraphRAG' calling 'claim_negation' (0.6594529151916504 secs).
[2025-10-16 11:31:14,477] [INFO] ENTER: 'GraphRAG' calling 'concede'; CURRENT SPEAKER: grok-4_mas_rag, DIALOGUE TURN NUM = 11.
[2025-10-16 11:31:14,477] [INFO] ENTER: 'GraphRAG' calling 'query_graph'; CURRENT SPEAKER: grok-4_mas_rag, DIALOGUE TURN NUM = 11.
[2025-10-16 11:31:15,161] [INFO] EXIT: 'GraphRAG' calling 'query_graph' (0.6831896305084229 secs).
[2025-10-16 11:31:15,161] [INFO] EXIT: 'GraphRAG' calling 'concede' (0.6836118698120117 secs).
[2025-10-16 11:31:15,161] [INFO] ENTER: 'GraphRAG' calling 'question'; CURRENT SPEAKER: grok-4_mas_rag, DIALOGUE TURN NUM = 11.
[2025-10-16 11:31:15,161] [INFO] ENTER: 'GraphRAG' calling 'query_graph'; CURRENT SPEAKER: grok-4_mas_rag, DIALOGUE TURN NUM = 11.
[2025-10-16 11:31:15,290] [INFO] EXIT: 'GraphRAG' calling 'query_graph' (0.12937402725219727 secs).
[2025-10-16 11:31:15,291] [INFO] EXIT: 'GraphRAG' calling 'question' (0.12978315353393555 secs).
[2025-10-16 11:31:15,291] [INFO] ENTER: 'GraphRAG' calling 'return_rag_examples'; CURRENT SPEAKER: grok-4_mas_rag, DIALOGUE TURN NUM = 11.
[2025-10-16 11:31:15,291] [INFO] EXIT: 'GraphRAG' calling 'return_rag_examples' (2.1457672119140625e-06 secs).
[2025-10-16 11:31:15,293] [INFO] ENTER: 'DialogueMoveGenerator' calling 'generate'; CURRENT SPEAKER: grok-4_mas_rag, DIALOGUE TURN NUM = 11.
[2025-10-16 11:31:15,294] [INFO] ENTER: 'DialogueMoveGenerator' calling 'generate'; CURRENT SPEAKER: grok-4_mas_rag, DIALOGUE TURN NUM = 11.
[2025-10-16 11:31:15,294] [INFO] ENTER: 'MASPromptGenerator' calling 'claim'; CURRENT SPEAKER: grok-4_mas_rag, DIALOGUE TURN NUM = 11.
[2025-10-16 11:31:15,294] [INFO] ENTER: 'MASPromptGenerator' calling 'claim_negation'; CURRENT SPEAKER: grok-4_mas_rag, DIALOGUE TURN NUM = 11.
[2025-10-16 11:31:15,294] [INFO] ENTER: 'DialogueMoveGenerator' calling 'generate'; CURRENT SPEAKER: grok-4_mas_rag, DIALOGUE TURN NUM = 11.
[2025-10-16 11:31:15,295] [INFO] EXIT: 'MASPromptGenerator' calling 'claim' (0.00011348724365234375 secs).
[2025-10-16 11:31:15,295] [INFO] EXIT: 'MASPromptGenerator' calling 'claim_negation' (5.698204040527344e-05 secs).
[2025-10-16 11:31:15,295] [INFO] ENTER: 'MASPromptGenerator' calling 'concede_claim'; CURRENT SPEAKER: grok-4_mas_rag, DIALOGUE TURN NUM = 11.
[2025-10-16 11:31:15,295] [INFO] ENTER: 'DialogueMoveGenerator' calling 'generate'; CURRENT SPEAKER: grok-4_mas_rag, DIALOGUE TURN NUM = 11.
[2025-10-16 11:31:15,297] [INFO] EXIT: 'MASPromptGenerator' calling 'concede_claim' (6.461143493652344e-05 secs).
[2025-10-16 11:31:15,297] [INFO] ENTER: 'DialogueMoveGenerator' calling 'generate'; CURRENT SPEAKER: grok-4_mas_rag, DIALOGUE TURN NUM = 11.
[2025-10-16 11:31:15,297] [INFO] ENTER: 'MASPromptGenerator' calling 'question_claim'; CURRENT SPEAKER: grok-4_mas_rag, DIALOGUE TURN NUM = 11.
[2025-10-16 11:31:15,298] [INFO] ENTER: 'DialogueMoveGenerator' calling 'generate'; CURRENT SPEAKER: grok-4_mas_rag, DIALOGUE TURN NUM = 11.
[2025-10-16 11:31:15,298] [INFO] ENTER: 'DialogueMoveGenerator' calling 'generate'; CURRENT SPEAKER: grok-4_mas_rag, DIALOGUE TURN NUM = 11.
[2025-10-16 11:31:15,299] [INFO] ENTER: 'MASPromptGenerator' calling 'retract_claim'; CURRENT SPEAKER: grok-4_mas_rag, DIALOGUE TURN NUM = 11.
[2025-10-16 11:31:15,299] [INFO] EXIT: 'MASPromptGenerator' calling 'question_claim' (0.00011277198791503906 secs).
[2025-10-16 11:31:15,299] [INFO] ENTER: 'MASPromptGenerator' calling 'since_claim'; CURRENT SPEAKER: grok-4_mas_rag, DIALOGUE TURN NUM = 11.
[2025-10-16 11:31:15,299] [INFO] ENTER: 'MASPromptGenerator' calling 'why_claim'; CURRENT SPEAKER: grok-4_mas_rag, DIALOGUE TURN NUM = 11.
[2025-10-16 11:31:15,299] [INFO] EXIT: 'MASPromptGenerator' calling 'retract_claim' (6.985664367675781e-05 secs).
[2025-10-16 11:31:15,300] [INFO] EXIT: 'MASPromptGenerator' calling 'since_claim' (8.368492126464844e-05 secs).
[2025-10-16 11:31:15,300] [INFO] EXIT: 'MASPromptGenerator' calling 'why_claim' (4.744529724121094e-05 secs).
[2025-10-16 11:31:16,886] [INFO] Completion returned and validated from MODEL = 'grok-4'.
[2025-10-16 11:31:17,823] [INFO] Completion returned and validated from MODEL = 'grok-4'.
[2025-10-16 11:31:17,832] [INFO] Completion returned and validated from MODEL = 'grok-4'.
[2025-10-16 11:31:17,902] [INFO] Completion returned and validated from MODEL = 'grok-4'.
[2025-10-16 11:31:17,902] [INFO] EXIT: 'DialogueMoveGenerator' calling 'generate' (2.6079347133636475 secs).
[2025-10-16 11:31:18,186] [INFO] Completion returned and validated from MODEL = 'grok-4'.
[2025-10-16 11:31:18,222] [INFO] Completion returned and validated from MODEL = 'grok-4'.
[2025-10-16 11:31:18,799] [INFO] Completion returned and validated from MODEL = 'grok-4'.
[2025-10-16 11:31:19,661] [INFO] Completion returned and validated from MODEL = 'grok-4'.
[2025-10-16 11:31:19,661] [INFO] EXIT: 'DialogueMoveGenerator' calling 'generate' (4.361811876296997 secs).
[2025-10-16 11:31:19,968] [INFO] Completion returned and validated from MODEL = 'grok-4'.
[2025-10-16 11:31:19,993] [INFO] Completion returned and validated from MODEL = 'grok-4'.
[2025-10-16 11:31:21,438] [INFO] Completion returned and validated from MODEL = 'grok-4'.
[2025-10-16 11:31:21,580] [INFO] Completion returned and validated from MODEL = 'grok-4'.
[2025-10-16 11:31:21,580] [INFO] EXIT: 'DialogueMoveGenerator' calling 'generate' (6.286208152770996 secs).
[2025-10-16 11:31:23,374] [INFO] Completion returned and validated from MODEL = 'grok-4'.
[2025-10-16 11:31:23,374] [INFO] EXIT: 'DialogueMoveGenerator' calling 'generate' (8.078940153121948 secs).
[2025-10-16 11:31:23,631] [INFO] Completion returned and validated from MODEL = 'grok-4'.
[2025-10-16 11:31:23,631] [INFO] EXIT: 'DialogueMoveGenerator' calling 'generate' (8.33263635635376 secs).
[2025-10-16 11:31:23,911] [INFO] Completion returned and validated from MODEL = 'grok-4'.
[2025-10-16 11:31:23,911] [INFO] EXIT: 'DialogueMoveGenerator' calling 'generate' (8.612383365631104 secs).
[2025-10-16 11:31:25,135] [INFO] Completion returned and validated from MODEL = 'grok-4'.
[2025-10-16 11:31:25,135] [INFO] EXIT: 'DialogueMoveGenerator' calling 'generate' (9.837685346603394 secs).
[2025-10-16 11:31:25,136] [INFO] ENTER: 'MASPromptGenerator' calling 'persuasiveness_choice'; CURRENT SPEAKER: grok-4_mas_rag, DIALOGUE TURN NUM = 11.
[2025-10-16 11:31:25,136] [INFO] EXIT: 'MASPromptGenerator' calling 'persuasiveness_choice' (0.00018262863159179688 secs).
[2025-10-16 11:31:26,474] [INFO] Completion returned and validated within 'PersuasivenessChoiceAgent'; MODEL = 'grok-4'; DIALOGUE TURN NUM = 11.
[2025-10-16 11:31:28,900] [INFO] Completion returned and validated within 'PersuasivenessChoiceAgent'; MODEL = 'grok-4'; DIALOGUE TURN NUM = 11.
[2025-10-16 11:31:31,343] [INFO] Completion returned and validated within 'PersuasivenessChoiceAgent'; MODEL = 'grok-4'; DIALOGUE TURN NUM = 11.
[2025-10-16 11:31:33,893] [INFO] Completion returned and validated within 'PersuasivenessChoiceAgent'; MODEL = 'grok-4'; DIALOGUE TURN NUM = 11.
[2025-10-16 11:31:35,648] [INFO] Completion returned and validated within 'PersuasivenessChoiceAgent'; MODEL = 'grok-4'; DIALOGUE TURN NUM = 11.
[2025-10-16 11:31:35,648] [INFO] ENTER: 'DisambiguationAgent' calling '_grouping_similar_utterance_types'; CURRENT SPEAKER: grok-4_mas_rag, DIALOGUE TURN NUM = 11.
[2025-10-16 11:31:35,648] [INFO] EXIT: 'DisambiguationAgent' calling '_grouping_similar_utterance_types' (1.2159347534179688e-05 secs).
[2025-10-16 11:31:35,648] [INFO] ENTER: 'DisambiguationAgent' calling '_identifying_similar_sentences_and_choosing_one_to_return_to_user'; CURRENT SPEAKER: grok-4_mas_rag, DIALOGUE TURN NUM = 11.
[2025-10-16 11:31:41,414] [INFO] 'DisambiguationAgent' grouped similar sentences, completion returned and validated; MODEL = 'grok-4'.
[2025-10-16 11:31:42,208] [INFO] 'DisambiguationAgent' chose sentences to remove, completion returned and validated from MODEL = 'grok-4'.
[2025-10-16 11:31:46,096] [INFO] 'DisambiguationAgent' chose sentences to remove, completion returned and validated from MODEL = 'grok-4'.
[2025-10-16 11:31:46,096] [INFO] EXIT: 'DisambiguationAgent' calling '_identifying_similar_sentences_and_choosing_one_to_return_to_user' (10.447151184082031 secs).
[2025-10-16 11:31:46,096] [INFO] ENTER: 'DisambiguationAgent' calling '_identifying_similar_sentences_and_choosing_one_to_return_to_user'; CURRENT SPEAKER: grok-4_mas_rag, DIALOGUE TURN NUM = 11.
[2025-10-16 11:31:47,945] [INFO] 'DisambiguationAgent' grouped similar sentences, completion returned and validated; MODEL = 'grok-4'.
[2025-10-16 11:31:48,755] [INFO] 'DisambiguationAgent' chose sentences to remove, completion returned and validated from MODEL = 'grok-4'.
[2025-10-16 11:31:52,532] [INFO] 'DisambiguationAgent' chose sentences to remove, completion returned and validated from MODEL = 'grok-4'.
[2025-10-16 11:31:52,532] [INFO] EXIT: 'DisambiguationAgent' calling '_identifying_similar_sentences_and_choosing_one_to_return_to_user' (6.436753034591675 secs).
[2025-10-16 11:31:52,532] [INFO] ENTER: 'DisambiguationAgent' calling '_removing_repetitive_sentences'; CURRENT SPEAKER: grok-4_mas_rag, DIALOGUE TURN NUM = 11.
[2025-10-16 11:31:52,533] [INFO] EXIT: 'DisambiguationAgent' calling '_removing_repetitive_sentences' (1.71661376953125e-05 secs).
[2025-10-16 11:31:52,533] [INFO] ENTER: 'DisambiguationAgent' calling '_choose_the_most_persuasive_sentences'; CURRENT SPEAKER: grok-4_mas_rag, DIALOGUE TURN NUM = 11.
[2025-10-16 11:31:54,530] [INFO] 'DisambiguationAgent': reached maximum allowed sentences, succussfully chose most persuasive sentences, completion returned and validated from MODEL = 'grok-4'.
[2025-10-16 11:31:54,530] [INFO] EXIT: 'DisambiguationAgent' calling '_choose_the_most_persuasive_sentences' (1.9977169036865234 secs).
[2025-10-16 11:31:54,530] [INFO] ENTER: 'DisambiguationAgent' calling 'return_disambiguated_sentences'; CURRENT SPEAKER: grok-4_mas_rag, DIALOGUE TURN NUM = 11.
[2025-10-16 11:31:54,530] [INFO] EXIT: 'DisambiguationAgent' calling 'return_disambiguated_sentences' (3.337860107421875e-06 secs).
[2025-10-16 11:31:54,531] [ERROR] Wrong state used; State of type HumanState; error message: dict has unexpected extra key(s): "graph_rag_examples", "intermediate_generations", "knowledge_base_ensemble_or_model_name", "model_seed", "model_temp", "model_top_p", "number_of_graph_rag_examples", "number_of_vector_based_rag_examples", "political_position_prob_of_na", "political_position_range", "political_position_std", "speaker_model_name", "speaker_type", "vector_based_persona_string", "vector_based_persona_sys_prompt"
[2025-10-16 11:31:54,531] [INFO] Correct state used; State of type GenerationAgentsState; 'IGNORE THE ABOVE ERRORS'.
[2025-10-16 11:31:55,101] [INFO] 'commitment_update' completed '___Since___' update; MODEL = 'grok-4'.
[2025-10-16 11:31:55,659] [INFO] 'commitment_update' completed '___Claim___' update for current speaker's commitments; MODEL = 'grok-4'.
[2025-10-16 11:31:56,226] [INFO] 'commitment_update' completed '___Claim___' update for current speaker's commitments; MODEL = 'grok-4'.
[2025-10-16 11:31:56,336] [ERROR] Wrong state used; State of type HumanState; error message: dict has unexpected extra key(s): "graph_rag_examples", "intermediate_generations", "knowledge_base_ensemble_or_model_name", "model_seed", "model_temp", "model_top_p", "number_of_graph_rag_examples", "number_of_vector_based_rag_examples", "political_position_prob_of_na", "political_position_range", "political_position_std", "speaker_model_name", "speaker_type", "vector_based_persona_string", "vector_based_persona_sys_prompt"
[2025-10-16 11:31:56,336] [INFO] Correct state used; State of type GenerationAgentsState; 'IGNORE THE ABOVE ERRORS'.
[2025-10-16 11:31:56,336] [INFO] ENTER: 'UtteranceClassificationAgent' calling '_classify_sentence_utterance_types'; CURRENT SPEAKER: grok-4_mas, DIALOGUE TURN NUM = 12.
[2025-10-16 11:32:04,876] [INFO] 'UtteranceClassificationAgent' completion returned and validated from MODEL = 'ModelName.GROK_4'.
[2025-10-16 11:32:05,452] [INFO] 'UtteranceClassificationAgent' completion returned and validated from MODEL = 'ModelName.GROK_4'.
[2025-10-16 11:32:05,998] [INFO] 'UtteranceClassificationAgent' completion returned and validated from MODEL = 'ModelName.GROK_4'.
[2025-10-16 11:32:06,558] [INFO] 'UtteranceClassificationAgent' completion returned and validated from MODEL = 'ModelName.GROK_4'.
[2025-10-16 11:32:07,101] [INFO] 'UtteranceClassificationAgent' completion returned and validated from MODEL = 'ModelName.GROK_4'.
[2025-10-16 11:32:07,101] [INFO] EXIT: 'UtteranceClassificationAgent' calling '_classify_sentence_utterance_types' (10.765274047851562 secs).
[2025-10-16 11:32:07,101] [INFO] ENTER: 'UtteranceClassificationAgent' calling 'return_classified_sentences'; CURRENT SPEAKER: grok-4_mas, DIALOGUE TURN NUM = 12.
[2025-10-16 11:32:07,102] [INFO] EXIT: 'UtteranceClassificationAgent' calling 'return_classified_sentences' (1.9073486328125e-06 secs).
[2025-10-16 11:32:07,105] [INFO] ENTER: 'DialogueMoveGenerator' calling 'generate'; CURRENT SPEAKER: grok-4_mas, DIALOGUE TURN NUM = 12.
[2025-10-16 11:32:07,105] [INFO] ENTER: 'MASPromptGenerator' calling 'claim'; CURRENT SPEAKER: grok-4_mas, DIALOGUE TURN NUM = 12.
[2025-10-16 11:32:07,105] [INFO] EXIT: 'MASPromptGenerator' calling 'claim' (4.267692565917969e-05 secs).
[2025-10-16 11:32:07,106] [INFO] ENTER: 'DialogueMoveGenerator' calling 'generate'; CURRENT SPEAKER: grok-4_mas, DIALOGUE TURN NUM = 12.
[2025-10-16 11:32:07,106] [INFO] ENTER: 'MASPromptGenerator' calling 'claim_negation'; CURRENT SPEAKER: grok-4_mas, DIALOGUE TURN NUM = 12.
[2025-10-16 11:32:07,106] [INFO] EXIT: 'MASPromptGenerator' calling 'claim_negation' (2.5033950805664062e-05 secs).
[2025-10-16 11:32:07,106] [INFO] ENTER: 'DialogueMoveGenerator' calling 'generate'; CURRENT SPEAKER: grok-4_mas, DIALOGUE TURN NUM = 12.
[2025-10-16 11:32:07,106] [INFO] ENTER: 'MASPromptGenerator' calling 'concede_claim'; CURRENT SPEAKER: grok-4_mas, DIALOGUE TURN NUM = 12.
[2025-10-16 11:32:07,106] [INFO] EXIT: 'MASPromptGenerator' calling 'concede_claim' (3.4332275390625e-05 secs).
[2025-10-16 11:32:07,107] [INFO] ENTER: 'DialogueMoveGenerator' calling 'generate'; CURRENT SPEAKER: grok-4_mas, DIALOGUE TURN NUM = 12.
[2025-10-16 11:32:07,107] [INFO] ENTER: 'MASPromptGenerator' calling 'question_claim'; CURRENT SPEAKER: grok-4_mas, DIALOGUE TURN NUM = 12.
[2025-10-16 11:32:07,107] [INFO] EXIT: 'MASPromptGenerator' calling 'question_claim' (4.291534423828125e-05 secs).
[2025-10-16 11:32:07,108] [INFO] ENTER: 'DialogueMoveGenerator' calling 'generate'; CURRENT SPEAKER: grok-4_mas, DIALOGUE TURN NUM = 12.
[2025-10-16 11:32:07,108] [INFO] ENTER: 'MASPromptGenerator' calling 'retract_claim'; CURRENT SPEAKER: grok-4_mas, DIALOGUE TURN NUM = 12.
[2025-10-16 11:32:07,108] [INFO] EXIT: 'MASPromptGenerator' calling 'retract_claim' (2.7418136596679688e-05 secs).
[2025-10-16 11:32:07,109] [INFO] ENTER: 'DialogueMoveGenerator' calling 'generate'; CURRENT SPEAKER: grok-4_mas, DIALOGUE TURN NUM = 12.
[2025-10-16 11:32:07,109] [INFO] ENTER: 'MASPromptGenerator' calling 'since_claim'; CURRENT SPEAKER: grok-4_mas, DIALOGUE TURN NUM = 12.
[2025-10-16 11:32:07,109] [INFO] EXIT: 'MASPromptGenerator' calling 'since_claim' (2.956390380859375e-05 secs).
[2025-10-16 11:32:07,109] [INFO] ENTER: 'DialogueMoveGenerator' calling 'generate'; CURRENT SPEAKER: grok-4_mas, DIALOGUE TURN NUM = 12.
[2025-10-16 11:32:07,111] [INFO] ENTER: 'MASPromptGenerator' calling 'why_claim'; CURRENT SPEAKER: grok-4_mas, DIALOGUE TURN NUM = 12.
[2025-10-16 11:32:07,111] [INFO] EXIT: 'MASPromptGenerator' calling 'why_claim' (2.5987625122070312e-05 secs).
[2025-10-16 11:32:08,652] [INFO] Completion returned and validated from MODEL = 'grok-4'.
[2025-10-16 11:32:08,948] [INFO] Completion returned and validated from MODEL = 'grok-4'.
[2025-10-16 11:32:08,982] [INFO] Completion returned and validated from MODEL = 'grok-4'.
[2025-10-16 11:32:08,986] [INFO] Completion returned and validated from MODEL = 'grok-4'.
[2025-10-16 11:32:09,011] [INFO] Completion returned and validated from MODEL = 'grok-4'.
[2025-10-16 11:32:09,058] [INFO] Completion returned and validated from MODEL = 'grok-4'.
[2025-10-16 11:32:09,064] [INFO] Completion returned and validated from MODEL = 'grok-4'.
[2025-10-16 11:32:09,724] [INFO] Completion returned and validated from MODEL = 'grok-4'.
[2025-10-16 11:32:10,784] [INFO] Completion returned and validated from MODEL = 'grok-4'.
[2025-10-16 11:32:10,946] [INFO] Completion returned and validated from MODEL = 'grok-4'.
[2025-10-16 11:32:10,946] [INFO] EXIT: 'DialogueMoveGenerator' calling 'generate' (3.839850664138794 secs).
[2025-10-16 11:32:10,966] [INFO] Completion returned and validated from MODEL = 'grok-4'.
[2025-10-16 11:32:10,966] [INFO] EXIT: 'DialogueMoveGenerator' calling 'generate' (3.8581061363220215 secs).
[2025-10-16 11:32:11,132] [INFO] Completion returned and validated from MODEL = 'grok-4'.
[2025-10-16 11:32:11,132] [INFO] EXIT: 'DialogueMoveGenerator' calling 'generate' (4.023391485214233 secs).
[2025-10-16 11:32:11,259] [INFO] Completion returned and validated from MODEL = 'grok-4'.
[2025-10-16 11:32:11,259] [INFO] EXIT: 'DialogueMoveGenerator' calling 'generate' (4.152760982513428 secs).
[2025-10-16 11:32:11,322] [INFO] Completion returned and validated from MODEL = 'grok-4'.
[2025-10-16 11:32:11,322] [INFO] EXIT: 'DialogueMoveGenerator' calling 'generate' (4.216537237167358 secs).
[2025-10-16 11:32:11,814] [INFO] Completion returned and validated from MODEL = 'grok-4'.
[2025-10-16 11:32:12,260] [INFO] Completion returned and validated from MODEL = 'grok-4'.
[2025-10-16 11:32:12,261] [INFO] EXIT: 'DialogueMoveGenerator' calling 'generate' (5.153257608413696 secs).
[2025-10-16 11:32:13,069] [INFO] Completion returned and validated from MODEL = 'grok-4'.
[2025-10-16 11:32:13,069] [INFO] EXIT: 'DialogueMoveGenerator' calling 'generate' (5.957669019699097 secs).
[2025-10-16 11:32:13,070] [INFO] ENTER: 'MASPromptGenerator' calling 'persuasiveness_choice'; CURRENT SPEAKER: grok-4_mas, DIALOGUE TURN NUM = 12.
[2025-10-16 11:32:13,070] [INFO] EXIT: 'MASPromptGenerator' calling 'persuasiveness_choice' (0.00013184547424316406 secs).
[2025-10-16 11:32:14,718] [INFO] Completion returned and validated within 'PersuasivenessChoiceAgent'; MODEL = 'grok-4'; DIALOGUE TURN NUM = 12.
[2025-10-16 11:32:16,634] [INFO] Completion returned and validated within 'PersuasivenessChoiceAgent'; MODEL = 'grok-4'; DIALOGUE TURN NUM = 12.
[2025-10-16 11:32:21,943] [INFO] Completion returned and validated within 'PersuasivenessChoiceAgent'; MODEL = 'grok-4'; DIALOGUE TURN NUM = 12.
[2025-10-16 11:32:24,296] [INFO] Completion returned and validated within 'PersuasivenessChoiceAgent'; MODEL = 'grok-4'; DIALOGUE TURN NUM = 12.
[2025-10-16 11:32:25,936] [INFO] Completion returned and validated within 'PersuasivenessChoiceAgent'; MODEL = 'grok-4'; DIALOGUE TURN NUM = 12.
[2025-10-16 11:32:25,937] [INFO] ENTER: 'DisambiguationAgent' calling '_grouping_similar_utterance_types'; CURRENT SPEAKER: grok-4_mas, DIALOGUE TURN NUM = 12.
[2025-10-16 11:32:25,937] [INFO] EXIT: 'DisambiguationAgent' calling '_grouping_similar_utterance_types' (1.239776611328125e-05 secs).
[2025-10-16 11:32:25,937] [INFO] ENTER: 'DisambiguationAgent' calling '_identifying_similar_sentences_and_choosing_one_to_return_to_user'; CURRENT SPEAKER: grok-4_mas, DIALOGUE TURN NUM = 12.
[2025-10-16 11:32:33,593] [INFO] 'DisambiguationAgent' grouped similar sentences, completion returned and validated; MODEL = 'grok-4'.
[2025-10-16 11:32:34,409] [INFO] 'DisambiguationAgent' chose sentences to remove, completion returned and validated from MODEL = 'grok-4'.
[2025-10-16 11:32:35,177] [INFO] 'DisambiguationAgent' chose sentences to remove, completion returned and validated from MODEL = 'grok-4'.
[2025-10-16 11:32:35,961] [INFO] 'DisambiguationAgent' chose sentences to remove, completion returned and validated from MODEL = 'grok-4'.
[2025-10-16 11:32:36,700] [INFO] 'DisambiguationAgent' chose sentences to remove, completion returned and validated from MODEL = 'grok-4'.
[2025-10-16 11:32:37,477] [INFO] 'DisambiguationAgent' chose sentences to remove, completion returned and validated from MODEL = 'grok-4'.
[2025-10-16 11:32:37,477] [INFO] EXIT: 'DisambiguationAgent' calling '_identifying_similar_sentences_and_choosing_one_to_return_to_user' (11.540083646774292 secs).
[2025-10-16 11:32:37,477] [INFO] ENTER: 'DisambiguationAgent' calling '_identifying_similar_sentences_and_choosing_one_to_return_to_user'; CURRENT SPEAKER: grok-4_mas, DIALOGUE TURN NUM = 12.
[2025-10-16 11:32:39,621] [INFO] 'DisambiguationAgent' grouped similar sentences, completion returned and validated; MODEL = 'grok-4'.
[2025-10-16 11:32:40,400] [INFO] 'DisambiguationAgent' chose sentences to remove, completion returned and validated from MODEL = 'grok-4'.
[2025-10-16 11:32:41,188] [INFO] 'DisambiguationAgent' chose sentences to remove, completion returned and validated from MODEL = 'grok-4'.
[2025-10-16 11:32:41,945] [INFO] 'DisambiguationAgent' chose sentences to remove, completion returned and validated from MODEL = 'grok-4'.
[2025-10-16 11:32:41,945] [INFO] EXIT: 'DisambiguationAgent' calling '_identifying_similar_sentences_and_choosing_one_to_return_to_user' (4.468132257461548 secs).
[2025-10-16 11:32:41,945] [INFO] ENTER: 'DisambiguationAgent' calling '_removing_repetitive_sentences'; CURRENT SPEAKER: grok-4_mas, DIALOGUE TURN NUM = 12.
[2025-10-16 11:32:41,945] [INFO] EXIT: 'DisambiguationAgent' calling '_removing_repetitive_sentences' (1.7881393432617188e-05 secs).
[2025-10-16 11:32:41,945] [INFO] ENTER: 'DisambiguationAgent' calling '_choose_the_most_persuasive_sentences'; CURRENT SPEAKER: grok-4_mas, DIALOGUE TURN NUM = 12.
[2025-10-16 11:32:43,604] [INFO] 'DisambiguationAgent': reached maximum allowed sentences, succussfully chose most persuasive sentences, completion returned and validated from MODEL = 'grok-4'.
[2025-10-16 11:32:43,604] [INFO] EXIT: 'DisambiguationAgent' calling '_choose_the_most_persuasive_sentences' (1.658858299255371 secs).
[2025-10-16 11:32:43,604] [INFO] ENTER: 'DisambiguationAgent' calling 'return_disambiguated_sentences'; CURRENT SPEAKER: grok-4_mas, DIALOGUE TURN NUM = 12.
[2025-10-16 11:32:43,604] [INFO] EXIT: 'DisambiguationAgent' calling 'return_disambiguated_sentences' (2.6226043701171875e-06 secs).
[2025-10-16 11:32:43,605] [ERROR] Wrong state used; State of type HumanState; error message: dict has unexpected extra key(s): "graph_rag_examples", "intermediate_generations", "knowledge_base_ensemble_or_model_name", "model_seed", "model_temp", "model_top_p", "number_of_graph_rag_examples", "number_of_vector_based_rag_examples", "political_position_prob_of_na", "political_position_range", "political_position_std", "speaker_model_name", "speaker_type", "vector_based_persona_string", "vector_based_persona_sys_prompt"
[2025-10-16 11:32:43,605] [INFO] Correct state used; State of type GenerationAgentsState; 'IGNORE THE ABOVE ERRORS'.
[2025-10-16 11:32:44,205] [INFO] 'commitment_update' completed '___Claim___' update for current speaker's commitments; MODEL = 'grok-4'.
[2025-10-16 11:32:44,833] [INFO] 'commitment_update' completed '___Claim___' update for current speaker's commitments; MODEL = 'grok-4'.
[2025-10-16 11:32:45,431] [INFO] 'commitment_update' completed '___Claim___' update for current speaker's commitments; MODEL = 'grok-4'.
[2025-10-16 11:32:45,506] [ERROR] Wrong state used; State of type HumanState; error message: dict has unexpected extra key(s): "graph_rag_examples", "intermediate_generations", "knowledge_base_ensemble_or_model_name", "model_seed", "model_temp", "model_top_p", "number_of_graph_rag_examples", "number_of_vector_based_rag_examples", "political_position_prob_of_na", "political_position_range", "political_position_std", "speaker_model_name", "speaker_type", "vector_based_persona_string", "vector_based_persona_sys_prompt"
[2025-10-16 11:32:45,506] [INFO] Correct state used; State of type GenerationAgentsState; 'IGNORE THE ABOVE ERRORS'.
[2025-10-16 11:32:45,506] [INFO] ENTER: 'UtteranceClassificationAgent' calling '_classify_sentence_utterance_types'; CURRENT SPEAKER: grok-4_mas_rag, DIALOGUE TURN NUM = 13.
[2025-10-16 11:32:46,084] [INFO] 'UtteranceClassificationAgent' completion returned and validated from MODEL = 'ModelName.GROK_4'.
[2025-10-16 11:32:46,620] [INFO] 'UtteranceClassificationAgent' completion returned and validated from MODEL = 'ModelName.GROK_4'.
[2025-10-16 11:32:47,194] [INFO] 'UtteranceClassificationAgent' completion returned and validated from MODEL = 'ModelName.GROK_4'.
[2025-10-16 11:32:47,753] [INFO] 'UtteranceClassificationAgent' completion returned and validated from MODEL = 'ModelName.GROK_4'.
[2025-10-16 11:32:48,384] [INFO] 'UtteranceClassificationAgent' completion returned and validated from MODEL = 'ModelName.GROK_4'.
[2025-10-16 11:32:48,384] [INFO] EXIT: 'UtteranceClassificationAgent' calling '_classify_sentence_utterance_types' (2.8785452842712402 secs).
[2025-10-16 11:32:48,384] [INFO] ENTER: 'UtteranceClassificationAgent' calling 'return_classified_sentences'; CURRENT SPEAKER: grok-4_mas_rag, DIALOGUE TURN NUM = 13.
[2025-10-16 11:32:48,384] [INFO] EXIT: 'UtteranceClassificationAgent' calling 'return_classified_sentences' (1.9073486328125e-06 secs).
[2025-10-16 11:32:48,408] [INFO] ENTER: 'GraphRAG' calling 'why'; CURRENT SPEAKER: grok-4_mas_rag, DIALOGUE TURN NUM = 13.
[2025-10-16 11:32:48,408] [INFO] ENTER: 'GraphRAG' calling 'query_graph'; CURRENT SPEAKER: grok-4_mas_rag, DIALOGUE TURN NUM = 13.
[2025-10-16 11:32:49,091] [INFO] EXIT: 'GraphRAG' calling 'query_graph' (0.6830813884735107 secs).
[2025-10-16 11:32:49,091] [INFO] EXIT: 'GraphRAG' calling 'why' (0.6835050582885742 secs).
[2025-10-16 11:32:49,091] [INFO] ENTER: 'GraphRAG' calling 'claim_negation'; CURRENT SPEAKER: grok-4_mas_rag, DIALOGUE TURN NUM = 13.
[2025-10-16 11:32:49,092] [INFO] ENTER: 'GraphRAG' calling 'query_graph'; CURRENT SPEAKER: grok-4_mas_rag, DIALOGUE TURN NUM = 13.
[2025-10-16 11:32:49,747] [INFO] EXIT: 'GraphRAG' calling 'query_graph' (0.6549570560455322 secs).
[2025-10-16 11:32:49,747] [INFO] EXIT: 'GraphRAG' calling 'claim_negation' (0.6553356647491455 secs).
[2025-10-16 11:32:49,747] [INFO] ENTER: 'GraphRAG' calling 'concede'; CURRENT SPEAKER: grok-4_mas_rag, DIALOGUE TURN NUM = 13.
[2025-10-16 11:32:49,747] [INFO] ENTER: 'GraphRAG' calling 'query_graph'; CURRENT SPEAKER: grok-4_mas_rag, DIALOGUE TURN NUM = 13.
[2025-10-16 11:32:50,432] [INFO] EXIT: 'GraphRAG' calling 'query_graph' (0.6848573684692383 secs).
[2025-10-16 11:32:50,432] [INFO] EXIT: 'GraphRAG' calling 'concede' (0.685230016708374 secs).
[2025-10-16 11:32:50,432] [INFO] ENTER: 'GraphRAG' calling 'question'; CURRENT SPEAKER: grok-4_mas_rag, DIALOGUE TURN NUM = 13.
[2025-10-16 11:32:50,432] [INFO] ENTER: 'GraphRAG' calling 'query_graph'; CURRENT SPEAKER: grok-4_mas_rag, DIALOGUE TURN NUM = 13.
[2025-10-16 11:32:50,564] [INFO] EXIT: 'GraphRAG' calling 'query_graph' (0.13110089302062988 secs).
[2025-10-16 11:32:50,564] [INFO] EXIT: 'GraphRAG' calling 'question' (0.1315441131591797 secs).
[2025-10-16 11:32:50,582] [INFO] ENTER: 'GraphRAG' calling 'why'; CURRENT SPEAKER: grok-4_mas_rag, DIALOGUE TURN NUM = 13.
[2025-10-16 11:32:50,582] [INFO] ENTER: 'GraphRAG' calling 'query_graph'; CURRENT SPEAKER: grok-4_mas_rag, DIALOGUE TURN NUM = 13.
[2025-10-16 11:32:51,309] [INFO] EXIT: 'GraphRAG' calling 'query_graph' (0.7263107299804688 secs).
[2025-10-16 11:32:51,309] [INFO] EXIT: 'GraphRAG' calling 'why' (0.7267026901245117 secs).
[2025-10-16 11:32:51,309] [INFO] ENTER: 'GraphRAG' calling 'concede'; CURRENT SPEAKER: grok-4_mas_rag, DIALOGUE TURN NUM = 13.
[2025-10-16 11:32:51,309] [INFO] ENTER: 'GraphRAG' calling 'query_graph'; CURRENT SPEAKER: grok-4_mas_rag, DIALOGUE TURN NUM = 13.
[2025-10-16 11:32:51,993] [INFO] EXIT: 'GraphRAG' calling 'query_graph' (0.6836602687835693 secs).
[2025-10-16 11:32:51,993] [INFO] EXIT: 'GraphRAG' calling 'concede' (0.6840603351593018 secs).
[2025-10-16 11:32:51,993] [INFO] ENTER: 'GraphRAG' calling 'question'; CURRENT SPEAKER: grok-4_mas_rag, DIALOGUE TURN NUM = 13.
[2025-10-16 11:32:51,993] [INFO] ENTER: 'GraphRAG' calling 'query_graph'; CURRENT SPEAKER: grok-4_mas_rag, DIALOGUE TURN NUM = 13.
[2025-10-16 11:32:52,657] [INFO] EXIT: 'GraphRAG' calling 'query_graph' (0.6636173725128174 secs).
[2025-10-16 11:32:52,657] [INFO] EXIT: 'GraphRAG' calling 'question' (0.6640374660491943 secs).
[2025-10-16 11:32:52,675] [INFO] ENTER: 'GraphRAG' calling 'since'; CURRENT SPEAKER: grok-4_mas_rag, DIALOGUE TURN NUM = 13.
[2025-10-16 11:32:52,676] [INFO] ENTER: 'GraphRAG' calling 'query_graph'; CURRENT SPEAKER: grok-4_mas_rag, DIALOGUE TURN NUM = 13.
[2025-10-16 11:32:52,700] [INFO] EXIT: 'GraphRAG' calling 'query_graph' (0.02488088607788086 secs).
[2025-10-16 11:32:52,701] [INFO] EXIT: 'GraphRAG' calling 'since' (0.025296926498413086 secs).
[2025-10-16 11:32:52,701] [INFO] ENTER: 'GraphRAG' calling 'claim'; CURRENT SPEAKER: grok-4_mas_rag, DIALOGUE TURN NUM = 13.
[2025-10-16 11:32:52,701] [INFO] ENTER: 'GraphRAG' calling 'query_graph'; CURRENT SPEAKER: grok-4_mas_rag, DIALOGUE TURN NUM = 13.
[2025-10-16 11:32:52,720] [INFO] EXIT: 'GraphRAG' calling 'query_graph' (0.01943683624267578 secs).
[2025-10-16 11:32:52,720] [INFO] EXIT: 'GraphRAG' calling 'claim' (0.019771099090576172 secs).
[2025-10-16 11:32:52,739] [INFO] ENTER: 'GraphRAG' calling 'why'; CURRENT SPEAKER: grok-4_mas_rag, DIALOGUE TURN NUM = 13.
[2025-10-16 11:32:52,739] [INFO] ENTER: 'GraphRAG' calling 'query_graph'; CURRENT SPEAKER: grok-4_mas_rag, DIALOGUE TURN NUM = 13.
[2025-10-16 11:32:53,422] [INFO] EXIT: 'GraphRAG' calling 'query_graph' (0.6826107501983643 secs).
[2025-10-16 11:32:53,422] [INFO] EXIT: 'GraphRAG' calling 'why' (0.6829953193664551 secs).
[2025-10-16 11:32:53,422] [INFO] ENTER: 'GraphRAG' calling 'claim_negation'; CURRENT SPEAKER: grok-4_mas_rag, DIALOGUE TURN NUM = 13.
[2025-10-16 11:32:53,422] [INFO] ENTER: 'GraphRAG' calling 'query_graph'; CURRENT SPEAKER: grok-4_mas_rag, DIALOGUE TURN NUM = 13.
[2025-10-16 11:32:54,080] [INFO] EXIT: 'GraphRAG' calling 'query_graph' (0.6573922634124756 secs).
[2025-10-16 11:32:54,080] [INFO] EXIT: 'GraphRAG' calling 'claim_negation' (0.6578214168548584 secs).
[2025-10-16 11:32:54,080] [INFO] ENTER: 'GraphRAG' calling 'concede'; CURRENT SPEAKER: grok-4_mas_rag, DIALOGUE TURN NUM = 13.
[2025-10-16 11:32:54,080] [INFO] ENTER: 'GraphRAG' calling 'query_graph'; CURRENT SPEAKER: grok-4_mas_rag, DIALOGUE TURN NUM = 13.
[2025-10-16 11:32:54,765] [INFO] EXIT: 'GraphRAG' calling 'query_graph' (0.6854104995727539 secs).
[2025-10-16 11:32:54,765] [INFO] EXIT: 'GraphRAG' calling 'concede' (0.6858153343200684 secs).
[2025-10-16 11:32:54,766] [INFO] ENTER: 'GraphRAG' calling 'question'; CURRENT SPEAKER: grok-4_mas_rag, DIALOGUE TURN NUM = 13.
[2025-10-16 11:32:54,766] [INFO] ENTER: 'GraphRAG' calling 'query_graph'; CURRENT SPEAKER: grok-4_mas_rag, DIALOGUE TURN NUM = 13.
[2025-10-16 11:32:54,895] [INFO] EXIT: 'GraphRAG' calling 'query_graph' (0.12905144691467285 secs).
[2025-10-16 11:32:54,895] [INFO] EXIT: 'GraphRAG' calling 'question' (0.12949419021606445 secs).
[2025-10-16 11:32:54,913] [INFO] ENTER: 'GraphRAG' calling 'since'; CURRENT SPEAKER: grok-4_mas_rag, DIALOGUE TURN NUM = 13.
[2025-10-16 11:32:54,913] [INFO] ENTER: 'GraphRAG' calling 'query_graph'; CURRENT SPEAKER: grok-4_mas_rag, DIALOGUE TURN NUM = 13.
[2025-10-16 11:32:54,939] [INFO] EXIT: 'GraphRAG' calling 'query_graph' (0.02613091468811035 secs).
[2025-10-16 11:32:54,939] [INFO] EXIT: 'GraphRAG' calling 'since' (0.026493310928344727 secs).
[2025-10-16 11:32:54,939] [INFO] ENTER: 'GraphRAG' calling 'claim'; CURRENT SPEAKER: grok-4_mas_rag, DIALOGUE TURN NUM = 13.
[2025-10-16 11:32:54,940] [INFO] ENTER: 'GraphRAG' calling 'query_graph'; CURRENT SPEAKER: grok-4_mas_rag, DIALOGUE TURN NUM = 13.
[2025-10-16 11:32:54,959] [INFO] EXIT: 'GraphRAG' calling 'query_graph' (0.01973581314086914 secs).
[2025-10-16 11:32:54,959] [INFO] EXIT: 'GraphRAG' calling 'claim' (0.02012944221496582 secs).
[2025-10-16 11:32:54,959] [INFO] ENTER: 'GraphRAG' calling 'return_rag_examples'; CURRENT SPEAKER: grok-4_mas_rag, DIALOGUE TURN NUM = 13.
[2025-10-16 11:32:54,959] [INFO] EXIT: 'GraphRAG' calling 'return_rag_examples' (2.384185791015625e-06 secs).
[2025-10-16 11:32:54,962] [INFO] ENTER: 'DialogueMoveGenerator' calling 'generate'; CURRENT SPEAKER: grok-4_mas_rag, DIALOGUE TURN NUM = 13.
[2025-10-16 11:32:54,962] [INFO] ENTER: 'MASPromptGenerator' calling 'claim'; CURRENT SPEAKER: grok-4_mas_rag, DIALOGUE TURN NUM = 13.
[2025-10-16 11:32:54,962] [INFO] EXIT: 'MASPromptGenerator' calling 'claim' (4.887580871582031e-05 secs).
[2025-10-16 11:32:54,963] [INFO] ENTER: 'DialogueMoveGenerator' calling 'generate'; CURRENT SPEAKER: grok-4_mas_rag, DIALOGUE TURN NUM = 13.
[2025-10-16 11:32:54,963] [INFO] ENTER: 'MASPromptGenerator' calling 'claim_negation'; CURRENT SPEAKER: grok-4_mas_rag, DIALOGUE TURN NUM = 13.
[2025-10-16 11:32:54,963] [INFO] EXIT: 'MASPromptGenerator' calling 'claim_negation' (5.1021575927734375e-05 secs).
[2025-10-16 11:32:54,965] [INFO] ENTER: 'DialogueMoveGenerator' calling 'generate'; CURRENT SPEAKER: grok-4_mas_rag, DIALOGUE TURN NUM = 13.
[2025-10-16 11:32:54,966] [INFO] ENTER: 'MASPromptGenerator' calling 'concede_claim'; CURRENT SPEAKER: grok-4_mas_rag, DIALOGUE TURN NUM = 13.
[2025-10-16 11:32:54,966] [INFO] EXIT: 'MASPromptGenerator' calling 'concede_claim' (4.1484832763671875e-05 secs).
[2025-10-16 11:32:54,967] [INFO] ENTER: 'DialogueMoveGenerator' calling 'generate'; CURRENT SPEAKER: grok-4_mas_rag, DIALOGUE TURN NUM = 13.
[2025-10-16 11:32:54,967] [INFO] ENTER: 'MASPromptGenerator' calling 'question_claim'; CURRENT SPEAKER: grok-4_mas_rag, DIALOGUE TURN NUM = 13.
[2025-10-16 11:32:54,967] [INFO] EXIT: 'MASPromptGenerator' calling 'question_claim' (4.220008850097656e-05 secs).
[2025-10-16 11:32:54,967] [INFO] ENTER: 'DialogueMoveGenerator' calling 'generate'; CURRENT SPEAKER: grok-4_mas_rag, DIALOGUE TURN NUM = 13.
[2025-10-16 11:32:54,968] [INFO] ENTER: 'MASPromptGenerator' calling 'retract_claim'; CURRENT SPEAKER: grok-4_mas_rag, DIALOGUE TURN NUM = 13.
[2025-10-16 11:32:54,968] [INFO] EXIT: 'MASPromptGenerator' calling 'retract_claim' (2.8371810913085938e-05 secs).
[2025-10-16 11:32:54,968] [INFO] ENTER: 'DialogueMoveGenerator' calling 'generate'; CURRENT SPEAKER: grok-4_mas_rag, DIALOGUE TURN NUM = 13.
[2025-10-16 11:32:54,968] [INFO] ENTER: 'MASPromptGenerator' calling 'since_claim'; CURRENT SPEAKER: grok-4_mas_rag, DIALOGUE TURN NUM = 13.
[2025-10-16 11:32:54,968] [INFO] EXIT: 'MASPromptGenerator' calling 'since_claim' (3.0517578125e-05 secs).
[2025-10-16 11:32:54,969] [INFO] ENTER: 'DialogueMoveGenerator' calling 'generate'; CURRENT SPEAKER: grok-4_mas_rag, DIALOGUE TURN NUM = 13.
[2025-10-16 11:32:54,969] [INFO] ENTER: 'MASPromptGenerator' calling 'why_claim'; CURRENT SPEAKER: grok-4_mas_rag, DIALOGUE TURN NUM = 13.
[2025-10-16 11:32:54,969] [INFO] EXIT: 'MASPromptGenerator' calling 'why_claim' (3.0040740966796875e-05 secs).
[2025-10-16 11:32:56,678] [INFO] Completion returned and validated from MODEL = 'grok-4'.
[2025-10-16 11:32:56,840] [INFO] Completion returned and validated from MODEL = 'grok-4'.
[2025-10-16 11:32:56,992] [INFO] Completion returned and validated from MODEL = 'grok-4'.
[2025-10-16 11:32:57,021] [INFO] Completion returned and validated from MODEL = 'grok-4'.
[2025-10-16 11:32:57,065] [INFO] Completion returned and validated from MODEL = 'grok-4'.
[2025-10-16 11:32:57,071] [INFO] Completion returned and validated from MODEL = 'grok-4'.
[2025-10-16 11:32:57,192] [INFO] Completion returned and validated from MODEL = 'grok-4'.
[2025-10-16 11:32:58,494] [INFO] Completion returned and validated from MODEL = 'grok-4'.
[2025-10-16 11:32:58,734] [INFO] Completion returned and validated from MODEL = 'grok-4'.
[2025-10-16 11:32:58,734] [INFO] EXIT: 'DialogueMoveGenerator' calling 'generate' (3.7708804607391357 secs).
[2025-10-16 11:32:58,772] [INFO] Completion returned and validated from MODEL = 'grok-4'.
[2025-10-16 11:32:58,778] [INFO] Completion returned and validated from MODEL = 'grok-4'.
[2025-10-16 11:32:58,778] [INFO] EXIT: 'DialogueMoveGenerator' calling 'generate' (3.815727710723877 secs).
[2025-10-16 11:32:58,858] [INFO] Completion returned and validated from MODEL = 'grok-4'.
[2025-10-16 11:32:58,915] [INFO] Completion returned and validated from MODEL = 'grok-4'.
[2025-10-16 11:32:58,915] [INFO] EXIT: 'DialogueMoveGenerator' calling 'generate' (3.9475631713867188 secs).
[2025-10-16 11:32:59,013] [INFO] Completion returned and validated from MODEL = 'grok-4'.
[2025-10-16 11:32:59,013] [INFO] EXIT: 'DialogueMoveGenerator' calling 'generate' (4.0450379848480225 secs).
[2025-10-16 11:32:59,849] [INFO] Completion returned and validated from MODEL = 'grok-4'.
[2025-10-16 11:32:59,849] [INFO] EXIT: 'DialogueMoveGenerator' calling 'generate' (4.883584499359131 secs).
[2025-10-16 11:33:00,405] [INFO] Completion returned and validated from MODEL = 'grok-4'.
[2025-10-16 11:33:00,405] [INFO] EXIT: 'DialogueMoveGenerator' calling 'generate' (5.438287258148193 secs).
[2025-10-16 11:33:00,554] [INFO] Completion returned and validated from MODEL = 'grok-4'.
[2025-10-16 11:33:00,554] [INFO] EXIT: 'DialogueMoveGenerator' calling 'generate' (5.5850746631622314 secs).
[2025-10-16 11:33:00,555] [INFO] ENTER: 'MASPromptGenerator' calling 'persuasiveness_choice'; CURRENT SPEAKER: grok-4_mas_rag, DIALOGUE TURN NUM = 13.
[2025-10-16 11:33:00,555] [INFO] EXIT: 'MASPromptGenerator' calling 'persuasiveness_choice' (0.00015282630920410156 secs).
[2025-10-16 11:33:02,254] [INFO] Completion returned and validated within 'PersuasivenessChoiceAgent'; MODEL = 'grok-4'; DIALOGUE TURN NUM = 13.
[2025-10-16 11:33:03,615] [INFO] Completion returned and validated within 'PersuasivenessChoiceAgent'; MODEL = 'grok-4'; DIALOGUE TURN NUM = 13.
[2025-10-16 11:33:06,046] [INFO] Completion returned and validated within 'PersuasivenessChoiceAgent'; MODEL = 'grok-4'; DIALOGUE TURN NUM = 13.
[2025-10-16 11:33:07,503] [INFO] Completion returned and validated within 'PersuasivenessChoiceAgent'; MODEL = 'grok-4'; DIALOGUE TURN NUM = 13.
[2025-10-16 11:33:09,871] [INFO] Completion returned and validated within 'PersuasivenessChoiceAgent'; MODEL = 'grok-4'; DIALOGUE TURN NUM = 13.
[2025-10-16 11:33:09,871] [INFO] ENTER: 'DisambiguationAgent' calling '_grouping_similar_utterance_types'; CURRENT SPEAKER: grok-4_mas_rag, DIALOGUE TURN NUM = 13.
[2025-10-16 11:33:09,872] [INFO] EXIT: 'DisambiguationAgent' calling '_grouping_similar_utterance_types' (1.239776611328125e-05 secs).
[2025-10-16 11:33:09,872] [INFO] ENTER: 'DisambiguationAgent' calling '_identifying_similar_sentences_and_choosing_one_to_return_to_user'; CURRENT SPEAKER: grok-4_mas_rag, DIALOGUE TURN NUM = 13.
[2025-10-16 11:33:16,045] [INFO] 'DisambiguationAgent' grouped similar sentences, completion returned and validated; MODEL = 'grok-4'.
[2025-10-16 11:33:16,960] [INFO] 'DisambiguationAgent' chose sentences to remove, completion returned and validated from MODEL = 'grok-4'.
[2025-10-16 11:33:18,445] [INFO] 'DisambiguationAgent' chose sentences to remove, completion returned and validated from MODEL = 'grok-4'.
[2025-10-16 11:33:19,560] [INFO] 'DisambiguationAgent' chose sentences to remove, completion returned and validated from MODEL = 'grok-4'.
[2025-10-16 11:33:20,547] [INFO] 'DisambiguationAgent' chose sentences to remove, completion returned and validated from MODEL = 'grok-4'.
[2025-10-16 11:33:21,331] [INFO] 'DisambiguationAgent' chose sentences to remove, completion returned and validated from MODEL = 'grok-4'.
[2025-10-16 11:33:21,331] [INFO] EXIT: 'DisambiguationAgent' calling '_identifying_similar_sentences_and_choosing_one_to_return_to_user' (11.459709167480469 secs).
[2025-10-16 11:33:21,331] [INFO] ENTER: 'DisambiguationAgent' calling '_identifying_similar_sentences_and_choosing_one_to_return_to_user'; CURRENT SPEAKER: grok-4_mas_rag, DIALOGUE TURN NUM = 13.
[2025-10-16 11:33:23,979] [INFO] 'DisambiguationAgent' grouped similar sentences, completion returned and validated; MODEL = 'grok-4'.
[2025-10-16 11:33:24,876] [INFO] 'DisambiguationAgent' chose sentences to remove, completion returned and validated from MODEL = 'grok-4'.
[2025-10-16 11:33:25,679] [INFO] 'DisambiguationAgent' chose sentences to remove, completion returned and validated from MODEL = 'grok-4'.
[2025-10-16 11:33:26,851] [INFO] 'DisambiguationAgent' chose sentences to remove, completion returned and validated from MODEL = 'grok-4'.
[2025-10-16 11:33:26,851] [INFO] EXIT: 'DisambiguationAgent' calling '_identifying_similar_sentences_and_choosing_one_to_return_to_user' (5.519190311431885 secs).
[2025-10-16 11:33:26,851] [INFO] ENTER: 'DisambiguationAgent' calling '_removing_repetitive_sentences'; CURRENT SPEAKER: grok-4_mas_rag, DIALOGUE TURN NUM = 13.
[2025-10-16 11:33:26,851] [INFO] EXIT: 'DisambiguationAgent' calling '_removing_repetitive_sentences' (1.430511474609375e-05 secs).
[2025-10-16 11:33:26,851] [INFO] ENTER: 'DisambiguationAgent' calling '_choose_the_most_persuasive_sentences'; CURRENT SPEAKER: grok-4_mas_rag, DIALOGUE TURN NUM = 13.
[2025-10-16 11:33:28,941] [INFO] 'DisambiguationAgent': reached maximum allowed sentences, succussfully chose most persuasive sentences, completion returned and validated from MODEL = 'grok-4'.
[2025-10-16 11:33:28,941] [INFO] EXIT: 'DisambiguationAgent' calling '_choose_the_most_persuasive_sentences' (2.09004545211792 secs).
[2025-10-16 11:33:28,941] [INFO] ENTER: 'DisambiguationAgent' calling 'return_disambiguated_sentences'; CURRENT SPEAKER: grok-4_mas_rag, DIALOGUE TURN NUM = 13.
[2025-10-16 11:33:28,941] [INFO] EXIT: 'DisambiguationAgent' calling 'return_disambiguated_sentences' (2.6226043701171875e-06 secs).
[2025-10-16 11:33:28,941] [ERROR] Wrong state used; State of type HumanState; error message: dict has unexpected extra key(s): "graph_rag_examples", "intermediate_generations", "knowledge_base_ensemble_or_model_name", "model_seed", "model_temp", "model_top_p", "number_of_graph_rag_examples", "number_of_vector_based_rag_examples", "political_position_prob_of_na", "political_position_range", "political_position_std", "speaker_model_name", "speaker_type", "vector_based_persona_string", "vector_based_persona_sys_prompt"
[2025-10-16 11:33:28,942] [INFO] Correct state used; State of type GenerationAgentsState; 'IGNORE THE ABOVE ERRORS'.
[2025-10-16 11:33:29,539] [INFO] 'commitment_update' completed '___Claim___' update for current speaker's commitments; MODEL = 'grok-4'.
[2025-10-16 11:33:30,122] [INFO] 'commitment_update' completed '___Since___' update; MODEL = 'grok-4'.
[2025-10-16 11:33:30,754] [INFO] 'commitment_update' completed '___Claim___' update for current speaker's commitments; MODEL = 'grok-4'.
[2025-10-16 11:33:30,864] [ERROR] Wrong state used; State of type HumanState; error message: dict has unexpected extra key(s): "graph_rag_examples", "intermediate_generations", "knowledge_base_ensemble_or_model_name", "model_seed", "model_temp", "model_top_p", "number_of_graph_rag_examples", "number_of_vector_based_rag_examples", "political_position_prob_of_na", "political_position_range", "political_position_std", "speaker_model_name", "speaker_type", "vector_based_persona_string", "vector_based_persona_sys_prompt"
[2025-10-16 11:33:30,864] [INFO] Correct state used; State of type GenerationAgentsState; 'IGNORE THE ABOVE ERRORS'.
[2025-10-16 11:33:30,864] [INFO] ENTER: 'UtteranceClassificationAgent' calling '_classify_sentence_utterance_types'; CURRENT SPEAKER: grok-4_mas, DIALOGUE TURN NUM = 14.
[2025-10-16 11:33:31,555] [INFO] 'UtteranceClassificationAgent' completion returned and validated from MODEL = 'ModelName.GROK_4'.
[2025-10-16 11:33:32,110] [INFO] 'UtteranceClassificationAgent' completion returned and validated from MODEL = 'ModelName.GROK_4'.
[2025-10-16 11:33:32,667] [INFO] 'UtteranceClassificationAgent' completion returned and validated from MODEL = 'ModelName.GROK_4'.
[2025-10-16 11:33:33,290] [INFO] 'UtteranceClassificationAgent' completion returned and validated from MODEL = 'ModelName.GROK_4'.
[2025-10-16 11:33:33,934] [INFO] 'UtteranceClassificationAgent' completion returned and validated from MODEL = 'ModelName.GROK_4'.
[2025-10-16 11:33:34,600] [INFO] 'UtteranceClassificationAgent' completion returned and validated from MODEL = 'ModelName.GROK_4'.
[2025-10-16 11:33:35,366] [INFO] 'UtteranceClassificationAgent' completion returned and validated from MODEL = 'ModelName.GROK_4'.
[2025-10-16 11:33:35,947] [INFO] 'UtteranceClassificationAgent' completion returned and validated from MODEL = 'ModelName.GROK_4'.
[2025-10-16 11:33:36,537] [INFO] 'UtteranceClassificationAgent' completion returned and validated from MODEL = 'ModelName.GROK_4'.
[2025-10-16 11:33:36,537] [INFO] EXIT: 'UtteranceClassificationAgent' calling '_classify_sentence_utterance_types' (5.672487735748291 secs).
[2025-10-16 11:33:36,537] [INFO] ENTER: 'UtteranceClassificationAgent' calling 'return_classified_sentences'; CURRENT SPEAKER: grok-4_mas, DIALOGUE TURN NUM = 14.
[2025-10-16 11:33:36,537] [INFO] EXIT: 'UtteranceClassificationAgent' calling 'return_classified_sentences' (1.430511474609375e-06 secs).
[2025-10-16 11:33:36,560] [INFO] ENTER: 'DialogueMoveGenerator' calling 'generate'; CURRENT SPEAKER: grok-4_mas, DIALOGUE TURN NUM = 14.
[2025-10-16 11:33:36,561] [INFO] ENTER: 'MASPromptGenerator' calling 'claim'; CURRENT SPEAKER: grok-4_mas, DIALOGUE TURN NUM = 14.
[2025-10-16 11:33:36,561] [INFO] EXIT: 'MASPromptGenerator' calling 'claim' (5.173683166503906e-05 secs).
[2025-10-16 11:33:36,561] [INFO] ENTER: 'DialogueMoveGenerator' calling 'generate'; CURRENT SPEAKER: grok-4_mas, DIALOGUE TURN NUM = 14.
[2025-10-16 11:33:36,561] [INFO] ENTER: 'MASPromptGenerator' calling 'claim_negation'; CURRENT SPEAKER: grok-4_mas, DIALOGUE TURN NUM = 14.
[2025-10-16 11:33:36,561] [INFO] EXIT: 'MASPromptGenerator' calling 'claim_negation' (2.956390380859375e-05 secs).
[2025-10-16 11:33:36,562] [INFO] ENTER: 'DialogueMoveGenerator' calling 'generate'; CURRENT SPEAKER: grok-4_mas, DIALOGUE TURN NUM = 14.
[2025-10-16 11:33:36,563] [INFO] ENTER: 'MASPromptGenerator' calling 'concede_claim'; CURRENT SPEAKER: grok-4_mas, DIALOGUE TURN NUM = 14.
[2025-10-16 11:33:36,563] [INFO] EXIT: 'MASPromptGenerator' calling 'concede_claim' (4.506111145019531e-05 secs).
[2025-10-16 11:33:36,563] [INFO] ENTER: 'DialogueMoveGenerator' calling 'generate'; CURRENT SPEAKER: grok-4_mas, DIALOGUE TURN NUM = 14.
[2025-10-16 11:33:36,564] [INFO] ENTER: 'MASPromptGenerator' calling 'question_claim'; CURRENT SPEAKER: grok-4_mas, DIALOGUE TURN NUM = 14.
[2025-10-16 11:33:36,564] [INFO] EXIT: 'MASPromptGenerator' calling 'question_claim' (2.9087066650390625e-05 secs).
[2025-10-16 11:33:36,564] [INFO] ENTER: 'DialogueMoveGenerator' calling 'generate'; CURRENT SPEAKER: grok-4_mas, DIALOGUE TURN NUM = 14.
[2025-10-16 11:33:36,565] [INFO] ENTER: 'MASPromptGenerator' calling 'retract_claim'; CURRENT SPEAKER: grok-4_mas, DIALOGUE TURN NUM = 14.
[2025-10-16 11:33:36,565] [INFO] EXIT: 'MASPromptGenerator' calling 'retract_claim' (3.314018249511719e-05 secs).
[2025-10-16 11:33:36,566] [INFO] ENTER: 'DialogueMoveGenerator' calling 'generate'; CURRENT SPEAKER: grok-4_mas, DIALOGUE TURN NUM = 14.
[2025-10-16 11:33:36,566] [INFO] ENTER: 'MASPromptGenerator' calling 'since_claim'; CURRENT SPEAKER: grok-4_mas, DIALOGUE TURN NUM = 14.
[2025-10-16 11:33:36,566] [INFO] EXIT: 'MASPromptGenerator' calling 'since_claim' (3.457069396972656e-05 secs).
[2025-10-16 11:33:36,567] [INFO] ENTER: 'DialogueMoveGenerator' calling 'generate'; CURRENT SPEAKER: grok-4_mas, DIALOGUE TURN NUM = 14.
[2025-10-16 11:33:36,568] [INFO] ENTER: 'MASPromptGenerator' calling 'why_claim'; CURRENT SPEAKER: grok-4_mas, DIALOGUE TURN NUM = 14.
[2025-10-16 11:33:36,568] [INFO] EXIT: 'MASPromptGenerator' calling 'why_claim' (3.4332275390625e-05 secs).
[2025-10-16 11:33:38,803] [INFO] Completion returned and validated from MODEL = 'grok-4'.
[2025-10-16 11:33:39,284] [INFO] Completion returned and validated from MODEL = 'grok-4'.
[2025-10-16 11:33:39,287] [INFO] Completion returned and validated from MODEL = 'grok-4'.
[2025-10-16 11:33:39,317] [INFO] Completion returned and validated from MODEL = 'grok-4'.
[2025-10-16 11:33:39,339] [INFO] Completion returned and validated from MODEL = 'grok-4'.
[2025-10-16 11:33:39,424] [INFO] Completion returned and validated from MODEL = 'grok-4'.
[2025-10-16 11:33:39,438] [INFO] Completion returned and validated from MODEL = 'grok-4'.
[2025-10-16 11:33:40,956] [INFO] Completion returned and validated from MODEL = 'grok-4'.
[2025-10-16 11:33:41,771] [INFO] Completion returned and validated from MODEL = 'grok-4'.
[2025-10-16 11:33:41,776] [INFO] Completion returned and validated from MODEL = 'grok-4'.
[2025-10-16 11:33:41,776] [INFO] EXIT: 'DialogueMoveGenerator' calling 'generate' (5.211188316345215 secs).
[2025-10-16 11:33:41,814] [INFO] Completion returned and validated from MODEL = 'grok-4'.
[2025-10-16 11:33:41,826] [INFO] Completion returned and validated from MODEL = 'grok-4'.
[2025-10-16 11:33:41,826] [INFO] EXIT: 'DialogueMoveGenerator' calling 'generate' (5.259671688079834 secs).
[2025-10-16 11:33:41,913] [INFO] Completion returned and validated from MODEL = 'grok-4'.
[2025-10-16 11:33:41,922] [INFO] Completion returned and validated from MODEL = 'grok-4'.
[2025-10-16 11:33:41,922] [INFO] EXIT: 'DialogueMoveGenerator' calling 'generate' (5.361685276031494 secs).
[2025-10-16 11:33:42,271] [INFO] Completion returned and validated from MODEL = 'grok-4'.
[2025-10-16 11:33:43,376] [INFO] Completion returned and validated from MODEL = 'grok-4'.
[2025-10-16 11:33:43,411] [INFO] Completion returned and validated from MODEL = 'grok-4'.
[2025-10-16 11:33:43,653] [INFO] Completion returned and validated from MODEL = 'grok-4'.
[2025-10-16 11:33:43,653] [INFO] EXIT: 'DialogueMoveGenerator' calling 'generate' (7.091694593429565 secs).
[2025-10-16 11:33:43,743] [INFO] Completion returned and validated from MODEL = 'grok-4'.
[2025-10-16 11:33:45,368] [INFO] Completion returned and validated from MODEL = 'grok-4'.
[2025-10-16 11:33:45,506] [INFO] Completion returned and validated from MODEL = 'grok-4'.
[2025-10-16 11:33:45,524] [INFO] Completion returned and validated from MODEL = 'grok-4'.
[2025-10-16 11:33:46,997] [INFO] Completion returned and validated from MODEL = 'grok-4'.
[2025-10-16 11:33:47,703] [INFO] Completion returned and validated from MODEL = 'grok-4'.
[2025-10-16 11:33:47,771] [INFO] Completion returned and validated from MODEL = 'grok-4'.
[2025-10-16 11:33:48,604] [INFO] Completion returned and validated from MODEL = 'grok-4'.
[2025-10-16 11:33:48,604] [INFO] EXIT: 'DialogueMoveGenerator' calling 'generate' (12.041445970535278 secs).
[2025-10-16 11:33:49,194] [INFO] Completion returned and validated from MODEL = 'grok-4'.
[2025-10-16 11:33:50,048] [INFO] Completion returned and validated from MODEL = 'grok-4'.
[2025-10-16 11:33:51,135] [INFO] Completion returned and validated from MODEL = 'grok-4'.
[2025-10-16 11:33:51,135] [INFO] EXIT: 'DialogueMoveGenerator' calling 'generate' (14.567255020141602 secs).
[2025-10-16 11:33:51,938] [INFO] Completion returned and validated from MODEL = 'grok-4'.
[2025-10-16 11:33:51,938] [INFO] EXIT: 'DialogueMoveGenerator' calling 'generate' (15.373924493789673 secs).
[2025-10-16 11:33:51,938] [INFO] ENTER: 'MASPromptGenerator' calling 'persuasiveness_choice'; CURRENT SPEAKER: grok-4_mas, DIALOGUE TURN NUM = 14.
[2025-10-16 11:33:51,939] [INFO] EXIT: 'MASPromptGenerator' calling 'persuasiveness_choice' (0.00023484230041503906 secs).
[2025-10-16 11:33:54,270] [INFO] Completion returned and validated within 'PersuasivenessChoiceAgent'; MODEL = 'grok-4'; DIALOGUE TURN NUM = 14.
[2025-10-16 11:33:55,835] [INFO] Completion returned and validated within 'PersuasivenessChoiceAgent'; MODEL = 'grok-4'; DIALOGUE TURN NUM = 14.
[2025-10-16 11:33:57,882] [INFO] Completion returned and validated within 'PersuasivenessChoiceAgent'; MODEL = 'grok-4'; DIALOGUE TURN NUM = 14.
[2025-10-16 11:33:59,485] [INFO] Completion returned and validated within 'PersuasivenessChoiceAgent'; MODEL = 'grok-4'; DIALOGUE TURN NUM = 14.
[2025-10-16 11:34:02,137] [INFO] Completion returned and validated within 'PersuasivenessChoiceAgent'; MODEL = 'grok-4'; DIALOGUE TURN NUM = 14.
[2025-10-16 11:34:04,635] [INFO] Completion returned and validated within 'PersuasivenessChoiceAgent'; MODEL = 'grok-4'; DIALOGUE TURN NUM = 14.
[2025-10-16 11:34:08,151] [INFO] Completion returned and validated within 'PersuasivenessChoiceAgent'; MODEL = 'grok-4'; DIALOGUE TURN NUM = 14.
[2025-10-16 11:34:10,921] [INFO] Completion returned and validated within 'PersuasivenessChoiceAgent'; MODEL = 'grok-4'; DIALOGUE TURN NUM = 14.
[2025-10-16 11:34:12,443] [INFO] Completion returned and validated within 'PersuasivenessChoiceAgent'; MODEL = 'grok-4'; DIALOGUE TURN NUM = 14.
[2025-10-16 11:34:12,443] [INFO] ENTER: 'DisambiguationAgent' calling '_grouping_similar_utterance_types'; CURRENT SPEAKER: grok-4_mas, DIALOGUE TURN NUM = 14.
[2025-10-16 11:34:12,444] [INFO] EXIT: 'DisambiguationAgent' calling '_grouping_similar_utterance_types' (2.002716064453125e-05 secs).
[2025-10-16 11:34:12,444] [INFO] ENTER: 'DisambiguationAgent' calling '_identifying_similar_sentences_and_choosing_one_to_return_to_user'; CURRENT SPEAKER: grok-4_mas, DIALOGUE TURN NUM = 14.
[2025-10-16 11:34:19,166] [INFO] 'DisambiguationAgent' grouped similar sentences, completion returned and validated; MODEL = 'grok-4'.
[2025-10-16 11:34:20,252] [INFO] 'DisambiguationAgent' chose sentences to remove, completion returned and validated from MODEL = 'grok-4'.
[2025-10-16 11:34:21,093] [INFO] 'DisambiguationAgent' chose sentences to remove, completion returned and validated from MODEL = 'grok-4'.
[2025-10-16 11:34:24,881] [INFO] 'DisambiguationAgent' chose sentences to remove, completion returned and validated from MODEL = 'grok-4'.
[2025-10-16 11:34:25,642] [INFO] 'DisambiguationAgent' chose sentences to remove, completion returned and validated from MODEL = 'grok-4'.
[2025-10-16 11:34:26,462] [INFO] 'DisambiguationAgent' chose sentences to remove, completion returned and validated from MODEL = 'grok-4'.
[2025-10-16 11:34:27,246] [INFO] 'DisambiguationAgent' chose sentences to remove, completion returned and validated from MODEL = 'grok-4'.
[2025-10-16 11:34:28,121] [INFO] 'DisambiguationAgent' chose sentences to remove, completion returned and validated from MODEL = 'grok-4'.
[2025-10-16 11:34:28,876] [INFO] 'DisambiguationAgent' chose sentences to remove, completion returned and validated from MODEL = 'grok-4'.
[2025-10-16 11:34:29,763] [INFO] 'DisambiguationAgent' chose sentences to remove, completion returned and validated from MODEL = 'grok-4'.
[2025-10-16 11:34:29,764] [INFO] EXIT: 'DisambiguationAgent' calling '_identifying_similar_sentences_and_choosing_one_to_return_to_user' (17.319878101348877 secs).
[2025-10-16 11:34:29,764] [INFO] ENTER: 'DisambiguationAgent' calling '_identifying_similar_sentences_and_choosing_one_to_return_to_user'; CURRENT SPEAKER: grok-4_mas, DIALOGUE TURN NUM = 14.
[2025-10-16 11:34:36,436] [INFO] 'DisambiguationAgent' grouped similar sentences, completion returned and validated; MODEL = 'grok-4'.
[2025-10-16 11:34:37,729] [INFO] 'DisambiguationAgent' chose sentences to remove, completion returned and validated from MODEL = 'grok-4'.
[2025-10-16 11:34:38,761] [INFO] 'DisambiguationAgent' chose sentences to remove, completion returned and validated from MODEL = 'grok-4'.
[2025-10-16 11:34:39,936] [INFO] 'DisambiguationAgent' chose sentences to remove, completion returned and validated from MODEL = 'grok-4'.
[2025-10-16 11:34:40,863] [INFO] 'DisambiguationAgent' chose sentences to remove, completion returned and validated from MODEL = 'grok-4'.
[2025-10-16 11:34:41,725] [INFO] 'DisambiguationAgent' chose sentences to remove, completion returned and validated from MODEL = 'grok-4'.
[2025-10-16 11:34:41,725] [INFO] EXIT: 'DisambiguationAgent' calling '_identifying_similar_sentences_and_choosing_one_to_return_to_user' (11.96101427078247 secs).
[2025-10-16 11:34:41,725] [INFO] ENTER: 'DisambiguationAgent' calling '_removing_repetitive_sentences'; CURRENT SPEAKER: grok-4_mas, DIALOGUE TURN NUM = 14.
[2025-10-16 11:34:41,725] [INFO] EXIT: 'DisambiguationAgent' calling '_removing_repetitive_sentences' (2.7894973754882812e-05 secs).
[2025-10-16 11:34:41,725] [INFO] ENTER: 'DisambiguationAgent' calling '_choose_the_most_persuasive_sentences'; CURRENT SPEAKER: grok-4_mas, DIALOGUE TURN NUM = 14.
[2025-10-16 11:34:43,712] [INFO] 'DisambiguationAgent': reached maximum allowed sentences, succussfully chose most persuasive sentences, completion returned and validated from MODEL = 'grok-4'.
[2025-10-16 11:34:43,713] [INFO] EXIT: 'DisambiguationAgent' calling '_choose_the_most_persuasive_sentences' (1.9878549575805664 secs).
[2025-10-16 11:34:43,713] [INFO] ENTER: 'DisambiguationAgent' calling 'return_disambiguated_sentences'; CURRENT SPEAKER: grok-4_mas, DIALOGUE TURN NUM = 14.
[2025-10-16 11:34:43,713] [INFO] EXIT: 'DisambiguationAgent' calling 'return_disambiguated_sentences' (2.384185791015625e-06 secs).
[2025-10-16 11:34:43,713] [ERROR] Wrong state used; State of type HumanState; error message: dict has unexpected extra key(s): "graph_rag_examples", "intermediate_generations", "knowledge_base_ensemble_or_model_name", "model_seed", "model_temp", "model_top_p", "number_of_graph_rag_examples", "number_of_vector_based_rag_examples", "political_position_prob_of_na", "political_position_range", "political_position_std", "speaker_model_name", "speaker_type", "vector_based_persona_string", "vector_based_persona_sys_prompt"
[2025-10-16 11:34:43,714] [INFO] Correct state used; State of type GenerationAgentsState; 'IGNORE THE ABOVE ERRORS'.
[2025-10-16 11:34:44,281] [INFO] 'commitment_update' completed '___Claim___' update for current speaker's commitments; MODEL = 'grok-4'.
[2025-10-16 11:34:44,843] [INFO] 'commitment_update' completed '___Claim___' update for current speaker's commitments; MODEL = 'grok-4'.
[2025-10-16 11:34:45,403] [INFO] 'commitment_update' completed '___Claim___' update for current speaker's commitments; MODEL = 'grok-4'.
[2025-10-16 11:34:46,003] [INFO] 'commitment_update' completed '___Claim___' update for current speaker's commitments; MODEL = 'grok-4'.
[2025-10-16 11:34:46,096] [ERROR] Wrong state used; State of type HumanState; error message: dict has unexpected extra key(s): "graph_rag_examples", "intermediate_generations", "knowledge_base_ensemble_or_model_name", "model_seed", "model_temp", "model_top_p", "number_of_graph_rag_examples", "number_of_vector_based_rag_examples", "political_position_prob_of_na", "political_position_range", "political_position_std", "speaker_model_name", "speaker_type", "vector_based_persona_string", "vector_based_persona_sys_prompt"
[2025-10-16 11:34:46,097] [INFO] Correct state used; State of type GenerationAgentsState; 'IGNORE THE ABOVE ERRORS'.
[2025-10-16 11:34:46,097] [INFO] ENTER: 'UtteranceClassificationAgent' calling '_classify_sentence_utterance_types'; CURRENT SPEAKER: grok-4_mas_rag, DIALOGUE TURN NUM = 15.
[2025-10-16 11:34:46,657] [INFO] 'UtteranceClassificationAgent' completion returned and validated from MODEL = 'ModelName.GROK_4'.
[2025-10-16 11:34:55,840] [INFO] 'UtteranceClassificationAgent' completion returned and validated from MODEL = 'ModelName.GROK_4'.
[2025-10-16 11:34:56,400] [INFO] 'UtteranceClassificationAgent' completion returned and validated from MODEL = 'ModelName.GROK_4'.
[2025-10-16 11:34:57,152] [INFO] 'UtteranceClassificationAgent' completion returned and validated from MODEL = 'ModelName.GROK_4'.
[2025-10-16 11:34:57,707] [INFO] 'UtteranceClassificationAgent' completion returned and validated from MODEL = 'ModelName.GROK_4'.
[2025-10-16 11:34:58,368] [INFO] 'UtteranceClassificationAgent' completion returned and validated from MODEL = 'ModelName.GROK_4'.
[2025-10-16 11:34:58,945] [INFO] 'UtteranceClassificationAgent' completion returned and validated from MODEL = 'ModelName.GROK_4'.
[2025-10-16 11:34:59,598] [INFO] 'UtteranceClassificationAgent' completion returned and validated from MODEL = 'ModelName.GROK_4'.
[2025-10-16 11:34:59,599] [INFO] EXIT: 'UtteranceClassificationAgent' calling '_classify_sentence_utterance_types' (13.501086950302124 secs).
[2025-10-16 11:34:59,599] [INFO] ENTER: 'UtteranceClassificationAgent' calling 'return_classified_sentences'; CURRENT SPEAKER: grok-4_mas_rag, DIALOGUE TURN NUM = 15.
[2025-10-16 11:34:59,599] [INFO] EXIT: 'UtteranceClassificationAgent' calling 'return_classified_sentences' (1.9073486328125e-06 secs).
[2025-10-16 11:34:59,624] [INFO] ENTER: 'GraphRAG' calling 'why'; CURRENT SPEAKER: grok-4_mas_rag, DIALOGUE TURN NUM = 15.
[2025-10-16 11:34:59,624] [INFO] ENTER: 'GraphRAG' calling 'query_graph'; CURRENT SPEAKER: grok-4_mas_rag, DIALOGUE TURN NUM = 15.
[2025-10-16 11:35:00,350] [INFO] EXIT: 'GraphRAG' calling 'query_graph' (0.7257318496704102 secs).
[2025-10-16 11:35:00,350] [INFO] EXIT: 'GraphRAG' calling 'why' (0.7264809608459473 secs).
[2025-10-16 11:35:00,350] [INFO] ENTER: 'GraphRAG' calling 'concede'; CURRENT SPEAKER: grok-4_mas_rag, DIALOGUE TURN NUM = 15.
[2025-10-16 11:35:00,350] [INFO] ENTER: 'GraphRAG' calling 'query_graph'; CURRENT SPEAKER: grok-4_mas_rag, DIALOGUE TURN NUM = 15.
[2025-10-16 11:35:01,029] [INFO] EXIT: 'GraphRAG' calling 'query_graph' (0.6787283420562744 secs).
[2025-10-16 11:35:01,029] [INFO] EXIT: 'GraphRAG' calling 'concede' (0.6791298389434814 secs).
[2025-10-16 11:35:01,029] [INFO] ENTER: 'GraphRAG' calling 'question'; CURRENT SPEAKER: grok-4_mas_rag, DIALOGUE TURN NUM = 15.
[2025-10-16 11:35:01,030] [INFO] ENTER: 'GraphRAG' calling 'query_graph'; CURRENT SPEAKER: grok-4_mas_rag, DIALOGUE TURN NUM = 15.
[2025-10-16 11:35:01,691] [INFO] EXIT: 'GraphRAG' calling 'query_graph' (0.6609902381896973 secs).
[2025-10-16 11:35:01,691] [INFO] EXIT: 'GraphRAG' calling 'question' (0.6614000797271729 secs).
[2025-10-16 11:35:01,711] [INFO] ENTER: 'GraphRAG' calling 'why'; CURRENT SPEAKER: grok-4_mas_rag, DIALOGUE TURN NUM = 15.
[2025-10-16 11:35:01,711] [INFO] ENTER: 'GraphRAG' calling 'query_graph'; CURRENT SPEAKER: grok-4_mas_rag, DIALOGUE TURN NUM = 15.
[2025-10-16 11:35:02,459] [INFO] EXIT: 'GraphRAG' calling 'query_graph' (0.7473371028900146 secs).
[2025-10-16 11:35:02,459] [INFO] EXIT: 'GraphRAG' calling 'why' (0.7477314472198486 secs).
[2025-10-16 11:35:02,459] [INFO] ENTER: 'GraphRAG' calling 'concede'; CURRENT SPEAKER: grok-4_mas_rag, DIALOGUE TURN NUM = 15.
[2025-10-16 11:35:02,459] [INFO] ENTER: 'GraphRAG' calling 'query_graph'; CURRENT SPEAKER: grok-4_mas_rag, DIALOGUE TURN NUM = 15.
[2025-10-16 11:35:03,147] [INFO] EXIT: 'GraphRAG' calling 'query_graph' (0.6876940727233887 secs).
[2025-10-16 11:35:03,147] [INFO] EXIT: 'GraphRAG' calling 'concede' (0.6880919933319092 secs).
[2025-10-16 11:35:03,147] [INFO] ENTER: 'GraphRAG' calling 'question'; CURRENT SPEAKER: grok-4_mas_rag, DIALOGUE TURN NUM = 15.
[2025-10-16 11:35:03,147] [INFO] ENTER: 'GraphRAG' calling 'query_graph'; CURRENT SPEAKER: grok-4_mas_rag, DIALOGUE TURN NUM = 15.
[2025-10-16 11:35:03,813] [INFO] EXIT: 'GraphRAG' calling 'query_graph' (0.6654493808746338 secs).
[2025-10-16 11:35:03,813] [INFO] EXIT: 'GraphRAG' calling 'question' (0.6659059524536133 secs).
[2025-10-16 11:35:03,832] [INFO] ENTER: 'GraphRAG' calling 'why'; CURRENT SPEAKER: grok-4_mas_rag, DIALOGUE TURN NUM = 15.
[2025-10-16 11:35:03,832] [INFO] ENTER: 'GraphRAG' calling 'query_graph'; CURRENT SPEAKER: grok-4_mas_rag, DIALOGUE TURN NUM = 15.
[2025-10-16 11:35:04,557] [INFO] EXIT: 'GraphRAG' calling 'query_graph' (0.7246086597442627 secs).
[2025-10-16 11:35:04,557] [INFO] EXIT: 'GraphRAG' calling 'why' (0.7250025272369385 secs).
[2025-10-16 11:35:04,557] [INFO] ENTER: 'GraphRAG' calling 'concede'; CURRENT SPEAKER: grok-4_mas_rag, DIALOGUE TURN NUM = 15.
[2025-10-16 11:35:04,557] [INFO] ENTER: 'GraphRAG' calling 'query_graph'; CURRENT SPEAKER: grok-4_mas_rag, DIALOGUE TURN NUM = 15.
[2025-10-16 11:35:05,240] [INFO] EXIT: 'GraphRAG' calling 'query_graph' (0.6821496486663818 secs).
[2025-10-16 11:35:05,240] [INFO] EXIT: 'GraphRAG' calling 'concede' (0.6825745105743408 secs).
[2025-10-16 11:35:05,240] [INFO] ENTER: 'GraphRAG' calling 'question'; CURRENT SPEAKER: grok-4_mas_rag, DIALOGUE TURN NUM = 15.
[2025-10-16 11:35:05,240] [INFO] ENTER: 'GraphRAG' calling 'query_graph'; CURRENT SPEAKER: grok-4_mas_rag, DIALOGUE TURN NUM = 15.
[2025-10-16 11:35:05,894] [INFO] EXIT: 'GraphRAG' calling 'query_graph' (0.6538612842559814 secs).
[2025-10-16 11:35:05,894] [INFO] EXIT: 'GraphRAG' calling 'question' (0.6542649269104004 secs).
[2025-10-16 11:35:05,913] [INFO] ENTER: 'GraphRAG' calling 'why'; CURRENT SPEAKER: grok-4_mas_rag, DIALOGUE TURN NUM = 15.
[2025-10-16 11:35:05,913] [INFO] ENTER: 'GraphRAG' calling 'query_graph'; CURRENT SPEAKER: grok-4_mas_rag, DIALOGUE TURN NUM = 15.
[2025-10-16 11:35:06,636] [INFO] EXIT: 'GraphRAG' calling 'query_graph' (0.7229299545288086 secs).
[2025-10-16 11:35:06,636] [INFO] EXIT: 'GraphRAG' calling 'why' (0.7233893871307373 secs).
[2025-10-16 11:35:06,636] [INFO] ENTER: 'GraphRAG' calling 'concede'; CURRENT SPEAKER: grok-4_mas_rag, DIALOGUE TURN NUM = 15.
[2025-10-16 11:35:06,637] [INFO] ENTER: 'GraphRAG' calling 'query_graph'; CURRENT SPEAKER: grok-4_mas_rag, DIALOGUE TURN NUM = 15.
[2025-10-16 11:35:07,319] [INFO] EXIT: 'GraphRAG' calling 'query_graph' (0.6817831993103027 secs).
[2025-10-16 11:35:07,319] [INFO] EXIT: 'GraphRAG' calling 'concede' (0.6823024749755859 secs).
[2025-10-16 11:35:07,319] [INFO] ENTER: 'GraphRAG' calling 'question'; CURRENT SPEAKER: grok-4_mas_rag, DIALOGUE TURN NUM = 15.
[2025-10-16 11:35:07,319] [INFO] ENTER: 'GraphRAG' calling 'query_graph'; CURRENT SPEAKER: grok-4_mas_rag, DIALOGUE TURN NUM = 15.
[2025-10-16 11:35:07,974] [INFO] EXIT: 'GraphRAG' calling 'query_graph' (0.6547279357910156 secs).
[2025-10-16 11:35:07,974] [INFO] EXIT: 'GraphRAG' calling 'question' (0.6551330089569092 secs).
[2025-10-16 11:35:07,993] [INFO] ENTER: 'GraphRAG' calling 'why'; CURRENT SPEAKER: grok-4_mas_rag, DIALOGUE TURN NUM = 15.
[2025-10-16 11:35:07,993] [INFO] ENTER: 'GraphRAG' calling 'query_graph'; CURRENT SPEAKER: grok-4_mas_rag, DIALOGUE TURN NUM = 15.
[2025-10-16 11:35:08,674] [INFO] EXIT: 'GraphRAG' calling 'query_graph' (0.6804096698760986 secs).
[2025-10-16 11:35:08,674] [INFO] EXIT: 'GraphRAG' calling 'why' (0.6808254718780518 secs).
[2025-10-16 11:35:08,674] [INFO] ENTER: 'GraphRAG' calling 'claim_negation'; CURRENT SPEAKER: grok-4_mas_rag, DIALOGUE TURN NUM = 15.
[2025-10-16 11:35:08,674] [INFO] ENTER: 'GraphRAG' calling 'query_graph'; CURRENT SPEAKER: grok-4_mas_rag, DIALOGUE TURN NUM = 15.
[2025-10-16 11:35:09,326] [INFO] EXIT: 'GraphRAG' calling 'query_graph' (0.6513478755950928 secs).
[2025-10-16 11:35:09,326] [INFO] EXIT: 'GraphRAG' calling 'claim_negation' (0.651756763458252 secs).
[2025-10-16 11:35:09,326] [INFO] ENTER: 'GraphRAG' calling 'concede'; CURRENT SPEAKER: grok-4_mas_rag, DIALOGUE TURN NUM = 15.
[2025-10-16 11:35:09,326] [INFO] ENTER: 'GraphRAG' calling 'query_graph'; CURRENT SPEAKER: grok-4_mas_rag, DIALOGUE TURN NUM = 15.
[2025-10-16 11:35:10,007] [INFO] EXIT: 'GraphRAG' calling 'query_graph' (0.6808891296386719 secs).
[2025-10-16 11:35:10,007] [INFO] EXIT: 'GraphRAG' calling 'concede' (0.6812398433685303 secs).
[2025-10-16 11:35:10,007] [INFO] ENTER: 'GraphRAG' calling 'question'; CURRENT SPEAKER: grok-4_mas_rag, DIALOGUE TURN NUM = 15.
[2025-10-16 11:35:10,007] [INFO] ENTER: 'GraphRAG' calling 'query_graph'; CURRENT SPEAKER: grok-4_mas_rag, DIALOGUE TURN NUM = 15.
[2025-10-16 11:35:10,136] [INFO] EXIT: 'GraphRAG' calling 'query_graph' (0.1284165382385254 secs).
[2025-10-16 11:35:10,136] [INFO] EXIT: 'GraphRAG' calling 'question' (0.12877464294433594 secs).
[2025-10-16 11:35:10,154] [INFO] ENTER: 'GraphRAG' calling 'why'; CURRENT SPEAKER: grok-4_mas_rag, DIALOGUE TURN NUM = 15.
[2025-10-16 11:35:10,155] [INFO] ENTER: 'GraphRAG' calling 'query_graph'; CURRENT SPEAKER: grok-4_mas_rag, DIALOGUE TURN NUM = 15.
[2025-10-16 11:35:10,876] [INFO] EXIT: 'GraphRAG' calling 'query_graph' (0.720928430557251 secs).
[2025-10-16 11:35:10,876] [INFO] EXIT: 'GraphRAG' calling 'why' (0.7212936878204346 secs).
[2025-10-16 11:35:10,876] [INFO] ENTER: 'GraphRAG' calling 'concede'; CURRENT SPEAKER: grok-4_mas_rag, DIALOGUE TURN NUM = 15.
[2025-10-16 11:35:10,876] [INFO] ENTER: 'GraphRAG' calling 'query_graph'; CURRENT SPEAKER: grok-4_mas_rag, DIALOGUE TURN NUM = 15.
[2025-10-16 11:35:11,556] [INFO] EXIT: 'GraphRAG' calling 'query_graph' (0.6796631813049316 secs).
[2025-10-16 11:35:11,556] [INFO] EXIT: 'GraphRAG' calling 'concede' (0.6800384521484375 secs).
[2025-10-16 11:35:11,556] [INFO] ENTER: 'GraphRAG' calling 'question'; CURRENT SPEAKER: grok-4_mas_rag, DIALOGUE TURN NUM = 15.
[2025-10-16 11:35:11,556] [INFO] ENTER: 'GraphRAG' calling 'query_graph'; CURRENT SPEAKER: grok-4_mas_rag, DIALOGUE TURN NUM = 15.
[2025-10-16 11:35:12,213] [INFO] EXIT: 'GraphRAG' calling 'query_graph' (0.6565227508544922 secs).
[2025-10-16 11:35:12,213] [INFO] EXIT: 'GraphRAG' calling 'question' (0.6569168567657471 secs).
[2025-10-16 11:35:12,231] [INFO] ENTER: 'GraphRAG' calling 'why'; CURRENT SPEAKER: grok-4_mas_rag, DIALOGUE TURN NUM = 15.
[2025-10-16 11:35:12,231] [INFO] ENTER: 'GraphRAG' calling 'query_graph'; CURRENT SPEAKER: grok-4_mas_rag, DIALOGUE TURN NUM = 15.
[2025-10-16 11:35:12,911] [INFO] EXIT: 'GraphRAG' calling 'query_graph' (0.6794426441192627 secs).
[2025-10-16 11:35:12,911] [INFO] EXIT: 'GraphRAG' calling 'why' (0.6798300743103027 secs).
[2025-10-16 11:35:12,911] [INFO] ENTER: 'GraphRAG' calling 'claim_negation'; CURRENT SPEAKER: grok-4_mas_rag, DIALOGUE TURN NUM = 15.
[2025-10-16 11:35:12,911] [INFO] ENTER: 'GraphRAG' calling 'query_graph'; CURRENT SPEAKER: grok-4_mas_rag, DIALOGUE TURN NUM = 15.
[2025-10-16 11:35:13,561] [INFO] EXIT: 'GraphRAG' calling 'query_graph' (0.6496846675872803 secs).
[2025-10-16 11:35:13,561] [INFO] EXIT: 'GraphRAG' calling 'claim_negation' (0.6501157283782959 secs).
[2025-10-16 11:35:13,561] [INFO] ENTER: 'GraphRAG' calling 'concede'; CURRENT SPEAKER: grok-4_mas_rag, DIALOGUE TURN NUM = 15.
[2025-10-16 11:35:13,561] [INFO] ENTER: 'GraphRAG' calling 'query_graph'; CURRENT SPEAKER: grok-4_mas_rag, DIALOGUE TURN NUM = 15.
[2025-10-16 11:35:14,239] [INFO] EXIT: 'GraphRAG' calling 'query_graph' (0.6775586605072021 secs).
[2025-10-16 11:35:14,239] [INFO] EXIT: 'GraphRAG' calling 'concede' (0.677971601486206 secs).
[2025-10-16 11:35:14,239] [INFO] ENTER: 'GraphRAG' calling 'question'; CURRENT SPEAKER: grok-4_mas_rag, DIALOGUE TURN NUM = 15.
[2025-10-16 11:35:14,239] [INFO] ENTER: 'GraphRAG' calling 'query_graph'; CURRENT SPEAKER: grok-4_mas_rag, DIALOGUE TURN NUM = 15.
[2025-10-16 11:35:14,368] [INFO] EXIT: 'GraphRAG' calling 'query_graph' (0.12826871871948242 secs).
[2025-10-16 11:35:14,368] [INFO] EXIT: 'GraphRAG' calling 'question' (0.12870192527770996 secs).
[2025-10-16 11:35:14,388] [INFO] ENTER: 'GraphRAG' calling 'why'; CURRENT SPEAKER: grok-4_mas_rag, DIALOGUE TURN NUM = 15.
[2025-10-16 11:35:14,389] [INFO] ENTER: 'GraphRAG' calling 'query_graph'; CURRENT SPEAKER: grok-4_mas_rag, DIALOGUE TURN NUM = 15.
[2025-10-16 11:35:15,069] [INFO] EXIT: 'GraphRAG' calling 'query_graph' (0.6798715591430664 secs).
[2025-10-16 11:35:15,069] [INFO] EXIT: 'GraphRAG' calling 'why' (0.680262565612793 secs).
[2025-10-16 11:35:15,069] [INFO] ENTER: 'GraphRAG' calling 'claim_negation'; CURRENT SPEAKER: grok-4_mas_rag, DIALOGUE TURN NUM = 15.
[2025-10-16 11:35:15,069] [INFO] ENTER: 'GraphRAG' calling 'query_graph'; CURRENT SPEAKER: grok-4_mas_rag, DIALOGUE TURN NUM = 15.
[2025-10-16 11:35:15,718] [INFO] EXIT: 'GraphRAG' calling 'query_graph' (0.6491892337799072 secs).
[2025-10-16 11:35:15,718] [INFO] EXIT: 'GraphRAG' calling 'claim_negation' (0.649592399597168 secs).
[2025-10-16 11:35:15,718] [INFO] ENTER: 'GraphRAG' calling 'concede'; CURRENT SPEAKER: grok-4_mas_rag, DIALOGUE TURN NUM = 15.
[2025-10-16 11:35:15,719] [INFO] ENTER: 'GraphRAG' calling 'query_graph'; CURRENT SPEAKER: grok-4_mas_rag, DIALOGUE TURN NUM = 15.
[2025-10-16 11:35:16,413] [INFO] EXIT: 'GraphRAG' calling 'query_graph' (0.6948089599609375 secs).
[2025-10-16 11:35:16,415] [INFO] EXIT: 'GraphRAG' calling 'concede' (0.6963560581207275 secs).
[2025-10-16 11:35:16,415] [INFO] ENTER: 'GraphRAG' calling 'question'; CURRENT SPEAKER: grok-4_mas_rag, DIALOGUE TURN NUM = 15.
[2025-10-16 11:35:16,415] [INFO] ENTER: 'GraphRAG' calling 'query_graph'; CURRENT SPEAKER: grok-4_mas_rag, DIALOGUE TURN NUM = 15.
[2025-10-16 11:35:16,543] [INFO] EXIT: 'GraphRAG' calling 'query_graph' (0.12777328491210938 secs).
[2025-10-16 11:35:16,543] [INFO] EXIT: 'GraphRAG' calling 'question' (0.12810444831848145 secs).
[2025-10-16 11:35:16,543] [INFO] ENTER: 'GraphRAG' calling 'return_rag_examples'; CURRENT SPEAKER: grok-4_mas_rag, DIALOGUE TURN NUM = 15.
[2025-10-16 11:35:16,543] [INFO] EXIT: 'GraphRAG' calling 'return_rag_examples' (1.6689300537109375e-06 secs).
[2025-10-16 11:35:16,545] [INFO] ENTER: 'DialogueMoveGenerator' calling 'generate'; CURRENT SPEAKER: grok-4_mas_rag, DIALOGUE TURN NUM = 15.
[2025-10-16 11:35:16,546] [INFO] ENTER: 'DialogueMoveGenerator' calling 'generate'; CURRENT SPEAKER: grok-4_mas_rag, DIALOGUE TURN NUM = 15.
[2025-10-16 11:35:16,546] [INFO] ENTER: 'MASPromptGenerator' calling 'claim_negation'; CURRENT SPEAKER: grok-4_mas_rag, DIALOGUE TURN NUM = 15.
[2025-10-16 11:35:16,546] [INFO] ENTER: 'MASPromptGenerator' calling 'concede_claim'; CURRENT SPEAKER: grok-4_mas_rag, DIALOGUE TURN NUM = 15.
[2025-10-16 11:35:16,547] [INFO] EXIT: 'MASPromptGenerator' calling 'claim_negation' (0.00010848045349121094 secs).
[2025-10-16 11:35:16,547] [INFO] EXIT: 'MASPromptGenerator' calling 'concede_claim' (0.0002410411834716797 secs).
[2025-10-16 11:35:16,547] [INFO] ENTER: 'DialogueMoveGenerator' calling 'generate'; CURRENT SPEAKER: grok-4_mas_rag, DIALOGUE TURN NUM = 15.
[2025-10-16 11:35:16,549] [INFO] ENTER: 'MASPromptGenerator' calling 'question_claim'; CURRENT SPEAKER: grok-4_mas_rag, DIALOGUE TURN NUM = 15.
[2025-10-16 11:35:16,550] [INFO] EXIT: 'MASPromptGenerator' calling 'question_claim' (0.0002033710479736328 secs).
[2025-10-16 11:35:16,550] [INFO] ENTER: 'DialogueMoveGenerator' calling 'generate'; CURRENT SPEAKER: grok-4_mas_rag, DIALOGUE TURN NUM = 15.
[2025-10-16 11:35:16,550] [INFO] ENTER: 'MASPromptGenerator' calling 'why_claim'; CURRENT SPEAKER: grok-4_mas_rag, DIALOGUE TURN NUM = 15.
[2025-10-16 11:35:16,550] [INFO] EXIT: 'MASPromptGenerator' calling 'why_claim' (7.653236389160156e-05 secs).
[2025-10-16 11:35:18,038] [INFO] Completion returned and validated from MODEL = 'grok-4'.
[2025-10-16 11:35:18,686] [INFO] Completion returned and validated from MODEL = 'grok-4'.
[2025-10-16 11:35:18,752] [INFO] Completion returned and validated from MODEL = 'grok-4'.
[2025-10-16 11:35:18,770] [INFO] Completion returned and validated from MODEL = 'grok-4'.
[2025-10-16 11:35:19,419] [INFO] Completion returned and validated from MODEL = 'grok-4'.
[2025-10-16 11:35:20,713] [INFO] Completion returned and validated from MODEL = 'grok-4'.
[2025-10-16 11:35:20,872] [INFO] Completion returned and validated from MODEL = 'grok-4'.
[2025-10-16 11:35:21,433] [INFO] Completion returned and validated from MODEL = 'grok-4'.
[2025-10-16 11:35:22,485] [INFO] Completion returned and validated from MODEL = 'grok-4'.
[2025-10-16 11:35:22,656] [INFO] Completion returned and validated from MODEL = 'grok-4'.
[2025-10-16 11:35:22,656] [INFO] EXIT: 'DialogueMoveGenerator' calling 'generate' (6.109968185424805 secs).
[2025-10-16 11:35:23,401] [INFO] Completion returned and validated from MODEL = 'grok-4'.
[2025-10-16 11:35:23,427] [INFO] Completion returned and validated from MODEL = 'grok-4'.
[2025-10-16 11:35:23,905] [INFO] Completion returned and validated from MODEL = 'grok-4'.
[2025-10-16 11:35:25,280] [INFO] Completion returned and validated from MODEL = 'grok-4'.
[2025-10-16 11:35:25,459] [INFO] Completion returned and validated from MODEL = 'grok-4'.
[2025-10-16 11:35:25,580] [INFO] Completion returned and validated from MODEL = 'grok-4'.
[2025-10-16 11:35:27,544] [INFO] Completion returned and validated from MODEL = 'grok-4'.
[2025-10-16 11:35:27,780] [INFO] Completion returned and validated from MODEL = 'grok-4'.
[2025-10-16 11:35:27,892] [INFO] Completion returned and validated from MODEL = 'grok-4'.
[2025-10-16 11:35:29,209] [INFO] Completion returned and validated from MODEL = 'grok-4'.
[2025-10-16 11:35:29,381] [INFO] Completion returned and validated from MODEL = 'grok-4'.
[2025-10-16 11:35:29,381] [INFO] EXIT: 'DialogueMoveGenerator' calling 'generate' (12.834784507751465 secs).
[2025-10-16 11:35:29,588] [INFO] Completion returned and validated from MODEL = 'grok-4'.
[2025-10-16 11:35:30,753] [INFO] Completion returned and validated from MODEL = 'grok-4'.
[2025-10-16 11:35:31,248] [INFO] Completion returned and validated from MODEL = 'grok-4'.
[2025-10-16 11:35:32,085] [INFO] Completion returned and validated from MODEL = 'grok-4'.
[2025-10-16 11:35:32,085] [INFO] EXIT: 'DialogueMoveGenerator' calling 'generate' (15.535342931747437 secs).
[2025-10-16 11:35:33,372] [INFO] Completion returned and validated from MODEL = 'grok-4'.
[2025-10-16 11:35:35,100] [INFO] Completion returned and validated from MODEL = 'grok-4'.
[2025-10-16 11:35:35,100] [INFO] EXIT: 'DialogueMoveGenerator' calling 'generate' (18.550267696380615 secs).
[2025-10-16 11:35:35,101] [INFO] ENTER: 'MASPromptGenerator' calling 'persuasiveness_choice'; CURRENT SPEAKER: grok-4_mas_rag, DIALOGUE TURN NUM = 15.
[2025-10-16 11:35:35,101] [INFO] EXIT: 'MASPromptGenerator' calling 'persuasiveness_choice' (0.00032138824462890625 secs).
[2025-10-16 11:35:36,648] [INFO] Completion returned and validated within 'PersuasivenessChoiceAgent'; MODEL = 'grok-4'; DIALOGUE TURN NUM = 15.
[2025-10-16 11:35:38,783] [INFO] Completion returned and validated within 'PersuasivenessChoiceAgent'; MODEL = 'grok-4'; DIALOGUE TURN NUM = 15.
[2025-10-16 11:35:40,688] [INFO] Completion returned and validated within 'PersuasivenessChoiceAgent'; MODEL = 'grok-4'; DIALOGUE TURN NUM = 15.
[2025-10-16 11:35:42,655] [INFO] Completion returned and validated within 'PersuasivenessChoiceAgent'; MODEL = 'grok-4'; DIALOGUE TURN NUM = 15.
[2025-10-16 11:35:45,155] [INFO] Completion returned and validated within 'PersuasivenessChoiceAgent'; MODEL = 'grok-4'; DIALOGUE TURN NUM = 15.
[2025-10-16 11:35:47,089] [INFO] Completion returned and validated within 'PersuasivenessChoiceAgent'; MODEL = 'grok-4'; DIALOGUE TURN NUM = 15.
[2025-10-16 11:35:49,049] [INFO] Completion returned and validated within 'PersuasivenessChoiceAgent'; MODEL = 'grok-4'; DIALOGUE TURN NUM = 15.
[2025-10-16 11:35:51,465] [INFO] Completion returned and validated within 'PersuasivenessChoiceAgent'; MODEL = 'grok-4'; DIALOGUE TURN NUM = 15.
[2025-10-16 11:35:51,465] [INFO] ENTER: 'DisambiguationAgent' calling '_grouping_similar_utterance_types'; CURRENT SPEAKER: grok-4_mas_rag, DIALOGUE TURN NUM = 15.
[2025-10-16 11:35:51,465] [INFO] EXIT: 'DisambiguationAgent' calling '_grouping_similar_utterance_types' (2.0742416381835938e-05 secs).
[2025-10-16 11:35:51,465] [INFO] ENTER: 'DisambiguationAgent' calling '_identifying_similar_sentences_and_choosing_one_to_return_to_user'; CURRENT SPEAKER: grok-4_mas_rag, DIALOGUE TURN NUM = 15.
[2025-10-16 11:35:54,241] [INFO] 'DisambiguationAgent' grouped similar sentences, completion returned and validated; MODEL = 'grok-4'.
[2025-10-16 11:35:55,069] [INFO] 'DisambiguationAgent' chose sentences to remove, completion returned and validated from MODEL = 'grok-4'.
[2025-10-16 11:35:55,069] [INFO] EXIT: 'DisambiguationAgent' calling '_identifying_similar_sentences_and_choosing_one_to_return_to_user' (3.6035358905792236 secs).
[2025-10-16 11:35:55,069] [INFO] ENTER: 'DisambiguationAgent' calling '_identifying_similar_sentences_and_choosing_one_to_return_to_user'; CURRENT SPEAKER: grok-4_mas_rag, DIALOGUE TURN NUM = 15.
[2025-10-16 11:36:02,424] [INFO] 'DisambiguationAgent' grouped similar sentences, completion returned and validated; MODEL = 'grok-4'.
[2025-10-16 11:36:03,623] [INFO] 'DisambiguationAgent' chose sentences to remove, completion returned and validated from MODEL = 'grok-4'.
[2025-10-16 11:36:04,613] [INFO] 'DisambiguationAgent' chose sentences to remove, completion returned and validated from MODEL = 'grok-4'.
[2025-10-16 11:36:05,473] [INFO] 'DisambiguationAgent' chose sentences to remove, completion returned and validated from MODEL = 'grok-4'.
[2025-10-16 11:36:06,318] [INFO] 'DisambiguationAgent' chose sentences to remove, completion returned and validated from MODEL = 'grok-4'.
[2025-10-16 11:36:07,077] [INFO] 'DisambiguationAgent' chose sentences to remove, completion returned and validated from MODEL = 'grok-4'.
[2025-10-16 11:36:07,077] [INFO] EXIT: 'DisambiguationAgent' calling '_identifying_similar_sentences_and_choosing_one_to_return_to_user' (12.008386373519897 secs).
[2025-10-16 11:36:07,078] [INFO] ENTER: 'DisambiguationAgent' calling '_removing_repetitive_sentences'; CURRENT SPEAKER: grok-4_mas_rag, DIALOGUE TURN NUM = 15.
[2025-10-16 11:36:07,078] [INFO] EXIT: 'DisambiguationAgent' calling '_removing_repetitive_sentences' (3.0279159545898438e-05 secs).
[2025-10-16 11:36:07,078] [INFO] ENTER: 'DisambiguationAgent' calling '_choose_the_most_persuasive_sentences'; CURRENT SPEAKER: grok-4_mas_rag, DIALOGUE TURN NUM = 15.
[2025-10-16 11:36:09,200] [INFO] 'DisambiguationAgent': reached maximum allowed sentences, succussfully chose most persuasive sentences, completion returned and validated from MODEL = 'grok-4'.
[2025-10-16 11:36:09,201] [INFO] EXIT: 'DisambiguationAgent' calling '_choose_the_most_persuasive_sentences' (2.122898578643799 secs).
[2025-10-16 11:36:09,201] [INFO] ENTER: 'DisambiguationAgent' calling 'return_disambiguated_sentences'; CURRENT SPEAKER: grok-4_mas_rag, DIALOGUE TURN NUM = 15.
[2025-10-16 11:36:09,201] [INFO] EXIT: 'DisambiguationAgent' calling 'return_disambiguated_sentences' (3.0994415283203125e-06 secs).
[2025-10-16 11:36:09,201] [ERROR] Wrong state used; State of type HumanState; error message: dict has unexpected extra key(s): "graph_rag_examples", "intermediate_generations", "knowledge_base_ensemble_or_model_name", "model_seed", "model_temp", "model_top_p", "number_of_graph_rag_examples", "number_of_vector_based_rag_examples", "political_position_prob_of_na", "political_position_range", "political_position_std", "speaker_model_name", "speaker_type", "vector_based_persona_string", "vector_based_persona_sys_prompt"
[2025-10-16 11:36:09,201] [INFO] Correct state used; State of type GenerationAgentsState; 'IGNORE THE ABOVE ERRORS'.
[2025-10-16 11:36:10,008] [INFO] 'commitment_update' completed '___Claim___' update for current speaker's commitments; MODEL = 'grok-4'.
[2025-10-16 11:36:10,124] [ERROR] Wrong state used; State of type HumanState; error message: dict has unexpected extra key(s): "graph_rag_examples", "intermediate_generations", "knowledge_base_ensemble_or_model_name", "model_seed", "model_temp", "model_top_p", "number_of_graph_rag_examples", "number_of_vector_based_rag_examples", "political_position_prob_of_na", "political_position_range", "political_position_std", "speaker_model_name", "speaker_type", "vector_based_persona_string", "vector_based_persona_sys_prompt"
[2025-10-16 11:36:10,124] [INFO] Correct state used; State of type GenerationAgentsState; 'IGNORE THE ABOVE ERRORS'.
[2025-10-16 11:36:10,125] [INFO] ENTER: 'UtteranceClassificationAgent' calling '_classify_sentence_utterance_types'; CURRENT SPEAKER: grok-4_mas, DIALOGUE TURN NUM = 16.
[2025-10-16 11:36:10,716] [INFO] 'UtteranceClassificationAgent' completion returned and validated from MODEL = 'ModelName.GROK_4'.
[2025-10-16 11:36:11,279] [INFO] 'UtteranceClassificationAgent' completion returned and validated from MODEL = 'ModelName.GROK_4'.
[2025-10-16 11:36:11,848] [INFO] 'UtteranceClassificationAgent' completion returned and validated from MODEL = 'ModelName.GROK_4'.
[2025-10-16 11:36:12,441] [INFO] 'UtteranceClassificationAgent' completion returned and validated from MODEL = 'ModelName.GROK_4'.
[2025-10-16 11:36:13,007] [INFO] 'UtteranceClassificationAgent' completion returned and validated from MODEL = 'ModelName.GROK_4'.
[2025-10-16 11:36:13,007] [INFO] EXIT: 'UtteranceClassificationAgent' calling '_classify_sentence_utterance_types' (2.882345676422119 secs).
[2025-10-16 11:36:13,007] [INFO] ENTER: 'UtteranceClassificationAgent' calling 'return_classified_sentences'; CURRENT SPEAKER: grok-4_mas, DIALOGUE TURN NUM = 16.
[2025-10-16 11:36:13,007] [INFO] EXIT: 'UtteranceClassificationAgent' calling 'return_classified_sentences' (1.9073486328125e-06 secs).
[2025-10-16 11:36:13,009] [INFO] ENTER: 'DialogueMoveGenerator' calling 'generate'; CURRENT SPEAKER: grok-4_mas, DIALOGUE TURN NUM = 16.
[2025-10-16 11:36:13,009] [INFO] ENTER: 'MASPromptGenerator' calling 'claim'; CURRENT SPEAKER: grok-4_mas, DIALOGUE TURN NUM = 16.
[2025-10-16 11:36:13,010] [INFO] EXIT: 'MASPromptGenerator' calling 'claim' (5.507469177246094e-05 secs).
[2025-10-16 11:36:13,010] [INFO] ENTER: 'DialogueMoveGenerator' calling 'generate'; CURRENT SPEAKER: grok-4_mas, DIALOGUE TURN NUM = 16.
[2025-10-16 11:36:13,010] [INFO] ENTER: 'MASPromptGenerator' calling 'claim_negation'; CURRENT SPEAKER: grok-4_mas, DIALOGUE TURN NUM = 16.
[2025-10-16 11:36:13,010] [INFO] EXIT: 'MASPromptGenerator' calling 'claim_negation' (4.744529724121094e-05 secs).
[2025-10-16 11:36:13,013] [INFO] ENTER: 'DialogueMoveGenerator' calling 'generate'; CURRENT SPEAKER: grok-4_mas, DIALOGUE TURN NUM = 16.
[2025-10-16 11:36:13,014] [INFO] ENTER: 'DialogueMoveGenerator' calling 'generate'; CURRENT SPEAKER: grok-4_mas, DIALOGUE TURN NUM = 16.
[2025-10-16 11:36:13,014] [INFO] ENTER: 'MASPromptGenerator' calling 'concede_claim'; CURRENT SPEAKER: grok-4_mas, DIALOGUE TURN NUM = 16.
[2025-10-16 11:36:13,014] [INFO] ENTER: 'DialogueMoveGenerator' calling 'generate'; CURRENT SPEAKER: grok-4_mas, DIALOGUE TURN NUM = 16.
[2025-10-16 11:36:13,015] [INFO] ENTER: 'MASPromptGenerator' calling 'question_claim'; CURRENT SPEAKER: grok-4_mas, DIALOGUE TURN NUM = 16.
[2025-10-16 11:36:13,015] [INFO] EXIT: 'MASPromptGenerator' calling 'concede_claim' (5.125999450683594e-05 secs).
[2025-10-16 11:36:13,015] [INFO] ENTER: 'DialogueMoveGenerator' calling 'generate'; CURRENT SPEAKER: grok-4_mas, DIALOGUE TURN NUM = 16.
[2025-10-16 11:36:13,015] [INFO] ENTER: 'MASPromptGenerator' calling 'retract_claim'; CURRENT SPEAKER: grok-4_mas, DIALOGUE TURN NUM = 16.
[2025-10-16 11:36:13,015] [INFO] EXIT: 'MASPromptGenerator' calling 'question_claim' (2.9802322387695312e-05 secs).
[2025-10-16 11:36:13,016] [INFO] ENTER: 'DialogueMoveGenerator' calling 'generate'; CURRENT SPEAKER: grok-4_mas, DIALOGUE TURN NUM = 16.
[2025-10-16 11:36:13,018] [INFO] ENTER: 'MASPromptGenerator' calling 'since_claim'; CURRENT SPEAKER: grok-4_mas, DIALOGUE TURN NUM = 16.
[2025-10-16 11:36:13,018] [INFO] EXIT: 'MASPromptGenerator' calling 'retract_claim' (4.315376281738281e-05 secs).
[2025-10-16 11:36:13,019] [INFO] ENTER: 'MASPromptGenerator' calling 'why_claim'; CURRENT SPEAKER: grok-4_mas, DIALOGUE TURN NUM = 16.
[2025-10-16 11:36:13,019] [INFO] EXIT: 'MASPromptGenerator' calling 'since_claim' (3.1948089599609375e-05 secs).
[2025-10-16 11:36:13,019] [INFO] EXIT: 'MASPromptGenerator' calling 'why_claim' (3.170967102050781e-05 secs).
[2025-10-16 11:36:15,033] [INFO] Completion returned and validated from MODEL = 'grok-4'.
[2025-10-16 11:36:15,033] [INFO] EXIT: 'DialogueMoveGenerator' calling 'generate' (2.0189385414123535 secs).
[2025-10-16 11:36:15,352] [INFO] Completion returned and validated from MODEL = 'grok-4'.
[2025-10-16 11:36:15,360] [INFO] Completion returned and validated from MODEL = 'grok-4'.
[2025-10-16 11:36:15,360] [INFO] EXIT: 'DialogueMoveGenerator' calling 'generate' (2.34600567817688 secs).
[2025-10-16 11:36:15,366] [INFO] Completion returned and validated from MODEL = 'grok-4'.
[2025-10-16 11:36:15,366] [INFO] EXIT: 'DialogueMoveGenerator' calling 'generate' (2.3469717502593994 secs).
[2025-10-16 11:36:15,367] [INFO] Completion returned and validated from MODEL = 'grok-4'.
[2025-10-16 11:36:15,367] [INFO] EXIT: 'DialogueMoveGenerator' calling 'generate' (2.357069253921509 secs).
[2025-10-16 11:36:15,379] [INFO] Completion returned and validated from MODEL = 'grok-4'.
[2025-10-16 11:36:15,389] [INFO] Completion returned and validated from MODEL = 'grok-4'.
[2025-10-16 11:36:16,714] [INFO] Completion returned and validated from MODEL = 'grok-4'.
[2025-10-16 11:36:16,864] [INFO] Completion returned and validated from MODEL = 'grok-4'.
[2025-10-16 11:36:17,055] [INFO] Completion returned and validated from MODEL = 'grok-4'.
[2025-10-16 11:36:18,194] [INFO] Completion returned and validated from MODEL = 'grok-4'.
[2025-10-16 11:36:18,912] [INFO] Completion returned and validated from MODEL = 'grok-4'.
[2025-10-16 11:36:18,955] [INFO] Completion returned and validated from MODEL = 'grok-4'.
[2025-10-16 11:36:19,824] [INFO] Completion returned and validated from MODEL = 'grok-4'.
[2025-10-16 11:36:19,824] [INFO] EXIT: 'DialogueMoveGenerator' calling 'generate' (6.808669567108154 secs).
[2025-10-16 11:36:20,433] [INFO] Completion returned and validated from MODEL = 'grok-4'.
[2025-10-16 11:36:20,433] [INFO] EXIT: 'DialogueMoveGenerator' calling 'generate' (7.424093723297119 secs).
[2025-10-16 11:36:23,179] [INFO] Completion returned and validated from MODEL = 'grok-4'.
[2025-10-16 11:36:23,179] [INFO] EXIT: 'DialogueMoveGenerator' calling 'generate' (10.160760641098022 secs).
[2025-10-16 11:36:23,180] [INFO] ENTER: 'MASPromptGenerator' calling 'persuasiveness_choice'; CURRENT SPEAKER: grok-4_mas, DIALOGUE TURN NUM = 16.
[2025-10-16 11:36:23,180] [INFO] EXIT: 'MASPromptGenerator' calling 'persuasiveness_choice' (0.00018024444580078125 secs).
[2025-10-16 11:36:25,521] [INFO] Completion returned and validated within 'PersuasivenessChoiceAgent'; MODEL = 'grok-4'; DIALOGUE TURN NUM = 16.
[2025-10-16 11:36:27,440] [INFO] Completion returned and validated within 'PersuasivenessChoiceAgent'; MODEL = 'grok-4'; DIALOGUE TURN NUM = 16.
[2025-10-16 11:36:29,219] [INFO] Completion returned and validated within 'PersuasivenessChoiceAgent'; MODEL = 'grok-4'; DIALOGUE TURN NUM = 16.
[2025-10-16 11:36:31,060] [INFO] Completion returned and validated within 'PersuasivenessChoiceAgent'; MODEL = 'grok-4'; DIALOGUE TURN NUM = 16.
[2025-10-16 11:36:35,201] [INFO] Completion returned and validated within 'PersuasivenessChoiceAgent'; MODEL = 'grok-4'; DIALOGUE TURN NUM = 16.
[2025-10-16 11:36:35,201] [INFO] ENTER: 'DisambiguationAgent' calling '_grouping_similar_utterance_types'; CURRENT SPEAKER: grok-4_mas, DIALOGUE TURN NUM = 16.
[2025-10-16 11:36:35,201] [INFO] EXIT: 'DisambiguationAgent' calling '_grouping_similar_utterance_types' (8.58306884765625e-06 secs).
[2025-10-16 11:36:35,201] [INFO] ENTER: 'DisambiguationAgent' calling '_identifying_similar_sentences_and_choosing_one_to_return_to_user'; CURRENT SPEAKER: grok-4_mas, DIALOGUE TURN NUM = 16.
[2025-10-16 11:36:38,896] [INFO] 'DisambiguationAgent' grouped similar sentences, completion returned and validated; MODEL = 'grok-4'.
[2025-10-16 11:36:39,885] [INFO] 'DisambiguationAgent' chose sentences to remove, completion returned and validated from MODEL = 'grok-4'.
[2025-10-16 11:36:42,966] [INFO] 'DisambiguationAgent' chose sentences to remove, completion returned and validated from MODEL = 'grok-4'.
[2025-10-16 11:36:44,197] [INFO] 'DisambiguationAgent' chose sentences to remove, completion returned and validated from MODEL = 'grok-4'.
[2025-10-16 11:36:44,197] [INFO] EXIT: 'DisambiguationAgent' calling '_identifying_similar_sentences_and_choosing_one_to_return_to_user' (8.996073722839355 secs).
[2025-10-16 11:36:44,197] [INFO] ENTER: 'DisambiguationAgent' calling '_identifying_similar_sentences_and_choosing_one_to_return_to_user'; CURRENT SPEAKER: grok-4_mas, DIALOGUE TURN NUM = 16.
[2025-10-16 11:36:44,804] [INFO] 'DisambiguationAgent' grouped similar sentences, completion returned and validated; MODEL = 'grok-4'.
[2025-10-16 11:36:44,804] [INFO] EXIT: 'DisambiguationAgent' calling '_identifying_similar_sentences_and_choosing_one_to_return_to_user' (0.6069068908691406 secs).
[2025-10-16 11:36:44,804] [INFO] ENTER: 'DisambiguationAgent' calling '_removing_repetitive_sentences'; CURRENT SPEAKER: grok-4_mas, DIALOGUE TURN NUM = 16.
[2025-10-16 11:36:44,804] [INFO] EXIT: 'DisambiguationAgent' calling '_removing_repetitive_sentences' (1.3828277587890625e-05 secs).
[2025-10-16 11:36:44,804] [INFO] ENTER: 'DisambiguationAgent' calling 'return_disambiguated_sentences'; CURRENT SPEAKER: grok-4_mas, DIALOGUE TURN NUM = 16.
[2025-10-16 11:36:44,804] [INFO] EXIT: 'DisambiguationAgent' calling 'return_disambiguated_sentences' (1.6689300537109375e-06 secs).
[2025-10-16 11:36:44,805] [ERROR] Wrong state used; State of type HumanState; error message: dict has unexpected extra key(s): "graph_rag_examples", "intermediate_generations", "knowledge_base_ensemble_or_model_name", "model_seed", "model_temp", "model_top_p", "number_of_graph_rag_examples", "number_of_vector_based_rag_examples", "political_position_prob_of_na", "political_position_range", "political_position_std", "speaker_model_name", "speaker_type", "vector_based_persona_string", "vector_based_persona_sys_prompt"
[2025-10-16 11:36:44,805] [INFO] Correct state used; State of type GenerationAgentsState; 'IGNORE THE ABOVE ERRORS'.
[2025-10-16 11:36:45,385] [INFO] 'commitment_update' completed '___Claim___' update for current speaker's commitments; MODEL = 'grok-4'.
[2025-10-16 11:36:46,257] [INFO] 'commitment_update' completed '___Claim___' update for current speaker's commitments; MODEL = 'grok-4'.
[2025-10-16 11:36:46,837] [INFO] 'commitment_update' completed '___Since___' update; MODEL = 'grok-4'.
[2025-10-16 11:36:46,923] [ERROR] Wrong state used; State of type HumanState; error message: dict has unexpected extra key(s): "graph_rag_examples", "intermediate_generations", "knowledge_base_ensemble_or_model_name", "model_seed", "model_temp", "model_top_p", "number_of_graph_rag_examples", "number_of_vector_based_rag_examples", "political_position_prob_of_na", "political_position_range", "political_position_std", "speaker_model_name", "speaker_type", "vector_based_persona_string", "vector_based_persona_sys_prompt"
[2025-10-16 11:36:46,924] [INFO] Correct state used; State of type GenerationAgentsState; 'IGNORE THE ABOVE ERRORS'.
[2025-10-16 11:36:46,924] [INFO] ENTER: 'UtteranceClassificationAgent' calling '_classify_sentence_utterance_types'; CURRENT SPEAKER: grok-4_mas_rag, DIALOGUE TURN NUM = 17.
[2025-10-16 11:36:47,503] [INFO] 'UtteranceClassificationAgent' completion returned and validated from MODEL = 'ModelName.GROK_4'.
[2025-10-16 11:36:48,054] [INFO] 'UtteranceClassificationAgent' completion returned and validated from MODEL = 'ModelName.GROK_4'.
[2025-10-16 11:36:48,588] [INFO] 'UtteranceClassificationAgent' completion returned and validated from MODEL = 'ModelName.GROK_4'.
[2025-10-16 11:36:52,265] [INFO] 'UtteranceClassificationAgent' completion returned and validated from MODEL = 'ModelName.GROK_4'.
[2025-10-16 11:36:52,823] [INFO] 'UtteranceClassificationAgent' completion returned and validated from MODEL = 'ModelName.GROK_4'.
[2025-10-16 11:36:53,372] [INFO] 'UtteranceClassificationAgent' completion returned and validated from MODEL = 'ModelName.GROK_4'.
[2025-10-16 11:36:53,908] [INFO] 'UtteranceClassificationAgent' completion returned and validated from MODEL = 'ModelName.GROK_4'.
[2025-10-16 11:36:53,908] [INFO] EXIT: 'UtteranceClassificationAgent' calling '_classify_sentence_utterance_types' (6.984317064285278 secs).
[2025-10-16 11:36:53,908] [INFO] ENTER: 'UtteranceClassificationAgent' calling 'return_classified_sentences'; CURRENT SPEAKER: grok-4_mas_rag, DIALOGUE TURN NUM = 17.
[2025-10-16 11:36:53,908] [INFO] EXIT: 'UtteranceClassificationAgent' calling 'return_classified_sentences' (2.1457672119140625e-06 secs).
[2025-10-16 11:36:53,930] [INFO] ENTER: 'GraphRAG' calling 'why'; CURRENT SPEAKER: grok-4_mas_rag, DIALOGUE TURN NUM = 17.
[2025-10-16 11:36:53,930] [INFO] ENTER: 'GraphRAG' calling 'query_graph'; CURRENT SPEAKER: grok-4_mas_rag, DIALOGUE TURN NUM = 17.
[2025-10-16 11:36:54,650] [INFO] EXIT: 'GraphRAG' calling 'query_graph' (0.7200734615325928 secs).
[2025-10-16 11:36:54,651] [INFO] EXIT: 'GraphRAG' calling 'why' (0.7204892635345459 secs).
[2025-10-16 11:36:54,651] [INFO] ENTER: 'GraphRAG' calling 'concede'; CURRENT SPEAKER: grok-4_mas_rag, DIALOGUE TURN NUM = 17.
[2025-10-16 11:36:54,651] [INFO] ENTER: 'GraphRAG' calling 'query_graph'; CURRENT SPEAKER: grok-4_mas_rag, DIALOGUE TURN NUM = 17.
[2025-10-16 11:36:55,330] [INFO] EXIT: 'GraphRAG' calling 'query_graph' (0.6793007850646973 secs).
[2025-10-16 11:36:55,330] [INFO] EXIT: 'GraphRAG' calling 'concede' (0.6796853542327881 secs).
[2025-10-16 11:36:55,330] [INFO] ENTER: 'GraphRAG' calling 'question'; CURRENT SPEAKER: grok-4_mas_rag, DIALOGUE TURN NUM = 17.
[2025-10-16 11:36:55,331] [INFO] ENTER: 'GraphRAG' calling 'query_graph'; CURRENT SPEAKER: grok-4_mas_rag, DIALOGUE TURN NUM = 17.
[2025-10-16 11:36:55,992] [INFO] EXIT: 'GraphRAG' calling 'query_graph' (0.6613235473632812 secs).
[2025-10-16 11:36:55,992] [INFO] EXIT: 'GraphRAG' calling 'question' (0.661738395690918 secs).
[2025-10-16 11:36:56,009] [INFO] ENTER: 'GraphRAG' calling 'why'; CURRENT SPEAKER: grok-4_mas_rag, DIALOGUE TURN NUM = 17.
[2025-10-16 11:36:56,010] [INFO] ENTER: 'GraphRAG' calling 'query_graph'; CURRENT SPEAKER: grok-4_mas_rag, DIALOGUE TURN NUM = 17.
[2025-10-16 11:36:56,729] [INFO] EXIT: 'GraphRAG' calling 'query_graph' (0.7194499969482422 secs).
[2025-10-16 11:36:56,729] [INFO] EXIT: 'GraphRAG' calling 'why' (0.7198636531829834 secs).
[2025-10-16 11:36:56,729] [INFO] ENTER: 'GraphRAG' calling 'concede'; CURRENT SPEAKER: grok-4_mas_rag, DIALOGUE TURN NUM = 17.
[2025-10-16 11:36:56,730] [INFO] ENTER: 'GraphRAG' calling 'query_graph'; CURRENT SPEAKER: grok-4_mas_rag, DIALOGUE TURN NUM = 17.
[2025-10-16 11:36:57,410] [INFO] EXIT: 'GraphRAG' calling 'query_graph' (0.6799979209899902 secs).
[2025-10-16 11:36:57,410] [INFO] EXIT: 'GraphRAG' calling 'concede' (0.680408239364624 secs).
[2025-10-16 11:36:57,410] [INFO] ENTER: 'GraphRAG' calling 'question'; CURRENT SPEAKER: grok-4_mas_rag, DIALOGUE TURN NUM = 17.
[2025-10-16 11:36:57,410] [INFO] ENTER: 'GraphRAG' calling 'query_graph'; CURRENT SPEAKER: grok-4_mas_rag, DIALOGUE TURN NUM = 17.
[2025-10-16 11:36:58,067] [INFO] EXIT: 'GraphRAG' calling 'query_graph' (0.6571826934814453 secs).
[2025-10-16 11:36:58,068] [INFO] EXIT: 'GraphRAG' calling 'question' (0.657658576965332 secs).
[2025-10-16 11:36:58,085] [INFO] ENTER: 'GraphRAG' calling 'why'; CURRENT SPEAKER: grok-4_mas_rag, DIALOGUE TURN NUM = 17.
[2025-10-16 11:36:58,086] [INFO] ENTER: 'GraphRAG' calling 'query_graph'; CURRENT SPEAKER: grok-4_mas_rag, DIALOGUE TURN NUM = 17.
[2025-10-16 11:36:58,763] [INFO] EXIT: 'GraphRAG' calling 'query_graph' (0.6777331829071045 secs).
[2025-10-16 11:36:58,763] [INFO] EXIT: 'GraphRAG' calling 'why' (0.6781375408172607 secs).
[2025-10-16 11:36:58,764] [INFO] ENTER: 'GraphRAG' calling 'claim_negation'; CURRENT SPEAKER: grok-4_mas_rag, DIALOGUE TURN NUM = 17.
[2025-10-16 11:36:58,764] [INFO] ENTER: 'GraphRAG' calling 'query_graph'; CURRENT SPEAKER: grok-4_mas_rag, DIALOGUE TURN NUM = 17.
[2025-10-16 11:36:59,414] [INFO] EXIT: 'GraphRAG' calling 'query_graph' (0.6501255035400391 secs).
[2025-10-16 11:36:59,414] [INFO] EXIT: 'GraphRAG' calling 'claim_negation' (0.6505537033081055 secs).
[2025-10-16 11:36:59,414] [INFO] ENTER: 'GraphRAG' calling 'concede'; CURRENT SPEAKER: grok-4_mas_rag, DIALOGUE TURN NUM = 17.
[2025-10-16 11:36:59,414] [INFO] ENTER: 'GraphRAG' calling 'query_graph'; CURRENT SPEAKER: grok-4_mas_rag, DIALOGUE TURN NUM = 17.
[2025-10-16 11:37:00,094] [INFO] EXIT: 'GraphRAG' calling 'query_graph' (0.6794984340667725 secs).
[2025-10-16 11:37:00,094] [INFO] EXIT: 'GraphRAG' calling 'concede' (0.6799407005310059 secs).
[2025-10-16 11:37:00,094] [INFO] ENTER: 'GraphRAG' calling 'question'; CURRENT SPEAKER: grok-4_mas_rag, DIALOGUE TURN NUM = 17.
[2025-10-16 11:37:00,094] [INFO] ENTER: 'GraphRAG' calling 'query_graph'; CURRENT SPEAKER: grok-4_mas_rag, DIALOGUE TURN NUM = 17.
[2025-10-16 11:37:00,220] [INFO] EXIT: 'GraphRAG' calling 'query_graph' (0.12592673301696777 secs).
[2025-10-16 11:37:00,221] [INFO] EXIT: 'GraphRAG' calling 'question' (0.12637925148010254 secs).
[2025-10-16 11:37:00,239] [INFO] ENTER: 'GraphRAG' calling 'since'; CURRENT SPEAKER: grok-4_mas_rag, DIALOGUE TURN NUM = 17.
[2025-10-16 11:37:00,239] [INFO] ENTER: 'GraphRAG' calling 'query_graph'; CURRENT SPEAKER: grok-4_mas_rag, DIALOGUE TURN NUM = 17.
[2025-10-16 11:37:00,264] [INFO] EXIT: 'GraphRAG' calling 'query_graph' (0.02535104751586914 secs).
[2025-10-16 11:37:00,264] [INFO] EXIT: 'GraphRAG' calling 'since' (0.025763273239135742 secs).
[2025-10-16 11:37:00,264] [INFO] ENTER: 'GraphRAG' calling 'claim'; CURRENT SPEAKER: grok-4_mas_rag, DIALOGUE TURN NUM = 17.
[2025-10-16 11:37:00,265] [INFO] ENTER: 'GraphRAG' calling 'query_graph'; CURRENT SPEAKER: grok-4_mas_rag, DIALOGUE TURN NUM = 17.
[2025-10-16 11:37:00,283] [INFO] EXIT: 'GraphRAG' calling 'query_graph' (0.0186309814453125 secs).
[2025-10-16 11:37:00,283] [INFO] EXIT: 'GraphRAG' calling 'claim' (0.01900172233581543 secs).
[2025-10-16 11:37:00,302] [INFO] ENTER: 'GraphRAG' calling 'why'; CURRENT SPEAKER: grok-4_mas_rag, DIALOGUE TURN NUM = 17.
[2025-10-16 11:37:00,302] [INFO] ENTER: 'GraphRAG' calling 'query_graph'; CURRENT SPEAKER: grok-4_mas_rag, DIALOGUE TURN NUM = 17.
[2025-10-16 11:37:01,023] [INFO] EXIT: 'GraphRAG' calling 'query_graph' (0.72117018699646 secs).
[2025-10-16 11:37:01,024] [INFO] EXIT: 'GraphRAG' calling 'why' (0.7215566635131836 secs).
[2025-10-16 11:37:01,024] [INFO] ENTER: 'GraphRAG' calling 'concede'; CURRENT SPEAKER: grok-4_mas_rag, DIALOGUE TURN NUM = 17.
[2025-10-16 11:37:01,024] [INFO] ENTER: 'GraphRAG' calling 'query_graph'; CURRENT SPEAKER: grok-4_mas_rag, DIALOGUE TURN NUM = 17.
[2025-10-16 11:37:01,704] [INFO] EXIT: 'GraphRAG' calling 'query_graph' (0.6797831058502197 secs).
[2025-10-16 11:37:01,704] [INFO] EXIT: 'GraphRAG' calling 'concede' (0.6801855564117432 secs).
[2025-10-16 11:37:01,704] [INFO] ENTER: 'GraphRAG' calling 'question'; CURRENT SPEAKER: grok-4_mas_rag, DIALOGUE TURN NUM = 17.
[2025-10-16 11:37:01,704] [INFO] ENTER: 'GraphRAG' calling 'query_graph'; CURRENT SPEAKER: grok-4_mas_rag, DIALOGUE TURN NUM = 17.
[2025-10-16 11:37:02,370] [INFO] EXIT: 'GraphRAG' calling 'query_graph' (0.6662533283233643 secs).
[2025-10-16 11:37:02,371] [INFO] EXIT: 'GraphRAG' calling 'question' (0.6666884422302246 secs).
[2025-10-16 11:37:02,389] [INFO] ENTER: 'GraphRAG' calling 'why'; CURRENT SPEAKER: grok-4_mas_rag, DIALOGUE TURN NUM = 17.
[2025-10-16 11:37:02,389] [INFO] ENTER: 'GraphRAG' calling 'query_graph'; CURRENT SPEAKER: grok-4_mas_rag, DIALOGUE TURN NUM = 17.
[2025-10-16 11:37:03,108] [INFO] EXIT: 'GraphRAG' calling 'query_graph' (0.7195415496826172 secs).
[2025-10-16 11:37:03,109] [INFO] EXIT: 'GraphRAG' calling 'why' (0.7199380397796631 secs).
[2025-10-16 11:37:03,109] [INFO] ENTER: 'GraphRAG' calling 'concede'; CURRENT SPEAKER: grok-4_mas_rag, DIALOGUE TURN NUM = 17.
[2025-10-16 11:37:03,109] [INFO] ENTER: 'GraphRAG' calling 'query_graph'; CURRENT SPEAKER: grok-4_mas_rag, DIALOGUE TURN NUM = 17.
[2025-10-16 11:37:03,788] [INFO] EXIT: 'GraphRAG' calling 'query_graph' (0.6790149211883545 secs).
[2025-10-16 11:37:03,788] [INFO] EXIT: 'GraphRAG' calling 'concede' (0.6794204711914062 secs).
[2025-10-16 11:37:03,788] [INFO] ENTER: 'GraphRAG' calling 'question'; CURRENT SPEAKER: grok-4_mas_rag, DIALOGUE TURN NUM = 17.
[2025-10-16 11:37:03,788] [INFO] ENTER: 'GraphRAG' calling 'query_graph'; CURRENT SPEAKER: grok-4_mas_rag, DIALOGUE TURN NUM = 17.
[2025-10-16 11:37:04,445] [INFO] EXIT: 'GraphRAG' calling 'query_graph' (0.6570143699645996 secs).
[2025-10-16 11:37:04,446] [INFO] EXIT: 'GraphRAG' calling 'question' (0.6574764251708984 secs).
[2025-10-16 11:37:04,463] [INFO] ENTER: 'GraphRAG' calling 'since'; CURRENT SPEAKER: grok-4_mas_rag, DIALOGUE TURN NUM = 17.
[2025-10-16 11:37:04,464] [INFO] ENTER: 'GraphRAG' calling 'query_graph'; CURRENT SPEAKER: grok-4_mas_rag, DIALOGUE TURN NUM = 17.
[2025-10-16 11:37:04,488] [INFO] EXIT: 'GraphRAG' calling 'query_graph' (0.023888587951660156 secs).
[2025-10-16 11:37:04,488] [INFO] EXIT: 'GraphRAG' calling 'since' (0.024296998977661133 secs).
[2025-10-16 11:37:04,488] [INFO] ENTER: 'GraphRAG' calling 'claim'; CURRENT SPEAKER: grok-4_mas_rag, DIALOGUE TURN NUM = 17.
[2025-10-16 11:37:04,488] [INFO] ENTER: 'GraphRAG' calling 'query_graph'; CURRENT SPEAKER: grok-4_mas_rag, DIALOGUE TURN NUM = 17.
[2025-10-16 11:37:04,507] [INFO] EXIT: 'GraphRAG' calling 'query_graph' (0.019115447998046875 secs).
[2025-10-16 11:37:04,507] [INFO] EXIT: 'GraphRAG' calling 'claim' (0.01947808265686035 secs).
[2025-10-16 11:37:04,507] [INFO] ENTER: 'GraphRAG' calling 'return_rag_examples'; CURRENT SPEAKER: grok-4_mas_rag, DIALOGUE TURN NUM = 17.
[2025-10-16 11:37:04,507] [INFO] EXIT: 'GraphRAG' calling 'return_rag_examples' (1.9073486328125e-06 secs).
[2025-10-16 11:37:04,510] [INFO] ENTER: 'DialogueMoveGenerator' calling 'generate'; CURRENT SPEAKER: grok-4_mas_rag, DIALOGUE TURN NUM = 17.
[2025-10-16 11:37:04,512] [INFO] ENTER: 'MASPromptGenerator' calling 'claim'; CURRENT SPEAKER: grok-4_mas_rag, DIALOGUE TURN NUM = 17.
[2025-10-16 11:37:04,512] [INFO] EXIT: 'MASPromptGenerator' calling 'claim' (4.673004150390625e-05 secs).
[2025-10-16 11:37:04,512] [INFO] ENTER: 'DialogueMoveGenerator' calling 'generate'; CURRENT SPEAKER: grok-4_mas_rag, DIALOGUE TURN NUM = 17.
[2025-10-16 11:37:04,513] [INFO] ENTER: 'MASPromptGenerator' calling 'claim_negation'; CURRENT SPEAKER: grok-4_mas_rag, DIALOGUE TURN NUM = 17.
[2025-10-16 11:37:04,513] [INFO] EXIT: 'MASPromptGenerator' calling 'claim_negation' (4.696846008300781e-05 secs).
[2025-10-16 11:37:04,514] [INFO] ENTER: 'DialogueMoveGenerator' calling 'generate'; CURRENT SPEAKER: grok-4_mas_rag, DIALOGUE TURN NUM = 17.
[2025-10-16 11:37:04,514] [INFO] ENTER: 'MASPromptGenerator' calling 'concede_claim'; CURRENT SPEAKER: grok-4_mas_rag, DIALOGUE TURN NUM = 17.
[2025-10-16 11:37:04,514] [INFO] EXIT: 'MASPromptGenerator' calling 'concede_claim' (4.291534423828125e-05 secs).
[2025-10-16 11:37:04,515] [INFO] ENTER: 'DialogueMoveGenerator' calling 'generate'; CURRENT SPEAKER: grok-4_mas_rag, DIALOGUE TURN NUM = 17.
[2025-10-16 11:37:04,515] [INFO] ENTER: 'MASPromptGenerator' calling 'question_claim'; CURRENT SPEAKER: grok-4_mas_rag, DIALOGUE TURN NUM = 17.
[2025-10-16 11:37:04,515] [INFO] EXIT: 'MASPromptGenerator' calling 'question_claim' (6.079673767089844e-05 secs).
[2025-10-16 11:37:04,516] [INFO] ENTER: 'DialogueMoveGenerator' calling 'generate'; CURRENT SPEAKER: grok-4_mas_rag, DIALOGUE TURN NUM = 17.
[2025-10-16 11:37:04,516] [INFO] ENTER: 'MASPromptGenerator' calling 'retract_claim'; CURRENT SPEAKER: grok-4_mas_rag, DIALOGUE TURN NUM = 17.
[2025-10-16 11:37:04,516] [INFO] EXIT: 'MASPromptGenerator' calling 'retract_claim' (3.147125244140625e-05 secs).
[2025-10-16 11:37:04,517] [INFO] ENTER: 'DialogueMoveGenerator' calling 'generate'; CURRENT SPEAKER: grok-4_mas_rag, DIALOGUE TURN NUM = 17.
[2025-10-16 11:37:04,519] [INFO] ENTER: 'MASPromptGenerator' calling 'since_claim'; CURRENT SPEAKER: grok-4_mas_rag, DIALOGUE TURN NUM = 17.
[2025-10-16 11:37:04,519] [INFO] EXIT: 'MASPromptGenerator' calling 'since_claim' (4.1484832763671875e-05 secs).
[2025-10-16 11:37:04,520] [INFO] ENTER: 'DialogueMoveGenerator' calling 'generate'; CURRENT SPEAKER: grok-4_mas_rag, DIALOGUE TURN NUM = 17.
[2025-10-16 11:37:04,520] [INFO] ENTER: 'MASPromptGenerator' calling 'why_claim'; CURRENT SPEAKER: grok-4_mas_rag, DIALOGUE TURN NUM = 17.
[2025-10-16 11:37:04,520] [INFO] EXIT: 'MASPromptGenerator' calling 'why_claim' (4.029273986816406e-05 secs).
[2025-10-16 11:37:05,953] [INFO] Completion returned and validated from MODEL = 'grok-4'.
[2025-10-16 11:37:05,953] [INFO] EXIT: 'DialogueMoveGenerator' calling 'generate' (1.4399292469024658 secs).
[2025-10-16 11:37:06,912] [INFO] Completion returned and validated from MODEL = 'grok-4'.
[2025-10-16 11:37:07,049] [INFO] Completion returned and validated from MODEL = 'grok-4'.
[2025-10-16 11:37:07,149] [INFO] Completion returned and validated from MODEL = 'grok-4'.
[2025-10-16 11:37:07,212] [INFO] Completion returned and validated from MODEL = 'grok-4'.
[2025-10-16 11:37:07,423] [INFO] Completion returned and validated from MODEL = 'grok-4'.
[2025-10-16 11:37:07,426] [INFO] Completion returned and validated from MODEL = 'grok-4'.
[2025-10-16 11:37:09,224] [INFO] Completion returned and validated from MODEL = 'grok-4'.
[2025-10-16 11:37:09,483] [INFO] Completion returned and validated from MODEL = 'grok-4'.
[2025-10-16 11:37:09,652] [INFO] Completion returned and validated from MODEL = 'grok-4'.
[2025-10-16 11:37:09,654] [INFO] Completion returned and validated from MODEL = 'grok-4'.
[2025-10-16 11:37:09,654] [INFO] EXIT: 'DialogueMoveGenerator' calling 'generate' (5.137956380844116 secs).
[2025-10-16 11:37:09,775] [INFO] Completion returned and validated from MODEL = 'grok-4'.
[2025-10-16 11:37:09,775] [INFO] EXIT: 'DialogueMoveGenerator' calling 'generate' (5.256341934204102 secs).
[2025-10-16 11:37:09,840] [INFO] Completion returned and validated from MODEL = 'grok-4'.
[2025-10-16 11:37:09,840] [INFO] EXIT: 'DialogueMoveGenerator' calling 'generate' (5.328755617141724 secs).
[2025-10-16 11:37:11,408] [INFO] Completion returned and validated from MODEL = 'grok-4'.
[2025-10-16 11:37:11,781] [INFO] Completion returned and validated from MODEL = 'grok-4'.
[2025-10-16 11:37:12,033] [INFO] Completion returned and validated from MODEL = 'grok-4'.
[2025-10-16 11:37:12,996] [INFO] Completion returned and validated from MODEL = 'grok-4'.
[2025-10-16 11:37:13,531] [INFO] Completion returned and validated from MODEL = 'grok-4'.
[2025-10-16 11:37:13,810] [INFO] Completion returned and validated from MODEL = 'grok-4'.
[2025-10-16 11:37:14,355] [INFO] Completion returned and validated from MODEL = 'grok-4'.
[2025-10-16 11:37:14,355] [INFO] EXIT: 'DialogueMoveGenerator' calling 'generate' (9.841297388076782 secs).
[2025-10-16 11:37:15,565] [INFO] Completion returned and validated from MODEL = 'grok-4'.
[2025-10-16 11:37:15,566] [INFO] EXIT: 'DialogueMoveGenerator' calling 'generate' (11.050513982772827 secs).
[2025-10-16 11:37:15,874] [INFO] Completion returned and validated from MODEL = 'grok-4'.
[2025-10-16 11:37:15,875] [INFO] EXIT: 'DialogueMoveGenerator' calling 'generate' (11.35454797744751 secs).
[2025-10-16 11:37:15,876] [INFO] ENTER: 'MASPromptGenerator' calling 'persuasiveness_choice'; CURRENT SPEAKER: grok-4_mas_rag, DIALOGUE TURN NUM = 17.
[2025-10-16 11:37:15,876] [INFO] EXIT: 'MASPromptGenerator' calling 'persuasiveness_choice' (0.0002224445343017578 secs).
[2025-10-16 11:37:20,410] [INFO] Completion returned and validated within 'PersuasivenessChoiceAgent'; MODEL = 'grok-4'; DIALOGUE TURN NUM = 17.
[2025-10-16 11:37:25,009] [INFO] Completion returned and validated within 'PersuasivenessChoiceAgent'; MODEL = 'grok-4'; DIALOGUE TURN NUM = 17.
[2025-10-16 11:37:27,177] [INFO] Completion returned and validated within 'PersuasivenessChoiceAgent'; MODEL = 'grok-4'; DIALOGUE TURN NUM = 17.
[2025-10-16 11:37:29,160] [INFO] Completion returned and validated within 'PersuasivenessChoiceAgent'; MODEL = 'grok-4'; DIALOGUE TURN NUM = 17.
[2025-10-16 11:37:30,974] [INFO] Completion returned and validated within 'PersuasivenessChoiceAgent'; MODEL = 'grok-4'; DIALOGUE TURN NUM = 17.
[2025-10-16 11:37:32,617] [INFO] Completion returned and validated within 'PersuasivenessChoiceAgent'; MODEL = 'grok-4'; DIALOGUE TURN NUM = 17.
[2025-10-16 11:37:35,033] [INFO] Completion returned and validated within 'PersuasivenessChoiceAgent'; MODEL = 'grok-4'; DIALOGUE TURN NUM = 17.
[2025-10-16 11:37:35,034] [INFO] ENTER: 'DisambiguationAgent' calling '_grouping_similar_utterance_types'; CURRENT SPEAKER: grok-4_mas_rag, DIALOGUE TURN NUM = 17.
[2025-10-16 11:37:35,034] [INFO] EXIT: 'DisambiguationAgent' calling '_grouping_similar_utterance_types' (1.5020370483398438e-05 secs).
[2025-10-16 11:37:35,034] [INFO] ENTER: 'DisambiguationAgent' calling '_identifying_similar_sentences_and_choosing_one_to_return_to_user'; CURRENT SPEAKER: grok-4_mas_rag, DIALOGUE TURN NUM = 17.
[2025-10-16 11:37:37,943] [INFO] 'DisambiguationAgent' grouped similar sentences, completion returned and validated; MODEL = 'grok-4'.
[2025-10-16 11:37:39,302] [INFO] 'DisambiguationAgent' chose sentences to remove, completion returned and validated from MODEL = 'grok-4'.
[2025-10-16 11:37:39,302] [INFO] EXIT: 'DisambiguationAgent' calling '_identifying_similar_sentences_and_choosing_one_to_return_to_user' (4.267813682556152 secs).
[2025-10-16 11:37:39,302] [INFO] ENTER: 'DisambiguationAgent' calling '_identifying_similar_sentences_and_choosing_one_to_return_to_user'; CURRENT SPEAKER: grok-4_mas_rag, DIALOGUE TURN NUM = 17.
[2025-10-16 11:37:44,106] [INFO] 'DisambiguationAgent' grouped similar sentences, completion returned and validated; MODEL = 'grok-4'.
[2025-10-16 11:37:44,883] [INFO] 'DisambiguationAgent' chose sentences to remove, completion returned and validated from MODEL = 'grok-4'.
[2025-10-16 11:37:45,765] [INFO] 'DisambiguationAgent' chose sentences to remove, completion returned and validated from MODEL = 'grok-4'.
[2025-10-16 11:37:46,501] [INFO] 'DisambiguationAgent' chose sentences to remove, completion returned and validated from MODEL = 'grok-4'.
[2025-10-16 11:37:47,332] [INFO] 'DisambiguationAgent' chose sentences to remove, completion returned and validated from MODEL = 'grok-4'.
[2025-10-16 11:37:48,064] [INFO] 'DisambiguationAgent' chose sentences to remove, completion returned and validated from MODEL = 'grok-4'.
[2025-10-16 11:37:48,823] [INFO] 'DisambiguationAgent' chose sentences to remove, completion returned and validated from MODEL = 'grok-4'.
[2025-10-16 11:37:49,616] [INFO] 'DisambiguationAgent' chose sentences to remove, completion returned and validated from MODEL = 'grok-4'.
[2025-10-16 11:37:49,616] [INFO] EXIT: 'DisambiguationAgent' calling '_identifying_similar_sentences_and_choosing_one_to_return_to_user' (10.314035415649414 secs).
[2025-10-16 11:37:49,616] [INFO] ENTER: 'DisambiguationAgent' calling '_removing_repetitive_sentences'; CURRENT SPEAKER: grok-4_mas_rag, DIALOGUE TURN NUM = 17.
[2025-10-16 11:37:49,616] [INFO] EXIT: 'DisambiguationAgent' calling '_removing_repetitive_sentences' (2.002716064453125e-05 secs).
[2025-10-16 11:37:49,616] [INFO] ENTER: 'DisambiguationAgent' calling '_choose_the_most_persuasive_sentences'; CURRENT SPEAKER: grok-4_mas_rag, DIALOGUE TURN NUM = 17.
[2025-10-16 11:37:51,413] [INFO] 'DisambiguationAgent': reached maximum allowed sentences, succussfully chose most persuasive sentences, completion returned and validated from MODEL = 'grok-4'.
[2025-10-16 11:37:51,413] [INFO] EXIT: 'DisambiguationAgent' calling '_choose_the_most_persuasive_sentences' (1.7968792915344238 secs).
[2025-10-16 11:37:51,413] [INFO] ENTER: 'DisambiguationAgent' calling 'return_disambiguated_sentences'; CURRENT SPEAKER: grok-4_mas_rag, DIALOGUE TURN NUM = 17.
[2025-10-16 11:37:51,413] [INFO] EXIT: 'DisambiguationAgent' calling 'return_disambiguated_sentences' (2.384185791015625e-06 secs).
[2025-10-16 11:37:51,414] [ERROR] Wrong state used; State of type HumanState; error message: dict has unexpected extra key(s): "graph_rag_examples", "intermediate_generations", "knowledge_base_ensemble_or_model_name", "model_seed", "model_temp", "model_top_p", "number_of_graph_rag_examples", "number_of_vector_based_rag_examples", "political_position_prob_of_na", "political_position_range", "political_position_std", "speaker_model_name", "speaker_type", "vector_based_persona_string", "vector_based_persona_sys_prompt"
[2025-10-16 11:37:51,414] [INFO] Correct state used; State of type GenerationAgentsState; 'IGNORE THE ABOVE ERRORS'.
[2025-10-16 11:37:52,023] [INFO] 'commitment_update' completed '___Claim___' update for current speaker's commitments; MODEL = 'grok-4'.
[2025-10-16 11:37:52,617] [INFO] 'commitment_update' completed '___Since___' update; MODEL = 'grok-4'.
[2025-10-16 11:37:52,737] [ERROR] Wrong state used; State of type HumanState; error message: dict has unexpected extra key(s): "graph_rag_examples", "intermediate_generations", "knowledge_base_ensemble_or_model_name", "model_seed", "model_temp", "model_top_p", "number_of_graph_rag_examples", "number_of_vector_based_rag_examples", "political_position_prob_of_na", "political_position_range", "political_position_std", "speaker_model_name", "speaker_type", "vector_based_persona_string", "vector_based_persona_sys_prompt"
[2025-10-16 11:37:52,737] [INFO] Correct state used; State of type GenerationAgentsState; 'IGNORE THE ABOVE ERRORS'.
[2025-10-16 11:37:52,737] [INFO] ENTER: 'UtteranceClassificationAgent' calling '_classify_sentence_utterance_types'; CURRENT SPEAKER: grok-4_mas, DIALOGUE TURN NUM = 18.
[2025-10-16 11:37:53,282] [INFO] 'UtteranceClassificationAgent' completion returned and validated from MODEL = 'ModelName.GROK_4'.
[2025-10-16 11:37:53,813] [INFO] 'UtteranceClassificationAgent' completion returned and validated from MODEL = 'ModelName.GROK_4'.
[2025-10-16 11:37:54,374] [INFO] 'UtteranceClassificationAgent' completion returned and validated from MODEL = 'ModelName.GROK_4'.
[2025-10-16 11:37:54,922] [INFO] 'UtteranceClassificationAgent' completion returned and validated from MODEL = 'ModelName.GROK_4'.
[2025-10-16 11:37:55,498] [INFO] 'UtteranceClassificationAgent' completion returned and validated from MODEL = 'ModelName.GROK_4'.
[2025-10-16 11:37:56,050] [INFO] 'UtteranceClassificationAgent' completion returned and validated from MODEL = 'ModelName.GROK_4'.
[2025-10-16 11:37:56,050] [INFO] EXIT: 'UtteranceClassificationAgent' calling '_classify_sentence_utterance_types' (3.312756299972534 secs).
[2025-10-16 11:37:56,050] [INFO] ENTER: 'UtteranceClassificationAgent' calling 'return_classified_sentences'; CURRENT SPEAKER: grok-4_mas, DIALOGUE TURN NUM = 18.
[2025-10-16 11:37:56,050] [INFO] EXIT: 'UtteranceClassificationAgent' calling 'return_classified_sentences' (1.9073486328125e-06 secs).
[2025-10-16 11:37:56,052] [INFO] ENTER: 'DialogueMoveGenerator' calling 'generate'; CURRENT SPEAKER: grok-4_mas, DIALOGUE TURN NUM = 18.
[2025-10-16 11:37:56,053] [INFO] ENTER: 'MASPromptGenerator' calling 'claim_negation'; CURRENT SPEAKER: grok-4_mas, DIALOGUE TURN NUM = 18.
[2025-10-16 11:37:56,053] [INFO] EXIT: 'MASPromptGenerator' calling 'claim_negation' (5.5789947509765625e-05 secs).
[2025-10-16 11:37:56,053] [INFO] ENTER: 'DialogueMoveGenerator' calling 'generate'; CURRENT SPEAKER: grok-4_mas, DIALOGUE TURN NUM = 18.
[2025-10-16 11:37:56,054] [INFO] ENTER: 'MASPromptGenerator' calling 'concede_claim'; CURRENT SPEAKER: grok-4_mas, DIALOGUE TURN NUM = 18.
[2025-10-16 11:37:56,054] [INFO] EXIT: 'MASPromptGenerator' calling 'concede_claim' (3.4332275390625e-05 secs).
[2025-10-16 11:37:56,054] [INFO] ENTER: 'DialogueMoveGenerator' calling 'generate'; CURRENT SPEAKER: grok-4_mas, DIALOGUE TURN NUM = 18.
[2025-10-16 11:37:56,056] [INFO] ENTER: 'MASPromptGenerator' calling 'question_claim'; CURRENT SPEAKER: grok-4_mas, DIALOGUE TURN NUM = 18.
[2025-10-16 11:37:56,057] [INFO] ENTER: 'DialogueMoveGenerator' calling 'generate'; CURRENT SPEAKER: grok-4_mas, DIALOGUE TURN NUM = 18.
[2025-10-16 11:37:56,057] [INFO] EXIT: 'MASPromptGenerator' calling 'question_claim' (5.269050598144531e-05 secs).
[2025-10-16 11:37:56,058] [INFO] ENTER: 'MASPromptGenerator' calling 'why_claim'; CURRENT SPEAKER: grok-4_mas, DIALOGUE TURN NUM = 18.
[2025-10-16 11:37:56,058] [INFO] EXIT: 'MASPromptGenerator' calling 'why_claim' (4.4345855712890625e-05 secs).
[2025-10-16 11:37:57,399] [INFO] Completion returned and validated from MODEL = 'grok-4'.
[2025-10-16 11:37:57,784] [INFO] Completion returned and validated from MODEL = 'grok-4'.
[2025-10-16 11:37:57,842] [INFO] Completion returned and validated from MODEL = 'grok-4'.
[2025-10-16 11:37:57,915] [INFO] Completion returned and validated from MODEL = 'grok-4'.
[2025-10-16 11:37:58,776] [INFO] Completion returned and validated from MODEL = 'grok-4'.
[2025-10-16 11:37:59,243] [INFO] Completion returned and validated from MODEL = 'grok-4'.
[2025-10-16 11:37:59,435] [INFO] Completion returned and validated from MODEL = 'grok-4'.
[2025-10-16 11:37:59,513] [INFO] Completion returned and validated from MODEL = 'grok-4'.
[2025-10-16 11:37:59,900] [INFO] Completion returned and validated from MODEL = 'grok-4'.
[2025-10-16 11:38:01,415] [INFO] Completion returned and validated from MODEL = 'grok-4'.
[2025-10-16 11:38:01,431] [INFO] Completion returned and validated from MODEL = 'grok-4'.
[2025-10-16 11:38:01,605] [INFO] Completion returned and validated from MODEL = 'grok-4'.
[2025-10-16 11:38:01,732] [INFO] Completion returned and validated from MODEL = 'grok-4'.
[2025-10-16 11:38:02,579] [INFO] Completion returned and validated from MODEL = 'grok-4'.
[2025-10-16 11:38:03,835] [INFO] Completion returned and validated from MODEL = 'grok-4'.
[2025-10-16 11:38:03,888] [INFO] Completion returned and validated from MODEL = 'grok-4'.
[2025-10-16 11:38:03,888] [INFO] EXIT: 'DialogueMoveGenerator' calling 'generate' (7.8353095054626465 secs).
[2025-10-16 11:38:03,915] [INFO] Completion returned and validated from MODEL = 'grok-4'.
[2025-10-16 11:38:04,277] [INFO] Completion returned and validated from MODEL = 'grok-4'.
[2025-10-16 11:38:04,277] [INFO] EXIT: 'DialogueMoveGenerator' calling 'generate' (8.223648071289062 secs).
[2025-10-16 11:38:05,415] [INFO] Completion returned and validated from MODEL = 'grok-4'.
[2025-10-16 11:38:05,455] [INFO] Completion returned and validated from MODEL = 'grok-4'.
[2025-10-16 11:38:06,897] [INFO] Completion returned and validated from MODEL = 'grok-4'.
[2025-10-16 11:38:06,897] [INFO] EXIT: 'DialogueMoveGenerator' calling 'generate' (10.841149806976318 secs).
[2025-10-16 11:38:06,964] [INFO] Completion returned and validated from MODEL = 'grok-4'.
[2025-10-16 11:38:06,964] [INFO] EXIT: 'DialogueMoveGenerator' calling 'generate' (10.905959367752075 secs).
[2025-10-16 11:38:06,964] [INFO] ENTER: 'MASPromptGenerator' calling 'persuasiveness_choice'; CURRENT SPEAKER: grok-4_mas, DIALOGUE TURN NUM = 18.
[2025-10-16 11:38:06,965] [INFO] EXIT: 'MASPromptGenerator' calling 'persuasiveness_choice' (0.00020074844360351562 secs).
[2025-10-16 11:38:08,896] [INFO] Completion returned and validated within 'PersuasivenessChoiceAgent'; MODEL = 'grok-4'; DIALOGUE TURN NUM = 18.
[2025-10-16 11:38:10,572] [INFO] Completion returned and validated within 'PersuasivenessChoiceAgent'; MODEL = 'grok-4'; DIALOGUE TURN NUM = 18.
[2025-10-16 11:38:13,283] [INFO] Completion returned and validated within 'PersuasivenessChoiceAgent'; MODEL = 'grok-4'; DIALOGUE TURN NUM = 18.
[2025-10-16 11:38:18,306] [INFO] Completion returned and validated within 'PersuasivenessChoiceAgent'; MODEL = 'grok-4'; DIALOGUE TURN NUM = 18.
[2025-10-16 11:38:20,327] [INFO] Completion returned and validated within 'PersuasivenessChoiceAgent'; MODEL = 'grok-4'; DIALOGUE TURN NUM = 18.
[2025-10-16 11:38:22,211] [INFO] Completion returned and validated within 'PersuasivenessChoiceAgent'; MODEL = 'grok-4'; DIALOGUE TURN NUM = 18.
[2025-10-16 11:38:22,212] [INFO] ENTER: 'DisambiguationAgent' calling '_grouping_similar_utterance_types'; CURRENT SPEAKER: grok-4_mas, DIALOGUE TURN NUM = 18.
[2025-10-16 11:38:22,212] [INFO] EXIT: 'DisambiguationAgent' calling '_grouping_similar_utterance_types' (1.3113021850585938e-05 secs).
[2025-10-16 11:38:22,212] [INFO] ENTER: 'DisambiguationAgent' calling '_identifying_similar_sentences_and_choosing_one_to_return_to_user'; CURRENT SPEAKER: grok-4_mas, DIALOGUE TURN NUM = 18.
[2025-10-16 11:38:26,052] [INFO] 'DisambiguationAgent' grouped similar sentences, completion returned and validated; MODEL = 'grok-4'.
[2025-10-16 11:38:26,893] [INFO] 'DisambiguationAgent' chose sentences to remove, completion returned and validated from MODEL = 'grok-4'.
[2025-10-16 11:38:26,893] [INFO] EXIT: 'DisambiguationAgent' calling '_identifying_similar_sentences_and_choosing_one_to_return_to_user' (4.681178331375122 secs).
[2025-10-16 11:38:26,893] [INFO] ENTER: 'DisambiguationAgent' calling '_identifying_similar_sentences_and_choosing_one_to_return_to_user'; CURRENT SPEAKER: grok-4_mas, DIALOGUE TURN NUM = 18.
[2025-10-16 11:38:33,443] [INFO] 'DisambiguationAgent' grouped similar sentences, completion returned and validated; MODEL = 'grok-4'.
[2025-10-16 11:38:34,281] [INFO] 'DisambiguationAgent' chose sentences to remove, completion returned and validated from MODEL = 'grok-4'.
[2025-10-16 11:38:35,280] [INFO] 'DisambiguationAgent' chose sentences to remove, completion returned and validated from MODEL = 'grok-4'.
[2025-10-16 11:38:36,080] [INFO] 'DisambiguationAgent' chose sentences to remove, completion returned and validated from MODEL = 'grok-4'.
[2025-10-16 11:38:36,894] [INFO] 'DisambiguationAgent' chose sentences to remove, completion returned and validated from MODEL = 'grok-4'.
[2025-10-16 11:38:37,822] [INFO] 'DisambiguationAgent' chose sentences to remove, completion returned and validated from MODEL = 'grok-4'.
[2025-10-16 11:38:37,822] [INFO] EXIT: 'DisambiguationAgent' calling '_identifying_similar_sentences_and_choosing_one_to_return_to_user' (10.928539037704468 secs).
[2025-10-16 11:38:37,822] [INFO] ENTER: 'DisambiguationAgent' calling '_removing_repetitive_sentences'; CURRENT SPEAKER: grok-4_mas, DIALOGUE TURN NUM = 18.
[2025-10-16 11:38:37,822] [INFO] EXIT: 'DisambiguationAgent' calling '_removing_repetitive_sentences' (1.6689300537109375e-05 secs).
[2025-10-16 11:38:37,822] [INFO] ENTER: 'DisambiguationAgent' calling '_choose_the_most_persuasive_sentences'; CURRENT SPEAKER: grok-4_mas, DIALOGUE TURN NUM = 18.
[2025-10-16 11:38:40,033] [INFO] 'DisambiguationAgent': reached maximum allowed sentences, succussfully chose most persuasive sentences, completion returned and validated from MODEL = 'grok-4'.
[2025-10-16 11:38:40,033] [INFO] EXIT: 'DisambiguationAgent' calling '_choose_the_most_persuasive_sentences' (2.210876941680908 secs).
[2025-10-16 11:38:40,033] [INFO] ENTER: 'DisambiguationAgent' calling 'return_disambiguated_sentences'; CURRENT SPEAKER: grok-4_mas, DIALOGUE TURN NUM = 18.
[2025-10-16 11:38:40,033] [INFO] EXIT: 'DisambiguationAgent' calling 'return_disambiguated_sentences' (2.6226043701171875e-06 secs).
[2025-10-16 11:38:40,033] [ERROR] Wrong state used; State of type HumanState; error message: dict has unexpected extra key(s): "graph_rag_examples", "intermediate_generations", "knowledge_base_ensemble_or_model_name", "model_seed", "model_temp", "model_top_p", "number_of_graph_rag_examples", "number_of_vector_based_rag_examples", "political_position_prob_of_na", "political_position_range", "political_position_std", "speaker_model_name", "speaker_type", "vector_based_persona_string", "vector_based_persona_sys_prompt"
[2025-10-16 11:38:40,034] [INFO] Correct state used; State of type GenerationAgentsState; 'IGNORE THE ABOVE ERRORS'.
[2025-10-16 11:38:40,710] [INFO] 'commitment_update' completed '___Claim___' update for current speaker's commitments; MODEL = 'grok-4'.
[2025-10-16 11:38:40,798] [ERROR] Wrong state used; State of type HumanState; error message: dict has unexpected extra key(s): "graph_rag_examples", "intermediate_generations", "knowledge_base_ensemble_or_model_name", "model_seed", "model_temp", "model_top_p", "number_of_graph_rag_examples", "number_of_vector_based_rag_examples", "political_position_prob_of_na", "political_position_range", "political_position_std", "speaker_model_name", "speaker_type", "vector_based_persona_string", "vector_based_persona_sys_prompt"
[2025-10-16 11:38:40,799] [INFO] Correct state used; State of type GenerationAgentsState; 'IGNORE THE ABOVE ERRORS'.
[2025-10-16 11:38:40,799] [INFO] ENTER: 'UtteranceClassificationAgent' calling '_classify_sentence_utterance_types'; CURRENT SPEAKER: grok-4_mas_rag, DIALOGUE TURN NUM = 19.
[2025-10-16 11:38:41,394] [INFO] 'UtteranceClassificationAgent' completion returned and validated from MODEL = 'ModelName.GROK_4'.
[2025-10-16 11:38:42,018] [INFO] 'UtteranceClassificationAgent' completion returned and validated from MODEL = 'ModelName.GROK_4'.
[2025-10-16 11:38:42,799] [INFO] 'UtteranceClassificationAgent' completion returned and validated from MODEL = 'ModelName.GROK_4'.
[2025-10-16 11:38:43,358] [INFO] 'UtteranceClassificationAgent' completion returned and validated from MODEL = 'ModelName.GROK_4'.
[2025-10-16 11:38:43,921] [INFO] 'UtteranceClassificationAgent' completion returned and validated from MODEL = 'ModelName.GROK_4'.
[2025-10-16 11:38:43,921] [INFO] EXIT: 'UtteranceClassificationAgent' calling '_classify_sentence_utterance_types' (3.1226751804351807 secs).
[2025-10-16 11:38:43,921] [INFO] ENTER: 'UtteranceClassificationAgent' calling 'return_classified_sentences'; CURRENT SPEAKER: grok-4_mas_rag, DIALOGUE TURN NUM = 19.
[2025-10-16 11:38:43,921] [INFO] EXIT: 'UtteranceClassificationAgent' calling 'return_classified_sentences' (2.1457672119140625e-06 secs).
[2025-10-16 11:38:43,945] [INFO] ENTER: 'GraphRAG' calling 'why'; CURRENT SPEAKER: grok-4_mas_rag, DIALOGUE TURN NUM = 19.
[2025-10-16 11:38:43,946] [INFO] ENTER: 'GraphRAG' calling 'query_graph'; CURRENT SPEAKER: grok-4_mas_rag, DIALOGUE TURN NUM = 19.
[2025-10-16 11:38:44,621] [INFO] EXIT: 'GraphRAG' calling 'query_graph' (0.6750457286834717 secs).
[2025-10-16 11:38:44,621] [INFO] EXIT: 'GraphRAG' calling 'why' (0.6754331588745117 secs).
[2025-10-16 11:38:44,621] [INFO] ENTER: 'GraphRAG' calling 'claim_negation'; CURRENT SPEAKER: grok-4_mas_rag, DIALOGUE TURN NUM = 19.
[2025-10-16 11:38:44,621] [INFO] ENTER: 'GraphRAG' calling 'query_graph'; CURRENT SPEAKER: grok-4_mas_rag, DIALOGUE TURN NUM = 19.
[2025-10-16 11:38:45,267] [INFO] EXIT: 'GraphRAG' calling 'query_graph' (0.6452701091766357 secs).
[2025-10-16 11:38:45,267] [INFO] EXIT: 'GraphRAG' calling 'claim_negation' (0.6457169055938721 secs).
[2025-10-16 11:38:45,267] [INFO] ENTER: 'GraphRAG' calling 'concede'; CURRENT SPEAKER: grok-4_mas_rag, DIALOGUE TURN NUM = 19.
[2025-10-16 11:38:45,267] [INFO] ENTER: 'GraphRAG' calling 'query_graph'; CURRENT SPEAKER: grok-4_mas_rag, DIALOGUE TURN NUM = 19.
[2025-10-16 11:38:45,945] [INFO] EXIT: 'GraphRAG' calling 'query_graph' (0.6778299808502197 secs).
[2025-10-16 11:38:45,945] [INFO] EXIT: 'GraphRAG' calling 'concede' (0.6782243251800537 secs).
[2025-10-16 11:38:45,945] [INFO] ENTER: 'GraphRAG' calling 'question'; CURRENT SPEAKER: grok-4_mas_rag, DIALOGUE TURN NUM = 19.
[2025-10-16 11:38:45,945] [INFO] ENTER: 'GraphRAG' calling 'query_graph'; CURRENT SPEAKER: grok-4_mas_rag, DIALOGUE TURN NUM = 19.
[2025-10-16 11:38:46,072] [INFO] EXIT: 'GraphRAG' calling 'query_graph' (0.1269843578338623 secs).
[2025-10-16 11:38:46,073] [INFO] EXIT: 'GraphRAG' calling 'question' (0.12743663787841797 secs).
[2025-10-16 11:38:46,090] [INFO] ENTER: 'GraphRAG' calling 'since'; CURRENT SPEAKER: grok-4_mas_rag, DIALOGUE TURN NUM = 19.
[2025-10-16 11:38:46,090] [INFO] ENTER: 'GraphRAG' calling 'query_graph'; CURRENT SPEAKER: grok-4_mas_rag, DIALOGUE TURN NUM = 19.
[2025-10-16 11:38:46,114] [INFO] EXIT: 'GraphRAG' calling 'query_graph' (0.024109363555908203 secs).
[2025-10-16 11:38:46,114] [INFO] EXIT: 'GraphRAG' calling 'since' (0.0244901180267334 secs).
[2025-10-16 11:38:46,114] [INFO] ENTER: 'GraphRAG' calling 'claim'; CURRENT SPEAKER: grok-4_mas_rag, DIALOGUE TURN NUM = 19.
[2025-10-16 11:38:46,115] [INFO] ENTER: 'GraphRAG' calling 'query_graph'; CURRENT SPEAKER: grok-4_mas_rag, DIALOGUE TURN NUM = 19.
[2025-10-16 11:38:46,134] [INFO] EXIT: 'GraphRAG' calling 'query_graph' (0.019196510314941406 secs).
[2025-10-16 11:38:46,134] [INFO] EXIT: 'GraphRAG' calling 'claim' (0.019540071487426758 secs).
[2025-10-16 11:38:46,155] [INFO] ENTER: 'GraphRAG' calling 'since'; CURRENT SPEAKER: grok-4_mas_rag, DIALOGUE TURN NUM = 19.
[2025-10-16 11:38:46,155] [INFO] ENTER: 'GraphRAG' calling 'query_graph'; CURRENT SPEAKER: grok-4_mas_rag, DIALOGUE TURN NUM = 19.
[2025-10-16 11:38:46,179] [INFO] EXIT: 'GraphRAG' calling 'query_graph' (0.024436235427856445 secs).
[2025-10-16 11:38:46,180] [INFO] EXIT: 'GraphRAG' calling 'since' (0.02480292320251465 secs).
[2025-10-16 11:38:46,180] [INFO] ENTER: 'GraphRAG' calling 'claim'; CURRENT SPEAKER: grok-4_mas_rag, DIALOGUE TURN NUM = 19.
[2025-10-16 11:38:46,180] [INFO] ENTER: 'GraphRAG' calling 'query_graph'; CURRENT SPEAKER: grok-4_mas_rag, DIALOGUE TURN NUM = 19.
[2025-10-16 11:38:46,198] [INFO] EXIT: 'GraphRAG' calling 'query_graph' (0.01823902130126953 secs).
[2025-10-16 11:38:46,198] [INFO] EXIT: 'GraphRAG' calling 'claim' (0.018573284149169922 secs).
[2025-10-16 11:38:46,216] [INFO] ENTER: 'GraphRAG' calling 'since'; CURRENT SPEAKER: grok-4_mas_rag, DIALOGUE TURN NUM = 19.
[2025-10-16 11:38:46,216] [INFO] ENTER: 'GraphRAG' calling 'query_graph'; CURRENT SPEAKER: grok-4_mas_rag, DIALOGUE TURN NUM = 19.
[2025-10-16 11:38:46,240] [INFO] EXIT: 'GraphRAG' calling 'query_graph' (0.023751020431518555 secs).
[2025-10-16 11:38:46,240] [INFO] EXIT: 'GraphRAG' calling 'since' (0.02415943145751953 secs).
[2025-10-16 11:38:46,240] [INFO] ENTER: 'GraphRAG' calling 'claim'; CURRENT SPEAKER: grok-4_mas_rag, DIALOGUE TURN NUM = 19.
[2025-10-16 11:38:46,241] [INFO] ENTER: 'GraphRAG' calling 'query_graph'; CURRENT SPEAKER: grok-4_mas_rag, DIALOGUE TURN NUM = 19.
[2025-10-16 11:38:46,260] [INFO] EXIT: 'GraphRAG' calling 'query_graph' (0.018953323364257812 secs).
[2025-10-16 11:38:46,260] [INFO] EXIT: 'GraphRAG' calling 'claim' (0.01935887336730957 secs).
[2025-10-16 11:38:46,277] [INFO] ENTER: 'GraphRAG' calling 'since'; CURRENT SPEAKER: grok-4_mas_rag, DIALOGUE TURN NUM = 19.
[2025-10-16 11:38:46,277] [INFO] ENTER: 'GraphRAG' calling 'query_graph'; CURRENT SPEAKER: grok-4_mas_rag, DIALOGUE TURN NUM = 19.
[2025-10-16 11:38:46,301] [INFO] EXIT: 'GraphRAG' calling 'query_graph' (0.02353191375732422 secs).
[2025-10-16 11:38:46,301] [INFO] EXIT: 'GraphRAG' calling 'since' (0.02392435073852539 secs).
[2025-10-16 11:38:46,301] [INFO] ENTER: 'GraphRAG' calling 'claim'; CURRENT SPEAKER: grok-4_mas_rag, DIALOGUE TURN NUM = 19.
[2025-10-16 11:38:46,301] [INFO] ENTER: 'GraphRAG' calling 'query_graph'; CURRENT SPEAKER: grok-4_mas_rag, DIALOGUE TURN NUM = 19.
[2025-10-16 11:38:46,320] [INFO] EXIT: 'GraphRAG' calling 'query_graph' (0.018702268600463867 secs).
[2025-10-16 11:38:46,320] [INFO] EXIT: 'GraphRAG' calling 'claim' (0.019118785858154297 secs).
[2025-10-16 11:38:46,320] [INFO] ENTER: 'GraphRAG' calling 'return_rag_examples'; CURRENT SPEAKER: grok-4_mas_rag, DIALOGUE TURN NUM = 19.
[2025-10-16 11:38:46,320] [INFO] EXIT: 'GraphRAG' calling 'return_rag_examples' (1.9073486328125e-06 secs).
[2025-10-16 11:38:46,323] [INFO] ENTER: 'DialogueMoveGenerator' calling 'generate'; CURRENT SPEAKER: grok-4_mas_rag, DIALOGUE TURN NUM = 19.
[2025-10-16 11:38:46,323] [INFO] ENTER: 'DialogueMoveGenerator' calling 'generate'; CURRENT SPEAKER: grok-4_mas_rag, DIALOGUE TURN NUM = 19.
[2025-10-16 11:38:46,323] [INFO] ENTER: 'MASPromptGenerator' calling 'claim'; CURRENT SPEAKER: grok-4_mas_rag, DIALOGUE TURN NUM = 19.
[2025-10-16 11:38:46,324] [INFO] ENTER: 'MASPromptGenerator' calling 'claim_negation'; CURRENT SPEAKER: grok-4_mas_rag, DIALOGUE TURN NUM = 19.
[2025-10-16 11:38:46,324] [INFO] ENTER: 'DialogueMoveGenerator' calling 'generate'; CURRENT SPEAKER: grok-4_mas_rag, DIALOGUE TURN NUM = 19.
[2025-10-16 11:38:46,324] [INFO] EXIT: 'MASPromptGenerator' calling 'claim' (0.000179290771484375 secs).
[2025-10-16 11:38:46,324] [INFO] ENTER: 'DialogueMoveGenerator' calling 'generate'; CURRENT SPEAKER: grok-4_mas_rag, DIALOGUE TURN NUM = 19.
[2025-10-16 11:38:46,325] [INFO] ENTER: 'DialogueMoveGenerator' calling 'generate'; CURRENT SPEAKER: grok-4_mas_rag, DIALOGUE TURN NUM = 19.
[2025-10-16 11:38:46,325] [INFO] EXIT: 'MASPromptGenerator' calling 'claim_negation' (0.00011754035949707031 secs).
[2025-10-16 11:38:46,325] [INFO] ENTER: 'MASPromptGenerator' calling 'concede_claim'; CURRENT SPEAKER: grok-4_mas_rag, DIALOGUE TURN NUM = 19.
[2025-10-16 11:38:46,325] [INFO] ENTER: 'DialogueMoveGenerator' calling 'generate'; CURRENT SPEAKER: grok-4_mas_rag, DIALOGUE TURN NUM = 19.
[2025-10-16 11:38:46,326] [INFO] ENTER: 'MASPromptGenerator' calling 'question_claim'; CURRENT SPEAKER: grok-4_mas_rag, DIALOGUE TURN NUM = 19.
[2025-10-16 11:38:46,326] [INFO] ENTER: 'MASPromptGenerator' calling 'retract_claim'; CURRENT SPEAKER: grok-4_mas_rag, DIALOGUE TURN NUM = 19.
[2025-10-16 11:38:46,327] [INFO] ENTER: 'DialogueMoveGenerator' calling 'generate'; CURRENT SPEAKER: grok-4_mas_rag, DIALOGUE TURN NUM = 19.
[2025-10-16 11:38:46,328] [INFO] EXIT: 'MASPromptGenerator' calling 'concede_claim' (7.43865966796875e-05 secs).
[2025-10-16 11:38:46,328] [INFO] ENTER: 'MASPromptGenerator' calling 'since_claim'; CURRENT SPEAKER: grok-4_mas_rag, DIALOGUE TURN NUM = 19.
[2025-10-16 11:38:46,328] [INFO] EXIT: 'MASPromptGenerator' calling 'question_claim' (8.392333984375e-05 secs).
[2025-10-16 11:38:46,329] [INFO] EXIT: 'MASPromptGenerator' calling 'retract_claim' (7.724761962890625e-05 secs).
[2025-10-16 11:38:46,329] [INFO] ENTER: 'MASPromptGenerator' calling 'why_claim'; CURRENT SPEAKER: grok-4_mas_rag, DIALOGUE TURN NUM = 19.
[2025-10-16 11:38:46,329] [INFO] EXIT: 'MASPromptGenerator' calling 'since_claim' (0.00012636184692382812 secs).
[2025-10-16 11:38:46,330] [INFO] EXIT: 'MASPromptGenerator' calling 'why_claim' (8.749961853027344e-05 secs).
[2025-10-16 11:38:47,824] [INFO] Completion returned and validated from MODEL = 'grok-4'.
[2025-10-16 11:38:47,824] [INFO] EXIT: 'DialogueMoveGenerator' calling 'generate' (1.4957184791564941 secs).
[2025-10-16 11:38:48,769] [INFO] Completion returned and validated from MODEL = 'grok-4'.
[2025-10-16 11:38:48,769] [INFO] EXIT: 'DialogueMoveGenerator' calling 'generate' (2.4436540603637695 secs).
[2025-10-16 11:38:48,910] [INFO] Completion returned and validated from MODEL = 'grok-4'.
[2025-10-16 11:38:48,910] [INFO] EXIT: 'DialogueMoveGenerator' calling 'generate' (2.586371421813965 secs).
[2025-10-16 11:38:48,945] [INFO] Completion returned and validated from MODEL = 'grok-4'.
[2025-10-16 11:38:48,995] [INFO] Completion returned and validated from MODEL = 'grok-4'.
[2025-10-16 11:38:48,995] [INFO] EXIT: 'DialogueMoveGenerator' calling 'generate' (2.6691832542419434 secs).
[2025-10-16 11:38:49,380] [INFO] Completion returned and validated from MODEL = 'grok-4'.
[2025-10-16 11:38:49,388] [INFO] Completion returned and validated from MODEL = 'grok-4'.
[2025-10-16 11:38:51,036] [INFO] Completion returned and validated from MODEL = 'grok-4'.
[2025-10-16 11:38:51,433] [INFO] Completion returned and validated from MODEL = 'grok-4'.
[2025-10-16 11:38:51,494] [INFO] Completion returned and validated from MODEL = 'grok-4'.
[2025-10-16 11:38:52,397] [INFO] Completion returned and validated from MODEL = 'grok-4'.
[2025-10-16 11:38:54,040] [INFO] Completion returned and validated from MODEL = 'grok-4'.
[2025-10-16 11:38:54,385] [INFO] Completion returned and validated from MODEL = 'grok-4'.
[2025-10-16 11:38:54,582] [INFO] Completion returned and validated from MODEL = 'grok-4'.
[2025-10-16 11:38:54,582] [INFO] EXIT: 'DialogueMoveGenerator' calling 'generate' (8.256065845489502 secs).
[2025-10-16 11:38:56,034] [INFO] Completion returned and validated from MODEL = 'grok-4'.
[2025-10-16 11:38:56,034] [INFO] EXIT: 'DialogueMoveGenerator' calling 'generate' (9.706239223480225 secs).
[2025-10-16 11:38:56,054] [INFO] Completion returned and validated from MODEL = 'grok-4'.
[2025-10-16 11:38:56,054] [INFO] EXIT: 'DialogueMoveGenerator' calling 'generate' (9.731224536895752 secs).
[2025-10-16 11:38:56,055] [INFO] ENTER: 'MASPromptGenerator' calling 'persuasiveness_choice'; CURRENT SPEAKER: grok-4_mas_rag, DIALOGUE TURN NUM = 19.
[2025-10-16 11:38:56,056] [INFO] EXIT: 'MASPromptGenerator' calling 'persuasiveness_choice' (0.00018453598022460938 secs).
[2025-10-16 11:38:57,777] [INFO] Completion returned and validated within 'PersuasivenessChoiceAgent'; MODEL = 'grok-4'; DIALOGUE TURN NUM = 19.
[2025-10-16 11:39:00,000] [INFO] Completion returned and validated within 'PersuasivenessChoiceAgent'; MODEL = 'grok-4'; DIALOGUE TURN NUM = 19.
[2025-10-16 11:39:02,786] [INFO] Completion returned and validated within 'PersuasivenessChoiceAgent'; MODEL = 'grok-4'; DIALOGUE TURN NUM = 19.
[2025-10-16 11:39:06,555] [INFO] Completion returned and validated within 'PersuasivenessChoiceAgent'; MODEL = 'grok-4'; DIALOGUE TURN NUM = 19.
[2025-10-16 11:39:10,241] [INFO] Completion returned and validated within 'PersuasivenessChoiceAgent'; MODEL = 'grok-4'; DIALOGUE TURN NUM = 19.
[2025-10-16 11:39:10,241] [INFO] ENTER: 'DisambiguationAgent' calling '_grouping_similar_utterance_types'; CURRENT SPEAKER: grok-4_mas_rag, DIALOGUE TURN NUM = 19.
[2025-10-16 11:39:10,242] [INFO] EXIT: 'DisambiguationAgent' calling '_grouping_similar_utterance_types' (1.239776611328125e-05 secs).
[2025-10-16 11:39:10,242] [INFO] ENTER: 'DisambiguationAgent' calling '_identifying_similar_sentences_and_choosing_one_to_return_to_user'; CURRENT SPEAKER: grok-4_mas_rag, DIALOGUE TURN NUM = 19.
[2025-10-16 11:39:17,115] [INFO] 'DisambiguationAgent' grouped similar sentences, completion returned and validated; MODEL = 'grok-4'.
[2025-10-16 11:39:18,842] [INFO] 'DisambiguationAgent' chose sentences to remove, completion returned and validated from MODEL = 'grok-4'.
[2025-10-16 11:39:19,980] [INFO] 'DisambiguationAgent' chose sentences to remove, completion returned and validated from MODEL = 'grok-4'.
[2025-10-16 11:39:20,910] [INFO] 'DisambiguationAgent' chose sentences to remove, completion returned and validated from MODEL = 'grok-4'.
[2025-10-16 11:39:21,843] [INFO] 'DisambiguationAgent' chose sentences to remove, completion returned and validated from MODEL = 'grok-4'.
[2025-10-16 11:39:21,843] [INFO] EXIT: 'DisambiguationAgent' calling '_identifying_similar_sentences_and_choosing_one_to_return_to_user' (11.600928544998169 secs).
[2025-10-16 11:39:21,843] [INFO] ENTER: 'DisambiguationAgent' calling '_removing_repetitive_sentences'; CURRENT SPEAKER: grok-4_mas_rag, DIALOGUE TURN NUM = 19.
[2025-10-16 11:39:21,843] [INFO] EXIT: 'DisambiguationAgent' calling '_removing_repetitive_sentences' (1.6927719116210938e-05 secs).
[2025-10-16 11:39:21,843] [INFO] ENTER: 'DisambiguationAgent' calling 'return_disambiguated_sentences'; CURRENT SPEAKER: grok-4_mas_rag, DIALOGUE TURN NUM = 19.
[2025-10-16 11:39:21,843] [INFO] EXIT: 'DisambiguationAgent' calling 'return_disambiguated_sentences' (2.1457672119140625e-06 secs).
[2025-10-16 11:39:21,843] [ERROR] Wrong state used; State of type HumanState; error message: dict has unexpected extra key(s): "graph_rag_examples", "intermediate_generations", "knowledge_base_ensemble_or_model_name", "model_seed", "model_temp", "model_top_p", "number_of_graph_rag_examples", "number_of_vector_based_rag_examples", "political_position_prob_of_na", "political_position_range", "political_position_std", "speaker_model_name", "speaker_type", "vector_based_persona_string", "vector_based_persona_sys_prompt"
[2025-10-16 11:39:21,844] [INFO] Correct state used; State of type GenerationAgentsState; 'IGNORE THE ABOVE ERRORS'.
[2025-10-16 11:39:22,401] [INFO] 'commitment_update' completed '___Since___' update; MODEL = 'grok-4'.
[2025-10-16 11:39:23,031] [INFO] 'commitment_update' completed '___Claim___' update for current speaker's commitments; MODEL = 'grok-4'.
[2025-10-16 11:39:23,632] [INFO] 'commitment_update' completed '___Claim___' update for current speaker's commitments; MODEL = 'grok-4'.
[2025-10-16 11:39:24,278] [INFO] 'commitment_update' completed '___Claim___' update for current speaker's commitments; MODEL = 'grok-4'.
[2025-10-16 11:39:24,409] [ERROR] Wrong state used; State of type HumanState; error message: dict has unexpected extra key(s): "graph_rag_examples", "intermediate_generations", "knowledge_base_ensemble_or_model_name", "model_seed", "model_temp", "model_top_p", "number_of_graph_rag_examples", "number_of_vector_based_rag_examples", "political_position_prob_of_na", "political_position_range", "political_position_std", "speaker_model_name", "speaker_type", "vector_based_persona_string", "vector_based_persona_sys_prompt"
[2025-10-16 11:39:24,409] [INFO] Correct state used; State of type GenerationAgentsState; 'IGNORE THE ABOVE ERRORS'.
[2025-10-16 11:39:24,409] [INFO] ENTER: 'UtteranceClassificationAgent' calling '_classify_sentence_utterance_types'; CURRENT SPEAKER: grok-4_mas, DIALOGUE TURN NUM = 20.
[2025-10-16 11:39:24,979] [INFO] 'UtteranceClassificationAgent' completion returned and validated from MODEL = 'ModelName.GROK_4'.
[2025-10-16 11:39:25,537] [INFO] 'UtteranceClassificationAgent' completion returned and validated from MODEL = 'ModelName.GROK_4'.
[2025-10-16 11:39:29,002] [INFO] 'UtteranceClassificationAgent' completion returned and validated from MODEL = 'ModelName.GROK_4'.
[2025-10-16 11:39:29,547] [INFO] 'UtteranceClassificationAgent' completion returned and validated from MODEL = 'ModelName.GROK_4'.
[2025-10-16 11:39:30,125] [INFO] 'UtteranceClassificationAgent' completion returned and validated from MODEL = 'ModelName.GROK_4'.
[2025-10-16 11:39:30,672] [INFO] 'UtteranceClassificationAgent' completion returned and validated from MODEL = 'ModelName.GROK_4'.
[2025-10-16 11:39:31,359] [INFO] 'UtteranceClassificationAgent' completion returned and validated from MODEL = 'ModelName.GROK_4'.
[2025-10-16 11:39:31,360] [INFO] EXIT: 'UtteranceClassificationAgent' calling '_classify_sentence_utterance_types' (6.950198173522949 secs).
[2025-10-16 11:39:31,360] [INFO] ENTER: 'UtteranceClassificationAgent' calling 'return_classified_sentences'; CURRENT SPEAKER: grok-4_mas, DIALOGUE TURN NUM = 20.
[2025-10-16 11:39:31,360] [INFO] EXIT: 'UtteranceClassificationAgent' calling 'return_classified_sentences' (1.6689300537109375e-06 secs).
[2025-10-16 11:39:31,362] [INFO] ENTER: 'DialogueMoveGenerator' calling 'generate'; CURRENT SPEAKER: grok-4_mas, DIALOGUE TURN NUM = 20.
[2025-10-16 11:39:31,362] [INFO] ENTER: 'MASPromptGenerator' calling 'claim'; CURRENT SPEAKER: grok-4_mas, DIALOGUE TURN NUM = 20.
[2025-10-16 11:39:31,362] [INFO] EXIT: 'MASPromptGenerator' calling 'claim' (4.601478576660156e-05 secs).
[2025-10-16 11:39:31,363] [INFO] ENTER: 'DialogueMoveGenerator' calling 'generate'; CURRENT SPEAKER: grok-4_mas, DIALOGUE TURN NUM = 20.
[2025-10-16 11:39:31,364] [INFO] ENTER: 'MASPromptGenerator' calling 'claim_negation'; CURRENT SPEAKER: grok-4_mas, DIALOGUE TURN NUM = 20.
[2025-10-16 11:39:31,364] [INFO] EXIT: 'MASPromptGenerator' calling 'claim_negation' (4.9114227294921875e-05 secs).
[2025-10-16 11:39:31,364] [INFO] ENTER: 'DialogueMoveGenerator' calling 'generate'; CURRENT SPEAKER: grok-4_mas, DIALOGUE TURN NUM = 20.
[2025-10-16 11:39:31,364] [INFO] ENTER: 'MASPromptGenerator' calling 'concede_claim'; CURRENT SPEAKER: grok-4_mas, DIALOGUE TURN NUM = 20.
[2025-10-16 11:39:31,368] [INFO] ENTER: 'DialogueMoveGenerator' calling 'generate'; CURRENT SPEAKER: grok-4_mas, DIALOGUE TURN NUM = 20.
[2025-10-16 11:39:31,368] [INFO] ENTER: 'MASPromptGenerator' calling 'question_claim'; CURRENT SPEAKER: grok-4_mas, DIALOGUE TURN NUM = 20.
[2025-10-16 11:39:31,368] [INFO] EXIT: 'MASPromptGenerator' calling 'question_claim' (3.838539123535156e-05 secs).
[2025-10-16 11:39:31,369] [INFO] ENTER: 'DialogueMoveGenerator' calling 'generate'; CURRENT SPEAKER: grok-4_mas, DIALOGUE TURN NUM = 20.
[2025-10-16 11:39:31,369] [INFO] ENTER: 'MASPromptGenerator' calling 'retract_claim'; CURRENT SPEAKER: grok-4_mas, DIALOGUE TURN NUM = 20.
[2025-10-16 11:39:31,369] [INFO] EXIT: 'MASPromptGenerator' calling 'retract_claim' (3.2901763916015625e-05 secs).
[2025-10-16 11:39:31,370] [INFO] ENTER: 'DialogueMoveGenerator' calling 'generate'; CURRENT SPEAKER: grok-4_mas, DIALOGUE TURN NUM = 20.
[2025-10-16 11:39:31,371] [INFO] ENTER: 'MASPromptGenerator' calling 'since_claim'; CURRENT SPEAKER: grok-4_mas, DIALOGUE TURN NUM = 20.
[2025-10-16 11:39:31,371] [INFO] EXIT: 'MASPromptGenerator' calling 'since_claim' (4.00543212890625e-05 secs).
[2025-10-16 11:39:31,371] [INFO] ENTER: 'DialogueMoveGenerator' calling 'generate'; CURRENT SPEAKER: grok-4_mas, DIALOGUE TURN NUM = 20.
[2025-10-16 11:39:31,371] [INFO] ENTER: 'MASPromptGenerator' calling 'why_claim'; CURRENT SPEAKER: grok-4_mas, DIALOGUE TURN NUM = 20.
[2025-10-16 11:39:31,371] [INFO] EXIT: 'MASPromptGenerator' calling 'why_claim' (8.487701416015625e-05 secs).
[2025-10-16 11:39:31,387] [INFO] EXIT: 'MASPromptGenerator' calling 'concede_claim' (4.458427429199219e-05 secs).
[2025-10-16 11:39:33,820] [INFO] Completion returned and validated from MODEL = 'grok-4'.
[2025-10-16 11:39:33,984] [INFO] Completion returned and validated from MODEL = 'grok-4'.
[2025-10-16 11:39:33,984] [INFO] EXIT: 'DialogueMoveGenerator' calling 'generate' (2.6218039989471436 secs).
[2025-10-16 11:39:33,986] [INFO] Completion returned and validated from MODEL = 'grok-4'.
[2025-10-16 11:39:33,986] [INFO] EXIT: 'DialogueMoveGenerator' calling 'generate' (2.615597724914551 secs).
[2025-10-16 11:39:34,003] [INFO] Completion returned and validated from MODEL = 'grok-4'.
[2025-10-16 11:39:34,022] [INFO] Completion returned and validated from MODEL = 'grok-4'.
[2025-10-16 11:39:34,022] [INFO] EXIT: 'DialogueMoveGenerator' calling 'generate' (2.652662754058838 secs).
[2025-10-16 11:39:34,076] [INFO] Completion returned and validated from MODEL = 'grok-4'.
[2025-10-16 11:39:34,207] [INFO] Completion returned and validated from MODEL = 'grok-4'.
[2025-10-16 11:39:35,716] [INFO] Completion returned and validated from MODEL = 'grok-4'.
[2025-10-16 11:39:36,256] [INFO] Completion returned and validated from MODEL = 'grok-4'.
[2025-10-16 11:39:36,347] [INFO] Completion returned and validated from MODEL = 'grok-4'.
[2025-10-16 11:39:36,347] [INFO] EXIT: 'DialogueMoveGenerator' calling 'generate' (4.983780384063721 secs).
[2025-10-16 11:39:36,405] [INFO] Completion returned and validated from MODEL = 'grok-4'.
[2025-10-16 11:39:37,492] [INFO] Completion returned and validated from MODEL = 'grok-4'.
[2025-10-16 11:39:38,535] [INFO] Completion returned and validated from MODEL = 'grok-4'.
[2025-10-16 11:39:38,799] [INFO] Completion returned and validated from MODEL = 'grok-4'.
[2025-10-16 11:39:39,480] [INFO] Completion returned and validated from MODEL = 'grok-4'.
[2025-10-16 11:39:40,683] [INFO] Completion returned and validated from MODEL = 'grok-4'.
[2025-10-16 11:39:40,729] [INFO] Completion returned and validated from MODEL = 'grok-4'.
[2025-10-16 11:39:40,904] [INFO] Completion returned and validated from MODEL = 'grok-4'.
[2025-10-16 11:39:42,475] [INFO] Completion returned and validated from MODEL = 'grok-4'.
[2025-10-16 11:39:42,475] [INFO] EXIT: 'DialogueMoveGenerator' calling 'generate' (11.110552787780762 secs).
[2025-10-16 11:39:42,785] [INFO] Completion returned and validated from MODEL = 'grok-4'.
[2025-10-16 11:39:42,825] [INFO] Completion returned and validated from MODEL = 'grok-4'.
[2025-10-16 11:39:44,299] [INFO] Completion returned and validated from MODEL = 'grok-4'.
[2025-10-16 11:39:44,299] [INFO] EXIT: 'DialogueMoveGenerator' calling 'generate' (12.92793345451355 secs).
[2025-10-16 11:39:45,110] [INFO] Completion returned and validated from MODEL = 'grok-4'.
[2025-10-16 11:39:45,110] [INFO] EXIT: 'DialogueMoveGenerator' calling 'generate' (13.74205732345581 secs).
[2025-10-16 11:39:45,113] [INFO] ENTER: 'MASPromptGenerator' calling 'persuasiveness_choice'; CURRENT SPEAKER: grok-4_mas, DIALOGUE TURN NUM = 20.
[2025-10-16 11:39:45,113] [INFO] EXIT: 'MASPromptGenerator' calling 'persuasiveness_choice' (0.00023865699768066406 secs).
[2025-10-16 11:39:48,386] [INFO] Completion returned and validated within 'PersuasivenessChoiceAgent'; MODEL = 'grok-4'; DIALOGUE TURN NUM = 20.
[2025-10-16 11:39:50,806] [INFO] Completion returned and validated within 'PersuasivenessChoiceAgent'; MODEL = 'grok-4'; DIALOGUE TURN NUM = 20.
[2025-10-16 11:39:52,769] [INFO] Completion returned and validated within 'PersuasivenessChoiceAgent'; MODEL = 'grok-4'; DIALOGUE TURN NUM = 20.
[2025-10-16 11:39:54,612] [INFO] Completion returned and validated within 'PersuasivenessChoiceAgent'; MODEL = 'grok-4'; DIALOGUE TURN NUM = 20.
[2025-10-16 11:39:56,735] [INFO] Completion returned and validated within 'PersuasivenessChoiceAgent'; MODEL = 'grok-4'; DIALOGUE TURN NUM = 20.
[2025-10-16 11:39:58,878] [INFO] Completion returned and validated within 'PersuasivenessChoiceAgent'; MODEL = 'grok-4'; DIALOGUE TURN NUM = 20.
[2025-10-16 11:40:00,427] [INFO] Completion returned and validated within 'PersuasivenessChoiceAgent'; MODEL = 'grok-4'; DIALOGUE TURN NUM = 20.
[2025-10-16 11:40:00,428] [INFO] ENTER: 'DisambiguationAgent' calling '_grouping_similar_utterance_types'; CURRENT SPEAKER: grok-4_mas, DIALOGUE TURN NUM = 20.
[2025-10-16 11:40:00,428] [INFO] EXIT: 'DisambiguationAgent' calling '_grouping_similar_utterance_types' (1.811981201171875e-05 secs).
[2025-10-16 11:40:00,428] [INFO] ENTER: 'DisambiguationAgent' calling '_identifying_similar_sentences_and_choosing_one_to_return_to_user'; CURRENT SPEAKER: grok-4_mas, DIALOGUE TURN NUM = 20.
[2025-10-16 11:40:03,613] [INFO] 'DisambiguationAgent' grouped similar sentences, completion returned and validated; MODEL = 'grok-4'.
[2025-10-16 11:40:04,506] [INFO] 'DisambiguationAgent' chose sentences to remove, completion returned and validated from MODEL = 'grok-4'.
[2025-10-16 11:40:05,819] [INFO] 'DisambiguationAgent' chose sentences to remove, completion returned and validated from MODEL = 'grok-4'.
[2025-10-16 11:40:05,819] [INFO] EXIT: 'DisambiguationAgent' calling '_identifying_similar_sentences_and_choosing_one_to_return_to_user' (5.39063024520874 secs).
[2025-10-16 11:40:05,819] [INFO] ENTER: 'DisambiguationAgent' calling '_identifying_similar_sentences_and_choosing_one_to_return_to_user'; CURRENT SPEAKER: grok-4_mas, DIALOGUE TURN NUM = 20.
[2025-10-16 11:44:13,183] [INFO] 'DisambiguationAgent' grouped similar sentences, completion returned and validated; MODEL = 'grok-4'.
[2025-10-16 11:46:14,916] [INFO] 'DisambiguationAgent' chose sentences to remove, completion returned and validated from MODEL = 'grok-4'.
[2025-10-16 11:46:15,713] [INFO] 'DisambiguationAgent' chose sentences to remove, completion returned and validated from MODEL = 'grok-4'.
[2025-10-16 11:46:16,546] [INFO] 'DisambiguationAgent' chose sentences to remove, completion returned and validated from MODEL = 'grok-4'.
[2025-10-16 11:46:16,546] [INFO] EXIT: 'DisambiguationAgent' calling '_identifying_similar_sentences_and_choosing_one_to_return_to_user' (370.7273313999176 secs).
[2025-10-16 11:46:16,546] [INFO] ENTER: 'DisambiguationAgent' calling '_removing_repetitive_sentences'; CURRENT SPEAKER: grok-4_mas, DIALOGUE TURN NUM = 20.
[2025-10-16 11:46:16,546] [INFO] EXIT: 'DisambiguationAgent' calling '_removing_repetitive_sentences' (2.3603439331054688e-05 secs).
[2025-10-16 11:46:16,546] [INFO] ENTER: 'DisambiguationAgent' calling '_choose_the_most_persuasive_sentences'; CURRENT SPEAKER: grok-4_mas, DIALOGUE TURN NUM = 20.
[2025-10-16 11:46:18,511] [INFO] 'DisambiguationAgent': reached maximum allowed sentences, succussfully chose most persuasive sentences, completion returned and validated from MODEL = 'grok-4'.
[2025-10-16 11:46:18,511] [INFO] EXIT: 'DisambiguationAgent' calling '_choose_the_most_persuasive_sentences' (1.964611530303955 secs).
[2025-10-16 11:46:18,511] [INFO] ENTER: 'DisambiguationAgent' calling 'return_disambiguated_sentences'; CURRENT SPEAKER: grok-4_mas, DIALOGUE TURN NUM = 20.
[2025-10-16 11:46:18,511] [INFO] EXIT: 'DisambiguationAgent' calling 'return_disambiguated_sentences' (2.6226043701171875e-06 secs).
[2025-10-16 11:46:18,512] [ERROR] Wrong state used; State of type HumanState; error message: dict has unexpected extra key(s): "graph_rag_examples", "intermediate_generations", "knowledge_base_ensemble_or_model_name", "model_seed", "model_temp", "model_top_p", "number_of_graph_rag_examples", "number_of_vector_based_rag_examples", "political_position_prob_of_na", "political_position_range", "political_position_std", "speaker_model_name", "speaker_type", "vector_based_persona_string", "vector_based_persona_sys_prompt"
[2025-10-16 11:46:18,512] [INFO] Correct state used; State of type GenerationAgentsState; 'IGNORE THE ABOVE ERRORS'.
[2025-10-16 11:46:22,202] [INFO] 'commitment_update' completed '___Claim___' update for current speaker's commitments; MODEL = 'grok-4'.
[2025-10-16 11:46:22,289] [ERROR] Wrong state used; State of type HumanState; error message: dict has unexpected extra key(s): "graph_rag_examples", "intermediate_generations", "knowledge_base_ensemble_or_model_name", "model_seed", "model_temp", "model_top_p", "number_of_graph_rag_examples", "number_of_vector_based_rag_examples", "political_position_prob_of_na", "political_position_range", "political_position_std", "speaker_model_name", "speaker_type", "vector_based_persona_string", "vector_based_persona_sys_prompt"
[2025-10-16 11:46:22,289] [INFO] Correct state used; State of type GenerationAgentsState; 'IGNORE THE ABOVE ERRORS'.
[2025-10-16 11:46:22,290] [INFO] ENTER: 'UtteranceClassificationAgent' calling '_classify_sentence_utterance_types'; CURRENT SPEAKER: grok-4_mas_rag, DIALOGUE TURN NUM = 21.
[2025-10-16 11:46:22,850] [INFO] 'UtteranceClassificationAgent' completion returned and validated from MODEL = 'ModelName.GROK_4'.
[2025-10-16 11:46:23,557] [INFO] 'UtteranceClassificationAgent' completion returned and validated from MODEL = 'ModelName.GROK_4'.
[2025-10-16 11:46:24,120] [INFO] 'UtteranceClassificationAgent' completion returned and validated from MODEL = 'ModelName.GROK_4'.
[2025-10-16 11:46:24,693] [INFO] 'UtteranceClassificationAgent' completion returned and validated from MODEL = 'ModelName.GROK_4'.
[2025-10-16 11:46:25,312] [INFO] 'UtteranceClassificationAgent' completion returned and validated from MODEL = 'ModelName.GROK_4'.
[2025-10-16 11:46:25,312] [INFO] EXIT: 'UtteranceClassificationAgent' calling '_classify_sentence_utterance_types' (3.0217390060424805 secs).
[2025-10-16 11:46:25,312] [INFO] ENTER: 'UtteranceClassificationAgent' calling 'return_classified_sentences'; CURRENT SPEAKER: grok-4_mas_rag, DIALOGUE TURN NUM = 21.
[2025-10-16 11:46:25,312] [INFO] EXIT: 'UtteranceClassificationAgent' calling 'return_classified_sentences' (2.1457672119140625e-06 secs).
[2025-10-16 11:46:25,336] [INFO] ENTER: 'GraphRAG' calling 'since'; CURRENT SPEAKER: grok-4_mas_rag, DIALOGUE TURN NUM = 21.
[2025-10-16 11:46:25,336] [INFO] ENTER: 'GraphRAG' calling 'query_graph'; CURRENT SPEAKER: grok-4_mas_rag, DIALOGUE TURN NUM = 21.
[2025-10-16 11:46:25,360] [INFO] EXIT: 'GraphRAG' calling 'query_graph' (0.023831605911254883 secs).
[2025-10-16 11:46:25,360] [INFO] EXIT: 'GraphRAG' calling 'since' (0.02420353889465332 secs).
[2025-10-16 11:46:25,360] [INFO] ENTER: 'GraphRAG' calling 'claim'; CURRENT SPEAKER: grok-4_mas_rag, DIALOGUE TURN NUM = 21.
[2025-10-16 11:46:25,360] [INFO] ENTER: 'GraphRAG' calling 'query_graph'; CURRENT SPEAKER: grok-4_mas_rag, DIALOGUE TURN NUM = 21.
[2025-10-16 11:46:25,378] [INFO] EXIT: 'GraphRAG' calling 'query_graph' (0.017490863800048828 secs).
[2025-10-16 11:46:25,378] [INFO] EXIT: 'GraphRAG' calling 'claim' (0.017911434173583984 secs).
[2025-10-16 11:46:25,395] [INFO] ENTER: 'GraphRAG' calling 'since'; CURRENT SPEAKER: grok-4_mas_rag, DIALOGUE TURN NUM = 21.
[2025-10-16 11:46:25,395] [INFO] ENTER: 'GraphRAG' calling 'query_graph'; CURRENT SPEAKER: grok-4_mas_rag, DIALOGUE TURN NUM = 21.
[2025-10-16 11:46:25,418] [INFO] EXIT: 'GraphRAG' calling 'query_graph' (0.02302694320678711 secs).
[2025-10-16 11:46:25,419] [INFO] EXIT: 'GraphRAG' calling 'since' (0.023417949676513672 secs).
[2025-10-16 11:46:25,419] [INFO] ENTER: 'GraphRAG' calling 'claim'; CURRENT SPEAKER: grok-4_mas_rag, DIALOGUE TURN NUM = 21.
[2025-10-16 11:46:25,419] [INFO] ENTER: 'GraphRAG' calling 'query_graph'; CURRENT SPEAKER: grok-4_mas_rag, DIALOGUE TURN NUM = 21.
[2025-10-16 11:46:25,436] [INFO] EXIT: 'GraphRAG' calling 'query_graph' (0.017608165740966797 secs).
[2025-10-16 11:46:25,437] [INFO] EXIT: 'GraphRAG' calling 'claim' (0.01793670654296875 secs).
[2025-10-16 11:46:25,454] [INFO] ENTER: 'GraphRAG' calling 'why'; CURRENT SPEAKER: grok-4_mas_rag, DIALOGUE TURN NUM = 21.
[2025-10-16 11:46:25,454] [INFO] ENTER: 'GraphRAG' calling 'query_graph'; CURRENT SPEAKER: grok-4_mas_rag, DIALOGUE TURN NUM = 21.
[2025-10-16 11:46:26,129] [INFO] EXIT: 'GraphRAG' calling 'query_graph' (0.6745693683624268 secs).
[2025-10-16 11:46:26,129] [INFO] EXIT: 'GraphRAG' calling 'why' (0.6749637126922607 secs).
[2025-10-16 11:46:26,129] [INFO] ENTER: 'GraphRAG' calling 'claim_negation'; CURRENT SPEAKER: grok-4_mas_rag, DIALOGUE TURN NUM = 21.
[2025-10-16 11:46:26,129] [INFO] ENTER: 'GraphRAG' calling 'query_graph'; CURRENT SPEAKER: grok-4_mas_rag, DIALOGUE TURN NUM = 21.
[2025-10-16 11:46:26,776] [INFO] EXIT: 'GraphRAG' calling 'query_graph' (0.6466410160064697 secs).
[2025-10-16 11:46:26,776] [INFO] EXIT: 'GraphRAG' calling 'claim_negation' (0.6470727920532227 secs).
[2025-10-16 11:46:26,776] [INFO] ENTER: 'GraphRAG' calling 'concede'; CURRENT SPEAKER: grok-4_mas_rag, DIALOGUE TURN NUM = 21.
[2025-10-16 11:46:26,776] [INFO] ENTER: 'GraphRAG' calling 'query_graph'; CURRENT SPEAKER: grok-4_mas_rag, DIALOGUE TURN NUM = 21.
[2025-10-16 11:46:27,453] [INFO] EXIT: 'GraphRAG' calling 'query_graph' (0.6764328479766846 secs).
[2025-10-16 11:46:27,453] [INFO] EXIT: 'GraphRAG' calling 'concede' (0.676830530166626 secs).
[2025-10-16 11:46:27,453] [INFO] ENTER: 'GraphRAG' calling 'question'; CURRENT SPEAKER: grok-4_mas_rag, DIALOGUE TURN NUM = 21.
[2025-10-16 11:46:27,453] [INFO] ENTER: 'GraphRAG' calling 'query_graph'; CURRENT SPEAKER: grok-4_mas_rag, DIALOGUE TURN NUM = 21.
[2025-10-16 11:46:27,579] [INFO] EXIT: 'GraphRAG' calling 'query_graph' (0.12630295753479004 secs).
[2025-10-16 11:46:27,580] [INFO] EXIT: 'GraphRAG' calling 'question' (0.12672948837280273 secs).
[2025-10-16 11:46:27,597] [INFO] ENTER: 'GraphRAG' calling 'since'; CURRENT SPEAKER: grok-4_mas_rag, DIALOGUE TURN NUM = 21.
[2025-10-16 11:46:27,597] [INFO] ENTER: 'GraphRAG' calling 'query_graph'; CURRENT SPEAKER: grok-4_mas_rag, DIALOGUE TURN NUM = 21.
[2025-10-16 11:46:27,621] [INFO] EXIT: 'GraphRAG' calling 'query_graph' (0.023653745651245117 secs).
[2025-10-16 11:46:27,621] [INFO] EXIT: 'GraphRAG' calling 'since' (0.024037837982177734 secs).
[2025-10-16 11:46:27,621] [INFO] ENTER: 'GraphRAG' calling 'claim'; CURRENT SPEAKER: grok-4_mas_rag, DIALOGUE TURN NUM = 21.
[2025-10-16 11:46:27,621] [INFO] ENTER: 'GraphRAG' calling 'query_graph'; CURRENT SPEAKER: grok-4_mas_rag, DIALOGUE TURN NUM = 21.
[2025-10-16 11:46:27,641] [INFO] EXIT: 'GraphRAG' calling 'query_graph' (0.019456148147583008 secs).
[2025-10-16 11:46:27,641] [INFO] EXIT: 'GraphRAG' calling 'claim' (0.01983809471130371 secs).
[2025-10-16 11:46:27,658] [INFO] ENTER: 'GraphRAG' calling 'since'; CURRENT SPEAKER: grok-4_mas_rag, DIALOGUE TURN NUM = 21.
[2025-10-16 11:46:27,658] [INFO] ENTER: 'GraphRAG' calling 'query_graph'; CURRENT SPEAKER: grok-4_mas_rag, DIALOGUE TURN NUM = 21.
[2025-10-16 11:46:27,685] [INFO] EXIT: 'GraphRAG' calling 'query_graph' (0.026468276977539062 secs).
[2025-10-16 11:46:27,685] [INFO] EXIT: 'GraphRAG' calling 'since' (0.02687549591064453 secs).
[2025-10-16 11:46:27,685] [INFO] ENTER: 'GraphRAG' calling 'claim'; CURRENT SPEAKER: grok-4_mas_rag, DIALOGUE TURN NUM = 21.
[2025-10-16 11:46:27,685] [INFO] ENTER: 'GraphRAG' calling 'query_graph'; CURRENT SPEAKER: grok-4_mas_rag, DIALOGUE TURN NUM = 21.
[2025-10-16 11:46:27,705] [INFO] EXIT: 'GraphRAG' calling 'query_graph' (0.019674062728881836 secs).
[2025-10-16 11:46:27,705] [INFO] EXIT: 'GraphRAG' calling 'claim' (0.020097732543945312 secs).
[2025-10-16 11:46:27,705] [INFO] ENTER: 'GraphRAG' calling 'return_rag_examples'; CURRENT SPEAKER: grok-4_mas_rag, DIALOGUE TURN NUM = 21.
[2025-10-16 11:46:27,705] [INFO] EXIT: 'GraphRAG' calling 'return_rag_examples' (2.384185791015625e-06 secs).
[2025-10-16 11:46:27,708] [INFO] ENTER: 'DialogueMoveGenerator' calling 'generate'; CURRENT SPEAKER: grok-4_mas_rag, DIALOGUE TURN NUM = 21.
[2025-10-16 11:46:27,708] [INFO] ENTER: 'MASPromptGenerator' calling 'claim'; CURRENT SPEAKER: grok-4_mas_rag, DIALOGUE TURN NUM = 21.
[2025-10-16 11:46:27,708] [INFO] EXIT: 'MASPromptGenerator' calling 'claim' (0.00014853477478027344 secs).
[2025-10-16 11:46:27,709] [INFO] ENTER: 'DialogueMoveGenerator' calling 'generate'; CURRENT SPEAKER: grok-4_mas_rag, DIALOGUE TURN NUM = 21.
[2025-10-16 11:46:27,709] [INFO] ENTER: 'MASPromptGenerator' calling 'claim_negation'; CURRENT SPEAKER: grok-4_mas_rag, DIALOGUE TURN NUM = 21.
[2025-10-16 11:46:27,709] [INFO] EXIT: 'MASPromptGenerator' calling 'claim_negation' (0.00013303756713867188 secs).
[2025-10-16 11:46:27,710] [INFO] ENTER: 'DialogueMoveGenerator' calling 'generate'; CURRENT SPEAKER: grok-4_mas_rag, DIALOGUE TURN NUM = 21.
[2025-10-16 11:46:27,710] [INFO] ENTER: 'MASPromptGenerator' calling 'concede_claim'; CURRENT SPEAKER: grok-4_mas_rag, DIALOGUE TURN NUM = 21.
[2025-10-16 11:46:27,711] [INFO] EXIT: 'MASPromptGenerator' calling 'concede_claim' (7.557868957519531e-05 secs).
[2025-10-16 11:46:27,712] [INFO] ENTER: 'DialogueMoveGenerator' calling 'generate'; CURRENT SPEAKER: grok-4_mas_rag, DIALOGUE TURN NUM = 21.
[2025-10-16 11:46:27,712] [INFO] ENTER: 'MASPromptGenerator' calling 'question_claim'; CURRENT SPEAKER: grok-4_mas_rag, DIALOGUE TURN NUM = 21.
[2025-10-16 11:46:27,712] [INFO] EXIT: 'MASPromptGenerator' calling 'question_claim' (0.0001277923583984375 secs).
[2025-10-16 11:46:27,713] [INFO] ENTER: 'DialogueMoveGenerator' calling 'generate'; CURRENT SPEAKER: grok-4_mas_rag, DIALOGUE TURN NUM = 21.
[2025-10-16 11:46:27,713] [INFO] ENTER: 'DialogueMoveGenerator' calling 'generate'; CURRENT SPEAKER: grok-4_mas_rag, DIALOGUE TURN NUM = 21.
[2025-10-16 11:46:27,713] [INFO] ENTER: 'MASPromptGenerator' calling 'retract_claim'; CURRENT SPEAKER: grok-4_mas_rag, DIALOGUE TURN NUM = 21.
[2025-10-16 11:46:27,714] [INFO] ENTER: 'MASPromptGenerator' calling 'since_claim'; CURRENT SPEAKER: grok-4_mas_rag, DIALOGUE TURN NUM = 21.
[2025-10-16 11:46:27,714] [INFO] ENTER: 'DialogueMoveGenerator' calling 'generate'; CURRENT SPEAKER: grok-4_mas_rag, DIALOGUE TURN NUM = 21.
[2025-10-16 11:46:27,714] [INFO] EXIT: 'MASPromptGenerator' calling 'retract_claim' (8.916854858398438e-05 secs).
[2025-10-16 11:46:27,714] [INFO] EXIT: 'MASPromptGenerator' calling 'since_claim' (0.0001575946807861328 secs).
[2025-10-16 11:46:27,714] [INFO] ENTER: 'MASPromptGenerator' calling 'why_claim'; CURRENT SPEAKER: grok-4_mas_rag, DIALOGUE TURN NUM = 21.
[2025-10-16 11:46:27,715] [INFO] EXIT: 'MASPromptGenerator' calling 'why_claim' (7.724761962890625e-05 secs).
[2025-10-16 11:46:29,841] [INFO] Completion returned and validated from MODEL = 'grok-4'.
[2025-10-16 11:46:29,841] [INFO] EXIT: 'DialogueMoveGenerator' calling 'generate' (2.1307578086853027 secs).
[2025-10-16 11:46:29,881] [INFO] Completion returned and validated from MODEL = 'grok-4'.
[2025-10-16 11:46:29,882] [INFO] EXIT: 'DialogueMoveGenerator' calling 'generate' (2.1725399494171143 secs).
[2025-10-16 11:46:29,972] [INFO] Completion returned and validated from MODEL = 'grok-4'.
[2025-10-16 11:46:29,972] [INFO] EXIT: 'DialogueMoveGenerator' calling 'generate' (2.258094310760498 secs).
[2025-10-16 11:46:30,042] [INFO] Completion returned and validated from MODEL = 'grok-4'.
[2025-10-16 11:46:30,297] [INFO] Completion returned and validated from MODEL = 'grok-4'.
[2025-10-16 11:46:30,434] [INFO] Completion returned and validated from MODEL = 'grok-4'.
[2025-10-16 11:47:13,546] [INFO] Completion returned and validated from MODEL = 'grok-4'.
[2025-10-16 11:47:14,550] [INFO] Completion returned and validated from MODEL = 'grok-4'.
[2025-10-16 11:47:14,994] [INFO] Completion returned and validated from MODEL = 'grok-4'.
[2025-10-16 11:47:15,687] [INFO] Completion returned and validated from MODEL = 'grok-4'.
[2025-10-16 11:47:15,688] [INFO] EXIT: 'DialogueMoveGenerator' calling 'generate' (47.97574853897095 secs).
[2025-10-16 11:47:19,544] [INFO] Completion returned and validated from MODEL = 'grok-4'.
[2025-10-16 11:47:19,670] [INFO] Completion returned and validated from MODEL = 'grok-4'.
[2025-10-16 11:47:21,072] [INFO] Completion returned and validated from MODEL = 'grok-4'.
[2025-10-16 11:47:21,851] [INFO] Completion returned and validated from MODEL = 'grok-4'.
[2025-10-16 11:47:21,851] [INFO] EXIT: 'DialogueMoveGenerator' calling 'generate' (54.13803720474243 secs).
[2025-10-16 11:47:22,106] [INFO] Completion returned and validated from MODEL = 'grok-4'.
[2025-10-16 11:47:22,106] [INFO] EXIT: 'DialogueMoveGenerator' calling 'generate' (54.392136335372925 secs).
[2025-10-16 11:47:23,276] [INFO] Completion returned and validated from MODEL = 'grok-4'.
[2025-10-16 11:47:23,276] [INFO] EXIT: 'DialogueMoveGenerator' calling 'generate' (55.56865429878235 secs).
[2025-10-16 11:47:23,278] [INFO] ENTER: 'MASPromptGenerator' calling 'persuasiveness_choice'; CURRENT SPEAKER: grok-4_mas_rag, DIALOGUE TURN NUM = 21.
[2025-10-16 11:47:23,278] [INFO] EXIT: 'MASPromptGenerator' calling 'persuasiveness_choice' (0.00020003318786621094 secs).
[2025-10-16 11:47:26,145] [INFO] Completion returned and validated within 'PersuasivenessChoiceAgent'; MODEL = 'grok-4'; DIALOGUE TURN NUM = 21.
[2025-10-16 11:47:31,867] [INFO] Completion returned and validated within 'PersuasivenessChoiceAgent'; MODEL = 'grok-4'; DIALOGUE TURN NUM = 21.
[2025-10-16 11:47:38,443] [INFO] Completion returned and validated within 'PersuasivenessChoiceAgent'; MODEL = 'grok-4'; DIALOGUE TURN NUM = 21.
[2025-10-16 11:47:42,848] [INFO] Completion returned and validated within 'PersuasivenessChoiceAgent'; MODEL = 'grok-4'; DIALOGUE TURN NUM = 21.
[2025-10-16 11:47:46,299] [INFO] Completion returned and validated within 'PersuasivenessChoiceAgent'; MODEL = 'grok-4'; DIALOGUE TURN NUM = 21.
[2025-10-16 11:47:46,299] [INFO] ENTER: 'DisambiguationAgent' calling '_grouping_similar_utterance_types'; CURRENT SPEAKER: grok-4_mas_rag, DIALOGUE TURN NUM = 21.
[2025-10-16 11:47:46,299] [INFO] EXIT: 'DisambiguationAgent' calling '_grouping_similar_utterance_types' (1.239776611328125e-05 secs).
[2025-10-16 11:47:46,299] [INFO] ENTER: 'DisambiguationAgent' calling '_identifying_similar_sentences_and_choosing_one_to_return_to_user'; CURRENT SPEAKER: grok-4_mas_rag, DIALOGUE TURN NUM = 21.
[2025-10-16 11:47:54,450] [INFO] 'DisambiguationAgent' grouped similar sentences, completion returned and validated; MODEL = 'grok-4'.
[2025-10-16 11:47:56,270] [INFO] 'DisambiguationAgent' chose sentences to remove, completion returned and validated from MODEL = 'grok-4'.
[2025-10-16 11:47:57,515] [INFO] 'DisambiguationAgent' chose sentences to remove, completion returned and validated from MODEL = 'grok-4'.
[2025-10-16 11:47:57,515] [INFO] EXIT: 'DisambiguationAgent' calling '_identifying_similar_sentences_and_choosing_one_to_return_to_user' (11.21593689918518 secs).
[2025-10-16 11:47:57,515] [INFO] ENTER: 'DisambiguationAgent' calling '_identifying_similar_sentences_and_choosing_one_to_return_to_user'; CURRENT SPEAKER: grok-4_mas_rag, DIALOGUE TURN NUM = 21.
[2025-10-16 11:47:58,115] [INFO] 'DisambiguationAgent' grouped similar sentences, completion returned and validated; MODEL = 'grok-4'.
[2025-10-16 11:47:58,115] [INFO] EXIT: 'DisambiguationAgent' calling '_identifying_similar_sentences_and_choosing_one_to_return_to_user' (0.5992732048034668 secs).
[2025-10-16 11:47:58,115] [INFO] ENTER: 'DisambiguationAgent' calling '_removing_repetitive_sentences'; CURRENT SPEAKER: grok-4_mas_rag, DIALOGUE TURN NUM = 21.
[2025-10-16 11:47:58,115] [INFO] EXIT: 'DisambiguationAgent' calling '_removing_repetitive_sentences' (1.4781951904296875e-05 secs).
[2025-10-16 11:47:58,115] [INFO] ENTER: 'DisambiguationAgent' calling 'return_disambiguated_sentences'; CURRENT SPEAKER: grok-4_mas_rag, DIALOGUE TURN NUM = 21.
[2025-10-16 11:47:58,115] [INFO] EXIT: 'DisambiguationAgent' calling 'return_disambiguated_sentences' (2.384185791015625e-06 secs).
[2025-10-16 11:47:58,115] [ERROR] Wrong state used; State of type HumanState; error message: dict has unexpected extra key(s): "graph_rag_examples", "intermediate_generations", "knowledge_base_ensemble_or_model_name", "model_seed", "model_temp", "model_top_p", "number_of_graph_rag_examples", "number_of_vector_based_rag_examples", "political_position_prob_of_na", "political_position_range", "political_position_std", "speaker_model_name", "speaker_type", "vector_based_persona_string", "vector_based_persona_sys_prompt"
[2025-10-16 11:47:58,116] [INFO] Correct state used; State of type GenerationAgentsState; 'IGNORE THE ABOVE ERRORS'.
[2025-10-16 11:47:58,697] [INFO] 'commitment_update' completed '___Claim___' update for current speaker's commitments; MODEL = 'grok-4'.
[2025-10-16 11:47:59,285] [INFO] 'commitment_update' completed '___Since___' update; MODEL = 'grok-4'.
[2025-10-16 11:47:59,935] [INFO] 'commitment_update' completed '___Since___' update; MODEL = 'grok-4'.
[2025-10-16 11:48:00,062] [ERROR] Wrong state used; State of type HumanState; error message: dict has unexpected extra key(s): "graph_rag_examples", "intermediate_generations", "knowledge_base_ensemble_or_model_name", "model_seed", "model_temp", "model_top_p", "number_of_graph_rag_examples", "number_of_vector_based_rag_examples", "political_position_prob_of_na", "political_position_range", "political_position_std", "speaker_model_name", "speaker_type", "vector_based_persona_string", "vector_based_persona_sys_prompt"
[2025-10-16 11:48:00,062] [INFO] Correct state used; State of type GenerationAgentsState; 'IGNORE THE ABOVE ERRORS'.
[2025-10-16 11:48:00,062] [INFO] ENTER: 'UtteranceClassificationAgent' calling '_classify_sentence_utterance_types'; CURRENT SPEAKER: grok-4_mas, DIALOGUE TURN NUM = 22.
[2025-10-16 11:48:00,679] [INFO] 'UtteranceClassificationAgent' completion returned and validated from MODEL = 'ModelName.GROK_4'.
[2025-10-16 11:48:01,226] [INFO] 'UtteranceClassificationAgent' completion returned and validated from MODEL = 'ModelName.GROK_4'.
[2025-10-16 11:48:01,848] [INFO] 'UtteranceClassificationAgent' completion returned and validated from MODEL = 'ModelName.GROK_4'.
[2025-10-16 11:48:02,486] [INFO] 'UtteranceClassificationAgent' completion returned and validated from MODEL = 'ModelName.GROK_4'.
[2025-10-16 11:48:03,080] [INFO] 'UtteranceClassificationAgent' completion returned and validated from MODEL = 'ModelName.GROK_4'.
[2025-10-16 11:48:03,640] [INFO] 'UtteranceClassificationAgent' completion returned and validated from MODEL = 'ModelName.GROK_4'.
[2025-10-16 11:48:04,294] [INFO] 'UtteranceClassificationAgent' completion returned and validated from MODEL = 'ModelName.GROK_4'.
[2025-10-16 11:48:04,895] [INFO] 'UtteranceClassificationAgent' completion returned and validated from MODEL = 'ModelName.GROK_4'.
[2025-10-16 11:48:05,468] [INFO] 'UtteranceClassificationAgent' completion returned and validated from MODEL = 'ModelName.GROK_4'.
[2025-10-16 11:48:05,468] [INFO] EXIT: 'UtteranceClassificationAgent' calling '_classify_sentence_utterance_types' (5.4053144454956055 secs).
[2025-10-16 11:48:05,468] [INFO] ENTER: 'UtteranceClassificationAgent' calling 'return_classified_sentences'; CURRENT SPEAKER: grok-4_mas, DIALOGUE TURN NUM = 22.
[2025-10-16 11:48:05,468] [INFO] EXIT: 'UtteranceClassificationAgent' calling 'return_classified_sentences' (1.9073486328125e-06 secs).
[2025-10-16 11:48:05,470] [INFO] ENTER: 'DialogueMoveGenerator' calling 'generate'; CURRENT SPEAKER: grok-4_mas, DIALOGUE TURN NUM = 22.
[2025-10-16 11:48:05,470] [INFO] ENTER: 'MASPromptGenerator' calling 'claim'; CURRENT SPEAKER: grok-4_mas, DIALOGUE TURN NUM = 22.
[2025-10-16 11:48:05,470] [INFO] EXIT: 'MASPromptGenerator' calling 'claim' (4.5299530029296875e-05 secs).
[2025-10-16 11:48:05,471] [INFO] ENTER: 'DialogueMoveGenerator' calling 'generate'; CURRENT SPEAKER: grok-4_mas, DIALOGUE TURN NUM = 22.
[2025-10-16 11:48:05,471] [INFO] ENTER: 'MASPromptGenerator' calling 'claim_negation'; CURRENT SPEAKER: grok-4_mas, DIALOGUE TURN NUM = 22.
[2025-10-16 11:48:05,471] [INFO] EXIT: 'MASPromptGenerator' calling 'claim_negation' (8.368492126464844e-05 secs).
[2025-10-16 11:48:05,472] [INFO] ENTER: 'DialogueMoveGenerator' calling 'generate'; CURRENT SPEAKER: grok-4_mas, DIALOGUE TURN NUM = 22.
[2025-10-16 11:48:05,472] [INFO] ENTER: 'MASPromptGenerator' calling 'concede_claim'; CURRENT SPEAKER: grok-4_mas, DIALOGUE TURN NUM = 22.
[2025-10-16 11:48:05,472] [INFO] EXIT: 'MASPromptGenerator' calling 'concede_claim' (4.863739013671875e-05 secs).
[2025-10-16 11:48:05,474] [INFO] ENTER: 'DialogueMoveGenerator' calling 'generate'; CURRENT SPEAKER: grok-4_mas, DIALOGUE TURN NUM = 22.
[2025-10-16 11:48:05,475] [INFO] ENTER: 'MASPromptGenerator' calling 'question_claim'; CURRENT SPEAKER: grok-4_mas, DIALOGUE TURN NUM = 22.
[2025-10-16 11:48:05,475] [INFO] EXIT: 'MASPromptGenerator' calling 'question_claim' (4.482269287109375e-05 secs).
[2025-10-16 11:48:05,475] [INFO] ENTER: 'DialogueMoveGenerator' calling 'generate'; CURRENT SPEAKER: grok-4_mas, DIALOGUE TURN NUM = 22.
[2025-10-16 11:48:05,476] [INFO] ENTER: 'MASPromptGenerator' calling 'retract_claim'; CURRENT SPEAKER: grok-4_mas, DIALOGUE TURN NUM = 22.
[2025-10-16 11:48:05,476] [INFO] EXIT: 'MASPromptGenerator' calling 'retract_claim' (4.076957702636719e-05 secs).
[2025-10-16 11:48:05,476] [INFO] ENTER: 'DialogueMoveGenerator' calling 'generate'; CURRENT SPEAKER: grok-4_mas, DIALOGUE TURN NUM = 22.
[2025-10-16 11:48:05,476] [INFO] ENTER: 'DialogueMoveGenerator' calling 'generate'; CURRENT SPEAKER: grok-4_mas, DIALOGUE TURN NUM = 22.
[2025-10-16 11:48:05,477] [INFO] ENTER: 'MASPromptGenerator' calling 'since_claim'; CURRENT SPEAKER: grok-4_mas, DIALOGUE TURN NUM = 22.
[2025-10-16 11:48:05,477] [INFO] ENTER: 'MASPromptGenerator' calling 'why_claim'; CURRENT SPEAKER: grok-4_mas, DIALOGUE TURN NUM = 22.
[2025-10-16 11:48:05,477] [INFO] EXIT: 'MASPromptGenerator' calling 'since_claim' (4.076957702636719e-05 secs).
[2025-10-16 11:48:05,477] [INFO] EXIT: 'MASPromptGenerator' calling 'why_claim' (5.173683166503906e-05 secs).
[2025-10-16 11:48:08,041] [INFO] Completion returned and validated from MODEL = 'grok-4'.
[2025-10-16 11:48:08,144] [INFO] Completion returned and validated from MODEL = 'grok-4'.
[2025-10-16 11:48:08,224] [INFO] Completion returned and validated from MODEL = 'grok-4'.
[2025-10-16 11:48:08,307] [INFO] Completion returned and validated from MODEL = 'grok-4'.
[2025-10-16 11:48:08,308] [INFO] Completion returned and validated from MODEL = 'grok-4'.
[2025-10-16 11:48:08,326] [INFO] Completion returned and validated from MODEL = 'grok-4'.
[2025-10-16 11:48:08,519] [INFO] Completion returned and validated from MODEL = 'grok-4'.
[2025-10-16 11:48:10,046] [INFO] Completion returned and validated from MODEL = 'grok-4'.
[2025-10-16 11:48:10,739] [INFO] Completion returned and validated from MODEL = 'grok-4'.
[2025-10-16 11:48:10,786] [INFO] Completion returned and validated from MODEL = 'grok-4'.
[2025-10-16 11:48:10,786] [INFO] EXIT: 'DialogueMoveGenerator' calling 'generate' (5.310420751571655 secs).
[2025-10-16 11:48:10,805] [INFO] Completion returned and validated from MODEL = 'grok-4'.
[2025-10-16 11:48:10,805] [INFO] EXIT: 'DialogueMoveGenerator' calling 'generate' (5.328282117843628 secs).
[2025-10-16 11:48:10,948] [INFO] Completion returned and validated from MODEL = 'grok-4'.
[2025-10-16 11:48:10,948] [INFO] EXIT: 'DialogueMoveGenerator' calling 'generate' (5.477648973464966 secs).
[2025-10-16 11:48:11,271] [INFO] Completion returned and validated from MODEL = 'grok-4'.
[2025-10-16 11:48:11,278] [INFO] Completion returned and validated from MODEL = 'grok-4'.
[2025-10-16 11:48:12,800] [INFO] Completion returned and validated from MODEL = 'grok-4'.
[2025-10-16 11:48:12,801] [INFO] EXIT: 'DialogueMoveGenerator' calling 'generate' (7.329397201538086 secs).
[2025-10-16 11:48:13,303] [INFO] Completion returned and validated from MODEL = 'grok-4'.
[2025-10-16 11:48:14,944] [INFO] Completion returned and validated from MODEL = 'grok-4'.
[2025-10-16 11:48:16,571] [INFO] Completion returned and validated from MODEL = 'grok-4'.
[2025-10-16 11:48:17,505] [INFO] Completion returned and validated from MODEL = 'grok-4'.
[2025-10-16 11:48:19,193] [INFO] Completion returned and validated from MODEL = 'grok-4'.
[2025-10-16 11:48:20,987] [INFO] Completion returned and validated from MODEL = 'grok-4'.
[2025-10-16 11:48:21,784] [INFO] Completion returned and validated from MODEL = 'grok-4'.
[2025-10-16 11:48:22,476] [INFO] Completion returned and validated from MODEL = 'grok-4'.
[2025-10-16 11:48:23,323] [INFO] Completion returned and validated from MODEL = 'grok-4'.
[2025-10-16 11:48:24,020] [INFO] Completion returned and validated from MODEL = 'grok-4'.
[2025-10-16 11:48:24,020] [INFO] EXIT: 'DialogueMoveGenerator' calling 'generate' (18.54549813270569 secs).
[2025-10-16 11:48:25,805] [INFO] Completion returned and validated from MODEL = 'grok-4'.
[2025-10-16 11:48:26,933] [INFO] Completion returned and validated from MODEL = 'grok-4'.
[2025-10-16 11:48:28,157] [INFO] Completion returned and validated from MODEL = 'grok-4'.
[2025-10-16 11:48:30,150] [INFO] Completion returned and validated from MODEL = 'grok-4'.
[2025-10-16 11:48:30,150] [INFO] EXIT: 'DialogueMoveGenerator' calling 'generate' (24.673346519470215 secs).
[2025-10-16 11:50:31,425] [INFO] Completion returned and validated from MODEL = 'grok-4'.
[2025-10-16 11:50:31,425] [INFO] EXIT: 'DialogueMoveGenerator' calling 'generate' (145.9531328678131 secs).
[2025-10-16 11:50:31,427] [INFO] ENTER: 'MASPromptGenerator' calling 'persuasiveness_choice'; CURRENT SPEAKER: grok-4_mas, DIALOGUE TURN NUM = 22.
[2025-10-16 11:50:31,427] [INFO] EXIT: 'MASPromptGenerator' calling 'persuasiveness_choice' (0.00030803680419921875 secs).
[2025-10-16 11:50:33,136] [INFO] Completion returned and validated within 'PersuasivenessChoiceAgent'; MODEL = 'grok-4'; DIALOGUE TURN NUM = 22.
[2025-10-16 11:50:36,409] [INFO] Completion returned and validated within 'PersuasivenessChoiceAgent'; MODEL = 'grok-4'; DIALOGUE TURN NUM = 22.
[2025-10-16 11:50:38,381] [INFO] Completion returned and validated within 'PersuasivenessChoiceAgent'; MODEL = 'grok-4'; DIALOGUE TURN NUM = 22.
[2025-10-16 11:50:40,746] [INFO] Completion returned and validated within 'PersuasivenessChoiceAgent'; MODEL = 'grok-4'; DIALOGUE TURN NUM = 22.
[2025-10-16 11:50:42,624] [INFO] Completion returned and validated within 'PersuasivenessChoiceAgent'; MODEL = 'grok-4'; DIALOGUE TURN NUM = 22.
[2025-10-16 11:50:45,421] [INFO] Completion returned and validated within 'PersuasivenessChoiceAgent'; MODEL = 'grok-4'; DIALOGUE TURN NUM = 22.
[2025-10-16 11:50:47,710] [INFO] Completion returned and validated within 'PersuasivenessChoiceAgent'; MODEL = 'grok-4'; DIALOGUE TURN NUM = 22.
[2025-10-16 11:50:50,451] [INFO] Completion returned and validated within 'PersuasivenessChoiceAgent'; MODEL = 'grok-4'; DIALOGUE TURN NUM = 22.
[2025-10-16 11:50:54,755] [INFO] Completion returned and validated within 'PersuasivenessChoiceAgent'; MODEL = 'grok-4'; DIALOGUE TURN NUM = 22.
[2025-10-16 11:50:54,756] [INFO] ENTER: 'DisambiguationAgent' calling '_grouping_similar_utterance_types'; CURRENT SPEAKER: grok-4_mas, DIALOGUE TURN NUM = 22.
[2025-10-16 11:50:54,756] [INFO] EXIT: 'DisambiguationAgent' calling '_grouping_similar_utterance_types' (2.2649765014648438e-05 secs).
[2025-10-16 11:50:54,756] [INFO] ENTER: 'DisambiguationAgent' calling '_identifying_similar_sentences_and_choosing_one_to_return_to_user'; CURRENT SPEAKER: grok-4_mas, DIALOGUE TURN NUM = 22.
[2025-10-16 11:51:01,289] [INFO] 'DisambiguationAgent' grouped similar sentences, completion returned and validated; MODEL = 'grok-4'.
[2025-10-16 11:51:02,067] [INFO] 'DisambiguationAgent' chose sentences to remove, completion returned and validated from MODEL = 'grok-4'.
[2025-10-16 11:51:03,461] [INFO] 'DisambiguationAgent' chose sentences to remove, completion returned and validated from MODEL = 'grok-4'.
[2025-10-16 11:51:03,461] [INFO] EXIT: 'DisambiguationAgent' calling '_identifying_similar_sentences_and_choosing_one_to_return_to_user' (8.704833030700684 secs).
[2025-10-16 11:51:03,461] [INFO] ENTER: 'DisambiguationAgent' calling '_identifying_similar_sentences_and_choosing_one_to_return_to_user'; CURRENT SPEAKER: grok-4_mas, DIALOGUE TURN NUM = 22.
[2025-10-16 11:51:08,968] [INFO] 'DisambiguationAgent' grouped similar sentences, completion returned and validated; MODEL = 'grok-4'.
[2025-10-16 11:51:09,931] [INFO] 'DisambiguationAgent' chose sentences to remove, completion returned and validated from MODEL = 'grok-4'.
[2025-10-16 11:51:10,783] [INFO] 'DisambiguationAgent' chose sentences to remove, completion returned and validated from MODEL = 'grok-4'.
[2025-10-16 11:51:11,676] [INFO] 'DisambiguationAgent' chose sentences to remove, completion returned and validated from MODEL = 'grok-4'.
[2025-10-16 11:51:11,676] [INFO] EXIT: 'DisambiguationAgent' calling '_identifying_similar_sentences_and_choosing_one_to_return_to_user' (8.21502685546875 secs).
[2025-10-16 11:51:11,676] [INFO] ENTER: 'DisambiguationAgent' calling '_removing_repetitive_sentences'; CURRENT SPEAKER: grok-4_mas, DIALOGUE TURN NUM = 22.
[2025-10-16 11:51:11,676] [INFO] EXIT: 'DisambiguationAgent' calling '_removing_repetitive_sentences' (3.314018249511719e-05 secs).
[2025-10-16 11:51:11,676] [INFO] ENTER: 'DisambiguationAgent' calling '_choose_the_most_persuasive_sentences'; CURRENT SPEAKER: grok-4_mas, DIALOGUE TURN NUM = 22.
[2025-10-16 11:51:13,804] [INFO] 'DisambiguationAgent': reached maximum allowed sentences, succussfully chose most persuasive sentences, completion returned and validated from MODEL = 'grok-4'.
[2025-10-16 11:51:13,804] [INFO] EXIT: 'DisambiguationAgent' calling '_choose_the_most_persuasive_sentences' (2.1284332275390625 secs).
[2025-10-16 11:51:13,804] [INFO] ENTER: 'DisambiguationAgent' calling 'return_disambiguated_sentences'; CURRENT SPEAKER: grok-4_mas, DIALOGUE TURN NUM = 22.
[2025-10-16 11:51:13,804] [INFO] EXIT: 'DisambiguationAgent' calling 'return_disambiguated_sentences' (2.384185791015625e-06 secs).
[2025-10-16 11:51:13,805] [ERROR] Wrong state used; State of type HumanState; error message: dict has unexpected extra key(s): "graph_rag_examples", "intermediate_generations", "knowledge_base_ensemble_or_model_name", "model_seed", "model_temp", "model_top_p", "number_of_graph_rag_examples", "number_of_vector_based_rag_examples", "political_position_prob_of_na", "political_position_range", "political_position_std", "speaker_model_name", "speaker_type", "vector_based_persona_string", "vector_based_persona_sys_prompt"
[2025-10-16 11:51:13,805] [INFO] Correct state used; State of type GenerationAgentsState; 'IGNORE THE ABOVE ERRORS'.
[2025-10-16 11:51:14,394] [INFO] 'commitment_update' completed '___Since___' update; MODEL = 'grok-4'.
[2025-10-16 11:51:14,996] [INFO] 'commitment_update' completed '___Claim___' update for current speaker's commitments; MODEL = 'grok-4'.
[2025-10-16 11:51:15,084] [ERROR] Wrong state used; State of type HumanState; error message: dict has unexpected extra key(s): "graph_rag_examples", "intermediate_generations", "knowledge_base_ensemble_or_model_name", "model_seed", "model_temp", "model_top_p", "number_of_graph_rag_examples", "number_of_vector_based_rag_examples", "political_position_prob_of_na", "political_position_range", "political_position_std", "speaker_model_name", "speaker_type", "vector_based_persona_string", "vector_based_persona_sys_prompt"
[2025-10-16 11:51:15,084] [INFO] Correct state used; State of type GenerationAgentsState; 'IGNORE THE ABOVE ERRORS'.
[2025-10-16 11:51:15,084] [INFO] ENTER: 'UtteranceClassificationAgent' calling '_classify_sentence_utterance_types'; CURRENT SPEAKER: grok-4_mas_rag, DIALOGUE TURN NUM = 23.
[2025-10-16 11:51:19,137] [INFO] 'UtteranceClassificationAgent' completion returned and validated from MODEL = 'ModelName.GROK_4'.
[2025-10-16 11:51:19,807] [INFO] 'UtteranceClassificationAgent' completion returned and validated from MODEL = 'ModelName.GROK_4'.
[2025-10-16 11:51:23,688] [INFO] 'UtteranceClassificationAgent' completion returned and validated from MODEL = 'ModelName.GROK_4'.
[2025-10-16 11:51:27,174] [INFO] 'UtteranceClassificationAgent' completion returned and validated from MODEL = 'ModelName.GROK_4'.
[2025-10-16 11:51:28,058] [INFO] 'UtteranceClassificationAgent' completion returned and validated from MODEL = 'ModelName.GROK_4'.
[2025-10-16 11:51:28,058] [INFO] EXIT: 'UtteranceClassificationAgent' calling '_classify_sentence_utterance_types' (12.973649978637695 secs).
[2025-10-16 11:51:28,058] [INFO] ENTER: 'UtteranceClassificationAgent' calling 'return_classified_sentences'; CURRENT SPEAKER: grok-4_mas_rag, DIALOGUE TURN NUM = 23.
[2025-10-16 11:51:28,058] [INFO] EXIT: 'UtteranceClassificationAgent' calling 'return_classified_sentences' (2.1457672119140625e-06 secs).
[2025-10-16 11:51:28,080] [INFO] ENTER: 'GraphRAG' calling 'since'; CURRENT SPEAKER: grok-4_mas_rag, DIALOGUE TURN NUM = 23.
[2025-10-16 11:51:28,080] [INFO] ENTER: 'GraphRAG' calling 'query_graph'; CURRENT SPEAKER: grok-4_mas_rag, DIALOGUE TURN NUM = 23.
[2025-10-16 11:51:28,104] [INFO] EXIT: 'GraphRAG' calling 'query_graph' (0.023766279220581055 secs).
[2025-10-16 11:51:28,104] [INFO] EXIT: 'GraphRAG' calling 'since' (0.02413153648376465 secs).
[2025-10-16 11:51:28,104] [INFO] ENTER: 'GraphRAG' calling 'claim'; CURRENT SPEAKER: grok-4_mas_rag, DIALOGUE TURN NUM = 23.
[2025-10-16 11:51:28,104] [INFO] ENTER: 'GraphRAG' calling 'query_graph'; CURRENT SPEAKER: grok-4_mas_rag, DIALOGUE TURN NUM = 23.
[2025-10-16 11:51:28,122] [INFO] EXIT: 'GraphRAG' calling 'query_graph' (0.0179440975189209 secs).
[2025-10-16 11:51:28,123] [INFO] EXIT: 'GraphRAG' calling 'claim' (0.01829385757446289 secs).
[2025-10-16 11:51:28,140] [INFO] ENTER: 'GraphRAG' calling 'why'; CURRENT SPEAKER: grok-4_mas_rag, DIALOGUE TURN NUM = 23.
[2025-10-16 11:51:28,140] [INFO] ENTER: 'GraphRAG' calling 'query_graph'; CURRENT SPEAKER: grok-4_mas_rag, DIALOGUE TURN NUM = 23.
[2025-10-16 11:51:28,862] [INFO] EXIT: 'GraphRAG' calling 'query_graph' (0.7222974300384521 secs).
[2025-10-16 11:51:28,863] [INFO] EXIT: 'GraphRAG' calling 'why' (0.7226858139038086 secs).
[2025-10-16 11:51:28,863] [INFO] ENTER: 'GraphRAG' calling 'concede'; CURRENT SPEAKER: grok-4_mas_rag, DIALOGUE TURN NUM = 23.
[2025-10-16 11:51:28,863] [INFO] ENTER: 'GraphRAG' calling 'query_graph'; CURRENT SPEAKER: grok-4_mas_rag, DIALOGUE TURN NUM = 23.
[2025-10-16 11:51:29,541] [INFO] EXIT: 'GraphRAG' calling 'query_graph' (0.67771315574646 secs).
[2025-10-16 11:51:29,541] [INFO] EXIT: 'GraphRAG' calling 'concede' (0.6784799098968506 secs).
[2025-10-16 11:51:29,541] [INFO] ENTER: 'GraphRAG' calling 'question'; CURRENT SPEAKER: grok-4_mas_rag, DIALOGUE TURN NUM = 23.
[2025-10-16 11:51:29,541] [INFO] ENTER: 'GraphRAG' calling 'query_graph'; CURRENT SPEAKER: grok-4_mas_rag, DIALOGUE TURN NUM = 23.
[2025-10-16 11:51:30,205] [INFO] EXIT: 'GraphRAG' calling 'query_graph' (0.6632294654846191 secs).
[2025-10-16 11:51:30,205] [INFO] EXIT: 'GraphRAG' calling 'question' (0.6636455059051514 secs).
[2025-10-16 11:51:30,222] [INFO] ENTER: 'GraphRAG' calling 'why'; CURRENT SPEAKER: grok-4_mas_rag, DIALOGUE TURN NUM = 23.
[2025-10-16 11:51:30,222] [INFO] ENTER: 'GraphRAG' calling 'query_graph'; CURRENT SPEAKER: grok-4_mas_rag, DIALOGUE TURN NUM = 23.
[2025-10-16 11:51:30,900] [INFO] EXIT: 'GraphRAG' calling 'query_graph' (0.6770851612091064 secs).
[2025-10-16 11:51:30,900] [INFO] EXIT: 'GraphRAG' calling 'why' (0.6775047779083252 secs).
[2025-10-16 11:51:30,900] [INFO] ENTER: 'GraphRAG' calling 'claim_negation'; CURRENT SPEAKER: grok-4_mas_rag, DIALOGUE TURN NUM = 23.
[2025-10-16 11:51:30,900] [INFO] ENTER: 'GraphRAG' calling 'query_graph'; CURRENT SPEAKER: grok-4_mas_rag, DIALOGUE TURN NUM = 23.
[2025-10-16 11:51:31,547] [INFO] EXIT: 'GraphRAG' calling 'query_graph' (0.6466784477233887 secs).
[2025-10-16 11:51:31,547] [INFO] EXIT: 'GraphRAG' calling 'claim_negation' (0.6470687389373779 secs).
[2025-10-16 11:51:31,547] [INFO] ENTER: 'GraphRAG' calling 'concede'; CURRENT SPEAKER: grok-4_mas_rag, DIALOGUE TURN NUM = 23.
[2025-10-16 11:51:31,547] [INFO] ENTER: 'GraphRAG' calling 'query_graph'; CURRENT SPEAKER: grok-4_mas_rag, DIALOGUE TURN NUM = 23.
[2025-10-16 11:51:32,224] [INFO] EXIT: 'GraphRAG' calling 'query_graph' (0.6769824028015137 secs).
[2025-10-16 11:51:32,224] [INFO] EXIT: 'GraphRAG' calling 'concede' (0.6773655414581299 secs).
[2025-10-16 11:51:32,224] [INFO] ENTER: 'GraphRAG' calling 'question'; CURRENT SPEAKER: grok-4_mas_rag, DIALOGUE TURN NUM = 23.
[2025-10-16 11:51:32,224] [INFO] ENTER: 'GraphRAG' calling 'query_graph'; CURRENT SPEAKER: grok-4_mas_rag, DIALOGUE TURN NUM = 23.
[2025-10-16 11:51:32,352] [INFO] EXIT: 'GraphRAG' calling 'query_graph' (0.12708330154418945 secs).
[2025-10-16 11:51:32,352] [INFO] EXIT: 'GraphRAG' calling 'question' (0.12750029563903809 secs).
[2025-10-16 11:51:32,369] [INFO] ENTER: 'GraphRAG' calling 'why'; CURRENT SPEAKER: grok-4_mas_rag, DIALOGUE TURN NUM = 23.
[2025-10-16 11:51:32,370] [INFO] ENTER: 'GraphRAG' calling 'query_graph'; CURRENT SPEAKER: grok-4_mas_rag, DIALOGUE TURN NUM = 23.
[2025-10-16 11:51:33,044] [INFO] EXIT: 'GraphRAG' calling 'query_graph' (0.6749262809753418 secs).
[2025-10-16 11:51:33,045] [INFO] EXIT: 'GraphRAG' calling 'why' (0.6753299236297607 secs).
[2025-10-16 11:51:33,045] [INFO] ENTER: 'GraphRAG' calling 'claim_negation'; CURRENT SPEAKER: grok-4_mas_rag, DIALOGUE TURN NUM = 23.
[2025-10-16 11:51:33,045] [INFO] ENTER: 'GraphRAG' calling 'query_graph'; CURRENT SPEAKER: grok-4_mas_rag, DIALOGUE TURN NUM = 23.
[2025-10-16 11:51:33,692] [INFO] EXIT: 'GraphRAG' calling 'query_graph' (0.6471199989318848 secs).
[2025-10-16 11:51:33,692] [INFO] EXIT: 'GraphRAG' calling 'claim_negation' (0.6475272178649902 secs).
[2025-10-16 11:51:33,692] [INFO] ENTER: 'GraphRAG' calling 'concede'; CURRENT SPEAKER: grok-4_mas_rag, DIALOGUE TURN NUM = 23.
[2025-10-16 11:51:33,692] [INFO] ENTER: 'GraphRAG' calling 'query_graph'; CURRENT SPEAKER: grok-4_mas_rag, DIALOGUE TURN NUM = 23.
[2025-10-16 11:51:34,369] [INFO] EXIT: 'GraphRAG' calling 'query_graph' (0.6767482757568359 secs).
[2025-10-16 11:51:34,369] [INFO] EXIT: 'GraphRAG' calling 'concede' (0.6771695613861084 secs).
[2025-10-16 11:51:34,369] [INFO] ENTER: 'GraphRAG' calling 'question'; CURRENT SPEAKER: grok-4_mas_rag, DIALOGUE TURN NUM = 23.
[2025-10-16 11:51:34,370] [INFO] ENTER: 'GraphRAG' calling 'query_graph'; CURRENT SPEAKER: grok-4_mas_rag, DIALOGUE TURN NUM = 23.
[2025-10-16 11:51:34,495] [INFO] EXIT: 'GraphRAG' calling 'query_graph' (0.12571406364440918 secs).
[2025-10-16 11:51:34,496] [INFO] EXIT: 'GraphRAG' calling 'question' (0.1260969638824463 secs).
[2025-10-16 11:51:34,514] [INFO] ENTER: 'GraphRAG' calling 'why'; CURRENT SPEAKER: grok-4_mas_rag, DIALOGUE TURN NUM = 23.
[2025-10-16 11:51:34,514] [INFO] ENTER: 'GraphRAG' calling 'query_graph'; CURRENT SPEAKER: grok-4_mas_rag, DIALOGUE TURN NUM = 23.
[2025-10-16 11:51:35,187] [INFO] EXIT: 'GraphRAG' calling 'query_graph' (0.673567533493042 secs).
[2025-10-16 11:51:35,188] [INFO] EXIT: 'GraphRAG' calling 'why' (0.6739382743835449 secs).
[2025-10-16 11:51:35,188] [INFO] ENTER: 'GraphRAG' calling 'claim_negation'; CURRENT SPEAKER: grok-4_mas_rag, DIALOGUE TURN NUM = 23.
[2025-10-16 11:51:35,188] [INFO] ENTER: 'GraphRAG' calling 'query_graph'; CURRENT SPEAKER: grok-4_mas_rag, DIALOGUE TURN NUM = 23.
[2025-10-16 11:51:35,835] [INFO] EXIT: 'GraphRAG' calling 'query_graph' (0.6466927528381348 secs).
[2025-10-16 11:51:35,835] [INFO] EXIT: 'GraphRAG' calling 'claim_negation' (0.6470761299133301 secs).
[2025-10-16 11:51:35,835] [INFO] ENTER: 'GraphRAG' calling 'concede'; CURRENT SPEAKER: grok-4_mas_rag, DIALOGUE TURN NUM = 23.
[2025-10-16 11:51:35,835] [INFO] ENTER: 'GraphRAG' calling 'query_graph'; CURRENT SPEAKER: grok-4_mas_rag, DIALOGUE TURN NUM = 23.
[2025-10-16 11:51:36,515] [INFO] EXIT: 'GraphRAG' calling 'query_graph' (0.679877758026123 secs).
[2025-10-16 11:51:36,515] [INFO] EXIT: 'GraphRAG' calling 'concede' (0.6802594661712646 secs).
[2025-10-16 11:51:36,515] [INFO] ENTER: 'GraphRAG' calling 'question'; CURRENT SPEAKER: grok-4_mas_rag, DIALOGUE TURN NUM = 23.
[2025-10-16 11:51:36,515] [INFO] ENTER: 'GraphRAG' calling 'query_graph'; CURRENT SPEAKER: grok-4_mas_rag, DIALOGUE TURN NUM = 23.
[2025-10-16 11:51:36,640] [INFO] EXIT: 'GraphRAG' calling 'query_graph' (0.12442588806152344 secs).
[2025-10-16 11:51:36,640] [INFO] EXIT: 'GraphRAG' calling 'question' (0.12483835220336914 secs).
[2025-10-16 11:51:36,640] [INFO] ENTER: 'GraphRAG' calling 'return_rag_examples'; CURRENT SPEAKER: grok-4_mas_rag, DIALOGUE TURN NUM = 23.
[2025-10-16 11:51:36,640] [INFO] EXIT: 'GraphRAG' calling 'return_rag_examples' (1.9073486328125e-06 secs).
[2025-10-16 11:51:36,642] [INFO] ENTER: 'DialogueMoveGenerator' calling 'generate'; CURRENT SPEAKER: grok-4_mas_rag, DIALOGUE TURN NUM = 23.
[2025-10-16 11:51:36,643] [INFO] ENTER: 'MASPromptGenerator' calling 'claim'; CURRENT SPEAKER: grok-4_mas_rag, DIALOGUE TURN NUM = 23.
[2025-10-16 11:51:36,643] [INFO] EXIT: 'MASPromptGenerator' calling 'claim' (6.222724914550781e-05 secs).
[2025-10-16 11:51:36,644] [INFO] ENTER: 'DialogueMoveGenerator' calling 'generate'; CURRENT SPEAKER: grok-4_mas_rag, DIALOGUE TURN NUM = 23.
[2025-10-16 11:51:36,644] [INFO] ENTER: 'MASPromptGenerator' calling 'claim_negation'; CURRENT SPEAKER: grok-4_mas_rag, DIALOGUE TURN NUM = 23.
[2025-10-16 11:51:36,644] [INFO] EXIT: 'MASPromptGenerator' calling 'claim_negation' (6.29425048828125e-05 secs).
[2025-10-16 11:51:36,645] [INFO] ENTER: 'DialogueMoveGenerator' calling 'generate'; CURRENT SPEAKER: grok-4_mas_rag, DIALOGUE TURN NUM = 23.
[2025-10-16 11:51:36,645] [INFO] ENTER: 'MASPromptGenerator' calling 'concede_claim'; CURRENT SPEAKER: grok-4_mas_rag, DIALOGUE TURN NUM = 23.
[2025-10-16 11:51:36,645] [INFO] EXIT: 'MASPromptGenerator' calling 'concede_claim' (6.008148193359375e-05 secs).
[2025-10-16 11:51:36,646] [INFO] ENTER: 'DialogueMoveGenerator' calling 'generate'; CURRENT SPEAKER: grok-4_mas_rag, DIALOGUE TURN NUM = 23.
[2025-10-16 11:51:36,647] [INFO] ENTER: 'MASPromptGenerator' calling 'question_claim'; CURRENT SPEAKER: grok-4_mas_rag, DIALOGUE TURN NUM = 23.
[2025-10-16 11:51:36,647] [INFO] EXIT: 'MASPromptGenerator' calling 'question_claim' (6.4849853515625e-05 secs).
[2025-10-16 11:51:36,647] [INFO] ENTER: 'DialogueMoveGenerator' calling 'generate'; CURRENT SPEAKER: grok-4_mas_rag, DIALOGUE TURN NUM = 23.
[2025-10-16 11:51:36,647] [INFO] ENTER: 'MASPromptGenerator' calling 'retract_claim'; CURRENT SPEAKER: grok-4_mas_rag, DIALOGUE TURN NUM = 23.
[2025-10-16 11:51:36,648] [INFO] EXIT: 'MASPromptGenerator' calling 'retract_claim' (3.457069396972656e-05 secs).
[2025-10-16 11:51:36,648] [INFO] ENTER: 'DialogueMoveGenerator' calling 'generate'; CURRENT SPEAKER: grok-4_mas_rag, DIALOGUE TURN NUM = 23.
[2025-10-16 11:51:36,648] [INFO] ENTER: 'MASPromptGenerator' calling 'since_claim'; CURRENT SPEAKER: grok-4_mas_rag, DIALOGUE TURN NUM = 23.
[2025-10-16 11:51:36,648] [INFO] EXIT: 'MASPromptGenerator' calling 'since_claim' (5.459785461425781e-05 secs).
[2025-10-16 11:51:36,649] [INFO] ENTER: 'DialogueMoveGenerator' calling 'generate'; CURRENT SPEAKER: grok-4_mas_rag, DIALOGUE TURN NUM = 23.
[2025-10-16 11:51:36,649] [INFO] ENTER: 'MASPromptGenerator' calling 'why_claim'; CURRENT SPEAKER: grok-4_mas_rag, DIALOGUE TURN NUM = 23.
[2025-10-16 11:51:36,649] [INFO] EXIT: 'MASPromptGenerator' calling 'why_claim' (7.605552673339844e-05 secs).
[2025-10-16 11:51:40,081] [INFO] Completion returned and validated from MODEL = 'grok-4'.
[2025-10-16 11:51:40,371] [INFO] Completion returned and validated from MODEL = 'grok-4'.
[2025-10-16 11:51:40,476] [INFO] Completion returned and validated from MODEL = 'grok-4'.
[2025-10-16 11:51:40,491] [INFO] Completion returned and validated from MODEL = 'grok-4'.
[2025-10-16 11:51:40,576] [INFO] Completion returned and validated from MODEL = 'grok-4'.
[2025-10-16 11:51:40,576] [INFO] EXIT: 'DialogueMoveGenerator' calling 'generate' (3.9278564453125 secs).
[2025-10-16 11:51:40,888] [INFO] Completion returned and validated from MODEL = 'grok-4'.
[2025-10-16 11:51:40,888] [INFO] EXIT: 'DialogueMoveGenerator' calling 'generate' (4.2454833984375 secs).
[2025-10-16 11:51:42,400] [INFO] Completion returned and validated from MODEL = 'grok-4'.
[2025-10-16 11:51:42,923] [INFO] Completion returned and validated from MODEL = 'grok-4'.
[2025-10-16 11:51:42,963] [INFO] Completion returned and validated from MODEL = 'grok-4'.
[2025-10-16 11:51:45,190] [INFO] Completion returned and validated from MODEL = 'grok-4'.
[2025-10-16 11:51:45,190] [INFO] EXIT: 'DialogueMoveGenerator' calling 'generate' (8.54618763923645 secs).
[2025-10-16 11:51:45,555] [INFO] Completion returned and validated from MODEL = 'grok-4'.
[2025-10-16 11:51:47,432] [INFO] Completion returned and validated from MODEL = 'grok-4'.
[2025-10-16 11:51:47,432] [INFO] EXIT: 'DialogueMoveGenerator' calling 'generate' (10.78339672088623 secs).
[2025-10-16 11:51:48,877] [INFO] Completion returned and validated from MODEL = 'grok-4'.
[2025-10-16 11:51:50,476] [INFO] Completion returned and validated from MODEL = 'grok-4'.
[2025-10-16 11:51:51,192] [INFO] Completion returned and validated from MODEL = 'grok-4'.
[2025-10-16 11:51:51,192] [INFO] EXIT: 'DialogueMoveGenerator' calling 'generate' (14.544493913650513 secs).
[2025-10-16 11:51:51,696] [INFO] Completion returned and validated from MODEL = 'grok-4'.
[2025-10-16 11:51:52,737] [INFO] Completion returned and validated from MODEL = 'grok-4'.
[2025-10-16 11:51:52,737] [INFO] EXIT: 'DialogueMoveGenerator' calling 'generate' (16.091988801956177 secs).
[2025-10-16 11:51:53,813] [INFO] Completion returned and validated from MODEL = 'grok-4'.
[2025-10-16 11:51:53,813] [INFO] EXIT: 'DialogueMoveGenerator' calling 'generate' (17.166377782821655 secs).
[2025-10-16 11:51:53,814] [INFO] ENTER: 'MASPromptGenerator' calling 'persuasiveness_choice'; CURRENT SPEAKER: grok-4_mas_rag, DIALOGUE TURN NUM = 23.
[2025-10-16 11:51:53,814] [INFO] EXIT: 'MASPromptGenerator' calling 'persuasiveness_choice' (0.00020837783813476562 secs).
[2025-10-16 11:51:56,491] [INFO] Completion returned and validated within 'PersuasivenessChoiceAgent'; MODEL = 'grok-4'; DIALOGUE TURN NUM = 23.
[2025-10-16 11:51:58,597] [INFO] Completion returned and validated within 'PersuasivenessChoiceAgent'; MODEL = 'grok-4'; DIALOGUE TURN NUM = 23.
[2025-10-16 11:52:01,144] [INFO] Completion returned and validated within 'PersuasivenessChoiceAgent'; MODEL = 'grok-4'; DIALOGUE TURN NUM = 23.
[2025-10-16 11:52:03,575] [INFO] Completion returned and validated within 'PersuasivenessChoiceAgent'; MODEL = 'grok-4'; DIALOGUE TURN NUM = 23.
[2025-10-16 11:52:06,377] [INFO] Completion returned and validated within 'PersuasivenessChoiceAgent'; MODEL = 'grok-4'; DIALOGUE TURN NUM = 23.
[2025-10-16 11:52:06,377] [INFO] ENTER: 'DisambiguationAgent' calling '_grouping_similar_utterance_types'; CURRENT SPEAKER: grok-4_mas_rag, DIALOGUE TURN NUM = 23.
[2025-10-16 11:52:06,377] [INFO] EXIT: 'DisambiguationAgent' calling '_grouping_similar_utterance_types' (1.239776611328125e-05 secs).
[2025-10-16 11:52:06,377] [INFO] ENTER: 'DisambiguationAgent' calling '_identifying_similar_sentences_and_choosing_one_to_return_to_user'; CURRENT SPEAKER: grok-4_mas_rag, DIALOGUE TURN NUM = 23.
[2025-10-16 11:52:24,122] [INFO] 'DisambiguationAgent' grouped similar sentences, completion returned and validated; MODEL = 'grok-4'.
[2025-10-16 11:52:24,927] [INFO] 'DisambiguationAgent' chose sentences to remove, completion returned and validated from MODEL = 'grok-4'.
[2025-10-16 11:52:25,793] [INFO] 'DisambiguationAgent' chose sentences to remove, completion returned and validated from MODEL = 'grok-4'.
[2025-10-16 11:52:25,793] [INFO] EXIT: 'DisambiguationAgent' calling '_identifying_similar_sentences_and_choosing_one_to_return_to_user' (19.415388822555542 secs).
[2025-10-16 11:52:25,793] [INFO] ENTER: 'DisambiguationAgent' calling '_identifying_similar_sentences_and_choosing_one_to_return_to_user'; CURRENT SPEAKER: grok-4_mas_rag, DIALOGUE TURN NUM = 23.
[2025-10-16 11:52:29,790] [INFO] 'DisambiguationAgent' grouped similar sentences, completion returned and validated; MODEL = 'grok-4'.
[2025-10-16 11:52:30,646] [INFO] 'DisambiguationAgent' chose sentences to remove, completion returned and validated from MODEL = 'grok-4'.
[2025-10-16 11:52:31,497] [INFO] 'DisambiguationAgent' chose sentences to remove, completion returned and validated from MODEL = 'grok-4'.
[2025-10-16 11:52:32,403] [INFO] 'DisambiguationAgent' chose sentences to remove, completion returned and validated from MODEL = 'grok-4'.
[2025-10-16 11:52:33,550] [INFO] 'DisambiguationAgent' chose sentences to remove, completion returned and validated from MODEL = 'grok-4'.
[2025-10-16 11:52:33,550] [INFO] EXIT: 'DisambiguationAgent' calling '_identifying_similar_sentences_and_choosing_one_to_return_to_user' (7.756679534912109 secs).
[2025-10-16 11:52:33,550] [INFO] ENTER: 'DisambiguationAgent' calling '_removing_repetitive_sentences'; CURRENT SPEAKER: grok-4_mas_rag, DIALOGUE TURN NUM = 23.
[2025-10-16 11:52:33,550] [INFO] EXIT: 'DisambiguationAgent' calling '_removing_repetitive_sentences' (1.8358230590820312e-05 secs).
[2025-10-16 11:52:33,550] [INFO] ENTER: 'DisambiguationAgent' calling '_choose_the_most_persuasive_sentences'; CURRENT SPEAKER: grok-4_mas_rag, DIALOGUE TURN NUM = 23.
[2025-10-16 11:52:36,012] [INFO] 'DisambiguationAgent': reached maximum allowed sentences, succussfully chose most persuasive sentences, completion returned and validated from MODEL = 'grok-4'.
[2025-10-16 11:52:36,013] [INFO] EXIT: 'DisambiguationAgent' calling '_choose_the_most_persuasive_sentences' (2.4628052711486816 secs).
[2025-10-16 11:52:36,013] [INFO] ENTER: 'DisambiguationAgent' calling 'return_disambiguated_sentences'; CURRENT SPEAKER: grok-4_mas_rag, DIALOGUE TURN NUM = 23.
[2025-10-16 11:52:36,013] [INFO] EXIT: 'DisambiguationAgent' calling 'return_disambiguated_sentences' (2.6226043701171875e-06 secs).
[2025-10-16 11:52:36,013] [ERROR] Wrong state used; State of type HumanState; error message: dict has unexpected extra key(s): "graph_rag_examples", "intermediate_generations", "knowledge_base_ensemble_or_model_name", "model_seed", "model_temp", "model_top_p", "number_of_graph_rag_examples", "number_of_vector_based_rag_examples", "political_position_prob_of_na", "political_position_range", "political_position_std", "speaker_model_name", "speaker_type", "vector_based_persona_string", "vector_based_persona_sys_prompt"
[2025-10-16 11:52:36,013] [INFO] Correct state used; State of type GenerationAgentsState; 'IGNORE THE ABOVE ERRORS'.
[2025-10-16 11:52:36,584] [INFO] 'commitment_update' completed '___Claim___' update for current speaker's commitments; MODEL = 'grok-4'.
[2025-10-16 11:52:37,207] [INFO] 'commitment_update' completed '___Claim___' update for current speaker's commitments; MODEL = 'grok-4'.
[2025-10-16 11:52:37,372] [ERROR] Wrong state used; State of type HumanState; error message: dict has unexpected extra key(s): "graph_rag_examples", "intermediate_generations", "knowledge_base_ensemble_or_model_name", "model_seed", "model_temp", "model_top_p", "number_of_graph_rag_examples", "number_of_vector_based_rag_examples", "political_position_prob_of_na", "political_position_range", "political_position_std", "speaker_model_name", "speaker_type", "vector_based_persona_string", "vector_based_persona_sys_prompt"
[2025-10-16 11:52:37,372] [INFO] Correct state used; State of type GenerationAgentsState; 'IGNORE THE ABOVE ERRORS'.
[2025-10-16 11:52:37,372] [INFO] ENTER: 'UtteranceClassificationAgent' calling '_classify_sentence_utterance_types'; CURRENT SPEAKER: grok-4_mas, DIALOGUE TURN NUM = 24.
[2025-10-16 11:52:37,941] [INFO] 'UtteranceClassificationAgent' completion returned and validated from MODEL = 'ModelName.GROK_4'.
[2025-10-16 11:52:38,897] [INFO] 'UtteranceClassificationAgent' completion returned and validated from MODEL = 'ModelName.GROK_4'.
[2025-10-16 11:52:39,442] [INFO] 'UtteranceClassificationAgent' completion returned and validated from MODEL = 'ModelName.GROK_4'.
[2025-10-16 11:52:40,338] [INFO] 'UtteranceClassificationAgent' completion returned and validated from MODEL = 'ModelName.GROK_4'.
[2025-10-16 11:52:41,229] [INFO] 'UtteranceClassificationAgent' completion returned and validated from MODEL = 'ModelName.GROK_4'.
[2025-10-16 11:52:41,229] [INFO] EXIT: 'UtteranceClassificationAgent' calling '_classify_sentence_utterance_types' (3.856130838394165 secs).
[2025-10-16 11:52:41,229] [INFO] ENTER: 'UtteranceClassificationAgent' calling 'return_classified_sentences'; CURRENT SPEAKER: grok-4_mas, DIALOGUE TURN NUM = 24.
[2025-10-16 11:52:41,229] [INFO] EXIT: 'UtteranceClassificationAgent' calling 'return_classified_sentences' (1.6689300537109375e-06 secs).
[2025-10-16 11:52:41,233] [INFO] ENTER: 'DialogueMoveGenerator' calling 'generate'; CURRENT SPEAKER: grok-4_mas, DIALOGUE TURN NUM = 24.
[2025-10-16 11:52:41,234] [INFO] ENTER: 'MASPromptGenerator' calling 'claim'; CURRENT SPEAKER: grok-4_mas, DIALOGUE TURN NUM = 24.
[2025-10-16 11:52:41,234] [INFO] EXIT: 'MASPromptGenerator' calling 'claim' (5.3882598876953125e-05 secs).
[2025-10-16 11:52:41,234] [INFO] ENTER: 'DialogueMoveGenerator' calling 'generate'; CURRENT SPEAKER: grok-4_mas, DIALOGUE TURN NUM = 24.
[2025-10-16 11:52:41,234] [INFO] ENTER: 'MASPromptGenerator' calling 'claim_negation'; CURRENT SPEAKER: grok-4_mas, DIALOGUE TURN NUM = 24.
[2025-10-16 11:52:41,234] [INFO] EXIT: 'MASPromptGenerator' calling 'claim_negation' (3.457069396972656e-05 secs).
[2025-10-16 11:52:41,235] [INFO] ENTER: 'DialogueMoveGenerator' calling 'generate'; CURRENT SPEAKER: grok-4_mas, DIALOGUE TURN NUM = 24.
[2025-10-16 11:52:41,235] [INFO] ENTER: 'MASPromptGenerator' calling 'concede_claim'; CURRENT SPEAKER: grok-4_mas, DIALOGUE TURN NUM = 24.
[2025-10-16 11:52:41,235] [INFO] EXIT: 'MASPromptGenerator' calling 'concede_claim' (5.14984130859375e-05 secs).
[2025-10-16 11:52:41,236] [INFO] ENTER: 'DialogueMoveGenerator' calling 'generate'; CURRENT SPEAKER: grok-4_mas, DIALOGUE TURN NUM = 24.
[2025-10-16 11:52:41,236] [INFO] ENTER: 'MASPromptGenerator' calling 'question_claim'; CURRENT SPEAKER: grok-4_mas, DIALOGUE TURN NUM = 24.
[2025-10-16 11:52:41,236] [INFO] EXIT: 'MASPromptGenerator' calling 'question_claim' (3.814697265625e-05 secs).
[2025-10-16 11:52:41,237] [INFO] ENTER: 'DialogueMoveGenerator' calling 'generate'; CURRENT SPEAKER: grok-4_mas, DIALOGUE TURN NUM = 24.
[2025-10-16 11:52:41,237] [INFO] ENTER: 'MASPromptGenerator' calling 'retract_claim'; CURRENT SPEAKER: grok-4_mas, DIALOGUE TURN NUM = 24.
[2025-10-16 11:52:41,237] [INFO] EXIT: 'MASPromptGenerator' calling 'retract_claim' (4.673004150390625e-05 secs).
[2025-10-16 11:52:41,237] [INFO] ENTER: 'DialogueMoveGenerator' calling 'generate'; CURRENT SPEAKER: grok-4_mas, DIALOGUE TURN NUM = 24.
[2025-10-16 11:52:41,239] [INFO] ENTER: 'MASPromptGenerator' calling 'since_claim'; CURRENT SPEAKER: grok-4_mas, DIALOGUE TURN NUM = 24.
[2025-10-16 11:52:41,239] [INFO] EXIT: 'MASPromptGenerator' calling 'since_claim' (4.076957702636719e-05 secs).
[2025-10-16 11:52:41,239] [INFO] ENTER: 'DialogueMoveGenerator' calling 'generate'; CURRENT SPEAKER: grok-4_mas, DIALOGUE TURN NUM = 24.
[2025-10-16 11:52:41,239] [INFO] ENTER: 'MASPromptGenerator' calling 'why_claim'; CURRENT SPEAKER: grok-4_mas, DIALOGUE TURN NUM = 24.
[2025-10-16 11:52:41,239] [INFO] EXIT: 'MASPromptGenerator' calling 'why_claim' (4.410743713378906e-05 secs).
[2025-10-16 11:52:43,921] [INFO] Completion returned and validated from MODEL = 'grok-4'.
[2025-10-16 11:52:44,014] [INFO] Completion returned and validated from MODEL = 'grok-4'.
[2025-10-16 11:52:44,103] [INFO] Completion returned and validated from MODEL = 'grok-4'.
[2025-10-16 11:52:44,276] [INFO] Completion returned and validated from MODEL = 'grok-4'.
[2025-10-16 11:52:44,278] [INFO] Completion returned and validated from MODEL = 'grok-4'.
[2025-10-16 11:52:44,468] [INFO] Completion returned and validated from MODEL = 'grok-4'.
[2025-10-16 11:52:44,542] [INFO] Completion returned and validated from MODEL = 'grok-4'.
[2025-10-16 11:52:46,671] [INFO] Completion returned and validated from MODEL = 'grok-4'.
[2025-10-16 11:52:46,671] [INFO] EXIT: 'DialogueMoveGenerator' calling 'generate' (5.43569016456604 secs).
[2025-10-16 11:52:46,765] [INFO] Completion returned and validated from MODEL = 'grok-4'.
[2025-10-16 11:52:46,765] [INFO] EXIT: 'DialogueMoveGenerator' calling 'generate' (5.5292580127716064 secs).
[2025-10-16 11:52:46,930] [INFO] Completion returned and validated from MODEL = 'grok-4'.
[2025-10-16 11:52:46,970] [INFO] Completion returned and validated from MODEL = 'grok-4'.
[2025-10-16 11:52:47,133] [INFO] Completion returned and validated from MODEL = 'grok-4'.
[2025-10-16 11:52:47,133] [INFO] EXIT: 'DialogueMoveGenerator' calling 'generate' (5.894011974334717 secs).
[2025-10-16 11:52:47,282] [INFO] Completion returned and validated from MODEL = 'grok-4'.
[2025-10-16 11:52:47,282] [INFO] EXIT: 'DialogueMoveGenerator' calling 'generate' (6.047353982925415 secs).
[2025-10-16 11:52:47,363] [INFO] Completion returned and validated from MODEL = 'grok-4'.
[2025-10-16 11:52:48,935] [INFO] Completion returned and validated from MODEL = 'grok-4'.
[2025-10-16 11:52:48,935] [INFO] EXIT: 'DialogueMoveGenerator' calling 'generate' (7.696208238601685 secs).
[2025-10-16 11:52:49,096] [INFO] Completion returned and validated from MODEL = 'grok-4'.
[2025-10-16 11:52:49,096] [INFO] EXIT: 'DialogueMoveGenerator' calling 'generate' (7.8594419956207275 secs).
[2025-10-16 11:52:49,876] [INFO] Completion returned and validated from MODEL = 'grok-4'.
[2025-10-16 11:52:49,876] [INFO] EXIT: 'DialogueMoveGenerator' calling 'generate' (8.642086267471313 secs).
[2025-10-16 11:52:49,877] [INFO] ENTER: 'MASPromptGenerator' calling 'persuasiveness_choice'; CURRENT SPEAKER: grok-4_mas, DIALOGUE TURN NUM = 24.
[2025-10-16 11:52:49,877] [INFO] EXIT: 'MASPromptGenerator' calling 'persuasiveness_choice' (0.0002048015594482422 secs).
[2025-10-16 11:52:52,474] [INFO] Completion returned and validated within 'PersuasivenessChoiceAgent'; MODEL = 'grok-4'; DIALOGUE TURN NUM = 24.
[2025-10-16 11:52:57,185] [INFO] Completion returned and validated within 'PersuasivenessChoiceAgent'; MODEL = 'grok-4'; DIALOGUE TURN NUM = 24.
[2025-10-16 11:52:59,834] [INFO] Completion returned and validated within 'PersuasivenessChoiceAgent'; MODEL = 'grok-4'; DIALOGUE TURN NUM = 24.
[2025-10-16 11:53:03,770] [INFO] Completion returned and validated within 'PersuasivenessChoiceAgent'; MODEL = 'grok-4'; DIALOGUE TURN NUM = 24.
[2025-10-16 11:53:06,866] [INFO] Completion returned and validated within 'PersuasivenessChoiceAgent'; MODEL = 'grok-4'; DIALOGUE TURN NUM = 24.
[2025-10-16 11:53:06,866] [INFO] ENTER: 'DisambiguationAgent' calling '_grouping_similar_utterance_types'; CURRENT SPEAKER: grok-4_mas, DIALOGUE TURN NUM = 24.
[2025-10-16 11:53:06,866] [INFO] EXIT: 'DisambiguationAgent' calling '_grouping_similar_utterance_types' (2.8371810913085938e-05 secs).
[2025-10-16 11:53:06,866] [INFO] ENTER: 'DisambiguationAgent' calling '_identifying_similar_sentences_and_choosing_one_to_return_to_user'; CURRENT SPEAKER: grok-4_mas, DIALOGUE TURN NUM = 24.
[2025-10-16 11:53:46,127] [INFO] 'DisambiguationAgent' grouped similar sentences, completion returned and validated; MODEL = 'grok-4'.
[2025-10-16 11:53:47,207] [INFO] 'DisambiguationAgent' chose sentences to remove, completion returned and validated from MODEL = 'grok-4'.
[2025-10-16 11:53:48,167] [INFO] 'DisambiguationAgent' chose sentences to remove, completion returned and validated from MODEL = 'grok-4'.
[2025-10-16 11:53:49,752] [INFO] 'DisambiguationAgent' chose sentences to remove, completion returned and validated from MODEL = 'grok-4'.
[2025-10-16 11:53:51,556] [INFO] 'DisambiguationAgent' chose sentences to remove, completion returned and validated from MODEL = 'grok-4'.
[2025-10-16 11:53:52,853] [INFO] 'DisambiguationAgent' chose sentences to remove, completion returned and validated from MODEL = 'grok-4'.
[2025-10-16 11:53:53,778] [INFO] 'DisambiguationAgent' chose sentences to remove, completion returned and validated from MODEL = 'grok-4'.
[2025-10-16 11:53:53,779] [INFO] EXIT: 'DisambiguationAgent' calling '_identifying_similar_sentences_and_choosing_one_to_return_to_user' (46.91194415092468 secs).
[2025-10-16 11:53:53,779] [INFO] ENTER: 'DisambiguationAgent' calling '_identifying_similar_sentences_and_choosing_one_to_return_to_user'; CURRENT SPEAKER: grok-4_mas, DIALOGUE TURN NUM = 24.
[2025-10-16 11:53:55,803] [INFO] 'DisambiguationAgent' grouped similar sentences, completion returned and validated; MODEL = 'grok-4'.
[2025-10-16 11:53:57,016] [INFO] 'DisambiguationAgent' chose sentences to remove, completion returned and validated from MODEL = 'grok-4'.
[2025-10-16 11:53:57,016] [INFO] EXIT: 'DisambiguationAgent' calling '_identifying_similar_sentences_and_choosing_one_to_return_to_user' (3.237243890762329 secs).
[2025-10-16 11:53:57,016] [INFO] ENTER: 'DisambiguationAgent' calling '_removing_repetitive_sentences'; CURRENT SPEAKER: grok-4_mas, DIALOGUE TURN NUM = 24.
[2025-10-16 11:53:57,016] [INFO] EXIT: 'DisambiguationAgent' calling '_removing_repetitive_sentences' (1.5735626220703125e-05 secs).
[2025-10-16 11:53:57,016] [INFO] ENTER: 'DisambiguationAgent' calling '_choose_the_most_persuasive_sentences'; CURRENT SPEAKER: grok-4_mas, DIALOGUE TURN NUM = 24.
[2025-10-16 11:53:59,434] [INFO] 'DisambiguationAgent': reached maximum allowed sentences, succussfully chose most persuasive sentences, completion returned and validated from MODEL = 'grok-4'.
[2025-10-16 11:53:59,434] [INFO] EXIT: 'DisambiguationAgent' calling '_choose_the_most_persuasive_sentences' (2.4177074432373047 secs).
[2025-10-16 11:53:59,434] [INFO] ENTER: 'DisambiguationAgent' calling 'return_disambiguated_sentences'; CURRENT SPEAKER: grok-4_mas, DIALOGUE TURN NUM = 24.
[2025-10-16 11:53:59,434] [INFO] EXIT: 'DisambiguationAgent' calling 'return_disambiguated_sentences' (2.86102294921875e-06 secs).
[2025-10-16 11:53:59,434] [ERROR] Wrong state used; State of type HumanState; error message: dict has unexpected extra key(s): "graph_rag_examples", "intermediate_generations", "knowledge_base_ensemble_or_model_name", "model_seed", "model_temp", "model_top_p", "number_of_graph_rag_examples", "number_of_vector_based_rag_examples", "political_position_prob_of_na", "political_position_range", "political_position_std", "speaker_model_name", "speaker_type", "vector_based_persona_string", "vector_based_persona_sys_prompt"
[2025-10-16 11:53:59,434] [INFO] Correct state used; State of type GenerationAgentsState; 'IGNORE THE ABOVE ERRORS'.
[2025-10-16 11:53:59,987] [INFO] 'commitment_update' completed '___Claim___' update for current speaker's commitments; MODEL = 'grok-4'.
[2025-10-16 11:54:00,698] [INFO] 'commitment_update' completed '___Claim___' update for current speaker's commitments; MODEL = 'grok-4'.
[2025-10-16 11:54:01,316] [INFO] 'commitment_update' completed '___Since___' update; MODEL = 'grok-4'.
[2025-10-16 11:54:08,754] [INFO] 'commitment_update' completed '___Since___' update; MODEL = 'grok-4'.
[2025-10-16 11:54:10,425] [INFO] 'commitment_update' completed '___Claim___' update for current speaker's commitments; MODEL = 'grok-4'.
[2025-10-16 11:54:10,510] [ERROR] Wrong state used; State of type HumanState; error message: dict has unexpected extra key(s): "graph_rag_examples", "intermediate_generations", "knowledge_base_ensemble_or_model_name", "model_seed", "model_temp", "model_top_p", "number_of_graph_rag_examples", "number_of_vector_based_rag_examples", "political_position_prob_of_na", "political_position_range", "political_position_std", "speaker_model_name", "speaker_type", "vector_based_persona_string", "vector_based_persona_sys_prompt"
[2025-10-16 11:54:10,510] [INFO] Correct state used; State of type GenerationAgentsState; 'IGNORE THE ABOVE ERRORS'.
[2025-10-16 11:54:10,510] [INFO] ENTER: 'UtteranceClassificationAgent' calling '_classify_sentence_utterance_types'; CURRENT SPEAKER: grok-4_mas_rag, DIALOGUE TURN NUM = 25.
[2025-10-16 11:54:11,603] [INFO] 'UtteranceClassificationAgent' completion returned and validated from MODEL = 'ModelName.GROK_4'.
[2025-10-16 11:54:12,472] [INFO] 'UtteranceClassificationAgent' completion returned and validated from MODEL = 'ModelName.GROK_4'.
[2025-10-16 11:54:14,122] [INFO] 'UtteranceClassificationAgent' completion returned and validated from MODEL = 'ModelName.GROK_4'.
[2025-10-16 11:54:15,221] [INFO] 'UtteranceClassificationAgent' completion returned and validated from MODEL = 'ModelName.GROK_4'.
[2025-10-16 11:54:15,783] [INFO] 'UtteranceClassificationAgent' completion returned and validated from MODEL = 'ModelName.GROK_4'.
[2025-10-16 11:54:16,752] [INFO] 'UtteranceClassificationAgent' completion returned and validated from MODEL = 'ModelName.GROK_4'.
[2025-10-16 11:54:17,780] [INFO] 'UtteranceClassificationAgent' completion returned and validated from MODEL = 'ModelName.GROK_4'.
[2025-10-16 11:54:18,670] [INFO] 'UtteranceClassificationAgent' completion returned and validated from MODEL = 'ModelName.GROK_4'.
[2025-10-16 11:54:20,640] [INFO] 'UtteranceClassificationAgent' completion returned and validated from MODEL = 'ModelName.GROK_4'.
[2025-10-16 11:54:21,206] [INFO] 'UtteranceClassificationAgent' completion returned and validated from MODEL = 'ModelName.GROK_4'.
[2025-10-16 11:54:21,806] [INFO] 'UtteranceClassificationAgent' completion returned and validated from MODEL = 'ModelName.GROK_4'.
[2025-10-16 11:54:22,373] [INFO] 'UtteranceClassificationAgent' completion returned and validated from MODEL = 'ModelName.GROK_4'.
[2025-10-16 11:54:23,022] [INFO] 'UtteranceClassificationAgent' completion returned and validated from MODEL = 'ModelName.GROK_4'.
[2025-10-16 11:54:26,355] [INFO] 'UtteranceClassificationAgent' completion returned and validated from MODEL = 'ModelName.GROK_4'.
[2025-10-16 11:54:26,356] [INFO] EXIT: 'UtteranceClassificationAgent' calling '_classify_sentence_utterance_types' (15.84529995918274 secs).
[2025-10-16 11:54:26,356] [INFO] ENTER: 'UtteranceClassificationAgent' calling 'return_classified_sentences'; CURRENT SPEAKER: grok-4_mas_rag, DIALOGUE TURN NUM = 25.
[2025-10-16 11:54:26,356] [INFO] EXIT: 'UtteranceClassificationAgent' calling 'return_classified_sentences' (2.1457672119140625e-06 secs).
[2025-10-16 11:54:26,380] [INFO] ENTER: 'GraphRAG' calling 'why'; CURRENT SPEAKER: grok-4_mas_rag, DIALOGUE TURN NUM = 25.
[2025-10-16 11:54:26,380] [INFO] ENTER: 'GraphRAG' calling 'query_graph'; CURRENT SPEAKER: grok-4_mas_rag, DIALOGUE TURN NUM = 25.
[2025-10-16 11:54:27,099] [INFO] EXIT: 'GraphRAG' calling 'query_graph' (0.7195980548858643 secs).
[2025-10-16 11:54:27,100] [INFO] EXIT: 'GraphRAG' calling 'why' (0.7199904918670654 secs).
[2025-10-16 11:54:27,100] [INFO] ENTER: 'GraphRAG' calling 'concede'; CURRENT SPEAKER: grok-4_mas_rag, DIALOGUE TURN NUM = 25.
[2025-10-16 11:54:27,100] [INFO] ENTER: 'GraphRAG' calling 'query_graph'; CURRENT SPEAKER: grok-4_mas_rag, DIALOGUE TURN NUM = 25.
[2025-10-16 11:54:27,777] [INFO] EXIT: 'GraphRAG' calling 'query_graph' (0.6770443916320801 secs).
[2025-10-16 11:54:27,777] [INFO] EXIT: 'GraphRAG' calling 'concede' (0.6774013042449951 secs).
[2025-10-16 11:54:27,777] [INFO] ENTER: 'GraphRAG' calling 'question'; CURRENT SPEAKER: grok-4_mas_rag, DIALOGUE TURN NUM = 25.
[2025-10-16 11:54:27,777] [INFO] ENTER: 'GraphRAG' calling 'query_graph'; CURRENT SPEAKER: grok-4_mas_rag, DIALOGUE TURN NUM = 25.
[2025-10-16 11:54:28,435] [INFO] EXIT: 'GraphRAG' calling 'query_graph' (0.6574661731719971 secs).
[2025-10-16 11:54:28,435] [INFO] EXIT: 'GraphRAG' calling 'question' (0.6578805446624756 secs).
[2025-10-16 11:54:28,452] [INFO] ENTER: 'GraphRAG' calling 'why'; CURRENT SPEAKER: grok-4_mas_rag, DIALOGUE TURN NUM = 25.
[2025-10-16 11:54:28,453] [INFO] ENTER: 'GraphRAG' calling 'query_graph'; CURRENT SPEAKER: grok-4_mas_rag, DIALOGUE TURN NUM = 25.
[2025-10-16 11:54:29,130] [INFO] EXIT: 'GraphRAG' calling 'query_graph' (0.6772239208221436 secs).
[2025-10-16 11:54:29,130] [INFO] EXIT: 'GraphRAG' calling 'why' (0.677607536315918 secs).
[2025-10-16 11:54:29,130] [INFO] ENTER: 'GraphRAG' calling 'claim_negation'; CURRENT SPEAKER: grok-4_mas_rag, DIALOGUE TURN NUM = 25.
[2025-10-16 11:54:29,130] [INFO] ENTER: 'GraphRAG' calling 'query_graph'; CURRENT SPEAKER: grok-4_mas_rag, DIALOGUE TURN NUM = 25.
[2025-10-16 11:54:29,779] [INFO] EXIT: 'GraphRAG' calling 'query_graph' (0.6488966941833496 secs).
[2025-10-16 11:54:29,780] [INFO] EXIT: 'GraphRAG' calling 'claim_negation' (0.6493051052093506 secs).
[2025-10-16 11:54:29,780] [INFO] ENTER: 'GraphRAG' calling 'concede'; CURRENT SPEAKER: grok-4_mas_rag, DIALOGUE TURN NUM = 25.
[2025-10-16 11:54:29,780] [INFO] ENTER: 'GraphRAG' calling 'query_graph'; CURRENT SPEAKER: grok-4_mas_rag, DIALOGUE TURN NUM = 25.
[2025-10-16 11:54:30,460] [INFO] EXIT: 'GraphRAG' calling 'query_graph' (0.6806080341339111 secs).
[2025-10-16 11:54:30,461] [INFO] EXIT: 'GraphRAG' calling 'concede' (0.6809799671173096 secs).
[2025-10-16 11:54:30,461] [INFO] ENTER: 'GraphRAG' calling 'question'; CURRENT SPEAKER: grok-4_mas_rag, DIALOGUE TURN NUM = 25.
[2025-10-16 11:54:30,461] [INFO] ENTER: 'GraphRAG' calling 'query_graph'; CURRENT SPEAKER: grok-4_mas_rag, DIALOGUE TURN NUM = 25.
[2025-10-16 11:54:30,586] [INFO] EXIT: 'GraphRAG' calling 'query_graph' (0.12488937377929688 secs).
[2025-10-16 11:54:30,586] [INFO] EXIT: 'GraphRAG' calling 'question' (0.12528204917907715 secs).
[2025-10-16 11:54:30,604] [INFO] ENTER: 'GraphRAG' calling 'why'; CURRENT SPEAKER: grok-4_mas_rag, DIALOGUE TURN NUM = 25.
[2025-10-16 11:54:30,605] [INFO] ENTER: 'GraphRAG' calling 'query_graph'; CURRENT SPEAKER: grok-4_mas_rag, DIALOGUE TURN NUM = 25.
[2025-10-16 11:54:31,279] [INFO] EXIT: 'GraphRAG' calling 'query_graph' (0.6747112274169922 secs).
[2025-10-16 11:54:31,279] [INFO] EXIT: 'GraphRAG' calling 'why' (0.6751346588134766 secs).
[2025-10-16 11:54:31,279] [INFO] ENTER: 'GraphRAG' calling 'claim_negation'; CURRENT SPEAKER: grok-4_mas_rag, DIALOGUE TURN NUM = 25.
[2025-10-16 11:54:31,280] [INFO] ENTER: 'GraphRAG' calling 'query_graph'; CURRENT SPEAKER: grok-4_mas_rag, DIALOGUE TURN NUM = 25.
[2025-10-16 11:54:31,926] [INFO] EXIT: 'GraphRAG' calling 'query_graph' (0.6466982364654541 secs).
[2025-10-16 11:54:31,927] [INFO] EXIT: 'GraphRAG' calling 'claim_negation' (0.6471154689788818 secs).
[2025-10-16 11:54:31,927] [INFO] ENTER: 'GraphRAG' calling 'concede'; CURRENT SPEAKER: grok-4_mas_rag, DIALOGUE TURN NUM = 25.
[2025-10-16 11:54:31,927] [INFO] ENTER: 'GraphRAG' calling 'query_graph'; CURRENT SPEAKER: grok-4_mas_rag, DIALOGUE TURN NUM = 25.
[2025-10-16 11:54:32,606] [INFO] EXIT: 'GraphRAG' calling 'query_graph' (0.6788022518157959 secs).
[2025-10-16 11:54:32,606] [INFO] EXIT: 'GraphRAG' calling 'concede' (0.6791620254516602 secs).
[2025-10-16 11:54:32,606] [INFO] ENTER: 'GraphRAG' calling 'question'; CURRENT SPEAKER: grok-4_mas_rag, DIALOGUE TURN NUM = 25.
[2025-10-16 11:54:32,606] [INFO] ENTER: 'GraphRAG' calling 'query_graph'; CURRENT SPEAKER: grok-4_mas_rag, DIALOGUE TURN NUM = 25.
[2025-10-16 11:54:32,733] [INFO] EXIT: 'GraphRAG' calling 'query_graph' (0.1264955997467041 secs).
[2025-10-16 11:54:32,733] [INFO] EXIT: 'GraphRAG' calling 'question' (0.12687373161315918 secs).
[2025-10-16 11:54:32,772] [INFO] ENTER: 'GraphRAG' calling 'why'; CURRENT SPEAKER: grok-4_mas_rag, DIALOGUE TURN NUM = 25.
[2025-10-16 11:54:32,772] [INFO] ENTER: 'GraphRAG' calling 'query_graph'; CURRENT SPEAKER: grok-4_mas_rag, DIALOGUE TURN NUM = 25.
[2025-10-16 11:54:33,493] [INFO] EXIT: 'GraphRAG' calling 'query_graph' (0.7211847305297852 secs).
[2025-10-16 11:54:33,493] [INFO] EXIT: 'GraphRAG' calling 'why' (0.7215392589569092 secs).
[2025-10-16 11:54:33,493] [INFO] ENTER: 'GraphRAG' calling 'concede'; CURRENT SPEAKER: grok-4_mas_rag, DIALOGUE TURN NUM = 25.
[2025-10-16 11:54:33,494] [INFO] ENTER: 'GraphRAG' calling 'query_graph'; CURRENT SPEAKER: grok-4_mas_rag, DIALOGUE TURN NUM = 25.
[2025-10-16 11:54:34,172] [INFO] EXIT: 'GraphRAG' calling 'query_graph' (0.6782777309417725 secs).
[2025-10-16 11:54:34,172] [INFO] EXIT: 'GraphRAG' calling 'concede' (0.6787452697753906 secs).
[2025-10-16 11:54:34,172] [INFO] ENTER: 'GraphRAG' calling 'question'; CURRENT SPEAKER: grok-4_mas_rag, DIALOGUE TURN NUM = 25.
[2025-10-16 11:54:34,173] [INFO] ENTER: 'GraphRAG' calling 'query_graph'; CURRENT SPEAKER: grok-4_mas_rag, DIALOGUE TURN NUM = 25.
[2025-10-16 11:54:34,831] [INFO] EXIT: 'GraphRAG' calling 'query_graph' (0.6581242084503174 secs).
[2025-10-16 11:54:34,831] [INFO] EXIT: 'GraphRAG' calling 'question' (0.6585605144500732 secs).
[2025-10-16 11:54:34,849] [INFO] ENTER: 'GraphRAG' calling 'why'; CURRENT SPEAKER: grok-4_mas_rag, DIALOGUE TURN NUM = 25.
[2025-10-16 11:54:34,849] [INFO] ENTER: 'GraphRAG' calling 'query_graph'; CURRENT SPEAKER: grok-4_mas_rag, DIALOGUE TURN NUM = 25.
[2025-10-16 11:54:35,526] [INFO] EXIT: 'GraphRAG' calling 'query_graph' (0.6767685413360596 secs).
[2025-10-16 11:54:35,526] [INFO] EXIT: 'GraphRAG' calling 'why' (0.6771578788757324 secs).
[2025-10-16 11:54:35,526] [INFO] ENTER: 'GraphRAG' calling 'claim_negation'; CURRENT SPEAKER: grok-4_mas_rag, DIALOGUE TURN NUM = 25.
[2025-10-16 11:54:35,526] [INFO] ENTER: 'GraphRAG' calling 'query_graph'; CURRENT SPEAKER: grok-4_mas_rag, DIALOGUE TURN NUM = 25.
[2025-10-16 11:54:36,171] [INFO] EXIT: 'GraphRAG' calling 'query_graph' (0.644315242767334 secs).
[2025-10-16 11:54:36,171] [INFO] EXIT: 'GraphRAG' calling 'claim_negation' (0.6447160243988037 secs).
[2025-10-16 11:54:36,171] [INFO] ENTER: 'GraphRAG' calling 'concede'; CURRENT SPEAKER: grok-4_mas_rag, DIALOGUE TURN NUM = 25.
[2025-10-16 11:54:36,171] [INFO] ENTER: 'GraphRAG' calling 'query_graph'; CURRENT SPEAKER: grok-4_mas_rag, DIALOGUE TURN NUM = 25.
[2025-10-16 11:54:36,848] [INFO] EXIT: 'GraphRAG' calling 'query_graph' (0.6771748065948486 secs).
[2025-10-16 11:54:36,848] [INFO] EXIT: 'GraphRAG' calling 'concede' (0.6776976585388184 secs).
[2025-10-16 11:54:36,848] [INFO] ENTER: 'GraphRAG' calling 'question'; CURRENT SPEAKER: grok-4_mas_rag, DIALOGUE TURN NUM = 25.
[2025-10-16 11:54:36,849] [INFO] ENTER: 'GraphRAG' calling 'query_graph'; CURRENT SPEAKER: grok-4_mas_rag, DIALOGUE TURN NUM = 25.
[2025-10-16 11:54:36,975] [INFO] EXIT: 'GraphRAG' calling 'query_graph' (0.1264183521270752 secs).
[2025-10-16 11:54:36,975] [INFO] EXIT: 'GraphRAG' calling 'question' (0.12685489654541016 secs).
[2025-10-16 11:54:36,994] [INFO] ENTER: 'GraphRAG' calling 'why'; CURRENT SPEAKER: grok-4_mas_rag, DIALOGUE TURN NUM = 25.
[2025-10-16 11:54:36,994] [INFO] ENTER: 'GraphRAG' calling 'query_graph'; CURRENT SPEAKER: grok-4_mas_rag, DIALOGUE TURN NUM = 25.
[2025-10-16 11:54:37,667] [INFO] EXIT: 'GraphRAG' calling 'query_graph' (0.6730670928955078 secs).
[2025-10-16 11:54:37,667] [INFO] EXIT: 'GraphRAG' calling 'why' (0.6734566688537598 secs).
[2025-10-16 11:54:37,667] [INFO] ENTER: 'GraphRAG' calling 'claim_negation'; CURRENT SPEAKER: grok-4_mas_rag, DIALOGUE TURN NUM = 25.
[2025-10-16 11:54:37,668] [INFO] ENTER: 'GraphRAG' calling 'query_graph'; CURRENT SPEAKER: grok-4_mas_rag, DIALOGUE TURN NUM = 25.
[2025-10-16 11:54:38,315] [INFO] EXIT: 'GraphRAG' calling 'query_graph' (0.647118091583252 secs).
[2025-10-16 11:54:38,315] [INFO] EXIT: 'GraphRAG' calling 'claim_negation' (0.6475257873535156 secs).
[2025-10-16 11:54:38,315] [INFO] ENTER: 'GraphRAG' calling 'concede'; CURRENT SPEAKER: grok-4_mas_rag, DIALOGUE TURN NUM = 25.
[2025-10-16 11:54:38,315] [INFO] ENTER: 'GraphRAG' calling 'query_graph'; CURRENT SPEAKER: grok-4_mas_rag, DIALOGUE TURN NUM = 25.
[2025-10-16 11:54:38,991] [INFO] EXIT: 'GraphRAG' calling 'query_graph' (0.6760287284851074 secs).
[2025-10-16 11:54:38,991] [INFO] EXIT: 'GraphRAG' calling 'concede' (0.6764395236968994 secs).
[2025-10-16 11:54:38,991] [INFO] ENTER: 'GraphRAG' calling 'question'; CURRENT SPEAKER: grok-4_mas_rag, DIALOGUE TURN NUM = 25.
[2025-10-16 11:54:38,992] [INFO] ENTER: 'GraphRAG' calling 'query_graph'; CURRENT SPEAKER: grok-4_mas_rag, DIALOGUE TURN NUM = 25.
[2025-10-16 11:54:39,117] [INFO] EXIT: 'GraphRAG' calling 'query_graph' (0.12534379959106445 secs).
[2025-10-16 11:54:39,117] [INFO] EXIT: 'GraphRAG' calling 'question' (0.1257328987121582 secs).
[2025-10-16 11:54:39,136] [INFO] ENTER: 'GraphRAG' calling 'why'; CURRENT SPEAKER: grok-4_mas_rag, DIALOGUE TURN NUM = 25.
[2025-10-16 11:54:39,137] [INFO] ENTER: 'GraphRAG' calling 'query_graph'; CURRENT SPEAKER: grok-4_mas_rag, DIALOGUE TURN NUM = 25.
[2025-10-16 11:54:39,857] [INFO] EXIT: 'GraphRAG' calling 'query_graph' (0.7198245525360107 secs).
[2025-10-16 11:54:39,857] [INFO] EXIT: 'GraphRAG' calling 'why' (0.7202177047729492 secs).
[2025-10-16 11:54:39,857] [INFO] ENTER: 'GraphRAG' calling 'concede'; CURRENT SPEAKER: grok-4_mas_rag, DIALOGUE TURN NUM = 25.
[2025-10-16 11:54:39,857] [INFO] ENTER: 'GraphRAG' calling 'query_graph'; CURRENT SPEAKER: grok-4_mas_rag, DIALOGUE TURN NUM = 25.
[2025-10-16 11:54:40,538] [INFO] EXIT: 'GraphRAG' calling 'query_graph' (0.6806125640869141 secs).
[2025-10-16 11:54:40,538] [INFO] EXIT: 'GraphRAG' calling 'concede' (0.6810097694396973 secs).
[2025-10-16 11:54:40,538] [INFO] ENTER: 'GraphRAG' calling 'question'; CURRENT SPEAKER: grok-4_mas_rag, DIALOGUE TURN NUM = 25.
[2025-10-16 11:54:40,538] [INFO] ENTER: 'GraphRAG' calling 'query_graph'; CURRENT SPEAKER: grok-4_mas_rag, DIALOGUE TURN NUM = 25.
[2025-10-16 11:54:41,205] [INFO] EXIT: 'GraphRAG' calling 'query_graph' (0.6674232482910156 secs).
[2025-10-16 11:54:41,206] [INFO] EXIT: 'GraphRAG' calling 'question' (0.6678433418273926 secs).
[2025-10-16 11:54:41,224] [INFO] ENTER: 'GraphRAG' calling 'why'; CURRENT SPEAKER: grok-4_mas_rag, DIALOGUE TURN NUM = 25.
[2025-10-16 11:54:41,225] [INFO] ENTER: 'GraphRAG' calling 'query_graph'; CURRENT SPEAKER: grok-4_mas_rag, DIALOGUE TURN NUM = 25.
[2025-10-16 11:54:41,901] [INFO] EXIT: 'GraphRAG' calling 'query_graph' (0.6764564514160156 secs).
[2025-10-16 11:54:41,901] [INFO] EXIT: 'GraphRAG' calling 'why' (0.6768596172332764 secs).
[2025-10-16 11:54:41,901] [INFO] ENTER: 'GraphRAG' calling 'claim_negation'; CURRENT SPEAKER: grok-4_mas_rag, DIALOGUE TURN NUM = 25.
[2025-10-16 11:54:41,901] [INFO] ENTER: 'GraphRAG' calling 'query_graph'; CURRENT SPEAKER: grok-4_mas_rag, DIALOGUE TURN NUM = 25.
[2025-10-16 11:54:42,547] [INFO] EXIT: 'GraphRAG' calling 'query_graph' (0.6452279090881348 secs).
[2025-10-16 11:54:42,547] [INFO] EXIT: 'GraphRAG' calling 'claim_negation' (0.6456692218780518 secs).
[2025-10-16 11:54:42,547] [INFO] ENTER: 'GraphRAG' calling 'concede'; CURRENT SPEAKER: grok-4_mas_rag, DIALOGUE TURN NUM = 25.
[2025-10-16 11:54:42,547] [INFO] ENTER: 'GraphRAG' calling 'query_graph'; CURRENT SPEAKER: grok-4_mas_rag, DIALOGUE TURN NUM = 25.
[2025-10-16 11:54:43,224] [INFO] EXIT: 'GraphRAG' calling 'query_graph' (0.6765189170837402 secs).
[2025-10-16 11:54:43,224] [INFO] EXIT: 'GraphRAG' calling 'concede' (0.676931619644165 secs).
[2025-10-16 11:54:43,224] [INFO] ENTER: 'GraphRAG' calling 'question'; CURRENT SPEAKER: grok-4_mas_rag, DIALOGUE TURN NUM = 25.
[2025-10-16 11:54:43,224] [INFO] ENTER: 'GraphRAG' calling 'query_graph'; CURRENT SPEAKER: grok-4_mas_rag, DIALOGUE TURN NUM = 25.
[2025-10-16 11:54:43,349] [INFO] EXIT: 'GraphRAG' calling 'query_graph' (0.1244957447052002 secs).
[2025-10-16 11:54:43,349] [INFO] EXIT: 'GraphRAG' calling 'question' (0.12491178512573242 secs).
[2025-10-16 11:54:43,367] [INFO] ENTER: 'GraphRAG' calling 'why'; CURRENT SPEAKER: grok-4_mas_rag, DIALOGUE TURN NUM = 25.
[2025-10-16 11:54:43,367] [INFO] ENTER: 'GraphRAG' calling 'query_graph'; CURRENT SPEAKER: grok-4_mas_rag, DIALOGUE TURN NUM = 25.
[2025-10-16 11:54:44,044] [INFO] EXIT: 'GraphRAG' calling 'query_graph' (0.677436351776123 secs).
[2025-10-16 11:54:44,045] [INFO] EXIT: 'GraphRAG' calling 'why' (0.6778333187103271 secs).
[2025-10-16 11:54:44,045] [INFO] ENTER: 'GraphRAG' calling 'claim_negation'; CURRENT SPEAKER: grok-4_mas_rag, DIALOGUE TURN NUM = 25.
[2025-10-16 11:54:44,045] [INFO] ENTER: 'GraphRAG' calling 'query_graph'; CURRENT SPEAKER: grok-4_mas_rag, DIALOGUE TURN NUM = 25.
[2025-10-16 11:54:44,693] [INFO] EXIT: 'GraphRAG' calling 'query_graph' (0.6482903957366943 secs).
[2025-10-16 11:54:44,693] [INFO] EXIT: 'GraphRAG' calling 'claim_negation' (0.6487607955932617 secs).
[2025-10-16 11:54:44,693] [INFO] ENTER: 'GraphRAG' calling 'concede'; CURRENT SPEAKER: grok-4_mas_rag, DIALOGUE TURN NUM = 25.
[2025-10-16 11:54:44,694] [INFO] ENTER: 'GraphRAG' calling 'query_graph'; CURRENT SPEAKER: grok-4_mas_rag, DIALOGUE TURN NUM = 25.
[2025-10-16 11:54:45,370] [INFO] EXIT: 'GraphRAG' calling 'query_graph' (0.6767079830169678 secs).
[2025-10-16 11:54:45,371] [INFO] EXIT: 'GraphRAG' calling 'concede' (0.6770954132080078 secs).
[2025-10-16 11:54:45,371] [INFO] ENTER: 'GraphRAG' calling 'question'; CURRENT SPEAKER: grok-4_mas_rag, DIALOGUE TURN NUM = 25.
[2025-10-16 11:54:45,371] [INFO] ENTER: 'GraphRAG' calling 'query_graph'; CURRENT SPEAKER: grok-4_mas_rag, DIALOGUE TURN NUM = 25.
[2025-10-16 11:54:45,496] [INFO] EXIT: 'GraphRAG' calling 'query_graph' (0.12560176849365234 secs).
[2025-10-16 11:54:45,497] [INFO] EXIT: 'GraphRAG' calling 'question' (0.12600231170654297 secs).
[2025-10-16 11:54:45,515] [INFO] ENTER: 'GraphRAG' calling 'since'; CURRENT SPEAKER: grok-4_mas_rag, DIALOGUE TURN NUM = 25.
[2025-10-16 11:54:45,515] [INFO] ENTER: 'GraphRAG' calling 'query_graph'; CURRENT SPEAKER: grok-4_mas_rag, DIALOGUE TURN NUM = 25.
[2025-10-16 11:54:45,538] [INFO] EXIT: 'GraphRAG' calling 'query_graph' (0.022557497024536133 secs).
[2025-10-16 11:54:45,538] [INFO] EXIT: 'GraphRAG' calling 'since' (0.022922992706298828 secs).
[2025-10-16 11:54:45,538] [INFO] ENTER: 'GraphRAG' calling 'claim'; CURRENT SPEAKER: grok-4_mas_rag, DIALOGUE TURN NUM = 25.
[2025-10-16 11:54:45,538] [INFO] ENTER: 'GraphRAG' calling 'query_graph'; CURRENT SPEAKER: grok-4_mas_rag, DIALOGUE TURN NUM = 25.
[2025-10-16 11:54:45,555] [INFO] EXIT: 'GraphRAG' calling 'query_graph' (0.01734185218811035 secs).
[2025-10-16 11:54:45,555] [INFO] EXIT: 'GraphRAG' calling 'claim' (0.017661571502685547 secs).
[2025-10-16 11:54:45,574] [INFO] ENTER: 'GraphRAG' calling 'why'; CURRENT SPEAKER: grok-4_mas_rag, DIALOGUE TURN NUM = 25.
[2025-10-16 11:54:45,574] [INFO] ENTER: 'GraphRAG' calling 'query_graph'; CURRENT SPEAKER: grok-4_mas_rag, DIALOGUE TURN NUM = 25.
[2025-10-16 11:54:46,275] [INFO] EXIT: 'GraphRAG' calling 'query_graph' (0.701261043548584 secs).
[2025-10-16 11:54:46,275] [INFO] EXIT: 'GraphRAG' calling 'why' (0.701683521270752 secs).
[2025-10-16 11:54:46,275] [INFO] ENTER: 'GraphRAG' calling 'concede'; CURRENT SPEAKER: grok-4_mas_rag, DIALOGUE TURN NUM = 25.
[2025-10-16 11:54:46,276] [INFO] ENTER: 'GraphRAG' calling 'query_graph'; CURRENT SPEAKER: grok-4_mas_rag, DIALOGUE TURN NUM = 25.
[2025-10-16 11:54:46,933] [INFO] EXIT: 'GraphRAG' calling 'query_graph' (0.6573748588562012 secs).
[2025-10-16 11:54:46,933] [INFO] EXIT: 'GraphRAG' calling 'concede' (0.6578183174133301 secs).
[2025-10-16 11:54:46,933] [INFO] ENTER: 'GraphRAG' calling 'question'; CURRENT SPEAKER: grok-4_mas_rag, DIALOGUE TURN NUM = 25.
[2025-10-16 11:54:46,934] [INFO] ENTER: 'GraphRAG' calling 'query_graph'; CURRENT SPEAKER: grok-4_mas_rag, DIALOGUE TURN NUM = 25.
[2025-10-16 11:54:47,571] [INFO] EXIT: 'GraphRAG' calling 'query_graph' (0.6375148296356201 secs).
[2025-10-16 11:54:47,571] [INFO] EXIT: 'GraphRAG' calling 'question' (0.637913703918457 secs).
[2025-10-16 11:54:47,590] [INFO] ENTER: 'GraphRAG' calling 'why'; CURRENT SPEAKER: grok-4_mas_rag, DIALOGUE TURN NUM = 25.
[2025-10-16 11:54:47,590] [INFO] ENTER: 'GraphRAG' calling 'query_graph'; CURRENT SPEAKER: grok-4_mas_rag, DIALOGUE TURN NUM = 25.
[2025-10-16 11:54:48,269] [INFO] EXIT: 'GraphRAG' calling 'query_graph' (0.6788113117218018 secs).
[2025-10-16 11:54:48,269] [INFO] EXIT: 'GraphRAG' calling 'why' (0.6792097091674805 secs).
[2025-10-16 11:54:48,269] [INFO] ENTER: 'GraphRAG' calling 'claim_negation'; CURRENT SPEAKER: grok-4_mas_rag, DIALOGUE TURN NUM = 25.
[2025-10-16 11:54:48,269] [INFO] ENTER: 'GraphRAG' calling 'query_graph'; CURRENT SPEAKER: grok-4_mas_rag, DIALOGUE TURN NUM = 25.
[2025-10-16 11:54:48,918] [INFO] EXIT: 'GraphRAG' calling 'query_graph' (0.6481904983520508 secs).
[2025-10-16 11:54:48,918] [INFO] EXIT: 'GraphRAG' calling 'claim_negation' (0.64870285987854 secs).
[2025-10-16 11:54:48,918] [INFO] ENTER: 'GraphRAG' calling 'concede'; CURRENT SPEAKER: grok-4_mas_rag, DIALOGUE TURN NUM = 25.
[2025-10-16 11:54:48,918] [INFO] ENTER: 'GraphRAG' calling 'query_graph'; CURRENT SPEAKER: grok-4_mas_rag, DIALOGUE TURN NUM = 25.
[2025-10-16 11:54:49,596] [INFO] EXIT: 'GraphRAG' calling 'query_graph' (0.678185224533081 secs).
[2025-10-16 11:54:49,597] [INFO] EXIT: 'GraphRAG' calling 'concede' (0.6789836883544922 secs).
[2025-10-16 11:54:49,597] [INFO] ENTER: 'GraphRAG' calling 'question'; CURRENT SPEAKER: grok-4_mas_rag, DIALOGUE TURN NUM = 25.
[2025-10-16 11:54:49,597] [INFO] ENTER: 'GraphRAG' calling 'query_graph'; CURRENT SPEAKER: grok-4_mas_rag, DIALOGUE TURN NUM = 25.
[2025-10-16 11:54:49,723] [INFO] EXIT: 'GraphRAG' calling 'query_graph' (0.12556743621826172 secs).
[2025-10-16 11:54:49,723] [INFO] EXIT: 'GraphRAG' calling 'question' (0.12596917152404785 secs).
[2025-10-16 11:54:49,741] [INFO] ENTER: 'GraphRAG' calling 'why'; CURRENT SPEAKER: grok-4_mas_rag, DIALOGUE TURN NUM = 25.
[2025-10-16 11:54:49,741] [INFO] ENTER: 'GraphRAG' calling 'query_graph'; CURRENT SPEAKER: grok-4_mas_rag, DIALOGUE TURN NUM = 25.
[2025-10-16 11:54:50,415] [INFO] EXIT: 'GraphRAG' calling 'query_graph' (0.6739935874938965 secs).
[2025-10-16 11:54:50,415] [INFO] EXIT: 'GraphRAG' calling 'why' (0.6743810176849365 secs).
[2025-10-16 11:54:50,415] [INFO] ENTER: 'GraphRAG' calling 'claim_negation'; CURRENT SPEAKER: grok-4_mas_rag, DIALOGUE TURN NUM = 25.
[2025-10-16 11:54:50,416] [INFO] ENTER: 'GraphRAG' calling 'query_graph'; CURRENT SPEAKER: grok-4_mas_rag, DIALOGUE TURN NUM = 25.
[2025-10-16 11:54:51,063] [INFO] EXIT: 'GraphRAG' calling 'query_graph' (0.6470656394958496 secs).
[2025-10-16 11:54:51,063] [INFO] EXIT: 'GraphRAG' calling 'claim_negation' (0.6474642753601074 secs).
[2025-10-16 11:54:51,063] [INFO] ENTER: 'GraphRAG' calling 'concede'; CURRENT SPEAKER: grok-4_mas_rag, DIALOGUE TURN NUM = 25.
[2025-10-16 11:54:51,063] [INFO] ENTER: 'GraphRAG' calling 'query_graph'; CURRENT SPEAKER: grok-4_mas_rag, DIALOGUE TURN NUM = 25.
[2025-10-16 11:54:51,744] [INFO] EXIT: 'GraphRAG' calling 'query_graph' (0.680330753326416 secs).
[2025-10-16 11:54:51,744] [INFO] EXIT: 'GraphRAG' calling 'concede' (0.680748701095581 secs).
[2025-10-16 11:54:51,744] [INFO] ENTER: 'GraphRAG' calling 'question'; CURRENT SPEAKER: grok-4_mas_rag, DIALOGUE TURN NUM = 25.
[2025-10-16 11:54:51,744] [INFO] ENTER: 'GraphRAG' calling 'query_graph'; CURRENT SPEAKER: grok-4_mas_rag, DIALOGUE TURN NUM = 25.
[2025-10-16 11:54:51,870] [INFO] EXIT: 'GraphRAG' calling 'query_graph' (0.12583327293395996 secs).
[2025-10-16 11:54:51,870] [INFO] EXIT: 'GraphRAG' calling 'question' (0.1262497901916504 secs).
[2025-10-16 11:54:51,889] [INFO] ENTER: 'GraphRAG' calling 'why'; CURRENT SPEAKER: grok-4_mas_rag, DIALOGUE TURN NUM = 25.
[2025-10-16 11:54:51,889] [INFO] ENTER: 'GraphRAG' calling 'query_graph'; CURRENT SPEAKER: grok-4_mas_rag, DIALOGUE TURN NUM = 25.
[2025-10-16 11:54:52,568] [INFO] EXIT: 'GraphRAG' calling 'query_graph' (0.6783897876739502 secs).
[2025-10-16 11:54:52,568] [INFO] EXIT: 'GraphRAG' calling 'why' (0.6787440776824951 secs).
[2025-10-16 11:54:52,568] [INFO] ENTER: 'GraphRAG' calling 'claim_negation'; CURRENT SPEAKER: grok-4_mas_rag, DIALOGUE TURN NUM = 25.
[2025-10-16 11:54:52,568] [INFO] ENTER: 'GraphRAG' calling 'query_graph'; CURRENT SPEAKER: grok-4_mas_rag, DIALOGUE TURN NUM = 25.
[2025-10-16 11:54:53,222] [INFO] EXIT: 'GraphRAG' calling 'query_graph' (0.6537060737609863 secs).
[2025-10-16 11:54:53,222] [INFO] EXIT: 'GraphRAG' calling 'claim_negation' (0.6541273593902588 secs).
[2025-10-16 11:54:53,222] [INFO] ENTER: 'GraphRAG' calling 'concede'; CURRENT SPEAKER: grok-4_mas_rag, DIALOGUE TURN NUM = 25.
[2025-10-16 11:54:53,222] [INFO] ENTER: 'GraphRAG' calling 'query_graph'; CURRENT SPEAKER: grok-4_mas_rag, DIALOGUE TURN NUM = 25.
[2025-10-16 11:54:53,899] [INFO] EXIT: 'GraphRAG' calling 'query_graph' (0.676419734954834 secs).
[2025-10-16 11:54:53,899] [INFO] EXIT: 'GraphRAG' calling 'concede' (0.6767749786376953 secs).
[2025-10-16 11:54:53,899] [INFO] ENTER: 'GraphRAG' calling 'question'; CURRENT SPEAKER: grok-4_mas_rag, DIALOGUE TURN NUM = 25.
[2025-10-16 11:54:53,899] [INFO] ENTER: 'GraphRAG' calling 'query_graph'; CURRENT SPEAKER: grok-4_mas_rag, DIALOGUE TURN NUM = 25.
[2025-10-16 11:54:54,026] [INFO] EXIT: 'GraphRAG' calling 'query_graph' (0.1270606517791748 secs).
[2025-10-16 11:54:54,026] [INFO] EXIT: 'GraphRAG' calling 'question' (0.1274104118347168 secs).
[2025-10-16 11:54:54,026] [INFO] ENTER: 'GraphRAG' calling 'return_rag_examples'; CURRENT SPEAKER: grok-4_mas_rag, DIALOGUE TURN NUM = 25.
[2025-10-16 11:54:54,026] [INFO] EXIT: 'GraphRAG' calling 'return_rag_examples' (1.6689300537109375e-06 secs).
[2025-10-16 11:54:54,029] [INFO] ENTER: 'DialogueMoveGenerator' calling 'generate'; CURRENT SPEAKER: grok-4_mas_rag, DIALOGUE TURN NUM = 25.
[2025-10-16 11:54:54,029] [INFO] ENTER: 'MASPromptGenerator' calling 'claim'; CURRENT SPEAKER: grok-4_mas_rag, DIALOGUE TURN NUM = 25.
[2025-10-16 11:54:54,030] [INFO] EXIT: 'MASPromptGenerator' calling 'claim' (5.1975250244140625e-05 secs).
[2025-10-16 11:54:54,030] [INFO] ENTER: 'DialogueMoveGenerator' calling 'generate'; CURRENT SPEAKER: grok-4_mas_rag, DIALOGUE TURN NUM = 25.
[2025-10-16 11:54:54,030] [INFO] ENTER: 'MASPromptGenerator' calling 'claim_negation'; CURRENT SPEAKER: grok-4_mas_rag, DIALOGUE TURN NUM = 25.
[2025-10-16 11:54:54,031] [INFO] EXIT: 'MASPromptGenerator' calling 'claim_negation' (0.00010085105895996094 secs).
[2025-10-16 11:54:54,032] [INFO] ENTER: 'DialogueMoveGenerator' calling 'generate'; CURRENT SPEAKER: grok-4_mas_rag, DIALOGUE TURN NUM = 25.
[2025-10-16 11:54:54,032] [INFO] ENTER: 'MASPromptGenerator' calling 'concede_claim'; CURRENT SPEAKER: grok-4_mas_rag, DIALOGUE TURN NUM = 25.
[2025-10-16 11:54:54,032] [INFO] EXIT: 'MASPromptGenerator' calling 'concede_claim' (0.0001575946807861328 secs).
[2025-10-16 11:54:54,033] [INFO] ENTER: 'DialogueMoveGenerator' calling 'generate'; CURRENT SPEAKER: grok-4_mas_rag, DIALOGUE TURN NUM = 25.
[2025-10-16 11:54:54,033] [INFO] ENTER: 'MASPromptGenerator' calling 'question_claim'; CURRENT SPEAKER: grok-4_mas_rag, DIALOGUE TURN NUM = 25.
[2025-10-16 11:54:54,034] [INFO] EXIT: 'MASPromptGenerator' calling 'question_claim' (0.000110626220703125 secs).
[2025-10-16 11:54:54,034] [INFO] ENTER: 'DialogueMoveGenerator' calling 'generate'; CURRENT SPEAKER: grok-4_mas_rag, DIALOGUE TURN NUM = 25.
[2025-10-16 11:54:54,034] [INFO] ENTER: 'MASPromptGenerator' calling 'retract_claim'; CURRENT SPEAKER: grok-4_mas_rag, DIALOGUE TURN NUM = 25.
[2025-10-16 11:54:54,034] [INFO] EXIT: 'MASPromptGenerator' calling 'retract_claim' (4.5299530029296875e-05 secs).
[2025-10-16 11:54:54,035] [INFO] ENTER: 'DialogueMoveGenerator' calling 'generate'; CURRENT SPEAKER: grok-4_mas_rag, DIALOGUE TURN NUM = 25.
[2025-10-16 11:54:54,035] [INFO] ENTER: 'MASPromptGenerator' calling 'since_claim'; CURRENT SPEAKER: grok-4_mas_rag, DIALOGUE TURN NUM = 25.
[2025-10-16 11:54:54,036] [INFO] EXIT: 'MASPromptGenerator' calling 'since_claim' (0.00010085105895996094 secs).
[2025-10-16 11:54:54,036] [INFO] ENTER: 'DialogueMoveGenerator' calling 'generate'; CURRENT SPEAKER: grok-4_mas_rag, DIALOGUE TURN NUM = 25.
[2025-10-16 11:54:54,036] [INFO] ENTER: 'MASPromptGenerator' calling 'why_claim'; CURRENT SPEAKER: grok-4_mas_rag, DIALOGUE TURN NUM = 25.
[2025-10-16 11:54:54,036] [INFO] EXIT: 'MASPromptGenerator' calling 'why_claim' (6.341934204101562e-05 secs).
[2025-10-16 11:54:57,420] [INFO] Completion returned and validated from MODEL = 'grok-4'.
[2025-10-16 11:54:57,461] [INFO] Completion returned and validated from MODEL = 'grok-4'.
[2025-10-16 11:54:58,010] [INFO] Completion returned and validated from MODEL = 'grok-4'.
[2025-10-16 11:54:58,010] [INFO] EXIT: 'DialogueMoveGenerator' calling 'generate' (3.9759693145751953 secs).
[2025-10-16 11:54:58,176] [INFO] Completion returned and validated from MODEL = 'grok-4'.
[2025-10-16 11:54:59,571] [INFO] Completion returned and validated from MODEL = 'grok-4'.
[2025-10-16 11:55:00,954] [INFO] Completion returned and validated from MODEL = 'grok-4'.
[2025-10-16 11:55:00,987] [INFO] Completion returned and validated from MODEL = 'grok-4'.
[2025-10-16 11:55:01,693] [INFO] Completion returned and validated from MODEL = 'grok-4'.
[2025-10-16 11:55:03,795] [INFO] Completion returned and validated from MODEL = 'grok-4'.
[2025-10-16 11:55:04,315] [INFO] Completion returned and validated from MODEL = 'grok-4'.
[2025-10-16 11:55:04,572] [INFO] Completion returned and validated from MODEL = 'grok-4'.
[2025-10-16 11:55:06,295] [INFO] Completion returned and validated from MODEL = 'grok-4'.
[2025-10-16 11:55:06,358] [INFO] Completion returned and validated from MODEL = 'grok-4'.
[2025-10-16 11:55:07,447] [INFO] Completion returned and validated from MODEL = 'grok-4'.
[2025-10-16 11:55:07,823] [INFO] Completion returned and validated from MODEL = 'grok-4'.
[2025-10-16 11:55:08,980] [INFO] Completion returned and validated from MODEL = 'grok-4'.
[2025-10-16 11:55:09,054] [INFO] Completion returned and validated from MODEL = 'grok-4'.
[2025-10-16 11:55:10,346] [INFO] Completion returned and validated from MODEL = 'grok-4'.
[2025-10-16 11:55:10,457] [INFO] Completion returned and validated from MODEL = 'grok-4'.
[2025-10-16 11:55:10,463] [INFO] Completion returned and validated from MODEL = 'grok-4'.
[2025-10-16 11:55:10,463] [INFO] EXIT: 'DialogueMoveGenerator' calling 'generate' (16.427347421646118 secs).
[2025-10-16 11:55:11,200] [INFO] Completion returned and validated from MODEL = 'grok-4'.
[2025-10-16 11:55:13,287] [INFO] Completion returned and validated from MODEL = 'grok-4'.
[2025-10-16 11:55:13,451] [INFO] Completion returned and validated from MODEL = 'grok-4'.
[2025-10-16 11:55:13,677] [INFO] Completion returned and validated from MODEL = 'grok-4'.
[2025-10-16 11:55:15,935] [INFO] Completion returned and validated from MODEL = 'grok-4'.
[2025-10-16 11:55:16,737] [INFO] Completion returned and validated from MODEL = 'grok-4'.
[2025-10-16 11:55:19,496] [INFO] Completion returned and validated from MODEL = 'grok-4'.
[2025-10-16 11:55:20,451] [INFO] Completion returned and validated from MODEL = 'grok-4'.
[2025-10-16 11:55:20,508] [INFO] Completion returned and validated from MODEL = 'grok-4'.
[2025-10-16 11:55:23,343] [INFO] Completion returned and validated from MODEL = 'grok-4'.
[2025-10-16 11:55:23,531] [INFO] Completion returned and validated from MODEL = 'grok-4'.
[2025-10-16 11:55:24,618] [INFO] Completion returned and validated from MODEL = 'grok-4'.
[2025-10-16 11:55:26,516] [INFO] Completion returned and validated from MODEL = 'grok-4'.
[2025-10-16 11:55:28,241] [INFO] Completion returned and validated from MODEL = 'grok-4'.
[2025-10-16 11:55:28,531] [INFO] Completion returned and validated from MODEL = 'grok-4'.
[2025-10-16 11:55:29,156] [INFO] Completion returned and validated from MODEL = 'grok-4'.
[2025-10-16 11:55:30,383] [INFO] Completion returned and validated from MODEL = 'grok-4'.
[2025-10-16 11:55:32,268] [INFO] Completion returned and validated from MODEL = 'grok-4'.
[2025-10-16 11:55:32,693] [INFO] Completion returned and validated from MODEL = 'grok-4'.
[2025-10-16 11:55:33,955] [INFO] Completion returned and validated from MODEL = 'grok-4'.
[2025-10-16 11:55:33,955] [INFO] EXIT: 'DialogueMoveGenerator' calling 'generate' (39.922528982162476 secs).
[2025-10-16 11:55:34,888] [INFO] Completion returned and validated from MODEL = 'grok-4'.
[2025-10-16 11:55:36,586] [INFO] Completion returned and validated from MODEL = 'grok-4'.
[2025-10-16 11:55:37,767] [INFO] Completion returned and validated from MODEL = 'grok-4'.
[2025-10-16 11:55:39,308] [INFO] Completion returned and validated from MODEL = 'grok-4'.
[2025-10-16 11:55:41,490] [INFO] Completion returned and validated from MODEL = 'grok-4'.
[2025-10-16 11:55:43,544] [INFO] Completion returned and validated from MODEL = 'grok-4'.
[2025-10-16 11:55:45,872] [INFO] Completion returned and validated from MODEL = 'grok-4'.
[2025-10-16 11:55:45,872] [INFO] EXIT: 'DialogueMoveGenerator' calling 'generate' (51.836167097091675 secs).
[2025-10-16 11:55:47,520] [INFO] Completion returned and validated from MODEL = 'grok-4'.
[2025-10-16 11:55:48,691] [INFO] Completion returned and validated from MODEL = 'grok-4'.
[2025-10-16 11:55:48,691] [INFO] EXIT: 'DialogueMoveGenerator' calling 'generate' (54.660308837890625 secs).
[2025-10-16 11:55:50,172] [INFO] Completion returned and validated from MODEL = 'grok-4'.
[2025-10-16 11:55:50,172] [INFO] EXIT: 'DialogueMoveGenerator' calling 'generate' (56.13890099525452 secs).
[2025-10-16 11:56:57,055] [INFO] Completion returned and validated from MODEL = 'grok-4'.
[2025-10-16 11:56:57,055] [INFO] EXIT: 'DialogueMoveGenerator' calling 'generate' (123.02548551559448 secs).
[2025-10-16 11:56:57,056] [INFO] ENTER: 'MASPromptGenerator' calling 'persuasiveness_choice'; CURRENT SPEAKER: grok-4_mas_rag, DIALOGUE TURN NUM = 25.
[2025-10-16 11:56:57,057] [INFO] EXIT: 'MASPromptGenerator' calling 'persuasiveness_choice' (0.0006155967712402344 secs).
[2025-10-16 11:56:59,384] [INFO] Completion returned and validated within 'PersuasivenessChoiceAgent'; MODEL = 'grok-4'; DIALOGUE TURN NUM = 25.
[2025-10-16 11:57:02,199] [INFO] Completion returned and validated within 'PersuasivenessChoiceAgent'; MODEL = 'grok-4'; DIALOGUE TURN NUM = 25.
[2025-10-16 11:57:04,913] [INFO] Completion returned and validated within 'PersuasivenessChoiceAgent'; MODEL = 'grok-4'; DIALOGUE TURN NUM = 25.
[2025-10-16 11:57:07,061] [INFO] Completion returned and validated within 'PersuasivenessChoiceAgent'; MODEL = 'grok-4'; DIALOGUE TURN NUM = 25.
[2025-10-16 11:57:10,770] [INFO] Completion returned and validated within 'PersuasivenessChoiceAgent'; MODEL = 'grok-4'; DIALOGUE TURN NUM = 25.
[2025-10-16 11:57:13,507] [INFO] Completion returned and validated within 'PersuasivenessChoiceAgent'; MODEL = 'grok-4'; DIALOGUE TURN NUM = 25.
[2025-10-16 11:57:16,242] [INFO] Completion returned and validated within 'PersuasivenessChoiceAgent'; MODEL = 'grok-4'; DIALOGUE TURN NUM = 25.
[2025-10-16 11:57:18,656] [INFO] Completion returned and validated within 'PersuasivenessChoiceAgent'; MODEL = 'grok-4'; DIALOGUE TURN NUM = 25.
[2025-10-16 11:57:21,274] [INFO] Completion returned and validated within 'PersuasivenessChoiceAgent'; MODEL = 'grok-4'; DIALOGUE TURN NUM = 25.
[2025-10-16 11:57:27,922] [INFO] Completion returned and validated within 'PersuasivenessChoiceAgent'; MODEL = 'grok-4'; DIALOGUE TURN NUM = 25.
[2025-10-16 11:57:30,955] [INFO] Completion returned and validated within 'PersuasivenessChoiceAgent'; MODEL = 'grok-4'; DIALOGUE TURN NUM = 25.
[2025-10-16 11:57:33,618] [INFO] Completion returned and validated within 'PersuasivenessChoiceAgent'; MODEL = 'grok-4'; DIALOGUE TURN NUM = 25.
[2025-10-16 11:57:36,233] [INFO] Completion returned and validated within 'PersuasivenessChoiceAgent'; MODEL = 'grok-4'; DIALOGUE TURN NUM = 25.
[2025-10-16 11:57:38,734] [INFO] Completion returned and validated within 'PersuasivenessChoiceAgent'; MODEL = 'grok-4'; DIALOGUE TURN NUM = 25.
[2025-10-16 11:57:38,735] [INFO] ENTER: 'DisambiguationAgent' calling '_grouping_similar_utterance_types'; CURRENT SPEAKER: grok-4_mas_rag, DIALOGUE TURN NUM = 25.
[2025-10-16 11:57:38,735] [INFO] EXIT: 'DisambiguationAgent' calling '_grouping_similar_utterance_types' (3.361701965332031e-05 secs).
[2025-10-16 11:57:38,735] [INFO] ENTER: 'DisambiguationAgent' calling '_identifying_similar_sentences_and_choosing_one_to_return_to_user'; CURRENT SPEAKER: grok-4_mas_rag, DIALOGUE TURN NUM = 25.
[2025-10-16 11:57:46,678] [INFO] 'DisambiguationAgent' grouped similar sentences, completion returned and validated; MODEL = 'grok-4'.
[2025-10-16 11:57:47,616] [INFO] 'DisambiguationAgent' chose sentences to remove, completion returned and validated from MODEL = 'grok-4'.
[2025-10-16 11:57:48,682] [INFO] 'DisambiguationAgent' chose sentences to remove, completion returned and validated from MODEL = 'grok-4'.
[2025-10-16 11:57:49,542] [INFO] 'DisambiguationAgent' chose sentences to remove, completion returned and validated from MODEL = 'grok-4'.
[2025-10-16 11:57:50,356] [INFO] 'DisambiguationAgent' chose sentences to remove, completion returned and validated from MODEL = 'grok-4'.
[2025-10-16 11:57:51,437] [INFO] 'DisambiguationAgent' chose sentences to remove, completion returned and validated from MODEL = 'grok-4'.
[2025-10-16 11:57:52,313] [INFO] 'DisambiguationAgent' chose sentences to remove, completion returned and validated from MODEL = 'grok-4'.
[2025-10-16 11:57:53,284] [INFO] 'DisambiguationAgent' chose sentences to remove, completion returned and validated from MODEL = 'grok-4'.
[2025-10-16 11:57:53,284] [INFO] EXIT: 'DisambiguationAgent' calling '_identifying_similar_sentences_and_choosing_one_to_return_to_user' (14.548727035522461 secs).
[2025-10-16 11:57:53,284] [INFO] ENTER: 'DisambiguationAgent' calling '_identifying_similar_sentences_and_choosing_one_to_return_to_user'; CURRENT SPEAKER: grok-4_mas_rag, DIALOGUE TURN NUM = 25.
[2025-10-16 11:58:01,636] [INFO] 'DisambiguationAgent' grouped similar sentences, completion returned and validated; MODEL = 'grok-4'.
[2025-10-16 11:58:02,440] [INFO] 'DisambiguationAgent' chose sentences to remove, completion returned and validated from MODEL = 'grok-4'.
[2025-10-16 11:58:03,255] [INFO] 'DisambiguationAgent' chose sentences to remove, completion returned and validated from MODEL = 'grok-4'.
[2025-10-16 11:58:04,276] [INFO] 'DisambiguationAgent' chose sentences to remove, completion returned and validated from MODEL = 'grok-4'.
[2025-10-16 11:58:05,179] [INFO] 'DisambiguationAgent' chose sentences to remove, completion returned and validated from MODEL = 'grok-4'.
[2025-10-16 11:58:06,149] [INFO] 'DisambiguationAgent' chose sentences to remove, completion returned and validated from MODEL = 'grok-4'.
[2025-10-16 11:58:07,318] [INFO] 'DisambiguationAgent' chose sentences to remove, completion returned and validated from MODEL = 'grok-4'.
[2025-10-16 11:58:08,200] [INFO] 'DisambiguationAgent' chose sentences to remove, completion returned and validated from MODEL = 'grok-4'.
[2025-10-16 11:58:08,200] [INFO] EXIT: 'DisambiguationAgent' calling '_identifying_similar_sentences_and_choosing_one_to_return_to_user' (14.916103839874268 secs).
[2025-10-16 11:58:08,200] [INFO] ENTER: 'DisambiguationAgent' calling '_removing_repetitive_sentences'; CURRENT SPEAKER: grok-4_mas_rag, DIALOGUE TURN NUM = 25.
[2025-10-16 11:58:08,200] [INFO] EXIT: 'DisambiguationAgent' calling '_removing_repetitive_sentences' (5.5789947509765625e-05 secs).
[2025-10-16 11:58:08,200] [INFO] ENTER: 'DisambiguationAgent' calling '_choose_the_most_persuasive_sentences'; CURRENT SPEAKER: grok-4_mas_rag, DIALOGUE TURN NUM = 25.
[2025-10-16 11:58:10,308] [INFO] 'DisambiguationAgent': reached maximum allowed sentences, succussfully chose most persuasive sentences, completion returned and validated from MODEL = 'grok-4'.
[2025-10-16 11:58:10,308] [INFO] EXIT: 'DisambiguationAgent' calling '_choose_the_most_persuasive_sentences' (2.1075327396392822 secs).
[2025-10-16 11:58:10,308] [INFO] ENTER: 'DisambiguationAgent' calling 'return_disambiguated_sentences'; CURRENT SPEAKER: grok-4_mas_rag, DIALOGUE TURN NUM = 25.
[2025-10-16 11:58:10,308] [INFO] EXIT: 'DisambiguationAgent' calling 'return_disambiguated_sentences' (2.6226043701171875e-06 secs).
[2025-10-16 11:58:10,308] [ERROR] Wrong state used; State of type HumanState; error message: dict has unexpected extra key(s): "graph_rag_examples", "intermediate_generations", "knowledge_base_ensemble_or_model_name", "model_seed", "model_temp", "model_top_p", "number_of_graph_rag_examples", "number_of_vector_based_rag_examples", "political_position_prob_of_na", "political_position_range", "political_position_std", "speaker_model_name", "speaker_type", "vector_based_persona_string", "vector_based_persona_sys_prompt"
[2025-10-16 11:58:10,309] [INFO] Correct state used; State of type GenerationAgentsState; 'IGNORE THE ABOVE ERRORS'.
[2025-10-16 11:58:11,002] [INFO] 'commitment_update' completed '___Since___' update; MODEL = 'grok-4'.
[2025-10-16 11:58:11,579] [INFO] 'commitment_update' completed '___Claim___' update for current speaker's commitments; MODEL = 'grok-4'.
[2025-10-16 11:58:12,226] [INFO] 'commitment_update' completed '___Claim___' update for current speaker's commitments; MODEL = 'grok-4'.
[2025-10-16 11:58:12,954] [INFO] 'commitment_update' completed '___Claim___' update for current speaker's commitments; MODEL = 'grok-4'.
[2025-10-16 11:58:13,703] [INFO] 'commitment_update' completed '___Claim___' update for current speaker's commitments; MODEL = 'grok-4'.
[2025-10-16 11:58:13,847] [ERROR] Wrong state used; State of type HumanState; error message: dict has unexpected extra key(s): "graph_rag_examples", "intermediate_generations", "knowledge_base_ensemble_or_model_name", "model_seed", "model_temp", "model_top_p", "number_of_graph_rag_examples", "number_of_vector_based_rag_examples", "political_position_prob_of_na", "political_position_range", "political_position_std", "speaker_model_name", "speaker_type", "vector_based_persona_string", "vector_based_persona_sys_prompt"
[2025-10-16 11:58:13,847] [INFO] Correct state used; State of type GenerationAgentsState; 'IGNORE THE ABOVE ERRORS'.
[2025-10-16 11:58:13,847] [INFO] ENTER: 'UtteranceClassificationAgent' calling '_classify_sentence_utterance_types'; CURRENT SPEAKER: grok-4_mas, DIALOGUE TURN NUM = 26.
[2025-10-16 11:58:14,410] [INFO] 'UtteranceClassificationAgent' completion returned and validated from MODEL = 'ModelName.GROK_4'.
[2025-10-16 11:58:14,975] [INFO] 'UtteranceClassificationAgent' completion returned and validated from MODEL = 'ModelName.GROK_4'.
[2025-10-16 11:58:15,583] [INFO] 'UtteranceClassificationAgent' completion returned and validated from MODEL = 'ModelName.GROK_4'.
[2025-10-16 11:58:16,132] [INFO] 'UtteranceClassificationAgent' completion returned and validated from MODEL = 'ModelName.GROK_4'.
[2025-10-16 11:58:19,552] [INFO] 'UtteranceClassificationAgent' completion returned and validated from MODEL = 'ModelName.GROK_4'.
[2025-10-16 11:58:20,123] [INFO] 'UtteranceClassificationAgent' completion returned and validated from MODEL = 'ModelName.GROK_4'.
[2025-10-16 11:58:20,658] [INFO] 'UtteranceClassificationAgent' completion returned and validated from MODEL = 'ModelName.GROK_4'.
[2025-10-16 11:58:20,658] [INFO] EXIT: 'UtteranceClassificationAgent' calling '_classify_sentence_utterance_types' (6.810612201690674 secs).
[2025-10-16 11:58:20,658] [INFO] ENTER: 'UtteranceClassificationAgent' calling 'return_classified_sentences'; CURRENT SPEAKER: grok-4_mas, DIALOGUE TURN NUM = 26.
[2025-10-16 11:58:20,658] [INFO] EXIT: 'UtteranceClassificationAgent' calling 'return_classified_sentences' (1.9073486328125e-06 secs).
[2025-10-16 11:58:20,661] [INFO] ENTER: 'DialogueMoveGenerator' calling 'generate'; CURRENT SPEAKER: grok-4_mas, DIALOGUE TURN NUM = 26.
[2025-10-16 11:58:20,661] [INFO] ENTER: 'MASPromptGenerator' calling 'claim_negation'; CURRENT SPEAKER: grok-4_mas, DIALOGUE TURN NUM = 26.
[2025-10-16 11:58:20,661] [INFO] EXIT: 'MASPromptGenerator' calling 'claim_negation' (5.8650970458984375e-05 secs).
[2025-10-16 11:58:20,663] [INFO] ENTER: 'DialogueMoveGenerator' calling 'generate'; CURRENT SPEAKER: grok-4_mas, DIALOGUE TURN NUM = 26.
[2025-10-16 11:58:20,663] [INFO] ENTER: 'MASPromptGenerator' calling 'concede_claim'; CURRENT SPEAKER: grok-4_mas, DIALOGUE TURN NUM = 26.
[2025-10-16 11:58:20,663] [INFO] EXIT: 'MASPromptGenerator' calling 'concede_claim' (4.792213439941406e-05 secs).
[2025-10-16 11:58:20,664] [INFO] ENTER: 'DialogueMoveGenerator' calling 'generate'; CURRENT SPEAKER: grok-4_mas, DIALOGUE TURN NUM = 26.
[2025-10-16 11:58:20,665] [INFO] ENTER: 'MASPromptGenerator' calling 'question_claim'; CURRENT SPEAKER: grok-4_mas, DIALOGUE TURN NUM = 26.
[2025-10-16 11:58:20,665] [INFO] EXIT: 'MASPromptGenerator' calling 'question_claim' (5.9604644775390625e-05 secs).
[2025-10-16 11:58:20,665] [INFO] ENTER: 'DialogueMoveGenerator' calling 'generate'; CURRENT SPEAKER: grok-4_mas, DIALOGUE TURN NUM = 26.
[2025-10-16 11:58:20,666] [INFO] ENTER: 'MASPromptGenerator' calling 'why_claim'; CURRENT SPEAKER: grok-4_mas, DIALOGUE TURN NUM = 26.
[2025-10-16 11:58:20,666] [INFO] EXIT: 'MASPromptGenerator' calling 'why_claim' (4.00543212890625e-05 secs).
[2025-10-16 11:58:22,149] [INFO] Completion returned and validated from MODEL = 'grok-4'.
[2025-10-16 11:58:22,922] [INFO] Completion returned and validated from MODEL = 'grok-4'.
[2025-10-16 11:58:23,715] [INFO] Completion returned and validated from MODEL = 'grok-4'.
[2025-10-16 11:58:25,574] [INFO] Completion returned and validated from MODEL = 'grok-4'.
[2025-10-16 11:58:25,795] [INFO] Completion returned and validated from MODEL = 'grok-4'.
[2025-10-16 11:58:26,477] [INFO] Completion returned and validated from MODEL = 'grok-4'.
[2025-10-16 11:58:27,092] [INFO] Completion returned and validated from MODEL = 'grok-4'.
[2025-10-16 11:58:28,117] [INFO] Completion returned and validated from MODEL = 'grok-4'.
[2025-10-16 11:58:28,520] [INFO] Completion returned and validated from MODEL = 'grok-4'.
[2025-10-16 11:58:29,935] [INFO] Completion returned and validated from MODEL = 'grok-4'.
[2025-10-16 11:58:30,676] [INFO] Completion returned and validated from MODEL = 'grok-4'.
[2025-10-16 11:58:30,851] [INFO] Completion returned and validated from MODEL = 'grok-4'.
[2025-10-16 11:58:32,405] [INFO] Completion returned and validated from MODEL = 'grok-4'.
[2025-10-16 11:58:32,773] [INFO] Completion returned and validated from MODEL = 'grok-4'.
[2025-10-16 11:58:33,170] [INFO] Completion returned and validated from MODEL = 'grok-4'.
[2025-10-16 11:58:33,272] [INFO] Completion returned and validated from MODEL = 'grok-4'.
[2025-10-16 11:58:34,629] [INFO] Completion returned and validated from MODEL = 'grok-4'.
[2025-10-16 11:58:34,700] [INFO] Completion returned and validated from MODEL = 'grok-4'.
[2025-10-16 11:58:34,700] [INFO] EXIT: 'DialogueMoveGenerator' calling 'generate' (14.039241313934326 secs).
[2025-10-16 11:58:35,486] [INFO] Completion returned and validated from MODEL = 'grok-4'.
[2025-10-16 11:58:36,194] [INFO] Completion returned and validated from MODEL = 'grok-4'.
[2025-10-16 11:58:37,884] [INFO] Completion returned and validated from MODEL = 'grok-4'.
[2025-10-16 11:58:37,999] [INFO] Completion returned and validated from MODEL = 'grok-4'.
[2025-10-16 11:58:39,219] [INFO] Completion returned and validated from MODEL = 'grok-4'.
[2025-10-16 11:58:40,413] [INFO] Completion returned and validated from MODEL = 'grok-4'.
[2025-10-16 11:58:40,413] [INFO] EXIT: 'DialogueMoveGenerator' calling 'generate' (19.74983024597168 secs).
[2025-10-16 11:58:40,822] [INFO] Completion returned and validated from MODEL = 'grok-4'.
[2025-10-16 11:58:40,822] [INFO] EXIT: 'DialogueMoveGenerator' calling 'generate' (20.1575608253479 secs).
[2025-10-16 11:58:41,110] [INFO] Completion returned and validated from MODEL = 'grok-4'.
[2025-10-16 11:58:42,757] [INFO] Completion returned and validated from MODEL = 'grok-4'.
[2025-10-16 11:58:42,757] [INFO] EXIT: 'DialogueMoveGenerator' calling 'generate' (22.090653657913208 secs).
[2025-10-16 11:58:42,758] [INFO] ENTER: 'MASPromptGenerator' calling 'persuasiveness_choice'; CURRENT SPEAKER: grok-4_mas, DIALOGUE TURN NUM = 26.
[2025-10-16 11:58:42,758] [INFO] EXIT: 'MASPromptGenerator' calling 'persuasiveness_choice' (0.0002651214599609375 secs).
[2025-10-16 11:58:44,645] [INFO] Completion returned and validated within 'PersuasivenessChoiceAgent'; MODEL = 'grok-4'; DIALOGUE TURN NUM = 26.
[2025-10-16 11:58:46,858] [INFO] Completion returned and validated within 'PersuasivenessChoiceAgent'; MODEL = 'grok-4'; DIALOGUE TURN NUM = 26.
[2025-10-16 11:58:48,903] [INFO] Completion returned and validated within 'PersuasivenessChoiceAgent'; MODEL = 'grok-4'; DIALOGUE TURN NUM = 26.
[2025-10-16 12:00:52,290] [INFO] Completion returned and validated within 'PersuasivenessChoiceAgent'; MODEL = 'grok-4'; DIALOGUE TURN NUM = 26.
[2025-10-16 12:00:55,063] [INFO] Completion returned and validated within 'PersuasivenessChoiceAgent'; MODEL = 'grok-4'; DIALOGUE TURN NUM = 26.
[2025-10-16 12:00:57,485] [INFO] Completion returned and validated within 'PersuasivenessChoiceAgent'; MODEL = 'grok-4'; DIALOGUE TURN NUM = 26.
[2025-10-16 12:00:59,631] [INFO] Completion returned and validated within 'PersuasivenessChoiceAgent'; MODEL = 'grok-4'; DIALOGUE TURN NUM = 26.
[2025-10-16 12:00:59,631] [INFO] ENTER: 'DisambiguationAgent' calling '_grouping_similar_utterance_types'; CURRENT SPEAKER: grok-4_mas, DIALOGUE TURN NUM = 26.
[2025-10-16 12:00:59,631] [INFO] EXIT: 'DisambiguationAgent' calling '_grouping_similar_utterance_types' (1.8835067749023438e-05 secs).
[2025-10-16 12:00:59,631] [INFO] ENTER: 'DisambiguationAgent' calling '_identifying_similar_sentences_and_choosing_one_to_return_to_user'; CURRENT SPEAKER: grok-4_mas, DIALOGUE TURN NUM = 26.
[2025-10-16 12:01:05,586] [INFO] 'DisambiguationAgent' grouped similar sentences, completion returned and validated; MODEL = 'grok-4'.
[2025-10-16 12:01:06,443] [INFO] 'DisambiguationAgent' chose sentences to remove, completion returned and validated from MODEL = 'grok-4'.
[2025-10-16 12:01:06,443] [INFO] EXIT: 'DisambiguationAgent' calling '_identifying_similar_sentences_and_choosing_one_to_return_to_user' (6.811729669570923 secs).
[2025-10-16 12:01:06,443] [INFO] ENTER: 'DisambiguationAgent' calling '_identifying_similar_sentences_and_choosing_one_to_return_to_user'; CURRENT SPEAKER: grok-4_mas, DIALOGUE TURN NUM = 26.
[2025-10-16 12:01:10,386] [INFO] 'DisambiguationAgent' grouped similar sentences, completion returned and validated; MODEL = 'grok-4'.
[2025-10-16 12:01:11,367] [INFO] 'DisambiguationAgent' chose sentences to remove, completion returned and validated from MODEL = 'grok-4'.
[2025-10-16 12:01:11,368] [INFO] EXIT: 'DisambiguationAgent' calling '_identifying_similar_sentences_and_choosing_one_to_return_to_user' (4.924293756484985 secs).
[2025-10-16 12:01:11,368] [INFO] ENTER: 'DisambiguationAgent' calling '_removing_repetitive_sentences'; CURRENT SPEAKER: grok-4_mas, DIALOGUE TURN NUM = 26.
[2025-10-16 12:01:11,368] [INFO] EXIT: 'DisambiguationAgent' calling '_removing_repetitive_sentences' (2.8371810913085938e-05 secs).
[2025-10-16 12:01:11,368] [INFO] ENTER: 'DisambiguationAgent' calling 'return_disambiguated_sentences'; CURRENT SPEAKER: grok-4_mas, DIALOGUE TURN NUM = 26.
[2025-10-16 12:01:11,368] [INFO] EXIT: 'DisambiguationAgent' calling 'return_disambiguated_sentences' (1.6689300537109375e-06 secs).
[2025-10-16 12:01:11,368] [ERROR] Wrong state used; State of type HumanState; error message: dict has unexpected extra key(s): "graph_rag_examples", "intermediate_generations", "knowledge_base_ensemble_or_model_name", "model_seed", "model_temp", "model_top_p", "number_of_graph_rag_examples", "number_of_vector_based_rag_examples", "political_position_prob_of_na", "political_position_range", "political_position_std", "speaker_model_name", "speaker_type", "vector_based_persona_string", "vector_based_persona_sys_prompt"
[2025-10-16 12:01:11,368] [INFO] Correct state used; State of type GenerationAgentsState; 'IGNORE THE ABOVE ERRORS'.
[2025-10-16 12:01:11,937] [INFO] 'commitment_update' completed '___Claim___' update for current speaker's commitments; MODEL = 'grok-4'.
[2025-10-16 12:01:12,026] [ERROR] Wrong state used; State of type HumanState; error message: dict has unexpected extra key(s): "graph_rag_examples", "intermediate_generations", "knowledge_base_ensemble_or_model_name", "model_seed", "model_temp", "model_top_p", "number_of_graph_rag_examples", "number_of_vector_based_rag_examples", "political_position_prob_of_na", "political_position_range", "political_position_std", "speaker_model_name", "speaker_type", "vector_based_persona_string", "vector_based_persona_sys_prompt"
[2025-10-16 12:01:12,027] [INFO] Correct state used; State of type GenerationAgentsState; 'IGNORE THE ABOVE ERRORS'.
[2025-10-16 12:01:12,027] [INFO] ENTER: 'UtteranceClassificationAgent' calling '_classify_sentence_utterance_types'; CURRENT SPEAKER: grok-4_mas_rag, DIALOGUE TURN NUM = 27.
[2025-10-16 12:01:12,582] [INFO] 'UtteranceClassificationAgent' completion returned and validated from MODEL = 'ModelName.GROK_4'.
[2025-10-16 12:01:13,135] [INFO] 'UtteranceClassificationAgent' completion returned and validated from MODEL = 'ModelName.GROK_4'.
[2025-10-16 12:01:13,135] [INFO] EXIT: 'UtteranceClassificationAgent' calling '_classify_sentence_utterance_types' (1.108076810836792 secs).
[2025-10-16 12:01:13,135] [INFO] ENTER: 'UtteranceClassificationAgent' calling 'return_classified_sentences'; CURRENT SPEAKER: grok-4_mas_rag, DIALOGUE TURN NUM = 27.
[2025-10-16 12:01:13,135] [INFO] EXIT: 'UtteranceClassificationAgent' calling 'return_classified_sentences' (1.9073486328125e-06 secs).
[2025-10-16 12:01:13,157] [INFO] ENTER: 'GraphRAG' calling 'since'; CURRENT SPEAKER: grok-4_mas_rag, DIALOGUE TURN NUM = 27.
[2025-10-16 12:01:13,157] [INFO] ENTER: 'GraphRAG' calling 'query_graph'; CURRENT SPEAKER: grok-4_mas_rag, DIALOGUE TURN NUM = 27.
[2025-10-16 12:01:13,181] [INFO] EXIT: 'GraphRAG' calling 'query_graph' (0.023520469665527344 secs).
[2025-10-16 12:01:13,181] [INFO] EXIT: 'GraphRAG' calling 'since' (0.023921966552734375 secs).
[2025-10-16 12:01:13,181] [INFO] ENTER: 'GraphRAG' calling 'claim'; CURRENT SPEAKER: grok-4_mas_rag, DIALOGUE TURN NUM = 27.
[2025-10-16 12:01:13,181] [INFO] ENTER: 'GraphRAG' calling 'query_graph'; CURRENT SPEAKER: grok-4_mas_rag, DIALOGUE TURN NUM = 27.
[2025-10-16 12:01:13,199] [INFO] EXIT: 'GraphRAG' calling 'query_graph' (0.017561912536621094 secs).
[2025-10-16 12:01:13,199] [INFO] EXIT: 'GraphRAG' calling 'claim' (0.017951488494873047 secs).
[2025-10-16 12:01:13,217] [INFO] ENTER: 'GraphRAG' calling 'why'; CURRENT SPEAKER: grok-4_mas_rag, DIALOGUE TURN NUM = 27.
[2025-10-16 12:01:13,217] [INFO] ENTER: 'GraphRAG' calling 'query_graph'; CURRENT SPEAKER: grok-4_mas_rag, DIALOGUE TURN NUM = 27.
[2025-10-16 12:01:13,894] [INFO] EXIT: 'GraphRAG' calling 'query_graph' (0.6769001483917236 secs).
[2025-10-16 12:01:13,894] [INFO] EXIT: 'GraphRAG' calling 'why' (0.6772749423980713 secs).
[2025-10-16 12:01:13,894] [INFO] ENTER: 'GraphRAG' calling 'claim_negation'; CURRENT SPEAKER: grok-4_mas_rag, DIALOGUE TURN NUM = 27.
[2025-10-16 12:01:13,894] [INFO] ENTER: 'GraphRAG' calling 'query_graph'; CURRENT SPEAKER: grok-4_mas_rag, DIALOGUE TURN NUM = 27.
[2025-10-16 12:01:14,542] [INFO] EXIT: 'GraphRAG' calling 'query_graph' (0.6479134559631348 secs).
[2025-10-16 12:01:14,542] [INFO] EXIT: 'GraphRAG' calling 'claim_negation' (0.6483368873596191 secs).
[2025-10-16 12:01:14,542] [INFO] ENTER: 'GraphRAG' calling 'concede'; CURRENT SPEAKER: grok-4_mas_rag, DIALOGUE TURN NUM = 27.
[2025-10-16 12:01:14,543] [INFO] ENTER: 'GraphRAG' calling 'query_graph'; CURRENT SPEAKER: grok-4_mas_rag, DIALOGUE TURN NUM = 27.
[2025-10-16 12:01:15,222] [INFO] EXIT: 'GraphRAG' calling 'query_graph' (0.6791677474975586 secs).
[2025-10-16 12:01:15,222] [INFO] EXIT: 'GraphRAG' calling 'concede' (0.6795625686645508 secs).
[2025-10-16 12:01:15,222] [INFO] ENTER: 'GraphRAG' calling 'question'; CURRENT SPEAKER: grok-4_mas_rag, DIALOGUE TURN NUM = 27.
[2025-10-16 12:01:15,222] [INFO] ENTER: 'GraphRAG' calling 'query_graph'; CURRENT SPEAKER: grok-4_mas_rag, DIALOGUE TURN NUM = 27.
[2025-10-16 12:01:15,349] [INFO] EXIT: 'GraphRAG' calling 'query_graph' (0.12627887725830078 secs).
[2025-10-16 12:01:15,349] [INFO] EXIT: 'GraphRAG' calling 'question' (0.12673187255859375 secs).
[2025-10-16 12:01:15,349] [INFO] ENTER: 'GraphRAG' calling 'return_rag_examples'; CURRENT SPEAKER: grok-4_mas_rag, DIALOGUE TURN NUM = 27.
[2025-10-16 12:01:15,349] [INFO] EXIT: 'GraphRAG' calling 'return_rag_examples' (2.1457672119140625e-06 secs).
[2025-10-16 12:01:15,351] [INFO] ENTER: 'DialogueMoveGenerator' calling 'generate'; CURRENT SPEAKER: grok-4_mas_rag, DIALOGUE TURN NUM = 27.
[2025-10-16 12:01:15,352] [INFO] ENTER: 'MASPromptGenerator' calling 'claim'; CURRENT SPEAKER: grok-4_mas_rag, DIALOGUE TURN NUM = 27.
[2025-10-16 12:01:15,352] [INFO] EXIT: 'MASPromptGenerator' calling 'claim' (6.0558319091796875e-05 secs).
[2025-10-16 12:01:15,353] [INFO] ENTER: 'DialogueMoveGenerator' calling 'generate'; CURRENT SPEAKER: grok-4_mas_rag, DIALOGUE TURN NUM = 27.
[2025-10-16 12:01:15,353] [INFO] ENTER: 'DialogueMoveGenerator' calling 'generate'; CURRENT SPEAKER: grok-4_mas_rag, DIALOGUE TURN NUM = 27.
[2025-10-16 12:01:15,353] [INFO] ENTER: 'MASPromptGenerator' calling 'claim_negation'; CURRENT SPEAKER: grok-4_mas_rag, DIALOGUE TURN NUM = 27.
[2025-10-16 12:01:15,353] [INFO] ENTER: 'MASPromptGenerator' calling 'concede_claim'; CURRENT SPEAKER: grok-4_mas_rag, DIALOGUE TURN NUM = 27.
[2025-10-16 12:01:15,354] [INFO] EXIT: 'MASPromptGenerator' calling 'claim_negation' (0.00011229515075683594 secs).
[2025-10-16 12:01:15,354] [INFO] ENTER: 'DialogueMoveGenerator' calling 'generate'; CURRENT SPEAKER: grok-4_mas_rag, DIALOGUE TURN NUM = 27.
[2025-10-16 12:01:15,354] [INFO] EXIT: 'MASPromptGenerator' calling 'concede_claim' (0.0001266002655029297 secs).
[2025-10-16 12:01:15,356] [INFO] ENTER: 'DialogueMoveGenerator' calling 'generate'; CURRENT SPEAKER: grok-4_mas_rag, DIALOGUE TURN NUM = 27.
[2025-10-16 12:01:15,356] [INFO] ENTER: 'DialogueMoveGenerator' calling 'generate'; CURRENT SPEAKER: grok-4_mas_rag, DIALOGUE TURN NUM = 27.
[2025-10-16 12:01:15,357] [INFO] ENTER: 'MASPromptGenerator' calling 'question_claim'; CURRENT SPEAKER: grok-4_mas_rag, DIALOGUE TURN NUM = 27.
[2025-10-16 12:01:15,357] [INFO] ENTER: 'DialogueMoveGenerator' calling 'generate'; CURRENT SPEAKER: grok-4_mas_rag, DIALOGUE TURN NUM = 27.
[2025-10-16 12:01:15,358] [INFO] ENTER: 'MASPromptGenerator' calling 'retract_claim'; CURRENT SPEAKER: grok-4_mas_rag, DIALOGUE TURN NUM = 27.
[2025-10-16 12:01:15,358] [INFO] ENTER: 'MASPromptGenerator' calling 'since_claim'; CURRENT SPEAKER: grok-4_mas_rag, DIALOGUE TURN NUM = 27.
[2025-10-16 12:01:15,358] [INFO] EXIT: 'MASPromptGenerator' calling 'question_claim' (0.00015163421630859375 secs).
[2025-10-16 12:01:15,358] [INFO] ENTER: 'MASPromptGenerator' calling 'why_claim'; CURRENT SPEAKER: grok-4_mas_rag, DIALOGUE TURN NUM = 27.
[2025-10-16 12:01:15,358] [INFO] EXIT: 'MASPromptGenerator' calling 'retract_claim' (0.00011897087097167969 secs).
[2025-10-16 12:01:15,358] [INFO] EXIT: 'MASPromptGenerator' calling 'since_claim' (5.173683166503906e-05 secs).
[2025-10-16 12:01:15,359] [INFO] EXIT: 'MASPromptGenerator' calling 'why_claim' (3.647804260253906e-05 secs).
[2025-10-16 12:01:17,617] [INFO] Completion returned and validated from MODEL = 'grok-4'.
[2025-10-16 12:01:17,617] [INFO] EXIT: 'DialogueMoveGenerator' calling 'generate' (2.258559226989746 secs).
[2025-10-16 12:01:18,045] [INFO] Completion returned and validated from MODEL = 'grok-4'.
[2025-10-16 12:01:18,045] [INFO] EXIT: 'DialogueMoveGenerator' calling 'generate' (2.688570737838745 secs).
[2025-10-16 12:01:18,114] [INFO] Completion returned and validated from MODEL = 'grok-4'.
[2025-10-16 12:01:18,114] [INFO] EXIT: 'DialogueMoveGenerator' calling 'generate' (2.7567226886749268 secs).
[2025-10-16 12:01:18,369] [INFO] Completion returned and validated from MODEL = 'grok-4'.
[2025-10-16 12:01:18,369] [INFO] EXIT: 'DialogueMoveGenerator' calling 'generate' (3.015700101852417 secs).
[2025-10-16 12:01:20,787] [INFO] Completion returned and validated from MODEL = 'grok-4'.
[2025-10-16 12:01:20,787] [INFO] EXIT: 'DialogueMoveGenerator' calling 'generate' (5.433762073516846 secs).
[2025-10-16 12:01:21,351] [INFO] Completion returned and validated from MODEL = 'grok-4'.
[2025-10-16 12:01:21,351] [INFO] EXIT: 'DialogueMoveGenerator' calling 'generate' (5.999645948410034 secs).
[2025-10-16 12:01:21,805] [INFO] Completion returned and validated from MODEL = 'grok-4'.
[2025-10-16 12:01:21,805] [INFO] EXIT: 'DialogueMoveGenerator' calling 'generate' (6.44736647605896 secs).
[2025-10-16 12:01:21,806] [INFO] ENTER: 'MASPromptGenerator' calling 'persuasiveness_choice'; CURRENT SPEAKER: grok-4_mas_rag, DIALOGUE TURN NUM = 27.
[2025-10-16 12:01:21,806] [INFO] EXIT: 'MASPromptGenerator' calling 'persuasiveness_choice' (0.00010943412780761719 secs).
[2025-10-16 12:01:24,911] [INFO] Completion returned and validated within 'PersuasivenessChoiceAgent'; MODEL = 'grok-4'; DIALOGUE TURN NUM = 27.
[2025-10-16 12:01:27,454] [INFO] Completion returned and validated within 'PersuasivenessChoiceAgent'; MODEL = 'grok-4'; DIALOGUE TURN NUM = 27.
[2025-10-16 12:01:27,454] [INFO] ENTER: 'DisambiguationAgent' calling '_grouping_similar_utterance_types'; CURRENT SPEAKER: grok-4_mas_rag, DIALOGUE TURN NUM = 27.
[2025-10-16 12:01:27,454] [INFO] EXIT: 'DisambiguationAgent' calling '_grouping_similar_utterance_types' (5.245208740234375e-06 secs).
[2025-10-16 12:01:27,454] [INFO] ENTER: 'DisambiguationAgent' calling '_identifying_similar_sentences_and_choosing_one_to_return_to_user'; CURRENT SPEAKER: grok-4_mas_rag, DIALOGUE TURN NUM = 27.
[2025-10-16 12:01:29,550] [INFO] 'DisambiguationAgent' grouped similar sentences, completion returned and validated; MODEL = 'grok-4'.
[2025-10-16 12:01:30,393] [INFO] 'DisambiguationAgent' chose sentences to remove, completion returned and validated from MODEL = 'grok-4'.
[2025-10-16 12:01:30,393] [INFO] EXIT: 'DisambiguationAgent' calling '_identifying_similar_sentences_and_choosing_one_to_return_to_user' (2.9390206336975098 secs).
[2025-10-16 12:01:30,394] [INFO] ENTER: 'DisambiguationAgent' calling '_identifying_similar_sentences_and_choosing_one_to_return_to_user'; CURRENT SPEAKER: grok-4_mas_rag, DIALOGUE TURN NUM = 27.
[2025-10-16 12:01:30,979] [INFO] 'DisambiguationAgent' grouped similar sentences, completion returned and validated; MODEL = 'grok-4'.
[2025-10-16 12:01:30,979] [INFO] EXIT: 'DisambiguationAgent' calling '_identifying_similar_sentences_and_choosing_one_to_return_to_user' (0.5856001377105713 secs).
[2025-10-16 12:01:30,979] [INFO] ENTER: 'DisambiguationAgent' calling '_removing_repetitive_sentences'; CURRENT SPEAKER: grok-4_mas_rag, DIALOGUE TURN NUM = 27.
[2025-10-16 12:01:30,979] [INFO] EXIT: 'DisambiguationAgent' calling '_removing_repetitive_sentences' (9.059906005859375e-06 secs).
[2025-10-16 12:01:30,979] [INFO] ENTER: 'DisambiguationAgent' calling 'return_disambiguated_sentences'; CURRENT SPEAKER: grok-4_mas_rag, DIALOGUE TURN NUM = 27.
[2025-10-16 12:01:30,979] [INFO] EXIT: 'DisambiguationAgent' calling 'return_disambiguated_sentences' (1.9073486328125e-06 secs).
[2025-10-16 12:01:30,980] [ERROR] Wrong state used; State of type HumanState; error message: dict has unexpected extra key(s): "graph_rag_examples", "intermediate_generations", "knowledge_base_ensemble_or_model_name", "model_seed", "model_temp", "model_top_p", "number_of_graph_rag_examples", "number_of_vector_based_rag_examples", "political_position_prob_of_na", "political_position_range", "political_position_std", "speaker_model_name", "speaker_type", "vector_based_persona_string", "vector_based_persona_sys_prompt"
[2025-10-16 12:01:30,980] [INFO] Correct state used; State of type GenerationAgentsState; 'IGNORE THE ABOVE ERRORS'.
[2025-10-16 12:01:31,576] [INFO] 'commitment_update' completed '___Claim___' update for current speaker's commitments; MODEL = 'grok-4'.
[2025-10-16 12:01:31,719] [ERROR] Wrong state used; State of type HumanState; error message: dict has unexpected extra key(s): "graph_rag_examples", "intermediate_generations", "knowledge_base_ensemble_or_model_name", "model_seed", "model_temp", "model_top_p", "number_of_graph_rag_examples", "number_of_vector_based_rag_examples", "political_position_prob_of_na", "political_position_range", "political_position_std", "speaker_model_name", "speaker_type", "vector_based_persona_string", "vector_based_persona_sys_prompt"
[2025-10-16 12:01:31,719] [INFO] Correct state used; State of type GenerationAgentsState; 'IGNORE THE ABOVE ERRORS'.
[2025-10-16 12:01:31,719] [INFO] ENTER: 'UtteranceClassificationAgent' calling '_classify_sentence_utterance_types'; CURRENT SPEAKER: grok-4_mas, DIALOGUE TURN NUM = 28.
[2025-10-16 12:01:32,295] [INFO] 'UtteranceClassificationAgent' completion returned and validated from MODEL = 'ModelName.GROK_4'.
[2025-10-16 12:01:32,888] [INFO] 'UtteranceClassificationAgent' completion returned and validated from MODEL = 'ModelName.GROK_4'.
[2025-10-16 12:01:33,462] [INFO] 'UtteranceClassificationAgent' completion returned and validated from MODEL = 'ModelName.GROK_4'.
[2025-10-16 12:01:33,462] [INFO] EXIT: 'UtteranceClassificationAgent' calling '_classify_sentence_utterance_types' (1.743173599243164 secs).
[2025-10-16 12:01:33,462] [INFO] ENTER: 'UtteranceClassificationAgent' calling 'return_classified_sentences'; CURRENT SPEAKER: grok-4_mas, DIALOGUE TURN NUM = 28.
[2025-10-16 12:01:33,462] [INFO] EXIT: 'UtteranceClassificationAgent' calling 'return_classified_sentences' (1.9073486328125e-06 secs).
[2025-10-16 12:01:33,466] [INFO] ENTER: 'DialogueMoveGenerator' calling 'generate'; CURRENT SPEAKER: grok-4_mas, DIALOGUE TURN NUM = 28.
[2025-10-16 12:01:33,466] [INFO] ENTER: 'DialogueMoveGenerator' calling 'generate'; CURRENT SPEAKER: grok-4_mas, DIALOGUE TURN NUM = 28.
[2025-10-16 12:01:33,466] [INFO] ENTER: 'MASPromptGenerator' calling 'claim'; CURRENT SPEAKER: grok-4_mas, DIALOGUE TURN NUM = 28.
[2025-10-16 12:01:33,467] [INFO] ENTER: 'MASPromptGenerator' calling 'claim_negation'; CURRENT SPEAKER: grok-4_mas, DIALOGUE TURN NUM = 28.
[2025-10-16 12:01:33,467] [INFO] EXIT: 'MASPromptGenerator' calling 'claim' (5.459785461425781e-05 secs).
[2025-10-16 12:01:33,467] [INFO] ENTER: 'DialogueMoveGenerator' calling 'generate'; CURRENT SPEAKER: grok-4_mas, DIALOGUE TURN NUM = 28.
[2025-10-16 12:01:33,468] [INFO] EXIT: 'MASPromptGenerator' calling 'claim_negation' (5.7220458984375e-05 secs).
[2025-10-16 12:01:33,468] [INFO] ENTER: 'DialogueMoveGenerator' calling 'generate'; CURRENT SPEAKER: grok-4_mas, DIALOGUE TURN NUM = 28.
[2025-10-16 12:01:33,468] [INFO] ENTER: 'DialogueMoveGenerator' calling 'generate'; CURRENT SPEAKER: grok-4_mas, DIALOGUE TURN NUM = 28.
[2025-10-16 12:01:33,469] [INFO] ENTER: 'MASPromptGenerator' calling 'concede_claim'; CURRENT SPEAKER: grok-4_mas, DIALOGUE TURN NUM = 28.
[2025-10-16 12:01:33,470] [INFO] ENTER: 'MASPromptGenerator' calling 'question_claim'; CURRENT SPEAKER: grok-4_mas, DIALOGUE TURN NUM = 28.
[2025-10-16 12:01:33,470] [INFO] ENTER: 'MASPromptGenerator' calling 'retract_claim'; CURRENT SPEAKER: grok-4_mas, DIALOGUE TURN NUM = 28.
[2025-10-16 12:01:33,471] [INFO] ENTER: 'DialogueMoveGenerator' calling 'generate'; CURRENT SPEAKER: grok-4_mas, DIALOGUE TURN NUM = 28.
[2025-10-16 12:01:33,471] [INFO] EXIT: 'MASPromptGenerator' calling 'concede_claim' (0.00010061264038085938 secs).
[2025-10-16 12:01:33,471] [INFO] EXIT: 'MASPromptGenerator' calling 'question_claim' (0.00011396408081054688 secs).
[2025-10-16 12:01:33,471] [INFO] ENTER: 'DialogueMoveGenerator' calling 'generate'; CURRENT SPEAKER: grok-4_mas, DIALOGUE TURN NUM = 28.
[2025-10-16 12:01:33,472] [INFO] EXIT: 'MASPromptGenerator' calling 'retract_claim' (0.00012183189392089844 secs).
[2025-10-16 12:01:33,472] [INFO] ENTER: 'MASPromptGenerator' calling 'since_claim'; CURRENT SPEAKER: grok-4_mas, DIALOGUE TURN NUM = 28.
[2025-10-16 12:01:33,473] [INFO] ENTER: 'MASPromptGenerator' calling 'why_claim'; CURRENT SPEAKER: grok-4_mas, DIALOGUE TURN NUM = 28.
[2025-10-16 12:01:33,473] [INFO] EXIT: 'MASPromptGenerator' calling 'since_claim' (9.393692016601562e-05 secs).
[2025-10-16 12:01:33,473] [INFO] EXIT: 'MASPromptGenerator' calling 'why_claim' (9.393692016601562e-05 secs).
[2025-10-16 12:01:35,814] [INFO] Completion returned and validated from MODEL = 'grok-4'.
[2025-10-16 12:01:35,814] [INFO] EXIT: 'DialogueMoveGenerator' calling 'generate' (2.3451223373413086 secs).
[2025-10-16 12:01:36,093] [INFO] Completion returned and validated from MODEL = 'grok-4'.
[2025-10-16 12:01:36,093] [INFO] EXIT: 'DialogueMoveGenerator' calling 'generate' (2.6209611892700195 secs).
[2025-10-16 12:01:36,148] [INFO] Completion returned and validated from MODEL = 'grok-4'.
[2025-10-16 12:01:36,148] [INFO] EXIT: 'DialogueMoveGenerator' calling 'generate' (2.678056240081787 secs).
[2025-10-16 12:01:36,168] [INFO] Completion returned and validated from MODEL = 'grok-4'.
[2025-10-16 12:01:36,390] [INFO] Completion returned and validated from MODEL = 'grok-4'.
[2025-10-16 12:01:36,623] [INFO] Completion returned and validated from MODEL = 'grok-4'.
[2025-10-16 12:01:36,623] [INFO] EXIT: 'DialogueMoveGenerator' calling 'generate' (3.1557796001434326 secs).
[2025-10-16 12:01:37,910] [INFO] Completion returned and validated from MODEL = 'grok-4'.
[2025-10-16 12:01:37,910] [INFO] EXIT: 'DialogueMoveGenerator' calling 'generate' (4.443814277648926 secs).
[2025-10-16 12:01:38,385] [INFO] Completion returned and validated from MODEL = 'grok-4'.
[2025-10-16 12:01:38,385] [INFO] EXIT: 'DialogueMoveGenerator' calling 'generate' (4.913603067398071 secs).
[2025-10-16 12:01:41,895] [INFO] Completion returned and validated from MODEL = 'grok-4'.
[2025-10-16 12:01:43,488] [INFO] Completion returned and validated from MODEL = 'grok-4'.
[2025-10-16 12:01:43,488] [INFO] EXIT: 'DialogueMoveGenerator' calling 'generate' (10.018066644668579 secs).
[2025-10-16 12:01:43,489] [INFO] ENTER: 'MASPromptGenerator' calling 'persuasiveness_choice'; CURRENT SPEAKER: grok-4_mas, DIALOGUE TURN NUM = 28.
[2025-10-16 12:01:43,490] [INFO] EXIT: 'MASPromptGenerator' calling 'persuasiveness_choice' (0.00013685226440429688 secs).
[2025-10-16 12:01:45,836] [INFO] Completion returned and validated within 'PersuasivenessChoiceAgent'; MODEL = 'grok-4'; DIALOGUE TURN NUM = 28.
[2025-10-16 12:01:47,774] [INFO] Completion returned and validated within 'PersuasivenessChoiceAgent'; MODEL = 'grok-4'; DIALOGUE TURN NUM = 28.
[2025-10-16 12:01:50,684] [INFO] Completion returned and validated within 'PersuasivenessChoiceAgent'; MODEL = 'grok-4'; DIALOGUE TURN NUM = 28.
[2025-10-16 12:01:50,684] [INFO] ENTER: 'DisambiguationAgent' calling '_grouping_similar_utterance_types'; CURRENT SPEAKER: grok-4_mas, DIALOGUE TURN NUM = 28.
[2025-10-16 12:01:50,684] [INFO] EXIT: 'DisambiguationAgent' calling '_grouping_similar_utterance_types' (9.298324584960938e-06 secs).
[2025-10-16 12:01:50,684] [INFO] ENTER: 'DisambiguationAgent' calling '_identifying_similar_sentences_and_choosing_one_to_return_to_user'; CURRENT SPEAKER: grok-4_mas, DIALOGUE TURN NUM = 28.
[2025-10-16 12:01:56,049] [INFO] 'DisambiguationAgent' grouped similar sentences, completion returned and validated; MODEL = 'grok-4'.
[2025-10-16 12:01:58,093] [INFO] 'DisambiguationAgent' chose sentences to remove, completion returned and validated from MODEL = 'grok-4'.
[2025-10-16 12:01:58,885] [INFO] 'DisambiguationAgent' chose sentences to remove, completion returned and validated from MODEL = 'grok-4'.
[2025-10-16 12:01:59,826] [INFO] 'DisambiguationAgent' chose sentences to remove, completion returned and validated from MODEL = 'grok-4'.
[2025-10-16 12:02:00,660] [INFO] 'DisambiguationAgent' chose sentences to remove, completion returned and validated from MODEL = 'grok-4'.
[2025-10-16 12:02:00,660] [INFO] EXIT: 'DisambiguationAgent' calling '_identifying_similar_sentences_and_choosing_one_to_return_to_user' (9.97525954246521 secs).
[2025-10-16 12:02:00,660] [INFO] ENTER: 'DisambiguationAgent' calling '_removing_repetitive_sentences'; CURRENT SPEAKER: grok-4_mas, DIALOGUE TURN NUM = 28.
[2025-10-16 12:02:00,660] [INFO] EXIT: 'DisambiguationAgent' calling '_removing_repetitive_sentences' (1.3589859008789062e-05 secs).
[2025-10-16 12:02:00,660] [INFO] ENTER: 'DisambiguationAgent' calling 'return_disambiguated_sentences'; CURRENT SPEAKER: grok-4_mas, DIALOGUE TURN NUM = 28.
[2025-10-16 12:02:00,660] [INFO] EXIT: 'DisambiguationAgent' calling 'return_disambiguated_sentences' (2.1457672119140625e-06 secs).
[2025-10-16 12:02:00,660] [ERROR] Wrong state used; State of type HumanState; error message: dict has unexpected extra key(s): "graph_rag_examples", "intermediate_generations", "knowledge_base_ensemble_or_model_name", "model_seed", "model_temp", "model_top_p", "number_of_graph_rag_examples", "number_of_vector_based_rag_examples", "political_position_prob_of_na", "political_position_range", "political_position_std", "speaker_model_name", "speaker_type", "vector_based_persona_string", "vector_based_persona_sys_prompt"
[2025-10-16 12:02:00,661] [INFO] Correct state used; State of type GenerationAgentsState; 'IGNORE THE ABOVE ERRORS'.
[2025-10-16 12:02:01,265] [INFO] 'commitment_update' completed '___Since___' update; MODEL = 'grok-4'.
[2025-10-16 12:02:01,864] [INFO] 'commitment_update' completed '___Claim___' update for current speaker's commitments; MODEL = 'grok-4'.
[2025-10-16 12:02:02,531] [INFO] 'commitment_update' completed '___Claim___' update for current speaker's commitments; MODEL = 'grok-4'.
[2025-10-16 12:02:03,171] [INFO] 'commitment_update' completed '___Since___' update; MODEL = 'grok-4'.
[2025-10-16 12:02:03,272] [ERROR] Wrong state used; State of type HumanState; error message: dict has unexpected extra key(s): "graph_rag_examples", "intermediate_generations", "knowledge_base_ensemble_or_model_name", "model_seed", "model_temp", "model_top_p", "number_of_graph_rag_examples", "number_of_vector_based_rag_examples", "political_position_prob_of_na", "political_position_range", "political_position_std", "speaker_model_name", "speaker_type", "vector_based_persona_string", "vector_based_persona_sys_prompt"
[2025-10-16 12:02:03,272] [INFO] Correct state used; State of type GenerationAgentsState; 'IGNORE THE ABOVE ERRORS'.
[2025-10-16 12:02:03,272] [INFO] ENTER: 'UtteranceClassificationAgent' calling '_classify_sentence_utterance_types'; CURRENT SPEAKER: grok-4_mas_rag, DIALOGUE TURN NUM = 29.
[2025-10-16 12:02:03,948] [INFO] 'UtteranceClassificationAgent' completion returned and validated from MODEL = 'ModelName.GROK_4'.
[2025-10-16 12:02:04,502] [INFO] 'UtteranceClassificationAgent' completion returned and validated from MODEL = 'ModelName.GROK_4'.
[2025-10-16 12:02:05,068] [INFO] 'UtteranceClassificationAgent' completion returned and validated from MODEL = 'ModelName.GROK_4'.
[2025-10-16 12:02:05,658] [INFO] 'UtteranceClassificationAgent' completion returned and validated from MODEL = 'ModelName.GROK_4'.
[2025-10-16 12:02:06,204] [INFO] 'UtteranceClassificationAgent' completion returned and validated from MODEL = 'ModelName.GROK_4'.
[2025-10-16 12:02:06,764] [INFO] 'UtteranceClassificationAgent' completion returned and validated from MODEL = 'ModelName.GROK_4'.
[2025-10-16 12:02:07,309] [INFO] 'UtteranceClassificationAgent' completion returned and validated from MODEL = 'ModelName.GROK_4'.
[2025-10-16 12:02:07,309] [INFO] EXIT: 'UtteranceClassificationAgent' calling '_classify_sentence_utterance_types' (4.037086248397827 secs).
[2025-10-16 12:02:07,309] [INFO] ENTER: 'UtteranceClassificationAgent' calling 'return_classified_sentences'; CURRENT SPEAKER: grok-4_mas_rag, DIALOGUE TURN NUM = 29.
[2025-10-16 12:02:07,309] [INFO] EXIT: 'UtteranceClassificationAgent' calling 'return_classified_sentences' (1.9073486328125e-06 secs).
[2025-10-16 12:02:07,337] [INFO] ENTER: 'GraphRAG' calling 'why'; CURRENT SPEAKER: grok-4_mas_rag, DIALOGUE TURN NUM = 29.
[2025-10-16 12:02:07,337] [INFO] ENTER: 'GraphRAG' calling 'query_graph'; CURRENT SPEAKER: grok-4_mas_rag, DIALOGUE TURN NUM = 29.
[2025-10-16 12:02:08,022] [INFO] EXIT: 'GraphRAG' calling 'query_graph' (0.6843910217285156 secs).
[2025-10-16 12:02:08,022] [INFO] EXIT: 'GraphRAG' calling 'why' (0.6848139762878418 secs).
[2025-10-16 12:02:08,022] [INFO] ENTER: 'GraphRAG' calling 'claim_negation'; CURRENT SPEAKER: grok-4_mas_rag, DIALOGUE TURN NUM = 29.
[2025-10-16 12:02:08,022] [INFO] ENTER: 'GraphRAG' calling 'query_graph'; CURRENT SPEAKER: grok-4_mas_rag, DIALOGUE TURN NUM = 29.
[2025-10-16 12:02:08,668] [INFO] EXIT: 'GraphRAG' calling 'query_graph' (0.6461737155914307 secs).
[2025-10-16 12:02:08,669] [INFO] EXIT: 'GraphRAG' calling 'claim_negation' (0.6466131210327148 secs).
[2025-10-16 12:02:08,669] [INFO] ENTER: 'GraphRAG' calling 'concede'; CURRENT SPEAKER: grok-4_mas_rag, DIALOGUE TURN NUM = 29.
[2025-10-16 12:02:08,669] [INFO] ENTER: 'GraphRAG' calling 'query_graph'; CURRENT SPEAKER: grok-4_mas_rag, DIALOGUE TURN NUM = 29.
[2025-10-16 12:02:09,346] [INFO] EXIT: 'GraphRAG' calling 'query_graph' (0.6772503852844238 secs).
[2025-10-16 12:02:09,346] [INFO] EXIT: 'GraphRAG' calling 'concede' (0.6776082515716553 secs).
[2025-10-16 12:02:09,346] [INFO] ENTER: 'GraphRAG' calling 'question'; CURRENT SPEAKER: grok-4_mas_rag, DIALOGUE TURN NUM = 29.
[2025-10-16 12:02:09,347] [INFO] ENTER: 'GraphRAG' calling 'query_graph'; CURRENT SPEAKER: grok-4_mas_rag, DIALOGUE TURN NUM = 29.
[2025-10-16 12:02:09,477] [INFO] EXIT: 'GraphRAG' calling 'query_graph' (0.13048386573791504 secs).
[2025-10-16 12:02:09,477] [INFO] EXIT: 'GraphRAG' calling 'question' (0.13087153434753418 secs).
[2025-10-16 12:02:09,495] [INFO] ENTER: 'GraphRAG' calling 'why'; CURRENT SPEAKER: grok-4_mas_rag, DIALOGUE TURN NUM = 29.
[2025-10-16 12:02:09,496] [INFO] ENTER: 'GraphRAG' calling 'query_graph'; CURRENT SPEAKER: grok-4_mas_rag, DIALOGUE TURN NUM = 29.
[2025-10-16 12:02:10,171] [INFO] EXIT: 'GraphRAG' calling 'query_graph' (0.6748120784759521 secs).
[2025-10-16 12:02:10,171] [INFO] EXIT: 'GraphRAG' calling 'why' (0.6751840114593506 secs).
[2025-10-16 12:02:10,171] [INFO] ENTER: 'GraphRAG' calling 'claim_negation'; CURRENT SPEAKER: grok-4_mas_rag, DIALOGUE TURN NUM = 29.
[2025-10-16 12:02:10,171] [INFO] ENTER: 'GraphRAG' calling 'query_graph'; CURRENT SPEAKER: grok-4_mas_rag, DIALOGUE TURN NUM = 29.
[2025-10-16 12:02:10,818] [INFO] EXIT: 'GraphRAG' calling 'query_graph' (0.6473815441131592 secs).
[2025-10-16 12:02:10,819] [INFO] EXIT: 'GraphRAG' calling 'claim_negation' (0.647770881652832 secs).
[2025-10-16 12:02:10,819] [INFO] ENTER: 'GraphRAG' calling 'concede'; CURRENT SPEAKER: grok-4_mas_rag, DIALOGUE TURN NUM = 29.
[2025-10-16 12:02:10,819] [INFO] ENTER: 'GraphRAG' calling 'query_graph'; CURRENT SPEAKER: grok-4_mas_rag, DIALOGUE TURN NUM = 29.
[2025-10-16 12:02:11,496] [INFO] EXIT: 'GraphRAG' calling 'query_graph' (0.677548885345459 secs).
[2025-10-16 12:02:11,497] [INFO] EXIT: 'GraphRAG' calling 'concede' (0.6779282093048096 secs).
[2025-10-16 12:02:11,497] [INFO] ENTER: 'GraphRAG' calling 'question'; CURRENT SPEAKER: grok-4_mas_rag, DIALOGUE TURN NUM = 29.
[2025-10-16 12:02:11,497] [INFO] ENTER: 'GraphRAG' calling 'query_graph'; CURRENT SPEAKER: grok-4_mas_rag, DIALOGUE TURN NUM = 29.
[2025-10-16 12:02:11,621] [INFO] EXIT: 'GraphRAG' calling 'query_graph' (0.12432456016540527 secs).
[2025-10-16 12:02:11,621] [INFO] EXIT: 'GraphRAG' calling 'question' (0.12475943565368652 secs).
[2025-10-16 12:02:11,640] [INFO] ENTER: 'GraphRAG' calling 'why'; CURRENT SPEAKER: grok-4_mas_rag, DIALOGUE TURN NUM = 29.
[2025-10-16 12:02:11,641] [INFO] ENTER: 'GraphRAG' calling 'query_graph'; CURRENT SPEAKER: grok-4_mas_rag, DIALOGUE TURN NUM = 29.
[2025-10-16 12:02:12,360] [INFO] EXIT: 'GraphRAG' calling 'query_graph' (0.7198302745819092 secs).
[2025-10-16 12:02:12,361] [INFO] EXIT: 'GraphRAG' calling 'why' (0.7202603816986084 secs).
[2025-10-16 12:02:12,361] [INFO] ENTER: 'GraphRAG' calling 'concede'; CURRENT SPEAKER: grok-4_mas_rag, DIALOGUE TURN NUM = 29.
[2025-10-16 12:02:12,361] [INFO] ENTER: 'GraphRAG' calling 'query_graph'; CURRENT SPEAKER: grok-4_mas_rag, DIALOGUE TURN NUM = 29.
[2025-10-16 12:02:13,038] [INFO] EXIT: 'GraphRAG' calling 'query_graph' (0.6771807670593262 secs).
[2025-10-16 12:02:13,038] [INFO] EXIT: 'GraphRAG' calling 'concede' (0.6775908470153809 secs).
[2025-10-16 12:02:13,038] [INFO] ENTER: 'GraphRAG' calling 'question'; CURRENT SPEAKER: grok-4_mas_rag, DIALOGUE TURN NUM = 29.
[2025-10-16 12:02:13,039] [INFO] ENTER: 'GraphRAG' calling 'query_graph'; CURRENT SPEAKER: grok-4_mas_rag, DIALOGUE TURN NUM = 29.
[2025-10-16 12:02:13,692] [INFO] EXIT: 'GraphRAG' calling 'query_graph' (0.6532084941864014 secs).
[2025-10-16 12:02:13,692] [INFO] EXIT: 'GraphRAG' calling 'question' (0.653623104095459 secs).
[2025-10-16 12:02:13,710] [INFO] ENTER: 'GraphRAG' calling 'since'; CURRENT SPEAKER: grok-4_mas_rag, DIALOGUE TURN NUM = 29.
[2025-10-16 12:02:13,710] [INFO] ENTER: 'GraphRAG' calling 'query_graph'; CURRENT SPEAKER: grok-4_mas_rag, DIALOGUE TURN NUM = 29.
[2025-10-16 12:02:13,732] [INFO] EXIT: 'GraphRAG' calling 'query_graph' (0.02208089828491211 secs).
[2025-10-16 12:02:13,732] [INFO] EXIT: 'GraphRAG' calling 'since' (0.022428274154663086 secs).
[2025-10-16 12:02:13,732] [INFO] ENTER: 'GraphRAG' calling 'claim'; CURRENT SPEAKER: grok-4_mas_rag, DIALOGUE TURN NUM = 29.
[2025-10-16 12:02:13,733] [INFO] ENTER: 'GraphRAG' calling 'query_graph'; CURRENT SPEAKER: grok-4_mas_rag, DIALOGUE TURN NUM = 29.
[2025-10-16 12:02:13,750] [INFO] EXIT: 'GraphRAG' calling 'query_graph' (0.017052412033081055 secs).
[2025-10-16 12:02:13,750] [INFO] EXIT: 'GraphRAG' calling 'claim' (0.01742410659790039 secs).
[2025-10-16 12:02:13,767] [INFO] ENTER: 'GraphRAG' calling 'why'; CURRENT SPEAKER: grok-4_mas_rag, DIALOGUE TURN NUM = 29.
[2025-10-16 12:02:13,767] [INFO] ENTER: 'GraphRAG' calling 'query_graph'; CURRENT SPEAKER: grok-4_mas_rag, DIALOGUE TURN NUM = 29.
[2025-10-16 12:02:14,441] [INFO] EXIT: 'GraphRAG' calling 'query_graph' (0.6738388538360596 secs).
[2025-10-16 12:02:14,441] [INFO] EXIT: 'GraphRAG' calling 'why' (0.6742379665374756 secs).
[2025-10-16 12:02:14,442] [INFO] ENTER: 'GraphRAG' calling 'claim_negation'; CURRENT SPEAKER: grok-4_mas_rag, DIALOGUE TURN NUM = 29.
[2025-10-16 12:02:14,442] [INFO] ENTER: 'GraphRAG' calling 'query_graph'; CURRENT SPEAKER: grok-4_mas_rag, DIALOGUE TURN NUM = 29.
[2025-10-16 12:02:15,087] [INFO] EXIT: 'GraphRAG' calling 'query_graph' (0.6455667018890381 secs).
[2025-10-16 12:02:15,088] [INFO] EXIT: 'GraphRAG' calling 'claim_negation' (0.6459720134735107 secs).
[2025-10-16 12:02:15,088] [INFO] ENTER: 'GraphRAG' calling 'concede'; CURRENT SPEAKER: grok-4_mas_rag, DIALOGUE TURN NUM = 29.
[2025-10-16 12:02:15,088] [INFO] ENTER: 'GraphRAG' calling 'query_graph'; CURRENT SPEAKER: grok-4_mas_rag, DIALOGUE TURN NUM = 29.
[2025-10-16 12:02:15,763] [INFO] EXIT: 'GraphRAG' calling 'query_graph' (0.6752269268035889 secs).
[2025-10-16 12:02:15,763] [INFO] EXIT: 'GraphRAG' calling 'concede' (0.6756174564361572 secs).
[2025-10-16 12:02:15,763] [INFO] ENTER: 'GraphRAG' calling 'question'; CURRENT SPEAKER: grok-4_mas_rag, DIALOGUE TURN NUM = 29.
[2025-10-16 12:02:15,764] [INFO] ENTER: 'GraphRAG' calling 'query_graph'; CURRENT SPEAKER: grok-4_mas_rag, DIALOGUE TURN NUM = 29.
[2025-10-16 12:02:15,889] [INFO] EXIT: 'GraphRAG' calling 'query_graph' (0.12540030479431152 secs).
[2025-10-16 12:02:15,889] [INFO] EXIT: 'GraphRAG' calling 'question' (0.1258072853088379 secs).
[2025-10-16 12:02:15,907] [INFO] ENTER: 'GraphRAG' calling 'why'; CURRENT SPEAKER: grok-4_mas_rag, DIALOGUE TURN NUM = 29.
[2025-10-16 12:02:15,907] [INFO] ENTER: 'GraphRAG' calling 'query_graph'; CURRENT SPEAKER: grok-4_mas_rag, DIALOGUE TURN NUM = 29.
[2025-10-16 12:02:16,582] [INFO] EXIT: 'GraphRAG' calling 'query_graph' (0.6744682788848877 secs).
[2025-10-16 12:02:16,582] [INFO] EXIT: 'GraphRAG' calling 'why' (0.674882173538208 secs).
[2025-10-16 12:02:16,582] [INFO] ENTER: 'GraphRAG' calling 'claim_negation'; CURRENT SPEAKER: grok-4_mas_rag, DIALOGUE TURN NUM = 29.
[2025-10-16 12:02:16,582] [INFO] ENTER: 'GraphRAG' calling 'query_graph'; CURRENT SPEAKER: grok-4_mas_rag, DIALOGUE TURN NUM = 29.
[2025-10-16 12:02:17,227] [INFO] EXIT: 'GraphRAG' calling 'query_graph' (0.6452288627624512 secs).
[2025-10-16 12:02:17,227] [INFO] EXIT: 'GraphRAG' calling 'claim_negation' (0.6456167697906494 secs).
[2025-10-16 12:02:17,228] [INFO] ENTER: 'GraphRAG' calling 'concede'; CURRENT SPEAKER: grok-4_mas_rag, DIALOGUE TURN NUM = 29.
[2025-10-16 12:02:17,228] [INFO] ENTER: 'GraphRAG' calling 'query_graph'; CURRENT SPEAKER: grok-4_mas_rag, DIALOGUE TURN NUM = 29.
[2025-10-16 12:02:17,906] [INFO] EXIT: 'GraphRAG' calling 'query_graph' (0.6781775951385498 secs).
[2025-10-16 12:02:17,906] [INFO] EXIT: 'GraphRAG' calling 'concede' (0.6785624027252197 secs).
[2025-10-16 12:02:17,906] [INFO] ENTER: 'GraphRAG' calling 'question'; CURRENT SPEAKER: grok-4_mas_rag, DIALOGUE TURN NUM = 29.
[2025-10-16 12:02:17,906] [INFO] ENTER: 'GraphRAG' calling 'query_graph'; CURRENT SPEAKER: grok-4_mas_rag, DIALOGUE TURN NUM = 29.
[2025-10-16 12:02:18,032] [INFO] EXIT: 'GraphRAG' calling 'query_graph' (0.1258549690246582 secs).
[2025-10-16 12:02:18,032] [INFO] EXIT: 'GraphRAG' calling 'question' (0.12629985809326172 secs).
[2025-10-16 12:02:18,051] [INFO] ENTER: 'GraphRAG' calling 'why'; CURRENT SPEAKER: grok-4_mas_rag, DIALOGUE TURN NUM = 29.
[2025-10-16 12:02:18,051] [INFO] ENTER: 'GraphRAG' calling 'query_graph'; CURRENT SPEAKER: grok-4_mas_rag, DIALOGUE TURN NUM = 29.
[2025-10-16 12:02:18,726] [INFO] EXIT: 'GraphRAG' calling 'query_graph' (0.6747043132781982 secs).
[2025-10-16 12:02:18,726] [INFO] EXIT: 'GraphRAG' calling 'why' (0.6751148700714111 secs).
[2025-10-16 12:02:18,726] [INFO] ENTER: 'GraphRAG' calling 'claim_negation'; CURRENT SPEAKER: grok-4_mas_rag, DIALOGUE TURN NUM = 29.
[2025-10-16 12:02:18,727] [INFO] ENTER: 'GraphRAG' calling 'query_graph'; CURRENT SPEAKER: grok-4_mas_rag, DIALOGUE TURN NUM = 29.
[2025-10-16 12:02:19,373] [INFO] EXIT: 'GraphRAG' calling 'query_graph' (0.6461765766143799 secs).
[2025-10-16 12:02:19,373] [INFO] EXIT: 'GraphRAG' calling 'claim_negation' (0.6466224193572998 secs).
[2025-10-16 12:02:19,373] [INFO] ENTER: 'GraphRAG' calling 'concede'; CURRENT SPEAKER: grok-4_mas_rag, DIALOGUE TURN NUM = 29.
[2025-10-16 12:02:19,373] [INFO] ENTER: 'GraphRAG' calling 'query_graph'; CURRENT SPEAKER: grok-4_mas_rag, DIALOGUE TURN NUM = 29.
[2025-10-16 12:02:20,051] [INFO] EXIT: 'GraphRAG' calling 'query_graph' (0.6776771545410156 secs).
[2025-10-16 12:02:20,051] [INFO] EXIT: 'GraphRAG' calling 'concede' (0.6780986785888672 secs).
[2025-10-16 12:02:20,051] [INFO] ENTER: 'GraphRAG' calling 'question'; CURRENT SPEAKER: grok-4_mas_rag, DIALOGUE TURN NUM = 29.
[2025-10-16 12:02:20,052] [INFO] ENTER: 'GraphRAG' calling 'query_graph'; CURRENT SPEAKER: grok-4_mas_rag, DIALOGUE TURN NUM = 29.
[2025-10-16 12:02:20,182] [INFO] EXIT: 'GraphRAG' calling 'query_graph' (0.13054203987121582 secs).
[2025-10-16 12:02:20,183] [INFO] EXIT: 'GraphRAG' calling 'question' (0.1321709156036377 secs).
[2025-10-16 12:02:20,183] [INFO] ENTER: 'GraphRAG' calling 'return_rag_examples'; CURRENT SPEAKER: grok-4_mas_rag, DIALOGUE TURN NUM = 29.
[2025-10-16 12:02:20,183] [INFO] EXIT: 'GraphRAG' calling 'return_rag_examples' (2.1457672119140625e-06 secs).
[2025-10-16 12:02:20,186] [INFO] ENTER: 'DialogueMoveGenerator' calling 'generate'; CURRENT SPEAKER: grok-4_mas_rag, DIALOGUE TURN NUM = 29.
[2025-10-16 12:02:20,186] [INFO] ENTER: 'MASPromptGenerator' calling 'claim'; CURRENT SPEAKER: grok-4_mas_rag, DIALOGUE TURN NUM = 29.
[2025-10-16 12:02:20,187] [INFO] EXIT: 'MASPromptGenerator' calling 'claim' (0.0001266002655029297 secs).
[2025-10-16 12:02:20,187] [INFO] ENTER: 'DialogueMoveGenerator' calling 'generate'; CURRENT SPEAKER: grok-4_mas_rag, DIALOGUE TURN NUM = 29.
[2025-10-16 12:02:20,187] [INFO] ENTER: 'MASPromptGenerator' calling 'claim_negation'; CURRENT SPEAKER: grok-4_mas_rag, DIALOGUE TURN NUM = 29.
[2025-10-16 12:02:20,188] [INFO] EXIT: 'MASPromptGenerator' calling 'claim_negation' (7.510185241699219e-05 secs).
[2025-10-16 12:02:20,189] [INFO] ENTER: 'DialogueMoveGenerator' calling 'generate'; CURRENT SPEAKER: grok-4_mas_rag, DIALOGUE TURN NUM = 29.
[2025-10-16 12:02:20,190] [INFO] ENTER: 'DialogueMoveGenerator' calling 'generate'; CURRENT SPEAKER: grok-4_mas_rag, DIALOGUE TURN NUM = 29.
[2025-10-16 12:02:20,190] [INFO] ENTER: 'MASPromptGenerator' calling 'concede_claim'; CURRENT SPEAKER: grok-4_mas_rag, DIALOGUE TURN NUM = 29.
[2025-10-16 12:02:20,190] [INFO] ENTER: 'DialogueMoveGenerator' calling 'generate'; CURRENT SPEAKER: grok-4_mas_rag, DIALOGUE TURN NUM = 29.
[2025-10-16 12:02:20,191] [INFO] ENTER: 'MASPromptGenerator' calling 'question_claim'; CURRENT SPEAKER: grok-4_mas_rag, DIALOGUE TURN NUM = 29.
[2025-10-16 12:02:20,191] [INFO] ENTER: 'DialogueMoveGenerator' calling 'generate'; CURRENT SPEAKER: grok-4_mas_rag, DIALOGUE TURN NUM = 29.
[2025-10-16 12:02:20,191] [INFO] EXIT: 'MASPromptGenerator' calling 'concede_claim' (8.225440979003906e-05 secs).
[2025-10-16 12:02:20,191] [INFO] ENTER: 'DialogueMoveGenerator' calling 'generate'; CURRENT SPEAKER: grok-4_mas_rag, DIALOGUE TURN NUM = 29.
[2025-10-16 12:02:20,192] [INFO] ENTER: 'MASPromptGenerator' calling 'retract_claim'; CURRENT SPEAKER: grok-4_mas_rag, DIALOGUE TURN NUM = 29.
[2025-10-16 12:02:20,192] [INFO] EXIT: 'MASPromptGenerator' calling 'question_claim' (7.534027099609375e-05 secs).
[2025-10-16 12:02:20,192] [INFO] ENTER: 'MASPromptGenerator' calling 'since_claim'; CURRENT SPEAKER: grok-4_mas_rag, DIALOGUE TURN NUM = 29.
[2025-10-16 12:02:20,192] [INFO] ENTER: 'MASPromptGenerator' calling 'why_claim'; CURRENT SPEAKER: grok-4_mas_rag, DIALOGUE TURN NUM = 29.
[2025-10-16 12:02:20,192] [INFO] EXIT: 'MASPromptGenerator' calling 'retract_claim' (5.8650970458984375e-05 secs).
[2025-10-16 12:02:20,193] [INFO] EXIT: 'MASPromptGenerator' calling 'since_claim' (5.125999450683594e-05 secs).
[2025-10-16 12:02:20,193] [INFO] EXIT: 'MASPromptGenerator' calling 'why_claim' (5.91278076171875e-05 secs).
[2025-10-16 12:02:22,825] [INFO] Completion returned and validated from MODEL = 'grok-4'.
[2025-10-16 12:02:22,938] [INFO] Completion returned and validated from MODEL = 'grok-4'.
[2025-10-16 12:02:23,225] [INFO] Completion returned and validated from MODEL = 'grok-4'.
[2025-10-16 12:02:23,225] [INFO] EXIT: 'DialogueMoveGenerator' calling 'generate' (3.033256769180298 secs).
[2025-10-16 12:02:23,576] [INFO] Completion returned and validated from MODEL = 'grok-4'.
[2025-10-16 12:02:23,577] [INFO] EXIT: 'DialogueMoveGenerator' calling 'generate' (3.390388011932373 secs).
[2025-10-16 12:02:23,751] [INFO] Completion returned and validated from MODEL = 'grok-4'.
[2025-10-16 12:02:23,751] [INFO] EXIT: 'DialogueMoveGenerator' calling 'generate' (3.559156894683838 secs).
[2025-10-16 12:02:24,137] [INFO] Completion returned and validated from MODEL = 'grok-4'.
[2025-10-16 12:02:25,581] [INFO] Completion returned and validated from MODEL = 'grok-4'.
[2025-10-16 12:02:25,604] [INFO] Completion returned and validated from MODEL = 'grok-4'.
[2025-10-16 12:02:25,710] [INFO] Completion returned and validated from MODEL = 'grok-4'.
[2025-10-16 12:02:26,308] [INFO] Completion returned and validated from MODEL = 'grok-4'.
[2025-10-16 12:02:27,695] [INFO] Completion returned and validated from MODEL = 'grok-4'.
[2025-10-16 12:02:27,793] [INFO] Completion returned and validated from MODEL = 'grok-4'.
[2025-10-16 12:02:27,897] [INFO] Completion returned and validated from MODEL = 'grok-4'.
[2025-10-16 12:02:29,077] [INFO] Completion returned and validated from MODEL = 'grok-4'.
[2025-10-16 12:02:30,303] [INFO] Completion returned and validated from MODEL = 'grok-4'.
[2025-10-16 12:02:30,425] [INFO] Completion returned and validated from MODEL = 'grok-4'.
[2025-10-16 12:02:30,689] [INFO] Completion returned and validated from MODEL = 'grok-4'.
[2025-10-16 12:02:31,181] [INFO] Completion returned and validated from MODEL = 'grok-4'.
[2025-10-16 12:02:32,662] [INFO] Completion returned and validated from MODEL = 'grok-4'.
[2025-10-16 12:02:33,343] [INFO] Completion returned and validated from MODEL = 'grok-4'.
[2025-10-16 12:02:33,566] [INFO] Completion returned and validated from MODEL = 'grok-4'.
[2025-10-16 12:02:33,579] [INFO] Completion returned and validated from MODEL = 'grok-4'.
[2025-10-16 12:02:35,028] [INFO] Completion returned and validated from MODEL = 'grok-4'.
[2025-10-16 12:02:35,029] [INFO] EXIT: 'DialogueMoveGenerator' calling 'generate' (14.83769154548645 secs).
[2025-10-16 12:02:35,717] [INFO] Completion returned and validated from MODEL = 'grok-4'.
[2025-10-16 12:02:35,717] [INFO] EXIT: 'DialogueMoveGenerator' calling 'generate' (15.526892900466919 secs).
[2025-10-16 12:02:36,143] [INFO] Completion returned and validated from MODEL = 'grok-4'.
[2025-10-16 12:02:36,143] [INFO] EXIT: 'DialogueMoveGenerator' calling 'generate' (15.955339431762695 secs).
[2025-10-16 12:02:36,507] [INFO] Completion returned and validated from MODEL = 'grok-4'.
[2025-10-16 12:02:36,507] [INFO] EXIT: 'DialogueMoveGenerator' calling 'generate' (16.314879179000854 secs).
[2025-10-16 12:02:36,508] [INFO] ENTER: 'MASPromptGenerator' calling 'persuasiveness_choice'; CURRENT SPEAKER: grok-4_mas_rag, DIALOGUE TURN NUM = 29.
[2025-10-16 12:02:36,509] [INFO] EXIT: 'MASPromptGenerator' calling 'persuasiveness_choice' (0.00034236907958984375 secs).
[2025-10-16 12:02:38,451] [INFO] Completion returned and validated within 'PersuasivenessChoiceAgent'; MODEL = 'grok-4'; DIALOGUE TURN NUM = 29.
[2025-10-16 12:02:40,829] [INFO] Completion returned and validated within 'PersuasivenessChoiceAgent'; MODEL = 'grok-4'; DIALOGUE TURN NUM = 29.
[2025-10-16 12:02:43,411] [INFO] Completion returned and validated within 'PersuasivenessChoiceAgent'; MODEL = 'grok-4'; DIALOGUE TURN NUM = 29.
[2025-10-16 12:02:47,065] [INFO] Completion returned and validated within 'PersuasivenessChoiceAgent'; MODEL = 'grok-4'; DIALOGUE TURN NUM = 29.
[2025-10-16 12:02:49,264] [INFO] Completion returned and validated within 'PersuasivenessChoiceAgent'; MODEL = 'grok-4'; DIALOGUE TURN NUM = 29.
[2025-10-16 12:02:52,034] [INFO] Completion returned and validated within 'PersuasivenessChoiceAgent'; MODEL = 'grok-4'; DIALOGUE TURN NUM = 29.
[2025-10-16 12:02:54,932] [INFO] Completion returned and validated within 'PersuasivenessChoiceAgent'; MODEL = 'grok-4'; DIALOGUE TURN NUM = 29.
[2025-10-16 12:02:54,932] [INFO] ENTER: 'DisambiguationAgent' calling '_grouping_similar_utterance_types'; CURRENT SPEAKER: grok-4_mas_rag, DIALOGUE TURN NUM = 29.
[2025-10-16 12:02:54,932] [INFO] EXIT: 'DisambiguationAgent' calling '_grouping_similar_utterance_types' (1.8358230590820312e-05 secs).
[2025-10-16 12:02:54,932] [INFO] ENTER: 'DisambiguationAgent' calling '_identifying_similar_sentences_and_choosing_one_to_return_to_user'; CURRENT SPEAKER: grok-4_mas_rag, DIALOGUE TURN NUM = 29.
[2025-10-16 12:03:01,902] [INFO] 'DisambiguationAgent' grouped similar sentences, completion returned and validated; MODEL = 'grok-4'.
[2025-10-16 12:03:02,754] [INFO] 'DisambiguationAgent' chose sentences to remove, completion returned and validated from MODEL = 'grok-4'.
[2025-10-16 12:03:03,733] [INFO] 'DisambiguationAgent' chose sentences to remove, completion returned and validated from MODEL = 'grok-4'.
[2025-10-16 12:03:04,910] [INFO] 'DisambiguationAgent' chose sentences to remove, completion returned and validated from MODEL = 'grok-4'.
[2025-10-16 12:03:04,910] [INFO] EXIT: 'DisambiguationAgent' calling '_identifying_similar_sentences_and_choosing_one_to_return_to_user' (9.977957010269165 secs).
[2025-10-16 12:03:04,910] [INFO] ENTER: 'DisambiguationAgent' calling '_identifying_similar_sentences_and_choosing_one_to_return_to_user'; CURRENT SPEAKER: grok-4_mas_rag, DIALOGUE TURN NUM = 29.
[2025-10-16 12:03:11,430] [INFO] 'DisambiguationAgent' grouped similar sentences, completion returned and validated; MODEL = 'grok-4'.
[2025-10-16 12:03:12,204] [INFO] 'DisambiguationAgent' chose sentences to remove, completion returned and validated from MODEL = 'grok-4'.
[2025-10-16 12:03:13,283] [INFO] 'DisambiguationAgent' chose sentences to remove, completion returned and validated from MODEL = 'grok-4'.
[2025-10-16 12:03:14,352] [INFO] 'DisambiguationAgent' chose sentences to remove, completion returned and validated from MODEL = 'grok-4'.
[2025-10-16 12:03:18,487] [INFO] 'DisambiguationAgent' chose sentences to remove, completion returned and validated from MODEL = 'grok-4'.
[2025-10-16 12:03:18,487] [INFO] EXIT: 'DisambiguationAgent' calling '_identifying_similar_sentences_and_choosing_one_to_return_to_user' (13.576949834823608 secs).
[2025-10-16 12:03:18,487] [INFO] ENTER: 'DisambiguationAgent' calling '_removing_repetitive_sentences'; CURRENT SPEAKER: grok-4_mas_rag, DIALOGUE TURN NUM = 29.
[2025-10-16 12:03:18,487] [INFO] EXIT: 'DisambiguationAgent' calling '_removing_repetitive_sentences' (2.574920654296875e-05 secs).
[2025-10-16 12:03:18,487] [INFO] ENTER: 'DisambiguationAgent' calling '_choose_the_most_persuasive_sentences'; CURRENT SPEAKER: grok-4_mas_rag, DIALOGUE TURN NUM = 29.
[2025-10-16 12:03:24,350] [INFO] 'DisambiguationAgent': reached maximum allowed sentences, succussfully chose most persuasive sentences, completion returned and validated from MODEL = 'grok-4'.
[2025-10-16 12:03:24,350] [INFO] EXIT: 'DisambiguationAgent' calling '_choose_the_most_persuasive_sentences' (5.862172365188599 secs).
[2025-10-16 12:03:24,350] [INFO] ENTER: 'DisambiguationAgent' calling 'return_disambiguated_sentences'; CURRENT SPEAKER: grok-4_mas_rag, DIALOGUE TURN NUM = 29.
[2025-10-16 12:03:24,350] [INFO] EXIT: 'DisambiguationAgent' calling 'return_disambiguated_sentences' (2.6226043701171875e-06 secs).
[2025-10-16 12:03:24,350] [ERROR] Wrong state used; State of type HumanState; error message: dict has unexpected extra key(s): "graph_rag_examples", "intermediate_generations", "knowledge_base_ensemble_or_model_name", "model_seed", "model_temp", "model_top_p", "number_of_graph_rag_examples", "number_of_vector_based_rag_examples", "political_position_prob_of_na", "political_position_range", "political_position_std", "speaker_model_name", "speaker_type", "vector_based_persona_string", "vector_based_persona_sys_prompt"
[2025-10-16 12:03:24,351] [INFO] Correct state used; State of type GenerationAgentsState; 'IGNORE THE ABOVE ERRORS'.
[2025-10-16 12:03:24,937] [INFO] 'commitment_update' completed '___Claim___' update for current speaker's commitments; MODEL = 'grok-4'.
[2025-10-16 12:03:25,509] [INFO] 'commitment_update' completed '___Claim___' update for current speaker's commitments; MODEL = 'grok-4'.
[2025-10-16 12:03:25,646] [ERROR] Wrong state used; State of type HumanState; error message: dict has unexpected extra key(s): "graph_rag_examples", "intermediate_generations", "knowledge_base_ensemble_or_model_name", "model_seed", "model_temp", "model_top_p", "number_of_graph_rag_examples", "number_of_vector_based_rag_examples", "political_position_prob_of_na", "political_position_range", "political_position_std", "speaker_model_name", "speaker_type", "vector_based_persona_string", "vector_based_persona_sys_prompt"
[2025-10-16 12:03:25,648] [INFO] Correct state used; State of type GenerationAgentsState; 'IGNORE THE ABOVE ERRORS'.
[2025-10-16 12:03:25,648] [INFO] ENTER: 'UtteranceClassificationAgent' calling '_classify_sentence_utterance_types'; CURRENT SPEAKER: grok-4_mas, DIALOGUE TURN NUM = 30.
[2025-10-16 12:03:26,228] [INFO] 'UtteranceClassificationAgent' completion returned and validated from MODEL = 'ModelName.GROK_4'.
[2025-10-16 12:03:26,779] [INFO] 'UtteranceClassificationAgent' completion returned and validated from MODEL = 'ModelName.GROK_4'.
[2025-10-16 12:03:28,069] [INFO] 'UtteranceClassificationAgent' completion returned and validated from MODEL = 'ModelName.GROK_4'.
[2025-10-16 12:03:28,621] [INFO] 'UtteranceClassificationAgent' completion returned and validated from MODEL = 'ModelName.GROK_4'.
[2025-10-16 12:03:29,250] [INFO] 'UtteranceClassificationAgent' completion returned and validated from MODEL = 'ModelName.GROK_4'.
[2025-10-16 12:03:29,823] [INFO] 'UtteranceClassificationAgent' completion returned and validated from MODEL = 'ModelName.GROK_4'.
[2025-10-16 12:03:30,378] [INFO] 'UtteranceClassificationAgent' completion returned and validated from MODEL = 'ModelName.GROK_4'.
[2025-10-16 12:03:30,378] [INFO] EXIT: 'UtteranceClassificationAgent' calling '_classify_sentence_utterance_types' (4.7300310134887695 secs).
[2025-10-16 12:03:30,378] [INFO] ENTER: 'UtteranceClassificationAgent' calling 'return_classified_sentences'; CURRENT SPEAKER: grok-4_mas, DIALOGUE TURN NUM = 30.
[2025-10-16 12:03:30,378] [INFO] EXIT: 'UtteranceClassificationAgent' calling 'return_classified_sentences' (1.9073486328125e-06 secs).
[2025-10-16 12:03:30,395] [INFO] ENTER: 'DialogueMoveGenerator' calling 'generate'; CURRENT SPEAKER: grok-4_mas, DIALOGUE TURN NUM = 30.
[2025-10-16 12:03:30,396] [INFO] ENTER: 'DialogueMoveGenerator' calling 'generate'; CURRENT SPEAKER: grok-4_mas, DIALOGUE TURN NUM = 30.
[2025-10-16 12:03:30,396] [INFO] ENTER: 'DialogueMoveGenerator' calling 'generate'; CURRENT SPEAKER: grok-4_mas, DIALOGUE TURN NUM = 30.
[2025-10-16 12:03:30,396] [INFO] ENTER: 'DialogueMoveGenerator' calling 'generate'; CURRENT SPEAKER: grok-4_mas, DIALOGUE TURN NUM = 30.
[2025-10-16 12:03:30,396] [INFO] ENTER: 'DialogueMoveGenerator' calling 'generate'; CURRENT SPEAKER: grok-4_mas, DIALOGUE TURN NUM = 30.
[2025-10-16 12:03:30,397] [INFO] ENTER: 'DialogueMoveGenerator' calling 'generate'; CURRENT SPEAKER: grok-4_mas, DIALOGUE TURN NUM = 30.
[2025-10-16 12:03:30,397] [INFO] ENTER: 'MASPromptGenerator' calling 'claim'; CURRENT SPEAKER: grok-4_mas, DIALOGUE TURN NUM = 30.
[2025-10-16 12:03:30,397] [INFO] ENTER: 'DialogueMoveGenerator' calling 'generate'; CURRENT SPEAKER: grok-4_mas, DIALOGUE TURN NUM = 30.
[2025-10-16 12:03:30,397] [INFO] ENTER: 'MASPromptGenerator' calling 'claim_negation'; CURRENT SPEAKER: grok-4_mas, DIALOGUE TURN NUM = 30.
[2025-10-16 12:03:30,397] [INFO] ENTER: 'MASPromptGenerator' calling 'concede_claim'; CURRENT SPEAKER: grok-4_mas, DIALOGUE TURN NUM = 30.
[2025-10-16 12:03:30,397] [INFO] ENTER: 'MASPromptGenerator' calling 'question_claim'; CURRENT SPEAKER: grok-4_mas, DIALOGUE TURN NUM = 30.
[2025-10-16 12:03:30,398] [INFO] ENTER: 'MASPromptGenerator' calling 'retract_claim'; CURRENT SPEAKER: grok-4_mas, DIALOGUE TURN NUM = 30.
[2025-10-16 12:03:30,398] [INFO] ENTER: 'MASPromptGenerator' calling 'since_claim'; CURRENT SPEAKER: grok-4_mas, DIALOGUE TURN NUM = 30.
[2025-10-16 12:03:30,398] [INFO] EXIT: 'MASPromptGenerator' calling 'claim' (5.602836608886719e-05 secs).
[2025-10-16 12:03:30,398] [INFO] ENTER: 'MASPromptGenerator' calling 'why_claim'; CURRENT SPEAKER: grok-4_mas, DIALOGUE TURN NUM = 30.
[2025-10-16 12:03:30,398] [INFO] EXIT: 'MASPromptGenerator' calling 'claim_negation' (9.489059448242188e-05 secs).
[2025-10-16 12:03:30,398] [INFO] EXIT: 'MASPromptGenerator' calling 'concede_claim' (0.00010204315185546875 secs).
[2025-10-16 12:03:30,398] [INFO] EXIT: 'MASPromptGenerator' calling 'question_claim' (0.00011038780212402344 secs).
[2025-10-16 12:03:30,399] [INFO] EXIT: 'MASPromptGenerator' calling 'retract_claim' (9.703636169433594e-05 secs).
[2025-10-16 12:03:30,399] [INFO] EXIT: 'MASPromptGenerator' calling 'since_claim' (9.298324584960938e-05 secs).
[2025-10-16 12:03:30,399] [INFO] EXIT: 'MASPromptGenerator' calling 'why_claim' (8.821487426757812e-05 secs).
[2025-10-16 12:03:32,764] [INFO] Completion returned and validated from MODEL = 'grok-4'.
[2025-10-16 12:03:32,768] [INFO] Completion returned and validated from MODEL = 'grok-4'.
[2025-10-16 12:03:33,181] [INFO] Completion returned and validated from MODEL = 'grok-4'.
[2025-10-16 12:03:33,249] [INFO] Completion returned and validated from MODEL = 'grok-4'.
[2025-10-16 12:03:33,373] [INFO] Completion returned and validated from MODEL = 'grok-4'.
[2025-10-16 12:03:33,852] [INFO] Completion returned and validated from MODEL = 'grok-4'.
[2025-10-16 12:03:34,982] [INFO] Completion returned and validated from MODEL = 'grok-4'.
[2025-10-16 12:03:35,693] [INFO] Completion returned and validated from MODEL = 'grok-4'.
[2025-10-16 12:03:35,844] [INFO] Completion returned and validated from MODEL = 'grok-4'.
[2025-10-16 12:03:36,303] [INFO] Completion returned and validated from MODEL = 'grok-4'.
[2025-10-16 12:03:36,506] [INFO] Completion returned and validated from MODEL = 'grok-4'.
[2025-10-16 12:03:38,676] [INFO] Completion returned and validated from MODEL = 'grok-4'.
[2025-10-16 12:03:39,834] [INFO] Completion returned and validated from MODEL = 'grok-4'.
[2025-10-16 12:03:39,851] [INFO] Completion returned and validated from MODEL = 'grok-4'.
[2025-10-16 12:03:39,851] [INFO] EXIT: 'DialogueMoveGenerator' calling 'generate' (9.453774213790894 secs).
[2025-10-16 12:03:40,191] [INFO] Completion returned and validated from MODEL = 'grok-4'.
[2025-10-16 12:03:40,257] [INFO] Completion returned and validated from MODEL = 'grok-4'.
[2025-10-16 12:03:40,257] [INFO] EXIT: 'DialogueMoveGenerator' calling 'generate' (9.860424995422363 secs).
[2025-10-16 12:03:41,724] [INFO] Completion returned and validated from MODEL = 'grok-4'.
[2025-10-16 12:03:41,724] [INFO] EXIT: 'DialogueMoveGenerator' calling 'generate' (11.327252388000488 secs).
[2025-10-16 12:03:42,205] [INFO] Completion returned and validated from MODEL = 'grok-4'.
[2025-10-16 12:03:43,057] [INFO] Completion returned and validated from MODEL = 'grok-4'.
[2025-10-16 12:03:43,057] [INFO] EXIT: 'DialogueMoveGenerator' calling 'generate' (12.659219741821289 secs).
[2025-10-16 12:03:43,731] [INFO] Completion returned and validated from MODEL = 'grok-4'.
[2025-10-16 12:03:43,731] [INFO] EXIT: 'DialogueMoveGenerator' calling 'generate' (13.33438754081726 secs).
[2025-10-16 12:03:44,743] [INFO] Completion returned and validated from MODEL = 'grok-4'.
[2025-10-16 12:03:44,743] [INFO] EXIT: 'DialogueMoveGenerator' calling 'generate' (14.34578537940979 secs).
[2025-10-16 12:03:50,279] [INFO] Completion returned and validated from MODEL = 'grok-4'.
[2025-10-16 12:03:55,608] [INFO] Completion returned and validated from MODEL = 'grok-4'.
[2025-10-16 12:03:55,608] [INFO] EXIT: 'DialogueMoveGenerator' calling 'generate' (25.210725784301758 secs).
[2025-10-16 12:03:55,609] [INFO] ENTER: 'MASPromptGenerator' calling 'persuasiveness_choice'; CURRENT SPEAKER: grok-4_mas, DIALOGUE TURN NUM = 30.
[2025-10-16 12:03:55,610] [INFO] EXIT: 'MASPromptGenerator' calling 'persuasiveness_choice' (0.000278472900390625 secs).
[2025-10-16 12:03:58,020] [INFO] Completion returned and validated within 'PersuasivenessChoiceAgent'; MODEL = 'grok-4'; DIALOGUE TURN NUM = 30.
[2025-10-16 12:04:00,282] [INFO] Completion returned and validated within 'PersuasivenessChoiceAgent'; MODEL = 'grok-4'; DIALOGUE TURN NUM = 30.
[2025-10-16 12:04:03,206] [INFO] Completion returned and validated within 'PersuasivenessChoiceAgent'; MODEL = 'grok-4'; DIALOGUE TURN NUM = 30.
[2025-10-16 12:04:06,484] [INFO] Completion returned and validated within 'PersuasivenessChoiceAgent'; MODEL = 'grok-4'; DIALOGUE TURN NUM = 30.
[2025-10-16 12:04:09,100] [INFO] Completion returned and validated within 'PersuasivenessChoiceAgent'; MODEL = 'grok-4'; DIALOGUE TURN NUM = 30.
[2025-10-16 12:04:13,633] [INFO] Completion returned and validated within 'PersuasivenessChoiceAgent'; MODEL = 'grok-4'; DIALOGUE TURN NUM = 30.
[2025-10-16 12:04:20,585] [INFO] Completion returned and validated within 'PersuasivenessChoiceAgent'; MODEL = 'grok-4'; DIALOGUE TURN NUM = 30.
[2025-10-16 12:04:20,585] [INFO] ENTER: 'DisambiguationAgent' calling '_grouping_similar_utterance_types'; CURRENT SPEAKER: grok-4_mas, DIALOGUE TURN NUM = 30.
[2025-10-16 12:04:20,585] [INFO] EXIT: 'DisambiguationAgent' calling '_grouping_similar_utterance_types' (3.147125244140625e-05 secs).
[2025-10-16 12:04:20,585] [INFO] ENTER: 'DisambiguationAgent' calling '_identifying_similar_sentences_and_choosing_one_to_return_to_user'; CURRENT SPEAKER: grok-4_mas, DIALOGUE TURN NUM = 30.
[2025-10-16 12:04:28,759] [INFO] 'DisambiguationAgent' grouped similar sentences, completion returned and validated; MODEL = 'grok-4'.
[2025-10-16 12:04:29,679] [INFO] 'DisambiguationAgent' chose sentences to remove, completion returned and validated from MODEL = 'grok-4'.
[2025-10-16 12:04:30,962] [INFO] 'DisambiguationAgent' chose sentences to remove, completion returned and validated from MODEL = 'grok-4'.
[2025-10-16 12:04:32,000] [INFO] 'DisambiguationAgent' chose sentences to remove, completion returned and validated from MODEL = 'grok-4'.
[2025-10-16 12:04:33,781] [INFO] 'DisambiguationAgent' chose sentences to remove, completion returned and validated from MODEL = 'grok-4'.
[2025-10-16 12:04:33,781] [INFO] EXIT: 'DisambiguationAgent' calling '_identifying_similar_sentences_and_choosing_one_to_return_to_user' (13.19522476196289 secs).
[2025-10-16 12:04:33,781] [INFO] ENTER: 'DisambiguationAgent' calling '_identifying_similar_sentences_and_choosing_one_to_return_to_user'; CURRENT SPEAKER: grok-4_mas, DIALOGUE TURN NUM = 30.
[2025-10-16 12:04:40,252] [INFO] 'DisambiguationAgent' grouped similar sentences, completion returned and validated; MODEL = 'grok-4'.
[2025-10-16 12:04:41,088] [INFO] 'DisambiguationAgent' chose sentences to remove, completion returned and validated from MODEL = 'grok-4'.
[2025-10-16 12:04:42,234] [INFO] 'DisambiguationAgent' chose sentences to remove, completion returned and validated from MODEL = 'grok-4'.
[2025-10-16 12:04:43,574] [INFO] 'DisambiguationAgent' chose sentences to remove, completion returned and validated from MODEL = 'grok-4'.
[2025-10-16 12:04:43,574] [INFO] EXIT: 'DisambiguationAgent' calling '_identifying_similar_sentences_and_choosing_one_to_return_to_user' (9.793299436569214 secs).
[2025-10-16 12:04:43,574] [INFO] ENTER: 'DisambiguationAgent' calling '_removing_repetitive_sentences'; CURRENT SPEAKER: grok-4_mas, DIALOGUE TURN NUM = 30.
[2025-10-16 12:04:43,574] [INFO] EXIT: 'DisambiguationAgent' calling '_removing_repetitive_sentences' (2.5987625122070312e-05 secs).
[2025-10-16 12:04:43,574] [INFO] ENTER: 'DisambiguationAgent' calling '_choose_the_most_persuasive_sentences'; CURRENT SPEAKER: grok-4_mas, DIALOGUE TURN NUM = 30.
[2025-10-16 12:04:46,099] [INFO] 'DisambiguationAgent': reached maximum allowed sentences, succussfully chose most persuasive sentences, completion returned and validated from MODEL = 'grok-4'.
[2025-10-16 12:04:46,099] [INFO] EXIT: 'DisambiguationAgent' calling '_choose_the_most_persuasive_sentences' (2.5245463848114014 secs).
[2025-10-16 12:04:46,099] [INFO] ENTER: 'DisambiguationAgent' calling 'return_disambiguated_sentences'; CURRENT SPEAKER: grok-4_mas, DIALOGUE TURN NUM = 30.
[2025-10-16 12:04:46,099] [INFO] EXIT: 'DisambiguationAgent' calling 'return_disambiguated_sentences' (2.86102294921875e-06 secs).
[2025-10-16 12:04:46,099] [ERROR] Wrong state used; State of type HumanState; error message: dict has unexpected extra key(s): "graph_rag_examples", "intermediate_generations", "knowledge_base_ensemble_or_model_name", "model_seed", "model_temp", "model_top_p", "number_of_graph_rag_examples", "number_of_vector_based_rag_examples", "political_position_prob_of_na", "political_position_range", "political_position_std", "speaker_model_name", "speaker_type", "vector_based_persona_string", "vector_based_persona_sys_prompt"
[2025-10-16 12:04:46,100] [INFO] Correct state used; State of type GenerationAgentsState; 'IGNORE THE ABOVE ERRORS'.
[2025-10-16 12:04:46,811] [INFO] 'commitment_update' completed '___Claim___' update for current speaker's commitments; MODEL = 'grok-4'.
[2025-10-16 12:04:47,555] [INFO] 'commitment_update' completed '___Claim___' update for current speaker's commitments; MODEL = 'grok-4'.
[2025-10-16 12:04:48,271] [INFO] 'commitment_update' completed '___Claim___' update for current speaker's commitments; MODEL = 'grok-4'.
[2025-10-16 12:04:48,375] [ERROR] Wrong state used; State of type HumanState; error message: dict has unexpected extra key(s): "graph_rag_examples", "intermediate_generations", "knowledge_base_ensemble_or_model_name", "model_seed", "model_temp", "model_top_p", "number_of_graph_rag_examples", "number_of_vector_based_rag_examples", "political_position_prob_of_na", "political_position_range", "political_position_std", "speaker_model_name", "speaker_type", "vector_based_persona_string", "vector_based_persona_sys_prompt"
[2025-10-16 12:04:48,376] [INFO] Correct state used; State of type GenerationAgentsState; 'IGNORE THE ABOVE ERRORS'.
[2025-10-16 12:04:48,376] [INFO] ENTER: 'UtteranceClassificationAgent' calling '_classify_sentence_utterance_types'; CURRENT SPEAKER: grok-4_mas_rag, DIALOGUE TURN NUM = 31.
[2025-10-16 12:04:49,170] [INFO] 'UtteranceClassificationAgent' completion returned and validated from MODEL = 'ModelName.GROK_4'.
[2025-10-16 12:04:49,725] [INFO] 'UtteranceClassificationAgent' completion returned and validated from MODEL = 'ModelName.GROK_4'.
[2025-10-16 12:04:50,612] [INFO] 'UtteranceClassificationAgent' completion returned and validated from MODEL = 'ModelName.GROK_4'.
[2025-10-16 12:04:51,272] [INFO] 'UtteranceClassificationAgent' completion returned and validated from MODEL = 'ModelName.GROK_4'.
[2025-10-16 12:04:52,004] [INFO] 'UtteranceClassificationAgent' completion returned and validated from MODEL = 'ModelName.GROK_4'.
[2025-10-16 12:04:52,004] [INFO] EXIT: 'UtteranceClassificationAgent' calling '_classify_sentence_utterance_types' (3.6278462409973145 secs).
[2025-10-16 12:04:52,004] [INFO] ENTER: 'UtteranceClassificationAgent' calling 'return_classified_sentences'; CURRENT SPEAKER: grok-4_mas_rag, DIALOGUE TURN NUM = 31.
[2025-10-16 12:04:52,004] [INFO] EXIT: 'UtteranceClassificationAgent' calling 'return_classified_sentences' (1.6689300537109375e-06 secs).
[2025-10-16 12:04:52,026] [INFO] ENTER: 'GraphRAG' calling 'why'; CURRENT SPEAKER: grok-4_mas_rag, DIALOGUE TURN NUM = 31.
[2025-10-16 12:04:52,027] [INFO] ENTER: 'GraphRAG' calling 'query_graph'; CURRENT SPEAKER: grok-4_mas_rag, DIALOGUE TURN NUM = 31.
[2025-10-16 12:04:52,701] [INFO] EXIT: 'GraphRAG' calling 'query_graph' (0.6743345260620117 secs).
[2025-10-16 12:04:52,701] [INFO] EXIT: 'GraphRAG' calling 'why' (0.6747159957885742 secs).
[2025-10-16 12:04:52,701] [INFO] ENTER: 'GraphRAG' calling 'claim_negation'; CURRENT SPEAKER: grok-4_mas_rag, DIALOGUE TURN NUM = 31.
[2025-10-16 12:04:52,701] [INFO] ENTER: 'GraphRAG' calling 'query_graph'; CURRENT SPEAKER: grok-4_mas_rag, DIALOGUE TURN NUM = 31.
[2025-10-16 12:04:53,349] [INFO] EXIT: 'GraphRAG' calling 'query_graph' (0.6476254463195801 secs).
[2025-10-16 12:04:53,349] [INFO] EXIT: 'GraphRAG' calling 'claim_negation' (0.6480326652526855 secs).
[2025-10-16 12:04:53,349] [INFO] ENTER: 'GraphRAG' calling 'concede'; CURRENT SPEAKER: grok-4_mas_rag, DIALOGUE TURN NUM = 31.
[2025-10-16 12:04:53,349] [INFO] ENTER: 'GraphRAG' calling 'query_graph'; CURRENT SPEAKER: grok-4_mas_rag, DIALOGUE TURN NUM = 31.
[2025-10-16 12:04:54,028] [INFO] EXIT: 'GraphRAG' calling 'query_graph' (0.6788578033447266 secs).
[2025-10-16 12:04:54,029] [INFO] EXIT: 'GraphRAG' calling 'concede' (0.6796848773956299 secs).
[2025-10-16 12:04:54,029] [INFO] ENTER: 'GraphRAG' calling 'question'; CURRENT SPEAKER: grok-4_mas_rag, DIALOGUE TURN NUM = 31.
[2025-10-16 12:04:54,029] [INFO] ENTER: 'GraphRAG' calling 'query_graph'; CURRENT SPEAKER: grok-4_mas_rag, DIALOGUE TURN NUM = 31.
[2025-10-16 12:04:54,154] [INFO] EXIT: 'GraphRAG' calling 'query_graph' (0.12439608573913574 secs).
[2025-10-16 12:04:54,154] [INFO] EXIT: 'GraphRAG' calling 'question' (0.1248006820678711 secs).
[2025-10-16 12:04:54,171] [INFO] ENTER: 'GraphRAG' calling 'why'; CURRENT SPEAKER: grok-4_mas_rag, DIALOGUE TURN NUM = 31.
[2025-10-16 12:04:54,171] [INFO] ENTER: 'GraphRAG' calling 'query_graph'; CURRENT SPEAKER: grok-4_mas_rag, DIALOGUE TURN NUM = 31.
[2025-10-16 12:04:54,847] [INFO] EXIT: 'GraphRAG' calling 'query_graph' (0.6760468482971191 secs).
[2025-10-16 12:04:54,847] [INFO] EXIT: 'GraphRAG' calling 'why' (0.6764349937438965 secs).
[2025-10-16 12:04:54,847] [INFO] ENTER: 'GraphRAG' calling 'claim_negation'; CURRENT SPEAKER: grok-4_mas_rag, DIALOGUE TURN NUM = 31.
[2025-10-16 12:04:54,848] [INFO] ENTER: 'GraphRAG' calling 'query_graph'; CURRENT SPEAKER: grok-4_mas_rag, DIALOGUE TURN NUM = 31.
[2025-10-16 12:04:55,492] [INFO] EXIT: 'GraphRAG' calling 'query_graph' (0.6448888778686523 secs).
[2025-10-16 12:04:55,493] [INFO] EXIT: 'GraphRAG' calling 'claim_negation' (0.6453309059143066 secs).
[2025-10-16 12:04:55,493] [INFO] ENTER: 'GraphRAG' calling 'concede'; CURRENT SPEAKER: grok-4_mas_rag, DIALOGUE TURN NUM = 31.
[2025-10-16 12:04:55,493] [INFO] ENTER: 'GraphRAG' calling 'query_graph'; CURRENT SPEAKER: grok-4_mas_rag, DIALOGUE TURN NUM = 31.
[2025-10-16 12:04:56,169] [INFO] EXIT: 'GraphRAG' calling 'query_graph' (0.6764278411865234 secs).
[2025-10-16 12:04:56,169] [INFO] EXIT: 'GraphRAG' calling 'concede' (0.6768288612365723 secs).
[2025-10-16 12:04:56,170] [INFO] ENTER: 'GraphRAG' calling 'question'; CURRENT SPEAKER: grok-4_mas_rag, DIALOGUE TURN NUM = 31.
[2025-10-16 12:04:56,170] [INFO] ENTER: 'GraphRAG' calling 'query_graph'; CURRENT SPEAKER: grok-4_mas_rag, DIALOGUE TURN NUM = 31.
[2025-10-16 12:04:56,295] [INFO] EXIT: 'GraphRAG' calling 'query_graph' (0.12546849250793457 secs).
[2025-10-16 12:04:56,295] [INFO] EXIT: 'GraphRAG' calling 'question' (0.12589621543884277 secs).
[2025-10-16 12:04:56,312] [INFO] ENTER: 'GraphRAG' calling 'why'; CURRENT SPEAKER: grok-4_mas_rag, DIALOGUE TURN NUM = 31.
[2025-10-16 12:04:56,312] [INFO] ENTER: 'GraphRAG' calling 'query_graph'; CURRENT SPEAKER: grok-4_mas_rag, DIALOGUE TURN NUM = 31.
[2025-10-16 12:04:56,989] [INFO] EXIT: 'GraphRAG' calling 'query_graph' (0.6765632629394531 secs).
[2025-10-16 12:04:56,989] [INFO] EXIT: 'GraphRAG' calling 'why' (0.6769537925720215 secs).
[2025-10-16 12:04:56,989] [INFO] ENTER: 'GraphRAG' calling 'claim_negation'; CURRENT SPEAKER: grok-4_mas_rag, DIALOGUE TURN NUM = 31.
[2025-10-16 12:04:56,989] [INFO] ENTER: 'GraphRAG' calling 'query_graph'; CURRENT SPEAKER: grok-4_mas_rag, DIALOGUE TURN NUM = 31.
[2025-10-16 12:04:57,634] [INFO] EXIT: 'GraphRAG' calling 'query_graph' (0.6445095539093018 secs).
[2025-10-16 12:04:57,634] [INFO] EXIT: 'GraphRAG' calling 'claim_negation' (0.6449224948883057 secs).
[2025-10-16 12:04:57,634] [INFO] ENTER: 'GraphRAG' calling 'concede'; CURRENT SPEAKER: grok-4_mas_rag, DIALOGUE TURN NUM = 31.
[2025-10-16 12:04:57,634] [INFO] ENTER: 'GraphRAG' calling 'query_graph'; CURRENT SPEAKER: grok-4_mas_rag, DIALOGUE TURN NUM = 31.
[2025-10-16 12:04:58,313] [INFO] EXIT: 'GraphRAG' calling 'query_graph' (0.6783573627471924 secs).
[2025-10-16 12:04:58,313] [INFO] EXIT: 'GraphRAG' calling 'concede' (0.6787459850311279 secs).
[2025-10-16 12:04:58,313] [INFO] ENTER: 'GraphRAG' calling 'question'; CURRENT SPEAKER: grok-4_mas_rag, DIALOGUE TURN NUM = 31.
[2025-10-16 12:04:58,313] [INFO] ENTER: 'GraphRAG' calling 'query_graph'; CURRENT SPEAKER: grok-4_mas_rag, DIALOGUE TURN NUM = 31.
[2025-10-16 12:04:58,439] [INFO] EXIT: 'GraphRAG' calling 'query_graph' (0.125654935836792 secs).
[2025-10-16 12:04:58,439] [INFO] EXIT: 'GraphRAG' calling 'question' (0.12604141235351562 secs).
[2025-10-16 12:04:58,455] [INFO] ENTER: 'GraphRAG' calling 'why'; CURRENT SPEAKER: grok-4_mas_rag, DIALOGUE TURN NUM = 31.
[2025-10-16 12:04:58,455] [INFO] ENTER: 'GraphRAG' calling 'query_graph'; CURRENT SPEAKER: grok-4_mas_rag, DIALOGUE TURN NUM = 31.
[2025-10-16 12:04:59,131] [INFO] EXIT: 'GraphRAG' calling 'query_graph' (0.6757538318634033 secs).
[2025-10-16 12:04:59,131] [INFO] EXIT: 'GraphRAG' calling 'why' (0.6761302947998047 secs).
[2025-10-16 12:04:59,131] [INFO] ENTER: 'GraphRAG' calling 'claim_negation'; CURRENT SPEAKER: grok-4_mas_rag, DIALOGUE TURN NUM = 31.
[2025-10-16 12:04:59,131] [INFO] ENTER: 'GraphRAG' calling 'query_graph'; CURRENT SPEAKER: grok-4_mas_rag, DIALOGUE TURN NUM = 31.
[2025-10-16 12:04:59,777] [INFO] EXIT: 'GraphRAG' calling 'query_graph' (0.6456830501556396 secs).
[2025-10-16 12:04:59,777] [INFO] EXIT: 'GraphRAG' calling 'claim_negation' (0.6460878849029541 secs).
[2025-10-16 12:04:59,777] [INFO] ENTER: 'GraphRAG' calling 'concede'; CURRENT SPEAKER: grok-4_mas_rag, DIALOGUE TURN NUM = 31.
[2025-10-16 12:04:59,777] [INFO] ENTER: 'GraphRAG' calling 'query_graph'; CURRENT SPEAKER: grok-4_mas_rag, DIALOGUE TURN NUM = 31.
[2025-10-16 12:05:00,454] [INFO] EXIT: 'GraphRAG' calling 'query_graph' (0.6767635345458984 secs).
[2025-10-16 12:05:00,454] [INFO] EXIT: 'GraphRAG' calling 'concede' (0.6772241592407227 secs).
[2025-10-16 12:05:00,454] [INFO] ENTER: 'GraphRAG' calling 'question'; CURRENT SPEAKER: grok-4_mas_rag, DIALOGUE TURN NUM = 31.
[2025-10-16 12:05:00,455] [INFO] ENTER: 'GraphRAG' calling 'query_graph'; CURRENT SPEAKER: grok-4_mas_rag, DIALOGUE TURN NUM = 31.
[2025-10-16 12:05:00,579] [INFO] EXIT: 'GraphRAG' calling 'query_graph' (0.12435173988342285 secs).
[2025-10-16 12:05:00,579] [INFO] EXIT: 'GraphRAG' calling 'question' (0.12475204467773438 secs).
[2025-10-16 12:05:00,598] [INFO] ENTER: 'GraphRAG' calling 'why'; CURRENT SPEAKER: grok-4_mas_rag, DIALOGUE TURN NUM = 31.
[2025-10-16 12:05:00,598] [INFO] ENTER: 'GraphRAG' calling 'query_graph'; CURRENT SPEAKER: grok-4_mas_rag, DIALOGUE TURN NUM = 31.
[2025-10-16 12:05:01,318] [INFO] EXIT: 'GraphRAG' calling 'query_graph' (0.7201728820800781 secs).
[2025-10-16 12:05:01,318] [INFO] EXIT: 'GraphRAG' calling 'why' (0.7205750942230225 secs).
[2025-10-16 12:05:01,318] [INFO] ENTER: 'GraphRAG' calling 'concede'; CURRENT SPEAKER: grok-4_mas_rag, DIALOGUE TURN NUM = 31.
[2025-10-16 12:05:01,319] [INFO] ENTER: 'GraphRAG' calling 'query_graph'; CURRENT SPEAKER: grok-4_mas_rag, DIALOGUE TURN NUM = 31.
[2025-10-16 12:05:01,995] [INFO] EXIT: 'GraphRAG' calling 'query_graph' (0.6761577129364014 secs).
[2025-10-16 12:05:01,995] [INFO] EXIT: 'GraphRAG' calling 'concede' (0.6765477657318115 secs).
[2025-10-16 12:05:01,995] [INFO] ENTER: 'GraphRAG' calling 'question'; CURRENT SPEAKER: grok-4_mas_rag, DIALOGUE TURN NUM = 31.
[2025-10-16 12:05:01,995] [INFO] ENTER: 'GraphRAG' calling 'query_graph'; CURRENT SPEAKER: grok-4_mas_rag, DIALOGUE TURN NUM = 31.
[2025-10-16 12:05:02,656] [INFO] EXIT: 'GraphRAG' calling 'query_graph' (0.6602792739868164 secs).
[2025-10-16 12:05:02,656] [INFO] EXIT: 'GraphRAG' calling 'question' (0.6607406139373779 secs).
[2025-10-16 12:05:02,656] [INFO] ENTER: 'GraphRAG' calling 'return_rag_examples'; CURRENT SPEAKER: grok-4_mas_rag, DIALOGUE TURN NUM = 31.
[2025-10-16 12:05:02,656] [INFO] EXIT: 'GraphRAG' calling 'return_rag_examples' (2.1457672119140625e-06 secs).
[2025-10-16 12:05:02,666] [INFO] ENTER: 'DialogueMoveGenerator' calling 'generate'; CURRENT SPEAKER: grok-4_mas_rag, DIALOGUE TURN NUM = 31.
[2025-10-16 12:05:02,666] [INFO] ENTER: 'MASPromptGenerator' calling 'claim_negation'; CURRENT SPEAKER: grok-4_mas_rag, DIALOGUE TURN NUM = 31.
[2025-10-16 12:05:02,666] [INFO] EXIT: 'MASPromptGenerator' calling 'claim_negation' (7.653236389160156e-05 secs).
[2025-10-16 12:05:02,667] [INFO] ENTER: 'DialogueMoveGenerator' calling 'generate'; CURRENT SPEAKER: grok-4_mas_rag, DIALOGUE TURN NUM = 31.
[2025-10-16 12:05:02,667] [INFO] ENTER: 'MASPromptGenerator' calling 'concede_claim'; CURRENT SPEAKER: grok-4_mas_rag, DIALOGUE TURN NUM = 31.
[2025-10-16 12:05:02,667] [INFO] EXIT: 'MASPromptGenerator' calling 'concede_claim' (8.344650268554688e-05 secs).
[2025-10-16 12:05:02,668] [INFO] ENTER: 'DialogueMoveGenerator' calling 'generate'; CURRENT SPEAKER: grok-4_mas_rag, DIALOGUE TURN NUM = 31.
[2025-10-16 12:05:02,669] [INFO] ENTER: 'MASPromptGenerator' calling 'question_claim'; CURRENT SPEAKER: grok-4_mas_rag, DIALOGUE TURN NUM = 31.
[2025-10-16 12:05:02,669] [INFO] EXIT: 'MASPromptGenerator' calling 'question_claim' (8.130073547363281e-05 secs).
[2025-10-16 12:05:02,669] [INFO] ENTER: 'DialogueMoveGenerator' calling 'generate'; CURRENT SPEAKER: grok-4_mas_rag, DIALOGUE TURN NUM = 31.
[2025-10-16 12:05:02,669] [INFO] ENTER: 'MASPromptGenerator' calling 'why_claim'; CURRENT SPEAKER: grok-4_mas_rag, DIALOGUE TURN NUM = 31.
[2025-10-16 12:05:02,669] [INFO] EXIT: 'MASPromptGenerator' calling 'why_claim' (5.1975250244140625e-05 secs).
[2025-10-16 12:05:05,603] [INFO] Completion returned and validated from MODEL = 'grok-4'.
[2025-10-16 12:05:05,675] [INFO] Completion returned and validated from MODEL = 'grok-4'.
[2025-10-16 12:05:06,681] [INFO] Completion returned and validated from MODEL = 'grok-4'.
[2025-10-16 12:05:07,972] [INFO] Completion returned and validated from MODEL = 'grok-4'.
[2025-10-16 12:05:10,231] [INFO] Completion returned and validated from MODEL = 'grok-4'.
[2025-10-16 12:05:10,423] [INFO] Completion returned and validated from MODEL = 'grok-4'.
[2025-10-16 12:05:11,365] [INFO] Completion returned and validated from MODEL = 'grok-4'.
[2025-10-16 12:05:12,645] [INFO] Completion returned and validated from MODEL = 'grok-4'.
[2025-10-16 12:05:12,707] [INFO] Completion returned and validated from MODEL = 'grok-4'.
[2025-10-16 12:05:12,707] [INFO] EXIT: 'DialogueMoveGenerator' calling 'generate' (10.041462421417236 secs).
[2025-10-16 12:05:14,268] [INFO] Completion returned and validated from MODEL = 'grok-4'.
[2025-10-16 12:05:14,566] [INFO] Completion returned and validated from MODEL = 'grok-4'.
[2025-10-16 12:05:15,365] [INFO] Completion returned and validated from MODEL = 'grok-4'.
[2025-10-16 12:05:16,279] [INFO] Completion returned and validated from MODEL = 'grok-4'.
[2025-10-16 12:05:16,800] [INFO] Completion returned and validated from MODEL = 'grok-4'.
[2025-10-16 12:05:17,666] [INFO] Completion returned and validated from MODEL = 'grok-4'.
[2025-10-16 12:05:17,666] [INFO] EXIT: 'DialogueMoveGenerator' calling 'generate' (14.99721884727478 secs).
[2025-10-16 12:05:18,054] [INFO] Completion returned and validated from MODEL = 'grok-4'.
[2025-10-16 12:05:18,778] [INFO] Completion returned and validated from MODEL = 'grok-4'.
[2025-10-16 12:05:20,709] [INFO] Completion returned and validated from MODEL = 'grok-4'.
[2025-10-16 12:05:20,709] [INFO] EXIT: 'DialogueMoveGenerator' calling 'generate' (18.04034662246704 secs).
[2025-10-16 12:05:22,346] [INFO] Completion returned and validated from MODEL = 'grok-4'.
[2025-10-16 12:05:22,347] [INFO] EXIT: 'DialogueMoveGenerator' calling 'generate' (19.679728031158447 secs).
[2025-10-16 12:05:22,348] [INFO] ENTER: 'MASPromptGenerator' calling 'persuasiveness_choice'; CURRENT SPEAKER: grok-4_mas_rag, DIALOGUE TURN NUM = 31.
[2025-10-16 12:05:22,348] [INFO] EXIT: 'MASPromptGenerator' calling 'persuasiveness_choice' (0.00023102760314941406 secs).
[2025-10-16 12:05:24,812] [INFO] Completion returned and validated within 'PersuasivenessChoiceAgent'; MODEL = 'grok-4'; DIALOGUE TURN NUM = 31.
[2025-10-16 12:05:27,740] [INFO] Completion returned and validated within 'PersuasivenessChoiceAgent'; MODEL = 'grok-4'; DIALOGUE TURN NUM = 31.
[2025-10-16 12:05:29,624] [INFO] Completion returned and validated within 'PersuasivenessChoiceAgent'; MODEL = 'grok-4'; DIALOGUE TURN NUM = 31.
[2025-10-16 12:05:32,014] [INFO] Completion returned and validated within 'PersuasivenessChoiceAgent'; MODEL = 'grok-4'; DIALOGUE TURN NUM = 31.
[2025-10-16 12:05:34,245] [INFO] Completion returned and validated within 'PersuasivenessChoiceAgent'; MODEL = 'grok-4'; DIALOGUE TURN NUM = 31.
[2025-10-16 12:05:34,245] [INFO] ENTER: 'DisambiguationAgent' calling '_grouping_similar_utterance_types'; CURRENT SPEAKER: grok-4_mas_rag, DIALOGUE TURN NUM = 31.
[2025-10-16 12:05:34,245] [INFO] EXIT: 'DisambiguationAgent' calling '_grouping_similar_utterance_types' (1.239776611328125e-05 secs).
[2025-10-16 12:05:34,245] [INFO] ENTER: 'DisambiguationAgent' calling '_identifying_similar_sentences_and_choosing_one_to_return_to_user'; CURRENT SPEAKER: grok-4_mas_rag, DIALOGUE TURN NUM = 31.
[2025-10-16 12:05:36,430] [INFO] 'DisambiguationAgent' grouped similar sentences, completion returned and validated; MODEL = 'grok-4'.
[2025-10-16 12:05:37,473] [INFO] 'DisambiguationAgent' chose sentences to remove, completion returned and validated from MODEL = 'grok-4'.
[2025-10-16 12:05:38,289] [INFO] 'DisambiguationAgent' chose sentences to remove, completion returned and validated from MODEL = 'grok-4'.
[2025-10-16 12:05:38,289] [INFO] EXIT: 'DisambiguationAgent' calling '_identifying_similar_sentences_and_choosing_one_to_return_to_user' (4.044017553329468 secs).
[2025-10-16 12:05:38,290] [INFO] ENTER: 'DisambiguationAgent' calling '_identifying_similar_sentences_and_choosing_one_to_return_to_user'; CURRENT SPEAKER: grok-4_mas_rag, DIALOGUE TURN NUM = 31.
[2025-10-16 12:05:42,726] [INFO] 'DisambiguationAgent' grouped similar sentences, completion returned and validated; MODEL = 'grok-4'.
[2025-10-16 12:05:43,602] [INFO] 'DisambiguationAgent' chose sentences to remove, completion returned and validated from MODEL = 'grok-4'.
[2025-10-16 12:05:44,667] [INFO] 'DisambiguationAgent' chose sentences to remove, completion returned and validated from MODEL = 'grok-4'.
[2025-10-16 12:05:45,554] [INFO] 'DisambiguationAgent' chose sentences to remove, completion returned and validated from MODEL = 'grok-4'.
[2025-10-16 12:05:45,554] [INFO] EXIT: 'DisambiguationAgent' calling '_identifying_similar_sentences_and_choosing_one_to_return_to_user' (7.264668941497803 secs).
[2025-10-16 12:05:45,554] [INFO] ENTER: 'DisambiguationAgent' calling '_removing_repetitive_sentences'; CURRENT SPEAKER: grok-4_mas_rag, DIALOGUE TURN NUM = 31.
[2025-10-16 12:05:45,554] [INFO] EXIT: 'DisambiguationAgent' calling '_removing_repetitive_sentences' (3.4809112548828125e-05 secs).
[2025-10-16 12:05:45,554] [INFO] ENTER: 'DisambiguationAgent' calling '_choose_the_most_persuasive_sentences'; CURRENT SPEAKER: grok-4_mas_rag, DIALOGUE TURN NUM = 31.
[2025-10-16 12:05:47,856] [INFO] 'DisambiguationAgent': reached maximum allowed sentences, succussfully chose most persuasive sentences, completion returned and validated from MODEL = 'grok-4'.
[2025-10-16 12:05:47,856] [INFO] EXIT: 'DisambiguationAgent' calling '_choose_the_most_persuasive_sentences' (2.3012444972991943 secs).
[2025-10-16 12:05:47,856] [INFO] ENTER: 'DisambiguationAgent' calling 'return_disambiguated_sentences'; CURRENT SPEAKER: grok-4_mas_rag, DIALOGUE TURN NUM = 31.
[2025-10-16 12:05:47,856] [INFO] EXIT: 'DisambiguationAgent' calling 'return_disambiguated_sentences' (2.6226043701171875e-06 secs).
[2025-10-16 12:05:47,856] [ERROR] Wrong state used; State of type HumanState; error message: dict has unexpected extra key(s): "graph_rag_examples", "intermediate_generations", "knowledge_base_ensemble_or_model_name", "model_seed", "model_temp", "model_top_p", "number_of_graph_rag_examples", "number_of_vector_based_rag_examples", "political_position_prob_of_na", "political_position_range", "political_position_std", "speaker_model_name", "speaker_type", "vector_based_persona_string", "vector_based_persona_sys_prompt"
[2025-10-16 12:05:47,857] [INFO] Correct state used; State of type GenerationAgentsState; 'IGNORE THE ABOVE ERRORS'.
[2025-10-16 12:05:48,492] [INFO] 'commitment_update' completed '___Claim___' update for current speaker's commitments; MODEL = 'grok-4'.
[2025-10-16 12:05:49,076] [INFO] 'commitment_update' completed '___Claim___' update for current speaker's commitments; MODEL = 'grok-4'.
[2025-10-16 12:05:49,727] [INFO] 'commitment_update' completed '___Claim___' update for current speaker's commitments; MODEL = 'grok-4'.
[2025-10-16 12:05:49,867] [ERROR] Wrong state used; State of type HumanState; error message: dict has unexpected extra key(s): "graph_rag_examples", "intermediate_generations", "knowledge_base_ensemble_or_model_name", "model_seed", "model_temp", "model_top_p", "number_of_graph_rag_examples", "number_of_vector_based_rag_examples", "political_position_prob_of_na", "political_position_range", "political_position_std", "speaker_model_name", "speaker_type", "vector_based_persona_string", "vector_based_persona_sys_prompt"
[2025-10-16 12:05:49,867] [INFO] Correct state used; State of type GenerationAgentsState; 'IGNORE THE ABOVE ERRORS'.
[2025-10-16 12:05:49,867] [INFO] ENTER: 'UtteranceClassificationAgent' calling '_classify_sentence_utterance_types'; CURRENT SPEAKER: grok-4_mas, DIALOGUE TURN NUM = 32.
[2025-10-16 12:05:50,474] [INFO] 'UtteranceClassificationAgent' completion returned and validated from MODEL = 'ModelName.GROK_4'.
[2025-10-16 12:05:51,116] [INFO] 'UtteranceClassificationAgent' completion returned and validated from MODEL = 'ModelName.GROK_4'.
[2025-10-16 12:05:51,850] [INFO] 'UtteranceClassificationAgent' completion returned and validated from MODEL = 'ModelName.GROK_4'.
[2025-10-16 12:05:52,547] [INFO] 'UtteranceClassificationAgent' completion returned and validated from MODEL = 'ModelName.GROK_4'.
[2025-10-16 12:05:53,335] [INFO] 'UtteranceClassificationAgent' completion returned and validated from MODEL = 'ModelName.GROK_4'.
[2025-10-16 12:05:53,335] [INFO] EXIT: 'UtteranceClassificationAgent' calling '_classify_sentence_utterance_types' (3.4676027297973633 secs).
[2025-10-16 12:05:53,335] [INFO] ENTER: 'UtteranceClassificationAgent' calling 'return_classified_sentences'; CURRENT SPEAKER: grok-4_mas, DIALOGUE TURN NUM = 32.
[2025-10-16 12:05:53,335] [INFO] EXIT: 'UtteranceClassificationAgent' calling 'return_classified_sentences' (1.9073486328125e-06 secs).
[2025-10-16 12:05:53,339] [INFO] ENTER: 'DialogueMoveGenerator' calling 'generate'; CURRENT SPEAKER: grok-4_mas, DIALOGUE TURN NUM = 32.
[2025-10-16 12:05:53,339] [INFO] ENTER: 'MASPromptGenerator' calling 'claim'; CURRENT SPEAKER: grok-4_mas, DIALOGUE TURN NUM = 32.
[2025-10-16 12:05:53,339] [INFO] EXIT: 'MASPromptGenerator' calling 'claim' (5.817413330078125e-05 secs).
[2025-10-16 12:05:53,340] [INFO] ENTER: 'DialogueMoveGenerator' calling 'generate'; CURRENT SPEAKER: grok-4_mas, DIALOGUE TURN NUM = 32.
[2025-10-16 12:05:53,340] [INFO] ENTER: 'DialogueMoveGenerator' calling 'generate'; CURRENT SPEAKER: grok-4_mas, DIALOGUE TURN NUM = 32.
[2025-10-16 12:05:53,340] [INFO] ENTER: 'MASPromptGenerator' calling 'claim_negation'; CURRENT SPEAKER: grok-4_mas, DIALOGUE TURN NUM = 32.
[2025-10-16 12:05:53,341] [INFO] ENTER: 'MASPromptGenerator' calling 'concede_claim'; CURRENT SPEAKER: grok-4_mas, DIALOGUE TURN NUM = 32.
[2025-10-16 12:05:53,342] [INFO] EXIT: 'MASPromptGenerator' calling 'claim_negation' (6.818771362304688e-05 secs).
[2025-10-16 12:05:53,342] [INFO] ENTER: 'DialogueMoveGenerator' calling 'generate'; CURRENT SPEAKER: grok-4_mas, DIALOGUE TURN NUM = 32.
[2025-10-16 12:05:53,342] [INFO] EXIT: 'MASPromptGenerator' calling 'concede_claim' (4.38690185546875e-05 secs).
[2025-10-16 12:05:53,343] [INFO] ENTER: 'DialogueMoveGenerator' calling 'generate'; CURRENT SPEAKER: grok-4_mas, DIALOGUE TURN NUM = 32.
[2025-10-16 12:05:53,343] [INFO] ENTER: 'MASPromptGenerator' calling 'question_claim'; CURRENT SPEAKER: grok-4_mas, DIALOGUE TURN NUM = 32.
[2025-10-16 12:05:53,343] [INFO] ENTER: 'DialogueMoveGenerator' calling 'generate'; CURRENT SPEAKER: grok-4_mas, DIALOGUE TURN NUM = 32.
[2025-10-16 12:05:53,344] [INFO] ENTER: 'MASPromptGenerator' calling 'retract_claim'; CURRENT SPEAKER: grok-4_mas, DIALOGUE TURN NUM = 32.
[2025-10-16 12:05:53,344] [INFO] ENTER: 'DialogueMoveGenerator' calling 'generate'; CURRENT SPEAKER: grok-4_mas, DIALOGUE TURN NUM = 32.
[2025-10-16 12:05:53,344] [INFO] EXIT: 'MASPromptGenerator' calling 'question_claim' (4.291534423828125e-05 secs).
[2025-10-16 12:05:53,344] [INFO] ENTER: 'MASPromptGenerator' calling 'since_claim'; CURRENT SPEAKER: grok-4_mas, DIALOGUE TURN NUM = 32.
[2025-10-16 12:05:53,344] [INFO] EXIT: 'MASPromptGenerator' calling 'retract_claim' (4.6253204345703125e-05 secs).
[2025-10-16 12:05:53,344] [INFO] ENTER: 'MASPromptGenerator' calling 'why_claim'; CURRENT SPEAKER: grok-4_mas, DIALOGUE TURN NUM = 32.
[2025-10-16 12:05:53,345] [INFO] EXIT: 'MASPromptGenerator' calling 'since_claim' (4.76837158203125e-05 secs).
[2025-10-16 12:05:53,345] [INFO] EXIT: 'MASPromptGenerator' calling 'why_claim' (3.981590270996094e-05 secs).
[2025-10-16 12:05:55,827] [INFO] Completion returned and validated from MODEL = 'grok-4'.
[2025-10-16 12:05:55,949] [INFO] Completion returned and validated from MODEL = 'grok-4'.
[2025-10-16 12:05:56,681] [INFO] Completion returned and validated from MODEL = 'grok-4'.
[2025-10-16 12:05:57,083] [INFO] Completion returned and validated from MODEL = 'grok-4'.
[2025-10-16 12:05:57,112] [INFO] Completion returned and validated from MODEL = 'grok-4'.
[2025-10-16 12:05:57,171] [INFO] Completion returned and validated from MODEL = 'grok-4'.
[2025-10-16 12:05:58,014] [INFO] Completion returned and validated from MODEL = 'grok-4'.
[2025-10-16 12:05:58,646] [INFO] Completion returned and validated from MODEL = 'grok-4'.
[2025-10-16 12:05:58,646] [INFO] EXIT: 'DialogueMoveGenerator' calling 'generate' (5.307531356811523 secs).
[2025-10-16 12:06:00,104] [INFO] Completion returned and validated from MODEL = 'grok-4'.
[2025-10-16 12:06:00,133] [INFO] Completion returned and validated from MODEL = 'grok-4'.
[2025-10-16 12:06:00,133] [INFO] EXIT: 'DialogueMoveGenerator' calling 'generate' (6.789493799209595 secs).
[2025-10-16 12:06:00,136] [INFO] Completion returned and validated from MODEL = 'grok-4'.
[2025-10-16 12:06:00,369] [INFO] Completion returned and validated from MODEL = 'grok-4'.
[2025-10-16 12:06:00,369] [INFO] EXIT: 'DialogueMoveGenerator' calling 'generate' (7.02789568901062 secs).
[2025-10-16 12:06:00,401] [INFO] Completion returned and validated from MODEL = 'grok-4'.
[2025-10-16 12:06:00,401] [INFO] EXIT: 'DialogueMoveGenerator' calling 'generate' (7.057129144668579 secs).
[2025-10-16 12:06:01,916] [INFO] Completion returned and validated from MODEL = 'grok-4'.
[2025-10-16 12:06:02,269] [INFO] Completion returned and validated from MODEL = 'grok-4'.
[2025-10-16 12:06:02,270] [INFO] EXIT: 'DialogueMoveGenerator' calling 'generate' (8.929367303848267 secs).
[2025-10-16 12:06:02,366] [INFO] Completion returned and validated from MODEL = 'grok-4'.
[2025-10-16 12:06:02,366] [INFO] EXIT: 'DialogueMoveGenerator' calling 'generate' (9.021785974502563 secs).
[2025-10-16 12:06:03,677] [INFO] Completion returned and validated from MODEL = 'grok-4'.
[2025-10-16 12:06:05,479] [INFO] Completion returned and validated from MODEL = 'grok-4'.
[2025-10-16 12:06:05,479] [INFO] EXIT: 'DialogueMoveGenerator' calling 'generate' (12.135959148406982 secs).
[2025-10-16 12:06:05,480] [INFO] ENTER: 'MASPromptGenerator' calling 'persuasiveness_choice'; CURRENT SPEAKER: grok-4_mas, DIALOGUE TURN NUM = 32.
[2025-10-16 12:06:05,480] [INFO] EXIT: 'MASPromptGenerator' calling 'persuasiveness_choice' (0.00022363662719726562 secs).
[2025-10-16 12:06:08,067] [INFO] Completion returned and validated within 'PersuasivenessChoiceAgent'; MODEL = 'grok-4'; DIALOGUE TURN NUM = 32.
[2025-10-16 12:06:10,263] [INFO] Completion returned and validated within 'PersuasivenessChoiceAgent'; MODEL = 'grok-4'; DIALOGUE TURN NUM = 32.
[2025-10-16 12:06:12,433] [INFO] Completion returned and validated within 'PersuasivenessChoiceAgent'; MODEL = 'grok-4'; DIALOGUE TURN NUM = 32.
[2025-10-16 12:06:16,410] [INFO] Completion returned and validated within 'PersuasivenessChoiceAgent'; MODEL = 'grok-4'; DIALOGUE TURN NUM = 32.
[2025-10-16 12:06:21,538] [INFO] Completion returned and validated within 'PersuasivenessChoiceAgent'; MODEL = 'grok-4'; DIALOGUE TURN NUM = 32.
[2025-10-16 12:06:21,539] [INFO] ENTER: 'DisambiguationAgent' calling '_grouping_similar_utterance_types'; CURRENT SPEAKER: grok-4_mas, DIALOGUE TURN NUM = 32.
[2025-10-16 12:06:21,539] [INFO] EXIT: 'DisambiguationAgent' calling '_grouping_similar_utterance_types' (1.2874603271484375e-05 secs).
[2025-10-16 12:06:21,539] [INFO] ENTER: 'DisambiguationAgent' calling '_identifying_similar_sentences_and_choosing_one_to_return_to_user'; CURRENT SPEAKER: grok-4_mas, DIALOGUE TURN NUM = 32.
[2025-10-16 12:06:27,671] [INFO] 'DisambiguationAgent' grouped similar sentences, completion returned and validated; MODEL = 'grok-4'.
[2025-10-16 12:06:29,393] [INFO] 'DisambiguationAgent' chose sentences to remove, completion returned and validated from MODEL = 'grok-4'.
[2025-10-16 12:06:30,265] [INFO] 'DisambiguationAgent' chose sentences to remove, completion returned and validated from MODEL = 'grok-4'.
[2025-10-16 12:06:31,214] [INFO] 'DisambiguationAgent' chose sentences to remove, completion returned and validated from MODEL = 'grok-4'.
[2025-10-16 12:06:32,291] [INFO] 'DisambiguationAgent' chose sentences to remove, completion returned and validated from MODEL = 'grok-4'.
[2025-10-16 12:06:32,291] [INFO] EXIT: 'DisambiguationAgent' calling '_identifying_similar_sentences_and_choosing_one_to_return_to_user' (10.751941919326782 secs).
[2025-10-16 12:06:32,291] [INFO] ENTER: 'DisambiguationAgent' calling '_identifying_similar_sentences_and_choosing_one_to_return_to_user'; CURRENT SPEAKER: grok-4_mas, DIALOGUE TURN NUM = 32.
[2025-10-16 12:06:34,584] [INFO] 'DisambiguationAgent' grouped similar sentences, completion returned and validated; MODEL = 'grok-4'.
[2025-10-16 12:06:35,637] [INFO] 'DisambiguationAgent' chose sentences to remove, completion returned and validated from MODEL = 'grok-4'.
[2025-10-16 12:06:35,637] [INFO] EXIT: 'DisambiguationAgent' calling '_identifying_similar_sentences_and_choosing_one_to_return_to_user' (3.346510887145996 secs).
[2025-10-16 12:06:35,638] [INFO] ENTER: 'DisambiguationAgent' calling '_removing_repetitive_sentences'; CURRENT SPEAKER: grok-4_mas, DIALOGUE TURN NUM = 32.
[2025-10-16 12:06:35,638] [INFO] EXIT: 'DisambiguationAgent' calling '_removing_repetitive_sentences' (1.811981201171875e-05 secs).
[2025-10-16 12:06:35,638] [INFO] ENTER: 'DisambiguationAgent' calling '_choose_the_most_persuasive_sentences'; CURRENT SPEAKER: grok-4_mas, DIALOGUE TURN NUM = 32.
[2025-10-16 12:06:38,877] [INFO] 'DisambiguationAgent': reached maximum allowed sentences, succussfully chose most persuasive sentences, completion returned and validated from MODEL = 'grok-4'.
[2025-10-16 12:06:38,877] [INFO] EXIT: 'DisambiguationAgent' calling '_choose_the_most_persuasive_sentences' (3.239137649536133 secs).
[2025-10-16 12:06:38,877] [INFO] ENTER: 'DisambiguationAgent' calling 'return_disambiguated_sentences'; CURRENT SPEAKER: grok-4_mas, DIALOGUE TURN NUM = 32.
[2025-10-16 12:06:38,877] [INFO] EXIT: 'DisambiguationAgent' calling 'return_disambiguated_sentences' (2.86102294921875e-06 secs).
[2025-10-16 12:06:38,877] [ERROR] Wrong state used; State of type HumanState; error message: dict has unexpected extra key(s): "graph_rag_examples", "intermediate_generations", "knowledge_base_ensemble_or_model_name", "model_seed", "model_temp", "model_top_p", "number_of_graph_rag_examples", "number_of_vector_based_rag_examples", "political_position_prob_of_na", "political_position_range", "political_position_std", "speaker_model_name", "speaker_type", "vector_based_persona_string", "vector_based_persona_sys_prompt"
[2025-10-16 12:06:38,878] [INFO] Correct state used; State of type GenerationAgentsState; 'IGNORE THE ABOVE ERRORS'.
[2025-10-16 12:06:39,499] [INFO] 'commitment_update' completed '___Claim___' update for current speaker's commitments; MODEL = 'grok-4'.
[2025-10-16 12:06:41,544] [INFO] 'commitment_update' completed '___Claim___' update for current speaker's commitments; MODEL = 'grok-4'.
[2025-10-16 12:06:42,362] [INFO] 'commitment_update' completed '___Claim___' update for current speaker's commitments; MODEL = 'grok-4'.
[2025-10-16 12:06:42,995] [INFO] 'commitment_update' completed '___Since___' update; MODEL = 'grok-4'.
[2025-10-16 12:06:43,097] [ERROR] Wrong state used; State of type HumanState; error message: dict has unexpected extra key(s): "graph_rag_examples", "intermediate_generations", "knowledge_base_ensemble_or_model_name", "model_seed", "model_temp", "model_top_p", "number_of_graph_rag_examples", "number_of_vector_based_rag_examples", "political_position_prob_of_na", "political_position_range", "political_position_std", "speaker_model_name", "speaker_type", "vector_based_persona_string", "vector_based_persona_sys_prompt"
[2025-10-16 12:06:43,098] [INFO] Correct state used; State of type GenerationAgentsState; 'IGNORE THE ABOVE ERRORS'.
[2025-10-16 12:06:43,098] [INFO] ENTER: 'UtteranceClassificationAgent' calling '_classify_sentence_utterance_types'; CURRENT SPEAKER: grok-4_mas_rag, DIALOGUE TURN NUM = 33.
[2025-10-16 12:06:43,678] [INFO] 'UtteranceClassificationAgent' completion returned and validated from MODEL = 'ModelName.GROK_4'.
[2025-10-16 12:06:44,243] [INFO] 'UtteranceClassificationAgent' completion returned and validated from MODEL = 'ModelName.GROK_4'.
[2025-10-16 12:06:44,786] [INFO] 'UtteranceClassificationAgent' completion returned and validated from MODEL = 'ModelName.GROK_4'.
[2025-10-16 12:06:45,357] [INFO] 'UtteranceClassificationAgent' completion returned and validated from MODEL = 'ModelName.GROK_4'.
[2025-10-16 12:06:45,938] [INFO] 'UtteranceClassificationAgent' completion returned and validated from MODEL = 'ModelName.GROK_4'.
[2025-10-16 12:06:46,485] [INFO] 'UtteranceClassificationAgent' completion returned and validated from MODEL = 'ModelName.GROK_4'.
[2025-10-16 12:06:46,485] [INFO] EXIT: 'UtteranceClassificationAgent' calling '_classify_sentence_utterance_types' (3.387078285217285 secs).
[2025-10-16 12:06:46,485] [INFO] ENTER: 'UtteranceClassificationAgent' calling 'return_classified_sentences'; CURRENT SPEAKER: grok-4_mas_rag, DIALOGUE TURN NUM = 33.
[2025-10-16 12:06:46,485] [INFO] EXIT: 'UtteranceClassificationAgent' calling 'return_classified_sentences' (1.9073486328125e-06 secs).
[2025-10-16 12:06:46,509] [INFO] ENTER: 'GraphRAG' calling 'why'; CURRENT SPEAKER: grok-4_mas_rag, DIALOGUE TURN NUM = 33.
[2025-10-16 12:06:46,510] [INFO] ENTER: 'GraphRAG' calling 'query_graph'; CURRENT SPEAKER: grok-4_mas_rag, DIALOGUE TURN NUM = 33.
[2025-10-16 12:06:47,186] [INFO] EXIT: 'GraphRAG' calling 'query_graph' (0.6759331226348877 secs).
[2025-10-16 12:06:47,186] [INFO] EXIT: 'GraphRAG' calling 'why' (0.6763033866882324 secs).
[2025-10-16 12:06:47,186] [INFO] ENTER: 'GraphRAG' calling 'claim_negation'; CURRENT SPEAKER: grok-4_mas_rag, DIALOGUE TURN NUM = 33.
[2025-10-16 12:06:47,186] [INFO] ENTER: 'GraphRAG' calling 'query_graph'; CURRENT SPEAKER: grok-4_mas_rag, DIALOGUE TURN NUM = 33.
[2025-10-16 12:06:47,831] [INFO] EXIT: 'GraphRAG' calling 'query_graph' (0.6453554630279541 secs).
[2025-10-16 12:06:47,832] [INFO] EXIT: 'GraphRAG' calling 'claim_negation' (0.6457548141479492 secs).
[2025-10-16 12:06:47,832] [INFO] ENTER: 'GraphRAG' calling 'concede'; CURRENT SPEAKER: grok-4_mas_rag, DIALOGUE TURN NUM = 33.
[2025-10-16 12:06:47,832] [INFO] ENTER: 'GraphRAG' calling 'query_graph'; CURRENT SPEAKER: grok-4_mas_rag, DIALOGUE TURN NUM = 33.
[2025-10-16 12:06:48,507] [INFO] EXIT: 'GraphRAG' calling 'query_graph' (0.6749505996704102 secs).
[2025-10-16 12:06:48,507] [INFO] EXIT: 'GraphRAG' calling 'concede' (0.6753387451171875 secs).
[2025-10-16 12:06:48,507] [INFO] ENTER: 'GraphRAG' calling 'question'; CURRENT SPEAKER: grok-4_mas_rag, DIALOGUE TURN NUM = 33.
[2025-10-16 12:06:48,507] [INFO] ENTER: 'GraphRAG' calling 'query_graph'; CURRENT SPEAKER: grok-4_mas_rag, DIALOGUE TURN NUM = 33.
[2025-10-16 12:06:48,633] [INFO] EXIT: 'GraphRAG' calling 'query_graph' (0.12600469589233398 secs).
[2025-10-16 12:06:48,633] [INFO] EXIT: 'GraphRAG' calling 'question' (0.12642335891723633 secs).
[2025-10-16 12:06:48,652] [INFO] ENTER: 'GraphRAG' calling 'why'; CURRENT SPEAKER: grok-4_mas_rag, DIALOGUE TURN NUM = 33.
[2025-10-16 12:06:48,652] [INFO] ENTER: 'GraphRAG' calling 'query_graph'; CURRENT SPEAKER: grok-4_mas_rag, DIALOGUE TURN NUM = 33.
[2025-10-16 12:06:49,374] [INFO] EXIT: 'GraphRAG' calling 'query_graph' (0.7212893962860107 secs).
[2025-10-16 12:06:49,374] [INFO] EXIT: 'GraphRAG' calling 'why' (0.721656084060669 secs).
[2025-10-16 12:06:49,374] [INFO] ENTER: 'GraphRAG' calling 'concede'; CURRENT SPEAKER: grok-4_mas_rag, DIALOGUE TURN NUM = 33.
[2025-10-16 12:06:49,374] [INFO] ENTER: 'GraphRAG' calling 'query_graph'; CURRENT SPEAKER: grok-4_mas_rag, DIALOGUE TURN NUM = 33.
[2025-10-16 12:06:50,049] [INFO] EXIT: 'GraphRAG' calling 'query_graph' (0.6752772331237793 secs).
[2025-10-16 12:06:50,049] [INFO] EXIT: 'GraphRAG' calling 'concede' (0.6756789684295654 secs).
[2025-10-16 12:06:50,049] [INFO] ENTER: 'GraphRAG' calling 'question'; CURRENT SPEAKER: grok-4_mas_rag, DIALOGUE TURN NUM = 33.
[2025-10-16 12:06:50,050] [INFO] ENTER: 'GraphRAG' calling 'query_graph'; CURRENT SPEAKER: grok-4_mas_rag, DIALOGUE TURN NUM = 33.
[2025-10-16 12:06:50,708] [INFO] EXIT: 'GraphRAG' calling 'query_graph' (0.6577765941619873 secs).
[2025-10-16 12:06:50,708] [INFO] EXIT: 'GraphRAG' calling 'question' (0.658165693283081 secs).
[2025-10-16 12:06:50,725] [INFO] ENTER: 'GraphRAG' calling 'why'; CURRENT SPEAKER: grok-4_mas_rag, DIALOGUE TURN NUM = 33.
[2025-10-16 12:06:50,725] [INFO] ENTER: 'GraphRAG' calling 'query_graph'; CURRENT SPEAKER: grok-4_mas_rag, DIALOGUE TURN NUM = 33.
[2025-10-16 12:06:51,401] [INFO] EXIT: 'GraphRAG' calling 'query_graph' (0.6762089729309082 secs).
[2025-10-16 12:06:51,401] [INFO] EXIT: 'GraphRAG' calling 'why' (0.676624059677124 secs).
[2025-10-16 12:06:51,401] [INFO] ENTER: 'GraphRAG' calling 'claim_negation'; CURRENT SPEAKER: grok-4_mas_rag, DIALOGUE TURN NUM = 33.
[2025-10-16 12:06:51,402] [INFO] ENTER: 'GraphRAG' calling 'query_graph'; CURRENT SPEAKER: grok-4_mas_rag, DIALOGUE TURN NUM = 33.
[2025-10-16 12:06:52,049] [INFO] EXIT: 'GraphRAG' calling 'query_graph' (0.6467626094818115 secs).
[2025-10-16 12:06:52,049] [INFO] EXIT: 'GraphRAG' calling 'claim_negation' (0.6471631526947021 secs).
[2025-10-16 12:06:52,049] [INFO] ENTER: 'GraphRAG' calling 'concede'; CURRENT SPEAKER: grok-4_mas_rag, DIALOGUE TURN NUM = 33.
[2025-10-16 12:06:52,049] [INFO] ENTER: 'GraphRAG' calling 'query_graph'; CURRENT SPEAKER: grok-4_mas_rag, DIALOGUE TURN NUM = 33.
[2025-10-16 12:06:52,725] [INFO] EXIT: 'GraphRAG' calling 'query_graph' (0.6764686107635498 secs).
[2025-10-16 12:06:52,726] [INFO] EXIT: 'GraphRAG' calling 'concede' (0.6768417358398438 secs).
[2025-10-16 12:06:52,726] [INFO] ENTER: 'GraphRAG' calling 'question'; CURRENT SPEAKER: grok-4_mas_rag, DIALOGUE TURN NUM = 33.
[2025-10-16 12:06:52,726] [INFO] ENTER: 'GraphRAG' calling 'query_graph'; CURRENT SPEAKER: grok-4_mas_rag, DIALOGUE TURN NUM = 33.
[2025-10-16 12:06:52,851] [INFO] EXIT: 'GraphRAG' calling 'query_graph' (0.1253972053527832 secs).
[2025-10-16 12:06:52,851] [INFO] EXIT: 'GraphRAG' calling 'question' (0.1257951259613037 secs).
[2025-10-16 12:06:52,870] [INFO] ENTER: 'GraphRAG' calling 'why'; CURRENT SPEAKER: grok-4_mas_rag, DIALOGUE TURN NUM = 33.
[2025-10-16 12:06:52,870] [INFO] ENTER: 'GraphRAG' calling 'query_graph'; CURRENT SPEAKER: grok-4_mas_rag, DIALOGUE TURN NUM = 33.
[2025-10-16 12:06:53,588] [INFO] EXIT: 'GraphRAG' calling 'query_graph' (0.7176611423492432 secs).
[2025-10-16 12:06:53,588] [INFO] EXIT: 'GraphRAG' calling 'why' (0.7180306911468506 secs).
[2025-10-16 12:06:53,588] [INFO] ENTER: 'GraphRAG' calling 'concede'; CURRENT SPEAKER: grok-4_mas_rag, DIALOGUE TURN NUM = 33.
[2025-10-16 12:06:53,588] [INFO] ENTER: 'GraphRAG' calling 'query_graph'; CURRENT SPEAKER: grok-4_mas_rag, DIALOGUE TURN NUM = 33.
[2025-10-16 12:06:54,273] [INFO] EXIT: 'GraphRAG' calling 'query_graph' (0.6847720146179199 secs).
[2025-10-16 12:06:54,273] [INFO] EXIT: 'GraphRAG' calling 'concede' (0.6852400302886963 secs).
[2025-10-16 12:06:54,273] [INFO] ENTER: 'GraphRAG' calling 'question'; CURRENT SPEAKER: grok-4_mas_rag, DIALOGUE TURN NUM = 33.
[2025-10-16 12:06:54,274] [INFO] ENTER: 'GraphRAG' calling 'query_graph'; CURRENT SPEAKER: grok-4_mas_rag, DIALOGUE TURN NUM = 33.
[2025-10-16 12:06:54,927] [INFO] EXIT: 'GraphRAG' calling 'query_graph' (0.6535444259643555 secs).
[2025-10-16 12:06:54,927] [INFO] EXIT: 'GraphRAG' calling 'question' (0.6539685726165771 secs).
[2025-10-16 12:06:54,946] [INFO] ENTER: 'GraphRAG' calling 'why'; CURRENT SPEAKER: grok-4_mas_rag, DIALOGUE TURN NUM = 33.
[2025-10-16 12:06:54,946] [INFO] ENTER: 'GraphRAG' calling 'query_graph'; CURRENT SPEAKER: grok-4_mas_rag, DIALOGUE TURN NUM = 33.
[2025-10-16 12:06:55,669] [INFO] EXIT: 'GraphRAG' calling 'query_graph' (0.7230408191680908 secs).
[2025-10-16 12:06:55,669] [INFO] EXIT: 'GraphRAG' calling 'why' (0.7234296798706055 secs).
[2025-10-16 12:06:55,669] [INFO] ENTER: 'GraphRAG' calling 'concede'; CURRENT SPEAKER: grok-4_mas_rag, DIALOGUE TURN NUM = 33.
[2025-10-16 12:06:55,670] [INFO] ENTER: 'GraphRAG' calling 'query_graph'; CURRENT SPEAKER: grok-4_mas_rag, DIALOGUE TURN NUM = 33.
[2025-10-16 12:06:56,347] [INFO] EXIT: 'GraphRAG' calling 'query_graph' (0.6778018474578857 secs).
[2025-10-16 12:06:56,348] [INFO] EXIT: 'GraphRAG' calling 'concede' (0.6782500743865967 secs).
[2025-10-16 12:06:56,348] [INFO] ENTER: 'GraphRAG' calling 'question'; CURRENT SPEAKER: grok-4_mas_rag, DIALOGUE TURN NUM = 33.
[2025-10-16 12:06:56,348] [INFO] ENTER: 'GraphRAG' calling 'query_graph'; CURRENT SPEAKER: grok-4_mas_rag, DIALOGUE TURN NUM = 33.
[2025-10-16 12:06:56,997] [INFO] EXIT: 'GraphRAG' calling 'query_graph' (0.6491570472717285 secs).
[2025-10-16 12:06:56,997] [INFO] EXIT: 'GraphRAG' calling 'question' (0.6495835781097412 secs).
[2025-10-16 12:06:57,015] [INFO] ENTER: 'GraphRAG' calling 'why'; CURRENT SPEAKER: grok-4_mas_rag, DIALOGUE TURN NUM = 33.
[2025-10-16 12:06:57,015] [INFO] ENTER: 'GraphRAG' calling 'query_graph'; CURRENT SPEAKER: grok-4_mas_rag, DIALOGUE TURN NUM = 33.
[2025-10-16 12:06:57,690] [INFO] EXIT: 'GraphRAG' calling 'query_graph' (0.674689769744873 secs).
[2025-10-16 12:06:57,690] [INFO] EXIT: 'GraphRAG' calling 'why' (0.6750807762145996 secs).
[2025-10-16 12:06:57,690] [INFO] ENTER: 'GraphRAG' calling 'claim_negation'; CURRENT SPEAKER: grok-4_mas_rag, DIALOGUE TURN NUM = 33.
[2025-10-16 12:06:57,690] [INFO] ENTER: 'GraphRAG' calling 'query_graph'; CURRENT SPEAKER: grok-4_mas_rag, DIALOGUE TURN NUM = 33.
[2025-10-16 12:06:58,335] [INFO] EXIT: 'GraphRAG' calling 'query_graph' (0.6446521282196045 secs).
[2025-10-16 12:06:58,335] [INFO] EXIT: 'GraphRAG' calling 'claim_negation' (0.6451096534729004 secs).
[2025-10-16 12:06:58,335] [INFO] ENTER: 'GraphRAG' calling 'concede'; CURRENT SPEAKER: grok-4_mas_rag, DIALOGUE TURN NUM = 33.
[2025-10-16 12:06:58,335] [INFO] ENTER: 'GraphRAG' calling 'query_graph'; CURRENT SPEAKER: grok-4_mas_rag, DIALOGUE TURN NUM = 33.
[2025-10-16 12:06:59,011] [INFO] EXIT: 'GraphRAG' calling 'query_graph' (0.6757171154022217 secs).
[2025-10-16 12:06:59,011] [INFO] EXIT: 'GraphRAG' calling 'concede' (0.6761503219604492 secs).
[2025-10-16 12:06:59,011] [INFO] ENTER: 'GraphRAG' calling 'question'; CURRENT SPEAKER: grok-4_mas_rag, DIALOGUE TURN NUM = 33.
[2025-10-16 12:06:59,012] [INFO] ENTER: 'GraphRAG' calling 'query_graph'; CURRENT SPEAKER: grok-4_mas_rag, DIALOGUE TURN NUM = 33.
[2025-10-16 12:06:59,137] [INFO] EXIT: 'GraphRAG' calling 'query_graph' (0.12510085105895996 secs).
[2025-10-16 12:06:59,137] [INFO] EXIT: 'GraphRAG' calling 'question' (0.12550592422485352 secs).
[2025-10-16 12:06:59,137] [INFO] ENTER: 'GraphRAG' calling 'return_rag_examples'; CURRENT SPEAKER: grok-4_mas_rag, DIALOGUE TURN NUM = 33.
[2025-10-16 12:06:59,137] [INFO] EXIT: 'GraphRAG' calling 'return_rag_examples' (1.9073486328125e-06 secs).
[2025-10-16 12:06:59,139] [INFO] ENTER: 'DialogueMoveGenerator' calling 'generate'; CURRENT SPEAKER: grok-4_mas_rag, DIALOGUE TURN NUM = 33.
[2025-10-16 12:06:59,140] [INFO] ENTER: 'MASPromptGenerator' calling 'claim_negation'; CURRENT SPEAKER: grok-4_mas_rag, DIALOGUE TURN NUM = 33.
[2025-10-16 12:06:59,140] [INFO] EXIT: 'MASPromptGenerator' calling 'claim_negation' (6.818771362304688e-05 secs).
[2025-10-16 12:06:59,141] [INFO] ENTER: 'DialogueMoveGenerator' calling 'generate'; CURRENT SPEAKER: grok-4_mas_rag, DIALOGUE TURN NUM = 33.
[2025-10-16 12:06:59,142] [INFO] ENTER: 'DialogueMoveGenerator' calling 'generate'; CURRENT SPEAKER: grok-4_mas_rag, DIALOGUE TURN NUM = 33.
[2025-10-16 12:06:59,142] [INFO] ENTER: 'MASPromptGenerator' calling 'concede_claim'; CURRENT SPEAKER: grok-4_mas_rag, DIALOGUE TURN NUM = 33.
[2025-10-16 12:06:59,142] [INFO] ENTER: 'MASPromptGenerator' calling 'question_claim'; CURRENT SPEAKER: grok-4_mas_rag, DIALOGUE TURN NUM = 33.
[2025-10-16 12:06:59,143] [INFO] EXIT: 'MASPromptGenerator' calling 'concede_claim' (8.082389831542969e-05 secs).
[2025-10-16 12:06:59,143] [INFO] ENTER: 'DialogueMoveGenerator' calling 'generate'; CURRENT SPEAKER: grok-4_mas_rag, DIALOGUE TURN NUM = 33.
[2025-10-16 12:06:59,143] [INFO] EXIT: 'MASPromptGenerator' calling 'question_claim' (9.72747802734375e-05 secs).
[2025-10-16 12:06:59,144] [INFO] ENTER: 'MASPromptGenerator' calling 'why_claim'; CURRENT SPEAKER: grok-4_mas_rag, DIALOGUE TURN NUM = 33.
[2025-10-16 12:06:59,145] [INFO] EXIT: 'MASPromptGenerator' calling 'why_claim' (4.601478576660156e-05 secs).
[2025-10-16 12:07:01,545] [INFO] Completion returned and validated from MODEL = 'grok-4'.
[2025-10-16 12:07:01,573] [INFO] Completion returned and validated from MODEL = 'grok-4'.
[2025-10-16 12:07:01,956] [INFO] Completion returned and validated from MODEL = 'grok-4'.
[2025-10-16 12:07:03,615] [INFO] Completion returned and validated from MODEL = 'grok-4'.
[2025-10-16 12:07:04,176] [INFO] Completion returned and validated from MODEL = 'grok-4'.
[2025-10-16 12:07:04,245] [INFO] Completion returned and validated from MODEL = 'grok-4'.
[2025-10-16 12:07:06,670] [INFO] Completion returned and validated from MODEL = 'grok-4'.
[2025-10-16 12:07:07,737] [INFO] Completion returned and validated from MODEL = 'grok-4'.
[2025-10-16 12:07:07,854] [INFO] Completion returned and validated from MODEL = 'grok-4'.
[2025-10-16 12:07:08,669] [INFO] Completion returned and validated from MODEL = 'grok-4'.
[2025-10-16 12:07:09,710] [INFO] Completion returned and validated from MODEL = 'grok-4'.
[2025-10-16 12:07:11,062] [INFO] Completion returned and validated from MODEL = 'grok-4'.
[2025-10-16 12:07:11,984] [INFO] Completion returned and validated from MODEL = 'grok-4'.
[2025-10-16 12:07:13,356] [INFO] Completion returned and validated from MODEL = 'grok-4'.
[2025-10-16 12:07:13,356] [INFO] EXIT: 'DialogueMoveGenerator' calling 'generate' (14.212153434753418 secs).
[2025-10-16 12:07:13,774] [INFO] Completion returned and validated from MODEL = 'grok-4'.
[2025-10-16 12:07:13,774] [INFO] EXIT: 'DialogueMoveGenerator' calling 'generate' (14.63204026222229 secs).
[2025-10-16 12:09:06,725] [INFO] Completion returned and validated from MODEL = 'grok-4'.
[2025-10-16 12:09:06,725] [INFO] EXIT: 'DialogueMoveGenerator' calling 'generate' (127.58512997627258 secs).
[2025-10-16 12:09:10,265] [INFO] Completion returned and validated from MODEL = 'grok-4'.
[2025-10-16 12:09:12,087] [INFO] Completion returned and validated from MODEL = 'grok-4'.
[2025-10-16 12:09:17,124] [INFO] Completion returned and validated from MODEL = 'grok-4'.
[2025-10-16 12:09:18,974] [INFO] Completion returned and validated from MODEL = 'grok-4'.
[2025-10-16 12:09:20,890] [INFO] Completion returned and validated from MODEL = 'grok-4'.
[2025-10-16 12:09:20,890] [INFO] EXIT: 'DialogueMoveGenerator' calling 'generate' (141.7479648590088 secs).
[2025-10-16 12:09:20,891] [INFO] ENTER: 'MASPromptGenerator' calling 'persuasiveness_choice'; CURRENT SPEAKER: grok-4_mas_rag, DIALOGUE TURN NUM = 33.
[2025-10-16 12:09:20,892] [INFO] EXIT: 'MASPromptGenerator' calling 'persuasiveness_choice' (0.0002849102020263672 secs).
[2025-10-16 12:09:25,961] [INFO] Completion returned and validated within 'PersuasivenessChoiceAgent'; MODEL = 'grok-4'; DIALOGUE TURN NUM = 33.
[2025-10-16 12:09:27,911] [INFO] Completion returned and validated within 'PersuasivenessChoiceAgent'; MODEL = 'grok-4'; DIALOGUE TURN NUM = 33.
[2025-10-16 12:09:30,564] [INFO] Completion returned and validated within 'PersuasivenessChoiceAgent'; MODEL = 'grok-4'; DIALOGUE TURN NUM = 33.
[2025-10-16 12:09:32,258] [INFO] Completion returned and validated within 'PersuasivenessChoiceAgent'; MODEL = 'grok-4'; DIALOGUE TURN NUM = 33.
[2025-10-16 12:09:34,539] [INFO] Completion returned and validated within 'PersuasivenessChoiceAgent'; MODEL = 'grok-4'; DIALOGUE TURN NUM = 33.
[2025-10-16 12:09:36,828] [INFO] Completion returned and validated within 'PersuasivenessChoiceAgent'; MODEL = 'grok-4'; DIALOGUE TURN NUM = 33.
[2025-10-16 12:09:36,828] [INFO] ENTER: 'DisambiguationAgent' calling '_grouping_similar_utterance_types'; CURRENT SPEAKER: grok-4_mas_rag, DIALOGUE TURN NUM = 33.
[2025-10-16 12:09:36,828] [INFO] EXIT: 'DisambiguationAgent' calling '_grouping_similar_utterance_types' (1.6450881958007812e-05 secs).
[2025-10-16 12:09:36,828] [INFO] ENTER: 'DisambiguationAgent' calling '_identifying_similar_sentences_and_choosing_one_to_return_to_user'; CURRENT SPEAKER: grok-4_mas_rag, DIALOGUE TURN NUM = 33.
[2025-10-16 12:09:40,143] [INFO] 'DisambiguationAgent' grouped similar sentences, completion returned and validated; MODEL = 'grok-4'.
[2025-10-16 12:09:41,062] [INFO] 'DisambiguationAgent' chose sentences to remove, completion returned and validated from MODEL = 'grok-4'.
[2025-10-16 12:09:42,007] [INFO] 'DisambiguationAgent' chose sentences to remove, completion returned and validated from MODEL = 'grok-4'.
[2025-10-16 12:09:43,063] [INFO] 'DisambiguationAgent' chose sentences to remove, completion returned and validated from MODEL = 'grok-4'.
[2025-10-16 12:09:43,864] [INFO] 'DisambiguationAgent' chose sentences to remove, completion returned and validated from MODEL = 'grok-4'.
[2025-10-16 12:09:43,864] [INFO] EXIT: 'DisambiguationAgent' calling '_identifying_similar_sentences_and_choosing_one_to_return_to_user' (7.03571891784668 secs).
[2025-10-16 12:09:43,864] [INFO] ENTER: 'DisambiguationAgent' calling '_identifying_similar_sentences_and_choosing_one_to_return_to_user'; CURRENT SPEAKER: grok-4_mas_rag, DIALOGUE TURN NUM = 33.
[2025-10-16 12:09:49,615] [INFO] 'DisambiguationAgent' grouped similar sentences, completion returned and validated; MODEL = 'grok-4'.
[2025-10-16 12:09:50,462] [INFO] 'DisambiguationAgent' chose sentences to remove, completion returned and validated from MODEL = 'grok-4'.
[2025-10-16 12:09:51,290] [INFO] 'DisambiguationAgent' chose sentences to remove, completion returned and validated from MODEL = 'grok-4'.
[2025-10-16 12:09:52,276] [INFO] 'DisambiguationAgent' chose sentences to remove, completion returned and validated from MODEL = 'grok-4'.
[2025-10-16 12:09:53,556] [INFO] 'DisambiguationAgent' chose sentences to remove, completion returned and validated from MODEL = 'grok-4'.
[2025-10-16 12:09:53,556] [INFO] EXIT: 'DisambiguationAgent' calling '_identifying_similar_sentences_and_choosing_one_to_return_to_user' (9.69203495979309 secs).
[2025-10-16 12:09:53,556] [INFO] ENTER: 'DisambiguationAgent' calling '_removing_repetitive_sentences'; CURRENT SPEAKER: grok-4_mas_rag, DIALOGUE TURN NUM = 33.
[2025-10-16 12:09:53,556] [INFO] EXIT: 'DisambiguationAgent' calling '_removing_repetitive_sentences' (5.3882598876953125e-05 secs).
[2025-10-16 12:09:53,556] [INFO] ENTER: 'DisambiguationAgent' calling '_choose_the_most_persuasive_sentences'; CURRENT SPEAKER: grok-4_mas_rag, DIALOGUE TURN NUM = 33.
[2025-10-16 12:09:55,815] [INFO] 'DisambiguationAgent': reached maximum allowed sentences, succussfully chose most persuasive sentences, completion returned and validated from MODEL = 'grok-4'.
[2025-10-16 12:09:55,815] [INFO] EXIT: 'DisambiguationAgent' calling '_choose_the_most_persuasive_sentences' (2.2589821815490723 secs).
[2025-10-16 12:09:55,815] [INFO] ENTER: 'DisambiguationAgent' calling 'return_disambiguated_sentences'; CURRENT SPEAKER: grok-4_mas_rag, DIALOGUE TURN NUM = 33.
[2025-10-16 12:09:55,815] [INFO] EXIT: 'DisambiguationAgent' calling 'return_disambiguated_sentences' (2.86102294921875e-06 secs).
[2025-10-16 12:09:55,816] [ERROR] Wrong state used; State of type HumanState; error message: dict has unexpected extra key(s): "graph_rag_examples", "intermediate_generations", "knowledge_base_ensemble_or_model_name", "model_seed", "model_temp", "model_top_p", "number_of_graph_rag_examples", "number_of_vector_based_rag_examples", "political_position_prob_of_na", "political_position_range", "political_position_std", "speaker_model_name", "speaker_type", "vector_based_persona_string", "vector_based_persona_sys_prompt"
[2025-10-16 12:09:55,816] [INFO] Correct state used; State of type GenerationAgentsState; 'IGNORE THE ABOVE ERRORS'.
[2025-10-16 12:09:56,532] [INFO] 'commitment_update' completed '___Claim___' update for current speaker's commitments; MODEL = 'grok-4'.
[2025-10-16 12:09:57,177] [INFO] 'commitment_update' completed '___Claim___' update for current speaker's commitments; MODEL = 'grok-4'.
[2025-10-16 12:09:57,956] [INFO] 'commitment_update' completed '___Claim___' update for current speaker's commitments; MODEL = 'grok-4'.
[2025-10-16 12:09:58,744] [INFO] 'commitment_update' completed '___Claim___' update for current speaker's commitments; MODEL = 'grok-4'.
[2025-10-16 12:09:58,889] [ERROR] Wrong state used; State of type HumanState; error message: dict has unexpected extra key(s): "graph_rag_examples", "intermediate_generations", "knowledge_base_ensemble_or_model_name", "model_seed", "model_temp", "model_top_p", "number_of_graph_rag_examples", "number_of_vector_based_rag_examples", "political_position_prob_of_na", "political_position_range", "political_position_std", "speaker_model_name", "speaker_type", "vector_based_persona_string", "vector_based_persona_sys_prompt"
[2025-10-16 12:09:58,889] [INFO] Correct state used; State of type GenerationAgentsState; 'IGNORE THE ABOVE ERRORS'.
[2025-10-16 12:09:58,889] [INFO] ENTER: 'UtteranceClassificationAgent' calling '_classify_sentence_utterance_types'; CURRENT SPEAKER: grok-4_mas, DIALOGUE TURN NUM = 34.
[2025-10-16 12:09:59,593] [INFO] 'UtteranceClassificationAgent' completion returned and validated from MODEL = 'ModelName.GROK_4'.
[2025-10-16 12:10:00,258] [INFO] 'UtteranceClassificationAgent' completion returned and validated from MODEL = 'ModelName.GROK_4'.
[2025-10-16 12:10:00,912] [INFO] 'UtteranceClassificationAgent' completion returned and validated from MODEL = 'ModelName.GROK_4'.
[2025-10-16 12:10:01,506] [INFO] 'UtteranceClassificationAgent' completion returned and validated from MODEL = 'ModelName.GROK_4'.
[2025-10-16 12:10:02,124] [INFO] 'UtteranceClassificationAgent' completion returned and validated from MODEL = 'ModelName.GROK_4'.
[2025-10-16 12:10:02,124] [INFO] EXIT: 'UtteranceClassificationAgent' calling '_classify_sentence_utterance_types' (3.2341232299804688 secs).
[2025-10-16 12:10:02,124] [INFO] ENTER: 'UtteranceClassificationAgent' calling 'return_classified_sentences'; CURRENT SPEAKER: grok-4_mas, DIALOGUE TURN NUM = 34.
[2025-10-16 12:10:02,124] [INFO] EXIT: 'UtteranceClassificationAgent' calling 'return_classified_sentences' (1.430511474609375e-06 secs).
[2025-10-16 12:10:02,126] [INFO] ENTER: 'DialogueMoveGenerator' calling 'generate'; CURRENT SPEAKER: grok-4_mas, DIALOGUE TURN NUM = 34.
[2025-10-16 12:10:02,126] [INFO] ENTER: 'MASPromptGenerator' calling 'claim'; CURRENT SPEAKER: grok-4_mas, DIALOGUE TURN NUM = 34.
[2025-10-16 12:10:02,126] [INFO] EXIT: 'MASPromptGenerator' calling 'claim' (5.2928924560546875e-05 secs).
[2025-10-16 12:10:02,127] [INFO] ENTER: 'DialogueMoveGenerator' calling 'generate'; CURRENT SPEAKER: grok-4_mas, DIALOGUE TURN NUM = 34.
[2025-10-16 12:10:02,127] [INFO] ENTER: 'DialogueMoveGenerator' calling 'generate'; CURRENT SPEAKER: grok-4_mas, DIALOGUE TURN NUM = 34.
[2025-10-16 12:10:02,128] [INFO] ENTER: 'MASPromptGenerator' calling 'claim_negation'; CURRENT SPEAKER: grok-4_mas, DIALOGUE TURN NUM = 34.
[2025-10-16 12:10:02,128] [INFO] ENTER: 'MASPromptGenerator' calling 'concede_claim'; CURRENT SPEAKER: grok-4_mas, DIALOGUE TURN NUM = 34.
[2025-10-16 12:10:02,128] [INFO] ENTER: 'DialogueMoveGenerator' calling 'generate'; CURRENT SPEAKER: grok-4_mas, DIALOGUE TURN NUM = 34.
[2025-10-16 12:10:02,129] [INFO] EXIT: 'MASPromptGenerator' calling 'claim_negation' (7.772445678710938e-05 secs).
[2025-10-16 12:10:02,129] [INFO] ENTER: 'DialogueMoveGenerator' calling 'generate'; CURRENT SPEAKER: grok-4_mas, DIALOGUE TURN NUM = 34.
[2025-10-16 12:10:02,129] [INFO] ENTER: 'DialogueMoveGenerator' calling 'generate'; CURRENT SPEAKER: grok-4_mas, DIALOGUE TURN NUM = 34.
[2025-10-16 12:10:02,129] [INFO] EXIT: 'MASPromptGenerator' calling 'concede_claim' (5.173683166503906e-05 secs).
[2025-10-16 12:10:02,131] [INFO] ENTER: 'MASPromptGenerator' calling 'question_claim'; CURRENT SPEAKER: grok-4_mas, DIALOGUE TURN NUM = 34.
[2025-10-16 12:10:02,131] [INFO] ENTER: 'DialogueMoveGenerator' calling 'generate'; CURRENT SPEAKER: grok-4_mas, DIALOGUE TURN NUM = 34.
[2025-10-16 12:10:02,131] [INFO] ENTER: 'MASPromptGenerator' calling 'since_claim'; CURRENT SPEAKER: grok-4_mas, DIALOGUE TURN NUM = 34.
[2025-10-16 12:10:02,132] [INFO] ENTER: 'MASPromptGenerator' calling 'retract_claim'; CURRENT SPEAKER: grok-4_mas, DIALOGUE TURN NUM = 34.
[2025-10-16 12:10:02,133] [INFO] EXIT: 'MASPromptGenerator' calling 'question_claim' (6.175041198730469e-05 secs).
[2025-10-16 12:10:02,133] [INFO] ENTER: 'MASPromptGenerator' calling 'why_claim'; CURRENT SPEAKER: grok-4_mas, DIALOGUE TURN NUM = 34.
[2025-10-16 12:10:02,134] [INFO] EXIT: 'MASPromptGenerator' calling 'since_claim' (7.414817810058594e-05 secs).
[2025-10-16 12:10:02,134] [INFO] EXIT: 'MASPromptGenerator' calling 'retract_claim' (4.315376281738281e-05 secs).
[2025-10-16 12:10:02,134] [INFO] EXIT: 'MASPromptGenerator' calling 'why_claim' (0.00012087821960449219 secs).
[2025-10-16 12:10:04,849] [INFO] Completion returned and validated from MODEL = 'grok-4'.
[2025-10-16 12:10:05,348] [INFO] Completion returned and validated from MODEL = 'grok-4'.
[2025-10-16 12:10:05,422] [INFO] Completion returned and validated from MODEL = 'grok-4'.
[2025-10-16 12:10:05,455] [INFO] Completion returned and validated from MODEL = 'grok-4'.
[2025-10-16 12:10:05,455] [INFO] EXIT: 'DialogueMoveGenerator' calling 'generate' (3.329113245010376 secs).
[2025-10-16 12:10:05,460] [INFO] Completion returned and validated from MODEL = 'grok-4'.
[2025-10-16 12:10:05,460] [INFO] EXIT: 'DialogueMoveGenerator' calling 'generate' (3.3279731273651123 secs).
[2025-10-16 12:10:05,927] [INFO] Completion returned and validated from MODEL = 'grok-4'.
[2025-10-16 12:10:05,927] [INFO] EXIT: 'DialogueMoveGenerator' calling 'generate' (3.7958736419677734 secs).
[2025-10-16 12:10:06,895] [INFO] Completion returned and validated from MODEL = 'grok-4'.
[2025-10-16 12:10:07,716] [INFO] Completion returned and validated from MODEL = 'grok-4'.
[2025-10-16 12:10:07,776] [INFO] Completion returned and validated from MODEL = 'grok-4'.
[2025-10-16 12:10:08,829] [INFO] Completion returned and validated from MODEL = 'grok-4'.
[2025-10-16 12:10:09,980] [INFO] Completion returned and validated from MODEL = 'grok-4'.
[2025-10-16 12:10:10,922] [INFO] Completion returned and validated from MODEL = 'grok-4'.
[2025-10-16 12:10:10,922] [INFO] EXIT: 'DialogueMoveGenerator' calling 'generate' (8.79433012008667 secs).
[2025-10-16 12:10:11,014] [INFO] Completion returned and validated from MODEL = 'grok-4'.
[2025-10-16 12:10:13,227] [INFO] Completion returned and validated from MODEL = 'grok-4'.
[2025-10-16 12:10:13,227] [INFO] EXIT: 'DialogueMoveGenerator' calling 'generate' (11.099650859832764 secs).
[2025-10-16 12:10:13,915] [INFO] Completion returned and validated from MODEL = 'grok-4'.
[2025-10-16 12:10:13,915] [INFO] EXIT: 'DialogueMoveGenerator' calling 'generate' (11.784550666809082 secs).
[2025-10-16 12:10:16,287] [INFO] Completion returned and validated from MODEL = 'grok-4'.
[2025-10-16 12:10:18,313] [INFO] Completion returned and validated from MODEL = 'grok-4'.
[2025-10-16 12:10:22,212] [INFO] Completion returned and validated from MODEL = 'grok-4'.
[2025-10-16 12:10:24,154] [INFO] Completion returned and validated from MODEL = 'grok-4'.
[2025-10-16 12:10:24,154] [INFO] EXIT: 'DialogueMoveGenerator' calling 'generate' (22.020896911621094 secs).
[2025-10-16 12:10:24,156] [INFO] ENTER: 'MASPromptGenerator' calling 'persuasiveness_choice'; CURRENT SPEAKER: grok-4_mas, DIALOGUE TURN NUM = 34.
[2025-10-16 12:10:24,156] [INFO] EXIT: 'MASPromptGenerator' calling 'persuasiveness_choice' (0.00024580955505371094 secs).
[2025-10-16 12:10:30,113] [INFO] Completion returned and validated within 'PersuasivenessChoiceAgent'; MODEL = 'grok-4'; DIALOGUE TURN NUM = 34.
[2025-10-16 12:10:31,767] [INFO] Completion returned and validated within 'PersuasivenessChoiceAgent'; MODEL = 'grok-4'; DIALOGUE TURN NUM = 34.
[2025-10-16 12:10:33,818] [INFO] Completion returned and validated within 'PersuasivenessChoiceAgent'; MODEL = 'grok-4'; DIALOGUE TURN NUM = 34.
[2025-10-16 12:10:36,055] [INFO] Completion returned and validated within 'PersuasivenessChoiceAgent'; MODEL = 'grok-4'; DIALOGUE TURN NUM = 34.
[2025-10-16 12:10:38,996] [INFO] Completion returned and validated within 'PersuasivenessChoiceAgent'; MODEL = 'grok-4'; DIALOGUE TURN NUM = 34.
[2025-10-16 12:10:38,997] [INFO] ENTER: 'DisambiguationAgent' calling '_grouping_similar_utterance_types'; CURRENT SPEAKER: grok-4_mas, DIALOGUE TURN NUM = 34.
[2025-10-16 12:10:38,997] [INFO] EXIT: 'DisambiguationAgent' calling '_grouping_similar_utterance_types' (1.52587890625e-05 secs).
[2025-10-16 12:10:38,997] [INFO] ENTER: 'DisambiguationAgent' calling '_identifying_similar_sentences_and_choosing_one_to_return_to_user'; CURRENT SPEAKER: grok-4_mas, DIALOGUE TURN NUM = 34.
[2025-10-16 12:10:45,480] [INFO] 'DisambiguationAgent' grouped similar sentences, completion returned and validated; MODEL = 'grok-4'.
[2025-10-16 12:10:46,474] [INFO] 'DisambiguationAgent' chose sentences to remove, completion returned and validated from MODEL = 'grok-4'.
[2025-10-16 12:11:01,968] [INFO] 'DisambiguationAgent' chose sentences to remove, completion returned and validated from MODEL = 'grok-4'.
[2025-10-16 12:11:01,968] [INFO] EXIT: 'DisambiguationAgent' calling '_identifying_similar_sentences_and_choosing_one_to_return_to_user' (22.97044038772583 secs).
[2025-10-16 12:11:01,968] [INFO] ENTER: 'DisambiguationAgent' calling '_identifying_similar_sentences_and_choosing_one_to_return_to_user'; CURRENT SPEAKER: grok-4_mas, DIALOGUE TURN NUM = 34.
[2025-10-16 12:11:04,899] [INFO] 'DisambiguationAgent' grouped similar sentences, completion returned and validated; MODEL = 'grok-4'.
[2025-10-16 12:11:05,755] [INFO] 'DisambiguationAgent' chose sentences to remove, completion returned and validated from MODEL = 'grok-4'.
[2025-10-16 12:11:06,797] [INFO] 'DisambiguationAgent' chose sentences to remove, completion returned and validated from MODEL = 'grok-4'.
[2025-10-16 12:11:07,703] [INFO] 'DisambiguationAgent' chose sentences to remove, completion returned and validated from MODEL = 'grok-4'.
[2025-10-16 12:11:07,703] [INFO] EXIT: 'DisambiguationAgent' calling '_identifying_similar_sentences_and_choosing_one_to_return_to_user' (5.73468542098999 secs).
[2025-10-16 12:11:07,703] [INFO] ENTER: 'DisambiguationAgent' calling '_removing_repetitive_sentences'; CURRENT SPEAKER: grok-4_mas, DIALOGUE TURN NUM = 34.
[2025-10-16 12:11:07,703] [INFO] EXIT: 'DisambiguationAgent' calling '_removing_repetitive_sentences' (1.9788742065429688e-05 secs).
[2025-10-16 12:11:07,703] [INFO] ENTER: 'DisambiguationAgent' calling '_choose_the_most_persuasive_sentences'; CURRENT SPEAKER: grok-4_mas, DIALOGUE TURN NUM = 34.
[2025-10-16 12:11:10,788] [INFO] 'DisambiguationAgent': reached maximum allowed sentences, succussfully chose most persuasive sentences, completion returned and validated from MODEL = 'grok-4'.
[2025-10-16 12:11:10,788] [INFO] EXIT: 'DisambiguationAgent' calling '_choose_the_most_persuasive_sentences' (3.085047960281372 secs).
[2025-10-16 12:11:10,788] [INFO] ENTER: 'DisambiguationAgent' calling 'return_disambiguated_sentences'; CURRENT SPEAKER: grok-4_mas, DIALOGUE TURN NUM = 34.
[2025-10-16 12:11:10,788] [INFO] EXIT: 'DisambiguationAgent' calling 'return_disambiguated_sentences' (2.384185791015625e-06 secs).
[2025-10-16 12:11:10,788] [ERROR] Wrong state used; State of type HumanState; error message: dict has unexpected extra key(s): "graph_rag_examples", "intermediate_generations", "knowledge_base_ensemble_or_model_name", "model_seed", "model_temp", "model_top_p", "number_of_graph_rag_examples", "number_of_vector_based_rag_examples", "political_position_prob_of_na", "political_position_range", "political_position_std", "speaker_model_name", "speaker_type", "vector_based_persona_string", "vector_based_persona_sys_prompt"
[2025-10-16 12:11:10,789] [INFO] Correct state used; State of type GenerationAgentsState; 'IGNORE THE ABOVE ERRORS'.
[2025-10-16 12:11:11,600] [INFO] 'commitment_update' completed '___Claim___' update for current speaker's commitments; MODEL = 'grok-4'.
[2025-10-16 12:11:12,211] [INFO] 'commitment_update' completed '___Claim___' update for current speaker's commitments; MODEL = 'grok-4'.
[2025-10-16 12:11:12,311] [ERROR] Wrong state used; State of type HumanState; error message: dict has unexpected extra key(s): "graph_rag_examples", "intermediate_generations", "knowledge_base_ensemble_or_model_name", "model_seed", "model_temp", "model_top_p", "number_of_graph_rag_examples", "number_of_vector_based_rag_examples", "political_position_prob_of_na", "political_position_range", "political_position_std", "speaker_model_name", "speaker_type", "vector_based_persona_string", "vector_based_persona_sys_prompt"
[2025-10-16 12:11:12,313] [INFO] Correct state used; State of type GenerationAgentsState; 'IGNORE THE ABOVE ERRORS'.
[2025-10-16 12:11:12,313] [INFO] ENTER: 'UtteranceClassificationAgent' calling '_classify_sentence_utterance_types'; CURRENT SPEAKER: grok-4_mas_rag, DIALOGUE TURN NUM = 35.
[2025-10-16 12:11:12,959] [INFO] 'UtteranceClassificationAgent' completion returned and validated from MODEL = 'ModelName.GROK_4'.
[2025-10-16 12:11:13,531] [INFO] 'UtteranceClassificationAgent' completion returned and validated from MODEL = 'ModelName.GROK_4'.
[2025-10-16 12:11:14,100] [INFO] 'UtteranceClassificationAgent' completion returned and validated from MODEL = 'ModelName.GROK_4'.
[2025-10-16 12:11:14,668] [INFO] 'UtteranceClassificationAgent' completion returned and validated from MODEL = 'ModelName.GROK_4'.
[2025-10-16 12:11:15,247] [INFO] 'UtteranceClassificationAgent' completion returned and validated from MODEL = 'ModelName.GROK_4'.
[2025-10-16 12:11:16,067] [INFO] 'UtteranceClassificationAgent' completion returned and validated from MODEL = 'ModelName.GROK_4'.
[2025-10-16 12:11:16,621] [INFO] 'UtteranceClassificationAgent' completion returned and validated from MODEL = 'ModelName.GROK_4'.
[2025-10-16 12:11:16,621] [INFO] EXIT: 'UtteranceClassificationAgent' calling '_classify_sentence_utterance_types' (4.307838439941406 secs).
[2025-10-16 12:11:16,621] [INFO] ENTER: 'UtteranceClassificationAgent' calling 'return_classified_sentences'; CURRENT SPEAKER: grok-4_mas_rag, DIALOGUE TURN NUM = 35.
[2025-10-16 12:11:16,621] [INFO] EXIT: 'UtteranceClassificationAgent' calling 'return_classified_sentences' (2.384185791015625e-06 secs).
[2025-10-16 12:11:16,642] [INFO] ENTER: 'GraphRAG' calling 'since'; CURRENT SPEAKER: grok-4_mas_rag, DIALOGUE TURN NUM = 35.
[2025-10-16 12:11:16,642] [INFO] ENTER: 'GraphRAG' calling 'query_graph'; CURRENT SPEAKER: grok-4_mas_rag, DIALOGUE TURN NUM = 35.
[2025-10-16 12:11:16,665] [INFO] EXIT: 'GraphRAG' calling 'query_graph' (0.02268052101135254 secs).
[2025-10-16 12:11:16,665] [INFO] EXIT: 'GraphRAG' calling 'since' (0.023032188415527344 secs).
[2025-10-16 12:11:16,665] [INFO] ENTER: 'GraphRAG' calling 'claim'; CURRENT SPEAKER: grok-4_mas_rag, DIALOGUE TURN NUM = 35.
[2025-10-16 12:11:16,665] [INFO] ENTER: 'GraphRAG' calling 'query_graph'; CURRENT SPEAKER: grok-4_mas_rag, DIALOGUE TURN NUM = 35.
[2025-10-16 12:11:16,682] [INFO] EXIT: 'GraphRAG' calling 'query_graph' (0.01696944236755371 secs).
[2025-10-16 12:11:16,682] [INFO] EXIT: 'GraphRAG' calling 'claim' (0.01729559898376465 secs).
[2025-10-16 12:11:16,700] [INFO] ENTER: 'GraphRAG' calling 'since'; CURRENT SPEAKER: grok-4_mas_rag, DIALOGUE TURN NUM = 35.
[2025-10-16 12:11:16,700] [INFO] ENTER: 'GraphRAG' calling 'query_graph'; CURRENT SPEAKER: grok-4_mas_rag, DIALOGUE TURN NUM = 35.
[2025-10-16 12:11:16,722] [INFO] EXIT: 'GraphRAG' calling 'query_graph' (0.021709442138671875 secs).
[2025-10-16 12:11:16,722] [INFO] EXIT: 'GraphRAG' calling 'since' (0.02208399772644043 secs).
[2025-10-16 12:11:16,722] [INFO] ENTER: 'GraphRAG' calling 'claim'; CURRENT SPEAKER: grok-4_mas_rag, DIALOGUE TURN NUM = 35.
[2025-10-16 12:11:16,723] [INFO] ENTER: 'GraphRAG' calling 'query_graph'; CURRENT SPEAKER: grok-4_mas_rag, DIALOGUE TURN NUM = 35.
[2025-10-16 12:11:16,739] [INFO] EXIT: 'GraphRAG' calling 'query_graph' (0.01695728302001953 secs).
[2025-10-16 12:11:16,740] [INFO] EXIT: 'GraphRAG' calling 'claim' (0.017300844192504883 secs).
[2025-10-16 12:11:16,757] [INFO] ENTER: 'GraphRAG' calling 'why'; CURRENT SPEAKER: grok-4_mas_rag, DIALOGUE TURN NUM = 35.
[2025-10-16 12:11:16,757] [INFO] ENTER: 'GraphRAG' calling 'query_graph'; CURRENT SPEAKER: grok-4_mas_rag, DIALOGUE TURN NUM = 35.
[2025-10-16 12:11:17,490] [INFO] EXIT: 'GraphRAG' calling 'query_graph' (0.7327604293823242 secs).
[2025-10-16 12:11:17,490] [INFO] EXIT: 'GraphRAG' calling 'why' (0.73313307762146 secs).
[2025-10-16 12:11:17,490] [INFO] ENTER: 'GraphRAG' calling 'concede'; CURRENT SPEAKER: grok-4_mas_rag, DIALOGUE TURN NUM = 35.
[2025-10-16 12:11:17,490] [INFO] ENTER: 'GraphRAG' calling 'query_graph'; CURRENT SPEAKER: grok-4_mas_rag, DIALOGUE TURN NUM = 35.
[2025-10-16 12:11:18,165] [INFO] EXIT: 'GraphRAG' calling 'query_graph' (0.6747262477874756 secs).
[2025-10-16 12:11:18,165] [INFO] EXIT: 'GraphRAG' calling 'concede' (0.6751329898834229 secs).
[2025-10-16 12:11:18,165] [INFO] ENTER: 'GraphRAG' calling 'question'; CURRENT SPEAKER: grok-4_mas_rag, DIALOGUE TURN NUM = 35.
[2025-10-16 12:11:18,165] [INFO] ENTER: 'GraphRAG' calling 'query_graph'; CURRENT SPEAKER: grok-4_mas_rag, DIALOGUE TURN NUM = 35.
[2025-10-16 12:11:18,818] [INFO] EXIT: 'GraphRAG' calling 'query_graph' (0.6525890827178955 secs).
[2025-10-16 12:11:18,819] [INFO] EXIT: 'GraphRAG' calling 'question' (0.6534843444824219 secs).
[2025-10-16 12:11:18,836] [INFO] ENTER: 'GraphRAG' calling 'why'; CURRENT SPEAKER: grok-4_mas_rag, DIALOGUE TURN NUM = 35.
[2025-10-16 12:11:18,837] [INFO] ENTER: 'GraphRAG' calling 'query_graph'; CURRENT SPEAKER: grok-4_mas_rag, DIALOGUE TURN NUM = 35.
[2025-10-16 12:11:19,510] [INFO] EXIT: 'GraphRAG' calling 'query_graph' (0.6737277507781982 secs).
[2025-10-16 12:11:19,510] [INFO] EXIT: 'GraphRAG' calling 'why' (0.6741161346435547 secs).
[2025-10-16 12:11:19,510] [INFO] ENTER: 'GraphRAG' calling 'claim_negation'; CURRENT SPEAKER: grok-4_mas_rag, DIALOGUE TURN NUM = 35.
[2025-10-16 12:11:19,511] [INFO] ENTER: 'GraphRAG' calling 'query_graph'; CURRENT SPEAKER: grok-4_mas_rag, DIALOGUE TURN NUM = 35.
[2025-10-16 12:11:20,154] [INFO] EXIT: 'GraphRAG' calling 'query_graph' (0.6431379318237305 secs).
[2025-10-16 12:11:20,154] [INFO] EXIT: 'GraphRAG' calling 'claim_negation' (0.6435465812683105 secs).
[2025-10-16 12:11:20,154] [INFO] ENTER: 'GraphRAG' calling 'concede'; CURRENT SPEAKER: grok-4_mas_rag, DIALOGUE TURN NUM = 35.
[2025-10-16 12:11:20,154] [INFO] ENTER: 'GraphRAG' calling 'query_graph'; CURRENT SPEAKER: grok-4_mas_rag, DIALOGUE TURN NUM = 35.
[2025-10-16 12:11:20,829] [INFO] EXIT: 'GraphRAG' calling 'query_graph' (0.6745429039001465 secs).
[2025-10-16 12:11:20,830] [INFO] EXIT: 'GraphRAG' calling 'concede' (0.6757738590240479 secs).
[2025-10-16 12:11:20,830] [INFO] ENTER: 'GraphRAG' calling 'question'; CURRENT SPEAKER: grok-4_mas_rag, DIALOGUE TURN NUM = 35.
[2025-10-16 12:11:20,830] [INFO] ENTER: 'GraphRAG' calling 'query_graph'; CURRENT SPEAKER: grok-4_mas_rag, DIALOGUE TURN NUM = 35.
[2025-10-16 12:11:20,956] [INFO] EXIT: 'GraphRAG' calling 'query_graph' (0.12566304206848145 secs).
[2025-10-16 12:11:20,956] [INFO] EXIT: 'GraphRAG' calling 'question' (0.1260700225830078 secs).
[2025-10-16 12:11:20,973] [INFO] ENTER: 'GraphRAG' calling 'why'; CURRENT SPEAKER: grok-4_mas_rag, DIALOGUE TURN NUM = 35.
[2025-10-16 12:11:20,974] [INFO] ENTER: 'GraphRAG' calling 'query_graph'; CURRENT SPEAKER: grok-4_mas_rag, DIALOGUE TURN NUM = 35.
[2025-10-16 12:11:21,645] [INFO] EXIT: 'GraphRAG' calling 'query_graph' (0.6709895133972168 secs).
[2025-10-16 12:11:21,645] [INFO] EXIT: 'GraphRAG' calling 'why' (0.6713738441467285 secs).
[2025-10-16 12:11:21,645] [INFO] ENTER: 'GraphRAG' calling 'claim_negation'; CURRENT SPEAKER: grok-4_mas_rag, DIALOGUE TURN NUM = 35.
[2025-10-16 12:11:21,645] [INFO] ENTER: 'GraphRAG' calling 'query_graph'; CURRENT SPEAKER: grok-4_mas_rag, DIALOGUE TURN NUM = 35.
[2025-10-16 12:11:22,290] [INFO] EXIT: 'GraphRAG' calling 'query_graph' (0.6452193260192871 secs).
[2025-10-16 12:11:22,290] [INFO] EXIT: 'GraphRAG' calling 'claim_negation' (0.6456520557403564 secs).
[2025-10-16 12:11:22,290] [INFO] ENTER: 'GraphRAG' calling 'concede'; CURRENT SPEAKER: grok-4_mas_rag, DIALOGUE TURN NUM = 35.
[2025-10-16 12:11:22,291] [INFO] ENTER: 'GraphRAG' calling 'query_graph'; CURRENT SPEAKER: grok-4_mas_rag, DIALOGUE TURN NUM = 35.
[2025-10-16 12:11:22,966] [INFO] EXIT: 'GraphRAG' calling 'query_graph' (0.6751663684844971 secs).
[2025-10-16 12:11:22,966] [INFO] EXIT: 'GraphRAG' calling 'concede' (0.6755475997924805 secs).
[2025-10-16 12:11:22,966] [INFO] ENTER: 'GraphRAG' calling 'question'; CURRENT SPEAKER: grok-4_mas_rag, DIALOGUE TURN NUM = 35.
[2025-10-16 12:11:22,966] [INFO] ENTER: 'GraphRAG' calling 'query_graph'; CURRENT SPEAKER: grok-4_mas_rag, DIALOGUE TURN NUM = 35.
[2025-10-16 12:11:23,089] [INFO] EXIT: 'GraphRAG' calling 'query_graph' (0.12286782264709473 secs).
[2025-10-16 12:11:23,089] [INFO] EXIT: 'GraphRAG' calling 'question' (0.12331962585449219 secs).
[2025-10-16 12:11:23,106] [INFO] ENTER: 'GraphRAG' calling 'why'; CURRENT SPEAKER: grok-4_mas_rag, DIALOGUE TURN NUM = 35.
[2025-10-16 12:11:23,107] [INFO] ENTER: 'GraphRAG' calling 'query_graph'; CURRENT SPEAKER: grok-4_mas_rag, DIALOGUE TURN NUM = 35.
[2025-10-16 12:11:23,780] [INFO] EXIT: 'GraphRAG' calling 'query_graph' (0.6735217571258545 secs).
[2025-10-16 12:11:23,780] [INFO] EXIT: 'GraphRAG' calling 'why' (0.6739277839660645 secs).
[2025-10-16 12:11:23,780] [INFO] ENTER: 'GraphRAG' calling 'claim_negation'; CURRENT SPEAKER: grok-4_mas_rag, DIALOGUE TURN NUM = 35.
[2025-10-16 12:11:23,781] [INFO] ENTER: 'GraphRAG' calling 'query_graph'; CURRENT SPEAKER: grok-4_mas_rag, DIALOGUE TURN NUM = 35.
[2025-10-16 12:11:24,425] [INFO] EXIT: 'GraphRAG' calling 'query_graph' (0.6447584629058838 secs).
[2025-10-16 12:11:24,426] [INFO] EXIT: 'GraphRAG' calling 'claim_negation' (0.645176887512207 secs).
[2025-10-16 12:11:24,426] [INFO] ENTER: 'GraphRAG' calling 'concede'; CURRENT SPEAKER: grok-4_mas_rag, DIALOGUE TURN NUM = 35.
[2025-10-16 12:11:24,426] [INFO] ENTER: 'GraphRAG' calling 'query_graph'; CURRENT SPEAKER: grok-4_mas_rag, DIALOGUE TURN NUM = 35.
[2025-10-16 12:11:25,101] [INFO] EXIT: 'GraphRAG' calling 'query_graph' (0.6746640205383301 secs).
[2025-10-16 12:11:25,101] [INFO] EXIT: 'GraphRAG' calling 'concede' (0.6751189231872559 secs).
[2025-10-16 12:11:25,101] [INFO] ENTER: 'GraphRAG' calling 'question'; CURRENT SPEAKER: grok-4_mas_rag, DIALOGUE TURN NUM = 35.
[2025-10-16 12:11:25,101] [INFO] ENTER: 'GraphRAG' calling 'query_graph'; CURRENT SPEAKER: grok-4_mas_rag, DIALOGUE TURN NUM = 35.
[2025-10-16 12:11:25,225] [INFO] EXIT: 'GraphRAG' calling 'query_graph' (0.12412500381469727 secs).
[2025-10-16 12:11:25,225] [INFO] EXIT: 'GraphRAG' calling 'question' (0.12457728385925293 secs).
[2025-10-16 12:11:25,243] [INFO] ENTER: 'GraphRAG' calling 'since'; CURRENT SPEAKER: grok-4_mas_rag, DIALOGUE TURN NUM = 35.
[2025-10-16 12:11:25,243] [INFO] ENTER: 'GraphRAG' calling 'query_graph'; CURRENT SPEAKER: grok-4_mas_rag, DIALOGUE TURN NUM = 35.
[2025-10-16 12:11:25,265] [INFO] EXIT: 'GraphRAG' calling 'query_graph' (0.021826982498168945 secs).
[2025-10-16 12:11:25,265] [INFO] EXIT: 'GraphRAG' calling 'since' (0.022229909896850586 secs).
[2025-10-16 12:11:25,265] [INFO] ENTER: 'GraphRAG' calling 'claim'; CURRENT SPEAKER: grok-4_mas_rag, DIALOGUE TURN NUM = 35.
[2025-10-16 12:11:25,266] [INFO] ENTER: 'GraphRAG' calling 'query_graph'; CURRENT SPEAKER: grok-4_mas_rag, DIALOGUE TURN NUM = 35.
[2025-10-16 12:11:25,283] [INFO] EXIT: 'GraphRAG' calling 'query_graph' (0.017043113708496094 secs).
[2025-10-16 12:11:25,283] [INFO] EXIT: 'GraphRAG' calling 'claim' (0.017353534698486328 secs).
[2025-10-16 12:11:25,283] [INFO] ENTER: 'GraphRAG' calling 'return_rag_examples'; CURRENT SPEAKER: grok-4_mas_rag, DIALOGUE TURN NUM = 35.
[2025-10-16 12:11:25,283] [INFO] EXIT: 'GraphRAG' calling 'return_rag_examples' (1.6689300537109375e-06 secs).
[2025-10-16 12:11:25,286] [INFO] ENTER: 'DialogueMoveGenerator' calling 'generate'; CURRENT SPEAKER: grok-4_mas_rag, DIALOGUE TURN NUM = 35.
[2025-10-16 12:11:25,286] [INFO] ENTER: 'MASPromptGenerator' calling 'claim'; CURRENT SPEAKER: grok-4_mas_rag, DIALOGUE TURN NUM = 35.
[2025-10-16 12:11:25,286] [INFO] EXIT: 'MASPromptGenerator' calling 'claim' (0.00019121170043945312 secs).
[2025-10-16 12:11:25,287] [INFO] ENTER: 'DialogueMoveGenerator' calling 'generate'; CURRENT SPEAKER: grok-4_mas_rag, DIALOGUE TURN NUM = 35.
[2025-10-16 12:11:25,288] [INFO] ENTER: 'DialogueMoveGenerator' calling 'generate'; CURRENT SPEAKER: grok-4_mas_rag, DIALOGUE TURN NUM = 35.
[2025-10-16 12:11:25,288] [INFO] ENTER: 'MASPromptGenerator' calling 'claim_negation'; CURRENT SPEAKER: grok-4_mas_rag, DIALOGUE TURN NUM = 35.
[2025-10-16 12:11:25,288] [INFO] ENTER: 'DialogueMoveGenerator' calling 'generate'; CURRENT SPEAKER: grok-4_mas_rag, DIALOGUE TURN NUM = 35.
[2025-10-16 12:11:25,289] [INFO] ENTER: 'MASPromptGenerator' calling 'concede_claim'; CURRENT SPEAKER: grok-4_mas_rag, DIALOGUE TURN NUM = 35.
[2025-10-16 12:11:25,290] [INFO] ENTER: 'DialogueMoveGenerator' calling 'generate'; CURRENT SPEAKER: grok-4_mas_rag, DIALOGUE TURN NUM = 35.
[2025-10-16 12:11:25,290] [INFO] EXIT: 'MASPromptGenerator' calling 'claim_negation' (0.00021219253540039062 secs).
[2025-10-16 12:11:25,290] [INFO] ENTER: 'MASPromptGenerator' calling 'question_claim'; CURRENT SPEAKER: grok-4_mas_rag, DIALOGUE TURN NUM = 35.
[2025-10-16 12:11:25,291] [INFO] ENTER: 'DialogueMoveGenerator' calling 'generate'; CURRENT SPEAKER: grok-4_mas_rag, DIALOGUE TURN NUM = 35.
[2025-10-16 12:11:25,291] [INFO] ENTER: 'DialogueMoveGenerator' calling 'generate'; CURRENT SPEAKER: grok-4_mas_rag, DIALOGUE TURN NUM = 35.
[2025-10-16 12:11:25,291] [INFO] EXIT: 'MASPromptGenerator' calling 'concede_claim' (0.00020432472229003906 secs).
[2025-10-16 12:11:25,291] [INFO] ENTER: 'MASPromptGenerator' calling 'retract_claim'; CURRENT SPEAKER: grok-4_mas_rag, DIALOGUE TURN NUM = 35.
[2025-10-16 12:11:25,292] [INFO] EXIT: 'MASPromptGenerator' calling 'question_claim' (0.0002582073211669922 secs).
[2025-10-16 12:11:25,292] [INFO] ENTER: 'MASPromptGenerator' calling 'since_claim'; CURRENT SPEAKER: grok-4_mas_rag, DIALOGUE TURN NUM = 35.
[2025-10-16 12:11:25,292] [INFO] ENTER: 'MASPromptGenerator' calling 'why_claim'; CURRENT SPEAKER: grok-4_mas_rag, DIALOGUE TURN NUM = 35.
[2025-10-16 12:11:25,293] [INFO] EXIT: 'MASPromptGenerator' calling 'retract_claim' (0.00011515617370605469 secs).
[2025-10-16 12:11:25,293] [INFO] EXIT: 'MASPromptGenerator' calling 'since_claim' (0.00017523765563964844 secs).
[2025-10-16 12:11:25,293] [INFO] EXIT: 'MASPromptGenerator' calling 'why_claim' (7.009506225585938e-05 secs).
[2025-10-16 12:11:28,073] [INFO] Completion returned and validated from MODEL = 'grok-4'.
[2025-10-16 12:11:28,604] [INFO] Completion returned and validated from MODEL = 'grok-4'.
[2025-10-16 12:11:28,674] [INFO] Completion returned and validated from MODEL = 'grok-4'.
[2025-10-16 12:11:28,678] [INFO] Completion returned and validated from MODEL = 'grok-4'.
[2025-10-16 12:11:28,741] [INFO] Completion returned and validated from MODEL = 'grok-4'.
[2025-10-16 12:11:30,428] [INFO] Completion returned and validated from MODEL = 'grok-4'.
[2025-10-16 12:11:31,781] [INFO] Completion returned and validated from MODEL = 'grok-4'.
[2025-10-16 12:11:31,860] [INFO] Completion returned and validated from MODEL = 'grok-4'.
[2025-10-16 12:11:31,863] [INFO] Completion returned and validated from MODEL = 'grok-4'.
[2025-10-16 12:11:32,036] [INFO] Completion returned and validated from MODEL = 'grok-4'.
[2025-10-16 12:11:32,090] [INFO] Completion returned and validated from MODEL = 'grok-4'.
[2025-10-16 12:11:32,395] [INFO] Completion returned and validated from MODEL = 'grok-4'.
[2025-10-16 12:11:35,023] [INFO] Completion returned and validated from MODEL = 'grok-4'.
[2025-10-16 12:11:35,034] [INFO] Completion returned and validated from MODEL = 'grok-4'.
[2025-10-16 12:11:35,561] [INFO] Completion returned and validated from MODEL = 'grok-4'.
[2025-10-16 12:11:35,561] [INFO] EXIT: 'DialogueMoveGenerator' calling 'generate' (10.269718885421753 secs).
[2025-10-16 12:11:35,741] [INFO] Completion returned and validated from MODEL = 'grok-4'.
[2025-10-16 12:11:35,741] [INFO] EXIT: 'DialogueMoveGenerator' calling 'generate' (10.452127695083618 secs).
[2025-10-16 12:11:35,783] [INFO] Completion returned and validated from MODEL = 'grok-4'.
[2025-10-16 12:11:35,783] [INFO] EXIT: 'DialogueMoveGenerator' calling 'generate' (10.497080564498901 secs).
[2025-10-16 12:11:35,899] [INFO] Completion returned and validated from MODEL = 'grok-4'.
[2025-10-16 12:11:36,034] [INFO] Completion returned and validated from MODEL = 'grok-4'.
[2025-10-16 12:11:38,677] [INFO] Completion returned and validated from MODEL = 'grok-4'.
[2025-10-16 12:11:39,163] [INFO] Completion returned and validated from MODEL = 'grok-4'.
[2025-10-16 12:11:39,163] [INFO] EXIT: 'DialogueMoveGenerator' calling 'generate' (13.870687484741211 secs).
[2025-10-16 12:11:39,251] [INFO] Completion returned and validated from MODEL = 'grok-4'.
[2025-10-16 12:11:39,251] [INFO] EXIT: 'DialogueMoveGenerator' calling 'generate' (13.959025144577026 secs).
[2025-10-16 12:11:41,855] [INFO] Completion returned and validated from MODEL = 'grok-4'.
[2025-10-16 12:11:41,855] [INFO] EXIT: 'DialogueMoveGenerator' calling 'generate' (16.567137718200684 secs).
[2025-10-16 12:11:43,437] [INFO] Completion returned and validated from MODEL = 'grok-4'.
[2025-10-16 12:11:43,437] [INFO] EXIT: 'DialogueMoveGenerator' calling 'generate' (18.14647936820984 secs).
[2025-10-16 12:11:43,438] [INFO] ENTER: 'MASPromptGenerator' calling 'persuasiveness_choice'; CURRENT SPEAKER: grok-4_mas_rag, DIALOGUE TURN NUM = 35.
[2025-10-16 12:11:43,438] [INFO] EXIT: 'MASPromptGenerator' calling 'persuasiveness_choice' (0.0003495216369628906 secs).
[2025-10-16 12:11:46,897] [INFO] Completion returned and validated within 'PersuasivenessChoiceAgent'; MODEL = 'grok-4'; DIALOGUE TURN NUM = 35.
[2025-10-16 12:11:49,314] [INFO] Completion returned and validated within 'PersuasivenessChoiceAgent'; MODEL = 'grok-4'; DIALOGUE TURN NUM = 35.
[2025-10-16 12:11:51,353] [INFO] Completion returned and validated within 'PersuasivenessChoiceAgent'; MODEL = 'grok-4'; DIALOGUE TURN NUM = 35.
[2025-10-16 12:11:54,172] [INFO] Completion returned and validated within 'PersuasivenessChoiceAgent'; MODEL = 'grok-4'; DIALOGUE TURN NUM = 35.
[2025-10-16 12:11:56,439] [INFO] Completion returned and validated within 'PersuasivenessChoiceAgent'; MODEL = 'grok-4'; DIALOGUE TURN NUM = 35.
[2025-10-16 12:11:58,772] [INFO] Completion returned and validated within 'PersuasivenessChoiceAgent'; MODEL = 'grok-4'; DIALOGUE TURN NUM = 35.
[2025-10-16 12:12:01,798] [INFO] Completion returned and validated within 'PersuasivenessChoiceAgent'; MODEL = 'grok-4'; DIALOGUE TURN NUM = 35.
[2025-10-16 12:12:01,799] [INFO] ENTER: 'DisambiguationAgent' calling '_grouping_similar_utterance_types'; CURRENT SPEAKER: grok-4_mas_rag, DIALOGUE TURN NUM = 35.
[2025-10-16 12:12:01,799] [INFO] EXIT: 'DisambiguationAgent' calling '_grouping_similar_utterance_types' (1.4781951904296875e-05 secs).
[2025-10-16 12:12:01,799] [INFO] ENTER: 'DisambiguationAgent' calling '_identifying_similar_sentences_and_choosing_one_to_return_to_user'; CURRENT SPEAKER: grok-4_mas_rag, DIALOGUE TURN NUM = 35.
[2025-10-16 12:12:08,295] [INFO] 'DisambiguationAgent' grouped similar sentences, completion returned and validated; MODEL = 'grok-4'.
[2025-10-16 12:12:09,217] [INFO] 'DisambiguationAgent' chose sentences to remove, completion returned and validated from MODEL = 'grok-4'.
[2025-10-16 12:12:10,990] [INFO] 'DisambiguationAgent' chose sentences to remove, completion returned and validated from MODEL = 'grok-4'.
[2025-10-16 12:12:12,778] [INFO] 'DisambiguationAgent' chose sentences to remove, completion returned and validated from MODEL = 'grok-4'.
[2025-10-16 12:12:12,778] [INFO] EXIT: 'DisambiguationAgent' calling '_identifying_similar_sentences_and_choosing_one_to_return_to_user' (10.979626655578613 secs).
[2025-10-16 12:12:12,778] [INFO] ENTER: 'DisambiguationAgent' calling '_identifying_similar_sentences_and_choosing_one_to_return_to_user'; CURRENT SPEAKER: grok-4_mas_rag, DIALOGUE TURN NUM = 35.
[2025-10-16 12:12:16,630] [INFO] 'DisambiguationAgent' grouped similar sentences, completion returned and validated; MODEL = 'grok-4'.
[2025-10-16 12:12:17,651] [INFO] 'DisambiguationAgent' chose sentences to remove, completion returned and validated from MODEL = 'grok-4'.
[2025-10-16 12:12:18,555] [INFO] 'DisambiguationAgent' chose sentences to remove, completion returned and validated from MODEL = 'grok-4'.
[2025-10-16 12:12:18,555] [INFO] EXIT: 'DisambiguationAgent' calling '_identifying_similar_sentences_and_choosing_one_to_return_to_user' (5.776689291000366 secs).
[2025-10-16 12:12:18,555] [INFO] ENTER: 'DisambiguationAgent' calling '_removing_repetitive_sentences'; CURRENT SPEAKER: grok-4_mas_rag, DIALOGUE TURN NUM = 35.
[2025-10-16 12:12:18,555] [INFO] EXIT: 'DisambiguationAgent' calling '_removing_repetitive_sentences' (1.7642974853515625e-05 secs).
[2025-10-16 12:12:18,555] [INFO] ENTER: 'DisambiguationAgent' calling '_choose_the_most_persuasive_sentences'; CURRENT SPEAKER: grok-4_mas_rag, DIALOGUE TURN NUM = 35.
[2025-10-16 12:12:21,510] [INFO] 'DisambiguationAgent': reached maximum allowed sentences, succussfully chose most persuasive sentences, completion returned and validated from MODEL = 'grok-4'.
[2025-10-16 12:12:21,510] [INFO] EXIT: 'DisambiguationAgent' calling '_choose_the_most_persuasive_sentences' (2.9543378353118896 secs).
[2025-10-16 12:12:21,510] [INFO] ENTER: 'DisambiguationAgent' calling 'return_disambiguated_sentences'; CURRENT SPEAKER: grok-4_mas_rag, DIALOGUE TURN NUM = 35.
[2025-10-16 12:12:21,510] [INFO] EXIT: 'DisambiguationAgent' calling 'return_disambiguated_sentences' (2.6226043701171875e-06 secs).
[2025-10-16 12:12:21,510] [ERROR] Wrong state used; State of type HumanState; error message: dict has unexpected extra key(s): "graph_rag_examples", "intermediate_generations", "knowledge_base_ensemble_or_model_name", "model_seed", "model_temp", "model_top_p", "number_of_graph_rag_examples", "number_of_vector_based_rag_examples", "political_position_prob_of_na", "political_position_range", "political_position_std", "speaker_model_name", "speaker_type", "vector_based_persona_string", "vector_based_persona_sys_prompt"
[2025-10-16 12:12:21,511] [INFO] Correct state used; State of type GenerationAgentsState; 'IGNORE THE ABOVE ERRORS'.
[2025-10-16 12:12:22,196] [INFO] 'commitment_update' completed '___Since___' update; MODEL = 'grok-4'.
[2025-10-16 12:12:22,814] [INFO] 'commitment_update' completed '___Claim___' update for current speaker's commitments; MODEL = 'grok-4'.
[2025-10-16 12:12:23,549] [INFO] 'commitment_update' completed '___Claim___' update for current speaker's commitments; MODEL = 'grok-4'.
[2025-10-16 12:12:27,274] [INFO] 'commitment_update' completed '___Claim___' update for current speaker's commitments; MODEL = 'grok-4'.
[2025-10-16 12:12:27,415] [ERROR] Wrong state used; State of type HumanState; error message: dict has unexpected extra key(s): "graph_rag_examples", "intermediate_generations", "knowledge_base_ensemble_or_model_name", "model_seed", "model_temp", "model_top_p", "number_of_graph_rag_examples", "number_of_vector_based_rag_examples", "political_position_prob_of_na", "political_position_range", "political_position_std", "speaker_model_name", "speaker_type", "vector_based_persona_string", "vector_based_persona_sys_prompt"
[2025-10-16 12:12:27,416] [INFO] Correct state used; State of type GenerationAgentsState; 'IGNORE THE ABOVE ERRORS'.
[2025-10-16 12:12:27,416] [INFO] ENTER: 'UtteranceClassificationAgent' calling '_classify_sentence_utterance_types'; CURRENT SPEAKER: grok-4_mas, DIALOGUE TURN NUM = 36.
[2025-10-16 12:12:28,018] [INFO] 'UtteranceClassificationAgent' completion returned and validated from MODEL = 'ModelName.GROK_4'.
[2025-10-16 12:12:31,737] [INFO] 'UtteranceClassificationAgent' completion returned and validated from MODEL = 'ModelName.GROK_4'.
[2025-10-16 12:12:32,531] [INFO] 'UtteranceClassificationAgent' completion returned and validated from MODEL = 'ModelName.GROK_4'.
[2025-10-16 12:12:33,240] [INFO] 'UtteranceClassificationAgent' completion returned and validated from MODEL = 'ModelName.GROK_4'.
[2025-10-16 12:12:34,064] [INFO] 'UtteranceClassificationAgent' completion returned and validated from MODEL = 'ModelName.GROK_4'.
[2025-10-16 12:12:34,797] [INFO] 'UtteranceClassificationAgent' completion returned and validated from MODEL = 'ModelName.GROK_4'.
[2025-10-16 12:12:35,519] [INFO] 'UtteranceClassificationAgent' completion returned and validated from MODEL = 'ModelName.GROK_4'.
[2025-10-16 12:12:36,180] [INFO] 'UtteranceClassificationAgent' completion returned and validated from MODEL = 'ModelName.GROK_4'.
[2025-10-16 12:12:36,729] [INFO] 'UtteranceClassificationAgent' completion returned and validated from MODEL = 'ModelName.GROK_4'.
[2025-10-16 12:12:36,729] [INFO] EXIT: 'UtteranceClassificationAgent' calling '_classify_sentence_utterance_types' (9.31325387954712 secs).
[2025-10-16 12:12:36,729] [INFO] ENTER: 'UtteranceClassificationAgent' calling 'return_classified_sentences'; CURRENT SPEAKER: grok-4_mas, DIALOGUE TURN NUM = 36.
[2025-10-16 12:12:36,729] [INFO] EXIT: 'UtteranceClassificationAgent' calling 'return_classified_sentences' (1.6689300537109375e-06 secs).
[2025-10-16 12:12:36,734] [INFO] ENTER: 'DialogueMoveGenerator' calling 'generate'; CURRENT SPEAKER: grok-4_mas, DIALOGUE TURN NUM = 36.
[2025-10-16 12:12:36,734] [INFO] ENTER: 'MASPromptGenerator' calling 'claim'; CURRENT SPEAKER: grok-4_mas, DIALOGUE TURN NUM = 36.
[2025-10-16 12:12:36,734] [INFO] EXIT: 'MASPromptGenerator' calling 'claim' (6.67572021484375e-05 secs).
[2025-10-16 12:12:36,735] [INFO] ENTER: 'DialogueMoveGenerator' calling 'generate'; CURRENT SPEAKER: grok-4_mas, DIALOGUE TURN NUM = 36.
[2025-10-16 12:12:36,735] [INFO] ENTER: 'MASPromptGenerator' calling 'claim_negation'; CURRENT SPEAKER: grok-4_mas, DIALOGUE TURN NUM = 36.
[2025-10-16 12:12:36,735] [INFO] EXIT: 'MASPromptGenerator' calling 'claim_negation' (7.390975952148438e-05 secs).
[2025-10-16 12:12:36,736] [INFO] ENTER: 'DialogueMoveGenerator' calling 'generate'; CURRENT SPEAKER: grok-4_mas, DIALOGUE TURN NUM = 36.
[2025-10-16 12:12:36,737] [INFO] ENTER: 'MASPromptGenerator' calling 'concede_claim'; CURRENT SPEAKER: grok-4_mas, DIALOGUE TURN NUM = 36.
[2025-10-16 12:12:36,737] [INFO] EXIT: 'MASPromptGenerator' calling 'concede_claim' (5.626678466796875e-05 secs).
[2025-10-16 12:12:36,738] [INFO] ENTER: 'DialogueMoveGenerator' calling 'generate'; CURRENT SPEAKER: grok-4_mas, DIALOGUE TURN NUM = 36.
[2025-10-16 12:12:36,739] [INFO] ENTER: 'DialogueMoveGenerator' calling 'generate'; CURRENT SPEAKER: grok-4_mas, DIALOGUE TURN NUM = 36.
[2025-10-16 12:12:36,739] [INFO] ENTER: 'MASPromptGenerator' calling 'question_claim'; CURRENT SPEAKER: grok-4_mas, DIALOGUE TURN NUM = 36.
[2025-10-16 12:12:36,749] [INFO] ENTER: 'MASPromptGenerator' calling 'retract_claim'; CURRENT SPEAKER: grok-4_mas, DIALOGUE TURN NUM = 36.
[2025-10-16 12:12:36,750] [INFO] ENTER: 'DialogueMoveGenerator' calling 'generate'; CURRENT SPEAKER: grok-4_mas, DIALOGUE TURN NUM = 36.
[2025-10-16 12:12:36,750] [INFO] EXIT: 'MASPromptGenerator' calling 'question_claim' (8.058547973632812e-05 secs).
[2025-10-16 12:12:36,750] [INFO] EXIT: 'MASPromptGenerator' calling 'retract_claim' (5.507469177246094e-05 secs).
[2025-10-16 12:12:36,751] [INFO] ENTER: 'DialogueMoveGenerator' calling 'generate'; CURRENT SPEAKER: grok-4_mas, DIALOGUE TURN NUM = 36.
[2025-10-16 12:12:36,752] [INFO] ENTER: 'MASPromptGenerator' calling 'since_claim'; CURRENT SPEAKER: grok-4_mas, DIALOGUE TURN NUM = 36.
[2025-10-16 12:12:36,752] [INFO] ENTER: 'MASPromptGenerator' calling 'why_claim'; CURRENT SPEAKER: grok-4_mas, DIALOGUE TURN NUM = 36.
[2025-10-16 12:12:36,752] [INFO] EXIT: 'MASPromptGenerator' calling 'since_claim' (4.673004150390625e-05 secs).
[2025-10-16 12:12:36,752] [INFO] EXIT: 'MASPromptGenerator' calling 'why_claim' (0.00011610984802246094 secs).
[2025-10-16 12:12:38,865] [INFO] Completion returned and validated from MODEL = 'grok-4'.
[2025-10-16 12:12:39,353] [INFO] Completion returned and validated from MODEL = 'grok-4'.
[2025-10-16 12:12:39,383] [INFO] Completion returned and validated from MODEL = 'grok-4'.
[2025-10-16 12:12:39,383] [INFO] EXIT: 'DialogueMoveGenerator' calling 'generate' (2.633699893951416 secs).
[2025-10-16 12:12:39,429] [INFO] Completion returned and validated from MODEL = 'grok-4'.
[2025-10-16 12:12:39,430] [INFO] EXIT: 'DialogueMoveGenerator' calling 'generate' (2.6780176162719727 secs).
[2025-10-16 12:12:39,800] [INFO] Completion returned and validated from MODEL = 'grok-4'.
[2025-10-16 12:12:39,800] [INFO] EXIT: 'DialogueMoveGenerator' calling 'generate' (3.066390037536621 secs).
[2025-10-16 12:12:40,094] [INFO] Completion returned and validated from MODEL = 'grok-4'.
[2025-10-16 12:12:41,544] [INFO] Completion returned and validated from MODEL = 'grok-4'.
[2025-10-16 12:12:41,681] [INFO] Completion returned and validated from MODEL = 'grok-4'.
[2025-10-16 12:12:41,700] [INFO] Completion returned and validated from MODEL = 'grok-4'.
[2025-10-16 12:12:42,474] [INFO] Completion returned and validated from MODEL = 'grok-4'.
[2025-10-16 12:12:44,220] [INFO] Completion returned and validated from MODEL = 'grok-4'.
[2025-10-16 12:12:44,967] [INFO] Completion returned and validated from MODEL = 'grok-4'.
[2025-10-16 12:12:45,150] [INFO] Completion returned and validated from MODEL = 'grok-4'.
[2025-10-16 12:12:45,440] [INFO] Completion returned and validated from MODEL = 'grok-4'.
[2025-10-16 12:12:46,715] [INFO] Completion returned and validated from MODEL = 'grok-4'.
[2025-10-16 12:12:47,721] [INFO] Completion returned and validated from MODEL = 'grok-4'.
[2025-10-16 12:12:48,310] [INFO] Completion returned and validated from MODEL = 'grok-4'.
[2025-10-16 12:12:48,548] [INFO] Completion returned and validated from MODEL = 'grok-4'.
[2025-10-16 12:12:49,223] [INFO] Completion returned and validated from MODEL = 'grok-4'.
[2025-10-16 12:12:51,393] [INFO] Completion returned and validated from MODEL = 'grok-4'.
[2025-10-16 12:12:51,543] [INFO] Completion returned and validated from MODEL = 'grok-4'.
[2025-10-16 12:12:51,714] [INFO] Completion returned and validated from MODEL = 'grok-4'.
[2025-10-16 12:12:51,718] [INFO] Completion returned and validated from MODEL = 'grok-4'.
[2025-10-16 12:12:53,410] [INFO] Completion returned and validated from MODEL = 'grok-4'.
[2025-10-16 12:12:53,411] [INFO] EXIT: 'DialogueMoveGenerator' calling 'generate' (16.675730228424072 secs).
[2025-10-16 12:12:54,167] [INFO] Completion returned and validated from MODEL = 'grok-4'.
[2025-10-16 12:12:54,272] [INFO] Completion returned and validated from MODEL = 'grok-4'.
[2025-10-16 12:12:54,844] [INFO] Completion returned and validated from MODEL = 'grok-4'.
[2025-10-16 12:12:56,317] [INFO] Completion returned and validated from MODEL = 'grok-4'.
[2025-10-16 12:12:56,317] [INFO] EXIT: 'DialogueMoveGenerator' calling 'generate' (19.580017566680908 secs).
[2025-10-16 12:12:56,718] [INFO] Completion returned and validated from MODEL = 'grok-4'.
[2025-10-16 12:12:57,146] [INFO] Completion returned and validated from MODEL = 'grok-4'.
[2025-10-16 12:12:58,547] [INFO] Completion returned and validated from MODEL = 'grok-4'.
[2025-10-16 12:13:00,178] [INFO] Completion returned and validated from MODEL = 'grok-4'.
[2025-10-16 12:13:00,178] [INFO] EXIT: 'DialogueMoveGenerator' calling 'generate' (23.43860912322998 secs).
[2025-10-16 12:13:00,823] [INFO] Completion returned and validated from MODEL = 'grok-4'.
[2025-10-16 12:13:00,823] [INFO] EXIT: 'DialogueMoveGenerator' calling 'generate' (24.07076907157898 secs).
[2025-10-16 12:13:00,824] [INFO] ENTER: 'MASPromptGenerator' calling 'persuasiveness_choice'; CURRENT SPEAKER: grok-4_mas, DIALOGUE TURN NUM = 36.
[2025-10-16 12:13:00,824] [INFO] EXIT: 'MASPromptGenerator' calling 'persuasiveness_choice' (0.00041937828063964844 secs).
[2025-10-16 12:13:02,631] [INFO] Completion returned and validated within 'PersuasivenessChoiceAgent'; MODEL = 'grok-4'; DIALOGUE TURN NUM = 36.
[2025-10-16 12:13:05,037] [INFO] Completion returned and validated within 'PersuasivenessChoiceAgent'; MODEL = 'grok-4'; DIALOGUE TURN NUM = 36.
[2025-10-16 12:13:07,781] [INFO] Completion returned and validated within 'PersuasivenessChoiceAgent'; MODEL = 'grok-4'; DIALOGUE TURN NUM = 36.
[2025-10-16 12:13:11,645] [INFO] Completion returned and validated within 'PersuasivenessChoiceAgent'; MODEL = 'grok-4'; DIALOGUE TURN NUM = 36.
[2025-10-16 12:13:14,404] [INFO] Completion returned and validated within 'PersuasivenessChoiceAgent'; MODEL = 'grok-4'; DIALOGUE TURN NUM = 36.
[2025-10-16 12:13:16,328] [INFO] Completion returned and validated within 'PersuasivenessChoiceAgent'; MODEL = 'grok-4'; DIALOGUE TURN NUM = 36.
[2025-10-16 12:13:19,469] [INFO] Completion returned and validated within 'PersuasivenessChoiceAgent'; MODEL = 'grok-4'; DIALOGUE TURN NUM = 36.
[2025-10-16 12:13:22,058] [INFO] Completion returned and validated within 'PersuasivenessChoiceAgent'; MODEL = 'grok-4'; DIALOGUE TURN NUM = 36.
[2025-10-16 12:13:28,244] [INFO] Completion returned and validated within 'PersuasivenessChoiceAgent'; MODEL = 'grok-4'; DIALOGUE TURN NUM = 36.
[2025-10-16 12:13:28,244] [INFO] ENTER: 'DisambiguationAgent' calling '_grouping_similar_utterance_types'; CURRENT SPEAKER: grok-4_mas, DIALOGUE TURN NUM = 36.
[2025-10-16 12:13:28,245] [INFO] EXIT: 'DisambiguationAgent' calling '_grouping_similar_utterance_types' (2.5272369384765625e-05 secs).
[2025-10-16 12:13:28,245] [INFO] ENTER: 'DisambiguationAgent' calling '_identifying_similar_sentences_and_choosing_one_to_return_to_user'; CURRENT SPEAKER: grok-4_mas, DIALOGUE TURN NUM = 36.
[2025-10-16 12:13:36,757] [INFO] 'DisambiguationAgent' grouped similar sentences, completion returned and validated; MODEL = 'grok-4'.
[2025-10-16 12:13:37,664] [INFO] 'DisambiguationAgent' chose sentences to remove, completion returned and validated from MODEL = 'grok-4'.
[2025-10-16 12:13:38,717] [INFO] 'DisambiguationAgent' chose sentences to remove, completion returned and validated from MODEL = 'grok-4'.
[2025-10-16 12:13:39,633] [INFO] 'DisambiguationAgent' chose sentences to remove, completion returned and validated from MODEL = 'grok-4'.
[2025-10-16 12:13:40,596] [INFO] 'DisambiguationAgent' chose sentences to remove, completion returned and validated from MODEL = 'grok-4'.
[2025-10-16 12:13:41,501] [INFO] 'DisambiguationAgent' chose sentences to remove, completion returned and validated from MODEL = 'grok-4'.
[2025-10-16 12:13:41,501] [INFO] EXIT: 'DisambiguationAgent' calling '_identifying_similar_sentences_and_choosing_one_to_return_to_user' (13.256447553634644 secs).
[2025-10-16 12:13:41,501] [INFO] ENTER: 'DisambiguationAgent' calling '_identifying_similar_sentences_and_choosing_one_to_return_to_user'; CURRENT SPEAKER: grok-4_mas, DIALOGUE TURN NUM = 36.
[2025-10-16 12:13:49,218] [INFO] 'DisambiguationAgent' grouped similar sentences, completion returned and validated; MODEL = 'grok-4'.
[2025-10-16 12:13:50,152] [INFO] 'DisambiguationAgent' chose sentences to remove, completion returned and validated from MODEL = 'grok-4'.
[2025-10-16 12:13:50,994] [INFO] 'DisambiguationAgent' chose sentences to remove, completion returned and validated from MODEL = 'grok-4'.
[2025-10-16 12:13:52,079] [INFO] 'DisambiguationAgent' chose sentences to remove, completion returned and validated from MODEL = 'grok-4'.
[2025-10-16 12:13:53,309] [INFO] 'DisambiguationAgent' chose sentences to remove, completion returned and validated from MODEL = 'grok-4'.
[2025-10-16 12:13:54,228] [INFO] 'DisambiguationAgent' chose sentences to remove, completion returned and validated from MODEL = 'grok-4'.
[2025-10-16 12:13:54,228] [INFO] EXIT: 'DisambiguationAgent' calling '_identifying_similar_sentences_and_choosing_one_to_return_to_user' (12.726603507995605 secs).
[2025-10-16 12:13:54,228] [INFO] ENTER: 'DisambiguationAgent' calling '_removing_repetitive_sentences'; CURRENT SPEAKER: grok-4_mas, DIALOGUE TURN NUM = 36.
[2025-10-16 12:13:54,228] [INFO] EXIT: 'DisambiguationAgent' calling '_removing_repetitive_sentences' (3.4332275390625e-05 secs).
[2025-10-16 12:13:54,228] [INFO] ENTER: 'DisambiguationAgent' calling '_choose_the_most_persuasive_sentences'; CURRENT SPEAKER: grok-4_mas, DIALOGUE TURN NUM = 36.
[2025-10-16 12:13:56,923] [INFO] 'DisambiguationAgent': reached maximum allowed sentences, succussfully chose most persuasive sentences, completion returned and validated from MODEL = 'grok-4'.
[2025-10-16 12:13:56,924] [INFO] EXIT: 'DisambiguationAgent' calling '_choose_the_most_persuasive_sentences' (2.695638418197632 secs).
[2025-10-16 12:13:56,924] [INFO] ENTER: 'DisambiguationAgent' calling 'return_disambiguated_sentences'; CURRENT SPEAKER: grok-4_mas, DIALOGUE TURN NUM = 36.
[2025-10-16 12:13:56,924] [INFO] EXIT: 'DisambiguationAgent' calling 'return_disambiguated_sentences' (2.86102294921875e-06 secs).
[2025-10-16 12:13:56,924] [ERROR] Wrong state used; State of type HumanState; error message: dict has unexpected extra key(s): "graph_rag_examples", "intermediate_generations", "knowledge_base_ensemble_or_model_name", "model_seed", "model_temp", "model_top_p", "number_of_graph_rag_examples", "number_of_vector_based_rag_examples", "political_position_prob_of_na", "political_position_range", "political_position_std", "speaker_model_name", "speaker_type", "vector_based_persona_string", "vector_based_persona_sys_prompt"
[2025-10-16 12:13:56,924] [INFO] Correct state used; State of type GenerationAgentsState; 'IGNORE THE ABOVE ERRORS'.
[2025-10-16 12:13:57,511] [INFO] 'commitment_update' completed '___Claim___' update for current speaker's commitments; MODEL = 'grok-4'.
[2025-10-16 12:13:58,146] [INFO] 'commitment_update' completed '___Claim___' update for current speaker's commitments; MODEL = 'grok-4'.
[2025-10-16 12:13:58,776] [INFO] 'commitment_update' completed '___Claim___' update for current speaker's commitments; MODEL = 'grok-4'.
[2025-10-16 12:13:59,371] [INFO] 'commitment_update' completed '___Claim___' update for current speaker's commitments; MODEL = 'grok-4'.
[2025-10-16 12:13:59,479] [ERROR] Wrong state used; State of type HumanState; error message: dict has unexpected extra key(s): "graph_rag_examples", "intermediate_generations", "knowledge_base_ensemble_or_model_name", "model_seed", "model_temp", "model_top_p", "number_of_graph_rag_examples", "number_of_vector_based_rag_examples", "political_position_prob_of_na", "political_position_range", "political_position_std", "speaker_model_name", "speaker_type", "vector_based_persona_string", "vector_based_persona_sys_prompt"
[2025-10-16 12:13:59,480] [INFO] Correct state used; State of type GenerationAgentsState; 'IGNORE THE ABOVE ERRORS'.
[2025-10-16 12:13:59,480] [INFO] ENTER: 'UtteranceClassificationAgent' calling '_classify_sentence_utterance_types'; CURRENT SPEAKER: grok-4_mas_rag, DIALOGUE TURN NUM = 37.
[2025-10-16 12:14:00,255] [INFO] 'UtteranceClassificationAgent' completion returned and validated from MODEL = 'ModelName.GROK_4'.
[2025-10-16 12:14:00,925] [INFO] 'UtteranceClassificationAgent' completion returned and validated from MODEL = 'ModelName.GROK_4'.
[2025-10-16 12:14:01,489] [INFO] 'UtteranceClassificationAgent' completion returned and validated from MODEL = 'ModelName.GROK_4'.
[2025-10-16 12:14:02,153] [INFO] 'UtteranceClassificationAgent' completion returned and validated from MODEL = 'ModelName.GROK_4'.
[2025-10-16 12:14:02,769] [INFO] 'UtteranceClassificationAgent' completion returned and validated from MODEL = 'ModelName.GROK_4'.
[2025-10-16 12:14:03,374] [INFO] 'UtteranceClassificationAgent' completion returned and validated from MODEL = 'ModelName.GROK_4'.
[2025-10-16 12:14:04,262] [INFO] 'UtteranceClassificationAgent' completion returned and validated from MODEL = 'ModelName.GROK_4'.
[2025-10-16 12:14:04,262] [INFO] EXIT: 'UtteranceClassificationAgent' calling '_classify_sentence_utterance_types' (4.782208204269409 secs).
[2025-10-16 12:14:04,262] [INFO] ENTER: 'UtteranceClassificationAgent' calling 'return_classified_sentences'; CURRENT SPEAKER: grok-4_mas_rag, DIALOGUE TURN NUM = 37.
[2025-10-16 12:14:04,262] [INFO] EXIT: 'UtteranceClassificationAgent' calling 'return_classified_sentences' (2.1457672119140625e-06 secs).
[2025-10-16 12:14:04,283] [INFO] ENTER: 'GraphRAG' calling 'why'; CURRENT SPEAKER: grok-4_mas_rag, DIALOGUE TURN NUM = 37.
[2025-10-16 12:14:04,283] [INFO] ENTER: 'GraphRAG' calling 'query_graph'; CURRENT SPEAKER: grok-4_mas_rag, DIALOGUE TURN NUM = 37.
[2025-10-16 12:14:04,958] [INFO] EXIT: 'GraphRAG' calling 'query_graph' (0.674713134765625 secs).
[2025-10-16 12:14:04,958] [INFO] EXIT: 'GraphRAG' calling 'why' (0.6750967502593994 secs).
[2025-10-16 12:14:04,958] [INFO] ENTER: 'GraphRAG' calling 'claim_negation'; CURRENT SPEAKER: grok-4_mas_rag, DIALOGUE TURN NUM = 37.
[2025-10-16 12:14:04,958] [INFO] ENTER: 'GraphRAG' calling 'query_graph'; CURRENT SPEAKER: grok-4_mas_rag, DIALOGUE TURN NUM = 37.
[2025-10-16 12:14:05,606] [INFO] EXIT: 'GraphRAG' calling 'query_graph' (0.6473355293273926 secs).
[2025-10-16 12:14:05,606] [INFO] EXIT: 'GraphRAG' calling 'claim_negation' (0.6477506160736084 secs).
[2025-10-16 12:14:05,606] [INFO] ENTER: 'GraphRAG' calling 'concede'; CURRENT SPEAKER: grok-4_mas_rag, DIALOGUE TURN NUM = 37.
[2025-10-16 12:14:05,606] [INFO] ENTER: 'GraphRAG' calling 'query_graph'; CURRENT SPEAKER: grok-4_mas_rag, DIALOGUE TURN NUM = 37.
[2025-10-16 12:14:06,280] [INFO] EXIT: 'GraphRAG' calling 'query_graph' (0.6735765933990479 secs).
[2025-10-16 12:14:06,280] [INFO] EXIT: 'GraphRAG' calling 'concede' (0.6739552021026611 secs).
[2025-10-16 12:14:06,280] [INFO] ENTER: 'GraphRAG' calling 'question'; CURRENT SPEAKER: grok-4_mas_rag, DIALOGUE TURN NUM = 37.
[2025-10-16 12:14:06,280] [INFO] ENTER: 'GraphRAG' calling 'query_graph'; CURRENT SPEAKER: grok-4_mas_rag, DIALOGUE TURN NUM = 37.
[2025-10-16 12:14:06,405] [INFO] EXIT: 'GraphRAG' calling 'query_graph' (0.12498331069946289 secs).
[2025-10-16 12:14:06,405] [INFO] EXIT: 'GraphRAG' calling 'question' (0.1253800392150879 secs).
[2025-10-16 12:14:06,422] [INFO] ENTER: 'GraphRAG' calling 'why'; CURRENT SPEAKER: grok-4_mas_rag, DIALOGUE TURN NUM = 37.
[2025-10-16 12:14:06,422] [INFO] ENTER: 'GraphRAG' calling 'query_graph'; CURRENT SPEAKER: grok-4_mas_rag, DIALOGUE TURN NUM = 37.
[2025-10-16 12:14:07,096] [INFO] EXIT: 'GraphRAG' calling 'query_graph' (0.6741006374359131 secs).
[2025-10-16 12:14:07,097] [INFO] EXIT: 'GraphRAG' calling 'why' (0.6745059490203857 secs).
[2025-10-16 12:14:07,097] [INFO] ENTER: 'GraphRAG' calling 'claim_negation'; CURRENT SPEAKER: grok-4_mas_rag, DIALOGUE TURN NUM = 37.
[2025-10-16 12:14:07,097] [INFO] ENTER: 'GraphRAG' calling 'query_graph'; CURRENT SPEAKER: grok-4_mas_rag, DIALOGUE TURN NUM = 37.
[2025-10-16 12:14:07,739] [INFO] EXIT: 'GraphRAG' calling 'query_graph' (0.6418402194976807 secs).
[2025-10-16 12:14:07,739] [INFO] EXIT: 'GraphRAG' calling 'claim_negation' (0.642235279083252 secs).
[2025-10-16 12:14:07,739] [INFO] ENTER: 'GraphRAG' calling 'concede'; CURRENT SPEAKER: grok-4_mas_rag, DIALOGUE TURN NUM = 37.
[2025-10-16 12:14:07,739] [INFO] ENTER: 'GraphRAG' calling 'query_graph'; CURRENT SPEAKER: grok-4_mas_rag, DIALOGUE TURN NUM = 37.
[2025-10-16 12:14:08,414] [INFO] EXIT: 'GraphRAG' calling 'query_graph' (0.6743273735046387 secs).
[2025-10-16 12:14:08,414] [INFO] EXIT: 'GraphRAG' calling 'concede' (0.6747355461120605 secs).
[2025-10-16 12:14:08,414] [INFO] ENTER: 'GraphRAG' calling 'question'; CURRENT SPEAKER: grok-4_mas_rag, DIALOGUE TURN NUM = 37.
[2025-10-16 12:14:08,414] [INFO] ENTER: 'GraphRAG' calling 'query_graph'; CURRENT SPEAKER: grok-4_mas_rag, DIALOGUE TURN NUM = 37.
[2025-10-16 12:14:08,538] [INFO] EXIT: 'GraphRAG' calling 'query_graph' (0.12447738647460938 secs).
[2025-10-16 12:14:08,539] [INFO] EXIT: 'GraphRAG' calling 'question' (0.12486481666564941 secs).
[2025-10-16 12:14:08,555] [INFO] ENTER: 'GraphRAG' calling 'why'; CURRENT SPEAKER: grok-4_mas_rag, DIALOGUE TURN NUM = 37.
[2025-10-16 12:14:08,555] [INFO] ENTER: 'GraphRAG' calling 'query_graph'; CURRENT SPEAKER: grok-4_mas_rag, DIALOGUE TURN NUM = 37.
[2025-10-16 12:14:09,227] [INFO] EXIT: 'GraphRAG' calling 'query_graph' (0.6721808910369873 secs).
[2025-10-16 12:14:09,227] [INFO] EXIT: 'GraphRAG' calling 'why' (0.6725599765777588 secs).
[2025-10-16 12:14:09,227] [INFO] ENTER: 'GraphRAG' calling 'claim_negation'; CURRENT SPEAKER: grok-4_mas_rag, DIALOGUE TURN NUM = 37.
[2025-10-16 12:14:09,228] [INFO] ENTER: 'GraphRAG' calling 'query_graph'; CURRENT SPEAKER: grok-4_mas_rag, DIALOGUE TURN NUM = 37.
[2025-10-16 12:14:09,872] [INFO] EXIT: 'GraphRAG' calling 'query_graph' (0.644190788269043 secs).
[2025-10-16 12:14:09,872] [INFO] EXIT: 'GraphRAG' calling 'claim_negation' (0.644658088684082 secs).
[2025-10-16 12:14:09,872] [INFO] ENTER: 'GraphRAG' calling 'concede'; CURRENT SPEAKER: grok-4_mas_rag, DIALOGUE TURN NUM = 37.
[2025-10-16 12:14:09,872] [INFO] ENTER: 'GraphRAG' calling 'query_graph'; CURRENT SPEAKER: grok-4_mas_rag, DIALOGUE TURN NUM = 37.
[2025-10-16 12:14:10,556] [INFO] EXIT: 'GraphRAG' calling 'query_graph' (0.6837475299835205 secs).
[2025-10-16 12:14:10,556] [INFO] EXIT: 'GraphRAG' calling 'concede' (0.6841952800750732 secs).
[2025-10-16 12:14:10,556] [INFO] ENTER: 'GraphRAG' calling 'question'; CURRENT SPEAKER: grok-4_mas_rag, DIALOGUE TURN NUM = 37.
[2025-10-16 12:14:10,557] [INFO] ENTER: 'GraphRAG' calling 'query_graph'; CURRENT SPEAKER: grok-4_mas_rag, DIALOGUE TURN NUM = 37.
[2025-10-16 12:14:10,681] [INFO] EXIT: 'GraphRAG' calling 'query_graph' (0.12427616119384766 secs).
[2025-10-16 12:14:10,681] [INFO] EXIT: 'GraphRAG' calling 'question' (0.1246938705444336 secs).
[2025-10-16 12:14:10,700] [INFO] ENTER: 'GraphRAG' calling 'why'; CURRENT SPEAKER: grok-4_mas_rag, DIALOGUE TURN NUM = 37.
[2025-10-16 12:14:10,701] [INFO] ENTER: 'GraphRAG' calling 'query_graph'; CURRENT SPEAKER: grok-4_mas_rag, DIALOGUE TURN NUM = 37.
[2025-10-16 12:14:11,374] [INFO] EXIT: 'GraphRAG' calling 'query_graph' (0.6733841896057129 secs).
[2025-10-16 12:14:11,374] [INFO] EXIT: 'GraphRAG' calling 'why' (0.6737682819366455 secs).
[2025-10-16 12:14:11,374] [INFO] ENTER: 'GraphRAG' calling 'claim_negation'; CURRENT SPEAKER: grok-4_mas_rag, DIALOGUE TURN NUM = 37.
[2025-10-16 12:14:11,375] [INFO] ENTER: 'GraphRAG' calling 'query_graph'; CURRENT SPEAKER: grok-4_mas_rag, DIALOGUE TURN NUM = 37.
[2025-10-16 12:14:12,020] [INFO] EXIT: 'GraphRAG' calling 'query_graph' (0.645266056060791 secs).
[2025-10-16 12:14:12,020] [INFO] EXIT: 'GraphRAG' calling 'claim_negation' (0.6457133293151855 secs).
[2025-10-16 12:14:12,020] [INFO] ENTER: 'GraphRAG' calling 'concede'; CURRENT SPEAKER: grok-4_mas_rag, DIALOGUE TURN NUM = 37.
[2025-10-16 12:14:12,020] [INFO] ENTER: 'GraphRAG' calling 'query_graph'; CURRENT SPEAKER: grok-4_mas_rag, DIALOGUE TURN NUM = 37.
[2025-10-16 12:14:12,693] [INFO] EXIT: 'GraphRAG' calling 'query_graph' (0.6730408668518066 secs).
[2025-10-16 12:14:12,694] [INFO] EXIT: 'GraphRAG' calling 'concede' (0.6734511852264404 secs).
[2025-10-16 12:14:12,694] [INFO] ENTER: 'GraphRAG' calling 'question'; CURRENT SPEAKER: grok-4_mas_rag, DIALOGUE TURN NUM = 37.
[2025-10-16 12:14:12,694] [INFO] ENTER: 'GraphRAG' calling 'query_graph'; CURRENT SPEAKER: grok-4_mas_rag, DIALOGUE TURN NUM = 37.
[2025-10-16 12:14:12,818] [INFO] EXIT: 'GraphRAG' calling 'query_graph' (0.12457513809204102 secs).
[2025-10-16 12:14:12,819] [INFO] EXIT: 'GraphRAG' calling 'question' (0.12500524520874023 secs).
[2025-10-16 12:14:12,835] [INFO] ENTER: 'GraphRAG' calling 'why'; CURRENT SPEAKER: grok-4_mas_rag, DIALOGUE TURN NUM = 37.
[2025-10-16 12:14:12,835] [INFO] ENTER: 'GraphRAG' calling 'query_graph'; CURRENT SPEAKER: grok-4_mas_rag, DIALOGUE TURN NUM = 37.
[2025-10-16 12:14:13,506] [INFO] EXIT: 'GraphRAG' calling 'query_graph' (0.6713838577270508 secs).
[2025-10-16 12:14:13,507] [INFO] EXIT: 'GraphRAG' calling 'why' (0.6717867851257324 secs).
[2025-10-16 12:14:13,507] [INFO] ENTER: 'GraphRAG' calling 'claim_negation'; CURRENT SPEAKER: grok-4_mas_rag, DIALOGUE TURN NUM = 37.
[2025-10-16 12:14:13,507] [INFO] ENTER: 'GraphRAG' calling 'query_graph'; CURRENT SPEAKER: grok-4_mas_rag, DIALOGUE TURN NUM = 37.
[2025-10-16 12:14:14,149] [INFO] EXIT: 'GraphRAG' calling 'query_graph' (0.6422674655914307 secs).
[2025-10-16 12:14:14,149] [INFO] EXIT: 'GraphRAG' calling 'claim_negation' (0.642742395401001 secs).
[2025-10-16 12:14:14,149] [INFO] ENTER: 'GraphRAG' calling 'concede'; CURRENT SPEAKER: grok-4_mas_rag, DIALOGUE TURN NUM = 37.
[2025-10-16 12:14:14,150] [INFO] ENTER: 'GraphRAG' calling 'query_graph'; CURRENT SPEAKER: grok-4_mas_rag, DIALOGUE TURN NUM = 37.
[2025-10-16 12:14:14,824] [INFO] EXIT: 'GraphRAG' calling 'query_graph' (0.673924446105957 secs).
[2025-10-16 12:14:14,824] [INFO] EXIT: 'GraphRAG' calling 'concede' (0.6743404865264893 secs).
[2025-10-16 12:14:14,824] [INFO] ENTER: 'GraphRAG' calling 'question'; CURRENT SPEAKER: grok-4_mas_rag, DIALOGUE TURN NUM = 37.
[2025-10-16 12:14:14,824] [INFO] ENTER: 'GraphRAG' calling 'query_graph'; CURRENT SPEAKER: grok-4_mas_rag, DIALOGUE TURN NUM = 37.
[2025-10-16 12:14:14,968] [INFO] EXIT: 'GraphRAG' calling 'query_graph' (0.14431047439575195 secs).
[2025-10-16 12:14:14,969] [INFO] EXIT: 'GraphRAG' calling 'question' (0.14470839500427246 secs).
[2025-10-16 12:14:14,985] [INFO] ENTER: 'GraphRAG' calling 'why'; CURRENT SPEAKER: grok-4_mas_rag, DIALOGUE TURN NUM = 37.
[2025-10-16 12:14:14,986] [INFO] ENTER: 'GraphRAG' calling 'query_graph'; CURRENT SPEAKER: grok-4_mas_rag, DIALOGUE TURN NUM = 37.
[2025-10-16 12:14:15,671] [INFO] EXIT: 'GraphRAG' calling 'query_graph' (0.6849753856658936 secs).
[2025-10-16 12:14:15,671] [INFO] EXIT: 'GraphRAG' calling 'why' (0.6853623390197754 secs).
[2025-10-16 12:14:15,671] [INFO] ENTER: 'GraphRAG' calling 'claim_negation'; CURRENT SPEAKER: grok-4_mas_rag, DIALOGUE TURN NUM = 37.
[2025-10-16 12:14:15,671] [INFO] ENTER: 'GraphRAG' calling 'query_graph'; CURRENT SPEAKER: grok-4_mas_rag, DIALOGUE TURN NUM = 37.
[2025-10-16 12:14:16,314] [INFO] EXIT: 'GraphRAG' calling 'query_graph' (0.6425912380218506 secs).
[2025-10-16 12:14:16,314] [INFO] EXIT: 'GraphRAG' calling 'claim_negation' (0.6429994106292725 secs).
[2025-10-16 12:14:16,314] [INFO] ENTER: 'GraphRAG' calling 'concede'; CURRENT SPEAKER: grok-4_mas_rag, DIALOGUE TURN NUM = 37.
[2025-10-16 12:14:16,314] [INFO] ENTER: 'GraphRAG' calling 'query_graph'; CURRENT SPEAKER: grok-4_mas_rag, DIALOGUE TURN NUM = 37.
[2025-10-16 12:14:16,989] [INFO] EXIT: 'GraphRAG' calling 'query_graph' (0.6751422882080078 secs).
[2025-10-16 12:14:16,989] [INFO] EXIT: 'GraphRAG' calling 'concede' (0.6755564212799072 secs).
[2025-10-16 12:14:16,989] [INFO] ENTER: 'GraphRAG' calling 'question'; CURRENT SPEAKER: grok-4_mas_rag, DIALOGUE TURN NUM = 37.
[2025-10-16 12:14:16,990] [INFO] ENTER: 'GraphRAG' calling 'query_graph'; CURRENT SPEAKER: grok-4_mas_rag, DIALOGUE TURN NUM = 37.
[2025-10-16 12:14:17,114] [INFO] EXIT: 'GraphRAG' calling 'query_graph' (0.12460041046142578 secs).
[2025-10-16 12:14:17,114] [INFO] EXIT: 'GraphRAG' calling 'question' (0.12499165534973145 secs).
[2025-10-16 12:14:17,131] [INFO] ENTER: 'GraphRAG' calling 'since'; CURRENT SPEAKER: grok-4_mas_rag, DIALOGUE TURN NUM = 37.
[2025-10-16 12:14:17,131] [INFO] ENTER: 'GraphRAG' calling 'query_graph'; CURRENT SPEAKER: grok-4_mas_rag, DIALOGUE TURN NUM = 37.
[2025-10-16 12:14:17,153] [INFO] EXIT: 'GraphRAG' calling 'query_graph' (0.02183365821838379 secs).
[2025-10-16 12:14:17,153] [INFO] EXIT: 'GraphRAG' calling 'since' (0.022268056869506836 secs).
[2025-10-16 12:14:17,153] [INFO] ENTER: 'GraphRAG' calling 'claim'; CURRENT SPEAKER: grok-4_mas_rag, DIALOGUE TURN NUM = 37.
[2025-10-16 12:14:17,154] [INFO] ENTER: 'GraphRAG' calling 'query_graph'; CURRENT SPEAKER: grok-4_mas_rag, DIALOGUE TURN NUM = 37.
[2025-10-16 12:14:17,171] [INFO] EXIT: 'GraphRAG' calling 'query_graph' (0.01703667640686035 secs).
[2025-10-16 12:14:17,171] [INFO] EXIT: 'GraphRAG' calling 'claim' (0.017395496368408203 secs).
[2025-10-16 12:14:17,171] [INFO] ENTER: 'GraphRAG' calling 'return_rag_examples'; CURRENT SPEAKER: grok-4_mas_rag, DIALOGUE TURN NUM = 37.
[2025-10-16 12:14:17,171] [INFO] EXIT: 'GraphRAG' calling 'return_rag_examples' (1.9073486328125e-06 secs).
[2025-10-16 12:14:17,173] [INFO] ENTER: 'DialogueMoveGenerator' calling 'generate'; CURRENT SPEAKER: grok-4_mas_rag, DIALOGUE TURN NUM = 37.
[2025-10-16 12:14:17,174] [INFO] ENTER: 'MASPromptGenerator' calling 'claim'; CURRENT SPEAKER: grok-4_mas_rag, DIALOGUE TURN NUM = 37.
[2025-10-16 12:14:17,174] [INFO] EXIT: 'MASPromptGenerator' calling 'claim' (0.00010275840759277344 secs).
[2025-10-16 12:14:17,175] [INFO] ENTER: 'DialogueMoveGenerator' calling 'generate'; CURRENT SPEAKER: grok-4_mas_rag, DIALOGUE TURN NUM = 37.
[2025-10-16 12:14:17,175] [INFO] ENTER: 'MASPromptGenerator' calling 'claim_negation'; CURRENT SPEAKER: grok-4_mas_rag, DIALOGUE TURN NUM = 37.
[2025-10-16 12:14:17,175] [INFO] EXIT: 'MASPromptGenerator' calling 'claim_negation' (0.0003523826599121094 secs).
[2025-10-16 12:14:17,176] [INFO] ENTER: 'DialogueMoveGenerator' calling 'generate'; CURRENT SPEAKER: grok-4_mas_rag, DIALOGUE TURN NUM = 37.
[2025-10-16 12:14:17,176] [INFO] ENTER: 'MASPromptGenerator' calling 'concede_claim'; CURRENT SPEAKER: grok-4_mas_rag, DIALOGUE TURN NUM = 37.
[2025-10-16 12:14:17,177] [INFO] EXIT: 'MASPromptGenerator' calling 'concede_claim' (0.0003719329833984375 secs).
[2025-10-16 12:14:17,178] [INFO] ENTER: 'DialogueMoveGenerator' calling 'generate'; CURRENT SPEAKER: grok-4_mas_rag, DIALOGUE TURN NUM = 37.
[2025-10-16 12:14:17,178] [INFO] ENTER: 'MASPromptGenerator' calling 'question_claim'; CURRENT SPEAKER: grok-4_mas_rag, DIALOGUE TURN NUM = 37.
[2025-10-16 12:14:17,178] [INFO] EXIT: 'MASPromptGenerator' calling 'question_claim' (0.00036978721618652344 secs).
[2025-10-16 12:14:17,180] [INFO] ENTER: 'DialogueMoveGenerator' calling 'generate'; CURRENT SPEAKER: grok-4_mas_rag, DIALOGUE TURN NUM = 37.
[2025-10-16 12:14:17,180] [INFO] ENTER: 'MASPromptGenerator' calling 'retract_claim'; CURRENT SPEAKER: grok-4_mas_rag, DIALOGUE TURN NUM = 37.
[2025-10-16 12:14:17,180] [INFO] EXIT: 'MASPromptGenerator' calling 'retract_claim' (0.0001423358917236328 secs).
[2025-10-16 12:14:17,181] [INFO] ENTER: 'DialogueMoveGenerator' calling 'generate'; CURRENT SPEAKER: grok-4_mas_rag, DIALOGUE TURN NUM = 37.
[2025-10-16 12:14:17,181] [INFO] ENTER: 'MASPromptGenerator' calling 'since_claim'; CURRENT SPEAKER: grok-4_mas_rag, DIALOGUE TURN NUM = 37.
[2025-10-16 12:14:17,181] [INFO] EXIT: 'MASPromptGenerator' calling 'since_claim' (0.0001246929168701172 secs).
[2025-10-16 12:14:17,182] [INFO] ENTER: 'DialogueMoveGenerator' calling 'generate'; CURRENT SPEAKER: grok-4_mas_rag, DIALOGUE TURN NUM = 37.
[2025-10-16 12:14:17,182] [INFO] ENTER: 'MASPromptGenerator' calling 'why_claim'; CURRENT SPEAKER: grok-4_mas_rag, DIALOGUE TURN NUM = 37.
[2025-10-16 12:14:17,183] [INFO] EXIT: 'MASPromptGenerator' calling 'why_claim' (0.00013303756713867188 secs).
[2025-10-16 12:14:20,231] [INFO] Completion returned and validated from MODEL = 'grok-4'.
[2025-10-16 12:14:20,400] [INFO] Completion returned and validated from MODEL = 'grok-4'.
[2025-10-16 12:14:20,500] [INFO] Completion returned and validated from MODEL = 'grok-4'.
[2025-10-16 12:14:20,663] [INFO] Completion returned and validated from MODEL = 'grok-4'.
[2025-10-16 12:14:21,142] [INFO] Completion returned and validated from MODEL = 'grok-4'.
[2025-10-16 12:14:21,142] [INFO] EXIT: 'DialogueMoveGenerator' calling 'generate' (3.9607999324798584 secs).
[2025-10-16 12:14:21,153] [INFO] Completion returned and validated from MODEL = 'grok-4'.
[2025-10-16 12:14:21,153] [INFO] EXIT: 'DialogueMoveGenerator' calling 'generate' (3.979330539703369 secs).
[2025-10-16 12:14:23,137] [INFO] Completion returned and validated from MODEL = 'grok-4'.
[2025-10-16 12:14:23,332] [INFO] Completion returned and validated from MODEL = 'grok-4'.
[2025-10-16 12:14:23,557] [INFO] Completion returned and validated from MODEL = 'grok-4'.
[2025-10-16 12:14:23,557] [INFO] EXIT: 'DialogueMoveGenerator' calling 'generate' (6.377145767211914 secs).
[2025-10-16 12:14:23,700] [INFO] Completion returned and validated from MODEL = 'grok-4'.
[2025-10-16 12:14:25,922] [INFO] Completion returned and validated from MODEL = 'grok-4'.
[2025-10-16 12:14:27,055] [INFO] Completion returned and validated from MODEL = 'grok-4'.
[2025-10-16 12:14:27,092] [INFO] Completion returned and validated from MODEL = 'grok-4'.
[2025-10-16 12:14:27,153] [INFO] Completion returned and validated from MODEL = 'grok-4'.
[2025-10-16 12:14:27,841] [INFO] Completion returned and validated from MODEL = 'grok-4'.
[2025-10-16 12:14:29,954] [INFO] Completion returned and validated from MODEL = 'grok-4'.
[2025-10-16 12:14:30,142] [INFO] Completion returned and validated from MODEL = 'grok-4'.
[2025-10-16 12:14:30,163] [INFO] Completion returned and validated from MODEL = 'grok-4'.
[2025-10-16 12:14:30,192] [INFO] Completion returned and validated from MODEL = 'grok-4'.
[2025-10-16 12:14:32,794] [INFO] Completion returned and validated from MODEL = 'grok-4'.
[2025-10-16 12:14:32,806] [INFO] Completion returned and validated from MODEL = 'grok-4'.
[2025-10-16 12:14:32,806] [INFO] EXIT: 'DialogueMoveGenerator' calling 'generate' (15.629424571990967 secs).
[2025-10-16 12:14:32,816] [INFO] Completion returned and validated from MODEL = 'grok-4'.
[2025-10-16 12:14:32,880] [INFO] Completion returned and validated from MODEL = 'grok-4'.
[2025-10-16 12:14:35,147] [INFO] Completion returned and validated from MODEL = 'grok-4'.
[2025-10-16 12:14:35,147] [INFO] EXIT: 'DialogueMoveGenerator' calling 'generate' (17.9645516872406 secs).
[2025-10-16 12:14:35,150] [INFO] Completion returned and validated from MODEL = 'grok-4'.
[2025-10-16 12:14:35,407] [INFO] Completion returned and validated from MODEL = 'grok-4'.
[2025-10-16 12:14:35,407] [INFO] EXIT: 'DialogueMoveGenerator' calling 'generate' (18.2325177192688 secs).
[2025-10-16 12:14:36,870] [INFO] Completion returned and validated from MODEL = 'grok-4'.
[2025-10-16 12:14:36,870] [INFO] EXIT: 'DialogueMoveGenerator' calling 'generate' (19.69244146347046 secs).
[2025-10-16 12:14:36,871] [INFO] ENTER: 'MASPromptGenerator' calling 'persuasiveness_choice'; CURRENT SPEAKER: grok-4_mas_rag, DIALOGUE TURN NUM = 37.
[2025-10-16 12:14:36,872] [INFO] EXIT: 'MASPromptGenerator' calling 'persuasiveness_choice' (0.0003650188446044922 secs).
[2025-10-16 12:14:38,557] [INFO] Completion returned and validated within 'PersuasivenessChoiceAgent'; MODEL = 'grok-4'; DIALOGUE TURN NUM = 37.
[2025-10-16 12:14:41,140] [INFO] Completion returned and validated within 'PersuasivenessChoiceAgent'; MODEL = 'grok-4'; DIALOGUE TURN NUM = 37.
[2025-10-16 12:14:43,753] [INFO] Completion returned and validated within 'PersuasivenessChoiceAgent'; MODEL = 'grok-4'; DIALOGUE TURN NUM = 37.
[2025-10-16 12:14:46,124] [INFO] Completion returned and validated within 'PersuasivenessChoiceAgent'; MODEL = 'grok-4'; DIALOGUE TURN NUM = 37.
[2025-10-16 12:14:48,391] [INFO] Completion returned and validated within 'PersuasivenessChoiceAgent'; MODEL = 'grok-4'; DIALOGUE TURN NUM = 37.
[2025-10-16 12:14:50,359] [INFO] Completion returned and validated within 'PersuasivenessChoiceAgent'; MODEL = 'grok-4'; DIALOGUE TURN NUM = 37.
[2025-10-16 12:14:55,238] [INFO] Completion returned and validated within 'PersuasivenessChoiceAgent'; MODEL = 'grok-4'; DIALOGUE TURN NUM = 37.
[2025-10-16 12:14:55,239] [INFO] ENTER: 'DisambiguationAgent' calling '_grouping_similar_utterance_types'; CURRENT SPEAKER: grok-4_mas_rag, DIALOGUE TURN NUM = 37.
[2025-10-16 12:14:55,239] [INFO] EXIT: 'DisambiguationAgent' calling '_grouping_similar_utterance_types' (1.811981201171875e-05 secs).
[2025-10-16 12:14:55,239] [INFO] ENTER: 'DisambiguationAgent' calling '_identifying_similar_sentences_and_choosing_one_to_return_to_user'; CURRENT SPEAKER: grok-4_mas_rag, DIALOGUE TURN NUM = 37.
[2025-10-16 12:15:00,798] [INFO] 'DisambiguationAgent' grouped similar sentences, completion returned and validated; MODEL = 'grok-4'.
[2025-10-16 12:15:01,613] [INFO] 'DisambiguationAgent' chose sentences to remove, completion returned and validated from MODEL = 'grok-4'.
[2025-10-16 12:15:02,406] [INFO] 'DisambiguationAgent' chose sentences to remove, completion returned and validated from MODEL = 'grok-4'.
[2025-10-16 12:15:04,449] [INFO] 'DisambiguationAgent' chose sentences to remove, completion returned and validated from MODEL = 'grok-4'.
[2025-10-16 12:15:04,449] [INFO] EXIT: 'DisambiguationAgent' calling '_identifying_similar_sentences_and_choosing_one_to_return_to_user' (9.210354566574097 secs).
[2025-10-16 12:15:04,449] [INFO] ENTER: 'DisambiguationAgent' calling '_identifying_similar_sentences_and_choosing_one_to_return_to_user'; CURRENT SPEAKER: grok-4_mas_rag, DIALOGUE TURN NUM = 37.
[2025-10-16 12:15:09,779] [INFO] 'DisambiguationAgent' grouped similar sentences, completion returned and validated; MODEL = 'grok-4'.
[2025-10-16 12:15:10,787] [INFO] 'DisambiguationAgent' chose sentences to remove, completion returned and validated from MODEL = 'grok-4'.
[2025-10-16 12:15:11,637] [INFO] 'DisambiguationAgent' chose sentences to remove, completion returned and validated from MODEL = 'grok-4'.
[2025-10-16 12:15:12,571] [INFO] 'DisambiguationAgent' chose sentences to remove, completion returned and validated from MODEL = 'grok-4'.
[2025-10-16 12:15:13,546] [INFO] 'DisambiguationAgent' chose sentences to remove, completion returned and validated from MODEL = 'grok-4'.
[2025-10-16 12:15:13,546] [INFO] EXIT: 'DisambiguationAgent' calling '_identifying_similar_sentences_and_choosing_one_to_return_to_user' (9.096269845962524 secs).
[2025-10-16 12:15:13,546] [INFO] ENTER: 'DisambiguationAgent' calling '_removing_repetitive_sentences'; CURRENT SPEAKER: grok-4_mas_rag, DIALOGUE TURN NUM = 37.
[2025-10-16 12:15:13,546] [INFO] EXIT: 'DisambiguationAgent' calling '_removing_repetitive_sentences' (2.3365020751953125e-05 secs).
[2025-10-16 12:15:13,546] [INFO] ENTER: 'DisambiguationAgent' calling '_choose_the_most_persuasive_sentences'; CURRENT SPEAKER: grok-4_mas_rag, DIALOGUE TURN NUM = 37.
[2025-10-16 12:15:15,999] [INFO] 'DisambiguationAgent': reached maximum allowed sentences, succussfully chose most persuasive sentences, completion returned and validated from MODEL = 'grok-4'.
[2025-10-16 12:15:15,999] [INFO] EXIT: 'DisambiguationAgent' calling '_choose_the_most_persuasive_sentences' (2.453725814819336 secs).
[2025-10-16 12:15:16,000] [INFO] ENTER: 'DisambiguationAgent' calling 'return_disambiguated_sentences'; CURRENT SPEAKER: grok-4_mas_rag, DIALOGUE TURN NUM = 37.
[2025-10-16 12:15:16,000] [INFO] EXIT: 'DisambiguationAgent' calling 'return_disambiguated_sentences' (2.384185791015625e-06 secs).
[2025-10-16 12:15:16,000] [ERROR] Wrong state used; State of type HumanState; error message: dict has unexpected extra key(s): "graph_rag_examples", "intermediate_generations", "knowledge_base_ensemble_or_model_name", "model_seed", "model_temp", "model_top_p", "number_of_graph_rag_examples", "number_of_vector_based_rag_examples", "political_position_prob_of_na", "political_position_range", "political_position_std", "speaker_model_name", "speaker_type", "vector_based_persona_string", "vector_based_persona_sys_prompt"
[2025-10-16 12:15:16,000] [INFO] Correct state used; State of type GenerationAgentsState; 'IGNORE THE ABOVE ERRORS'.
[2025-10-16 12:15:18,752] [INFO] 'commitment_update' completed '___Claim___' update for current speaker's commitments; MODEL = 'grok-4'.
[2025-10-16 12:15:19,507] [INFO] 'commitment_update' completed '___Claim___' update for current speaker's commitments; MODEL = 'grok-4'.
[2025-10-16 12:15:19,676] [ERROR] Wrong state used; State of type HumanState; error message: dict has unexpected extra key(s): "graph_rag_examples", "intermediate_generations", "knowledge_base_ensemble_or_model_name", "model_seed", "model_temp", "model_top_p", "number_of_graph_rag_examples", "number_of_vector_based_rag_examples", "political_position_prob_of_na", "political_position_range", "political_position_std", "speaker_model_name", "speaker_type", "vector_based_persona_string", "vector_based_persona_sys_prompt"
[2025-10-16 12:15:19,676] [INFO] Correct state used; State of type GenerationAgentsState; 'IGNORE THE ABOVE ERRORS'.
[2025-10-16 12:15:19,676] [INFO] ENTER: 'UtteranceClassificationAgent' calling '_classify_sentence_utterance_types'; CURRENT SPEAKER: grok-4_mas, DIALOGUE TURN NUM = 38.
[2025-10-16 12:15:20,460] [INFO] 'UtteranceClassificationAgent' completion returned and validated from MODEL = 'ModelName.GROK_4'.
[2025-10-16 12:15:21,043] [INFO] 'UtteranceClassificationAgent' completion returned and validated from MODEL = 'ModelName.GROK_4'.
[2025-10-16 12:15:21,632] [INFO] 'UtteranceClassificationAgent' completion returned and validated from MODEL = 'ModelName.GROK_4'.
[2025-10-16 12:15:22,296] [INFO] 'UtteranceClassificationAgent' completion returned and validated from MODEL = 'ModelName.GROK_4'.
[2025-10-16 12:15:22,921] [INFO] 'UtteranceClassificationAgent' completion returned and validated from MODEL = 'ModelName.GROK_4'.
[2025-10-16 12:15:22,921] [INFO] EXIT: 'UtteranceClassificationAgent' calling '_classify_sentence_utterance_types' (3.2448208332061768 secs).
[2025-10-16 12:15:22,921] [INFO] ENTER: 'UtteranceClassificationAgent' calling 'return_classified_sentences'; CURRENT SPEAKER: grok-4_mas, DIALOGUE TURN NUM = 38.
[2025-10-16 12:15:22,921] [INFO] EXIT: 'UtteranceClassificationAgent' calling 'return_classified_sentences' (1.6689300537109375e-06 secs).
[2025-10-16 12:15:22,925] [INFO] ENTER: 'DialogueMoveGenerator' calling 'generate'; CURRENT SPEAKER: grok-4_mas, DIALOGUE TURN NUM = 38.
[2025-10-16 12:15:22,926] [INFO] ENTER: 'DialogueMoveGenerator' calling 'generate'; CURRENT SPEAKER: grok-4_mas, DIALOGUE TURN NUM = 38.
[2025-10-16 12:15:22,926] [INFO] ENTER: 'MASPromptGenerator' calling 'claim'; CURRENT SPEAKER: grok-4_mas, DIALOGUE TURN NUM = 38.
[2025-10-16 12:15:22,926] [INFO] ENTER: 'MASPromptGenerator' calling 'claim_negation'; CURRENT SPEAKER: grok-4_mas, DIALOGUE TURN NUM = 38.
[2025-10-16 12:15:22,927] [INFO] EXIT: 'MASPromptGenerator' calling 'claim' (7.748603820800781e-05 secs).
[2025-10-16 12:15:22,927] [INFO] EXIT: 'MASPromptGenerator' calling 'claim_negation' (0.0001354217529296875 secs).
[2025-10-16 12:15:22,927] [INFO] ENTER: 'DialogueMoveGenerator' calling 'generate'; CURRENT SPEAKER: grok-4_mas, DIALOGUE TURN NUM = 38.
[2025-10-16 12:15:22,929] [INFO] ENTER: 'DialogueMoveGenerator' calling 'generate'; CURRENT SPEAKER: grok-4_mas, DIALOGUE TURN NUM = 38.
[2025-10-16 12:15:22,930] [INFO] ENTER: 'MASPromptGenerator' calling 'concede_claim'; CURRENT SPEAKER: grok-4_mas, DIALOGUE TURN NUM = 38.
[2025-10-16 12:15:22,930] [INFO] ENTER: 'DialogueMoveGenerator' calling 'generate'; CURRENT SPEAKER: grok-4_mas, DIALOGUE TURN NUM = 38.
[2025-10-16 12:15:22,930] [INFO] ENTER: 'MASPromptGenerator' calling 'question_claim'; CURRENT SPEAKER: grok-4_mas, DIALOGUE TURN NUM = 38.
[2025-10-16 12:15:22,931] [INFO] ENTER: 'DialogueMoveGenerator' calling 'generate'; CURRENT SPEAKER: grok-4_mas, DIALOGUE TURN NUM = 38.
[2025-10-16 12:15:22,931] [INFO] EXIT: 'MASPromptGenerator' calling 'concede_claim' (0.00013303756713867188 secs).
[2025-10-16 12:15:22,931] [INFO] ENTER: 'DialogueMoveGenerator' calling 'generate'; CURRENT SPEAKER: grok-4_mas, DIALOGUE TURN NUM = 38.
[2025-10-16 12:15:22,931] [INFO] ENTER: 'MASPromptGenerator' calling 'retract_claim'; CURRENT SPEAKER: grok-4_mas, DIALOGUE TURN NUM = 38.
[2025-10-16 12:15:22,932] [INFO] EXIT: 'MASPromptGenerator' calling 'question_claim' (0.0001621246337890625 secs).
[2025-10-16 12:15:22,932] [INFO] ENTER: 'MASPromptGenerator' calling 'since_claim'; CURRENT SPEAKER: grok-4_mas, DIALOGUE TURN NUM = 38.
[2025-10-16 12:15:22,932] [INFO] ENTER: 'MASPromptGenerator' calling 'why_claim'; CURRENT SPEAKER: grok-4_mas, DIALOGUE TURN NUM = 38.
[2025-10-16 12:15:22,932] [INFO] EXIT: 'MASPromptGenerator' calling 'retract_claim' (0.0001437664031982422 secs).
[2025-10-16 12:15:22,933] [INFO] EXIT: 'MASPromptGenerator' calling 'since_claim' (0.00012540817260742188 secs).
[2025-10-16 12:15:22,933] [INFO] EXIT: 'MASPromptGenerator' calling 'why_claim' (0.00012969970703125 secs).
[2025-10-16 12:15:25,269] [INFO] Completion returned and validated from MODEL = 'grok-4'.
[2025-10-16 12:15:25,641] [INFO] Completion returned and validated from MODEL = 'grok-4'.
[2025-10-16 12:15:25,648] [INFO] Completion returned and validated from MODEL = 'grok-4'.
[2025-10-16 12:15:27,427] [INFO] Completion returned and validated from MODEL = 'grok-4'.
[2025-10-16 12:15:28,728] [INFO] Completion returned and validated from MODEL = 'grok-4'.
[2025-10-16 12:15:28,728] [INFO] EXIT: 'DialogueMoveGenerator' calling 'generate' (5.797820568084717 secs).
[2025-10-16 12:15:28,737] [INFO] Completion returned and validated from MODEL = 'grok-4'.
[2025-10-16 12:15:28,751] [INFO] Completion returned and validated from MODEL = 'grok-4'.
[2025-10-16 12:15:28,818] [INFO] Completion returned and validated from MODEL = 'grok-4'.
[2025-10-16 12:15:28,818] [INFO] EXIT: 'DialogueMoveGenerator' calling 'generate' (5.892198085784912 secs).
[2025-10-16 12:15:28,845] [INFO] Completion returned and validated from MODEL = 'grok-4'.
[2025-10-16 12:15:31,251] [INFO] Completion returned and validated from MODEL = 'grok-4'.
[2025-10-16 12:15:31,635] [INFO] Completion returned and validated from MODEL = 'grok-4'.
[2025-10-16 12:15:31,871] [INFO] Completion returned and validated from MODEL = 'grok-4'.
[2025-10-16 12:15:31,943] [INFO] Completion returned and validated from MODEL = 'grok-4'.
[2025-10-16 12:15:31,943] [INFO] EXIT: 'DialogueMoveGenerator' calling 'generate' (9.012291669845581 secs).
[2025-10-16 12:15:34,137] [INFO] Completion returned and validated from MODEL = 'grok-4'.
[2025-10-16 12:15:34,137] [INFO] EXIT: 'DialogueMoveGenerator' calling 'generate' (11.204859256744385 secs).
[2025-10-16 12:15:34,167] [INFO] Completion returned and validated from MODEL = 'grok-4'.
[2025-10-16 12:15:34,167] [INFO] EXIT: 'DialogueMoveGenerator' calling 'generate' (11.235311031341553 secs).
[2025-10-16 12:15:34,201] [INFO] Completion returned and validated from MODEL = 'grok-4'.
[2025-10-16 12:15:34,201] [INFO] EXIT: 'DialogueMoveGenerator' calling 'generate' (11.275272130966187 secs).
[2025-10-16 12:15:43,206] [INFO] Completion returned and validated from MODEL = 'grok-4'.
[2025-10-16 12:15:43,206] [INFO] EXIT: 'DialogueMoveGenerator' calling 'generate' (20.276787042617798 secs).
[2025-10-16 12:15:43,207] [INFO] ENTER: 'MASPromptGenerator' calling 'persuasiveness_choice'; CURRENT SPEAKER: grok-4_mas, DIALOGUE TURN NUM = 38.
[2025-10-16 12:15:43,208] [INFO] EXIT: 'MASPromptGenerator' calling 'persuasiveness_choice' (0.00028443336486816406 secs).
[2025-10-16 12:15:45,247] [INFO] Completion returned and validated within 'PersuasivenessChoiceAgent'; MODEL = 'grok-4'; DIALOGUE TURN NUM = 38.
[2025-10-16 12:15:47,813] [INFO] Completion returned and validated within 'PersuasivenessChoiceAgent'; MODEL = 'grok-4'; DIALOGUE TURN NUM = 38.
[2025-10-16 12:15:49,829] [INFO] Completion returned and validated within 'PersuasivenessChoiceAgent'; MODEL = 'grok-4'; DIALOGUE TURN NUM = 38.
[2025-10-16 12:15:52,378] [INFO] Completion returned and validated within 'PersuasivenessChoiceAgent'; MODEL = 'grok-4'; DIALOGUE TURN NUM = 38.
[2025-10-16 12:15:56,587] [INFO] Completion returned and validated within 'PersuasivenessChoiceAgent'; MODEL = 'grok-4'; DIALOGUE TURN NUM = 38.
[2025-10-16 12:15:56,588] [INFO] ENTER: 'DisambiguationAgent' calling '_grouping_similar_utterance_types'; CURRENT SPEAKER: grok-4_mas, DIALOGUE TURN NUM = 38.
[2025-10-16 12:15:56,588] [INFO] EXIT: 'DisambiguationAgent' calling '_grouping_similar_utterance_types' (1.3589859008789062e-05 secs).
[2025-10-16 12:15:56,588] [INFO] ENTER: 'DisambiguationAgent' calling '_identifying_similar_sentences_and_choosing_one_to_return_to_user'; CURRENT SPEAKER: grok-4_mas, DIALOGUE TURN NUM = 38.
[2025-10-16 12:16:05,646] [INFO] 'DisambiguationAgent' grouped similar sentences, completion returned and validated; MODEL = 'grok-4'.
[2025-10-16 12:16:06,642] [INFO] 'DisambiguationAgent' chose sentences to remove, completion returned and validated from MODEL = 'grok-4'.
[2025-10-16 12:16:07,570] [INFO] 'DisambiguationAgent' chose sentences to remove, completion returned and validated from MODEL = 'grok-4'.
[2025-10-16 12:16:08,646] [INFO] 'DisambiguationAgent' chose sentences to remove, completion returned and validated from MODEL = 'grok-4'.
[2025-10-16 12:16:09,716] [INFO] 'DisambiguationAgent' chose sentences to remove, completion returned and validated from MODEL = 'grok-4'.
[2025-10-16 12:16:10,684] [INFO] 'DisambiguationAgent' chose sentences to remove, completion returned and validated from MODEL = 'grok-4'.
[2025-10-16 12:16:11,590] [INFO] 'DisambiguationAgent' chose sentences to remove, completion returned and validated from MODEL = 'grok-4'.
[2025-10-16 12:16:12,521] [INFO] 'DisambiguationAgent' chose sentences to remove, completion returned and validated from MODEL = 'grok-4'.
[2025-10-16 12:16:13,541] [INFO] 'DisambiguationAgent' chose sentences to remove, completion returned and validated from MODEL = 'grok-4'.
[2025-10-16 12:16:13,541] [INFO] EXIT: 'DisambiguationAgent' calling '_identifying_similar_sentences_and_choosing_one_to_return_to_user' (16.952765703201294 secs).
[2025-10-16 12:16:13,541] [INFO] ENTER: 'DisambiguationAgent' calling '_identifying_similar_sentences_and_choosing_one_to_return_to_user'; CURRENT SPEAKER: grok-4_mas, DIALOGUE TURN NUM = 38.
[2025-10-16 12:16:14,884] [INFO] 'DisambiguationAgent' grouped similar sentences, completion returned and validated; MODEL = 'grok-4'.
[2025-10-16 12:16:15,661] [INFO] 'DisambiguationAgent' chose sentences to remove, completion returned and validated from MODEL = 'grok-4'.
[2025-10-16 12:16:15,661] [INFO] EXIT: 'DisambiguationAgent' calling '_identifying_similar_sentences_and_choosing_one_to_return_to_user' (2.119657039642334 secs).
[2025-10-16 12:16:15,661] [INFO] ENTER: 'DisambiguationAgent' calling '_removing_repetitive_sentences'; CURRENT SPEAKER: grok-4_mas, DIALOGUE TURN NUM = 38.
[2025-10-16 12:16:15,661] [INFO] EXIT: 'DisambiguationAgent' calling '_removing_repetitive_sentences' (1.6927719116210938e-05 secs).
[2025-10-16 12:16:15,661] [INFO] ENTER: 'DisambiguationAgent' calling '_choose_the_most_persuasive_sentences'; CURRENT SPEAKER: grok-4_mas, DIALOGUE TURN NUM = 38.
[2025-10-16 12:16:17,832] [INFO] 'DisambiguationAgent': reached maximum allowed sentences, succussfully chose most persuasive sentences, completion returned and validated from MODEL = 'grok-4'.
[2025-10-16 12:16:17,832] [INFO] EXIT: 'DisambiguationAgent' calling '_choose_the_most_persuasive_sentences' (2.1712231636047363 secs).
[2025-10-16 12:16:17,832] [INFO] ENTER: 'DisambiguationAgent' calling 'return_disambiguated_sentences'; CURRENT SPEAKER: grok-4_mas, DIALOGUE TURN NUM = 38.
[2025-10-16 12:16:17,832] [INFO] EXIT: 'DisambiguationAgent' calling 'return_disambiguated_sentences' (2.384185791015625e-06 secs).
[2025-10-16 12:16:17,833] [ERROR] Wrong state used; State of type HumanState; error message: dict has unexpected extra key(s): "graph_rag_examples", "intermediate_generations", "knowledge_base_ensemble_or_model_name", "model_seed", "model_temp", "model_top_p", "number_of_graph_rag_examples", "number_of_vector_based_rag_examples", "political_position_prob_of_na", "political_position_range", "political_position_std", "speaker_model_name", "speaker_type", "vector_based_persona_string", "vector_based_persona_sys_prompt"
[2025-10-16 12:16:17,833] [INFO] Correct state used; State of type GenerationAgentsState; 'IGNORE THE ABOVE ERRORS'.
[2025-10-16 12:16:18,493] [INFO] 'commitment_update' completed '___Claim___' update for current speaker's commitments; MODEL = 'grok-4'.
[2025-10-16 12:16:19,086] [INFO] 'commitment_update' completed '___Claim___' update for current speaker's commitments; MODEL = 'grok-4'.
[2025-10-16 12:16:19,680] [INFO] 'commitment_update' completed '___Claim___' update for current speaker's commitments; MODEL = 'grok-4'.
[2025-10-16 12:16:20,443] [INFO] 'commitment_update' completed '___Claim___' update for current speaker's commitments; MODEL = 'grok-4'.
[2025-10-16 12:16:20,543] [ERROR] Wrong state used; State of type HumanState; error message: dict has unexpected extra key(s): "graph_rag_examples", "intermediate_generations", "knowledge_base_ensemble_or_model_name", "model_seed", "model_temp", "model_top_p", "number_of_graph_rag_examples", "number_of_vector_based_rag_examples", "political_position_prob_of_na", "political_position_range", "political_position_std", "speaker_model_name", "speaker_type", "vector_based_persona_string", "vector_based_persona_sys_prompt"
[2025-10-16 12:16:20,544] [INFO] Correct state used; State of type GenerationAgentsState; 'IGNORE THE ABOVE ERRORS'.
[2025-10-16 12:16:20,544] [INFO] ENTER: 'UtteranceClassificationAgent' calling '_classify_sentence_utterance_types'; CURRENT SPEAKER: grok-4_mas_rag, DIALOGUE TURN NUM = 39.
[2025-10-16 12:16:23,236] [INFO] 'UtteranceClassificationAgent' completion returned and validated from MODEL = 'ModelName.GROK_4'.
[2025-10-16 12:16:24,053] [INFO] 'UtteranceClassificationAgent' completion returned and validated from MODEL = 'ModelName.GROK_4'.
[2025-10-16 12:16:24,630] [INFO] 'UtteranceClassificationAgent' completion returned and validated from MODEL = 'ModelName.GROK_4'.
[2025-10-16 12:16:25,257] [INFO] 'UtteranceClassificationAgent' completion returned and validated from MODEL = 'ModelName.GROK_4'.
[2025-10-16 12:16:25,884] [INFO] 'UtteranceClassificationAgent' completion returned and validated from MODEL = 'ModelName.GROK_4'.
[2025-10-16 12:16:26,427] [INFO] 'UtteranceClassificationAgent' completion returned and validated from MODEL = 'ModelName.GROK_4'.
[2025-10-16 12:16:27,053] [INFO] 'UtteranceClassificationAgent' completion returned and validated from MODEL = 'ModelName.GROK_4'.
[2025-10-16 12:16:27,053] [INFO] EXIT: 'UtteranceClassificationAgent' calling '_classify_sentence_utterance_types' (6.509464263916016 secs).
[2025-10-16 12:16:27,053] [INFO] ENTER: 'UtteranceClassificationAgent' calling 'return_classified_sentences'; CURRENT SPEAKER: grok-4_mas_rag, DIALOGUE TURN NUM = 39.
[2025-10-16 12:16:27,054] [INFO] EXIT: 'UtteranceClassificationAgent' calling 'return_classified_sentences' (2.384185791015625e-06 secs).
[2025-10-16 12:16:27,075] [INFO] ENTER: 'GraphRAG' calling 'why'; CURRENT SPEAKER: grok-4_mas_rag, DIALOGUE TURN NUM = 39.
[2025-10-16 12:16:27,076] [INFO] ENTER: 'GraphRAG' calling 'query_graph'; CURRENT SPEAKER: grok-4_mas_rag, DIALOGUE TURN NUM = 39.
[2025-10-16 12:16:27,792] [INFO] EXIT: 'GraphRAG' calling 'query_graph' (0.7165725231170654 secs).
[2025-10-16 12:16:27,792] [INFO] EXIT: 'GraphRAG' calling 'why' (0.7170066833496094 secs).
[2025-10-16 12:16:27,792] [INFO] ENTER: 'GraphRAG' calling 'concede'; CURRENT SPEAKER: grok-4_mas_rag, DIALOGUE TURN NUM = 39.
[2025-10-16 12:16:27,793] [INFO] ENTER: 'GraphRAG' calling 'query_graph'; CURRENT SPEAKER: grok-4_mas_rag, DIALOGUE TURN NUM = 39.
[2025-10-16 12:16:28,464] [INFO] EXIT: 'GraphRAG' calling 'query_graph' (0.6711888313293457 secs).
[2025-10-16 12:16:28,464] [INFO] EXIT: 'GraphRAG' calling 'concede' (0.6716294288635254 secs).
[2025-10-16 12:16:28,464] [INFO] ENTER: 'GraphRAG' calling 'question'; CURRENT SPEAKER: grok-4_mas_rag, DIALOGUE TURN NUM = 39.
[2025-10-16 12:16:28,464] [INFO] ENTER: 'GraphRAG' calling 'query_graph'; CURRENT SPEAKER: grok-4_mas_rag, DIALOGUE TURN NUM = 39.
[2025-10-16 12:16:29,118] [INFO] EXIT: 'GraphRAG' calling 'query_graph' (0.6531603336334229 secs).
[2025-10-16 12:16:29,118] [INFO] EXIT: 'GraphRAG' calling 'question' (0.6535851955413818 secs).
[2025-10-16 12:16:29,135] [INFO] ENTER: 'GraphRAG' calling 'why'; CURRENT SPEAKER: grok-4_mas_rag, DIALOGUE TURN NUM = 39.
[2025-10-16 12:16:29,135] [INFO] ENTER: 'GraphRAG' calling 'query_graph'; CURRENT SPEAKER: grok-4_mas_rag, DIALOGUE TURN NUM = 39.
[2025-10-16 12:16:29,854] [INFO] EXIT: 'GraphRAG' calling 'query_graph' (0.7186686992645264 secs).
[2025-10-16 12:16:29,854] [INFO] EXIT: 'GraphRAG' calling 'why' (0.7190461158752441 secs).
[2025-10-16 12:16:29,854] [INFO] ENTER: 'GraphRAG' calling 'concede'; CURRENT SPEAKER: grok-4_mas_rag, DIALOGUE TURN NUM = 39.
[2025-10-16 12:16:29,854] [INFO] ENTER: 'GraphRAG' calling 'query_graph'; CURRENT SPEAKER: grok-4_mas_rag, DIALOGUE TURN NUM = 39.
[2025-10-16 12:16:30,530] [INFO] EXIT: 'GraphRAG' calling 'query_graph' (0.6762270927429199 secs).
[2025-10-16 12:16:30,530] [INFO] EXIT: 'GraphRAG' calling 'concede' (0.6766643524169922 secs).
[2025-10-16 12:16:30,530] [INFO] ENTER: 'GraphRAG' calling 'question'; CURRENT SPEAKER: grok-4_mas_rag, DIALOGUE TURN NUM = 39.
[2025-10-16 12:16:30,531] [INFO] ENTER: 'GraphRAG' calling 'query_graph'; CURRENT SPEAKER: grok-4_mas_rag, DIALOGUE TURN NUM = 39.
[2025-10-16 12:16:31,196] [INFO] EXIT: 'GraphRAG' calling 'query_graph' (0.6650669574737549 secs).
[2025-10-16 12:16:31,196] [INFO] EXIT: 'GraphRAG' calling 'question' (0.6654753684997559 secs).
[2025-10-16 12:16:31,213] [INFO] ENTER: 'GraphRAG' calling 'why'; CURRENT SPEAKER: grok-4_mas_rag, DIALOGUE TURN NUM = 39.
[2025-10-16 12:16:31,213] [INFO] ENTER: 'GraphRAG' calling 'query_graph'; CURRENT SPEAKER: grok-4_mas_rag, DIALOGUE TURN NUM = 39.
[2025-10-16 12:16:31,885] [INFO] EXIT: 'GraphRAG' calling 'query_graph' (0.6719369888305664 secs).
[2025-10-16 12:16:31,885] [INFO] EXIT: 'GraphRAG' calling 'why' (0.6723124980926514 secs).
[2025-10-16 12:16:31,885] [INFO] ENTER: 'GraphRAG' calling 'claim_negation'; CURRENT SPEAKER: grok-4_mas_rag, DIALOGUE TURN NUM = 39.
[2025-10-16 12:16:31,886] [INFO] ENTER: 'GraphRAG' calling 'query_graph'; CURRENT SPEAKER: grok-4_mas_rag, DIALOGUE TURN NUM = 39.
[2025-10-16 12:16:32,531] [INFO] EXIT: 'GraphRAG' calling 'query_graph' (0.644970178604126 secs).
[2025-10-16 12:16:32,531] [INFO] EXIT: 'GraphRAG' calling 'claim_negation' (0.6453657150268555 secs).
[2025-10-16 12:16:32,531] [INFO] ENTER: 'GraphRAG' calling 'concede'; CURRENT SPEAKER: grok-4_mas_rag, DIALOGUE TURN NUM = 39.
[2025-10-16 12:16:32,531] [INFO] ENTER: 'GraphRAG' calling 'query_graph'; CURRENT SPEAKER: grok-4_mas_rag, DIALOGUE TURN NUM = 39.
[2025-10-16 12:16:33,206] [INFO] EXIT: 'GraphRAG' calling 'query_graph' (0.6745762825012207 secs).
[2025-10-16 12:16:33,206] [INFO] EXIT: 'GraphRAG' calling 'concede' (0.6749730110168457 secs).
[2025-10-16 12:16:33,206] [INFO] ENTER: 'GraphRAG' calling 'question'; CURRENT SPEAKER: grok-4_mas_rag, DIALOGUE TURN NUM = 39.
[2025-10-16 12:16:33,206] [INFO] ENTER: 'GraphRAG' calling 'query_graph'; CURRENT SPEAKER: grok-4_mas_rag, DIALOGUE TURN NUM = 39.
[2025-10-16 12:16:33,332] [INFO] EXIT: 'GraphRAG' calling 'query_graph' (0.1260547637939453 secs).
[2025-10-16 12:16:33,332] [INFO] EXIT: 'GraphRAG' calling 'question' (0.126495361328125 secs).
[2025-10-16 12:16:33,349] [INFO] ENTER: 'GraphRAG' calling 'why'; CURRENT SPEAKER: grok-4_mas_rag, DIALOGUE TURN NUM = 39.
[2025-10-16 12:16:33,350] [INFO] ENTER: 'GraphRAG' calling 'query_graph'; CURRENT SPEAKER: grok-4_mas_rag, DIALOGUE TURN NUM = 39.
[2025-10-16 12:16:34,023] [INFO] EXIT: 'GraphRAG' calling 'query_graph' (0.6729049682617188 secs).
[2025-10-16 12:16:34,023] [INFO] EXIT: 'GraphRAG' calling 'why' (0.6732876300811768 secs).
[2025-10-16 12:16:34,023] [INFO] ENTER: 'GraphRAG' calling 'claim_negation'; CURRENT SPEAKER: grok-4_mas_rag, DIALOGUE TURN NUM = 39.
[2025-10-16 12:16:34,023] [INFO] ENTER: 'GraphRAG' calling 'query_graph'; CURRENT SPEAKER: grok-4_mas_rag, DIALOGUE TURN NUM = 39.
[2025-10-16 12:16:34,666] [INFO] EXIT: 'GraphRAG' calling 'query_graph' (0.6434578895568848 secs).
[2025-10-16 12:16:34,667] [INFO] EXIT: 'GraphRAG' calling 'claim_negation' (0.643864631652832 secs).
[2025-10-16 12:16:34,667] [INFO] ENTER: 'GraphRAG' calling 'concede'; CURRENT SPEAKER: grok-4_mas_rag, DIALOGUE TURN NUM = 39.
[2025-10-16 12:16:34,667] [INFO] ENTER: 'GraphRAG' calling 'query_graph'; CURRENT SPEAKER: grok-4_mas_rag, DIALOGUE TURN NUM = 39.
[2025-10-16 12:16:35,341] [INFO] EXIT: 'GraphRAG' calling 'query_graph' (0.6738104820251465 secs).
[2025-10-16 12:16:35,341] [INFO] EXIT: 'GraphRAG' calling 'concede' (0.6742026805877686 secs).
[2025-10-16 12:16:35,341] [INFO] ENTER: 'GraphRAG' calling 'question'; CURRENT SPEAKER: grok-4_mas_rag, DIALOGUE TURN NUM = 39.
[2025-10-16 12:16:35,341] [INFO] ENTER: 'GraphRAG' calling 'query_graph'; CURRENT SPEAKER: grok-4_mas_rag, DIALOGUE TURN NUM = 39.
[2025-10-16 12:16:35,466] [INFO] EXIT: 'GraphRAG' calling 'query_graph' (0.12439227104187012 secs).
[2025-10-16 12:16:35,466] [INFO] EXIT: 'GraphRAG' calling 'question' (0.12478518486022949 secs).
[2025-10-16 12:16:35,482] [INFO] ENTER: 'GraphRAG' calling 'why'; CURRENT SPEAKER: grok-4_mas_rag, DIALOGUE TURN NUM = 39.
[2025-10-16 12:16:35,482] [INFO] ENTER: 'GraphRAG' calling 'query_graph'; CURRENT SPEAKER: grok-4_mas_rag, DIALOGUE TURN NUM = 39.
[2025-10-16 12:16:36,152] [INFO] EXIT: 'GraphRAG' calling 'query_graph' (0.6700024604797363 secs).
[2025-10-16 12:16:36,152] [INFO] EXIT: 'GraphRAG' calling 'why' (0.6703665256500244 secs).
[2025-10-16 12:16:36,152] [INFO] ENTER: 'GraphRAG' calling 'claim_negation'; CURRENT SPEAKER: grok-4_mas_rag, DIALOGUE TURN NUM = 39.
[2025-10-16 12:16:36,153] [INFO] ENTER: 'GraphRAG' calling 'query_graph'; CURRENT SPEAKER: grok-4_mas_rag, DIALOGUE TURN NUM = 39.
[2025-10-16 12:16:36,796] [INFO] EXIT: 'GraphRAG' calling 'query_graph' (0.6436917781829834 secs).
[2025-10-16 12:16:36,796] [INFO] EXIT: 'GraphRAG' calling 'claim_negation' (0.6441397666931152 secs).
[2025-10-16 12:16:36,796] [INFO] ENTER: 'GraphRAG' calling 'concede'; CURRENT SPEAKER: grok-4_mas_rag, DIALOGUE TURN NUM = 39.
[2025-10-16 12:16:36,797] [INFO] ENTER: 'GraphRAG' calling 'query_graph'; CURRENT SPEAKER: grok-4_mas_rag, DIALOGUE TURN NUM = 39.
[2025-10-16 12:16:37,473] [INFO] EXIT: 'GraphRAG' calling 'query_graph' (0.6764888763427734 secs).
[2025-10-16 12:16:37,473] [INFO] EXIT: 'GraphRAG' calling 'concede' (0.6768605709075928 secs).
[2025-10-16 12:16:37,473] [INFO] ENTER: 'GraphRAG' calling 'question'; CURRENT SPEAKER: grok-4_mas_rag, DIALOGUE TURN NUM = 39.
[2025-10-16 12:16:37,474] [INFO] ENTER: 'GraphRAG' calling 'query_graph'; CURRENT SPEAKER: grok-4_mas_rag, DIALOGUE TURN NUM = 39.
[2025-10-16 12:16:37,597] [INFO] EXIT: 'GraphRAG' calling 'query_graph' (0.12297368049621582 secs).
[2025-10-16 12:16:37,597] [INFO] EXIT: 'GraphRAG' calling 'question' (0.1233053207397461 secs).
[2025-10-16 12:16:37,613] [INFO] ENTER: 'GraphRAG' calling 'since'; CURRENT SPEAKER: grok-4_mas_rag, DIALOGUE TURN NUM = 39.
[2025-10-16 12:16:37,613] [INFO] ENTER: 'GraphRAG' calling 'query_graph'; CURRENT SPEAKER: grok-4_mas_rag, DIALOGUE TURN NUM = 39.
[2025-10-16 12:16:37,634] [INFO] EXIT: 'GraphRAG' calling 'query_graph' (0.0211334228515625 secs).
[2025-10-16 12:16:37,634] [INFO] EXIT: 'GraphRAG' calling 'since' (0.02148270606994629 secs).
[2025-10-16 12:16:37,635] [INFO] ENTER: 'GraphRAG' calling 'claim'; CURRENT SPEAKER: grok-4_mas_rag, DIALOGUE TURN NUM = 39.
[2025-10-16 12:16:37,635] [INFO] ENTER: 'GraphRAG' calling 'query_graph'; CURRENT SPEAKER: grok-4_mas_rag, DIALOGUE TURN NUM = 39.
[2025-10-16 12:16:37,651] [INFO] EXIT: 'GraphRAG' calling 'query_graph' (0.016399621963500977 secs).
[2025-10-16 12:16:37,651] [INFO] EXIT: 'GraphRAG' calling 'claim' (0.016777992248535156 secs).
[2025-10-16 12:16:37,668] [INFO] ENTER: 'GraphRAG' calling 'why'; CURRENT SPEAKER: grok-4_mas_rag, DIALOGUE TURN NUM = 39.
[2025-10-16 12:16:37,668] [INFO] ENTER: 'GraphRAG' calling 'query_graph'; CURRENT SPEAKER: grok-4_mas_rag, DIALOGUE TURN NUM = 39.
[2025-10-16 12:16:38,389] [INFO] EXIT: 'GraphRAG' calling 'query_graph' (0.7204105854034424 secs).
[2025-10-16 12:16:38,389] [INFO] EXIT: 'GraphRAG' calling 'why' (0.7207849025726318 secs).
[2025-10-16 12:16:38,389] [INFO] ENTER: 'GraphRAG' calling 'concede'; CURRENT SPEAKER: grok-4_mas_rag, DIALOGUE TURN NUM = 39.
[2025-10-16 12:16:38,389] [INFO] ENTER: 'GraphRAG' calling 'query_graph'; CURRENT SPEAKER: grok-4_mas_rag, DIALOGUE TURN NUM = 39.
[2025-10-16 12:16:39,062] [INFO] EXIT: 'GraphRAG' calling 'query_graph' (0.6727473735809326 secs).
[2025-10-16 12:16:39,062] [INFO] EXIT: 'GraphRAG' calling 'concede' (0.6731023788452148 secs).
[2025-10-16 12:16:39,062] [INFO] ENTER: 'GraphRAG' calling 'question'; CURRENT SPEAKER: grok-4_mas_rag, DIALOGUE TURN NUM = 39.
[2025-10-16 12:16:39,062] [INFO] ENTER: 'GraphRAG' calling 'query_graph'; CURRENT SPEAKER: grok-4_mas_rag, DIALOGUE TURN NUM = 39.
[2025-10-16 12:16:39,712] [INFO] EXIT: 'GraphRAG' calling 'query_graph' (0.650040864944458 secs).
[2025-10-16 12:16:39,712] [INFO] EXIT: 'GraphRAG' calling 'question' (0.6504888534545898 secs).
[2025-10-16 12:16:39,712] [INFO] ENTER: 'GraphRAG' calling 'return_rag_examples'; CURRENT SPEAKER: grok-4_mas_rag, DIALOGUE TURN NUM = 39.
[2025-10-16 12:16:39,712] [INFO] EXIT: 'GraphRAG' calling 'return_rag_examples' (1.6689300537109375e-06 secs).
[2025-10-16 12:16:39,715] [INFO] ENTER: 'DialogueMoveGenerator' calling 'generate'; CURRENT SPEAKER: grok-4_mas_rag, DIALOGUE TURN NUM = 39.
[2025-10-16 12:16:39,715] [INFO] ENTER: 'MASPromptGenerator' calling 'claim'; CURRENT SPEAKER: grok-4_mas_rag, DIALOGUE TURN NUM = 39.
[2025-10-16 12:16:39,715] [INFO] EXIT: 'MASPromptGenerator' calling 'claim' (0.0001437664031982422 secs).
[2025-10-16 12:16:39,716] [INFO] ENTER: 'DialogueMoveGenerator' calling 'generate'; CURRENT SPEAKER: grok-4_mas_rag, DIALOGUE TURN NUM = 39.
[2025-10-16 12:16:39,716] [INFO] ENTER: 'MASPromptGenerator' calling 'claim_negation'; CURRENT SPEAKER: grok-4_mas_rag, DIALOGUE TURN NUM = 39.
[2025-10-16 12:16:39,716] [INFO] EXIT: 'MASPromptGenerator' calling 'claim_negation' (0.00023865699768066406 secs).
[2025-10-16 12:16:39,718] [INFO] ENTER: 'DialogueMoveGenerator' calling 'generate'; CURRENT SPEAKER: grok-4_mas_rag, DIALOGUE TURN NUM = 39.
[2025-10-16 12:16:39,719] [INFO] ENTER: 'MASPromptGenerator' calling 'concede_claim'; CURRENT SPEAKER: grok-4_mas_rag, DIALOGUE TURN NUM = 39.
[2025-10-16 12:16:39,719] [INFO] EXIT: 'MASPromptGenerator' calling 'concede_claim' (0.00032639503479003906 secs).
[2025-10-16 12:16:39,720] [INFO] ENTER: 'DialogueMoveGenerator' calling 'generate'; CURRENT SPEAKER: grok-4_mas_rag, DIALOGUE TURN NUM = 39.
[2025-10-16 12:16:39,720] [INFO] ENTER: 'MASPromptGenerator' calling 'question_claim'; CURRENT SPEAKER: grok-4_mas_rag, DIALOGUE TURN NUM = 39.
[2025-10-16 12:16:39,720] [INFO] EXIT: 'MASPromptGenerator' calling 'question_claim' (0.0003559589385986328 secs).
[2025-10-16 12:16:39,721] [INFO] ENTER: 'DialogueMoveGenerator' calling 'generate'; CURRENT SPEAKER: grok-4_mas_rag, DIALOGUE TURN NUM = 39.
[2025-10-16 12:16:39,721] [INFO] ENTER: 'MASPromptGenerator' calling 'retract_claim'; CURRENT SPEAKER: grok-4_mas_rag, DIALOGUE TURN NUM = 39.
[2025-10-16 12:16:39,721] [INFO] EXIT: 'MASPromptGenerator' calling 'retract_claim' (0.00016236305236816406 secs).
[2025-10-16 12:16:39,722] [INFO] ENTER: 'DialogueMoveGenerator' calling 'generate'; CURRENT SPEAKER: grok-4_mas_rag, DIALOGUE TURN NUM = 39.
[2025-10-16 12:16:39,722] [INFO] ENTER: 'MASPromptGenerator' calling 'since_claim'; CURRENT SPEAKER: grok-4_mas_rag, DIALOGUE TURN NUM = 39.
[2025-10-16 12:16:39,722] [INFO] EXIT: 'MASPromptGenerator' calling 'since_claim' (0.000125885009765625 secs).
[2025-10-16 12:16:39,723] [INFO] ENTER: 'DialogueMoveGenerator' calling 'generate'; CURRENT SPEAKER: grok-4_mas_rag, DIALOGUE TURN NUM = 39.
[2025-10-16 12:16:39,723] [INFO] ENTER: 'MASPromptGenerator' calling 'why_claim'; CURRENT SPEAKER: grok-4_mas_rag, DIALOGUE TURN NUM = 39.
[2025-10-16 12:16:39,723] [INFO] EXIT: 'MASPromptGenerator' calling 'why_claim' (0.00013709068298339844 secs).
[2025-10-16 12:16:42,724] [INFO] Completion returned and validated from MODEL = 'grok-4'.
[2025-10-16 12:16:43,239] [INFO] Completion returned and validated from MODEL = 'grok-4'.
[2025-10-16 12:16:43,239] [INFO] EXIT: 'DialogueMoveGenerator' calling 'generate' (3.518331289291382 secs).
[2025-10-16 12:16:43,283] [INFO] Completion returned and validated from MODEL = 'grok-4'.
[2025-10-16 12:16:43,484] [INFO] Completion returned and validated from MODEL = 'grok-4'.
[2025-10-16 12:16:43,861] [INFO] Completion returned and validated from MODEL = 'grok-4'.
[2025-10-16 12:16:43,912] [INFO] Completion returned and validated from MODEL = 'grok-4'.
[2025-10-16 12:16:43,912] [INFO] EXIT: 'DialogueMoveGenerator' calling 'generate' (4.190323352813721 secs).
[2025-10-16 12:16:43,986] [INFO] Completion returned and validated from MODEL = 'grok-4'.
[2025-10-16 12:16:43,986] [INFO] EXIT: 'DialogueMoveGenerator' calling 'generate' (4.271011590957642 secs).
[2025-10-16 12:16:45,477] [INFO] Completion returned and validated from MODEL = 'grok-4'.
[2025-10-16 12:16:45,892] [INFO] Completion returned and validated from MODEL = 'grok-4'.
[2025-10-16 12:16:46,164] [INFO] Completion returned and validated from MODEL = 'grok-4'.
[2025-10-16 12:16:46,280] [INFO] Completion returned and validated from MODEL = 'grok-4'.
[2025-10-16 12:16:48,197] [INFO] Completion returned and validated from MODEL = 'grok-4'.
[2025-10-16 12:16:48,324] [INFO] Completion returned and validated from MODEL = 'grok-4'.
[2025-10-16 12:16:48,324] [INFO] EXIT: 'DialogueMoveGenerator' calling 'generate' (8.608036756515503 secs).
[2025-10-16 12:16:48,802] [INFO] Completion returned and validated from MODEL = 'grok-4'.
[2025-10-16 12:16:49,080] [INFO] Completion returned and validated from MODEL = 'grok-4'.
[2025-10-16 12:16:50,685] [INFO] Completion returned and validated from MODEL = 'grok-4'.
[2025-10-16 12:16:52,047] [INFO] Completion returned and validated from MODEL = 'grok-4'.
[2025-10-16 12:16:53,795] [INFO] Completion returned and validated from MODEL = 'grok-4'.
[2025-10-16 12:16:53,795] [INFO] EXIT: 'DialogueMoveGenerator' calling 'generate' (14.075923919677734 secs).
[2025-10-16 12:16:56,972] [INFO] Completion returned and validated from MODEL = 'grok-4'.
[2025-10-16 12:16:57,740] [INFO] Completion returned and validated from MODEL = 'grok-4'.
[2025-10-16 12:16:59,437] [INFO] Completion returned and validated from MODEL = 'grok-4'.
[2025-10-16 12:17:00,823] [INFO] Completion returned and validated from MODEL = 'grok-4'.
[2025-10-16 12:17:01,684] [INFO] Completion returned and validated from MODEL = 'grok-4'.
[2025-10-16 12:17:01,684] [INFO] EXIT: 'DialogueMoveGenerator' calling 'generate' (21.96429705619812 secs).
[2025-10-16 12:17:03,112] [INFO] Completion returned and validated from MODEL = 'grok-4'.
[2025-10-16 12:17:03,112] [INFO] EXIT: 'DialogueMoveGenerator' calling 'generate' (23.389328718185425 secs).
[2025-10-16 12:17:03,113] [INFO] ENTER: 'MASPromptGenerator' calling 'persuasiveness_choice'; CURRENT SPEAKER: grok-4_mas_rag, DIALOGUE TURN NUM = 39.
[2025-10-16 12:17:03,113] [INFO] EXIT: 'MASPromptGenerator' calling 'persuasiveness_choice' (0.000377655029296875 secs).
[2025-10-16 12:17:04,786] [INFO] Completion returned and validated within 'PersuasivenessChoiceAgent'; MODEL = 'grok-4'; DIALOGUE TURN NUM = 39.
[2025-10-16 12:17:06,952] [INFO] Completion returned and validated within 'PersuasivenessChoiceAgent'; MODEL = 'grok-4'; DIALOGUE TURN NUM = 39.
[2025-10-16 12:17:11,080] [INFO] Completion returned and validated within 'PersuasivenessChoiceAgent'; MODEL = 'grok-4'; DIALOGUE TURN NUM = 39.
[2025-10-16 12:17:13,985] [INFO] Completion returned and validated within 'PersuasivenessChoiceAgent'; MODEL = 'grok-4'; DIALOGUE TURN NUM = 39.
[2025-10-16 12:17:19,513] [INFO] Completion returned and validated within 'PersuasivenessChoiceAgent'; MODEL = 'grok-4'; DIALOGUE TURN NUM = 39.
[2025-10-16 12:17:26,008] [INFO] Completion returned and validated within 'PersuasivenessChoiceAgent'; MODEL = 'grok-4'; DIALOGUE TURN NUM = 39.
[2025-10-16 12:17:28,452] [INFO] Completion returned and validated within 'PersuasivenessChoiceAgent'; MODEL = 'grok-4'; DIALOGUE TURN NUM = 39.
[2025-10-16 12:17:28,453] [INFO] ENTER: 'DisambiguationAgent' calling '_grouping_similar_utterance_types'; CURRENT SPEAKER: grok-4_mas_rag, DIALOGUE TURN NUM = 39.
[2025-10-16 12:17:28,453] [INFO] EXIT: 'DisambiguationAgent' calling '_grouping_similar_utterance_types' (1.8596649169921875e-05 secs).
[2025-10-16 12:17:28,453] [INFO] ENTER: 'DisambiguationAgent' calling '_identifying_similar_sentences_and_choosing_one_to_return_to_user'; CURRENT SPEAKER: grok-4_mas_rag, DIALOGUE TURN NUM = 39.
[2025-10-16 12:17:34,723] [INFO] 'DisambiguationAgent' grouped similar sentences, completion returned and validated; MODEL = 'grok-4'.
[2025-10-16 12:17:36,719] [INFO] 'DisambiguationAgent' chose sentences to remove, completion returned and validated from MODEL = 'grok-4'.
[2025-10-16 12:17:37,723] [INFO] 'DisambiguationAgent' chose sentences to remove, completion returned and validated from MODEL = 'grok-4'.
[2025-10-16 12:17:38,539] [INFO] 'DisambiguationAgent' chose sentences to remove, completion returned and validated from MODEL = 'grok-4'.
[2025-10-16 12:17:39,402] [INFO] 'DisambiguationAgent' chose sentences to remove, completion returned and validated from MODEL = 'grok-4'.
[2025-10-16 12:17:41,553] [INFO] 'DisambiguationAgent' chose sentences to remove, completion returned and validated from MODEL = 'grok-4'.
[2025-10-16 12:17:42,723] [INFO] 'DisambiguationAgent' chose sentences to remove, completion returned and validated from MODEL = 'grok-4'.
[2025-10-16 12:17:42,723] [INFO] EXIT: 'DisambiguationAgent' calling '_identifying_similar_sentences_and_choosing_one_to_return_to_user' (14.270322799682617 secs).
[2025-10-16 12:17:42,723] [INFO] ENTER: 'DisambiguationAgent' calling '_identifying_similar_sentences_and_choosing_one_to_return_to_user'; CURRENT SPEAKER: grok-4_mas_rag, DIALOGUE TURN NUM = 39.
[2025-10-16 12:17:52,144] [INFO] 'DisambiguationAgent' grouped similar sentences, completion returned and validated; MODEL = 'grok-4'.
[2025-10-16 12:17:53,274] [INFO] 'DisambiguationAgent' chose sentences to remove, completion returned and validated from MODEL = 'grok-4'.
[2025-10-16 12:17:54,603] [INFO] 'DisambiguationAgent' chose sentences to remove, completion returned and validated from MODEL = 'grok-4'.
[2025-10-16 12:17:55,672] [INFO] 'DisambiguationAgent' chose sentences to remove, completion returned and validated from MODEL = 'grok-4'.
[2025-10-16 12:17:55,672] [INFO] EXIT: 'DisambiguationAgent' calling '_identifying_similar_sentences_and_choosing_one_to_return_to_user' (12.949034452438354 secs).
[2025-10-16 12:17:55,672] [INFO] ENTER: 'DisambiguationAgent' calling '_removing_repetitive_sentences'; CURRENT SPEAKER: grok-4_mas_rag, DIALOGUE TURN NUM = 39.
[2025-10-16 12:17:55,673] [INFO] EXIT: 'DisambiguationAgent' calling '_removing_repetitive_sentences' (2.6941299438476562e-05 secs).
[2025-10-16 12:17:55,673] [INFO] ENTER: 'DisambiguationAgent' calling '_choose_the_most_persuasive_sentences'; CURRENT SPEAKER: grok-4_mas_rag, DIALOGUE TURN NUM = 39.
[2025-10-16 12:17:59,251] [INFO] 'DisambiguationAgent': reached maximum allowed sentences, succussfully chose most persuasive sentences, completion returned and validated from MODEL = 'grok-4'.
[2025-10-16 12:17:59,251] [INFO] EXIT: 'DisambiguationAgent' calling '_choose_the_most_persuasive_sentences' (3.5786428451538086 secs).
[2025-10-16 12:17:59,251] [INFO] ENTER: 'DisambiguationAgent' calling 'return_disambiguated_sentences'; CURRENT SPEAKER: grok-4_mas_rag, DIALOGUE TURN NUM = 39.
[2025-10-16 12:17:59,251] [INFO] EXIT: 'DisambiguationAgent' calling 'return_disambiguated_sentences' (2.6226043701171875e-06 secs).
[2025-10-16 12:17:59,252] [ERROR] Wrong state used; State of type HumanState; error message: dict has unexpected extra key(s): "graph_rag_examples", "intermediate_generations", "knowledge_base_ensemble_or_model_name", "model_seed", "model_temp", "model_top_p", "number_of_graph_rag_examples", "number_of_vector_based_rag_examples", "political_position_prob_of_na", "political_position_range", "political_position_std", "speaker_model_name", "speaker_type", "vector_based_persona_string", "vector_based_persona_sys_prompt"
[2025-10-16 12:17:59,252] [INFO] Correct state used; State of type GenerationAgentsState; 'IGNORE THE ABOVE ERRORS'.
[2025-10-16 12:17:59,947] [INFO] 'commitment_update' completed '___Claim___' update for current speaker's commitments; MODEL = 'grok-4'.
[2025-10-16 12:18:00,536] [INFO] 'commitment_update' completed '___Claim___' update for current speaker's commitments; MODEL = 'grok-4'.
[2025-10-16 12:18:01,139] [INFO] 'commitment_update' completed '___Since___' update; MODEL = 'grok-4'.
[2025-10-16 12:18:01,756] [INFO] Parent graph returned.
[2025-10-16 12:18:02,066] [INFO] WINNER: None; LOSER: None, REASON: {'reason': 'Maximum number of dialogue turns reached (40 dialogue turns).', 'utterance_type': None, 'utterance': None}
[2025-10-16 12:18:02,066] [INFO] DIALOGUE END: Session finished.
[2025-10-30 15:56:08,052] [INFO] Trying to create session grok-4_mas:l__vs__grok-4_mas_rag:r...
[2025-10-30 15:56:08,090] [INFO] DIALOGUE START: Parent graph invoked, waiting for Langgraph return state...
[2025-10-30 15:56:08,290] [INFO] ENTER: 'DialogueMoveGenerator' calling 'generate'; CURRENT SPEAKER: grok-4_mas, DIALOGUE TURN NUM = 0.
[2025-10-30 15:56:08,290] [INFO] ENTER: 'MASPromptGenerator' calling 'initial_llm_claim'; CURRENT SPEAKER: grok-4_mas, DIALOGUE TURN NUM = 0.
[2025-10-30 15:56:08,290] [INFO] EXIT: 'MASPromptGenerator' calling 'initial_llm_claim' (3.0994415283203125e-06 secs).
[2025-10-30 15:56:09,209] [INFO] Completion returned and validated from MODEL = 'grok-4'.
[2025-10-30 15:56:09,209] [INFO] EXIT: 'DialogueMoveGenerator' calling 'generate' (0.9191789627075195 secs).
[2025-10-30 15:56:09,210] [INFO] ENTER: 'MASPromptGenerator' calling 'persuasiveness_choice'; CURRENT SPEAKER: grok-4_mas, DIALOGUE TURN NUM = 0.
[2025-10-30 15:56:09,210] [INFO] EXIT: 'MASPromptGenerator' calling 'persuasiveness_choice' (9.298324584960938e-06 secs).
[2025-10-30 15:56:09,938] [INFO] Completion returned and validated within 'PersuasivenessChoiceAgent'; MODEL = 'grok-4'; DIALOGUE TURN NUM = 0.
[2025-10-30 15:56:09,939] [INFO] ENTER: 'DisambiguationAgent' calling 'return_disambiguated_sentences'; CURRENT SPEAKER: grok-4_mas, DIALOGUE TURN NUM = 0.
[2025-10-30 15:56:09,939] [INFO] EXIT: 'DisambiguationAgent' calling 'return_disambiguated_sentences' (4.5299530029296875e-06 secs).
[2025-10-30 15:56:09,940] [ERROR] Wrong state used; State of type HumanState; error message: dict has unexpected extra key(s): "graph_rag_examples", "intermediate_generations", "knowledge_base_ensemble_or_model_name", "model_seed", "model_temp", "model_top_p", "number_of_graph_rag_examples", "number_of_vector_based_rag_examples", "political_position_prob_of_na", "political_position_range", "political_position_std", "speaker_model_name", "speaker_type", "vector_based_persona_string", "vector_based_persona_sys_prompt"
[2025-10-30 15:56:09,940] [INFO] Correct state used; State of type GenerationAgentsState; 'IGNORE THE ABOVE ERRORS'.
[2025-10-30 15:56:10,683] [INFO] 'commitment_update' completed '___Claim___' update for current speaker's commitments; MODEL = 'grok-4'.
[2025-10-30 15:56:10,790] [INFO] ENTER: 'VectorBasedRAG' calling '_vector_based_examples'; CURRENT SPEAKER: grok-4_mas_rag, DIALOGUE TURN NUM = 1.
[2025-10-30 15:56:10,790] [INFO] ENTER: 'VectorBasedRAG' calling '_query_graph'; CURRENT SPEAKER: grok-4_mas_rag, DIALOGUE TURN NUM = 1.
[2025-10-30 15:56:10,863] [INFO] EXIT: 'VectorBasedRAG' calling '_query_graph' (0.07304024696350098 secs).
[2025-10-30 15:56:10,864] [INFO] EXIT: 'VectorBasedRAG' calling '_vector_based_examples' (0.07366609573364258 secs).
[2025-10-30 15:56:10,864] [INFO] ENTER: 'VectorBasedRAG' calling '_vector_based_examples'; CURRENT SPEAKER: grok-4_mas_rag, DIALOGUE TURN NUM = 1.
[2025-10-30 15:56:10,864] [INFO] ENTER: 'VectorBasedRAG' calling '_query_graph'; CURRENT SPEAKER: grok-4_mas_rag, DIALOGUE TURN NUM = 1.
[2025-10-30 15:56:10,919] [INFO] EXIT: 'VectorBasedRAG' calling '_query_graph' (0.05534219741821289 secs).
[2025-10-30 15:56:10,920] [INFO] EXIT: 'VectorBasedRAG' calling '_vector_based_examples' (0.05584383010864258 secs).
[2025-10-30 15:56:10,920] [INFO] ENTER: 'VectorBasedRAG' calling '_create_prompt'; CURRENT SPEAKER: grok-4_mas_rag, DIALOGUE TURN NUM = 1.
[2025-10-30 15:56:10,920] [INFO] EXIT: 'VectorBasedRAG' calling '_create_prompt' (1.1444091796875e-05 secs).
[2025-10-30 15:56:10,920] [INFO] ENTER: 'VectorBasedRAG' calling '_generate_completion'; CURRENT SPEAKER: grok-4_mas_rag, DIALOGUE TURN NUM = 1.
[2025-10-30 15:56:16,135] [INFO] 'VectorBasedRAG' agent persona completion returned and validated; MODEL = 'grok-4'.
[2025-10-30 15:56:16,135] [INFO] EXIT: 'VectorBasedRAG' calling '_generate_completion' (5.215432167053223 secs).
[2025-10-30 15:56:16,135] [INFO] ENTER: 'VectorBasedRAG' calling 'persona_string'; CURRENT SPEAKER: grok-4_mas_rag, DIALOGUE TURN NUM = 1.
[2025-10-30 15:56:16,135] [INFO] 'VectorBasedRAG' agent persona string generated; MODEL = 'grok-4'.
[2025-10-30 15:56:16,135] [INFO] EXIT: 'VectorBasedRAG' calling 'persona_string' (5.1021575927734375e-05 secs).
[2025-10-30 15:56:16,136] [ERROR] Wrong state used; State of type HumanState; error message: dict has unexpected extra key(s): "graph_rag_examples", "intermediate_generations", "knowledge_base_ensemble_or_model_name", "model_seed", "model_temp", "model_top_p", "number_of_graph_rag_examples", "number_of_vector_based_rag_examples", "political_position_prob_of_na", "political_position_range", "political_position_std", "speaker_model_name", "speaker_type", "vector_based_persona_string", "vector_based_persona_sys_prompt"
[2025-10-30 15:56:16,136] [INFO] Correct state used; State of type GenerationAgentsState; 'IGNORE THE ABOVE ERRORS'.
[2025-10-30 15:56:16,136] [INFO] ENTER: 'UtteranceClassificationAgent' calling '_classify_sentence_utterance_types'; CURRENT SPEAKER: grok-4_mas_rag, DIALOGUE TURN NUM = 1.
[2025-10-30 15:56:16,677] [INFO] 'UtteranceClassificationAgent' completion returned and validated from MODEL = 'ModelName.GROK_4'.
[2025-10-30 15:56:16,678] [INFO] EXIT: 'UtteranceClassificationAgent' calling '_classify_sentence_utterance_types' (0.5413312911987305 secs).
[2025-10-30 15:56:16,678] [INFO] ENTER: 'UtteranceClassificationAgent' calling 'return_classified_sentences'; CURRENT SPEAKER: grok-4_mas_rag, DIALOGUE TURN NUM = 1.
[2025-10-30 15:56:16,678] [INFO] EXIT: 'UtteranceClassificationAgent' calling 'return_classified_sentences' (1.430511474609375e-06 secs).
[2025-10-30 15:56:16,696] [INFO] ENTER: 'GraphRAG' calling 'why'; CURRENT SPEAKER: grok-4_mas_rag, DIALOGUE TURN NUM = 1.
[2025-10-30 15:56:16,697] [INFO] ENTER: 'GraphRAG' calling 'query_graph'; CURRENT SPEAKER: grok-4_mas_rag, DIALOGUE TURN NUM = 1.
[2025-10-30 15:56:17,414] [INFO] EXIT: 'GraphRAG' calling 'query_graph' (0.7169578075408936 secs).
[2025-10-30 15:56:17,414] [INFO] EXIT: 'GraphRAG' calling 'why' (0.7173216342926025 secs).
[2025-10-30 15:56:17,414] [INFO] ENTER: 'GraphRAG' calling 'claim_negation'; CURRENT SPEAKER: grok-4_mas_rag, DIALOGUE TURN NUM = 1.
[2025-10-30 15:56:17,414] [INFO] ENTER: 'GraphRAG' calling 'query_graph'; CURRENT SPEAKER: grok-4_mas_rag, DIALOGUE TURN NUM = 1.
[2025-10-30 15:56:18,104] [INFO] EXIT: 'GraphRAG' calling 'query_graph' (0.690382719039917 secs).
[2025-10-30 15:56:18,105] [INFO] EXIT: 'GraphRAG' calling 'claim_negation' (0.690760612487793 secs).
[2025-10-30 15:56:18,105] [INFO] ENTER: 'GraphRAG' calling 'concede'; CURRENT SPEAKER: grok-4_mas_rag, DIALOGUE TURN NUM = 1.
[2025-10-30 15:56:18,105] [INFO] ENTER: 'GraphRAG' calling 'query_graph'; CURRENT SPEAKER: grok-4_mas_rag, DIALOGUE TURN NUM = 1.
[2025-10-30 15:56:18,824] [INFO] EXIT: 'GraphRAG' calling 'query_graph' (0.7195193767547607 secs).
[2025-10-30 15:56:18,824] [INFO] EXIT: 'GraphRAG' calling 'concede' (0.7198617458343506 secs).
[2025-10-30 15:56:18,824] [INFO] ENTER: 'GraphRAG' calling 'question'; CURRENT SPEAKER: grok-4_mas_rag, DIALOGUE TURN NUM = 1.
[2025-10-30 15:56:18,825] [INFO] ENTER: 'GraphRAG' calling 'query_graph'; CURRENT SPEAKER: grok-4_mas_rag, DIALOGUE TURN NUM = 1.
[2025-10-30 15:56:18,953] [INFO] EXIT: 'GraphRAG' calling 'query_graph' (0.12851405143737793 secs).
[2025-10-30 15:56:18,953] [INFO] EXIT: 'GraphRAG' calling 'question' (0.12888312339782715 secs).
[2025-10-30 15:56:18,953] [INFO] ENTER: 'GraphRAG' calling 'return_rag_examples'; CURRENT SPEAKER: grok-4_mas_rag, DIALOGUE TURN NUM = 1.
[2025-10-30 15:56:18,953] [INFO] EXIT: 'GraphRAG' calling 'return_rag_examples' (2.6226043701171875e-06 secs).
[2025-10-30 15:56:18,956] [INFO] ENTER: 'DialogueMoveGenerator' calling 'generate'; CURRENT SPEAKER: grok-4_mas_rag, DIALOGUE TURN NUM = 1.
[2025-10-30 15:56:18,956] [INFO] ENTER: 'DialogueMoveGenerator' calling 'generate'; CURRENT SPEAKER: grok-4_mas_rag, DIALOGUE TURN NUM = 1.
[2025-10-30 15:56:18,957] [INFO] ENTER: 'DialogueMoveGenerator' calling 'generate'; CURRENT SPEAKER: grok-4_mas_rag, DIALOGUE TURN NUM = 1.
[2025-10-30 15:56:18,957] [INFO] ENTER: 'MASPromptGenerator' calling 'claim_negation'; CURRENT SPEAKER: grok-4_mas_rag, DIALOGUE TURN NUM = 1.
[2025-10-30 15:56:18,957] [INFO] ENTER: 'DialogueMoveGenerator' calling 'generate'; CURRENT SPEAKER: grok-4_mas_rag, DIALOGUE TURN NUM = 1.
[2025-10-30 15:56:18,957] [INFO] ENTER: 'MASPromptGenerator' calling 'concede_claim'; CURRENT SPEAKER: grok-4_mas_rag, DIALOGUE TURN NUM = 1.
[2025-10-30 15:56:18,958] [INFO] ENTER: 'MASPromptGenerator' calling 'question_claim'; CURRENT SPEAKER: grok-4_mas_rag, DIALOGUE TURN NUM = 1.
[2025-10-30 15:56:18,958] [INFO] EXIT: 'MASPromptGenerator' calling 'claim_negation' (2.4080276489257812e-05 secs).
[2025-10-30 15:56:18,958] [INFO] ENTER: 'MASPromptGenerator' calling 'why_claim'; CURRENT SPEAKER: grok-4_mas_rag, DIALOGUE TURN NUM = 1.
[2025-10-30 15:56:18,959] [INFO] EXIT: 'MASPromptGenerator' calling 'concede_claim' (2.6941299438476562e-05 secs).
[2025-10-30 15:56:18,959] [INFO] EXIT: 'MASPromptGenerator' calling 'question_claim' (1.9550323486328125e-05 secs).
[2025-10-30 15:56:18,959] [INFO] EXIT: 'MASPromptGenerator' calling 'why_claim' (1.4543533325195312e-05 secs).
[2025-10-30 15:56:20,172] [INFO] Completion returned and validated from MODEL = 'grok-4'.
[2025-10-30 15:56:20,172] [INFO] EXIT: 'DialogueMoveGenerator' calling 'generate' (1.2148199081420898 secs).
[2025-10-30 15:56:20,229] [INFO] Completion returned and validated from MODEL = 'grok-4'.
[2025-10-30 15:56:20,229] [INFO] EXIT: 'DialogueMoveGenerator' calling 'generate' (1.2721822261810303 secs).
[2025-10-30 15:56:20,237] [INFO] Completion returned and validated from MODEL = 'grok-4'.
[2025-10-30 15:56:20,237] [INFO] EXIT: 'DialogueMoveGenerator' calling 'generate' (1.2789316177368164 secs).
[2025-10-30 15:56:20,239] [INFO] Completion returned and validated from MODEL = 'grok-4'.
[2025-10-30 15:56:20,239] [INFO] EXIT: 'DialogueMoveGenerator' calling 'generate' (1.281451940536499 secs).
[2025-10-30 15:56:20,240] [INFO] ENTER: 'MASPromptGenerator' calling 'persuasiveness_choice'; CURRENT SPEAKER: grok-4_mas_rag, DIALOGUE TURN NUM = 1.
[2025-10-30 15:56:20,240] [INFO] EXIT: 'MASPromptGenerator' calling 'persuasiveness_choice' (3.1948089599609375e-05 secs).
[2025-10-30 15:56:21,412] [INFO] Completion returned and validated within 'PersuasivenessChoiceAgent'; MODEL = 'grok-4'; DIALOGUE TURN NUM = 1.
[2025-10-30 15:56:21,413] [INFO] ENTER: 'DisambiguationAgent' calling '_grouping_similar_utterance_types'; CURRENT SPEAKER: grok-4_mas_rag, DIALOGUE TURN NUM = 1.
[2025-10-30 15:56:21,413] [INFO] EXIT: 'DisambiguationAgent' calling '_grouping_similar_utterance_types' (4.291534423828125e-06 secs).
[2025-10-30 15:56:21,413] [INFO] ENTER: 'DisambiguationAgent' calling '_identifying_similar_sentences_and_choosing_one_to_return_to_user'; CURRENT SPEAKER: grok-4_mas_rag, DIALOGUE TURN NUM = 1.
[2025-10-30 15:56:22,626] [INFO] 'DisambiguationAgent' grouped similar sentences, completion returned and validated; MODEL = 'grok-4'.
[2025-10-30 15:56:23,375] [INFO] 'DisambiguationAgent' chose sentences to remove, completion returned and validated from MODEL = 'grok-4'.
[2025-10-30 15:56:23,375] [INFO] EXIT: 'DisambiguationAgent' calling '_identifying_similar_sentences_and_choosing_one_to_return_to_user' (1.9622416496276855 secs).
[2025-10-30 15:56:23,375] [INFO] ENTER: 'DisambiguationAgent' calling '_removing_repetitive_sentences'; CURRENT SPEAKER: grok-4_mas_rag, DIALOGUE TURN NUM = 1.
[2025-10-30 15:56:23,375] [INFO] EXIT: 'DisambiguationAgent' calling '_removing_repetitive_sentences' (5.9604644775390625e-06 secs).
[2025-10-30 15:56:23,375] [INFO] ENTER: 'DisambiguationAgent' calling 'return_disambiguated_sentences'; CURRENT SPEAKER: grok-4_mas_rag, DIALOGUE TURN NUM = 1.
[2025-10-30 15:56:23,375] [INFO] EXIT: 'DisambiguationAgent' calling 'return_disambiguated_sentences' (1.6689300537109375e-06 secs).
[2025-10-30 15:56:23,375] [ERROR] Wrong state used; State of type HumanState; error message: dict has unexpected extra key(s): "graph_rag_examples", "intermediate_generations", "knowledge_base_ensemble_or_model_name", "model_seed", "model_temp", "model_top_p", "number_of_graph_rag_examples", "number_of_vector_based_rag_examples", "political_position_prob_of_na", "political_position_range", "political_position_std", "speaker_model_name", "speaker_type", "vector_based_persona_string", "vector_based_persona_sys_prompt"
[2025-10-30 15:56:23,376] [INFO] Correct state used; State of type GenerationAgentsState; 'IGNORE THE ABOVE ERRORS'.
[2025-10-30 15:56:23,920] [INFO] 'commitment_update' completed '___Claim___' update for current speaker's commitments; MODEL = 'grok-4'.
[2025-10-30 15:56:24,473] [INFO] 'commitment_update' completed '___Claim___' update for current speaker's commitments; MODEL = 'grok-4'.
[2025-10-30 15:56:24,545] [ERROR] Wrong state used; State of type HumanState; error message: dict has unexpected extra key(s): "graph_rag_examples", "intermediate_generations", "knowledge_base_ensemble_or_model_name", "model_seed", "model_temp", "model_top_p", "number_of_graph_rag_examples", "number_of_vector_based_rag_examples", "political_position_prob_of_na", "political_position_range", "political_position_std", "speaker_model_name", "speaker_type", "vector_based_persona_string", "vector_based_persona_sys_prompt"
[2025-10-30 15:56:24,545] [INFO] Correct state used; State of type GenerationAgentsState; 'IGNORE THE ABOVE ERRORS'.
[2025-10-30 15:56:24,545] [INFO] ENTER: 'UtteranceClassificationAgent' calling '_classify_sentence_utterance_types'; CURRENT SPEAKER: grok-4_mas, DIALOGUE TURN NUM = 2.
[2025-10-30 15:56:25,125] [INFO] 'UtteranceClassificationAgent' completion returned and validated from MODEL = 'ModelName.GROK_4'.
[2025-10-30 15:56:25,660] [INFO] 'UtteranceClassificationAgent' completion returned and validated from MODEL = 'ModelName.GROK_4'.
[2025-10-30 15:56:25,660] [INFO] EXIT: 'UtteranceClassificationAgent' calling '_classify_sentence_utterance_types' (1.114732265472412 secs).
[2025-10-30 15:56:25,660] [INFO] ENTER: 'UtteranceClassificationAgent' calling 'return_classified_sentences'; CURRENT SPEAKER: grok-4_mas, DIALOGUE TURN NUM = 2.
[2025-10-30 15:56:25,660] [INFO] EXIT: 'UtteranceClassificationAgent' calling 'return_classified_sentences' (1.9073486328125e-06 secs).
[2025-10-30 15:56:25,662] [INFO] ENTER: 'DialogueMoveGenerator' calling 'generate'; CURRENT SPEAKER: grok-4_mas, DIALOGUE TURN NUM = 2.
[2025-10-30 15:56:25,662] [INFO] ENTER: 'MASPromptGenerator' calling 'claim_negation'; CURRENT SPEAKER: grok-4_mas, DIALOGUE TURN NUM = 2.
[2025-10-30 15:56:25,663] [INFO] EXIT: 'MASPromptGenerator' calling 'claim_negation' (2.3126602172851562e-05 secs).
[2025-10-30 15:56:25,663] [INFO] ENTER: 'DialogueMoveGenerator' calling 'generate'; CURRENT SPEAKER: grok-4_mas, DIALOGUE TURN NUM = 2.
[2025-10-30 15:56:25,663] [INFO] ENTER: 'MASPromptGenerator' calling 'concede_claim'; CURRENT SPEAKER: grok-4_mas, DIALOGUE TURN NUM = 2.
[2025-10-30 15:56:25,663] [INFO] EXIT: 'MASPromptGenerator' calling 'concede_claim' (1.52587890625e-05 secs).
[2025-10-30 15:56:25,666] [INFO] ENTER: 'DialogueMoveGenerator' calling 'generate'; CURRENT SPEAKER: grok-4_mas, DIALOGUE TURN NUM = 2.
[2025-10-30 15:56:25,667] [INFO] ENTER: 'MASPromptGenerator' calling 'question_claim'; CURRENT SPEAKER: grok-4_mas, DIALOGUE TURN NUM = 2.
[2025-10-30 15:56:25,667] [INFO] EXIT: 'MASPromptGenerator' calling 'question_claim' (2.193450927734375e-05 secs).
[2025-10-30 15:56:25,667] [INFO] ENTER: 'DialogueMoveGenerator' calling 'generate'; CURRENT SPEAKER: grok-4_mas, DIALOGUE TURN NUM = 2.
[2025-10-30 15:56:25,667] [INFO] ENTER: 'MASPromptGenerator' calling 'why_claim'; CURRENT SPEAKER: grok-4_mas, DIALOGUE TURN NUM = 2.
[2025-10-30 15:56:25,667] [INFO] EXIT: 'MASPromptGenerator' calling 'why_claim' (1.7404556274414062e-05 secs).
[2025-10-30 15:56:26,947] [INFO] Completion returned and validated from MODEL = 'grok-4'.
[2025-10-30 15:56:26,960] [INFO] Completion returned and validated from MODEL = 'grok-4'.
[2025-10-30 15:56:27,010] [INFO] Completion returned and validated from MODEL = 'grok-4'.
[2025-10-30 15:56:27,044] [INFO] Completion returned and validated from MODEL = 'grok-4'.
[2025-10-30 15:56:28,143] [INFO] Completion returned and validated from MODEL = 'grok-4'.
[2025-10-30 15:56:28,143] [INFO] EXIT: 'DialogueMoveGenerator' calling 'generate' (2.4800798892974854 secs).
[2025-10-30 15:56:28,305] [INFO] Completion returned and validated from MODEL = 'grok-4'.
[2025-10-30 15:56:28,305] [INFO] EXIT: 'DialogueMoveGenerator' calling 'generate' (2.6377477645874023 secs).
[2025-10-30 15:56:28,403] [INFO] Completion returned and validated from MODEL = 'grok-4'.
[2025-10-30 15:56:28,404] [INFO] EXIT: 'DialogueMoveGenerator' calling 'generate' (2.737029790878296 secs).
[2025-10-30 15:56:28,601] [INFO] Completion returned and validated from MODEL = 'grok-4'.
[2025-10-30 15:56:28,601] [INFO] EXIT: 'DialogueMoveGenerator' calling 'generate' (2.9384284019470215 secs).
[2025-10-30 15:56:28,602] [INFO] ENTER: 'MASPromptGenerator' calling 'persuasiveness_choice'; CURRENT SPEAKER: grok-4_mas, DIALOGUE TURN NUM = 2.
[2025-10-30 15:56:28,602] [INFO] EXIT: 'MASPromptGenerator' calling 'persuasiveness_choice' (6.151199340820312e-05 secs).
[2025-10-30 15:56:29,765] [INFO] Completion returned and validated within 'PersuasivenessChoiceAgent'; MODEL = 'grok-4'; DIALOGUE TURN NUM = 2.
[2025-10-30 15:56:31,126] [INFO] Completion returned and validated within 'PersuasivenessChoiceAgent'; MODEL = 'grok-4'; DIALOGUE TURN NUM = 2.
[2025-10-30 15:56:31,127] [INFO] ENTER: 'DisambiguationAgent' calling '_grouping_similar_utterance_types'; CURRENT SPEAKER: grok-4_mas, DIALOGUE TURN NUM = 2.
[2025-10-30 15:56:31,127] [INFO] EXIT: 'DisambiguationAgent' calling '_grouping_similar_utterance_types' (4.5299530029296875e-06 secs).
[2025-10-30 15:56:31,127] [INFO] ENTER: 'DisambiguationAgent' calling '_identifying_similar_sentences_and_choosing_one_to_return_to_user'; CURRENT SPEAKER: grok-4_mas, DIALOGUE TURN NUM = 2.
[2025-10-30 15:56:32,589] [INFO] 'DisambiguationAgent' grouped similar sentences, completion returned and validated; MODEL = 'grok-4'.
[2025-10-30 15:56:33,388] [INFO] 'DisambiguationAgent' chose sentences to remove, completion returned and validated from MODEL = 'grok-4'.
[2025-10-30 15:56:33,388] [INFO] EXIT: 'DisambiguationAgent' calling '_identifying_similar_sentences_and_choosing_one_to_return_to_user' (2.261423349380493 secs).
[2025-10-30 15:56:33,388] [INFO] ENTER: 'DisambiguationAgent' calling '_removing_repetitive_sentences'; CURRENT SPEAKER: grok-4_mas, DIALOGUE TURN NUM = 2.
[2025-10-30 15:56:33,388] [INFO] EXIT: 'DisambiguationAgent' calling '_removing_repetitive_sentences' (6.4373016357421875e-06 secs).
[2025-10-30 15:56:33,388] [INFO] ENTER: 'DisambiguationAgent' calling 'return_disambiguated_sentences'; CURRENT SPEAKER: grok-4_mas, DIALOGUE TURN NUM = 2.
[2025-10-30 15:56:33,388] [INFO] EXIT: 'DisambiguationAgent' calling 'return_disambiguated_sentences' (1.6689300537109375e-06 secs).
[2025-10-30 15:56:33,389] [ERROR] Wrong state used; State of type HumanState; error message: dict has unexpected extra key(s): "graph_rag_examples", "intermediate_generations", "knowledge_base_ensemble_or_model_name", "model_seed", "model_temp", "model_top_p", "number_of_graph_rag_examples", "number_of_vector_based_rag_examples", "political_position_prob_of_na", "political_position_range", "political_position_std", "speaker_model_name", "speaker_type", "vector_based_persona_string", "vector_based_persona_sys_prompt"
[2025-10-30 15:56:33,389] [INFO] Correct state used; State of type GenerationAgentsState; 'IGNORE THE ABOVE ERRORS'.
[2025-10-30 15:56:33,907] [INFO] 'commitment_update' completed '___Claim___' update for current speaker's commitments; MODEL = 'grok-4'.
[2025-10-30 15:56:34,055] [ERROR] Wrong state used; State of type HumanState; error message: dict has unexpected extra key(s): "graph_rag_examples", "intermediate_generations", "knowledge_base_ensemble_or_model_name", "model_seed", "model_temp", "model_top_p", "number_of_graph_rag_examples", "number_of_vector_based_rag_examples", "political_position_prob_of_na", "political_position_range", "political_position_std", "speaker_model_name", "speaker_type", "vector_based_persona_string", "vector_based_persona_sys_prompt"
[2025-10-30 15:56:34,055] [INFO] Correct state used; State of type GenerationAgentsState; 'IGNORE THE ABOVE ERRORS'.
[2025-10-30 15:56:34,055] [INFO] ENTER: 'UtteranceClassificationAgent' calling '_classify_sentence_utterance_types'; CURRENT SPEAKER: grok-4_mas_rag, DIALOGUE TURN NUM = 3.
[2025-10-30 15:56:34,594] [INFO] 'UtteranceClassificationAgent' completion returned and validated from MODEL = 'ModelName.GROK_4'.
[2025-10-30 15:56:34,594] [INFO] EXIT: 'UtteranceClassificationAgent' calling '_classify_sentence_utterance_types' (0.5393059253692627 secs).
[2025-10-30 15:56:34,594] [INFO] ENTER: 'UtteranceClassificationAgent' calling 'return_classified_sentences'; CURRENT SPEAKER: grok-4_mas_rag, DIALOGUE TURN NUM = 3.
[2025-10-30 15:56:34,594] [INFO] EXIT: 'UtteranceClassificationAgent' calling 'return_classified_sentences' (1.430511474609375e-06 secs).
[2025-10-30 15:56:34,614] [INFO] ENTER: 'GraphRAG' calling 'why'; CURRENT SPEAKER: grok-4_mas_rag, DIALOGUE TURN NUM = 3.
[2025-10-30 15:56:34,614] [INFO] ENTER: 'GraphRAG' calling 'query_graph'; CURRENT SPEAKER: grok-4_mas_rag, DIALOGUE TURN NUM = 3.
[2025-10-30 15:56:35,378] [INFO] EXIT: 'GraphRAG' calling 'query_graph' (0.763139009475708 secs).
[2025-10-30 15:56:35,378] [INFO] EXIT: 'GraphRAG' calling 'why' (0.763542652130127 secs).
[2025-10-30 15:56:35,378] [INFO] ENTER: 'GraphRAG' calling 'concede'; CURRENT SPEAKER: grok-4_mas_rag, DIALOGUE TURN NUM = 3.
[2025-10-30 15:56:35,378] [INFO] ENTER: 'GraphRAG' calling 'query_graph'; CURRENT SPEAKER: grok-4_mas_rag, DIALOGUE TURN NUM = 3.
[2025-10-30 15:56:36,097] [INFO] EXIT: 'GraphRAG' calling 'query_graph' (0.7193741798400879 secs).
[2025-10-30 15:56:36,097] [INFO] EXIT: 'GraphRAG' calling 'concede' (0.7197437286376953 secs).
[2025-10-30 15:56:36,097] [INFO] ENTER: 'GraphRAG' calling 'question'; CURRENT SPEAKER: grok-4_mas_rag, DIALOGUE TURN NUM = 3.
[2025-10-30 15:56:36,098] [INFO] ENTER: 'GraphRAG' calling 'query_graph'; CURRENT SPEAKER: grok-4_mas_rag, DIALOGUE TURN NUM = 3.
[2025-10-30 15:56:36,793] [INFO] EXIT: 'GraphRAG' calling 'query_graph' (0.695439338684082 secs).
[2025-10-30 15:56:36,793] [INFO] EXIT: 'GraphRAG' calling 'question' (0.6958620548248291 secs).
[2025-10-30 15:56:36,793] [INFO] ENTER: 'GraphRAG' calling 'return_rag_examples'; CURRENT SPEAKER: grok-4_mas_rag, DIALOGUE TURN NUM = 3.
[2025-10-30 15:56:36,793] [INFO] EXIT: 'GraphRAG' calling 'return_rag_examples' (2.384185791015625e-06 secs).
[2025-10-30 15:56:36,796] [INFO] ENTER: 'DialogueMoveGenerator' calling 'generate'; CURRENT SPEAKER: grok-4_mas_rag, DIALOGUE TURN NUM = 3.
[2025-10-30 15:56:36,796] [INFO] ENTER: 'MASPromptGenerator' calling 'concede_claim'; CURRENT SPEAKER: grok-4_mas_rag, DIALOGUE TURN NUM = 3.
[2025-10-30 15:56:36,796] [INFO] EXIT: 'MASPromptGenerator' calling 'concede_claim' (2.6464462280273438e-05 secs).
[2025-10-30 15:56:36,796] [INFO] ENTER: 'DialogueMoveGenerator' calling 'generate'; CURRENT SPEAKER: grok-4_mas_rag, DIALOGUE TURN NUM = 3.
[2025-10-30 15:56:36,797] [INFO] ENTER: 'MASPromptGenerator' calling 'question_claim'; CURRENT SPEAKER: grok-4_mas_rag, DIALOGUE TURN NUM = 3.
[2025-10-30 15:56:36,797] [INFO] EXIT: 'MASPromptGenerator' calling 'question_claim' (2.6702880859375e-05 secs).
[2025-10-30 15:56:36,797] [INFO] ENTER: 'DialogueMoveGenerator' calling 'generate'; CURRENT SPEAKER: grok-4_mas_rag, DIALOGUE TURN NUM = 3.
[2025-10-30 15:56:36,797] [INFO] ENTER: 'MASPromptGenerator' calling 'why_claim'; CURRENT SPEAKER: grok-4_mas_rag, DIALOGUE TURN NUM = 3.
[2025-10-30 15:56:36,798] [INFO] EXIT: 'MASPromptGenerator' calling 'why_claim' (1.9788742065429688e-05 secs).
[2025-10-30 15:56:38,040] [INFO] Completion returned and validated from MODEL = 'grok-4'.
[2025-10-30 15:56:38,040] [INFO] EXIT: 'DialogueMoveGenerator' calling 'generate' (1.2425692081451416 secs).
[2025-10-30 15:56:38,107] [INFO] Completion returned and validated from MODEL = 'grok-4'.
[2025-10-30 15:56:38,107] [INFO] EXIT: 'DialogueMoveGenerator' calling 'generate' (1.311244010925293 secs).
[2025-10-30 15:56:38,191] [INFO] Completion returned and validated from MODEL = 'grok-4'.
[2025-10-30 15:56:38,191] [INFO] EXIT: 'DialogueMoveGenerator' calling 'generate' (1.3941924571990967 secs).
[2025-10-30 15:56:38,192] [INFO] ENTER: 'MASPromptGenerator' calling 'persuasiveness_choice'; CURRENT SPEAKER: grok-4_mas_rag, DIALOGUE TURN NUM = 3.
[2025-10-30 15:56:38,192] [INFO] EXIT: 'MASPromptGenerator' calling 'persuasiveness_choice' (3.24249267578125e-05 secs).
[2025-10-30 15:56:39,338] [INFO] Completion returned and validated within 'PersuasivenessChoiceAgent'; MODEL = 'grok-4'; DIALOGUE TURN NUM = 3.
[2025-10-30 15:56:39,338] [INFO] ENTER: 'DisambiguationAgent' calling '_grouping_similar_utterance_types'; CURRENT SPEAKER: grok-4_mas_rag, DIALOGUE TURN NUM = 3.
[2025-10-30 15:56:39,338] [INFO] EXIT: 'DisambiguationAgent' calling '_grouping_similar_utterance_types' (5.0067901611328125e-06 secs).
[2025-10-30 15:56:39,338] [INFO] ENTER: 'DisambiguationAgent' calling '_identifying_similar_sentences_and_choosing_one_to_return_to_user'; CURRENT SPEAKER: grok-4_mas_rag, DIALOGUE TURN NUM = 3.
[2025-10-30 15:56:41,460] [ERROR] 'DisambiguationAgent' could not group similar sentences, completion not validated; MODEL = 'grok-4'; 
 REASON: 

 1 validation error for SimilarSentencesResponse
  Invalid JSON: trailing characters at line 3 column 1 [type=json_invalid, input_value='{"ListOfSimilarSentences...lting in an empty list.', input_type=str]
    For further information visit https://errors.pydantic.dev/2.12/v/json_invalid
[2025-11-04 17:06:28,027] [INFO] Trying to create session grok-4_mas:l__vs__grok-4_mas_rag:r...
[2025-11-04 17:06:28,048] [INFO] DIALOGUE START: Parent graph invoked, waiting for Langgraph return state...
[2025-11-04 17:06:28,100] [INFO] ENTER: 'DialogueMoveGenerator' calling 'generate'; CURRENT SPEAKER: grok-4_mas, DIALOGUE TURN NUM = 0.
[2025-11-04 17:06:28,100] [INFO] ENTER: 'MASPromptGenerator' calling 'initial_llm_claim'; CURRENT SPEAKER: grok-4_mas, DIALOGUE TURN NUM = 0.
[2025-11-04 17:06:28,100] [INFO] EXIT: 'MASPromptGenerator' calling 'initial_llm_claim' (3.5762786865234375e-06 secs).
[2025-11-04 17:06:28,874] [INFO] Completion returned and validated from MODEL = 'grok-4'.
[2025-11-04 17:06:28,874] [INFO] EXIT: 'DialogueMoveGenerator' calling 'generate' (0.7744309902191162 secs).
[2025-11-04 17:06:28,875] [INFO] ENTER: 'MASPromptGenerator' calling 'persuasiveness_choice'; CURRENT SPEAKER: grok-4_mas, DIALOGUE TURN NUM = 0.
[2025-11-04 17:06:28,875] [INFO] EXIT: 'MASPromptGenerator' calling 'persuasiveness_choice' (1.0728836059570312e-05 secs).
[2025-11-04 17:06:29,373] [INFO] Completion returned and validated within 'PersuasivenessChoiceAgent'; MODEL = 'grok-4'; DIALOGUE TURN NUM = 0.
[2025-11-04 17:06:29,373] [INFO] ENTER: 'DisambiguationAgent' calling 'return_disambiguated_sentences'; CURRENT SPEAKER: grok-4_mas, DIALOGUE TURN NUM = 0.
[2025-11-04 17:06:29,373] [INFO] EXIT: 'DisambiguationAgent' calling 'return_disambiguated_sentences' (2.6226043701171875e-06 secs).
[2025-11-04 17:06:29,374] [ERROR] Wrong state used; State of type HumanState; error message: dict has unexpected extra key(s): "graph_rag_examples", "intermediate_generations", "knowledge_base_ensemble_or_model_name", "model_seed", "model_temp", "model_top_p", "number_of_graph_rag_examples", "number_of_vector_based_rag_examples", "political_position_prob_of_na", "political_position_range", "political_position_std", "speaker_model_name", "speaker_type", "vector_based_persona_string", "vector_based_persona_sys_prompt"
[2025-11-04 17:06:29,374] [INFO] Correct state used; State of type GenerationAgentsState; 'IGNORE THE ABOVE ERRORS'.
[2025-11-04 17:06:29,656] [INFO] 'commitment_update' completed '___Claim___' update for current speaker's commitments; MODEL = 'grok-4'.
[2025-11-04 17:06:29,754] [INFO] ENTER: 'VectorBasedRAG' calling '_vector_based_examples'; CURRENT SPEAKER: grok-4_mas_rag, DIALOGUE TURN NUM = 1.
[2025-11-04 17:06:29,754] [INFO] ENTER: 'VectorBasedRAG' calling '_query_graph'; CURRENT SPEAKER: grok-4_mas_rag, DIALOGUE TURN NUM = 1.
[2025-11-04 17:06:29,815] [INFO] EXIT: 'VectorBasedRAG' calling '_query_graph' (0.06020784378051758 secs).
[2025-11-04 17:06:29,815] [INFO] EXIT: 'VectorBasedRAG' calling '_vector_based_examples' (0.06080055236816406 secs).
[2025-11-04 17:06:29,815] [INFO] ENTER: 'VectorBasedRAG' calling '_vector_based_examples'; CURRENT SPEAKER: grok-4_mas_rag, DIALOGUE TURN NUM = 1.
[2025-11-04 17:06:29,815] [INFO] ENTER: 'VectorBasedRAG' calling '_query_graph'; CURRENT SPEAKER: grok-4_mas_rag, DIALOGUE TURN NUM = 1.
[2025-11-04 17:06:29,872] [INFO] EXIT: 'VectorBasedRAG' calling '_query_graph' (0.05665993690490723 secs).
[2025-11-04 17:06:29,872] [INFO] EXIT: 'VectorBasedRAG' calling '_vector_based_examples' (0.05718803405761719 secs).
[2025-11-04 17:06:29,872] [INFO] ENTER: 'VectorBasedRAG' calling '_create_prompt'; CURRENT SPEAKER: grok-4_mas_rag, DIALOGUE TURN NUM = 1.
[2025-11-04 17:06:29,872] [INFO] EXIT: 'VectorBasedRAG' calling '_create_prompt' (1.3589859008789062e-05 secs).
[2025-11-04 17:06:29,872] [INFO] ENTER: 'VectorBasedRAG' calling '_generate_completion'; CURRENT SPEAKER: grok-4_mas_rag, DIALOGUE TURN NUM = 1.
[2025-11-04 17:06:35,659] [INFO] 'VectorBasedRAG' agent persona completion returned and validated; MODEL = 'grok-4'.
[2025-11-04 17:06:35,659] [INFO] EXIT: 'VectorBasedRAG' calling '_generate_completion' (5.7868194580078125 secs).
[2025-11-04 17:06:35,659] [INFO] ENTER: 'VectorBasedRAG' calling 'persona_string'; CURRENT SPEAKER: grok-4_mas_rag, DIALOGUE TURN NUM = 1.
[2025-11-04 17:06:35,659] [INFO] 'VectorBasedRAG' agent persona string generated; MODEL = 'grok-4'.
[2025-11-04 17:06:35,659] [INFO] EXIT: 'VectorBasedRAG' calling 'persona_string' (5.4836273193359375e-05 secs).
[2025-11-04 17:06:35,660] [ERROR] Wrong state used; State of type HumanState; error message: dict has unexpected extra key(s): "graph_rag_examples", "intermediate_generations", "knowledge_base_ensemble_or_model_name", "model_seed", "model_temp", "model_top_p", "number_of_graph_rag_examples", "number_of_vector_based_rag_examples", "political_position_prob_of_na", "political_position_range", "political_position_std", "speaker_model_name", "speaker_type", "vector_based_persona_string", "vector_based_persona_sys_prompt"
[2025-11-04 17:06:35,660] [INFO] Correct state used; State of type GenerationAgentsState; 'IGNORE THE ABOVE ERRORS'.
[2025-11-04 17:06:35,660] [INFO] ENTER: 'UtteranceClassificationAgent' calling '_classify_sentence_utterance_types'; CURRENT SPEAKER: grok-4_mas_rag, DIALOGUE TURN NUM = 1.
[2025-11-04 17:06:36,038] [INFO] 'UtteranceClassificationAgent' completion returned and validated from MODEL = 'ModelName.GROK_4'.
[2025-11-04 17:06:36,038] [INFO] EXIT: 'UtteranceClassificationAgent' calling '_classify_sentence_utterance_types' (0.3777737617492676 secs).
[2025-11-04 17:06:36,038] [INFO] ENTER: 'UtteranceClassificationAgent' calling 'return_classified_sentences'; CURRENT SPEAKER: grok-4_mas_rag, DIALOGUE TURN NUM = 1.
[2025-11-04 17:06:36,038] [INFO] EXIT: 'UtteranceClassificationAgent' calling 'return_classified_sentences' (1.9073486328125e-06 secs).
[2025-11-04 17:06:36,057] [INFO] ENTER: 'GraphRAG' calling 'why'; CURRENT SPEAKER: grok-4_mas_rag, DIALOGUE TURN NUM = 1.
[2025-11-04 17:06:36,058] [INFO] ENTER: 'GraphRAG' calling 'query_graph'; CURRENT SPEAKER: grok-4_mas_rag, DIALOGUE TURN NUM = 1.
[2025-11-04 17:06:36,722] [INFO] EXIT: 'GraphRAG' calling 'query_graph' (0.6644644737243652 secs).
[2025-11-04 17:06:36,722] [INFO] EXIT: 'GraphRAG' calling 'why' (0.664860725402832 secs).
[2025-11-04 17:06:36,722] [INFO] ENTER: 'GraphRAG' calling 'claim_negation'; CURRENT SPEAKER: grok-4_mas_rag, DIALOGUE TURN NUM = 1.
[2025-11-04 17:06:36,723] [INFO] ENTER: 'GraphRAG' calling 'query_graph'; CURRENT SPEAKER: grok-4_mas_rag, DIALOGUE TURN NUM = 1.
[2025-11-04 17:06:37,357] [INFO] EXIT: 'GraphRAG' calling 'query_graph' (0.634427547454834 secs).
[2025-11-04 17:06:37,357] [INFO] EXIT: 'GraphRAG' calling 'claim_negation' (0.634796142578125 secs).
[2025-11-04 17:06:37,357] [INFO] ENTER: 'GraphRAG' calling 'concede'; CURRENT SPEAKER: grok-4_mas_rag, DIALOGUE TURN NUM = 1.
[2025-11-04 17:06:37,358] [INFO] ENTER: 'GraphRAG' calling 'query_graph'; CURRENT SPEAKER: grok-4_mas_rag, DIALOGUE TURN NUM = 1.
[2025-11-04 17:06:38,025] [INFO] EXIT: 'GraphRAG' calling 'query_graph' (0.6673943996429443 secs).
[2025-11-04 17:06:38,025] [INFO] EXIT: 'GraphRAG' calling 'concede' (0.6678330898284912 secs).
[2025-11-04 17:06:38,025] [INFO] ENTER: 'GraphRAG' calling 'question'; CURRENT SPEAKER: grok-4_mas_rag, DIALOGUE TURN NUM = 1.
[2025-11-04 17:06:38,025] [INFO] ENTER: 'GraphRAG' calling 'query_graph'; CURRENT SPEAKER: grok-4_mas_rag, DIALOGUE TURN NUM = 1.
[2025-11-04 17:06:38,135] [INFO] EXIT: 'GraphRAG' calling 'query_graph' (0.10990738868713379 secs).
[2025-11-04 17:06:38,136] [INFO] EXIT: 'GraphRAG' calling 'question' (0.11027145385742188 secs).
[2025-11-04 17:06:38,136] [INFO] ENTER: 'GraphRAG' calling 'return_rag_examples'; CURRENT SPEAKER: grok-4_mas_rag, DIALOGUE TURN NUM = 1.
[2025-11-04 17:06:38,136] [INFO] EXIT: 'GraphRAG' calling 'return_rag_examples' (2.1457672119140625e-06 secs).
[2025-11-04 17:06:38,138] [INFO] ENTER: 'DialogueMoveGenerator' calling 'generate'; CURRENT SPEAKER: grok-4_mas_rag, DIALOGUE TURN NUM = 1.
[2025-11-04 17:06:38,138] [INFO] ENTER: 'DialogueMoveGenerator' calling 'generate'; CURRENT SPEAKER: grok-4_mas_rag, DIALOGUE TURN NUM = 1.
[2025-11-04 17:06:38,139] [INFO] ENTER: 'DialogueMoveGenerator' calling 'generate'; CURRENT SPEAKER: grok-4_mas_rag, DIALOGUE TURN NUM = 1.
[2025-11-04 17:06:38,139] [INFO] ENTER: 'MASPromptGenerator' calling 'claim_negation'; CURRENT SPEAKER: grok-4_mas_rag, DIALOGUE TURN NUM = 1.
[2025-11-04 17:06:38,140] [INFO] ENTER: 'MASPromptGenerator' calling 'concede_claim'; CURRENT SPEAKER: grok-4_mas_rag, DIALOGUE TURN NUM = 1.
[2025-11-04 17:06:38,141] [INFO] ENTER: 'MASPromptGenerator' calling 'question_claim'; CURRENT SPEAKER: grok-4_mas_rag, DIALOGUE TURN NUM = 1.
[2025-11-04 17:06:38,141] [INFO] EXIT: 'MASPromptGenerator' calling 'claim_negation' (4.124641418457031e-05 secs).
[2025-11-04 17:06:38,142] [INFO] EXIT: 'MASPromptGenerator' calling 'concede_claim' (2.7894973754882812e-05 secs).
[2025-11-04 17:06:38,142] [INFO] EXIT: 'MASPromptGenerator' calling 'question_claim' (3.719329833984375e-05 secs).
[2025-11-04 17:06:38,168] [INFO] ENTER: 'DialogueMoveGenerator' calling 'generate'; CURRENT SPEAKER: grok-4_mas_rag, DIALOGUE TURN NUM = 1.
[2025-11-04 17:06:38,168] [INFO] ENTER: 'MASPromptGenerator' calling 'why_claim'; CURRENT SPEAKER: grok-4_mas_rag, DIALOGUE TURN NUM = 1.
[2025-11-04 17:06:38,168] [INFO] EXIT: 'MASPromptGenerator' calling 'why_claim' (2.7179718017578125e-05 secs).
[2025-11-04 17:06:39,093] [INFO] Completion returned and validated from MODEL = 'grok-4'.
[2025-11-04 17:06:39,093] [INFO] EXIT: 'DialogueMoveGenerator' calling 'generate' (0.9527418613433838 secs).
[2025-11-04 17:06:39,331] [INFO] Completion returned and validated from MODEL = 'grok-4'.
[2025-11-04 17:06:39,331] [INFO] EXIT: 'DialogueMoveGenerator' calling 'generate' (1.1899363994598389 secs).
[2025-11-04 17:06:39,343] [INFO] Completion returned and validated from MODEL = 'grok-4'.
[2025-11-04 17:06:39,343] [INFO] EXIT: 'DialogueMoveGenerator' calling 'generate' (1.2046177387237549 secs).
[2025-11-04 17:06:39,384] [INFO] Completion returned and validated from MODEL = 'grok-4'.
[2025-11-04 17:06:39,384] [INFO] EXIT: 'DialogueMoveGenerator' calling 'generate' (1.215487003326416 secs).
[2025-11-04 17:06:39,384] [INFO] ENTER: 'MASPromptGenerator' calling 'persuasiveness_choice'; CURRENT SPEAKER: grok-4_mas_rag, DIALOGUE TURN NUM = 1.
[2025-11-04 17:06:39,385] [INFO] EXIT: 'MASPromptGenerator' calling 'persuasiveness_choice' (3.3855438232421875e-05 secs).
[2025-11-04 17:06:40,544] [INFO] Completion returned and validated within 'PersuasivenessChoiceAgent'; MODEL = 'grok-4'; DIALOGUE TURN NUM = 1.
[2025-11-04 17:06:40,544] [INFO] ENTER: 'DisambiguationAgent' calling '_grouping_similar_utterance_types'; CURRENT SPEAKER: grok-4_mas_rag, DIALOGUE TURN NUM = 1.
[2025-11-04 17:06:40,544] [INFO] EXIT: 'DisambiguationAgent' calling '_grouping_similar_utterance_types' (5.4836273193359375e-06 secs).
[2025-11-04 17:06:40,544] [INFO] ENTER: 'DisambiguationAgent' calling '_identifying_similar_sentences_and_choosing_one_to_return_to_user'; CURRENT SPEAKER: grok-4_mas_rag, DIALOGUE TURN NUM = 1.
[2025-11-04 17:06:41,459] [INFO] 'DisambiguationAgent' grouped similar sentences, completion returned and validated; MODEL = 'grok-4'.
[2025-11-04 17:06:42,021] [INFO] 'DisambiguationAgent' chose sentences to remove, completion returned and validated from MODEL = 'grok-4'.
[2025-11-04 17:06:42,021] [INFO] EXIT: 'DisambiguationAgent' calling '_identifying_similar_sentences_and_choosing_one_to_return_to_user' (1.4764282703399658 secs).
[2025-11-04 17:06:42,021] [INFO] ENTER: 'DisambiguationAgent' calling '_removing_repetitive_sentences'; CURRENT SPEAKER: grok-4_mas_rag, DIALOGUE TURN NUM = 1.
[2025-11-04 17:06:42,021] [INFO] EXIT: 'DisambiguationAgent' calling '_removing_repetitive_sentences' (7.867813110351562e-06 secs).
[2025-11-04 17:06:42,021] [INFO] ENTER: 'DisambiguationAgent' calling 'return_disambiguated_sentences'; CURRENT SPEAKER: grok-4_mas_rag, DIALOGUE TURN NUM = 1.
[2025-11-04 17:06:42,021] [INFO] EXIT: 'DisambiguationAgent' calling 'return_disambiguated_sentences' (1.9073486328125e-06 secs).
[2025-11-04 17:06:42,021] [ERROR] Wrong state used; State of type HumanState; error message: dict has unexpected extra key(s): "graph_rag_examples", "intermediate_generations", "knowledge_base_ensemble_or_model_name", "model_seed", "model_temp", "model_top_p", "number_of_graph_rag_examples", "number_of_vector_based_rag_examples", "political_position_prob_of_na", "political_position_range", "political_position_std", "speaker_model_name", "speaker_type", "vector_based_persona_string", "vector_based_persona_sys_prompt"
[2025-11-04 17:06:42,022] [INFO] Correct state used; State of type GenerationAgentsState; 'IGNORE THE ABOVE ERRORS'.
[2025-11-04 17:06:42,357] [INFO] 'commitment_update' completed '___Claim___' update for current speaker's commitments; MODEL = 'grok-4'.
[2025-11-04 17:06:42,691] [INFO] 'commitment_update' completed '___Claim___' update for current speaker's commitments; MODEL = 'grok-4'.
[2025-11-04 17:06:42,769] [ERROR] Wrong state used; State of type HumanState; error message: dict has unexpected extra key(s): "graph_rag_examples", "intermediate_generations", "knowledge_base_ensemble_or_model_name", "model_seed", "model_temp", "model_top_p", "number_of_graph_rag_examples", "number_of_vector_based_rag_examples", "political_position_prob_of_na", "political_position_range", "political_position_std", "speaker_model_name", "speaker_type", "vector_based_persona_string", "vector_based_persona_sys_prompt"
[2025-11-04 17:06:42,769] [INFO] Correct state used; State of type GenerationAgentsState; 'IGNORE THE ABOVE ERRORS'.
[2025-11-04 17:06:42,769] [INFO] ENTER: 'UtteranceClassificationAgent' calling '_classify_sentence_utterance_types'; CURRENT SPEAKER: grok-4_mas, DIALOGUE TURN NUM = 2.
[2025-11-04 17:06:43,097] [INFO] 'UtteranceClassificationAgent' completion returned and validated from MODEL = 'ModelName.GROK_4'.
[2025-11-04 17:06:43,431] [INFO] 'UtteranceClassificationAgent' completion returned and validated from MODEL = 'ModelName.GROK_4'.
[2025-11-04 17:06:43,767] [INFO] 'UtteranceClassificationAgent' completion returned and validated from MODEL = 'ModelName.GROK_4'.
[2025-11-04 17:06:44,080] [INFO] 'UtteranceClassificationAgent' completion returned and validated from MODEL = 'ModelName.GROK_4'.
[2025-11-04 17:06:44,080] [INFO] EXIT: 'UtteranceClassificationAgent' calling '_classify_sentence_utterance_types' (1.311441421508789 secs).
[2025-11-04 17:06:44,080] [INFO] ENTER: 'UtteranceClassificationAgent' calling 'return_classified_sentences'; CURRENT SPEAKER: grok-4_mas, DIALOGUE TURN NUM = 2.
[2025-11-04 17:06:44,080] [INFO] EXIT: 'UtteranceClassificationAgent' calling 'return_classified_sentences' (2.1457672119140625e-06 secs).
[2025-11-04 17:06:44,083] [INFO] ENTER: 'DialogueMoveGenerator' calling 'generate'; CURRENT SPEAKER: grok-4_mas, DIALOGUE TURN NUM = 2.
[2025-11-04 17:06:44,083] [INFO] ENTER: 'DialogueMoveGenerator' calling 'generate'; CURRENT SPEAKER: grok-4_mas, DIALOGUE TURN NUM = 2.
[2025-11-04 17:06:44,083] [INFO] ENTER: 'MASPromptGenerator' calling 'claim'; CURRENT SPEAKER: grok-4_mas, DIALOGUE TURN NUM = 2.
[2025-11-04 17:06:44,084] [INFO] ENTER: 'MASPromptGenerator' calling 'claim_negation'; CURRENT SPEAKER: grok-4_mas, DIALOGUE TURN NUM = 2.
[2025-11-04 17:06:44,084] [INFO] ENTER: 'DialogueMoveGenerator' calling 'generate'; CURRENT SPEAKER: grok-4_mas, DIALOGUE TURN NUM = 2.
[2025-11-04 17:06:44,084] [INFO] ENTER: 'DialogueMoveGenerator' calling 'generate'; CURRENT SPEAKER: grok-4_mas, DIALOGUE TURN NUM = 2.
[2025-11-04 17:06:44,084] [INFO] ENTER: 'DialogueMoveGenerator' calling 'generate'; CURRENT SPEAKER: grok-4_mas, DIALOGUE TURN NUM = 2.
[2025-11-04 17:06:44,084] [INFO] EXIT: 'MASPromptGenerator' calling 'claim' (2.8133392333984375e-05 secs).
[2025-11-04 17:06:44,084] [INFO] ENTER: 'DialogueMoveGenerator' calling 'generate'; CURRENT SPEAKER: grok-4_mas, DIALOGUE TURN NUM = 2.
[2025-11-04 17:06:44,085] [INFO] EXIT: 'MASPromptGenerator' calling 'claim_negation' (2.0265579223632812e-05 secs).
[2025-11-04 17:06:44,085] [INFO] ENTER: 'DialogueMoveGenerator' calling 'generate'; CURRENT SPEAKER: grok-4_mas, DIALOGUE TURN NUM = 2.
[2025-11-04 17:06:44,085] [INFO] ENTER: 'MASPromptGenerator' calling 'concede_claim'; CURRENT SPEAKER: grok-4_mas, DIALOGUE TURN NUM = 2.
[2025-11-04 17:06:44,085] [INFO] ENTER: 'MASPromptGenerator' calling 'question_claim'; CURRENT SPEAKER: grok-4_mas, DIALOGUE TURN NUM = 2.
[2025-11-04 17:06:44,085] [INFO] ENTER: 'MASPromptGenerator' calling 'retract_claim'; CURRENT SPEAKER: grok-4_mas, DIALOGUE TURN NUM = 2.
[2025-11-04 17:06:44,086] [INFO] ENTER: 'MASPromptGenerator' calling 'since_claim'; CURRENT SPEAKER: grok-4_mas, DIALOGUE TURN NUM = 2.
[2025-11-04 17:06:44,087] [INFO] ENTER: 'MASPromptGenerator' calling 'why_claim'; CURRENT SPEAKER: grok-4_mas, DIALOGUE TURN NUM = 2.
[2025-11-04 17:06:44,087] [INFO] EXIT: 'MASPromptGenerator' calling 'concede_claim' (2.5033950805664062e-05 secs).
[2025-11-04 17:06:44,087] [INFO] EXIT: 'MASPromptGenerator' calling 'question_claim' (2.9802322387695312e-05 secs).
[2025-11-04 17:06:44,087] [INFO] EXIT: 'MASPromptGenerator' calling 'retract_claim' (2.765655517578125e-05 secs).
[2025-11-04 17:06:44,088] [INFO] EXIT: 'MASPromptGenerator' calling 'since_claim' (2.4080276489257812e-05 secs).
[2025-11-04 17:06:44,088] [INFO] EXIT: 'MASPromptGenerator' calling 'why_claim' (2.956390380859375e-05 secs).
[2025-11-04 17:06:45,203] [INFO] Completion returned and validated from MODEL = 'grok-4'.
[2025-11-04 17:06:45,397] [INFO] Completion returned and validated from MODEL = 'grok-4'.
[2025-11-04 17:06:45,512] [INFO] Completion returned and validated from MODEL = 'grok-4'.
[2025-11-04 17:06:45,515] [INFO] Completion returned and validated from MODEL = 'grok-4'.
[2025-11-04 17:06:45,515] [INFO] EXIT: 'DialogueMoveGenerator' calling 'generate' (1.431748390197754 secs).
[2025-11-04 17:06:45,519] [INFO] Completion returned and validated from MODEL = 'grok-4'.
[2025-11-04 17:06:45,584] [INFO] Completion returned and validated from MODEL = 'grok-4'.
[2025-11-04 17:06:45,945] [INFO] Completion returned and validated from MODEL = 'grok-4'.
[2025-11-04 17:06:46,517] [INFO] Completion returned and validated from MODEL = 'grok-4'.
[2025-11-04 17:06:46,517] [INFO] EXIT: 'DialogueMoveGenerator' calling 'generate' (2.430349826812744 secs).
[2025-11-04 17:06:46,690] [INFO] Completion returned and validated from MODEL = 'grok-4'.
[2025-11-04 17:06:46,690] [INFO] EXIT: 'DialogueMoveGenerator' calling 'generate' (2.604761838912964 secs).
[2025-11-04 17:06:46,707] [INFO] Completion returned and validated from MODEL = 'grok-4'.
[2025-11-04 17:06:46,708] [INFO] EXIT: 'DialogueMoveGenerator' calling 'generate' (2.622218370437622 secs).
[2025-11-04 17:06:46,783] [INFO] Completion returned and validated from MODEL = 'grok-4'.
[2025-11-04 17:06:46,783] [INFO] EXIT: 'DialogueMoveGenerator' calling 'generate' (2.697904586791992 secs).
[2025-11-04 17:06:46,985] [INFO] Completion returned and validated from MODEL = 'grok-4'.
[2025-11-04 17:06:46,985] [INFO] EXIT: 'DialogueMoveGenerator' calling 'generate' (2.9013354778289795 secs).
[2025-11-04 17:06:47,164] [INFO] Completion returned and validated from MODEL = 'grok-4'.
[2025-11-04 17:06:47,164] [INFO] EXIT: 'DialogueMoveGenerator' calling 'generate' (3.078376531600952 secs).
[2025-11-04 17:06:47,165] [INFO] ENTER: 'MASPromptGenerator' calling 'persuasiveness_choice'; CURRENT SPEAKER: grok-4_mas, DIALOGUE TURN NUM = 2.
[2025-11-04 17:06:47,166] [INFO] EXIT: 'MASPromptGenerator' calling 'persuasiveness_choice' (9.226799011230469e-05 secs).
[2025-11-04 17:06:47,843] [INFO] Completion returned and validated within 'PersuasivenessChoiceAgent'; MODEL = 'grok-4'; DIALOGUE TURN NUM = 2.
[2025-11-04 17:06:49,473] [INFO] Completion returned and validated within 'PersuasivenessChoiceAgent'; MODEL = 'grok-4'; DIALOGUE TURN NUM = 2.
[2025-11-04 17:06:51,131] [INFO] Completion returned and validated within 'PersuasivenessChoiceAgent'; MODEL = 'grok-4'; DIALOGUE TURN NUM = 2.
[2025-11-04 17:06:52,816] [INFO] Completion returned and validated within 'PersuasivenessChoiceAgent'; MODEL = 'grok-4'; DIALOGUE TURN NUM = 2.
[2025-11-04 17:06:52,817] [INFO] ENTER: 'DisambiguationAgent' calling '_grouping_similar_utterance_types'; CURRENT SPEAKER: grok-4_mas, DIALOGUE TURN NUM = 2.
[2025-11-04 17:06:52,817] [INFO] EXIT: 'DisambiguationAgent' calling '_grouping_similar_utterance_types' (9.775161743164062e-06 secs).
[2025-11-04 17:06:52,817] [INFO] ENTER: 'DisambiguationAgent' calling '_identifying_similar_sentences_and_choosing_one_to_return_to_user'; CURRENT SPEAKER: grok-4_mas, DIALOGUE TURN NUM = 2.
[2025-11-04 17:06:56,069] [INFO] 'DisambiguationAgent' grouped similar sentences, completion returned and validated; MODEL = 'grok-4'.
[2025-11-04 17:06:56,635] [INFO] 'DisambiguationAgent' chose sentences to remove, completion returned and validated from MODEL = 'grok-4'.
[2025-11-04 17:06:57,569] [INFO] 'DisambiguationAgent' chose sentences to remove, completion returned and validated from MODEL = 'grok-4'.
[2025-11-04 17:06:58,190] [INFO] 'DisambiguationAgent' chose sentences to remove, completion returned and validated from MODEL = 'grok-4'.
[2025-11-04 17:06:58,678] [INFO] 'DisambiguationAgent' chose sentences to remove, completion returned and validated from MODEL = 'grok-4'.
[2025-11-04 17:06:58,678] [INFO] EXIT: 'DisambiguationAgent' calling '_identifying_similar_sentences_and_choosing_one_to_return_to_user' (5.861268758773804 secs).
[2025-11-04 17:06:58,678] [INFO] ENTER: 'DisambiguationAgent' calling '_identifying_similar_sentences_and_choosing_one_to_return_to_user'; CURRENT SPEAKER: grok-4_mas, DIALOGUE TURN NUM = 2.
[2025-11-04 17:06:59,362] [INFO] 'DisambiguationAgent' grouped similar sentences, completion returned and validated; MODEL = 'grok-4'.
[2025-11-04 17:06:59,883] [INFO] 'DisambiguationAgent' chose sentences to remove, completion returned and validated from MODEL = 'grok-4'.
[2025-11-04 17:06:59,883] [INFO] EXIT: 'DisambiguationAgent' calling '_identifying_similar_sentences_and_choosing_one_to_return_to_user' (1.20509934425354 secs).
[2025-11-04 17:06:59,883] [INFO] ENTER: 'DisambiguationAgent' calling '_removing_repetitive_sentences'; CURRENT SPEAKER: grok-4_mas, DIALOGUE TURN NUM = 2.
[2025-11-04 17:06:59,884] [INFO] EXIT: 'DisambiguationAgent' calling '_removing_repetitive_sentences' (1.1682510375976562e-05 secs).
[2025-11-04 17:06:59,884] [INFO] ENTER: 'DisambiguationAgent' calling '_choose_the_most_persuasive_sentences'; CURRENT SPEAKER: grok-4_mas, DIALOGUE TURN NUM = 2.
[2025-11-04 17:07:01,136] [INFO] 'DisambiguationAgent': reached maximum allowed sentences, succussfully chose most persuasive sentences, completion returned and validated from MODEL = 'grok-4'.
[2025-11-04 17:07:01,136] [INFO] EXIT: 'DisambiguationAgent' calling '_choose_the_most_persuasive_sentences' (1.2520546913146973 secs).
[2025-11-04 17:07:01,136] [INFO] ENTER: 'DisambiguationAgent' calling 'return_disambiguated_sentences'; CURRENT SPEAKER: grok-4_mas, DIALOGUE TURN NUM = 2.
[2025-11-04 17:07:01,136] [INFO] EXIT: 'DisambiguationAgent' calling 'return_disambiguated_sentences' (2.384185791015625e-06 secs).
[2025-11-04 17:07:01,136] [ERROR] Wrong state used; State of type HumanState; error message: dict has unexpected extra key(s): "graph_rag_examples", "intermediate_generations", "knowledge_base_ensemble_or_model_name", "model_seed", "model_temp", "model_top_p", "number_of_graph_rag_examples", "number_of_vector_based_rag_examples", "political_position_prob_of_na", "political_position_range", "political_position_std", "speaker_model_name", "speaker_type", "vector_based_persona_string", "vector_based_persona_sys_prompt"
[2025-11-04 17:07:01,137] [INFO] Correct state used; State of type GenerationAgentsState; 'IGNORE THE ABOVE ERRORS'.
[2025-11-04 17:07:01,450] [INFO] 'commitment_update' completed '___Claim___' update for current speaker's commitments; MODEL = 'grok-4'.
[2025-11-04 17:07:01,516] [ERROR] Wrong state used; State of type HumanState; error message: dict has unexpected extra key(s): "graph_rag_examples", "intermediate_generations", "knowledge_base_ensemble_or_model_name", "model_seed", "model_temp", "model_top_p", "number_of_graph_rag_examples", "number_of_vector_based_rag_examples", "political_position_prob_of_na", "political_position_range", "political_position_std", "speaker_model_name", "speaker_type", "vector_based_persona_string", "vector_based_persona_sys_prompt"
[2025-11-04 17:07:01,516] [INFO] Correct state used; State of type GenerationAgentsState; 'IGNORE THE ABOVE ERRORS'.
[2025-11-04 17:07:01,516] [INFO] ENTER: 'UtteranceClassificationAgent' calling '_classify_sentence_utterance_types'; CURRENT SPEAKER: grok-4_mas_rag, DIALOGUE TURN NUM = 3.
[2025-11-04 17:07:01,886] [INFO] 'UtteranceClassificationAgent' completion returned and validated from MODEL = 'ModelName.GROK_4'.
[2025-11-04 17:07:02,243] [INFO] 'UtteranceClassificationAgent' completion returned and validated from MODEL = 'ModelName.GROK_4'.
[2025-11-04 17:07:02,604] [INFO] 'UtteranceClassificationAgent' completion returned and validated from MODEL = 'ModelName.GROK_4'.
[2025-11-04 17:07:02,926] [INFO] 'UtteranceClassificationAgent' completion returned and validated from MODEL = 'ModelName.GROK_4'.
[2025-11-04 17:07:03,233] [INFO] 'UtteranceClassificationAgent' completion returned and validated from MODEL = 'ModelName.GROK_4'.
[2025-11-04 17:07:03,233] [INFO] EXIT: 'UtteranceClassificationAgent' calling '_classify_sentence_utterance_types' (1.716721773147583 secs).
[2025-11-04 17:07:03,233] [INFO] ENTER: 'UtteranceClassificationAgent' calling 'return_classified_sentences'; CURRENT SPEAKER: grok-4_mas_rag, DIALOGUE TURN NUM = 3.
[2025-11-04 17:07:03,233] [INFO] EXIT: 'UtteranceClassificationAgent' calling 'return_classified_sentences' (1.9073486328125e-06 secs).
[2025-11-04 17:07:03,253] [INFO] ENTER: 'GraphRAG' calling 'why'; CURRENT SPEAKER: grok-4_mas_rag, DIALOGUE TURN NUM = 3.
[2025-11-04 17:07:03,253] [INFO] ENTER: 'GraphRAG' calling 'query_graph'; CURRENT SPEAKER: grok-4_mas_rag, DIALOGUE TURN NUM = 3.
[2025-11-04 17:07:03,934] [INFO] EXIT: 'GraphRAG' calling 'query_graph' (0.6803593635559082 secs).
[2025-11-04 17:07:03,934] [INFO] EXIT: 'GraphRAG' calling 'why' (0.6807522773742676 secs).
[2025-11-04 17:07:03,934] [INFO] ENTER: 'GraphRAG' calling 'claim_negation'; CURRENT SPEAKER: grok-4_mas_rag, DIALOGUE TURN NUM = 3.
[2025-11-04 17:07:03,934] [INFO] ENTER: 'GraphRAG' calling 'query_graph'; CURRENT SPEAKER: grok-4_mas_rag, DIALOGUE TURN NUM = 3.
[2025-11-04 17:07:04,586] [INFO] EXIT: 'GraphRAG' calling 'query_graph' (0.6518971920013428 secs).
[2025-11-04 17:07:04,586] [INFO] EXIT: 'GraphRAG' calling 'claim_negation' (0.6523237228393555 secs).
[2025-11-04 17:07:04,586] [INFO] ENTER: 'GraphRAG' calling 'concede'; CURRENT SPEAKER: grok-4_mas_rag, DIALOGUE TURN NUM = 3.
[2025-11-04 17:07:04,587] [INFO] ENTER: 'GraphRAG' calling 'query_graph'; CURRENT SPEAKER: grok-4_mas_rag, DIALOGUE TURN NUM = 3.
[2025-11-04 17:07:05,270] [INFO] EXIT: 'GraphRAG' calling 'query_graph' (0.6830155849456787 secs).
[2025-11-04 17:07:05,270] [INFO] EXIT: 'GraphRAG' calling 'concede' (0.6834070682525635 secs).
[2025-11-04 17:07:05,270] [INFO] ENTER: 'GraphRAG' calling 'question'; CURRENT SPEAKER: grok-4_mas_rag, DIALOGUE TURN NUM = 3.
[2025-11-04 17:07:05,270] [INFO] ENTER: 'GraphRAG' calling 'query_graph'; CURRENT SPEAKER: grok-4_mas_rag, DIALOGUE TURN NUM = 3.
[2025-11-04 17:07:05,396] [INFO] EXIT: 'GraphRAG' calling 'query_graph' (0.12605834007263184 secs).
[2025-11-04 17:07:05,396] [INFO] EXIT: 'GraphRAG' calling 'question' (0.1264801025390625 secs).
[2025-11-04 17:07:05,413] [INFO] ENTER: 'GraphRAG' calling 'why'; CURRENT SPEAKER: grok-4_mas_rag, DIALOGUE TURN NUM = 3.
[2025-11-04 17:07:05,413] [INFO] ENTER: 'GraphRAG' calling 'query_graph'; CURRENT SPEAKER: grok-4_mas_rag, DIALOGUE TURN NUM = 3.
[2025-11-04 17:07:06,095] [INFO] EXIT: 'GraphRAG' calling 'query_graph' (0.6813051700592041 secs).
[2025-11-04 17:07:06,095] [INFO] EXIT: 'GraphRAG' calling 'why' (0.6816873550415039 secs).
[2025-11-04 17:07:06,095] [INFO] ENTER: 'GraphRAG' calling 'claim_negation'; CURRENT SPEAKER: grok-4_mas_rag, DIALOGUE TURN NUM = 3.
[2025-11-04 17:07:06,095] [INFO] ENTER: 'GraphRAG' calling 'query_graph'; CURRENT SPEAKER: grok-4_mas_rag, DIALOGUE TURN NUM = 3.
[2025-11-04 17:07:06,749] [INFO] EXIT: 'GraphRAG' calling 'query_graph' (0.653498649597168 secs).
[2025-11-04 17:07:06,749] [INFO] EXIT: 'GraphRAG' calling 'claim_negation' (0.6539521217346191 secs).
[2025-11-04 17:07:06,749] [INFO] ENTER: 'GraphRAG' calling 'concede'; CURRENT SPEAKER: grok-4_mas_rag, DIALOGUE TURN NUM = 3.
[2025-11-04 17:07:06,749] [INFO] ENTER: 'GraphRAG' calling 'query_graph'; CURRENT SPEAKER: grok-4_mas_rag, DIALOGUE TURN NUM = 3.
[2025-11-04 17:07:07,434] [INFO] EXIT: 'GraphRAG' calling 'query_graph' (0.6848506927490234 secs).
[2025-11-04 17:07:07,434] [INFO] EXIT: 'GraphRAG' calling 'concede' (0.6852724552154541 secs).
[2025-11-04 17:07:07,434] [INFO] ENTER: 'GraphRAG' calling 'question'; CURRENT SPEAKER: grok-4_mas_rag, DIALOGUE TURN NUM = 3.
[2025-11-04 17:07:07,435] [INFO] ENTER: 'GraphRAG' calling 'query_graph'; CURRENT SPEAKER: grok-4_mas_rag, DIALOGUE TURN NUM = 3.
[2025-11-04 17:07:07,563] [INFO] EXIT: 'GraphRAG' calling 'query_graph' (0.12890267372131348 secs).
[2025-11-04 17:07:07,564] [INFO] EXIT: 'GraphRAG' calling 'question' (0.12929463386535645 secs).
[2025-11-04 17:07:07,580] [INFO] ENTER: 'GraphRAG' calling 'why'; CURRENT SPEAKER: grok-4_mas_rag, DIALOGUE TURN NUM = 3.
[2025-11-04 17:07:07,581] [INFO] ENTER: 'GraphRAG' calling 'query_graph'; CURRENT SPEAKER: grok-4_mas_rag, DIALOGUE TURN NUM = 3.
[2025-11-04 17:07:08,306] [INFO] EXIT: 'GraphRAG' calling 'query_graph' (0.7248647212982178 secs).
[2025-11-04 17:07:08,306] [INFO] EXIT: 'GraphRAG' calling 'why' (0.7252480983734131 secs).
[2025-11-04 17:07:08,306] [INFO] ENTER: 'GraphRAG' calling 'concede'; CURRENT SPEAKER: grok-4_mas_rag, DIALOGUE TURN NUM = 3.
[2025-11-04 17:07:08,306] [INFO] ENTER: 'GraphRAG' calling 'query_graph'; CURRENT SPEAKER: grok-4_mas_rag, DIALOGUE TURN NUM = 3.
[2025-11-04 17:07:08,986] [INFO] EXIT: 'GraphRAG' calling 'query_graph' (0.6796865463256836 secs).
[2025-11-04 17:07:08,986] [INFO] EXIT: 'GraphRAG' calling 'concede' (0.6800949573516846 secs).
[2025-11-04 17:07:08,986] [INFO] ENTER: 'GraphRAG' calling 'question'; CURRENT SPEAKER: grok-4_mas_rag, DIALOGUE TURN NUM = 3.
[2025-11-04 17:07:08,986] [INFO] ENTER: 'GraphRAG' calling 'query_graph'; CURRENT SPEAKER: grok-4_mas_rag, DIALOGUE TURN NUM = 3.
[2025-11-04 17:07:09,643] [INFO] EXIT: 'GraphRAG' calling 'query_graph' (0.6565163135528564 secs).
[2025-11-04 17:07:09,643] [INFO] EXIT: 'GraphRAG' calling 'question' (0.6569504737854004 secs).
[2025-11-04 17:07:09,659] [INFO] ENTER: 'GraphRAG' calling 'since'; CURRENT SPEAKER: grok-4_mas_rag, DIALOGUE TURN NUM = 3.
[2025-11-04 17:07:09,659] [INFO] ENTER: 'GraphRAG' calling 'query_graph'; CURRENT SPEAKER: grok-4_mas_rag, DIALOGUE TURN NUM = 3.
[2025-11-04 17:07:09,683] [INFO] EXIT: 'GraphRAG' calling 'query_graph' (0.024096965789794922 secs).
[2025-11-04 17:07:09,684] [INFO] EXIT: 'GraphRAG' calling 'since' (0.024496793746948242 secs).
[2025-11-04 17:07:09,684] [INFO] ENTER: 'GraphRAG' calling 'claim'; CURRENT SPEAKER: grok-4_mas_rag, DIALOGUE TURN NUM = 3.
[2025-11-04 17:07:09,684] [INFO] ENTER: 'GraphRAG' calling 'query_graph'; CURRENT SPEAKER: grok-4_mas_rag, DIALOGUE TURN NUM = 3.
[2025-11-04 17:07:09,703] [INFO] EXIT: 'GraphRAG' calling 'query_graph' (0.018893718719482422 secs).
[2025-11-04 17:07:09,703] [INFO] EXIT: 'GraphRAG' calling 'claim' (0.01925945281982422 secs).
[2025-11-04 17:07:09,719] [INFO] ENTER: 'GraphRAG' calling 'since'; CURRENT SPEAKER: grok-4_mas_rag, DIALOGUE TURN NUM = 3.
[2025-11-04 17:07:09,719] [INFO] ENTER: 'GraphRAG' calling 'query_graph'; CURRENT SPEAKER: grok-4_mas_rag, DIALOGUE TURN NUM = 3.
[2025-11-04 17:07:09,743] [INFO] EXIT: 'GraphRAG' calling 'query_graph' (0.023828744888305664 secs).
[2025-11-04 17:07:09,743] [INFO] EXIT: 'GraphRAG' calling 'since' (0.024207115173339844 secs).
[2025-11-04 17:07:09,743] [INFO] ENTER: 'GraphRAG' calling 'claim'; CURRENT SPEAKER: grok-4_mas_rag, DIALOGUE TURN NUM = 3.
[2025-11-04 17:07:09,743] [INFO] ENTER: 'GraphRAG' calling 'query_graph'; CURRENT SPEAKER: grok-4_mas_rag, DIALOGUE TURN NUM = 3.
[2025-11-04 17:07:09,762] [INFO] EXIT: 'GraphRAG' calling 'query_graph' (0.01866626739501953 secs).
[2025-11-04 17:07:09,762] [INFO] EXIT: 'GraphRAG' calling 'claim' (0.019027233123779297 secs).
[2025-11-04 17:07:09,762] [INFO] ENTER: 'GraphRAG' calling 'return_rag_examples'; CURRENT SPEAKER: grok-4_mas_rag, DIALOGUE TURN NUM = 3.
[2025-11-04 17:07:09,762] [INFO] EXIT: 'GraphRAG' calling 'return_rag_examples' (2.1457672119140625e-06 secs).
[2025-11-04 17:07:09,765] [INFO] ENTER: 'DialogueMoveGenerator' calling 'generate'; CURRENT SPEAKER: grok-4_mas_rag, DIALOGUE TURN NUM = 3.
[2025-11-04 17:07:09,766] [INFO] ENTER: 'DialogueMoveGenerator' calling 'generate'; CURRENT SPEAKER: grok-4_mas_rag, DIALOGUE TURN NUM = 3.
[2025-11-04 17:07:09,766] [INFO] ENTER: 'MASPromptGenerator' calling 'claim'; CURRENT SPEAKER: grok-4_mas_rag, DIALOGUE TURN NUM = 3.
[2025-11-04 17:07:09,766] [INFO] ENTER: 'MASPromptGenerator' calling 'claim_negation'; CURRENT SPEAKER: grok-4_mas_rag, DIALOGUE TURN NUM = 3.
[2025-11-04 17:07:09,767] [INFO] ENTER: 'DialogueMoveGenerator' calling 'generate'; CURRENT SPEAKER: grok-4_mas_rag, DIALOGUE TURN NUM = 3.
[2025-11-04 17:07:09,768] [INFO] ENTER: 'DialogueMoveGenerator' calling 'generate'; CURRENT SPEAKER: grok-4_mas_rag, DIALOGUE TURN NUM = 3.
[2025-11-04 17:07:09,768] [INFO] EXIT: 'MASPromptGenerator' calling 'claim' (5.3882598876953125e-05 secs).
[2025-11-04 17:07:09,768] [INFO] EXIT: 'MASPromptGenerator' calling 'claim_negation' (5.078315734863281e-05 secs).
[2025-11-04 17:07:09,769] [INFO] ENTER: 'DialogueMoveGenerator' calling 'generate'; CURRENT SPEAKER: grok-4_mas_rag, DIALOGUE TURN NUM = 3.
[2025-11-04 17:07:09,769] [INFO] ENTER: 'MASPromptGenerator' calling 'concede_claim'; CURRENT SPEAKER: grok-4_mas_rag, DIALOGUE TURN NUM = 3.
[2025-11-04 17:07:09,769] [INFO] ENTER: 'DialogueMoveGenerator' calling 'generate'; CURRENT SPEAKER: grok-4_mas_rag, DIALOGUE TURN NUM = 3.
[2025-11-04 17:07:09,769] [INFO] ENTER: 'MASPromptGenerator' calling 'question_claim'; CURRENT SPEAKER: grok-4_mas_rag, DIALOGUE TURN NUM = 3.
[2025-11-04 17:07:09,769] [INFO] ENTER: 'DialogueMoveGenerator' calling 'generate'; CURRENT SPEAKER: grok-4_mas_rag, DIALOGUE TURN NUM = 3.
[2025-11-04 17:07:09,770] [INFO] ENTER: 'MASPromptGenerator' calling 'since_claim'; CURRENT SPEAKER: grok-4_mas_rag, DIALOGUE TURN NUM = 3.
[2025-11-04 17:07:09,770] [INFO] EXIT: 'MASPromptGenerator' calling 'concede_claim' (2.9325485229492188e-05 secs).
[2025-11-04 17:07:09,770] [INFO] ENTER: 'MASPromptGenerator' calling 'retract_claim'; CURRENT SPEAKER: grok-4_mas_rag, DIALOGUE TURN NUM = 3.
[2025-11-04 17:07:09,770] [INFO] EXIT: 'MASPromptGenerator' calling 'question_claim' (3.695487976074219e-05 secs).
[2025-11-04 17:07:09,770] [INFO] ENTER: 'MASPromptGenerator' calling 'why_claim'; CURRENT SPEAKER: grok-4_mas_rag, DIALOGUE TURN NUM = 3.
[2025-11-04 17:07:09,770] [INFO] EXIT: 'MASPromptGenerator' calling 'since_claim' (2.3365020751953125e-05 secs).
[2025-11-04 17:07:09,770] [INFO] EXIT: 'MASPromptGenerator' calling 'retract_claim' (2.5510787963867188e-05 secs).
[2025-11-04 17:07:09,771] [INFO] EXIT: 'MASPromptGenerator' calling 'why_claim' (2.193450927734375e-05 secs).
[2025-11-04 17:07:11,541] [INFO] Completion returned and validated from MODEL = 'grok-4'.
[2025-11-04 17:07:11,567] [INFO] Completion returned and validated from MODEL = 'grok-4'.
[2025-11-04 17:07:11,599] [INFO] Completion returned and validated from MODEL = 'grok-4'.
[2025-11-04 17:07:11,649] [INFO] Completion returned and validated from MODEL = 'grok-4'.
[2025-11-04 17:07:11,666] [INFO] Completion returned and validated from MODEL = 'grok-4'.
[2025-11-04 17:07:11,672] [INFO] Completion returned and validated from MODEL = 'grok-4'.
[2025-11-04 17:07:11,790] [INFO] Completion returned and validated from MODEL = 'grok-4'.
[2025-11-04 17:07:12,806] [INFO] Completion returned and validated from MODEL = 'grok-4'.
[2025-11-04 17:07:12,866] [INFO] Completion returned and validated from MODEL = 'grok-4'.
[2025-11-04 17:07:12,866] [INFO] EXIT: 'DialogueMoveGenerator' calling 'generate' (3.0994439125061035 secs).
[2025-11-04 17:07:12,881] [INFO] Completion returned and validated from MODEL = 'grok-4'.
[2025-11-04 17:07:12,881] [INFO] EXIT: 'DialogueMoveGenerator' calling 'generate' (3.115652084350586 secs).
[2025-11-04 17:07:13,254] [INFO] Completion returned and validated from MODEL = 'grok-4'.
[2025-11-04 17:07:13,319] [INFO] Completion returned and validated from MODEL = 'grok-4'.
[2025-11-04 17:07:13,327] [INFO] Completion returned and validated from MODEL = 'grok-4'.
[2025-11-04 17:07:13,327] [INFO] EXIT: 'DialogueMoveGenerator' calling 'generate' (3.557556390762329 secs).
[2025-11-04 17:07:13,465] [INFO] Completion returned and validated from MODEL = 'grok-4'.
[2025-11-04 17:07:13,465] [INFO] EXIT: 'DialogueMoveGenerator' calling 'generate' (3.6959075927734375 secs).
[2025-11-04 17:07:14,001] [INFO] Completion returned and validated from MODEL = 'grok-4'.
[2025-11-04 17:07:14,001] [INFO] EXIT: 'DialogueMoveGenerator' calling 'generate' (4.231970548629761 secs).
[2025-11-04 17:07:14,402] [INFO] Completion returned and validated from MODEL = 'grok-4'.
[2025-11-04 17:07:14,402] [INFO] EXIT: 'DialogueMoveGenerator' calling 'generate' (4.632210731506348 secs).
[2025-11-04 17:07:14,493] [INFO] Completion returned and validated from MODEL = 'grok-4'.
[2025-11-04 17:07:14,493] [INFO] EXIT: 'DialogueMoveGenerator' calling 'generate' (4.7245543003082275 secs).
[2025-11-04 17:07:14,495] [INFO] ENTER: 'MASPromptGenerator' calling 'persuasiveness_choice'; CURRENT SPEAKER: grok-4_mas_rag, DIALOGUE TURN NUM = 3.
[2025-11-04 17:07:14,496] [INFO] EXIT: 'MASPromptGenerator' calling 'persuasiveness_choice' (0.00011920928955078125 secs).
[2025-11-04 17:07:15,973] [INFO] Completion returned and validated within 'PersuasivenessChoiceAgent'; MODEL = 'grok-4'; DIALOGUE TURN NUM = 3.
[2025-11-04 17:07:17,299] [INFO] Completion returned and validated within 'PersuasivenessChoiceAgent'; MODEL = 'grok-4'; DIALOGUE TURN NUM = 3.
[2025-11-04 17:07:18,700] [INFO] Completion returned and validated within 'PersuasivenessChoiceAgent'; MODEL = 'grok-4'; DIALOGUE TURN NUM = 3.
[2025-11-04 17:07:20,629] [INFO] Completion returned and validated within 'PersuasivenessChoiceAgent'; MODEL = 'grok-4'; DIALOGUE TURN NUM = 3.
[2025-11-04 17:07:22,740] [INFO] Completion returned and validated within 'PersuasivenessChoiceAgent'; MODEL = 'grok-4'; DIALOGUE TURN NUM = 3.
[2025-11-04 17:07:22,740] [INFO] ENTER: 'DisambiguationAgent' calling '_grouping_similar_utterance_types'; CURRENT SPEAKER: grok-4_mas_rag, DIALOGUE TURN NUM = 3.
[2025-11-04 17:07:22,740] [INFO] EXIT: 'DisambiguationAgent' calling '_grouping_similar_utterance_types' (1.2636184692382812e-05 secs).
[2025-11-04 17:07:22,740] [INFO] ENTER: 'DisambiguationAgent' calling '_identifying_similar_sentences_and_choosing_one_to_return_to_user'; CURRENT SPEAKER: grok-4_mas_rag, DIALOGUE TURN NUM = 3.
[2025-11-04 17:07:27,461] [INFO] 'DisambiguationAgent' grouped similar sentences, completion returned and validated; MODEL = 'grok-4'.
[2025-11-04 17:07:28,643] [INFO] 'DisambiguationAgent' chose sentences to remove, completion returned and validated from MODEL = 'grok-4'.
[2025-11-04 17:07:29,971] [INFO] 'DisambiguationAgent' chose sentences to remove, completion returned and validated from MODEL = 'grok-4'.
[2025-11-04 17:07:30,960] [INFO] 'DisambiguationAgent' chose sentences to remove, completion returned and validated from MODEL = 'grok-4'.
[2025-11-04 17:07:30,961] [INFO] EXIT: 'DisambiguationAgent' calling '_identifying_similar_sentences_and_choosing_one_to_return_to_user' (8.220263719558716 secs).
[2025-11-04 17:07:30,961] [INFO] ENTER: 'DisambiguationAgent' calling '_identifying_similar_sentences_and_choosing_one_to_return_to_user'; CURRENT SPEAKER: grok-4_mas_rag, DIALOGUE TURN NUM = 3.
[2025-11-04 17:07:34,380] [INFO] 'DisambiguationAgent' grouped similar sentences, completion returned and validated; MODEL = 'grok-4'.
[2025-11-04 17:07:34,999] [INFO] 'DisambiguationAgent' chose sentences to remove, completion returned and validated from MODEL = 'grok-4'.
[2025-11-04 17:07:37,560] [ERROR] 'DisambiguationAgent' could not choose sentences to remove, completion not validated; MODEL = 'grok-4'; 
 REASON: 

 1 validation error for PersuasivenessChoice
  Invalid JSON: trailing characters at line 3 column 1 [type=json_invalid, input_value='{"Choice": "Why do you c...er private limitations.', input_type=str]
    For further information visit https://errors.pydantic.dev/2.12/v/json_invalid
[2025-11-04 17:07:37,561] [ERROR] grok-4 failed to disambiguate sentences, model response: 
	 None
[2025-11-04 17:07:39,870] [ERROR] 'DisambiguationAgent' could not choose sentences to remove, completion not validated; MODEL = 'grok-4'; 
 REASON: 

 1 validation error for PersuasivenessChoice
  Invalid JSON: trailing characters at line 3 column 1 [type=json_invalid, input_value='{"Choice": "Why believe ...y opinions effectively.', input_type=str]
    For further information visit https://errors.pydantic.dev/2.12/v/json_invalid
[2025-11-04 17:07:39,870] [ERROR] grok-4 failed to disambiguate sentences, model response: 
	 None
[2025-11-04 17:07:39,870] [INFO] EXIT: 'DisambiguationAgent' calling '_identifying_similar_sentences_and_choosing_one_to_return_to_user' (8.90915036201477 secs).
[2025-11-04 17:07:39,870] [INFO] ENTER: 'DisambiguationAgent' calling '_removing_repetitive_sentences'; CURRENT SPEAKER: grok-4_mas_rag, DIALOGUE TURN NUM = 3.
[2025-11-04 17:07:39,870] [INFO] EXIT: 'DisambiguationAgent' calling '_removing_repetitive_sentences' (1.6927719116210938e-05 secs).
[2025-11-04 17:07:39,870] [INFO] ENTER: 'DisambiguationAgent' calling '_choose_the_most_persuasive_sentences'; CURRENT SPEAKER: grok-4_mas_rag, DIALOGUE TURN NUM = 3.
[2025-11-04 17:07:42,766] [INFO] 'DisambiguationAgent': reached maximum allowed sentences, succussfully chose most persuasive sentences, completion returned and validated from MODEL = 'grok-4'.
[2025-11-04 17:07:42,766] [INFO] EXIT: 'DisambiguationAgent' calling '_choose_the_most_persuasive_sentences' (2.896613121032715 secs).
[2025-11-04 17:07:42,767] [INFO] ENTER: 'DisambiguationAgent' calling 'return_disambiguated_sentences'; CURRENT SPEAKER: grok-4_mas_rag, DIALOGUE TURN NUM = 3.
[2025-11-04 17:07:42,767] [INFO] EXIT: 'DisambiguationAgent' calling 'return_disambiguated_sentences' (2.384185791015625e-06 secs).
[2025-11-04 17:07:42,767] [ERROR] Wrong state used; State of type HumanState; error message: dict has unexpected extra key(s): "graph_rag_examples", "intermediate_generations", "knowledge_base_ensemble_or_model_name", "model_seed", "model_temp", "model_top_p", "number_of_graph_rag_examples", "number_of_vector_based_rag_examples", "political_position_prob_of_na", "political_position_range", "political_position_std", "speaker_model_name", "speaker_type", "vector_based_persona_string", "vector_based_persona_sys_prompt"
[2025-11-04 17:07:42,767] [INFO] Correct state used; State of type GenerationAgentsState; 'IGNORE THE ABOVE ERRORS'.
[2025-11-04 17:07:43,199] [INFO] 'commitment_update' completed '___Since___' update; MODEL = 'grok-4'.
[2025-11-04 17:07:43,579] [INFO] 'commitment_update' completed '___Since___' update; MODEL = 'grok-4'.
[2025-11-04 17:07:43,986] [INFO] 'commitment_update' completed '___Claim___' update for current speaker's commitments; MODEL = 'grok-4'.
[2025-11-04 17:07:44,397] [INFO] 'commitment_update' completed '___Claim___' update for current speaker's commitments; MODEL = 'grok-4'.
[2025-11-04 17:07:44,788] [INFO] 'commitment_update' completed '___Claim___' update for current speaker's commitments; MODEL = 'grok-4'.
[2025-11-04 17:07:44,878] [ERROR] Wrong state used; State of type HumanState; error message: dict has unexpected extra key(s): "graph_rag_examples", "intermediate_generations", "knowledge_base_ensemble_or_model_name", "model_seed", "model_temp", "model_top_p", "number_of_graph_rag_examples", "number_of_vector_based_rag_examples", "political_position_prob_of_na", "political_position_range", "political_position_std", "speaker_model_name", "speaker_type", "vector_based_persona_string", "vector_based_persona_sys_prompt"
[2025-11-04 17:07:44,878] [INFO] Correct state used; State of type GenerationAgentsState; 'IGNORE THE ABOVE ERRORS'.
[2025-11-04 17:07:44,878] [INFO] ENTER: 'UtteranceClassificationAgent' calling '_classify_sentence_utterance_types'; CURRENT SPEAKER: grok-4_mas, DIALOGUE TURN NUM = 4.
[2025-11-04 17:07:45,213] [INFO] 'UtteranceClassificationAgent' completion returned and validated from MODEL = 'ModelName.GROK_4'.
[2025-11-04 17:07:45,578] [INFO] 'UtteranceClassificationAgent' completion returned and validated from MODEL = 'ModelName.GROK_4'.
[2025-11-04 17:07:45,952] [INFO] 'UtteranceClassificationAgent' completion returned and validated from MODEL = 'ModelName.GROK_4'.
[2025-11-04 17:07:46,314] [INFO] 'UtteranceClassificationAgent' completion returned and validated from MODEL = 'ModelName.GROK_4'.
[2025-11-04 17:07:46,719] [INFO] 'UtteranceClassificationAgent' completion returned and validated from MODEL = 'ModelName.GROK_4'.
[2025-11-04 17:07:47,069] [INFO] 'UtteranceClassificationAgent' completion returned and validated from MODEL = 'ModelName.GROK_4'.
[2025-11-04 17:07:47,414] [INFO] 'UtteranceClassificationAgent' completion returned and validated from MODEL = 'ModelName.GROK_4'.
[2025-11-04 17:07:47,758] [INFO] 'UtteranceClassificationAgent' completion returned and validated from MODEL = 'ModelName.GROK_4'.
[2025-11-04 17:07:48,235] [INFO] 'UtteranceClassificationAgent' completion returned and validated from MODEL = 'ModelName.GROK_4'.
[2025-11-04 17:07:48,578] [INFO] 'UtteranceClassificationAgent' completion returned and validated from MODEL = 'ModelName.GROK_4'.
[2025-11-04 17:07:48,578] [INFO] EXIT: 'UtteranceClassificationAgent' calling '_classify_sentence_utterance_types' (3.70009446144104 secs).
[2025-11-04 17:07:48,578] [INFO] ENTER: 'UtteranceClassificationAgent' calling 'return_classified_sentences'; CURRENT SPEAKER: grok-4_mas, DIALOGUE TURN NUM = 4.
[2025-11-04 17:07:48,578] [INFO] EXIT: 'UtteranceClassificationAgent' calling 'return_classified_sentences' (1.6689300537109375e-06 secs).
[2025-11-04 17:07:48,581] [INFO] ENTER: 'DialogueMoveGenerator' calling 'generate'; CURRENT SPEAKER: grok-4_mas, DIALOGUE TURN NUM = 4.
[2025-11-04 17:07:48,581] [INFO] ENTER: 'MASPromptGenerator' calling 'claim'; CURRENT SPEAKER: grok-4_mas, DIALOGUE TURN NUM = 4.
[2025-11-04 17:07:48,581] [INFO] EXIT: 'MASPromptGenerator' calling 'claim' (4.124641418457031e-05 secs).
[2025-11-04 17:07:48,582] [INFO] ENTER: 'DialogueMoveGenerator' calling 'generate'; CURRENT SPEAKER: grok-4_mas, DIALOGUE TURN NUM = 4.
[2025-11-04 17:07:48,582] [INFO] ENTER: 'MASPromptGenerator' calling 'claim_negation'; CURRENT SPEAKER: grok-4_mas, DIALOGUE TURN NUM = 4.
[2025-11-04 17:07:48,582] [INFO] EXIT: 'MASPromptGenerator' calling 'claim_negation' (4.76837158203125e-05 secs).
[2025-11-04 17:07:48,583] [INFO] ENTER: 'DialogueMoveGenerator' calling 'generate'; CURRENT SPEAKER: grok-4_mas, DIALOGUE TURN NUM = 4.
[2025-11-04 17:07:48,583] [INFO] ENTER: 'MASPromptGenerator' calling 'concede_claim'; CURRENT SPEAKER: grok-4_mas, DIALOGUE TURN NUM = 4.
[2025-11-04 17:07:48,583] [INFO] EXIT: 'MASPromptGenerator' calling 'concede_claim' (5.078315734863281e-05 secs).
[2025-11-04 17:07:48,585] [INFO] ENTER: 'DialogueMoveGenerator' calling 'generate'; CURRENT SPEAKER: grok-4_mas, DIALOGUE TURN NUM = 4.
[2025-11-04 17:07:48,585] [INFO] ENTER: 'MASPromptGenerator' calling 'question_claim'; CURRENT SPEAKER: grok-4_mas, DIALOGUE TURN NUM = 4.
[2025-11-04 17:07:48,585] [INFO] EXIT: 'MASPromptGenerator' calling 'question_claim' (5.14984130859375e-05 secs).
[2025-11-04 17:07:48,586] [INFO] ENTER: 'DialogueMoveGenerator' calling 'generate'; CURRENT SPEAKER: grok-4_mas, DIALOGUE TURN NUM = 4.
[2025-11-04 17:07:48,586] [INFO] ENTER: 'MASPromptGenerator' calling 'retract_claim'; CURRENT SPEAKER: grok-4_mas, DIALOGUE TURN NUM = 4.
[2025-11-04 17:07:48,586] [INFO] EXIT: 'MASPromptGenerator' calling 'retract_claim' (4.76837158203125e-05 secs).
[2025-11-04 17:07:48,586] [INFO] ENTER: 'DialogueMoveGenerator' calling 'generate'; CURRENT SPEAKER: grok-4_mas, DIALOGUE TURN NUM = 4.
[2025-11-04 17:07:48,587] [INFO] ENTER: 'MASPromptGenerator' calling 'why_claim'; CURRENT SPEAKER: grok-4_mas, DIALOGUE TURN NUM = 4.
[2025-11-04 17:07:48,587] [INFO] EXIT: 'MASPromptGenerator' calling 'why_claim' (5.4836273193359375e-05 secs).
[2025-11-04 17:07:49,966] [INFO] Completion returned and validated from MODEL = 'grok-4'.
[2025-11-04 17:07:49,966] [INFO] EXIT: 'DialogueMoveGenerator' calling 'generate' (1.3847637176513672 secs).
[2025-11-04 17:07:50,066] [INFO] Completion returned and validated from MODEL = 'grok-4'.
[2025-11-04 17:07:50,313] [INFO] Completion returned and validated from MODEL = 'grok-4'.
[2025-11-04 17:07:50,313] [INFO] EXIT: 'DialogueMoveGenerator' calling 'generate' (1.7271387577056885 secs).
[2025-11-04 17:07:50,421] [INFO] Completion returned and validated from MODEL = 'grok-4'.
[2025-11-04 17:07:50,437] [INFO] Completion returned and validated from MODEL = 'grok-4'.
[2025-11-04 17:07:50,473] [INFO] Completion returned and validated from MODEL = 'grok-4'.
[2025-11-04 17:07:51,985] [INFO] Completion returned and validated from MODEL = 'grok-4'.
[2025-11-04 17:07:52,034] [INFO] Completion returned and validated from MODEL = 'grok-4'.
[2025-11-04 17:07:52,063] [INFO] Completion returned and validated from MODEL = 'grok-4'.
[2025-11-04 17:07:52,447] [INFO] Completion returned and validated from MODEL = 'grok-4'.
[2025-11-04 17:07:53,150] [INFO] Completion returned and validated from MODEL = 'grok-4'.
[2025-11-04 17:07:53,387] [INFO] Completion returned and validated from MODEL = 'grok-4'.
[2025-11-04 17:07:53,466] [INFO] Completion returned and validated from MODEL = 'grok-4'.
[2025-11-04 17:07:54,007] [INFO] Completion returned and validated from MODEL = 'grok-4'.
[2025-11-04 17:07:54,726] [INFO] Completion returned and validated from MODEL = 'grok-4'.
[2025-11-04 17:07:54,813] [INFO] Completion returned and validated from MODEL = 'grok-4'.
[2025-11-04 17:07:54,871] [INFO] Completion returned and validated from MODEL = 'grok-4'.
[2025-11-04 17:07:55,743] [INFO] Completion returned and validated from MODEL = 'grok-4'.
[2025-11-04 17:07:56,243] [INFO] Completion returned and validated from MODEL = 'grok-4'.
[2025-11-04 17:07:56,609] [INFO] Completion returned and validated from MODEL = 'grok-4'.
[2025-11-04 17:07:56,609] [INFO] EXIT: 'DialogueMoveGenerator' calling 'generate' (8.02660870552063 secs).
[2025-11-04 17:07:56,618] [INFO] Completion returned and validated from MODEL = 'grok-4'.
[2025-11-04 17:07:57,187] [INFO] Completion returned and validated from MODEL = 'grok-4'.
[2025-11-04 17:07:57,325] [INFO] Completion returned and validated from MODEL = 'grok-4'.
[2025-11-04 17:07:58,199] [INFO] Completion returned and validated from MODEL = 'grok-4'.
[2025-11-04 17:07:58,466] [INFO] Completion returned and validated from MODEL = 'grok-4'.
[2025-11-04 17:07:58,551] [INFO] Completion returned and validated from MODEL = 'grok-4'.
[2025-11-04 17:07:59,588] [INFO] Completion returned and validated from MODEL = 'grok-4'.
[2025-11-04 17:07:59,692] [INFO] Completion returned and validated from MODEL = 'grok-4'.
[2025-11-04 17:07:59,925] [INFO] Completion returned and validated from MODEL = 'grok-4'.
[2025-11-04 17:08:00,635] [INFO] Completion returned and validated from MODEL = 'grok-4'.
[2025-11-04 17:08:00,635] [INFO] EXIT: 'DialogueMoveGenerator' calling 'generate' (12.052261352539062 secs).
[2025-11-04 17:08:00,765] [INFO] Completion returned and validated from MODEL = 'grok-4'.
[2025-11-04 17:08:01,721] [INFO] Completion returned and validated from MODEL = 'grok-4'.
[2025-11-04 17:08:02,013] [INFO] Completion returned and validated from MODEL = 'grok-4'.
[2025-11-04 17:08:02,013] [INFO] EXIT: 'DialogueMoveGenerator' calling 'generate' (13.426287174224854 secs).
[2025-11-04 17:08:03,075] [INFO] Completion returned and validated from MODEL = 'grok-4'.
[2025-11-04 17:08:03,075] [INFO] EXIT: 'DialogueMoveGenerator' calling 'generate' (14.490241765975952 secs).
[2025-11-04 17:08:03,076] [INFO] ENTER: 'MASPromptGenerator' calling 'persuasiveness_choice'; CURRENT SPEAKER: grok-4_mas, DIALOGUE TURN NUM = 4.
[2025-11-04 17:08:03,076] [INFO] EXIT: 'MASPromptGenerator' calling 'persuasiveness_choice' (0.0002856254577636719 secs).
[2025-11-04 17:08:05,178] [INFO] Completion returned and validated within 'PersuasivenessChoiceAgent'; MODEL = 'grok-4'; DIALOGUE TURN NUM = 4.
[2025-11-04 17:08:07,162] [INFO] Completion returned and validated within 'PersuasivenessChoiceAgent'; MODEL = 'grok-4'; DIALOGUE TURN NUM = 4.
[2025-11-04 17:08:08,786] [INFO] Completion returned and validated within 'PersuasivenessChoiceAgent'; MODEL = 'grok-4'; DIALOGUE TURN NUM = 4.
[2025-11-04 17:08:10,714] [INFO] Completion returned and validated within 'PersuasivenessChoiceAgent'; MODEL = 'grok-4'; DIALOGUE TURN NUM = 4.
[2025-11-04 17:08:12,187] [INFO] Completion returned and validated within 'PersuasivenessChoiceAgent'; MODEL = 'grok-4'; DIALOGUE TURN NUM = 4.
[2025-11-04 17:08:14,088] [INFO] Completion returned and validated within 'PersuasivenessChoiceAgent'; MODEL = 'grok-4'; DIALOGUE TURN NUM = 4.
[2025-11-04 17:08:15,886] [INFO] Completion returned and validated within 'PersuasivenessChoiceAgent'; MODEL = 'grok-4'; DIALOGUE TURN NUM = 4.
[2025-11-04 17:08:17,379] [INFO] Completion returned and validated within 'PersuasivenessChoiceAgent'; MODEL = 'grok-4'; DIALOGUE TURN NUM = 4.
[2025-11-04 17:08:19,222] [INFO] Completion returned and validated within 'PersuasivenessChoiceAgent'; MODEL = 'grok-4'; DIALOGUE TURN NUM = 4.
[2025-11-04 17:08:20,659] [INFO] Completion returned and validated within 'PersuasivenessChoiceAgent'; MODEL = 'grok-4'; DIALOGUE TURN NUM = 4.
[2025-11-04 17:08:20,660] [INFO] ENTER: 'DisambiguationAgent' calling '_grouping_similar_utterance_types'; CURRENT SPEAKER: grok-4_mas, DIALOGUE TURN NUM = 4.
[2025-11-04 17:08:20,660] [INFO] EXIT: 'DisambiguationAgent' calling '_grouping_similar_utterance_types' (2.0265579223632812e-05 secs).
[2025-11-04 17:08:20,660] [INFO] ENTER: 'DisambiguationAgent' calling '_identifying_similar_sentences_and_choosing_one_to_return_to_user'; CURRENT SPEAKER: grok-4_mas, DIALOGUE TURN NUM = 4.
[2025-11-04 17:08:23,678] [INFO] 'DisambiguationAgent' grouped similar sentences, completion returned and validated; MODEL = 'grok-4'.
[2025-11-04 17:08:24,237] [INFO] 'DisambiguationAgent' chose sentences to remove, completion returned and validated from MODEL = 'grok-4'.
[2025-11-04 17:08:24,987] [INFO] 'DisambiguationAgent' chose sentences to remove, completion returned and validated from MODEL = 'grok-4'.
[2025-11-04 17:08:25,987] [INFO] 'DisambiguationAgent' chose sentences to remove, completion returned and validated from MODEL = 'grok-4'.
[2025-11-04 17:08:25,988] [INFO] EXIT: 'DisambiguationAgent' calling '_identifying_similar_sentences_and_choosing_one_to_return_to_user' (5.327246189117432 secs).
[2025-11-04 17:08:25,988] [INFO] ENTER: 'DisambiguationAgent' calling '_identifying_similar_sentences_and_choosing_one_to_return_to_user'; CURRENT SPEAKER: grok-4_mas, DIALOGUE TURN NUM = 4.
[2025-11-04 17:08:31,093] [INFO] 'DisambiguationAgent' grouped similar sentences, completion returned and validated; MODEL = 'grok-4'.
[2025-11-04 17:08:31,609] [INFO] 'DisambiguationAgent' chose sentences to remove, completion returned and validated from MODEL = 'grok-4'.
[2025-11-04 17:08:34,692] [ERROR] 'DisambiguationAgent' could not choose sentences to remove, completion not validated; MODEL = 'grok-4'; 
 REASON: 

 1 validation error for PersuasivenessChoice
  Invalid JSON: trailing characters at line 3 column 1 [type=json_invalid, input_value='{"Choice": "How do you e... healthcare innovation.', input_type=str]
    For further information visit https://errors.pydantic.dev/2.12/v/json_invalid
[2025-11-04 17:08:34,692] [ERROR] grok-4 failed to disambiguate sentences, model response: 
	 None
[2025-11-04 17:08:35,267] [INFO] 'DisambiguationAgent' chose sentences to remove, completion returned and validated from MODEL = 'grok-4'.
[2025-11-04 17:08:35,922] [INFO] 'DisambiguationAgent' chose sentences to remove, completion returned and validated from MODEL = 'grok-4'.
[2025-11-04 17:08:35,922] [INFO] EXIT: 'DisambiguationAgent' calling '_identifying_similar_sentences_and_choosing_one_to_return_to_user' (9.934405088424683 secs).
[2025-11-04 17:08:35,922] [INFO] ENTER: 'DisambiguationAgent' calling '_removing_repetitive_sentences'; CURRENT SPEAKER: grok-4_mas, DIALOGUE TURN NUM = 4.
[2025-11-04 17:08:35,922] [INFO] EXIT: 'DisambiguationAgent' calling '_removing_repetitive_sentences' (2.9802322387695312e-05 secs).
[2025-11-04 17:08:35,922] [INFO] ENTER: 'DisambiguationAgent' calling '_choose_the_most_persuasive_sentences'; CURRENT SPEAKER: grok-4_mas, DIALOGUE TURN NUM = 4.
[2025-11-04 17:08:38,454] [INFO] 'DisambiguationAgent': reached maximum allowed sentences, succussfully chose most persuasive sentences, completion returned and validated from MODEL = 'grok-4'.
[2025-11-04 17:08:38,454] [INFO] EXIT: 'DisambiguationAgent' calling '_choose_the_most_persuasive_sentences' (2.532167673110962 secs).
[2025-11-04 17:08:38,454] [INFO] ENTER: 'DisambiguationAgent' calling 'return_disambiguated_sentences'; CURRENT SPEAKER: grok-4_mas, DIALOGUE TURN NUM = 4.
[2025-11-04 17:08:38,454] [INFO] EXIT: 'DisambiguationAgent' calling 'return_disambiguated_sentences' (2.6226043701171875e-06 secs).
[2025-11-04 17:08:38,455] [ERROR] Wrong state used; State of type HumanState; error message: dict has unexpected extra key(s): "graph_rag_examples", "intermediate_generations", "knowledge_base_ensemble_or_model_name", "model_seed", "model_temp", "model_top_p", "number_of_graph_rag_examples", "number_of_vector_based_rag_examples", "political_position_prob_of_na", "political_position_range", "political_position_std", "speaker_model_name", "speaker_type", "vector_based_persona_string", "vector_based_persona_sys_prompt"
[2025-11-04 17:08:38,455] [INFO] Correct state used; State of type GenerationAgentsState; 'IGNORE THE ABOVE ERRORS'.
[2025-11-04 17:08:38,797] [INFO] 'commitment_update' completed '___Claim___' update for current speaker's commitments; MODEL = 'grok-4'.
[2025-11-04 17:08:39,121] [INFO] 'commitment_update' completed '___Claim___' update for current speaker's commitments; MODEL = 'grok-4'.
[2025-11-04 17:08:39,433] [INFO] 'commitment_update' completed '___Claim___' update for current speaker's commitments; MODEL = 'grok-4'.
[2025-11-04 17:08:39,825] [INFO] 'commitment_update' completed '___Claim___' update for current speaker's commitments; MODEL = 'grok-4'.
[2025-11-04 17:08:39,911] [ERROR] Wrong state used; State of type HumanState; error message: dict has unexpected extra key(s): "graph_rag_examples", "intermediate_generations", "knowledge_base_ensemble_or_model_name", "model_seed", "model_temp", "model_top_p", "number_of_graph_rag_examples", "number_of_vector_based_rag_examples", "political_position_prob_of_na", "political_position_range", "political_position_std", "speaker_model_name", "speaker_type", "vector_based_persona_string", "vector_based_persona_sys_prompt"
[2025-11-04 17:08:39,911] [INFO] Correct state used; State of type GenerationAgentsState; 'IGNORE THE ABOVE ERRORS'.
[2025-11-04 17:08:39,912] [INFO] ENTER: 'UtteranceClassificationAgent' calling '_classify_sentence_utterance_types'; CURRENT SPEAKER: grok-4_mas_rag, DIALOGUE TURN NUM = 5.
[2025-11-04 17:08:40,266] [INFO] 'UtteranceClassificationAgent' completion returned and validated from MODEL = 'ModelName.GROK_4'.
[2025-11-04 17:08:40,676] [INFO] 'UtteranceClassificationAgent' completion returned and validated from MODEL = 'ModelName.GROK_4'.
[2025-11-04 17:08:40,993] [INFO] 'UtteranceClassificationAgent' completion returned and validated from MODEL = 'ModelName.GROK_4'.
[2025-11-04 17:08:41,391] [INFO] 'UtteranceClassificationAgent' completion returned and validated from MODEL = 'ModelName.GROK_4'.
[2025-11-04 17:08:41,729] [INFO] 'UtteranceClassificationAgent' completion returned and validated from MODEL = 'ModelName.GROK_4'.
[2025-11-04 17:08:42,061] [INFO] 'UtteranceClassificationAgent' completion returned and validated from MODEL = 'ModelName.GROK_4'.
[2025-11-04 17:08:42,449] [INFO] 'UtteranceClassificationAgent' completion returned and validated from MODEL = 'ModelName.GROK_4'.
[2025-11-04 17:08:42,790] [INFO] 'UtteranceClassificationAgent' completion returned and validated from MODEL = 'ModelName.GROK_4'.
[2025-11-04 17:08:43,113] [INFO] 'UtteranceClassificationAgent' completion returned and validated from MODEL = 'ModelName.GROK_4'.
[2025-11-04 17:08:43,113] [INFO] EXIT: 'UtteranceClassificationAgent' calling '_classify_sentence_utterance_types' (3.2012741565704346 secs).
[2025-11-04 17:08:43,113] [INFO] ENTER: 'UtteranceClassificationAgent' calling 'return_classified_sentences'; CURRENT SPEAKER: grok-4_mas_rag, DIALOGUE TURN NUM = 5.
[2025-11-04 17:08:43,113] [INFO] EXIT: 'UtteranceClassificationAgent' calling 'return_classified_sentences' (2.1457672119140625e-06 secs).
[2025-11-04 17:08:43,136] [INFO] ENTER: 'GraphRAG' calling 'why'; CURRENT SPEAKER: grok-4_mas_rag, DIALOGUE TURN NUM = 5.
[2025-11-04 17:08:43,136] [INFO] ENTER: 'GraphRAG' calling 'query_graph'; CURRENT SPEAKER: grok-4_mas_rag, DIALOGUE TURN NUM = 5.
[2025-11-04 17:08:43,817] [INFO] EXIT: 'GraphRAG' calling 'query_graph' (0.6809999942779541 secs).
[2025-11-04 17:08:43,817] [INFO] EXIT: 'GraphRAG' calling 'why' (0.6813960075378418 secs).
[2025-11-04 17:08:43,817] [INFO] ENTER: 'GraphRAG' calling 'claim_negation'; CURRENT SPEAKER: grok-4_mas_rag, DIALOGUE TURN NUM = 5.
[2025-11-04 17:08:43,817] [INFO] ENTER: 'GraphRAG' calling 'query_graph'; CURRENT SPEAKER: grok-4_mas_rag, DIALOGUE TURN NUM = 5.
[2025-11-04 17:08:44,470] [INFO] EXIT: 'GraphRAG' calling 'query_graph' (0.6523776054382324 secs).
[2025-11-04 17:08:44,470] [INFO] EXIT: 'GraphRAG' calling 'claim_negation' (0.6527760028839111 secs).
[2025-11-04 17:08:44,470] [INFO] ENTER: 'GraphRAG' calling 'concede'; CURRENT SPEAKER: grok-4_mas_rag, DIALOGUE TURN NUM = 5.
[2025-11-04 17:08:44,470] [INFO] ENTER: 'GraphRAG' calling 'query_graph'; CURRENT SPEAKER: grok-4_mas_rag, DIALOGUE TURN NUM = 5.
[2025-11-04 17:08:45,151] [INFO] EXIT: 'GraphRAG' calling 'query_graph' (0.6810712814331055 secs).
[2025-11-04 17:08:45,152] [INFO] EXIT: 'GraphRAG' calling 'concede' (0.6814858913421631 secs).
[2025-11-04 17:08:45,152] [INFO] ENTER: 'GraphRAG' calling 'question'; CURRENT SPEAKER: grok-4_mas_rag, DIALOGUE TURN NUM = 5.
[2025-11-04 17:08:45,152] [INFO] ENTER: 'GraphRAG' calling 'query_graph'; CURRENT SPEAKER: grok-4_mas_rag, DIALOGUE TURN NUM = 5.
[2025-11-04 17:08:45,282] [INFO] EXIT: 'GraphRAG' calling 'query_graph' (0.13026833534240723 secs).
[2025-11-04 17:08:45,282] [INFO] EXIT: 'GraphRAG' calling 'question' (0.13065218925476074 secs).
[2025-11-04 17:08:45,299] [INFO] ENTER: 'GraphRAG' calling 'why'; CURRENT SPEAKER: grok-4_mas_rag, DIALOGUE TURN NUM = 5.
[2025-11-04 17:08:45,300] [INFO] ENTER: 'GraphRAG' calling 'query_graph'; CURRENT SPEAKER: grok-4_mas_rag, DIALOGUE TURN NUM = 5.
[2025-11-04 17:08:45,979] [INFO] EXIT: 'GraphRAG' calling 'query_graph' (0.6790099143981934 secs).
[2025-11-04 17:08:45,979] [INFO] EXIT: 'GraphRAG' calling 'why' (0.6793951988220215 secs).
[2025-11-04 17:08:45,979] [INFO] ENTER: 'GraphRAG' calling 'claim_negation'; CURRENT SPEAKER: grok-4_mas_rag, DIALOGUE TURN NUM = 5.
[2025-11-04 17:08:45,979] [INFO] ENTER: 'GraphRAG' calling 'query_graph'; CURRENT SPEAKER: grok-4_mas_rag, DIALOGUE TURN NUM = 5.
[2025-11-04 17:08:46,633] [INFO] EXIT: 'GraphRAG' calling 'query_graph' (0.6538832187652588 secs).
[2025-11-04 17:08:46,633] [INFO] EXIT: 'GraphRAG' calling 'claim_negation' (0.6543216705322266 secs).
[2025-11-04 17:08:46,633] [INFO] ENTER: 'GraphRAG' calling 'concede'; CURRENT SPEAKER: grok-4_mas_rag, DIALOGUE TURN NUM = 5.
[2025-11-04 17:08:46,634] [INFO] ENTER: 'GraphRAG' calling 'query_graph'; CURRENT SPEAKER: grok-4_mas_rag, DIALOGUE TURN NUM = 5.
[2025-11-04 17:08:47,316] [INFO] EXIT: 'GraphRAG' calling 'query_graph' (0.6819214820861816 secs).
[2025-11-04 17:08:47,316] [INFO] EXIT: 'GraphRAG' calling 'concede' (0.6822860240936279 secs).
[2025-11-04 17:08:47,316] [INFO] ENTER: 'GraphRAG' calling 'question'; CURRENT SPEAKER: grok-4_mas_rag, DIALOGUE TURN NUM = 5.
[2025-11-04 17:08:47,316] [INFO] ENTER: 'GraphRAG' calling 'query_graph'; CURRENT SPEAKER: grok-4_mas_rag, DIALOGUE TURN NUM = 5.
[2025-11-04 17:08:47,443] [INFO] EXIT: 'GraphRAG' calling 'query_graph' (0.12662267684936523 secs).
[2025-11-04 17:08:47,443] [INFO] EXIT: 'GraphRAG' calling 'question' (0.12699365615844727 secs).
[2025-11-04 17:08:47,460] [INFO] ENTER: 'GraphRAG' calling 'why'; CURRENT SPEAKER: grok-4_mas_rag, DIALOGUE TURN NUM = 5.
[2025-11-04 17:08:47,460] [INFO] ENTER: 'GraphRAG' calling 'query_graph'; CURRENT SPEAKER: grok-4_mas_rag, DIALOGUE TURN NUM = 5.
[2025-11-04 17:08:48,139] [INFO] EXIT: 'GraphRAG' calling 'query_graph' (0.6788938045501709 secs).
[2025-11-04 17:08:48,139] [INFO] EXIT: 'GraphRAG' calling 'why' (0.6793217658996582 secs).
[2025-11-04 17:08:48,139] [INFO] ENTER: 'GraphRAG' calling 'claim_negation'; CURRENT SPEAKER: grok-4_mas_rag, DIALOGUE TURN NUM = 5.
[2025-11-04 17:08:48,139] [INFO] ENTER: 'GraphRAG' calling 'query_graph'; CURRENT SPEAKER: grok-4_mas_rag, DIALOGUE TURN NUM = 5.
[2025-11-04 17:08:48,794] [INFO] EXIT: 'GraphRAG' calling 'query_graph' (0.6545751094818115 secs).
[2025-11-04 17:08:48,794] [INFO] EXIT: 'GraphRAG' calling 'claim_negation' (0.654994010925293 secs).
[2025-11-04 17:08:48,794] [INFO] ENTER: 'GraphRAG' calling 'concede'; CURRENT SPEAKER: grok-4_mas_rag, DIALOGUE TURN NUM = 5.
[2025-11-04 17:08:48,794] [INFO] ENTER: 'GraphRAG' calling 'query_graph'; CURRENT SPEAKER: grok-4_mas_rag, DIALOGUE TURN NUM = 5.
[2025-11-04 17:08:49,477] [INFO] EXIT: 'GraphRAG' calling 'query_graph' (0.6822695732116699 secs).
[2025-11-04 17:08:49,477] [INFO] EXIT: 'GraphRAG' calling 'concede' (0.6826527118682861 secs).
[2025-11-04 17:08:49,477] [INFO] ENTER: 'GraphRAG' calling 'question'; CURRENT SPEAKER: grok-4_mas_rag, DIALOGUE TURN NUM = 5.
[2025-11-04 17:08:49,477] [INFO] ENTER: 'GraphRAG' calling 'query_graph'; CURRENT SPEAKER: grok-4_mas_rag, DIALOGUE TURN NUM = 5.
[2025-11-04 17:08:49,604] [INFO] EXIT: 'GraphRAG' calling 'query_graph' (0.12642765045166016 secs).
[2025-11-04 17:08:49,604] [INFO] EXIT: 'GraphRAG' calling 'question' (0.1268167495727539 secs).
[2025-11-04 17:08:49,620] [INFO] ENTER: 'GraphRAG' calling 'why'; CURRENT SPEAKER: grok-4_mas_rag, DIALOGUE TURN NUM = 5.
[2025-11-04 17:08:49,620] [INFO] ENTER: 'GraphRAG' calling 'query_graph'; CURRENT SPEAKER: grok-4_mas_rag, DIALOGUE TURN NUM = 5.
[2025-11-04 17:08:50,302] [INFO] EXIT: 'GraphRAG' calling 'query_graph' (0.6816678047180176 secs).
[2025-11-04 17:08:50,302] [INFO] EXIT: 'GraphRAG' calling 'why' (0.6821086406707764 secs).
[2025-11-04 17:08:50,302] [INFO] ENTER: 'GraphRAG' calling 'claim_negation'; CURRENT SPEAKER: grok-4_mas_rag, DIALOGUE TURN NUM = 5.
[2025-11-04 17:08:50,302] [INFO] ENTER: 'GraphRAG' calling 'query_graph'; CURRENT SPEAKER: grok-4_mas_rag, DIALOGUE TURN NUM = 5.
[2025-11-04 17:08:50,954] [INFO] EXIT: 'GraphRAG' calling 'query_graph' (0.6518518924713135 secs).
[2025-11-04 17:08:50,954] [INFO] EXIT: 'GraphRAG' calling 'claim_negation' (0.6522841453552246 secs).
[2025-11-04 17:08:50,955] [INFO] ENTER: 'GraphRAG' calling 'concede'; CURRENT SPEAKER: grok-4_mas_rag, DIALOGUE TURN NUM = 5.
[2025-11-04 17:08:50,955] [INFO] ENTER: 'GraphRAG' calling 'query_graph'; CURRENT SPEAKER: grok-4_mas_rag, DIALOGUE TURN NUM = 5.
[2025-11-04 17:08:51,637] [INFO] EXIT: 'GraphRAG' calling 'query_graph' (0.6821527481079102 secs).
[2025-11-04 17:08:51,637] [INFO] EXIT: 'GraphRAG' calling 'concede' (0.6825494766235352 secs).
[2025-11-04 17:08:51,637] [INFO] ENTER: 'GraphRAG' calling 'question'; CURRENT SPEAKER: grok-4_mas_rag, DIALOGUE TURN NUM = 5.
[2025-11-04 17:08:51,637] [INFO] ENTER: 'GraphRAG' calling 'query_graph'; CURRENT SPEAKER: grok-4_mas_rag, DIALOGUE TURN NUM = 5.
[2025-11-04 17:08:51,765] [INFO] EXIT: 'GraphRAG' calling 'query_graph' (0.12723326683044434 secs).
[2025-11-04 17:08:51,765] [INFO] EXIT: 'GraphRAG' calling 'question' (0.12760496139526367 secs).
[2025-11-04 17:08:51,781] [INFO] ENTER: 'GraphRAG' calling 'why'; CURRENT SPEAKER: grok-4_mas_rag, DIALOGUE TURN NUM = 5.
[2025-11-04 17:08:51,781] [INFO] ENTER: 'GraphRAG' calling 'query_graph'; CURRENT SPEAKER: grok-4_mas_rag, DIALOGUE TURN NUM = 5.
[2025-11-04 17:08:52,461] [INFO] EXIT: 'GraphRAG' calling 'query_graph' (0.6795330047607422 secs).
[2025-11-04 17:08:52,461] [INFO] EXIT: 'GraphRAG' calling 'why' (0.6799421310424805 secs).
[2025-11-04 17:08:52,461] [INFO] ENTER: 'GraphRAG' calling 'claim_negation'; CURRENT SPEAKER: grok-4_mas_rag, DIALOGUE TURN NUM = 5.
[2025-11-04 17:08:52,461] [INFO] ENTER: 'GraphRAG' calling 'query_graph'; CURRENT SPEAKER: grok-4_mas_rag, DIALOGUE TURN NUM = 5.
[2025-11-04 17:08:53,113] [INFO] EXIT: 'GraphRAG' calling 'query_graph' (0.6517059803009033 secs).
[2025-11-04 17:08:53,113] [INFO] EXIT: 'GraphRAG' calling 'claim_negation' (0.6521515846252441 secs).
[2025-11-04 17:08:53,113] [INFO] ENTER: 'GraphRAG' calling 'concede'; CURRENT SPEAKER: grok-4_mas_rag, DIALOGUE TURN NUM = 5.
[2025-11-04 17:08:53,113] [INFO] ENTER: 'GraphRAG' calling 'query_graph'; CURRENT SPEAKER: grok-4_mas_rag, DIALOGUE TURN NUM = 5.
[2025-11-04 17:08:53,796] [INFO] EXIT: 'GraphRAG' calling 'query_graph' (0.6827607154846191 secs).
[2025-11-04 17:08:53,796] [INFO] EXIT: 'GraphRAG' calling 'concede' (0.6831600666046143 secs).
[2025-11-04 17:08:53,796] [INFO] ENTER: 'GraphRAG' calling 'question'; CURRENT SPEAKER: grok-4_mas_rag, DIALOGUE TURN NUM = 5.
[2025-11-04 17:08:53,797] [INFO] ENTER: 'GraphRAG' calling 'query_graph'; CURRENT SPEAKER: grok-4_mas_rag, DIALOGUE TURN NUM = 5.
[2025-11-04 17:08:53,924] [INFO] EXIT: 'GraphRAG' calling 'query_graph' (0.1269545555114746 secs).
[2025-11-04 17:08:53,924] [INFO] EXIT: 'GraphRAG' calling 'question' (0.12731337547302246 secs).
[2025-11-04 17:08:53,939] [INFO] ENTER: 'GraphRAG' calling 'why'; CURRENT SPEAKER: grok-4_mas_rag, DIALOGUE TURN NUM = 5.
[2025-11-04 17:08:53,940] [INFO] ENTER: 'GraphRAG' calling 'query_graph'; CURRENT SPEAKER: grok-4_mas_rag, DIALOGUE TURN NUM = 5.
[2025-11-04 17:08:54,620] [INFO] EXIT: 'GraphRAG' calling 'query_graph' (0.6797525882720947 secs).
[2025-11-04 17:08:54,620] [INFO] EXIT: 'GraphRAG' calling 'why' (0.6801221370697021 secs).
[2025-11-04 17:08:54,620] [INFO] ENTER: 'GraphRAG' calling 'claim_negation'; CURRENT SPEAKER: grok-4_mas_rag, DIALOGUE TURN NUM = 5.
[2025-11-04 17:08:54,620] [INFO] ENTER: 'GraphRAG' calling 'query_graph'; CURRENT SPEAKER: grok-4_mas_rag, DIALOGUE TURN NUM = 5.
[2025-11-04 17:08:55,271] [INFO] EXIT: 'GraphRAG' calling 'query_graph' (0.6508352756500244 secs).
[2025-11-04 17:08:55,271] [INFO] EXIT: 'GraphRAG' calling 'claim_negation' (0.6512119770050049 secs).
[2025-11-04 17:08:55,271] [INFO] ENTER: 'GraphRAG' calling 'concede'; CURRENT SPEAKER: grok-4_mas_rag, DIALOGUE TURN NUM = 5.
[2025-11-04 17:08:55,271] [INFO] ENTER: 'GraphRAG' calling 'query_graph'; CURRENT SPEAKER: grok-4_mas_rag, DIALOGUE TURN NUM = 5.
[2025-11-04 17:08:55,953] [INFO] EXIT: 'GraphRAG' calling 'query_graph' (0.6820051670074463 secs).
[2025-11-04 17:08:55,953] [INFO] EXIT: 'GraphRAG' calling 'concede' (0.6824343204498291 secs).
[2025-11-04 17:08:55,953] [INFO] ENTER: 'GraphRAG' calling 'question'; CURRENT SPEAKER: grok-4_mas_rag, DIALOGUE TURN NUM = 5.
[2025-11-04 17:08:55,954] [INFO] ENTER: 'GraphRAG' calling 'query_graph'; CURRENT SPEAKER: grok-4_mas_rag, DIALOGUE TURN NUM = 5.
[2025-11-04 17:08:56,080] [INFO] EXIT: 'GraphRAG' calling 'query_graph' (0.12648415565490723 secs).
[2025-11-04 17:08:56,080] [INFO] EXIT: 'GraphRAG' calling 'question' (0.12686753273010254 secs).
[2025-11-04 17:08:56,098] [INFO] ENTER: 'GraphRAG' calling 'why'; CURRENT SPEAKER: grok-4_mas_rag, DIALOGUE TURN NUM = 5.
[2025-11-04 17:08:56,098] [INFO] ENTER: 'GraphRAG' calling 'query_graph'; CURRENT SPEAKER: grok-4_mas_rag, DIALOGUE TURN NUM = 5.
[2025-11-04 17:08:56,822] [INFO] EXIT: 'GraphRAG' calling 'query_graph' (0.7240946292877197 secs).
[2025-11-04 17:08:56,823] [INFO] EXIT: 'GraphRAG' calling 'why' (0.7244651317596436 secs).
[2025-11-04 17:08:56,823] [INFO] ENTER: 'GraphRAG' calling 'concede'; CURRENT SPEAKER: grok-4_mas_rag, DIALOGUE TURN NUM = 5.
[2025-11-04 17:08:56,823] [INFO] ENTER: 'GraphRAG' calling 'query_graph'; CURRENT SPEAKER: grok-4_mas_rag, DIALOGUE TURN NUM = 5.
[2025-11-04 17:08:57,502] [INFO] EXIT: 'GraphRAG' calling 'query_graph' (0.6792516708374023 secs).
[2025-11-04 17:08:57,502] [INFO] EXIT: 'GraphRAG' calling 'concede' (0.6796305179595947 secs).
[2025-11-04 17:08:57,502] [INFO] ENTER: 'GraphRAG' calling 'question'; CURRENT SPEAKER: grok-4_mas_rag, DIALOGUE TURN NUM = 5.
[2025-11-04 17:08:57,503] [INFO] ENTER: 'GraphRAG' calling 'query_graph'; CURRENT SPEAKER: grok-4_mas_rag, DIALOGUE TURN NUM = 5.
[2025-11-04 17:08:58,162] [INFO] EXIT: 'GraphRAG' calling 'query_graph' (0.6595866680145264 secs).
[2025-11-04 17:08:58,162] [INFO] EXIT: 'GraphRAG' calling 'question' (0.6600096225738525 secs).
[2025-11-04 17:08:58,178] [INFO] ENTER: 'GraphRAG' calling 'why'; CURRENT SPEAKER: grok-4_mas_rag, DIALOGUE TURN NUM = 5.
[2025-11-04 17:08:58,178] [INFO] ENTER: 'GraphRAG' calling 'query_graph'; CURRENT SPEAKER: grok-4_mas_rag, DIALOGUE TURN NUM = 5.
[2025-11-04 17:08:58,862] [INFO] EXIT: 'GraphRAG' calling 'query_graph' (0.6834828853607178 secs).
[2025-11-04 17:08:58,862] [INFO] EXIT: 'GraphRAG' calling 'why' (0.6838908195495605 secs).
[2025-11-04 17:08:58,862] [INFO] ENTER: 'GraphRAG' calling 'claim_negation'; CURRENT SPEAKER: grok-4_mas_rag, DIALOGUE TURN NUM = 5.
[2025-11-04 17:08:58,862] [INFO] ENTER: 'GraphRAG' calling 'query_graph'; CURRENT SPEAKER: grok-4_mas_rag, DIALOGUE TURN NUM = 5.
[2025-11-04 17:08:59,514] [INFO] EXIT: 'GraphRAG' calling 'query_graph' (0.6521217823028564 secs).
[2025-11-04 17:08:59,514] [INFO] EXIT: 'GraphRAG' calling 'claim_negation' (0.6525514125823975 secs).
[2025-11-04 17:08:59,515] [INFO] ENTER: 'GraphRAG' calling 'concede'; CURRENT SPEAKER: grok-4_mas_rag, DIALOGUE TURN NUM = 5.
[2025-11-04 17:08:59,515] [INFO] ENTER: 'GraphRAG' calling 'query_graph'; CURRENT SPEAKER: grok-4_mas_rag, DIALOGUE TURN NUM = 5.
[2025-11-04 17:09:00,195] [INFO] EXIT: 'GraphRAG' calling 'query_graph' (0.6799435615539551 secs).
[2025-11-04 17:09:00,195] [INFO] EXIT: 'GraphRAG' calling 'concede' (0.680321216583252 secs).
[2025-11-04 17:09:00,195] [INFO] ENTER: 'GraphRAG' calling 'question'; CURRENT SPEAKER: grok-4_mas_rag, DIALOGUE TURN NUM = 5.
[2025-11-04 17:09:00,195] [INFO] ENTER: 'GraphRAG' calling 'query_graph'; CURRENT SPEAKER: grok-4_mas_rag, DIALOGUE TURN NUM = 5.
[2025-11-04 17:09:00,321] [INFO] EXIT: 'GraphRAG' calling 'query_graph' (0.12572169303894043 secs).
[2025-11-04 17:09:00,321] [INFO] EXIT: 'GraphRAG' calling 'question' (0.1261119842529297 secs).
[2025-11-04 17:09:00,337] [INFO] ENTER: 'GraphRAG' calling 'since'; CURRENT SPEAKER: grok-4_mas_rag, DIALOGUE TURN NUM = 5.
[2025-11-04 17:09:00,338] [INFO] ENTER: 'GraphRAG' calling 'query_graph'; CURRENT SPEAKER: grok-4_mas_rag, DIALOGUE TURN NUM = 5.
[2025-11-04 17:09:00,362] [INFO] EXIT: 'GraphRAG' calling 'query_graph' (0.024024009704589844 secs).
[2025-11-04 17:09:00,362] [INFO] EXIT: 'GraphRAG' calling 'since' (0.02435469627380371 secs).
[2025-11-04 17:09:00,362] [INFO] ENTER: 'GraphRAG' calling 'claim'; CURRENT SPEAKER: grok-4_mas_rag, DIALOGUE TURN NUM = 5.
[2025-11-04 17:09:00,362] [INFO] ENTER: 'GraphRAG' calling 'query_graph'; CURRENT SPEAKER: grok-4_mas_rag, DIALOGUE TURN NUM = 5.
[2025-11-04 17:09:00,381] [INFO] EXIT: 'GraphRAG' calling 'query_graph' (0.01877117156982422 secs).
[2025-11-04 17:09:00,381] [INFO] EXIT: 'GraphRAG' calling 'claim' (0.01912236213684082 secs).
[2025-11-04 17:09:00,381] [INFO] ENTER: 'GraphRAG' calling 'return_rag_examples'; CURRENT SPEAKER: grok-4_mas_rag, DIALOGUE TURN NUM = 5.
[2025-11-04 17:09:00,381] [INFO] EXIT: 'GraphRAG' calling 'return_rag_examples' (1.9073486328125e-06 secs).
[2025-11-04 17:09:00,384] [INFO] ENTER: 'DialogueMoveGenerator' calling 'generate'; CURRENT SPEAKER: grok-4_mas_rag, DIALOGUE TURN NUM = 5.
[2025-11-04 17:09:00,384] [INFO] ENTER: 'MASPromptGenerator' calling 'claim'; CURRENT SPEAKER: grok-4_mas_rag, DIALOGUE TURN NUM = 5.
[2025-11-04 17:09:00,384] [INFO] EXIT: 'MASPromptGenerator' calling 'claim' (4.076957702636719e-05 secs).
[2025-11-04 17:09:00,385] [INFO] ENTER: 'DialogueMoveGenerator' calling 'generate'; CURRENT SPEAKER: grok-4_mas_rag, DIALOGUE TURN NUM = 5.
[2025-11-04 17:09:00,385] [INFO] ENTER: 'MASPromptGenerator' calling 'claim_negation'; CURRENT SPEAKER: grok-4_mas_rag, DIALOGUE TURN NUM = 5.
[2025-11-04 17:09:00,386] [INFO] ENTER: 'DialogueMoveGenerator' calling 'generate'; CURRENT SPEAKER: grok-4_mas_rag, DIALOGUE TURN NUM = 5.
[2025-11-04 17:09:00,387] [INFO] ENTER: 'DialogueMoveGenerator' calling 'generate'; CURRENT SPEAKER: grok-4_mas_rag, DIALOGUE TURN NUM = 5.
[2025-11-04 17:09:00,387] [INFO] EXIT: 'MASPromptGenerator' calling 'claim_negation' (6.4849853515625e-05 secs).
[2025-11-04 17:09:00,387] [INFO] ENTER: 'MASPromptGenerator' calling 'concede_claim'; CURRENT SPEAKER: grok-4_mas_rag, DIALOGUE TURN NUM = 5.
[2025-11-04 17:09:00,387] [INFO] ENTER: 'DialogueMoveGenerator' calling 'generate'; CURRENT SPEAKER: grok-4_mas_rag, DIALOGUE TURN NUM = 5.
[2025-11-04 17:09:00,388] [INFO] ENTER: 'DialogueMoveGenerator' calling 'generate'; CURRENT SPEAKER: grok-4_mas_rag, DIALOGUE TURN NUM = 5.
[2025-11-04 17:09:00,388] [INFO] ENTER: 'MASPromptGenerator' calling 'question_claim'; CURRENT SPEAKER: grok-4_mas_rag, DIALOGUE TURN NUM = 5.
[2025-11-04 17:09:00,388] [INFO] ENTER: 'DialogueMoveGenerator' calling 'generate'; CURRENT SPEAKER: grok-4_mas_rag, DIALOGUE TURN NUM = 5.
[2025-11-04 17:09:00,389] [INFO] EXIT: 'MASPromptGenerator' calling 'concede_claim' (6.771087646484375e-05 secs).
[2025-11-04 17:09:00,389] [INFO] ENTER: 'MASPromptGenerator' calling 'retract_claim'; CURRENT SPEAKER: grok-4_mas_rag, DIALOGUE TURN NUM = 5.
[2025-11-04 17:09:00,389] [INFO] ENTER: 'MASPromptGenerator' calling 'since_claim'; CURRENT SPEAKER: grok-4_mas_rag, DIALOGUE TURN NUM = 5.
[2025-11-04 17:09:00,389] [INFO] EXIT: 'MASPromptGenerator' calling 'question_claim' (0.00011014938354492188 secs).
[2025-11-04 17:09:00,389] [INFO] ENTER: 'MASPromptGenerator' calling 'why_claim'; CURRENT SPEAKER: grok-4_mas_rag, DIALOGUE TURN NUM = 5.
[2025-11-04 17:09:00,389] [INFO] EXIT: 'MASPromptGenerator' calling 'retract_claim' (2.8848648071289062e-05 secs).
[2025-11-04 17:09:00,390] [INFO] EXIT: 'MASPromptGenerator' calling 'since_claim' (2.9325485229492188e-05 secs).
[2025-11-04 17:09:00,390] [INFO] EXIT: 'MASPromptGenerator' calling 'why_claim' (3.552436828613281e-05 secs).
[2025-11-04 17:09:01,848] [INFO] Completion returned and validated from MODEL = 'grok-4'.
[2025-11-04 17:09:02,137] [INFO] Completion returned and validated from MODEL = 'grok-4'.
[2025-11-04 17:09:02,252] [INFO] Completion returned and validated from MODEL = 'grok-4'.
[2025-11-04 17:09:02,348] [INFO] Completion returned and validated from MODEL = 'grok-4'.
[2025-11-04 17:09:02,348] [INFO] EXIT: 'DialogueMoveGenerator' calling 'generate' (1.9595272541046143 secs).
[2025-11-04 17:09:02,355] [INFO] Completion returned and validated from MODEL = 'grok-4'.
[2025-11-04 17:09:02,450] [INFO] Completion returned and validated from MODEL = 'grok-4'.
[2025-11-04 17:09:02,450] [INFO] EXIT: 'DialogueMoveGenerator' calling 'generate' (2.0664849281311035 secs).
[2025-11-04 17:09:02,460] [INFO] Completion returned and validated from MODEL = 'grok-4'.
[2025-11-04 17:09:02,460] [INFO] EXIT: 'DialogueMoveGenerator' calling 'generate' (2.0715293884277344 secs).
[2025-11-04 17:09:02,905] [INFO] Completion returned and validated from MODEL = 'grok-4'.
[2025-11-04 17:09:03,677] [INFO] Completion returned and validated from MODEL = 'grok-4'.
[2025-11-04 17:09:03,706] [INFO] Completion returned and validated from MODEL = 'grok-4'.
[2025-11-04 17:09:03,768] [INFO] Completion returned and validated from MODEL = 'grok-4'.
[2025-11-04 17:09:03,886] [INFO] Completion returned and validated from MODEL = 'grok-4'.
[2025-11-04 17:09:04,840] [INFO] Completion returned and validated from MODEL = 'grok-4'.
[2025-11-04 17:09:04,943] [INFO] Completion returned and validated from MODEL = 'grok-4'.
[2025-11-04 17:09:05,038] [INFO] Completion returned and validated from MODEL = 'grok-4'.
[2025-11-04 17:09:05,067] [INFO] Completion returned and validated from MODEL = 'grok-4'.
[2025-11-04 17:09:06,194] [INFO] Completion returned and validated from MODEL = 'grok-4'.
[2025-11-04 17:09:06,253] [INFO] Completion returned and validated from MODEL = 'grok-4'.
[2025-11-04 17:09:06,273] [INFO] Completion returned and validated from MODEL = 'grok-4'.
[2025-11-04 17:09:06,358] [INFO] Completion returned and validated from MODEL = 'grok-4'.
[2025-11-04 17:09:07,492] [INFO] Completion returned and validated from MODEL = 'grok-4'.
[2025-11-04 17:09:07,684] [INFO] Completion returned and validated from MODEL = 'grok-4'.
[2025-11-04 17:09:07,718] [INFO] Completion returned and validated from MODEL = 'grok-4'.
[2025-11-04 17:09:07,771] [INFO] Completion returned and validated from MODEL = 'grok-4'.
[2025-11-04 17:09:08,947] [INFO] Completion returned and validated from MODEL = 'grok-4'.
[2025-11-04 17:09:08,953] [INFO] Completion returned and validated from MODEL = 'grok-4'.
[2025-11-04 17:09:09,046] [INFO] Completion returned and validated from MODEL = 'grok-4'.
[2025-11-04 17:09:09,133] [INFO] Completion returned and validated from MODEL = 'grok-4'.
[2025-11-04 17:09:10,276] [INFO] Completion returned and validated from MODEL = 'grok-4'.
[2025-11-04 17:09:10,325] [INFO] Completion returned and validated from MODEL = 'grok-4'.
[2025-11-04 17:09:10,325] [INFO] EXIT: 'DialogueMoveGenerator' calling 'generate' (9.938470363616943 secs).
[2025-11-04 17:09:10,350] [INFO] Completion returned and validated from MODEL = 'grok-4'.
[2025-11-04 17:09:10,795] [INFO] Completion returned and validated from MODEL = 'grok-4'.
[2025-11-04 17:09:10,795] [INFO] EXIT: 'DialogueMoveGenerator' calling 'generate' (10.41048550605774 secs).
[2025-11-04 17:09:11,407] [INFO] Completion returned and validated from MODEL = 'grok-4'.
[2025-11-04 17:09:11,407] [INFO] EXIT: 'DialogueMoveGenerator' calling 'generate' (11.017806768417358 secs).
[2025-11-04 17:09:11,510] [INFO] Completion returned and validated from MODEL = 'grok-4'.
[2025-11-04 17:09:11,510] [INFO] EXIT: 'DialogueMoveGenerator' calling 'generate' (11.122328519821167 secs).
[2025-11-04 17:09:11,511] [INFO] ENTER: 'MASPromptGenerator' calling 'persuasiveness_choice'; CURRENT SPEAKER: grok-4_mas_rag, DIALOGUE TURN NUM = 5.
[2025-11-04 17:09:11,511] [INFO] EXIT: 'MASPromptGenerator' calling 'persuasiveness_choice' (0.0002675056457519531 secs).
[2025-11-04 17:09:12,990] [INFO] Completion returned and validated within 'PersuasivenessChoiceAgent'; MODEL = 'grok-4'; DIALOGUE TURN NUM = 5.
[2025-11-04 17:09:14,236] [INFO] Completion returned and validated within 'PersuasivenessChoiceAgent'; MODEL = 'grok-4'; DIALOGUE TURN NUM = 5.
[2025-11-04 17:09:15,900] [INFO] Completion returned and validated within 'PersuasivenessChoiceAgent'; MODEL = 'grok-4'; DIALOGUE TURN NUM = 5.
[2025-11-04 17:09:17,798] [INFO] Completion returned and validated within 'PersuasivenessChoiceAgent'; MODEL = 'grok-4'; DIALOGUE TURN NUM = 5.
[2025-11-04 17:09:20,008] [INFO] Completion returned and validated within 'PersuasivenessChoiceAgent'; MODEL = 'grok-4'; DIALOGUE TURN NUM = 5.
[2025-11-04 17:09:21,682] [INFO] Completion returned and validated within 'PersuasivenessChoiceAgent'; MODEL = 'grok-4'; DIALOGUE TURN NUM = 5.
[2025-11-04 17:09:23,312] [INFO] Completion returned and validated within 'PersuasivenessChoiceAgent'; MODEL = 'grok-4'; DIALOGUE TURN NUM = 5.
[2025-11-04 17:09:24,741] [INFO] Completion returned and validated within 'PersuasivenessChoiceAgent'; MODEL = 'grok-4'; DIALOGUE TURN NUM = 5.
[2025-11-04 17:09:27,211] [INFO] Completion returned and validated within 'PersuasivenessChoiceAgent'; MODEL = 'grok-4'; DIALOGUE TURN NUM = 5.
[2025-11-04 17:09:27,212] [INFO] ENTER: 'DisambiguationAgent' calling '_grouping_similar_utterance_types'; CURRENT SPEAKER: grok-4_mas_rag, DIALOGUE TURN NUM = 5.
[2025-11-04 17:09:27,212] [INFO] EXIT: 'DisambiguationAgent' calling '_grouping_similar_utterance_types' (1.8596649169921875e-05 secs).
[2025-11-04 17:09:27,212] [INFO] ENTER: 'DisambiguationAgent' calling '_identifying_similar_sentences_and_choosing_one_to_return_to_user'; CURRENT SPEAKER: grok-4_mas_rag, DIALOGUE TURN NUM = 5.
[2025-11-04 17:09:31,789] [INFO] 'DisambiguationAgent' grouped similar sentences, completion returned and validated; MODEL = 'grok-4'.
[2025-11-04 17:09:32,692] [INFO] 'DisambiguationAgent' chose sentences to remove, completion returned and validated from MODEL = 'grok-4'.
[2025-11-04 17:09:33,225] [INFO] 'DisambiguationAgent' chose sentences to remove, completion returned and validated from MODEL = 'grok-4'.
[2025-11-04 17:09:34,434] [INFO] 'DisambiguationAgent' chose sentences to remove, completion returned and validated from MODEL = 'grok-4'.
[2025-11-04 17:09:34,434] [INFO] EXIT: 'DisambiguationAgent' calling '_identifying_similar_sentences_and_choosing_one_to_return_to_user' (7.221826076507568 secs).
[2025-11-04 17:09:34,434] [INFO] ENTER: 'DisambiguationAgent' calling '_identifying_similar_sentences_and_choosing_one_to_return_to_user'; CURRENT SPEAKER: grok-4_mas_rag, DIALOGUE TURN NUM = 5.
[2025-11-04 17:09:38,594] [INFO] 'DisambiguationAgent' grouped similar sentences, completion returned and validated; MODEL = 'grok-4'.
[2025-11-04 17:09:39,145] [INFO] 'DisambiguationAgent' chose sentences to remove, completion returned and validated from MODEL = 'grok-4'.
[2025-11-04 17:09:39,911] [INFO] 'DisambiguationAgent' chose sentences to remove, completion returned and validated from MODEL = 'grok-4'.
[2025-11-04 17:09:40,492] [INFO] 'DisambiguationAgent' chose sentences to remove, completion returned and validated from MODEL = 'grok-4'.
[2025-11-04 17:09:41,010] [INFO] 'DisambiguationAgent' chose sentences to remove, completion returned and validated from MODEL = 'grok-4'.
[2025-11-04 17:09:41,558] [INFO] 'DisambiguationAgent' chose sentences to remove, completion returned and validated from MODEL = 'grok-4'.
[2025-11-04 17:09:42,024] [INFO] 'DisambiguationAgent' chose sentences to remove, completion returned and validated from MODEL = 'grok-4'.
[2025-11-04 17:09:42,024] [INFO] EXIT: 'DisambiguationAgent' calling '_identifying_similar_sentences_and_choosing_one_to_return_to_user' (7.589900732040405 secs).
[2025-11-04 17:09:42,024] [INFO] ENTER: 'DisambiguationAgent' calling '_removing_repetitive_sentences'; CURRENT SPEAKER: grok-4_mas_rag, DIALOGUE TURN NUM = 5.
[2025-11-04 17:09:42,024] [INFO] EXIT: 'DisambiguationAgent' calling '_removing_repetitive_sentences' (2.956390380859375e-05 secs).
[2025-11-04 17:09:42,024] [INFO] ENTER: 'DisambiguationAgent' calling '_choose_the_most_persuasive_sentences'; CURRENT SPEAKER: grok-4_mas_rag, DIALOGUE TURN NUM = 5.
[2025-11-04 17:09:43,635] [INFO] 'DisambiguationAgent': reached maximum allowed sentences, succussfully chose most persuasive sentences, completion returned and validated from MODEL = 'grok-4'.
[2025-11-04 17:09:43,635] [INFO] EXIT: 'DisambiguationAgent' calling '_choose_the_most_persuasive_sentences' (1.61091947555542 secs).
[2025-11-04 17:09:43,635] [INFO] ENTER: 'DisambiguationAgent' calling 'return_disambiguated_sentences'; CURRENT SPEAKER: grok-4_mas_rag, DIALOGUE TURN NUM = 5.
[2025-11-04 17:09:43,635] [INFO] EXIT: 'DisambiguationAgent' calling 'return_disambiguated_sentences' (1.71661376953125e-05 secs).
[2025-11-04 17:09:43,636] [ERROR] Wrong state used; State of type HumanState; error message: dict has unexpected extra key(s): "graph_rag_examples", "intermediate_generations", "knowledge_base_ensemble_or_model_name", "model_seed", "model_temp", "model_top_p", "number_of_graph_rag_examples", "number_of_vector_based_rag_examples", "political_position_prob_of_na", "political_position_range", "political_position_std", "speaker_model_name", "speaker_type", "vector_based_persona_string", "vector_based_persona_sys_prompt"
[2025-11-04 17:09:43,636] [INFO] Correct state used; State of type GenerationAgentsState; 'IGNORE THE ABOVE ERRORS'.
[2025-11-04 17:09:44,024] [INFO] 'commitment_update' completed '___Claim___' update for current speaker's commitments; MODEL = 'grok-4'.
[2025-11-04 17:09:44,332] [INFO] 'commitment_update' completed '___Claim___' update for current speaker's commitments; MODEL = 'grok-4'.
[2025-11-04 17:09:44,678] [INFO] 'commitment_update' completed '___Claim___' update for current speaker's commitments; MODEL = 'grok-4'.
[2025-11-04 17:09:44,769] [ERROR] Wrong state used; State of type HumanState; error message: dict has unexpected extra key(s): "graph_rag_examples", "intermediate_generations", "knowledge_base_ensemble_or_model_name", "model_seed", "model_temp", "model_top_p", "number_of_graph_rag_examples", "number_of_vector_based_rag_examples", "political_position_prob_of_na", "political_position_range", "political_position_std", "speaker_model_name", "speaker_type", "vector_based_persona_string", "vector_based_persona_sys_prompt"
[2025-11-04 17:09:44,770] [INFO] Correct state used; State of type GenerationAgentsState; 'IGNORE THE ABOVE ERRORS'.
[2025-11-04 17:09:44,770] [INFO] ENTER: 'UtteranceClassificationAgent' calling '_classify_sentence_utterance_types'; CURRENT SPEAKER: grok-4_mas, DIALOGUE TURN NUM = 6.
[2025-11-04 17:09:45,124] [INFO] 'UtteranceClassificationAgent' completion returned and validated from MODEL = 'ModelName.GROK_4'.
[2025-11-04 17:09:45,458] [INFO] 'UtteranceClassificationAgent' completion returned and validated from MODEL = 'ModelName.GROK_4'.
[2025-11-04 17:09:45,819] [INFO] 'UtteranceClassificationAgent' completion returned and validated from MODEL = 'ModelName.GROK_4'.
[2025-11-04 17:09:46,244] [INFO] 'UtteranceClassificationAgent' completion returned and validated from MODEL = 'ModelName.GROK_4'.
[2025-11-04 17:09:46,636] [INFO] 'UtteranceClassificationAgent' completion returned and validated from MODEL = 'ModelName.GROK_4'.
[2025-11-04 17:09:46,978] [INFO] 'UtteranceClassificationAgent' completion returned and validated from MODEL = 'ModelName.GROK_4'.
[2025-11-04 17:09:47,294] [INFO] 'UtteranceClassificationAgent' completion returned and validated from MODEL = 'ModelName.GROK_4'.
[2025-11-04 17:09:47,294] [INFO] EXIT: 'UtteranceClassificationAgent' calling '_classify_sentence_utterance_types' (2.524639844894409 secs).
[2025-11-04 17:09:47,294] [INFO] ENTER: 'UtteranceClassificationAgent' calling 'return_classified_sentences'; CURRENT SPEAKER: grok-4_mas, DIALOGUE TURN NUM = 6.
[2025-11-04 17:09:47,294] [INFO] EXIT: 'UtteranceClassificationAgent' calling 'return_classified_sentences' (1.9073486328125e-06 secs).
[2025-11-04 17:09:47,297] [INFO] ENTER: 'DialogueMoveGenerator' calling 'generate'; CURRENT SPEAKER: grok-4_mas, DIALOGUE TURN NUM = 6.
[2025-11-04 17:09:47,297] [INFO] ENTER: 'MASPromptGenerator' calling 'claim'; CURRENT SPEAKER: grok-4_mas, DIALOGUE TURN NUM = 6.
[2025-11-04 17:09:47,297] [INFO] EXIT: 'MASPromptGenerator' calling 'claim' (6.341934204101562e-05 secs).
[2025-11-04 17:09:47,298] [INFO] ENTER: 'DialogueMoveGenerator' calling 'generate'; CURRENT SPEAKER: grok-4_mas, DIALOGUE TURN NUM = 6.
[2025-11-04 17:09:47,298] [INFO] ENTER: 'MASPromptGenerator' calling 'claim_negation'; CURRENT SPEAKER: grok-4_mas, DIALOGUE TURN NUM = 6.
[2025-11-04 17:09:47,298] [INFO] EXIT: 'MASPromptGenerator' calling 'claim_negation' (6.008148193359375e-05 secs).
[2025-11-04 17:09:47,299] [INFO] ENTER: 'DialogueMoveGenerator' calling 'generate'; CURRENT SPEAKER: grok-4_mas, DIALOGUE TURN NUM = 6.
[2025-11-04 17:09:47,299] [INFO] ENTER: 'MASPromptGenerator' calling 'concede_claim'; CURRENT SPEAKER: grok-4_mas, DIALOGUE TURN NUM = 6.
[2025-11-04 17:09:47,299] [INFO] EXIT: 'MASPromptGenerator' calling 'concede_claim' (6.794929504394531e-05 secs).
[2025-11-04 17:09:47,300] [INFO] ENTER: 'DialogueMoveGenerator' calling 'generate'; CURRENT SPEAKER: grok-4_mas, DIALOGUE TURN NUM = 6.
[2025-11-04 17:09:47,301] [INFO] ENTER: 'MASPromptGenerator' calling 'question_claim'; CURRENT SPEAKER: grok-4_mas, DIALOGUE TURN NUM = 6.
[2025-11-04 17:09:47,301] [INFO] EXIT: 'MASPromptGenerator' calling 'question_claim' (5.14984130859375e-05 secs).
[2025-11-04 17:09:47,302] [INFO] ENTER: 'DialogueMoveGenerator' calling 'generate'; CURRENT SPEAKER: grok-4_mas, DIALOGUE TURN NUM = 6.
[2025-11-04 17:09:47,302] [INFO] ENTER: 'MASPromptGenerator' calling 'retract_claim'; CURRENT SPEAKER: grok-4_mas, DIALOGUE TURN NUM = 6.
[2025-11-04 17:09:47,302] [INFO] EXIT: 'MASPromptGenerator' calling 'retract_claim' (7.414817810058594e-05 secs).
[2025-11-04 17:09:47,303] [INFO] ENTER: 'DialogueMoveGenerator' calling 'generate'; CURRENT SPEAKER: grok-4_mas, DIALOGUE TURN NUM = 6.
[2025-11-04 17:09:47,303] [INFO] ENTER: 'DialogueMoveGenerator' calling 'generate'; CURRENT SPEAKER: grok-4_mas, DIALOGUE TURN NUM = 6.
[2025-11-04 17:09:47,303] [INFO] ENTER: 'MASPromptGenerator' calling 'since_claim'; CURRENT SPEAKER: grok-4_mas, DIALOGUE TURN NUM = 6.
[2025-11-04 17:09:47,303] [INFO] ENTER: 'MASPromptGenerator' calling 'why_claim'; CURRENT SPEAKER: grok-4_mas, DIALOGUE TURN NUM = 6.
[2025-11-04 17:09:47,303] [INFO] EXIT: 'MASPromptGenerator' calling 'since_claim' (3.0517578125e-05 secs).
[2025-11-04 17:09:47,303] [INFO] EXIT: 'MASPromptGenerator' calling 'why_claim' (3.6716461181640625e-05 secs).
[2025-11-04 17:09:48,461] [INFO] Completion returned and validated from MODEL = 'grok-4'.
[2025-11-04 17:09:48,777] [INFO] Completion returned and validated from MODEL = 'grok-4'.
[2025-11-04 17:09:48,912] [INFO] Completion returned and validated from MODEL = 'grok-4'.
[2025-11-04 17:09:48,922] [INFO] Completion returned and validated from MODEL = 'grok-4'.
[2025-11-04 17:09:48,928] [INFO] Completion returned and validated from MODEL = 'grok-4'.
[2025-11-04 17:09:48,945] [INFO] Completion returned and validated from MODEL = 'grok-4'.
[2025-11-04 17:09:49,020] [INFO] Completion returned and validated from MODEL = 'grok-4'.
[2025-11-04 17:09:50,169] [INFO] Completion returned and validated from MODEL = 'grok-4'.
[2025-11-04 17:09:50,194] [INFO] Completion returned and validated from MODEL = 'grok-4'.
[2025-11-04 17:09:50,273] [INFO] Completion returned and validated from MODEL = 'grok-4'.
[2025-11-04 17:09:50,273] [INFO] EXIT: 'DialogueMoveGenerator' calling 'generate' (2.970475673675537 secs).
[2025-11-04 17:09:50,307] [INFO] Completion returned and validated from MODEL = 'grok-4'.
[2025-11-04 17:09:50,361] [INFO] Completion returned and validated from MODEL = 'grok-4'.
[2025-11-04 17:09:50,608] [INFO] Completion returned and validated from MODEL = 'grok-4'.
[2025-11-04 17:09:50,608] [INFO] EXIT: 'DialogueMoveGenerator' calling 'generate' (3.3105251789093018 secs).
[2025-11-04 17:09:51,173] [INFO] Completion returned and validated from MODEL = 'grok-4'.
[2025-11-04 17:09:51,173] [INFO] EXIT: 'DialogueMoveGenerator' calling 'generate' (3.8706963062286377 secs).
[2025-11-04 17:09:51,502] [INFO] Completion returned and validated from MODEL = 'grok-4'.
[2025-11-04 17:09:51,541] [INFO] Completion returned and validated from MODEL = 'grok-4'.
[2025-11-04 17:09:51,588] [INFO] Completion returned and validated from MODEL = 'grok-4'.
[2025-11-04 17:09:51,644] [INFO] Completion returned and validated from MODEL = 'grok-4'.
[2025-11-04 17:09:51,644] [INFO] EXIT: 'DialogueMoveGenerator' calling 'generate' (4.346168041229248 secs).
[2025-11-04 17:09:52,733] [INFO] Completion returned and validated from MODEL = 'grok-4'.
[2025-11-04 17:09:52,813] [INFO] Completion returned and validated from MODEL = 'grok-4'.
[2025-11-04 17:09:52,819] [INFO] Completion returned and validated from MODEL = 'grok-4'.
[2025-11-04 17:09:53,732] [INFO] Completion returned and validated from MODEL = 'grok-4'.
[2025-11-04 17:09:53,732] [INFO] EXIT: 'DialogueMoveGenerator' calling 'generate' (6.432442903518677 secs).
[2025-11-04 17:09:53,842] [INFO] Completion returned and validated from MODEL = 'grok-4'.
[2025-11-04 17:09:53,843] [INFO] EXIT: 'DialogueMoveGenerator' calling 'generate' (6.5394556522369385 secs).
[2025-11-04 17:09:53,901] [INFO] Completion returned and validated from MODEL = 'grok-4'.
[2025-11-04 17:09:53,901] [INFO] EXIT: 'DialogueMoveGenerator' calling 'generate' (6.600167274475098 secs).
[2025-11-04 17:09:53,902] [INFO] ENTER: 'MASPromptGenerator' calling 'persuasiveness_choice'; CURRENT SPEAKER: grok-4_mas, DIALOGUE TURN NUM = 6.
[2025-11-04 17:09:53,902] [INFO] EXIT: 'MASPromptGenerator' calling 'persuasiveness_choice' (0.00019216537475585938 secs).
[2025-11-04 17:09:55,112] [INFO] Completion returned and validated within 'PersuasivenessChoiceAgent'; MODEL = 'grok-4'; DIALOGUE TURN NUM = 6.
[2025-11-04 17:09:56,413] [INFO] Completion returned and validated within 'PersuasivenessChoiceAgent'; MODEL = 'grok-4'; DIALOGUE TURN NUM = 6.
[2025-11-04 17:09:58,043] [INFO] Completion returned and validated within 'PersuasivenessChoiceAgent'; MODEL = 'grok-4'; DIALOGUE TURN NUM = 6.
[2025-11-04 17:09:59,201] [INFO] Completion returned and validated within 'PersuasivenessChoiceAgent'; MODEL = 'grok-4'; DIALOGUE TURN NUM = 6.
[2025-11-04 17:10:00,469] [INFO] Completion returned and validated within 'PersuasivenessChoiceAgent'; MODEL = 'grok-4'; DIALOGUE TURN NUM = 6.
[2025-11-04 17:10:01,824] [INFO] Completion returned and validated within 'PersuasivenessChoiceAgent'; MODEL = 'grok-4'; DIALOGUE TURN NUM = 6.
[2025-11-04 17:10:03,880] [INFO] Completion returned and validated within 'PersuasivenessChoiceAgent'; MODEL = 'grok-4'; DIALOGUE TURN NUM = 6.
[2025-11-04 17:10:03,881] [INFO] ENTER: 'DisambiguationAgent' calling '_grouping_similar_utterance_types'; CURRENT SPEAKER: grok-4_mas, DIALOGUE TURN NUM = 6.
[2025-11-04 17:10:03,881] [INFO] EXIT: 'DisambiguationAgent' calling '_grouping_similar_utterance_types' (1.7404556274414062e-05 secs).
[2025-11-04 17:10:03,881] [INFO] ENTER: 'DisambiguationAgent' calling '_identifying_similar_sentences_and_choosing_one_to_return_to_user'; CURRENT SPEAKER: grok-4_mas, DIALOGUE TURN NUM = 6.
[2025-11-04 17:10:08,458] [INFO] 'DisambiguationAgent' grouped similar sentences, completion returned and validated; MODEL = 'grok-4'.
[2025-11-04 17:10:09,026] [INFO] 'DisambiguationAgent' chose sentences to remove, completion returned and validated from MODEL = 'grok-4'.
[2025-11-04 17:10:09,950] [INFO] 'DisambiguationAgent' chose sentences to remove, completion returned and validated from MODEL = 'grok-4'.
[2025-11-04 17:10:10,599] [INFO] 'DisambiguationAgent' chose sentences to remove, completion returned and validated from MODEL = 'grok-4'.
[2025-11-04 17:10:11,114] [INFO] 'DisambiguationAgent' chose sentences to remove, completion returned and validated from MODEL = 'grok-4'.
[2025-11-04 17:10:11,647] [INFO] 'DisambiguationAgent' chose sentences to remove, completion returned and validated from MODEL = 'grok-4'.
[2025-11-04 17:10:11,647] [INFO] EXIT: 'DisambiguationAgent' calling '_identifying_similar_sentences_and_choosing_one_to_return_to_user' (7.766181707382202 secs).
[2025-11-04 17:10:11,647] [INFO] ENTER: 'DisambiguationAgent' calling '_identifying_similar_sentences_and_choosing_one_to_return_to_user'; CURRENT SPEAKER: grok-4_mas, DIALOGUE TURN NUM = 6.
[2025-11-04 17:10:14,518] [INFO] 'DisambiguationAgent' grouped similar sentences, completion returned and validated; MODEL = 'grok-4'.
[2025-11-04 17:10:15,008] [INFO] 'DisambiguationAgent' chose sentences to remove, completion returned and validated from MODEL = 'grok-4'.
[2025-11-04 17:10:15,478] [INFO] 'DisambiguationAgent' chose sentences to remove, completion returned and validated from MODEL = 'grok-4'.
[2025-11-04 17:10:16,002] [INFO] 'DisambiguationAgent' chose sentences to remove, completion returned and validated from MODEL = 'grok-4'.
[2025-11-04 17:10:17,431] [ERROR] 'DisambiguationAgent' could not choose sentences to remove, completion not validated; MODEL = 'grok-4'; 
 REASON: 

 1 validation error for PersuasivenessChoice
  Invalid JSON: trailing characters at line 3 column 1 [type=json_invalid, input_value='{"Choice": "Why pretend ...y opinions effectively.', input_type=str]
    For further information visit https://errors.pydantic.dev/2.12/v/json_invalid
[2025-11-04 17:10:17,431] [ERROR] grok-4 failed to disambiguate sentences, model response: 
	 None
[2025-11-04 17:10:17,431] [INFO] EXIT: 'DisambiguationAgent' calling '_identifying_similar_sentences_and_choosing_one_to_return_to_user' (5.783365964889526 secs).
[2025-11-04 17:10:17,431] [INFO] ENTER: 'DisambiguationAgent' calling '_removing_repetitive_sentences'; CURRENT SPEAKER: grok-4_mas, DIALOGUE TURN NUM = 6.
[2025-11-04 17:10:17,431] [INFO] EXIT: 'DisambiguationAgent' calling '_removing_repetitive_sentences' (2.5987625122070312e-05 secs).
[2025-11-04 17:10:17,431] [INFO] ENTER: 'DisambiguationAgent' calling '_choose_the_most_persuasive_sentences'; CURRENT SPEAKER: grok-4_mas, DIALOGUE TURN NUM = 6.
[2025-11-04 17:10:19,653] [INFO] 'DisambiguationAgent': reached maximum allowed sentences, succussfully chose most persuasive sentences, completion returned and validated from MODEL = 'grok-4'.
[2025-11-04 17:10:19,653] [INFO] EXIT: 'DisambiguationAgent' calling '_choose_the_most_persuasive_sentences' (2.221646785736084 secs).
[2025-11-04 17:10:19,653] [INFO] ENTER: 'DisambiguationAgent' calling 'return_disambiguated_sentences'; CURRENT SPEAKER: grok-4_mas, DIALOGUE TURN NUM = 6.
[2025-11-04 17:10:19,653] [INFO] EXIT: 'DisambiguationAgent' calling 'return_disambiguated_sentences' (2.6226043701171875e-06 secs).
[2025-11-04 17:10:19,653] [ERROR] Wrong state used; State of type HumanState; error message: dict has unexpected extra key(s): "graph_rag_examples", "intermediate_generations", "knowledge_base_ensemble_or_model_name", "model_seed", "model_temp", "model_top_p", "number_of_graph_rag_examples", "number_of_vector_based_rag_examples", "political_position_prob_of_na", "political_position_range", "political_position_std", "speaker_model_name", "speaker_type", "vector_based_persona_string", "vector_based_persona_sys_prompt"
[2025-11-04 17:10:19,654] [INFO] Correct state used; State of type GenerationAgentsState; 'IGNORE THE ABOVE ERRORS'.
[2025-11-04 17:10:19,960] [INFO] 'commitment_update' completed '___Claim___' update for current speaker's commitments; MODEL = 'grok-4'.
[2025-11-04 17:10:20,554] [INFO] 'commitment_update' completed '___Claim___' update for current speaker's commitments; MODEL = 'grok-4'.
[2025-11-04 17:10:20,868] [INFO] 'commitment_update' completed '___Since___' update; MODEL = 'grok-4'.
[2025-11-04 17:10:21,156] [INFO] 'commitment_update' completed '___Claim___' update for current speaker's commitments; MODEL = 'grok-4'.
[2025-11-04 17:10:21,467] [INFO] 'commitment_update' completed '___Claim___' update for current speaker's commitments; MODEL = 'grok-4'.
[2025-11-04 17:10:21,586] [ERROR] Wrong state used; State of type HumanState; error message: dict has unexpected extra key(s): "graph_rag_examples", "intermediate_generations", "knowledge_base_ensemble_or_model_name", "model_seed", "model_temp", "model_top_p", "number_of_graph_rag_examples", "number_of_vector_based_rag_examples", "political_position_prob_of_na", "political_position_range", "political_position_std", "speaker_model_name", "speaker_type", "vector_based_persona_string", "vector_based_persona_sys_prompt"
[2025-11-04 17:10:21,586] [INFO] Correct state used; State of type GenerationAgentsState; 'IGNORE THE ABOVE ERRORS'.
[2025-11-04 17:10:21,586] [INFO] ENTER: 'UtteranceClassificationAgent' calling '_classify_sentence_utterance_types'; CURRENT SPEAKER: grok-4_mas_rag, DIALOGUE TURN NUM = 7.
[2025-11-04 17:10:21,963] [INFO] 'UtteranceClassificationAgent' completion returned and validated from MODEL = 'ModelName.GROK_4'.
[2025-11-04 17:10:22,289] [INFO] 'UtteranceClassificationAgent' completion returned and validated from MODEL = 'ModelName.GROK_4'.
[2025-11-04 17:10:22,614] [INFO] 'UtteranceClassificationAgent' completion returned and validated from MODEL = 'ModelName.GROK_4'.
[2025-11-04 17:10:22,934] [INFO] 'UtteranceClassificationAgent' completion returned and validated from MODEL = 'ModelName.GROK_4'.
[2025-11-04 17:10:23,260] [INFO] 'UtteranceClassificationAgent' completion returned and validated from MODEL = 'ModelName.GROK_4'.
[2025-11-04 17:10:23,590] [INFO] 'UtteranceClassificationAgent' completion returned and validated from MODEL = 'ModelName.GROK_4'.
[2025-11-04 17:10:23,903] [INFO] 'UtteranceClassificationAgent' completion returned and validated from MODEL = 'ModelName.GROK_4'.
[2025-11-04 17:10:23,903] [INFO] EXIT: 'UtteranceClassificationAgent' calling '_classify_sentence_utterance_types' (2.317019462585449 secs).
[2025-11-04 17:10:23,903] [INFO] ENTER: 'UtteranceClassificationAgent' calling 'return_classified_sentences'; CURRENT SPEAKER: grok-4_mas_rag, DIALOGUE TURN NUM = 7.
[2025-11-04 17:10:23,903] [INFO] EXIT: 'UtteranceClassificationAgent' calling 'return_classified_sentences' (2.1457672119140625e-06 secs).
[2025-11-04 17:10:23,923] [INFO] ENTER: 'GraphRAG' calling 'why'; CURRENT SPEAKER: grok-4_mas_rag, DIALOGUE TURN NUM = 7.
[2025-11-04 17:10:23,923] [INFO] ENTER: 'GraphRAG' calling 'query_graph'; CURRENT SPEAKER: grok-4_mas_rag, DIALOGUE TURN NUM = 7.
[2025-11-04 17:10:24,606] [INFO] EXIT: 'GraphRAG' calling 'query_graph' (0.6825191974639893 secs).
[2025-11-04 17:10:24,606] [INFO] EXIT: 'GraphRAG' calling 'why' (0.6829307079315186 secs).
[2025-11-04 17:10:24,606] [INFO] ENTER: 'GraphRAG' calling 'claim_negation'; CURRENT SPEAKER: grok-4_mas_rag, DIALOGUE TURN NUM = 7.
[2025-11-04 17:10:24,606] [INFO] ENTER: 'GraphRAG' calling 'query_graph'; CURRENT SPEAKER: grok-4_mas_rag, DIALOGUE TURN NUM = 7.
[2025-11-04 17:10:25,257] [INFO] EXIT: 'GraphRAG' calling 'query_graph' (0.6512093544006348 secs).
[2025-11-04 17:10:25,257] [INFO] EXIT: 'GraphRAG' calling 'claim_negation' (0.651634931564331 secs).
[2025-11-04 17:10:25,258] [INFO] ENTER: 'GraphRAG' calling 'concede'; CURRENT SPEAKER: grok-4_mas_rag, DIALOGUE TURN NUM = 7.
[2025-11-04 17:10:25,258] [INFO] ENTER: 'GraphRAG' calling 'query_graph'; CURRENT SPEAKER: grok-4_mas_rag, DIALOGUE TURN NUM = 7.
[2025-11-04 17:10:25,939] [INFO] EXIT: 'GraphRAG' calling 'query_graph' (0.6811213493347168 secs).
[2025-11-04 17:10:25,939] [INFO] EXIT: 'GraphRAG' calling 'concede' (0.6815378665924072 secs).
[2025-11-04 17:10:25,939] [INFO] ENTER: 'GraphRAG' calling 'question'; CURRENT SPEAKER: grok-4_mas_rag, DIALOGUE TURN NUM = 7.
[2025-11-04 17:10:25,939] [INFO] ENTER: 'GraphRAG' calling 'query_graph'; CURRENT SPEAKER: grok-4_mas_rag, DIALOGUE TURN NUM = 7.
[2025-11-04 17:10:26,067] [INFO] EXIT: 'GraphRAG' calling 'query_graph' (0.1271376609802246 secs).
[2025-11-04 17:10:26,067] [INFO] EXIT: 'GraphRAG' calling 'question' (0.12751054763793945 secs).
[2025-11-04 17:10:26,083] [INFO] ENTER: 'GraphRAG' calling 'why'; CURRENT SPEAKER: grok-4_mas_rag, DIALOGUE TURN NUM = 7.
[2025-11-04 17:10:26,083] [INFO] ENTER: 'GraphRAG' calling 'query_graph'; CURRENT SPEAKER: grok-4_mas_rag, DIALOGUE TURN NUM = 7.
[2025-11-04 17:10:26,763] [INFO] EXIT: 'GraphRAG' calling 'query_graph' (0.6802387237548828 secs).
[2025-11-04 17:10:26,763] [INFO] EXIT: 'GraphRAG' calling 'why' (0.68064284324646 secs).
[2025-11-04 17:10:26,763] [INFO] ENTER: 'GraphRAG' calling 'claim_negation'; CURRENT SPEAKER: grok-4_mas_rag, DIALOGUE TURN NUM = 7.
[2025-11-04 17:10:26,764] [INFO] ENTER: 'GraphRAG' calling 'query_graph'; CURRENT SPEAKER: grok-4_mas_rag, DIALOGUE TURN NUM = 7.
[2025-11-04 17:10:27,417] [INFO] EXIT: 'GraphRAG' calling 'query_graph' (0.653209924697876 secs).
[2025-11-04 17:10:27,417] [INFO] EXIT: 'GraphRAG' calling 'claim_negation' (0.6536233425140381 secs).
[2025-11-04 17:10:27,417] [INFO] ENTER: 'GraphRAG' calling 'concede'; CURRENT SPEAKER: grok-4_mas_rag, DIALOGUE TURN NUM = 7.
[2025-11-04 17:10:27,417] [INFO] ENTER: 'GraphRAG' calling 'query_graph'; CURRENT SPEAKER: grok-4_mas_rag, DIALOGUE TURN NUM = 7.
[2025-11-04 17:10:28,101] [INFO] EXIT: 'GraphRAG' calling 'query_graph' (0.6832637786865234 secs).
[2025-11-04 17:10:28,101] [INFO] EXIT: 'GraphRAG' calling 'concede' (0.6836686134338379 secs).
[2025-11-04 17:10:28,101] [INFO] ENTER: 'GraphRAG' calling 'question'; CURRENT SPEAKER: grok-4_mas_rag, DIALOGUE TURN NUM = 7.
[2025-11-04 17:10:28,101] [INFO] ENTER: 'GraphRAG' calling 'query_graph'; CURRENT SPEAKER: grok-4_mas_rag, DIALOGUE TURN NUM = 7.
[2025-11-04 17:10:28,228] [INFO] EXIT: 'GraphRAG' calling 'query_graph' (0.12702202796936035 secs).
[2025-11-04 17:10:28,228] [INFO] EXIT: 'GraphRAG' calling 'question' (0.12742996215820312 secs).
[2025-11-04 17:10:28,245] [INFO] ENTER: 'GraphRAG' calling 'why'; CURRENT SPEAKER: grok-4_mas_rag, DIALOGUE TURN NUM = 7.
[2025-11-04 17:10:28,245] [INFO] ENTER: 'GraphRAG' calling 'query_graph'; CURRENT SPEAKER: grok-4_mas_rag, DIALOGUE TURN NUM = 7.
[2025-11-04 17:10:28,929] [INFO] EXIT: 'GraphRAG' calling 'query_graph' (0.6837344169616699 secs).
[2025-11-04 17:10:28,929] [INFO] EXIT: 'GraphRAG' calling 'why' (0.6841316223144531 secs).
[2025-11-04 17:10:28,929] [INFO] ENTER: 'GraphRAG' calling 'claim_negation'; CURRENT SPEAKER: grok-4_mas_rag, DIALOGUE TURN NUM = 7.
[2025-11-04 17:10:28,930] [INFO] ENTER: 'GraphRAG' calling 'query_graph'; CURRENT SPEAKER: grok-4_mas_rag, DIALOGUE TURN NUM = 7.
[2025-11-04 17:10:29,587] [INFO] EXIT: 'GraphRAG' calling 'query_graph' (0.6569972038269043 secs).
[2025-11-04 17:10:29,587] [INFO] EXIT: 'GraphRAG' calling 'claim_negation' (0.6574044227600098 secs).
[2025-11-04 17:10:29,587] [INFO] ENTER: 'GraphRAG' calling 'concede'; CURRENT SPEAKER: grok-4_mas_rag, DIALOGUE TURN NUM = 7.
[2025-11-04 17:10:29,587] [INFO] ENTER: 'GraphRAG' calling 'query_graph'; CURRENT SPEAKER: grok-4_mas_rag, DIALOGUE TURN NUM = 7.
[2025-11-04 17:10:30,270] [INFO] EXIT: 'GraphRAG' calling 'query_graph' (0.6831319332122803 secs).
[2025-11-04 17:10:30,270] [INFO] EXIT: 'GraphRAG' calling 'concede' (0.683530330657959 secs).
[2025-11-04 17:10:30,270] [INFO] ENTER: 'GraphRAG' calling 'question'; CURRENT SPEAKER: grok-4_mas_rag, DIALOGUE TURN NUM = 7.
[2025-11-04 17:10:30,271] [INFO] ENTER: 'GraphRAG' calling 'query_graph'; CURRENT SPEAKER: grok-4_mas_rag, DIALOGUE TURN NUM = 7.
[2025-11-04 17:10:30,398] [INFO] EXIT: 'GraphRAG' calling 'query_graph' (0.12684249877929688 secs).
[2025-11-04 17:10:30,398] [INFO] EXIT: 'GraphRAG' calling 'question' (0.12724566459655762 secs).
[2025-11-04 17:10:30,414] [INFO] ENTER: 'GraphRAG' calling 'why'; CURRENT SPEAKER: grok-4_mas_rag, DIALOGUE TURN NUM = 7.
[2025-11-04 17:10:30,414] [INFO] ENTER: 'GraphRAG' calling 'query_graph'; CURRENT SPEAKER: grok-4_mas_rag, DIALOGUE TURN NUM = 7.
[2025-11-04 17:10:31,098] [INFO] EXIT: 'GraphRAG' calling 'query_graph' (0.6837396621704102 secs).
[2025-11-04 17:10:31,098] [INFO] EXIT: 'GraphRAG' calling 'why' (0.6841199398040771 secs).
[2025-11-04 17:10:31,098] [INFO] ENTER: 'GraphRAG' calling 'claim_negation'; CURRENT SPEAKER: grok-4_mas_rag, DIALOGUE TURN NUM = 7.
[2025-11-04 17:10:31,099] [INFO] ENTER: 'GraphRAG' calling 'query_graph'; CURRENT SPEAKER: grok-4_mas_rag, DIALOGUE TURN NUM = 7.
[2025-11-04 17:10:31,752] [INFO] EXIT: 'GraphRAG' calling 'query_graph' (0.6531803607940674 secs).
[2025-11-04 17:10:31,752] [INFO] EXIT: 'GraphRAG' calling 'claim_negation' (0.6536226272583008 secs).
[2025-11-04 17:10:31,752] [INFO] ENTER: 'GraphRAG' calling 'concede'; CURRENT SPEAKER: grok-4_mas_rag, DIALOGUE TURN NUM = 7.
[2025-11-04 17:10:31,752] [INFO] ENTER: 'GraphRAG' calling 'query_graph'; CURRENT SPEAKER: grok-4_mas_rag, DIALOGUE TURN NUM = 7.
[2025-11-04 17:10:32,433] [INFO] EXIT: 'GraphRAG' calling 'query_graph' (0.6806426048278809 secs).
[2025-11-04 17:10:32,433] [INFO] EXIT: 'GraphRAG' calling 'concede' (0.6810331344604492 secs).
[2025-11-04 17:10:32,433] [INFO] ENTER: 'GraphRAG' calling 'question'; CURRENT SPEAKER: grok-4_mas_rag, DIALOGUE TURN NUM = 7.
[2025-11-04 17:10:32,433] [INFO] ENTER: 'GraphRAG' calling 'query_graph'; CURRENT SPEAKER: grok-4_mas_rag, DIALOGUE TURN NUM = 7.
[2025-11-04 17:10:32,561] [INFO] EXIT: 'GraphRAG' calling 'query_graph' (0.1276998519897461 secs).
[2025-11-04 17:10:32,561] [INFO] EXIT: 'GraphRAG' calling 'question' (0.12807536125183105 secs).
[2025-11-04 17:10:32,577] [INFO] ENTER: 'GraphRAG' calling 'why'; CURRENT SPEAKER: grok-4_mas_rag, DIALOGUE TURN NUM = 7.
[2025-11-04 17:10:32,577] [INFO] ENTER: 'GraphRAG' calling 'query_graph'; CURRENT SPEAKER: grok-4_mas_rag, DIALOGUE TURN NUM = 7.
[2025-11-04 17:10:33,259] [INFO] EXIT: 'GraphRAG' calling 'query_graph' (0.6811308860778809 secs).
[2025-11-04 17:10:33,259] [INFO] EXIT: 'GraphRAG' calling 'why' (0.6815168857574463 secs).
[2025-11-04 17:10:33,259] [INFO] ENTER: 'GraphRAG' calling 'claim_negation'; CURRENT SPEAKER: grok-4_mas_rag, DIALOGUE TURN NUM = 7.
[2025-11-04 17:10:33,259] [INFO] ENTER: 'GraphRAG' calling 'query_graph'; CURRENT SPEAKER: grok-4_mas_rag, DIALOGUE TURN NUM = 7.
[2025-11-04 17:10:33,910] [INFO] EXIT: 'GraphRAG' calling 'query_graph' (0.650606632232666 secs).
[2025-11-04 17:10:33,910] [INFO] EXIT: 'GraphRAG' calling 'claim_negation' (0.6510481834411621 secs).
[2025-11-04 17:10:33,910] [INFO] ENTER: 'GraphRAG' calling 'concede'; CURRENT SPEAKER: grok-4_mas_rag, DIALOGUE TURN NUM = 7.
[2025-11-04 17:10:33,910] [INFO] ENTER: 'GraphRAG' calling 'query_graph'; CURRENT SPEAKER: grok-4_mas_rag, DIALOGUE TURN NUM = 7.
[2025-11-04 17:10:34,596] [INFO] EXIT: 'GraphRAG' calling 'query_graph' (0.685370683670044 secs).
[2025-11-04 17:10:34,596] [INFO] EXIT: 'GraphRAG' calling 'concede' (0.6857638359069824 secs).
[2025-11-04 17:10:34,596] [INFO] ENTER: 'GraphRAG' calling 'question'; CURRENT SPEAKER: grok-4_mas_rag, DIALOGUE TURN NUM = 7.
[2025-11-04 17:10:34,596] [INFO] ENTER: 'GraphRAG' calling 'query_graph'; CURRENT SPEAKER: grok-4_mas_rag, DIALOGUE TURN NUM = 7.
[2025-11-04 17:10:34,727] [INFO] EXIT: 'GraphRAG' calling 'query_graph' (0.13081884384155273 secs).
[2025-11-04 17:10:34,727] [INFO] EXIT: 'GraphRAG' calling 'question' (0.13120126724243164 secs).
[2025-11-04 17:10:34,743] [INFO] ENTER: 'GraphRAG' calling 'why'; CURRENT SPEAKER: grok-4_mas_rag, DIALOGUE TURN NUM = 7.
[2025-11-04 17:10:34,743] [INFO] ENTER: 'GraphRAG' calling 'query_graph'; CURRENT SPEAKER: grok-4_mas_rag, DIALOGUE TURN NUM = 7.
[2025-11-04 17:10:35,428] [INFO] EXIT: 'GraphRAG' calling 'query_graph' (0.6848354339599609 secs).
[2025-11-04 17:10:35,428] [INFO] EXIT: 'GraphRAG' calling 'why' (0.6852250099182129 secs).
[2025-11-04 17:10:35,428] [INFO] ENTER: 'GraphRAG' calling 'claim_negation'; CURRENT SPEAKER: grok-4_mas_rag, DIALOGUE TURN NUM = 7.
[2025-11-04 17:10:35,429] [INFO] ENTER: 'GraphRAG' calling 'query_graph'; CURRENT SPEAKER: grok-4_mas_rag, DIALOGUE TURN NUM = 7.
[2025-11-04 17:10:36,083] [INFO] EXIT: 'GraphRAG' calling 'query_graph' (0.6543548107147217 secs).
[2025-11-04 17:10:36,083] [INFO] EXIT: 'GraphRAG' calling 'claim_negation' (0.6547627449035645 secs).
[2025-11-04 17:10:36,083] [INFO] ENTER: 'GraphRAG' calling 'concede'; CURRENT SPEAKER: grok-4_mas_rag, DIALOGUE TURN NUM = 7.
[2025-11-04 17:10:36,084] [INFO] ENTER: 'GraphRAG' calling 'query_graph'; CURRENT SPEAKER: grok-4_mas_rag, DIALOGUE TURN NUM = 7.
[2025-11-04 17:10:36,766] [INFO] EXIT: 'GraphRAG' calling 'query_graph' (0.6820037364959717 secs).
[2025-11-04 17:10:36,766] [INFO] EXIT: 'GraphRAG' calling 'concede' (0.6824085712432861 secs).
[2025-11-04 17:10:36,766] [INFO] ENTER: 'GraphRAG' calling 'question'; CURRENT SPEAKER: grok-4_mas_rag, DIALOGUE TURN NUM = 7.
[2025-11-04 17:10:36,766] [INFO] ENTER: 'GraphRAG' calling 'query_graph'; CURRENT SPEAKER: grok-4_mas_rag, DIALOGUE TURN NUM = 7.
[2025-11-04 17:10:36,891] [INFO] EXIT: 'GraphRAG' calling 'query_graph' (0.12510418891906738 secs).
[2025-11-04 17:10:36,891] [INFO] EXIT: 'GraphRAG' calling 'question' (0.12546753883361816 secs).
[2025-11-04 17:10:36,910] [INFO] ENTER: 'GraphRAG' calling 'why'; CURRENT SPEAKER: grok-4_mas_rag, DIALOGUE TURN NUM = 7.
[2025-11-04 17:10:36,910] [INFO] ENTER: 'GraphRAG' calling 'query_graph'; CURRENT SPEAKER: grok-4_mas_rag, DIALOGUE TURN NUM = 7.
[2025-11-04 17:10:37,637] [INFO] EXIT: 'GraphRAG' calling 'query_graph' (0.726337194442749 secs).
[2025-11-04 17:10:37,637] [INFO] EXIT: 'GraphRAG' calling 'why' (0.7267067432403564 secs).
[2025-11-04 17:10:37,637] [INFO] ENTER: 'GraphRAG' calling 'concede'; CURRENT SPEAKER: grok-4_mas_rag, DIALOGUE TURN NUM = 7.
[2025-11-04 17:10:37,637] [INFO] ENTER: 'GraphRAG' calling 'query_graph'; CURRENT SPEAKER: grok-4_mas_rag, DIALOGUE TURN NUM = 7.
[2025-11-04 17:10:38,322] [INFO] EXIT: 'GraphRAG' calling 'query_graph' (0.684321403503418 secs).
[2025-11-04 17:10:38,322] [INFO] EXIT: 'GraphRAG' calling 'concede' (0.6847636699676514 secs).
[2025-11-04 17:10:38,322] [INFO] ENTER: 'GraphRAG' calling 'question'; CURRENT SPEAKER: grok-4_mas_rag, DIALOGUE TURN NUM = 7.
[2025-11-04 17:10:38,322] [INFO] ENTER: 'GraphRAG' calling 'query_graph'; CURRENT SPEAKER: grok-4_mas_rag, DIALOGUE TURN NUM = 7.
[2025-11-04 17:10:38,990] [INFO] EXIT: 'GraphRAG' calling 'query_graph' (0.6678566932678223 secs).
[2025-11-04 17:10:38,990] [INFO] EXIT: 'GraphRAG' calling 'question' (0.668349027633667 secs).
[2025-11-04 17:10:38,990] [INFO] ENTER: 'GraphRAG' calling 'return_rag_examples'; CURRENT SPEAKER: grok-4_mas_rag, DIALOGUE TURN NUM = 7.
[2025-11-04 17:10:38,990] [INFO] EXIT: 'GraphRAG' calling 'return_rag_examples' (2.1457672119140625e-06 secs).
[2025-11-04 17:10:38,993] [INFO] ENTER: 'DialogueMoveGenerator' calling 'generate'; CURRENT SPEAKER: grok-4_mas_rag, DIALOGUE TURN NUM = 7.
[2025-11-04 17:10:38,993] [INFO] ENTER: 'MASPromptGenerator' calling 'claim_negation'; CURRENT SPEAKER: grok-4_mas_rag, DIALOGUE TURN NUM = 7.
[2025-11-04 17:10:38,993] [INFO] EXIT: 'MASPromptGenerator' calling 'claim_negation' (8.0108642578125e-05 secs).
[2025-11-04 17:10:38,994] [INFO] ENTER: 'DialogueMoveGenerator' calling 'generate'; CURRENT SPEAKER: grok-4_mas_rag, DIALOGUE TURN NUM = 7.
[2025-11-04 17:10:38,994] [INFO] ENTER: 'MASPromptGenerator' calling 'concede_claim'; CURRENT SPEAKER: grok-4_mas_rag, DIALOGUE TURN NUM = 7.
[2025-11-04 17:10:38,994] [INFO] EXIT: 'MASPromptGenerator' calling 'concede_claim' (8.845329284667969e-05 secs).
[2025-11-04 17:10:38,995] [INFO] ENTER: 'DialogueMoveGenerator' calling 'generate'; CURRENT SPEAKER: grok-4_mas_rag, DIALOGUE TURN NUM = 7.
[2025-11-04 17:10:38,995] [INFO] ENTER: 'MASPromptGenerator' calling 'question_claim'; CURRENT SPEAKER: grok-4_mas_rag, DIALOGUE TURN NUM = 7.
[2025-11-04 17:10:38,995] [INFO] EXIT: 'MASPromptGenerator' calling 'question_claim' (6.556510925292969e-05 secs).
[2025-11-04 17:10:38,996] [INFO] ENTER: 'DialogueMoveGenerator' calling 'generate'; CURRENT SPEAKER: grok-4_mas_rag, DIALOGUE TURN NUM = 7.
[2025-11-04 17:10:38,996] [INFO] ENTER: 'MASPromptGenerator' calling 'why_claim'; CURRENT SPEAKER: grok-4_mas_rag, DIALOGUE TURN NUM = 7.
[2025-11-04 17:10:38,996] [INFO] EXIT: 'MASPromptGenerator' calling 'why_claim' (0.00020694732666015625 secs).
[2025-11-04 17:10:40,126] [INFO] Completion returned and validated from MODEL = 'grok-4'.
[2025-11-04 17:10:40,158] [INFO] Completion returned and validated from MODEL = 'grok-4'.
[2025-11-04 17:10:40,314] [INFO] Completion returned and validated from MODEL = 'grok-4'.
[2025-11-04 17:10:40,381] [INFO] Completion returned and validated from MODEL = 'grok-4'.
[2025-11-04 17:10:41,156] [INFO] Completion returned and validated from MODEL = 'grok-4'.
[2025-11-04 17:10:41,329] [INFO] Completion returned and validated from MODEL = 'grok-4'.
[2025-11-04 17:10:41,849] [INFO] Completion returned and validated from MODEL = 'grok-4'.
[2025-11-04 17:10:41,934] [INFO] Completion returned and validated from MODEL = 'grok-4'.
[2025-11-04 17:10:42,337] [INFO] Completion returned and validated from MODEL = 'grok-4'.
[2025-11-04 17:10:42,444] [INFO] Completion returned and validated from MODEL = 'grok-4'.
[2025-11-04 17:10:43,346] [INFO] Completion returned and validated from MODEL = 'grok-4'.
[2025-11-04 17:10:43,488] [INFO] Completion returned and validated from MODEL = 'grok-4'.
[2025-11-04 17:10:43,522] [INFO] Completion returned and validated from MODEL = 'grok-4'.
[2025-11-04 17:10:43,632] [INFO] Completion returned and validated from MODEL = 'grok-4'.
[2025-11-04 17:10:44,754] [INFO] Completion returned and validated from MODEL = 'grok-4'.
[2025-11-04 17:10:44,782] [INFO] Completion returned and validated from MODEL = 'grok-4'.
[2025-11-04 17:10:44,818] [INFO] Completion returned and validated from MODEL = 'grok-4'.
[2025-11-04 17:10:44,895] [INFO] Completion returned and validated from MODEL = 'grok-4'.
[2025-11-04 17:10:45,961] [INFO] Completion returned and validated from MODEL = 'grok-4'.
[2025-11-04 17:10:46,134] [INFO] Completion returned and validated from MODEL = 'grok-4'.
[2025-11-04 17:10:46,135] [INFO] Completion returned and validated from MODEL = 'grok-4'.
[2025-11-04 17:10:46,158] [INFO] Completion returned and validated from MODEL = 'grok-4'.
[2025-11-04 17:10:47,231] [INFO] Completion returned and validated from MODEL = 'grok-4'.
[2025-11-04 17:10:47,231] [INFO] EXIT: 'DialogueMoveGenerator' calling 'generate' (8.237675666809082 secs).
[2025-11-04 17:10:47,373] [INFO] Completion returned and validated from MODEL = 'grok-4'.
[2025-11-04 17:10:47,373] [INFO] EXIT: 'DialogueMoveGenerator' calling 'generate' (8.377212762832642 secs).
[2025-11-04 17:10:47,426] [INFO] Completion returned and validated from MODEL = 'grok-4'.
[2025-11-04 17:10:47,435] [INFO] Completion returned and validated from MODEL = 'grok-4'.
[2025-11-04 17:10:47,435] [INFO] EXIT: 'DialogueMoveGenerator' calling 'generate' (8.442618370056152 secs).
[2025-11-04 17:10:48,580] [INFO] Completion returned and validated from MODEL = 'grok-4'.
[2025-11-04 17:10:48,580] [INFO] EXIT: 'DialogueMoveGenerator' calling 'generate' (9.58524751663208 secs).
[2025-11-04 17:10:48,581] [INFO] ENTER: 'MASPromptGenerator' calling 'persuasiveness_choice'; CURRENT SPEAKER: grok-4_mas_rag, DIALOGUE TURN NUM = 7.
[2025-11-04 17:10:48,581] [INFO] EXIT: 'MASPromptGenerator' calling 'persuasiveness_choice' (0.00024890899658203125 secs).
[2025-11-04 17:10:49,951] [INFO] Completion returned and validated within 'PersuasivenessChoiceAgent'; MODEL = 'grok-4'; DIALOGUE TURN NUM = 7.
[2025-11-04 17:10:51,500] [INFO] Completion returned and validated within 'PersuasivenessChoiceAgent'; MODEL = 'grok-4'; DIALOGUE TURN NUM = 7.
[2025-11-04 17:10:53,014] [INFO] Completion returned and validated within 'PersuasivenessChoiceAgent'; MODEL = 'grok-4'; DIALOGUE TURN NUM = 7.
[2025-11-04 17:10:54,852] [INFO] Completion returned and validated within 'PersuasivenessChoiceAgent'; MODEL = 'grok-4'; DIALOGUE TURN NUM = 7.
[2025-11-04 17:10:56,614] [INFO] Completion returned and validated within 'PersuasivenessChoiceAgent'; MODEL = 'grok-4'; DIALOGUE TURN NUM = 7.
[2025-11-04 17:10:58,416] [INFO] Completion returned and validated within 'PersuasivenessChoiceAgent'; MODEL = 'grok-4'; DIALOGUE TURN NUM = 7.
[2025-11-04 17:10:59,803] [INFO] Completion returned and validated within 'PersuasivenessChoiceAgent'; MODEL = 'grok-4'; DIALOGUE TURN NUM = 7.
[2025-11-04 17:10:59,803] [INFO] ENTER: 'DisambiguationAgent' calling '_grouping_similar_utterance_types'; CURRENT SPEAKER: grok-4_mas_rag, DIALOGUE TURN NUM = 7.
[2025-11-04 17:10:59,803] [INFO] EXIT: 'DisambiguationAgent' calling '_grouping_similar_utterance_types' (1.5020370483398438e-05 secs).
[2025-11-04 17:10:59,803] [INFO] ENTER: 'DisambiguationAgent' calling '_identifying_similar_sentences_and_choosing_one_to_return_to_user'; CURRENT SPEAKER: grok-4_mas_rag, DIALOGUE TURN NUM = 7.
[2025-11-04 17:11:02,908] [INFO] 'DisambiguationAgent' grouped similar sentences, completion returned and validated; MODEL = 'grok-4'.
[2025-11-04 17:11:03,484] [INFO] 'DisambiguationAgent' chose sentences to remove, completion returned and validated from MODEL = 'grok-4'.
[2025-11-04 17:11:04,036] [INFO] 'DisambiguationAgent' chose sentences to remove, completion returned and validated from MODEL = 'grok-4'.
[2025-11-04 17:11:04,739] [INFO] 'DisambiguationAgent' chose sentences to remove, completion returned and validated from MODEL = 'grok-4'.
[2025-11-04 17:11:04,739] [INFO] EXIT: 'DisambiguationAgent' calling '_identifying_similar_sentences_and_choosing_one_to_return_to_user' (4.935711145401001 secs).
[2025-11-04 17:11:04,739] [INFO] ENTER: 'DisambiguationAgent' calling '_identifying_similar_sentences_and_choosing_one_to_return_to_user'; CURRENT SPEAKER: grok-4_mas_rag, DIALOGUE TURN NUM = 7.
[2025-11-04 17:11:08,152] [INFO] 'DisambiguationAgent' grouped similar sentences, completion returned and validated; MODEL = 'grok-4'.
[2025-11-04 17:11:08,722] [INFO] 'DisambiguationAgent' chose sentences to remove, completion returned and validated from MODEL = 'grok-4'.
[2025-11-04 17:11:11,541] [ERROR] 'DisambiguationAgent' could not choose sentences to remove, completion not validated; MODEL = 'grok-4'; 
 REASON: 

 1 validation error for PersuasivenessChoice
  Invalid JSON: trailing characters at line 3 column 1 [type=json_invalid, input_value='{"Choice": "Why do you c...ting tangible outcomes.', input_type=str]
    For further information visit https://errors.pydantic.dev/2.12/v/json_invalid
[2025-11-04 17:11:11,541] [ERROR] grok-4 failed to disambiguate sentences, model response: 
	 None
[2025-11-04 17:11:12,323] [INFO] 'DisambiguationAgent' chose sentences to remove, completion returned and validated from MODEL = 'grok-4'.
[2025-11-04 17:11:12,894] [INFO] 'DisambiguationAgent' chose sentences to remove, completion returned and validated from MODEL = 'grok-4'.
[2025-11-04 17:11:13,537] [INFO] 'DisambiguationAgent' chose sentences to remove, completion returned and validated from MODEL = 'grok-4'.
[2025-11-04 17:11:13,537] [INFO] EXIT: 'DisambiguationAgent' calling '_identifying_similar_sentences_and_choosing_one_to_return_to_user' (8.797846555709839 secs).
[2025-11-04 17:11:13,537] [INFO] ENTER: 'DisambiguationAgent' calling '_removing_repetitive_sentences'; CURRENT SPEAKER: grok-4_mas_rag, DIALOGUE TURN NUM = 7.
[2025-11-04 17:11:13,537] [INFO] EXIT: 'DisambiguationAgent' calling '_removing_repetitive_sentences' (3.457069396972656e-05 secs).
[2025-11-04 17:11:13,537] [INFO] ENTER: 'DisambiguationAgent' calling '_choose_the_most_persuasive_sentences'; CURRENT SPEAKER: grok-4_mas_rag, DIALOGUE TURN NUM = 7.
[2025-11-04 17:11:15,426] [INFO] 'DisambiguationAgent': reached maximum allowed sentences, succussfully chose most persuasive sentences, completion returned and validated from MODEL = 'grok-4'.
[2025-11-04 17:11:15,426] [INFO] EXIT: 'DisambiguationAgent' calling '_choose_the_most_persuasive_sentences' (1.8888506889343262 secs).
[2025-11-04 17:11:15,426] [INFO] ENTER: 'DisambiguationAgent' calling 'return_disambiguated_sentences'; CURRENT SPEAKER: grok-4_mas_rag, DIALOGUE TURN NUM = 7.
[2025-11-04 17:11:15,426] [INFO] EXIT: 'DisambiguationAgent' calling 'return_disambiguated_sentences' (2.6464462280273438e-05 secs).
[2025-11-04 17:11:15,427] [ERROR] Wrong state used; State of type HumanState; error message: dict has unexpected extra key(s): "graph_rag_examples", "intermediate_generations", "knowledge_base_ensemble_or_model_name", "model_seed", "model_temp", "model_top_p", "number_of_graph_rag_examples", "number_of_vector_based_rag_examples", "political_position_prob_of_na", "political_position_range", "political_position_std", "speaker_model_name", "speaker_type", "vector_based_persona_string", "vector_based_persona_sys_prompt"
[2025-11-04 17:11:15,427] [INFO] Correct state used; State of type GenerationAgentsState; 'IGNORE THE ABOVE ERRORS'.
[2025-11-04 17:11:15,765] [INFO] 'commitment_update' completed '___Claim___' update for current speaker's commitments; MODEL = 'grok-4'.
[2025-11-04 17:11:16,169] [INFO] 'commitment_update' completed '___Claim___' update for current speaker's commitments; MODEL = 'grok-4'.
[2025-11-04 17:11:16,512] [INFO] 'commitment_update' completed '___Claim___' update for current speaker's commitments; MODEL = 'grok-4'.
[2025-11-04 17:11:17,011] [INFO] 'commitment_update' completed '___Claim___' update for current speaker's commitments; MODEL = 'grok-4'.
[2025-11-04 17:11:17,131] [ERROR] Wrong state used; State of type HumanState; error message: dict has unexpected extra key(s): "graph_rag_examples", "intermediate_generations", "knowledge_base_ensemble_or_model_name", "model_seed", "model_temp", "model_top_p", "number_of_graph_rag_examples", "number_of_vector_based_rag_examples", "political_position_prob_of_na", "political_position_range", "political_position_std", "speaker_model_name", "speaker_type", "vector_based_persona_string", "vector_based_persona_sys_prompt"
[2025-11-04 17:11:17,132] [INFO] Correct state used; State of type GenerationAgentsState; 'IGNORE THE ABOVE ERRORS'.
[2025-11-04 17:11:17,132] [INFO] ENTER: 'UtteranceClassificationAgent' calling '_classify_sentence_utterance_types'; CURRENT SPEAKER: grok-4_mas, DIALOGUE TURN NUM = 8.
[2025-11-04 17:11:17,501] [INFO] 'UtteranceClassificationAgent' completion returned and validated from MODEL = 'ModelName.GROK_4'.
[2025-11-04 17:11:17,811] [INFO] 'UtteranceClassificationAgent' completion returned and validated from MODEL = 'ModelName.GROK_4'.
[2025-11-04 17:11:18,160] [INFO] 'UtteranceClassificationAgent' completion returned and validated from MODEL = 'ModelName.GROK_4'.
[2025-11-04 17:11:18,496] [INFO] 'UtteranceClassificationAgent' completion returned and validated from MODEL = 'ModelName.GROK_4'.
[2025-11-04 17:11:18,866] [INFO] 'UtteranceClassificationAgent' completion returned and validated from MODEL = 'ModelName.GROK_4'.
[2025-11-04 17:11:18,866] [INFO] EXIT: 'UtteranceClassificationAgent' calling '_classify_sentence_utterance_types' (1.7339978218078613 secs).
[2025-11-04 17:11:18,866] [INFO] ENTER: 'UtteranceClassificationAgent' calling 'return_classified_sentences'; CURRENT SPEAKER: grok-4_mas, DIALOGUE TURN NUM = 8.
[2025-11-04 17:11:18,866] [INFO] EXIT: 'UtteranceClassificationAgent' calling 'return_classified_sentences' (2.1457672119140625e-06 secs).
[2025-11-04 17:11:18,870] [INFO] ENTER: 'DialogueMoveGenerator' calling 'generate'; CURRENT SPEAKER: grok-4_mas, DIALOGUE TURN NUM = 8.
[2025-11-04 17:11:18,870] [INFO] ENTER: 'MASPromptGenerator' calling 'claim'; CURRENT SPEAKER: grok-4_mas, DIALOGUE TURN NUM = 8.
[2025-11-04 17:11:18,870] [INFO] EXIT: 'MASPromptGenerator' calling 'claim' (6.079673767089844e-05 secs).
[2025-11-04 17:11:18,871] [INFO] ENTER: 'DialogueMoveGenerator' calling 'generate'; CURRENT SPEAKER: grok-4_mas, DIALOGUE TURN NUM = 8.
[2025-11-04 17:11:18,871] [INFO] ENTER: 'MASPromptGenerator' calling 'claim_negation'; CURRENT SPEAKER: grok-4_mas, DIALOGUE TURN NUM = 8.
[2025-11-04 17:11:18,871] [INFO] EXIT: 'MASPromptGenerator' calling 'claim_negation' (5.435943603515625e-05 secs).
[2025-11-04 17:11:18,872] [INFO] ENTER: 'DialogueMoveGenerator' calling 'generate'; CURRENT SPEAKER: grok-4_mas, DIALOGUE TURN NUM = 8.
[2025-11-04 17:11:18,872] [INFO] ENTER: 'MASPromptGenerator' calling 'concede_claim'; CURRENT SPEAKER: grok-4_mas, DIALOGUE TURN NUM = 8.
[2025-11-04 17:11:18,872] [INFO] EXIT: 'MASPromptGenerator' calling 'concede_claim' (7.510185241699219e-05 secs).
[2025-11-04 17:11:18,874] [INFO] ENTER: 'DialogueMoveGenerator' calling 'generate'; CURRENT SPEAKER: grok-4_mas, DIALOGUE TURN NUM = 8.
[2025-11-04 17:11:18,874] [INFO] ENTER: 'MASPromptGenerator' calling 'question_claim'; CURRENT SPEAKER: grok-4_mas, DIALOGUE TURN NUM = 8.
[2025-11-04 17:11:18,874] [INFO] EXIT: 'MASPromptGenerator' calling 'question_claim' (5.698204040527344e-05 secs).
[2025-11-04 17:11:18,875] [INFO] ENTER: 'DialogueMoveGenerator' calling 'generate'; CURRENT SPEAKER: grok-4_mas, DIALOGUE TURN NUM = 8.
[2025-11-04 17:11:18,875] [INFO] ENTER: 'MASPromptGenerator' calling 'retract_claim'; CURRENT SPEAKER: grok-4_mas, DIALOGUE TURN NUM = 8.
[2025-11-04 17:11:18,875] [INFO] EXIT: 'MASPromptGenerator' calling 'retract_claim' (3.147125244140625e-05 secs).
[2025-11-04 17:11:18,875] [INFO] ENTER: 'DialogueMoveGenerator' calling 'generate'; CURRENT SPEAKER: grok-4_mas, DIALOGUE TURN NUM = 8.
[2025-11-04 17:11:18,876] [INFO] ENTER: 'MASPromptGenerator' calling 'since_claim'; CURRENT SPEAKER: grok-4_mas, DIALOGUE TURN NUM = 8.
[2025-11-04 17:11:18,876] [INFO] EXIT: 'MASPromptGenerator' calling 'since_claim' (3.218650817871094e-05 secs).
[2025-11-04 17:11:18,876] [INFO] ENTER: 'DialogueMoveGenerator' calling 'generate'; CURRENT SPEAKER: grok-4_mas, DIALOGUE TURN NUM = 8.
[2025-11-04 17:11:18,876] [INFO] ENTER: 'MASPromptGenerator' calling 'why_claim'; CURRENT SPEAKER: grok-4_mas, DIALOGUE TURN NUM = 8.
[2025-11-04 17:11:18,877] [INFO] EXIT: 'MASPromptGenerator' calling 'why_claim' (2.6941299438476562e-05 secs).
[2025-11-04 17:11:20,335] [INFO] Completion returned and validated from MODEL = 'grok-4'.
[2025-11-04 17:11:20,442] [INFO] Completion returned and validated from MODEL = 'grok-4'.
[2025-11-04 17:11:20,467] [INFO] Completion returned and validated from MODEL = 'grok-4'.
[2025-11-04 17:11:20,475] [INFO] Completion returned and validated from MODEL = 'grok-4'.
[2025-11-04 17:11:20,475] [INFO] EXIT: 'DialogueMoveGenerator' calling 'generate' (1.605574131011963 secs).
[2025-11-04 17:11:20,478] [INFO] Completion returned and validated from MODEL = 'grok-4'.
[2025-11-04 17:11:20,592] [INFO] Completion returned and validated from MODEL = 'grok-4'.
[2025-11-04 17:11:20,592] [INFO] EXIT: 'DialogueMoveGenerator' calling 'generate' (1.7170233726501465 secs).
[2025-11-04 17:11:20,671] [INFO] Completion returned and validated from MODEL = 'grok-4'.
[2025-11-04 17:11:20,671] [INFO] EXIT: 'DialogueMoveGenerator' calling 'generate' (1.7956218719482422 secs).
[2025-11-04 17:11:21,332] [INFO] Completion returned and validated from MODEL = 'grok-4'.
[2025-11-04 17:11:21,499] [INFO] Completion returned and validated from MODEL = 'grok-4'.
[2025-11-04 17:11:21,716] [INFO] Completion returned and validated from MODEL = 'grok-4'.
[2025-11-04 17:11:22,191] [INFO] Completion returned and validated from MODEL = 'grok-4'.
[2025-11-04 17:11:22,715] [INFO] Completion returned and validated from MODEL = 'grok-4'.
[2025-11-04 17:11:22,734] [INFO] Completion returned and validated from MODEL = 'grok-4'.
[2025-11-04 17:11:22,933] [INFO] Completion returned and validated from MODEL = 'grok-4'.
[2025-11-04 17:11:23,710] [INFO] Completion returned and validated from MODEL = 'grok-4'.
[2025-11-04 17:11:23,710] [INFO] EXIT: 'DialogueMoveGenerator' calling 'generate' (4.83890962600708 secs).
[2025-11-04 17:11:24,104] [INFO] Completion returned and validated from MODEL = 'grok-4'.
[2025-11-04 17:11:24,104] [INFO] EXIT: 'DialogueMoveGenerator' calling 'generate' (5.227661848068237 secs).
[2025-11-04 17:11:24,164] [INFO] Completion returned and validated from MODEL = 'grok-4'.
[2025-11-04 17:11:24,164] [INFO] EXIT: 'DialogueMoveGenerator' calling 'generate' (5.291828155517578 secs).
[2025-11-04 17:11:24,169] [INFO] Completion returned and validated from MODEL = 'grok-4'.
[2025-11-04 17:11:24,169] [INFO] EXIT: 'DialogueMoveGenerator' calling 'generate' (5.29512882232666 secs).
[2025-11-04 17:11:24,170] [INFO] ENTER: 'MASPromptGenerator' calling 'persuasiveness_choice'; CURRENT SPEAKER: grok-4_mas, DIALOGUE TURN NUM = 8.
[2025-11-04 17:11:24,170] [INFO] EXIT: 'MASPromptGenerator' calling 'persuasiveness_choice' (0.0001659393310546875 secs).
[2025-11-04 17:11:25,715] [INFO] Completion returned and validated within 'PersuasivenessChoiceAgent'; MODEL = 'grok-4'; DIALOGUE TURN NUM = 8.
[2025-11-04 17:11:27,796] [INFO] Completion returned and validated within 'PersuasivenessChoiceAgent'; MODEL = 'grok-4'; DIALOGUE TURN NUM = 8.
[2025-11-04 17:11:29,261] [INFO] Completion returned and validated within 'PersuasivenessChoiceAgent'; MODEL = 'grok-4'; DIALOGUE TURN NUM = 8.
[2025-11-04 17:11:30,889] [INFO] Completion returned and validated within 'PersuasivenessChoiceAgent'; MODEL = 'grok-4'; DIALOGUE TURN NUM = 8.
[2025-11-04 17:11:32,682] [INFO] Completion returned and validated within 'PersuasivenessChoiceAgent'; MODEL = 'grok-4'; DIALOGUE TURN NUM = 8.
[2025-11-04 17:11:32,683] [INFO] ENTER: 'DisambiguationAgent' calling '_grouping_similar_utterance_types'; CURRENT SPEAKER: grok-4_mas, DIALOGUE TURN NUM = 8.
[2025-11-04 17:11:32,683] [INFO] EXIT: 'DisambiguationAgent' calling '_grouping_similar_utterance_types' (1.239776611328125e-05 secs).
[2025-11-04 17:11:32,683] [INFO] ENTER: 'DisambiguationAgent' calling '_identifying_similar_sentences_and_choosing_one_to_return_to_user'; CURRENT SPEAKER: grok-4_mas, DIALOGUE TURN NUM = 8.
[2025-11-04 17:11:35,710] [INFO] 'DisambiguationAgent' grouped similar sentences, completion returned and validated; MODEL = 'grok-4'.
[2025-11-04 17:11:37,055] [INFO] 'DisambiguationAgent' chose sentences to remove, completion returned and validated from MODEL = 'grok-4'.
[2025-11-04 17:11:37,677] [INFO] 'DisambiguationAgent' chose sentences to remove, completion returned and validated from MODEL = 'grok-4'.
[2025-11-04 17:11:37,677] [INFO] EXIT: 'DisambiguationAgent' calling '_identifying_similar_sentences_and_choosing_one_to_return_to_user' (4.993854522705078 secs).
[2025-11-04 17:11:37,677] [INFO] ENTER: 'DisambiguationAgent' calling '_identifying_similar_sentences_and_choosing_one_to_return_to_user'; CURRENT SPEAKER: grok-4_mas, DIALOGUE TURN NUM = 8.
[2025-11-04 17:11:39,641] [INFO] 'DisambiguationAgent' grouped similar sentences, completion returned and validated; MODEL = 'grok-4'.
[2025-11-04 17:11:40,142] [INFO] 'DisambiguationAgent' chose sentences to remove, completion returned and validated from MODEL = 'grok-4'.
[2025-11-04 17:11:40,650] [INFO] 'DisambiguationAgent' chose sentences to remove, completion returned and validated from MODEL = 'grok-4'.
[2025-11-04 17:11:41,203] [INFO] 'DisambiguationAgent' chose sentences to remove, completion returned and validated from MODEL = 'grok-4'.
[2025-11-04 17:11:42,704] [ERROR] 'DisambiguationAgent' could not choose sentences to remove, completion not validated; MODEL = 'grok-4'; 
 REASON: 

 1 validation error for PersuasivenessChoice
  Invalid JSON: trailing characters at line 3 column 1 [type=json_invalid, input_value='{"Choice": "Why ignore t...iciency and innovation.', input_type=str]
    For further information visit https://errors.pydantic.dev/2.12/v/json_invalid
[2025-11-04 17:11:42,705] [ERROR] grok-4 failed to disambiguate sentences, model response: 
	 None
[2025-11-04 17:11:42,705] [INFO] EXIT: 'DisambiguationAgent' calling '_identifying_similar_sentences_and_choosing_one_to_return_to_user' (5.027467250823975 secs).
[2025-11-04 17:11:42,705] [INFO] ENTER: 'DisambiguationAgent' calling '_removing_repetitive_sentences'; CURRENT SPEAKER: grok-4_mas, DIALOGUE TURN NUM = 8.
[2025-11-04 17:11:42,705] [INFO] EXIT: 'DisambiguationAgent' calling '_removing_repetitive_sentences' (1.8835067749023438e-05 secs).
[2025-11-04 17:11:42,705] [INFO] ENTER: 'DisambiguationAgent' calling '_choose_the_most_persuasive_sentences'; CURRENT SPEAKER: grok-4_mas, DIALOGUE TURN NUM = 8.
[2025-11-04 17:11:44,532] [INFO] 'DisambiguationAgent': reached maximum allowed sentences, succussfully chose most persuasive sentences, completion returned and validated from MODEL = 'grok-4'.
[2025-11-04 17:11:44,532] [INFO] EXIT: 'DisambiguationAgent' calling '_choose_the_most_persuasive_sentences' (1.826937198638916 secs).
[2025-11-04 17:11:44,532] [INFO] ENTER: 'DisambiguationAgent' calling 'return_disambiguated_sentences'; CURRENT SPEAKER: grok-4_mas, DIALOGUE TURN NUM = 8.
[2025-11-04 17:11:44,532] [INFO] EXIT: 'DisambiguationAgent' calling 'return_disambiguated_sentences' (3.0994415283203125e-06 secs).
[2025-11-04 17:11:44,532] [ERROR] Wrong state used; State of type HumanState; error message: dict has unexpected extra key(s): "graph_rag_examples", "intermediate_generations", "knowledge_base_ensemble_or_model_name", "model_seed", "model_temp", "model_top_p", "number_of_graph_rag_examples", "number_of_vector_based_rag_examples", "political_position_prob_of_na", "political_position_range", "political_position_std", "speaker_model_name", "speaker_type", "vector_based_persona_string", "vector_based_persona_sys_prompt"
[2025-11-04 17:11:44,533] [INFO] Correct state used; State of type GenerationAgentsState; 'IGNORE THE ABOVE ERRORS'.
[2025-11-04 17:11:44,856] [INFO] 'commitment_update' completed '___Since___' update; MODEL = 'grok-4'.
[2025-11-04 17:11:45,177] [INFO] 'commitment_update' completed '___Claim___' update for current speaker's commitments; MODEL = 'grok-4'.
[2025-11-04 17:11:45,252] [ERROR] Wrong state used; State of type HumanState; error message: dict has unexpected extra key(s): "graph_rag_examples", "intermediate_generations", "knowledge_base_ensemble_or_model_name", "model_seed", "model_temp", "model_top_p", "number_of_graph_rag_examples", "number_of_vector_based_rag_examples", "political_position_prob_of_na", "political_position_range", "political_position_std", "speaker_model_name", "speaker_type", "vector_based_persona_string", "vector_based_persona_sys_prompt"
[2025-11-04 17:11:45,252] [INFO] Correct state used; State of type GenerationAgentsState; 'IGNORE THE ABOVE ERRORS'.
[2025-11-04 17:11:45,252] [INFO] ENTER: 'UtteranceClassificationAgent' calling '_classify_sentence_utterance_types'; CURRENT SPEAKER: grok-4_mas_rag, DIALOGUE TURN NUM = 9.
[2025-11-04 17:11:45,635] [INFO] 'UtteranceClassificationAgent' completion returned and validated from MODEL = 'ModelName.GROK_4'.
[2025-11-04 17:11:46,017] [INFO] 'UtteranceClassificationAgent' completion returned and validated from MODEL = 'ModelName.GROK_4'.
[2025-11-04 17:11:46,376] [INFO] 'UtteranceClassificationAgent' completion returned and validated from MODEL = 'ModelName.GROK_4'.
[2025-11-04 17:11:46,725] [INFO] 'UtteranceClassificationAgent' completion returned and validated from MODEL = 'ModelName.GROK_4'.
[2025-11-04 17:11:47,191] [INFO] 'UtteranceClassificationAgent' completion returned and validated from MODEL = 'ModelName.GROK_4'.
[2025-11-04 17:11:47,514] [INFO] 'UtteranceClassificationAgent' completion returned and validated from MODEL = 'ModelName.GROK_4'.
[2025-11-04 17:11:47,825] [INFO] 'UtteranceClassificationAgent' completion returned and validated from MODEL = 'ModelName.GROK_4'.
[2025-11-04 17:11:47,825] [INFO] EXIT: 'UtteranceClassificationAgent' calling '_classify_sentence_utterance_types' (2.5727155208587646 secs).
[2025-11-04 17:11:47,825] [INFO] ENTER: 'UtteranceClassificationAgent' calling 'return_classified_sentences'; CURRENT SPEAKER: grok-4_mas_rag, DIALOGUE TURN NUM = 9.
[2025-11-04 17:11:47,825] [INFO] EXIT: 'UtteranceClassificationAgent' calling 'return_classified_sentences' (1.9073486328125e-06 secs).
[2025-11-04 17:11:47,845] [INFO] ENTER: 'GraphRAG' calling 'why'; CURRENT SPEAKER: grok-4_mas_rag, DIALOGUE TURN NUM = 9.
[2025-11-04 17:11:47,845] [INFO] ENTER: 'GraphRAG' calling 'query_graph'; CURRENT SPEAKER: grok-4_mas_rag, DIALOGUE TURN NUM = 9.
[2025-11-04 17:11:48,524] [INFO] EXIT: 'GraphRAG' calling 'query_graph' (0.6789355278015137 secs).
[2025-11-04 17:11:48,524] [INFO] EXIT: 'GraphRAG' calling 'why' (0.6793534755706787 secs).
[2025-11-04 17:11:48,524] [INFO] ENTER: 'GraphRAG' calling 'claim_negation'; CURRENT SPEAKER: grok-4_mas_rag, DIALOGUE TURN NUM = 9.
[2025-11-04 17:11:48,525] [INFO] ENTER: 'GraphRAG' calling 'query_graph'; CURRENT SPEAKER: grok-4_mas_rag, DIALOGUE TURN NUM = 9.
[2025-11-04 17:11:49,178] [INFO] EXIT: 'GraphRAG' calling 'query_graph' (0.6535842418670654 secs).
[2025-11-04 17:11:49,178] [INFO] EXIT: 'GraphRAG' calling 'claim_negation' (0.6539769172668457 secs).
[2025-11-04 17:11:49,178] [INFO] ENTER: 'GraphRAG' calling 'concede'; CURRENT SPEAKER: grok-4_mas_rag, DIALOGUE TURN NUM = 9.
[2025-11-04 17:11:49,179] [INFO] ENTER: 'GraphRAG' calling 'query_graph'; CURRENT SPEAKER: grok-4_mas_rag, DIALOGUE TURN NUM = 9.
[2025-11-04 17:11:49,860] [INFO] EXIT: 'GraphRAG' calling 'query_graph' (0.6811206340789795 secs).
[2025-11-04 17:11:49,860] [INFO] EXIT: 'GraphRAG' calling 'concede' (0.6815347671508789 secs).
[2025-11-04 17:11:49,860] [INFO] ENTER: 'GraphRAG' calling 'question'; CURRENT SPEAKER: grok-4_mas_rag, DIALOGUE TURN NUM = 9.
[2025-11-04 17:11:49,860] [INFO] ENTER: 'GraphRAG' calling 'query_graph'; CURRENT SPEAKER: grok-4_mas_rag, DIALOGUE TURN NUM = 9.
[2025-11-04 17:11:49,985] [INFO] EXIT: 'GraphRAG' calling 'query_graph' (0.12508440017700195 secs).
[2025-11-04 17:11:49,985] [INFO] EXIT: 'GraphRAG' calling 'question' (0.125474214553833 secs).
[2025-11-04 17:11:50,002] [INFO] ENTER: 'GraphRAG' calling 'why'; CURRENT SPEAKER: grok-4_mas_rag, DIALOGUE TURN NUM = 9.
[2025-11-04 17:11:50,002] [INFO] ENTER: 'GraphRAG' calling 'query_graph'; CURRENT SPEAKER: grok-4_mas_rag, DIALOGUE TURN NUM = 9.
[2025-11-04 17:11:50,682] [INFO] EXIT: 'GraphRAG' calling 'query_graph' (0.6798341274261475 secs).
[2025-11-04 17:11:50,682] [INFO] EXIT: 'GraphRAG' calling 'why' (0.680199146270752 secs).
[2025-11-04 17:11:50,683] [INFO] ENTER: 'GraphRAG' calling 'claim_negation'; CURRENT SPEAKER: grok-4_mas_rag, DIALOGUE TURN NUM = 9.
[2025-11-04 17:11:50,683] [INFO] ENTER: 'GraphRAG' calling 'query_graph'; CURRENT SPEAKER: grok-4_mas_rag, DIALOGUE TURN NUM = 9.
[2025-11-04 17:11:51,337] [INFO] EXIT: 'GraphRAG' calling 'query_graph' (0.6540284156799316 secs).
[2025-11-04 17:11:51,337] [INFO] EXIT: 'GraphRAG' calling 'claim_negation' (0.6544218063354492 secs).
[2025-11-04 17:11:51,337] [INFO] ENTER: 'GraphRAG' calling 'concede'; CURRENT SPEAKER: grok-4_mas_rag, DIALOGUE TURN NUM = 9.
[2025-11-04 17:11:51,337] [INFO] ENTER: 'GraphRAG' calling 'query_graph'; CURRENT SPEAKER: grok-4_mas_rag, DIALOGUE TURN NUM = 9.
[2025-11-04 17:11:52,020] [INFO] EXIT: 'GraphRAG' calling 'query_graph' (0.6826255321502686 secs).
[2025-11-04 17:11:52,020] [INFO] EXIT: 'GraphRAG' calling 'concede' (0.6830761432647705 secs).
[2025-11-04 17:11:52,020] [INFO] ENTER: 'GraphRAG' calling 'question'; CURRENT SPEAKER: grok-4_mas_rag, DIALOGUE TURN NUM = 9.
[2025-11-04 17:11:52,020] [INFO] ENTER: 'GraphRAG' calling 'query_graph'; CURRENT SPEAKER: grok-4_mas_rag, DIALOGUE TURN NUM = 9.
[2025-11-04 17:11:52,147] [INFO] EXIT: 'GraphRAG' calling 'query_graph' (0.1270127296447754 secs).
[2025-11-04 17:11:52,148] [INFO] EXIT: 'GraphRAG' calling 'question' (0.1273972988128662 secs).
[2025-11-04 17:11:52,167] [INFO] ENTER: 'GraphRAG' calling 'why'; CURRENT SPEAKER: grok-4_mas_rag, DIALOGUE TURN NUM = 9.
[2025-11-04 17:11:52,167] [INFO] ENTER: 'GraphRAG' calling 'query_graph'; CURRENT SPEAKER: grok-4_mas_rag, DIALOGUE TURN NUM = 9.
[2025-11-04 17:11:52,854] [INFO] EXIT: 'GraphRAG' calling 'query_graph' (0.6863048076629639 secs).
[2025-11-04 17:11:52,854] [INFO] EXIT: 'GraphRAG' calling 'why' (0.6866843700408936 secs).
[2025-11-04 17:11:52,854] [INFO] ENTER: 'GraphRAG' calling 'claim_negation'; CURRENT SPEAKER: grok-4_mas_rag, DIALOGUE TURN NUM = 9.
[2025-11-04 17:11:52,854] [INFO] ENTER: 'GraphRAG' calling 'query_graph'; CURRENT SPEAKER: grok-4_mas_rag, DIALOGUE TURN NUM = 9.
[2025-11-04 17:11:53,505] [INFO] EXIT: 'GraphRAG' calling 'query_graph' (0.6511960029602051 secs).
[2025-11-04 17:11:53,505] [INFO] EXIT: 'GraphRAG' calling 'claim_negation' (0.6516661643981934 secs).
[2025-11-04 17:11:53,506] [INFO] ENTER: 'GraphRAG' calling 'concede'; CURRENT SPEAKER: grok-4_mas_rag, DIALOGUE TURN NUM = 9.
[2025-11-04 17:11:53,506] [INFO] ENTER: 'GraphRAG' calling 'query_graph'; CURRENT SPEAKER: grok-4_mas_rag, DIALOGUE TURN NUM = 9.
[2025-11-04 17:11:54,190] [INFO] EXIT: 'GraphRAG' calling 'query_graph' (0.6842589378356934 secs).
[2025-11-04 17:11:54,190] [INFO] EXIT: 'GraphRAG' calling 'concede' (0.68463134765625 secs).
[2025-11-04 17:11:54,190] [INFO] ENTER: 'GraphRAG' calling 'question'; CURRENT SPEAKER: grok-4_mas_rag, DIALOGUE TURN NUM = 9.
[2025-11-04 17:11:54,190] [INFO] ENTER: 'GraphRAG' calling 'query_graph'; CURRENT SPEAKER: grok-4_mas_rag, DIALOGUE TURN NUM = 9.
[2025-11-04 17:11:54,317] [INFO] EXIT: 'GraphRAG' calling 'query_graph' (0.12629294395446777 secs).
[2025-11-04 17:11:54,317] [INFO] EXIT: 'GraphRAG' calling 'question' (0.12666988372802734 secs).
[2025-11-04 17:11:54,333] [INFO] ENTER: 'GraphRAG' calling 'since'; CURRENT SPEAKER: grok-4_mas_rag, DIALOGUE TURN NUM = 9.
[2025-11-04 17:11:54,333] [INFO] ENTER: 'GraphRAG' calling 'query_graph'; CURRENT SPEAKER: grok-4_mas_rag, DIALOGUE TURN NUM = 9.
[2025-11-04 17:11:54,356] [INFO] EXIT: 'GraphRAG' calling 'query_graph' (0.0231473445892334 secs).
[2025-11-04 17:11:54,356] [INFO] EXIT: 'GraphRAG' calling 'since' (0.02351665496826172 secs).
[2025-11-04 17:11:54,357] [INFO] ENTER: 'GraphRAG' calling 'claim'; CURRENT SPEAKER: grok-4_mas_rag, DIALOGUE TURN NUM = 9.
[2025-11-04 17:11:54,357] [INFO] ENTER: 'GraphRAG' calling 'query_graph'; CURRENT SPEAKER: grok-4_mas_rag, DIALOGUE TURN NUM = 9.
[2025-11-04 17:11:54,375] [INFO] EXIT: 'GraphRAG' calling 'query_graph' (0.017916202545166016 secs).
[2025-11-04 17:11:54,375] [INFO] EXIT: 'GraphRAG' calling 'claim' (0.018296480178833008 secs).
[2025-11-04 17:11:54,392] [INFO] ENTER: 'GraphRAG' calling 'why'; CURRENT SPEAKER: grok-4_mas_rag, DIALOGUE TURN NUM = 9.
[2025-11-04 17:11:54,392] [INFO] ENTER: 'GraphRAG' calling 'query_graph'; CURRENT SPEAKER: grok-4_mas_rag, DIALOGUE TURN NUM = 9.
[2025-11-04 17:11:55,070] [INFO] EXIT: 'GraphRAG' calling 'query_graph' (0.6774919033050537 secs).
[2025-11-04 17:11:55,070] [INFO] EXIT: 'GraphRAG' calling 'why' (0.6778979301452637 secs).
[2025-11-04 17:11:55,070] [INFO] ENTER: 'GraphRAG' calling 'claim_negation'; CURRENT SPEAKER: grok-4_mas_rag, DIALOGUE TURN NUM = 9.
[2025-11-04 17:11:55,070] [INFO] ENTER: 'GraphRAG' calling 'query_graph'; CURRENT SPEAKER: grok-4_mas_rag, DIALOGUE TURN NUM = 9.
[2025-11-04 17:11:55,722] [INFO] EXIT: 'GraphRAG' calling 'query_graph' (0.6520953178405762 secs).
[2025-11-04 17:11:55,722] [INFO] EXIT: 'GraphRAG' calling 'claim_negation' (0.6526391506195068 secs).
[2025-11-04 17:11:55,723] [INFO] ENTER: 'GraphRAG' calling 'concede'; CURRENT SPEAKER: grok-4_mas_rag, DIALOGUE TURN NUM = 9.
[2025-11-04 17:11:55,723] [INFO] ENTER: 'GraphRAG' calling 'query_graph'; CURRENT SPEAKER: grok-4_mas_rag, DIALOGUE TURN NUM = 9.
[2025-11-04 17:11:56,406] [INFO] EXIT: 'GraphRAG' calling 'query_graph' (0.6833429336547852 secs).
[2025-11-04 17:11:56,406] [INFO] EXIT: 'GraphRAG' calling 'concede' (0.683713436126709 secs).
[2025-11-04 17:11:56,406] [INFO] ENTER: 'GraphRAG' calling 'question'; CURRENT SPEAKER: grok-4_mas_rag, DIALOGUE TURN NUM = 9.
[2025-11-04 17:11:56,407] [INFO] ENTER: 'GraphRAG' calling 'query_graph'; CURRENT SPEAKER: grok-4_mas_rag, DIALOGUE TURN NUM = 9.
[2025-11-04 17:11:56,532] [INFO] EXIT: 'GraphRAG' calling 'query_graph' (0.12544488906860352 secs).
[2025-11-04 17:11:56,532] [INFO] EXIT: 'GraphRAG' calling 'question' (0.12584996223449707 secs).
[2025-11-04 17:11:56,549] [INFO] ENTER: 'GraphRAG' calling 'since'; CURRENT SPEAKER: grok-4_mas_rag, DIALOGUE TURN NUM = 9.
[2025-11-04 17:11:56,549] [INFO] ENTER: 'GraphRAG' calling 'query_graph'; CURRENT SPEAKER: grok-4_mas_rag, DIALOGUE TURN NUM = 9.
[2025-11-04 17:11:56,571] [INFO] EXIT: 'GraphRAG' calling 'query_graph' (0.02234172821044922 secs).
[2025-11-04 17:11:56,571] [INFO] EXIT: 'GraphRAG' calling 'since' (0.022685527801513672 secs).
[2025-11-04 17:11:56,571] [INFO] ENTER: 'GraphRAG' calling 'claim'; CURRENT SPEAKER: grok-4_mas_rag, DIALOGUE TURN NUM = 9.
[2025-11-04 17:11:56,572] [INFO] ENTER: 'GraphRAG' calling 'query_graph'; CURRENT SPEAKER: grok-4_mas_rag, DIALOGUE TURN NUM = 9.
[2025-11-04 17:11:56,589] [INFO] EXIT: 'GraphRAG' calling 'query_graph' (0.017244577407836914 secs).
[2025-11-04 17:11:56,589] [INFO] EXIT: 'GraphRAG' calling 'claim' (0.017615079879760742 secs).
[2025-11-04 17:11:56,607] [INFO] ENTER: 'GraphRAG' calling 'since'; CURRENT SPEAKER: grok-4_mas_rag, DIALOGUE TURN NUM = 9.
[2025-11-04 17:11:56,607] [INFO] ENTER: 'GraphRAG' calling 'query_graph'; CURRENT SPEAKER: grok-4_mas_rag, DIALOGUE TURN NUM = 9.
[2025-11-04 17:11:56,629] [INFO] EXIT: 'GraphRAG' calling 'query_graph' (0.02222418785095215 secs).
[2025-11-04 17:11:56,629] [INFO] EXIT: 'GraphRAG' calling 'since' (0.022589445114135742 secs).
[2025-11-04 17:11:56,630] [INFO] ENTER: 'GraphRAG' calling 'claim'; CURRENT SPEAKER: grok-4_mas_rag, DIALOGUE TURN NUM = 9.
[2025-11-04 17:11:56,630] [INFO] ENTER: 'GraphRAG' calling 'query_graph'; CURRENT SPEAKER: grok-4_mas_rag, DIALOGUE TURN NUM = 9.
[2025-11-04 17:11:56,647] [INFO] EXIT: 'GraphRAG' calling 'query_graph' (0.017596006393432617 secs).
[2025-11-04 17:11:56,647] [INFO] EXIT: 'GraphRAG' calling 'claim' (0.017952442169189453 secs).
[2025-11-04 17:11:56,648] [INFO] ENTER: 'GraphRAG' calling 'return_rag_examples'; CURRENT SPEAKER: grok-4_mas_rag, DIALOGUE TURN NUM = 9.
[2025-11-04 17:11:56,648] [INFO] EXIT: 'GraphRAG' calling 'return_rag_examples' (1.430511474609375e-06 secs).
[2025-11-04 17:11:56,650] [INFO] ENTER: 'DialogueMoveGenerator' calling 'generate'; CURRENT SPEAKER: grok-4_mas_rag, DIALOGUE TURN NUM = 9.
[2025-11-04 17:11:56,650] [INFO] ENTER: 'MASPromptGenerator' calling 'claim'; CURRENT SPEAKER: grok-4_mas_rag, DIALOGUE TURN NUM = 9.
[2025-11-04 17:11:56,650] [INFO] EXIT: 'MASPromptGenerator' calling 'claim' (0.00012731552124023438 secs).
[2025-11-04 17:11:56,651] [INFO] ENTER: 'DialogueMoveGenerator' calling 'generate'; CURRENT SPEAKER: grok-4_mas_rag, DIALOGUE TURN NUM = 9.
[2025-11-04 17:11:56,651] [INFO] ENTER: 'MASPromptGenerator' calling 'claim_negation'; CURRENT SPEAKER: grok-4_mas_rag, DIALOGUE TURN NUM = 9.
[2025-11-04 17:11:56,651] [INFO] EXIT: 'MASPromptGenerator' calling 'claim_negation' (0.00020623207092285156 secs).
[2025-11-04 17:11:56,653] [INFO] ENTER: 'DialogueMoveGenerator' calling 'generate'; CURRENT SPEAKER: grok-4_mas_rag, DIALOGUE TURN NUM = 9.
[2025-11-04 17:11:56,653] [INFO] ENTER: 'MASPromptGenerator' calling 'concede_claim'; CURRENT SPEAKER: grok-4_mas_rag, DIALOGUE TURN NUM = 9.
[2025-11-04 17:11:56,653] [INFO] EXIT: 'MASPromptGenerator' calling 'concede_claim' (0.0001766681671142578 secs).
[2025-11-04 17:11:56,654] [INFO] ENTER: 'DialogueMoveGenerator' calling 'generate'; CURRENT SPEAKER: grok-4_mas_rag, DIALOGUE TURN NUM = 9.
[2025-11-04 17:11:56,654] [INFO] ENTER: 'MASPromptGenerator' calling 'question_claim'; CURRENT SPEAKER: grok-4_mas_rag, DIALOGUE TURN NUM = 9.
[2025-11-04 17:11:56,654] [INFO] EXIT: 'MASPromptGenerator' calling 'question_claim' (0.00017261505126953125 secs).
[2025-11-04 17:11:56,655] [INFO] ENTER: 'DialogueMoveGenerator' calling 'generate'; CURRENT SPEAKER: grok-4_mas_rag, DIALOGUE TURN NUM = 9.
[2025-11-04 17:11:56,655] [INFO] ENTER: 'MASPromptGenerator' calling 'retract_claim'; CURRENT SPEAKER: grok-4_mas_rag, DIALOGUE TURN NUM = 9.
[2025-11-04 17:11:56,655] [INFO] EXIT: 'MASPromptGenerator' calling 'retract_claim' (9.72747802734375e-05 secs).
[2025-11-04 17:11:56,656] [INFO] ENTER: 'DialogueMoveGenerator' calling 'generate'; CURRENT SPEAKER: grok-4_mas_rag, DIALOGUE TURN NUM = 9.
[2025-11-04 17:11:56,656] [INFO] ENTER: 'MASPromptGenerator' calling 'since_claim'; CURRENT SPEAKER: grok-4_mas_rag, DIALOGUE TURN NUM = 9.
[2025-11-04 17:11:56,656] [INFO] EXIT: 'MASPromptGenerator' calling 'since_claim' (0.00013828277587890625 secs).
[2025-11-04 17:11:56,656] [INFO] ENTER: 'DialogueMoveGenerator' calling 'generate'; CURRENT SPEAKER: grok-4_mas_rag, DIALOGUE TURN NUM = 9.
[2025-11-04 17:11:56,657] [INFO] ENTER: 'MASPromptGenerator' calling 'why_claim'; CURRENT SPEAKER: grok-4_mas_rag, DIALOGUE TURN NUM = 9.
[2025-11-04 17:11:56,657] [INFO] EXIT: 'MASPromptGenerator' calling 'why_claim' (7.677078247070312e-05 secs).
[2025-11-04 17:11:58,137] [INFO] Completion returned and validated from MODEL = 'grok-4'.
[2025-11-04 17:11:58,168] [INFO] Completion returned and validated from MODEL = 'grok-4'.
[2025-11-04 17:11:58,252] [INFO] Completion returned and validated from MODEL = 'grok-4'.
[2025-11-04 17:11:58,781] [INFO] Completion returned and validated from MODEL = 'grok-4'.
[2025-11-04 17:11:58,793] [INFO] Completion returned and validated from MODEL = 'grok-4'.
[2025-11-04 17:11:58,868] [INFO] Completion returned and validated from MODEL = 'grok-4'.
[2025-11-04 17:11:58,873] [INFO] Completion returned and validated from MODEL = 'grok-4'.
[2025-11-04 17:11:59,542] [INFO] Completion returned and validated from MODEL = 'grok-4'.
[2025-11-04 17:11:59,693] [INFO] Completion returned and validated from MODEL = 'grok-4'.
[2025-11-04 17:11:59,765] [INFO] Completion returned and validated from MODEL = 'grok-4'.
[2025-11-04 17:12:00,642] [INFO] Completion returned and validated from MODEL = 'grok-4'.
[2025-11-04 17:12:00,761] [INFO] Completion returned and validated from MODEL = 'grok-4'.
[2025-11-04 17:12:01,317] [INFO] Completion returned and validated from MODEL = 'grok-4'.
[2025-11-04 17:12:01,324] [INFO] Completion returned and validated from MODEL = 'grok-4'.
[2025-11-04 17:12:01,373] [INFO] Completion returned and validated from MODEL = 'grok-4'.
[2025-11-04 17:12:01,509] [INFO] Completion returned and validated from MODEL = 'grok-4'.
[2025-11-04 17:12:02,104] [INFO] Completion returned and validated from MODEL = 'grok-4'.
[2025-11-04 17:12:02,104] [INFO] EXIT: 'DialogueMoveGenerator' calling 'generate' (5.454179525375366 secs).
[2025-11-04 17:12:02,348] [INFO] Completion returned and validated from MODEL = 'grok-4'.
[2025-11-04 17:12:02,348] [INFO] EXIT: 'DialogueMoveGenerator' calling 'generate' (5.69551157951355 secs).
[2025-11-04 17:12:02,739] [INFO] Completion returned and validated from MODEL = 'grok-4'.
[2025-11-04 17:12:02,739] [INFO] EXIT: 'DialogueMoveGenerator' calling 'generate' (6.083998918533325 secs).
[2025-11-04 17:12:02,947] [INFO] Completion returned and validated from MODEL = 'grok-4'.
[2025-11-04 17:12:02,956] [INFO] Completion returned and validated from MODEL = 'grok-4'.
[2025-11-04 17:12:03,113] [INFO] Completion returned and validated from MODEL = 'grok-4'.
[2025-11-04 17:12:03,113] [INFO] EXIT: 'DialogueMoveGenerator' calling 'generate' (6.456202507019043 secs).
[2025-11-04 17:12:03,233] [INFO] Completion returned and validated from MODEL = 'grok-4'.
[2025-11-04 17:12:03,233] [INFO] EXIT: 'DialogueMoveGenerator' calling 'generate' (6.577569484710693 secs).
[2025-11-04 17:12:04,087] [INFO] Completion returned and validated from MODEL = 'grok-4'.
[2025-11-04 17:12:04,087] [INFO] EXIT: 'DialogueMoveGenerator' calling 'generate' (7.435702085494995 secs).
[2025-11-04 17:12:04,190] [INFO] Completion returned and validated from MODEL = 'grok-4'.
[2025-11-04 17:12:04,190] [INFO] EXIT: 'DialogueMoveGenerator' calling 'generate' (7.5356125831604 secs).
[2025-11-04 17:12:04,191] [INFO] ENTER: 'MASPromptGenerator' calling 'persuasiveness_choice'; CURRENT SPEAKER: grok-4_mas_rag, DIALOGUE TURN NUM = 9.
[2025-11-04 17:12:04,191] [INFO] EXIT: 'MASPromptGenerator' calling 'persuasiveness_choice' (0.00022482872009277344 secs).
[2025-11-04 17:12:05,643] [INFO] Completion returned and validated within 'PersuasivenessChoiceAgent'; MODEL = 'grok-4'; DIALOGUE TURN NUM = 9.
[2025-11-04 17:12:07,268] [INFO] Completion returned and validated within 'PersuasivenessChoiceAgent'; MODEL = 'grok-4'; DIALOGUE TURN NUM = 9.
[2025-11-04 17:12:09,225] [INFO] Completion returned and validated within 'PersuasivenessChoiceAgent'; MODEL = 'grok-4'; DIALOGUE TURN NUM = 9.
[2025-11-04 17:12:09,685] [INFO] Completion returned and validated within 'PersuasivenessChoiceAgent'; MODEL = 'grok-4'; DIALOGUE TURN NUM = 9.
[2025-11-04 17:12:11,168] [INFO] Completion returned and validated within 'PersuasivenessChoiceAgent'; MODEL = 'grok-4'; DIALOGUE TURN NUM = 9.
[2025-11-04 17:12:13,273] [INFO] Completion returned and validated within 'PersuasivenessChoiceAgent'; MODEL = 'grok-4'; DIALOGUE TURN NUM = 9.
[2025-11-04 17:12:15,425] [INFO] Completion returned and validated within 'PersuasivenessChoiceAgent'; MODEL = 'grok-4'; DIALOGUE TURN NUM = 9.
[2025-11-04 17:12:15,426] [INFO] ENTER: 'DisambiguationAgent' calling '_grouping_similar_utterance_types'; CURRENT SPEAKER: grok-4_mas_rag, DIALOGUE TURN NUM = 9.
[2025-11-04 17:12:15,426] [INFO] EXIT: 'DisambiguationAgent' calling '_grouping_similar_utterance_types' (1.6689300537109375e-05 secs).
[2025-11-04 17:12:15,426] [INFO] ENTER: 'DisambiguationAgent' calling '_identifying_similar_sentences_and_choosing_one_to_return_to_user'; CURRENT SPEAKER: grok-4_mas_rag, DIALOGUE TURN NUM = 9.
[2025-11-04 17:12:21,559] [INFO] 'DisambiguationAgent' grouped similar sentences, completion returned and validated; MODEL = 'grok-4'.
[2025-11-04 17:12:22,569] [INFO] 'DisambiguationAgent' chose sentences to remove, completion returned and validated from MODEL = 'grok-4'.
[2025-11-04 17:12:23,937] [INFO] 'DisambiguationAgent' chose sentences to remove, completion returned and validated from MODEL = 'grok-4'.
[2025-11-04 17:12:24,542] [INFO] 'DisambiguationAgent' chose sentences to remove, completion returned and validated from MODEL = 'grok-4'.
[2025-11-04 17:12:25,139] [INFO] 'DisambiguationAgent' chose sentences to remove, completion returned and validated from MODEL = 'grok-4'.
[2025-11-04 17:12:25,140] [INFO] EXIT: 'DisambiguationAgent' calling '_identifying_similar_sentences_and_choosing_one_to_return_to_user' (9.713732719421387 secs).
[2025-11-04 17:12:25,140] [INFO] ENTER: 'DisambiguationAgent' calling '_identifying_similar_sentences_and_choosing_one_to_return_to_user'; CURRENT SPEAKER: grok-4_mas_rag, DIALOGUE TURN NUM = 9.
[2025-11-04 17:12:27,592] [INFO] 'DisambiguationAgent' grouped similar sentences, completion returned and validated; MODEL = 'grok-4'.
[2025-11-04 17:12:30,058] [ERROR] 'DisambiguationAgent' could not choose sentences to remove, completion not validated; MODEL = 'grok-4'; 
 REASON: 

 1 validation error for PersuasivenessChoice
  Invalid JSON: trailing characters at line 3 column 1 [type=json_invalid, input_value='{"Choice": "Why do you i...favor of the NHS model.', input_type=str]
    For further information visit https://errors.pydantic.dev/2.12/v/json_invalid
[2025-11-04 17:12:30,058] [ERROR] grok-4 failed to disambiguate sentences, model response: 
	 None
[2025-11-04 17:12:30,645] [INFO] 'DisambiguationAgent' chose sentences to remove, completion returned and validated from MODEL = 'grok-4'.
[2025-11-04 17:12:33,425] [ERROR] 'DisambiguationAgent' could not choose sentences to remove, completion not validated; MODEL = 'grok-4'; 
 REASON: 

 1 validation error for PersuasivenessChoice
  Invalid JSON: trailing characters at line 3 column 1 [type=json_invalid, input_value='{"Choice": "Why do you c...or outcomes in the NHS.', input_type=str]
    For further information visit https://errors.pydantic.dev/2.12/v/json_invalid
[2025-11-04 17:12:33,425] [ERROR] grok-4 failed to disambiguate sentences, model response: 
	 None
[2025-11-04 17:12:33,425] [INFO] EXIT: 'DisambiguationAgent' calling '_identifying_similar_sentences_and_choosing_one_to_return_to_user' (8.285322666168213 secs).
[2025-11-04 17:12:33,425] [INFO] ENTER: 'DisambiguationAgent' calling '_removing_repetitive_sentences'; CURRENT SPEAKER: grok-4_mas_rag, DIALOGUE TURN NUM = 9.
[2025-11-04 17:12:33,425] [INFO] EXIT: 'DisambiguationAgent' calling '_removing_repetitive_sentences' (4.124641418457031e-05 secs).
[2025-11-04 17:12:33,425] [INFO] ENTER: 'DisambiguationAgent' calling '_choose_the_most_persuasive_sentences'; CURRENT SPEAKER: grok-4_mas_rag, DIALOGUE TURN NUM = 9.
[2025-11-04 17:12:35,355] [INFO] 'DisambiguationAgent': reached maximum allowed sentences, succussfully chose most persuasive sentences, completion returned and validated from MODEL = 'grok-4'.
[2025-11-04 17:12:35,355] [INFO] EXIT: 'DisambiguationAgent' calling '_choose_the_most_persuasive_sentences' (1.9297387599945068 secs).
[2025-11-04 17:12:35,355] [INFO] ENTER: 'DisambiguationAgent' calling 'return_disambiguated_sentences'; CURRENT SPEAKER: grok-4_mas_rag, DIALOGUE TURN NUM = 9.
[2025-11-04 17:12:35,355] [INFO] EXIT: 'DisambiguationAgent' calling 'return_disambiguated_sentences' (2.6226043701171875e-06 secs).
[2025-11-04 17:12:35,355] [ERROR] Wrong state used; State of type HumanState; error message: dict has unexpected extra key(s): "graph_rag_examples", "intermediate_generations", "knowledge_base_ensemble_or_model_name", "model_seed", "model_temp", "model_top_p", "number_of_graph_rag_examples", "number_of_vector_based_rag_examples", "political_position_prob_of_na", "political_position_range", "political_position_std", "speaker_model_name", "speaker_type", "vector_based_persona_string", "vector_based_persona_sys_prompt"
[2025-11-04 17:12:35,356] [INFO] Correct state used; State of type GenerationAgentsState; 'IGNORE THE ABOVE ERRORS'.
[2025-11-04 17:12:35,664] [INFO] 'commitment_update' completed '___Claim___' update for current speaker's commitments; MODEL = 'grok-4'.
[2025-11-04 17:12:35,963] [INFO] 'commitment_update' completed '___Claim___' update for current speaker's commitments; MODEL = 'grok-4'.
[2025-11-04 17:12:36,321] [INFO] 'commitment_update' completed '___Claim___' update for current speaker's commitments; MODEL = 'grok-4'.
[2025-11-04 17:12:36,649] [INFO] 'commitment_update' completed '___Since___' update; MODEL = 'grok-4'.
[2025-11-04 17:12:36,761] [ERROR] Wrong state used; State of type HumanState; error message: dict has unexpected extra key(s): "graph_rag_examples", "intermediate_generations", "knowledge_base_ensemble_or_model_name", "model_seed", "model_temp", "model_top_p", "number_of_graph_rag_examples", "number_of_vector_based_rag_examples", "political_position_prob_of_na", "political_position_range", "political_position_std", "speaker_model_name", "speaker_type", "vector_based_persona_string", "vector_based_persona_sys_prompt"
[2025-11-04 17:12:36,762] [INFO] Correct state used; State of type GenerationAgentsState; 'IGNORE THE ABOVE ERRORS'.
[2025-11-04 17:12:36,762] [INFO] ENTER: 'UtteranceClassificationAgent' calling '_classify_sentence_utterance_types'; CURRENT SPEAKER: grok-4_mas, DIALOGUE TURN NUM = 10.
[2025-11-04 17:12:37,156] [INFO] 'UtteranceClassificationAgent' completion returned and validated from MODEL = 'ModelName.GROK_4'.
[2025-11-04 17:12:37,777] [INFO] 'UtteranceClassificationAgent' completion returned and validated from MODEL = 'ModelName.GROK_4'.
[2025-11-04 17:12:38,090] [INFO] 'UtteranceClassificationAgent' completion returned and validated from MODEL = 'ModelName.GROK_4'.
[2025-11-04 17:12:38,433] [INFO] 'UtteranceClassificationAgent' completion returned and validated from MODEL = 'ModelName.GROK_4'.
[2025-11-04 17:12:38,745] [INFO] 'UtteranceClassificationAgent' completion returned and validated from MODEL = 'ModelName.GROK_4'.
[2025-11-04 17:12:39,132] [INFO] 'UtteranceClassificationAgent' completion returned and validated from MODEL = 'ModelName.GROK_4'.
[2025-11-04 17:12:39,453] [INFO] 'UtteranceClassificationAgent' completion returned and validated from MODEL = 'ModelName.GROK_4'.
[2025-11-04 17:12:39,453] [INFO] EXIT: 'UtteranceClassificationAgent' calling '_classify_sentence_utterance_types' (2.691528797149658 secs).
[2025-11-04 17:12:39,453] [INFO] ENTER: 'UtteranceClassificationAgent' calling 'return_classified_sentences'; CURRENT SPEAKER: grok-4_mas, DIALOGUE TURN NUM = 10.
[2025-11-04 17:12:39,453] [INFO] EXIT: 'UtteranceClassificationAgent' calling 'return_classified_sentences' (1.9073486328125e-06 secs).
[2025-11-04 17:12:39,460] [INFO] ENTER: 'DialogueMoveGenerator' calling 'generate'; CURRENT SPEAKER: grok-4_mas, DIALOGUE TURN NUM = 10.
[2025-11-04 17:12:39,461] [INFO] ENTER: 'DialogueMoveGenerator' calling 'generate'; CURRENT SPEAKER: grok-4_mas, DIALOGUE TURN NUM = 10.
[2025-11-04 17:12:39,461] [INFO] ENTER: 'DialogueMoveGenerator' calling 'generate'; CURRENT SPEAKER: grok-4_mas, DIALOGUE TURN NUM = 10.
[2025-11-04 17:12:39,461] [INFO] ENTER: 'MASPromptGenerator' calling 'claim'; CURRENT SPEAKER: grok-4_mas, DIALOGUE TURN NUM = 10.
[2025-11-04 17:12:39,462] [INFO] ENTER: 'DialogueMoveGenerator' calling 'generate'; CURRENT SPEAKER: grok-4_mas, DIALOGUE TURN NUM = 10.
[2025-11-04 17:12:39,462] [INFO] ENTER: 'DialogueMoveGenerator' calling 'generate'; CURRENT SPEAKER: grok-4_mas, DIALOGUE TURN NUM = 10.
[2025-11-04 17:12:39,462] [INFO] ENTER: 'MASPromptGenerator' calling 'claim_negation'; CURRENT SPEAKER: grok-4_mas, DIALOGUE TURN NUM = 10.
[2025-11-04 17:12:39,462] [INFO] ENTER: 'DialogueMoveGenerator' calling 'generate'; CURRENT SPEAKER: grok-4_mas, DIALOGUE TURN NUM = 10.
[2025-11-04 17:12:39,463] [INFO] ENTER: 'DialogueMoveGenerator' calling 'generate'; CURRENT SPEAKER: grok-4_mas, DIALOGUE TURN NUM = 10.
[2025-11-04 17:12:39,463] [INFO] ENTER: 'MASPromptGenerator' calling 'concede_claim'; CURRENT SPEAKER: grok-4_mas, DIALOGUE TURN NUM = 10.
[2025-11-04 17:12:39,463] [INFO] EXIT: 'MASPromptGenerator' calling 'claim' (8.654594421386719e-05 secs).
[2025-11-04 17:12:39,464] [INFO] ENTER: 'MASPromptGenerator' calling 'question_claim'; CURRENT SPEAKER: grok-4_mas, DIALOGUE TURN NUM = 10.
[2025-11-04 17:12:39,465] [INFO] ENTER: 'MASPromptGenerator' calling 'retract_claim'; CURRENT SPEAKER: grok-4_mas, DIALOGUE TURN NUM = 10.
[2025-11-04 17:12:39,465] [INFO] EXIT: 'MASPromptGenerator' calling 'claim_negation' (3.504753112792969e-05 secs).
[2025-11-04 17:12:39,465] [INFO] ENTER: 'MASPromptGenerator' calling 'since_claim'; CURRENT SPEAKER: grok-4_mas, DIALOGUE TURN NUM = 10.
[2025-11-04 17:12:39,465] [INFO] ENTER: 'MASPromptGenerator' calling 'why_claim'; CURRENT SPEAKER: grok-4_mas, DIALOGUE TURN NUM = 10.
[2025-11-04 17:12:39,465] [INFO] EXIT: 'MASPromptGenerator' calling 'concede_claim' (4.172325134277344e-05 secs).
[2025-11-04 17:12:39,466] [INFO] EXIT: 'MASPromptGenerator' calling 'question_claim' (4.267692565917969e-05 secs).
[2025-11-04 17:12:39,466] [INFO] EXIT: 'MASPromptGenerator' calling 'retract_claim' (4.124641418457031e-05 secs).
[2025-11-04 17:12:39,466] [INFO] EXIT: 'MASPromptGenerator' calling 'since_claim' (8.702278137207031e-05 secs).
[2025-11-04 17:12:39,467] [INFO] EXIT: 'MASPromptGenerator' calling 'why_claim' (8.320808410644531e-05 secs).
[2025-11-04 17:12:40,662] [INFO] Completion returned and validated from MODEL = 'grok-4'.
[2025-11-04 17:12:40,783] [INFO] Completion returned and validated from MODEL = 'grok-4'.
[2025-11-04 17:12:40,865] [INFO] Completion returned and validated from MODEL = 'grok-4'.
[2025-11-04 17:12:40,893] [INFO] Completion returned and validated from MODEL = 'grok-4'.
[2025-11-04 17:12:40,900] [INFO] Completion returned and validated from MODEL = 'grok-4'.
[2025-11-04 17:12:40,900] [INFO] EXIT: 'DialogueMoveGenerator' calling 'generate' (1.4356627464294434 secs).
[2025-11-04 17:12:40,910] [INFO] Completion returned and validated from MODEL = 'grok-4'.
[2025-11-04 17:12:40,910] [INFO] EXIT: 'DialogueMoveGenerator' calling 'generate' (1.445173978805542 secs).
[2025-11-04 17:12:41,387] [INFO] Completion returned and validated from MODEL = 'grok-4'.
[2025-11-04 17:12:41,387] [INFO] EXIT: 'DialogueMoveGenerator' calling 'generate' (1.926105260848999 secs).
[2025-11-04 17:12:41,872] [INFO] Completion returned and validated from MODEL = 'grok-4'.
[2025-11-04 17:12:42,033] [INFO] Completion returned and validated from MODEL = 'grok-4'.
[2025-11-04 17:12:42,112] [INFO] Completion returned and validated from MODEL = 'grok-4'.
[2025-11-04 17:12:42,362] [INFO] Completion returned and validated from MODEL = 'grok-4'.
[2025-11-04 17:12:42,860] [INFO] Completion returned and validated from MODEL = 'grok-4'.
[2025-11-04 17:12:43,688] [INFO] Completion returned and validated from MODEL = 'grok-4'.
[2025-11-04 17:12:43,689] [INFO] Completion returned and validated from MODEL = 'grok-4'.
[2025-11-04 17:12:43,698] [INFO] Completion returned and validated from MODEL = 'grok-4'.
[2025-11-04 17:12:43,905] [INFO] Completion returned and validated from MODEL = 'grok-4'.
[2025-11-04 17:12:44,778] [INFO] Completion returned and validated from MODEL = 'grok-4'.
[2025-11-04 17:12:44,892] [INFO] Completion returned and validated from MODEL = 'grok-4'.
[2025-11-04 17:12:44,963] [INFO] Completion returned and validated from MODEL = 'grok-4'.
[2025-11-04 17:12:45,017] [INFO] Completion returned and validated from MODEL = 'grok-4'.
[2025-11-04 17:12:46,234] [INFO] Completion returned and validated from MODEL = 'grok-4'.
[2025-11-04 17:12:46,234] [INFO] EXIT: 'DialogueMoveGenerator' calling 'generate' (6.7713303565979 secs).
[2025-11-04 17:12:46,254] [INFO] Completion returned and validated from MODEL = 'grok-4'.
[2025-11-04 17:12:46,288] [INFO] Completion returned and validated from MODEL = 'grok-4'.
[2025-11-04 17:12:46,404] [INFO] Completion returned and validated from MODEL = 'grok-4'.
[2025-11-04 17:12:47,352] [INFO] Completion returned and validated from MODEL = 'grok-4'.
[2025-11-04 17:12:47,352] [INFO] EXIT: 'DialogueMoveGenerator' calling 'generate' (7.886661767959595 secs).
[2025-11-04 17:12:47,432] [INFO] Completion returned and validated from MODEL = 'grok-4'.
[2025-11-04 17:12:47,432] [INFO] EXIT: 'DialogueMoveGenerator' calling 'generate' (7.968228340148926 secs).
[2025-11-04 17:12:47,550] [INFO] Completion returned and validated from MODEL = 'grok-4'.
[2025-11-04 17:12:47,550] [INFO] EXIT: 'DialogueMoveGenerator' calling 'generate' (8.087774276733398 secs).
[2025-11-04 17:12:47,551] [INFO] ENTER: 'MASPromptGenerator' calling 'persuasiveness_choice'; CURRENT SPEAKER: grok-4_mas, DIALOGUE TURN NUM = 10.
[2025-11-04 17:12:47,551] [INFO] EXIT: 'MASPromptGenerator' calling 'persuasiveness_choice' (0.00021719932556152344 secs).
[2025-11-04 17:12:49,087] [INFO] Completion returned and validated within 'PersuasivenessChoiceAgent'; MODEL = 'grok-4'; DIALOGUE TURN NUM = 10.
[2025-11-04 17:12:50,412] [INFO] Completion returned and validated within 'PersuasivenessChoiceAgent'; MODEL = 'grok-4'; DIALOGUE TURN NUM = 10.
[2025-11-04 17:12:52,235] [INFO] Completion returned and validated within 'PersuasivenessChoiceAgent'; MODEL = 'grok-4'; DIALOGUE TURN NUM = 10.
[2025-11-04 17:12:53,832] [INFO] Completion returned and validated within 'PersuasivenessChoiceAgent'; MODEL = 'grok-4'; DIALOGUE TURN NUM = 10.
[2025-11-04 17:12:55,267] [INFO] Completion returned and validated within 'PersuasivenessChoiceAgent'; MODEL = 'grok-4'; DIALOGUE TURN NUM = 10.
[2025-11-04 17:12:56,900] [INFO] Completion returned and validated within 'PersuasivenessChoiceAgent'; MODEL = 'grok-4'; DIALOGUE TURN NUM = 10.
[2025-11-04 17:12:58,194] [INFO] Completion returned and validated within 'PersuasivenessChoiceAgent'; MODEL = 'grok-4'; DIALOGUE TURN NUM = 10.
[2025-11-04 17:12:58,195] [INFO] ENTER: 'DisambiguationAgent' calling '_grouping_similar_utterance_types'; CURRENT SPEAKER: grok-4_mas, DIALOGUE TURN NUM = 10.
[2025-11-04 17:12:58,195] [INFO] EXIT: 'DisambiguationAgent' calling '_grouping_similar_utterance_types' (1.7642974853515625e-05 secs).
[2025-11-04 17:12:58,195] [INFO] ENTER: 'DisambiguationAgent' calling '_identifying_similar_sentences_and_choosing_one_to_return_to_user'; CURRENT SPEAKER: grok-4_mas, DIALOGUE TURN NUM = 10.
[2025-11-04 17:13:03,239] [INFO] 'DisambiguationAgent' grouped similar sentences, completion returned and validated; MODEL = 'grok-4'.
[2025-11-04 17:13:04,199] [INFO] 'DisambiguationAgent' chose sentences to remove, completion returned and validated from MODEL = 'grok-4'.
[2025-11-04 17:13:04,828] [INFO] 'DisambiguationAgent' chose sentences to remove, completion returned and validated from MODEL = 'grok-4'.
[2025-11-04 17:13:04,828] [INFO] EXIT: 'DisambiguationAgent' calling '_identifying_similar_sentences_and_choosing_one_to_return_to_user' (6.632737636566162 secs).
[2025-11-04 17:13:04,828] [INFO] ENTER: 'DisambiguationAgent' calling '_identifying_similar_sentences_and_choosing_one_to_return_to_user'; CURRENT SPEAKER: grok-4_mas, DIALOGUE TURN NUM = 10.
[2025-11-04 17:13:07,976] [INFO] 'DisambiguationAgent' grouped similar sentences, completion returned and validated; MODEL = 'grok-4'.
[2025-11-04 17:13:09,783] [ERROR] 'DisambiguationAgent' could not choose sentences to remove, completion not validated; MODEL = 'grok-4'; 
 REASON: 

 1 validation error for PersuasivenessChoice
  Invalid JSON: trailing characters at line 3 column 1 [type=json_invalid, input_value='{"Choice": "Why do you c...or swaying an audience.', input_type=str]
    For further information visit https://errors.pydantic.dev/2.12/v/json_invalid
[2025-11-04 17:13:09,783] [ERROR] grok-4 failed to disambiguate sentences, model response: 
	 None
[2025-11-04 17:13:12,085] [ERROR] 'DisambiguationAgent' could not choose sentences to remove, completion not validated; MODEL = 'grok-4'; 
 REASON: 

 1 validation error for PersuasivenessChoice
  Invalid JSON: trailing characters at line 3 column 1 [type=json_invalid, input_value='{"Choice": "Why do you c...ut unnecessary details.', input_type=str]
    For further information visit https://errors.pydantic.dev/2.12/v/json_invalid
[2025-11-04 17:13:12,085] [ERROR] grok-4 failed to disambiguate sentences, model response: 
	 None
[2025-11-04 17:13:12,623] [INFO] 'DisambiguationAgent' chose sentences to remove, completion returned and validated from MODEL = 'grok-4'.
[2025-11-04 17:13:13,214] [INFO] 'DisambiguationAgent' chose sentences to remove, completion returned and validated from MODEL = 'grok-4'.
[2025-11-04 17:13:13,214] [INFO] EXIT: 'DisambiguationAgent' calling '_identifying_similar_sentences_and_choosing_one_to_return_to_user' (8.386057376861572 secs).
[2025-11-04 17:13:13,214] [INFO] ENTER: 'DisambiguationAgent' calling '_removing_repetitive_sentences'; CURRENT SPEAKER: grok-4_mas, DIALOGUE TURN NUM = 10.
[2025-11-04 17:13:13,214] [INFO] EXIT: 'DisambiguationAgent' calling '_removing_repetitive_sentences' (2.7418136596679688e-05 secs).
[2025-11-04 17:13:13,214] [INFO] ENTER: 'DisambiguationAgent' calling '_choose_the_most_persuasive_sentences'; CURRENT SPEAKER: grok-4_mas, DIALOGUE TURN NUM = 10.
[2025-11-04 17:13:14,736] [INFO] 'DisambiguationAgent': reached maximum allowed sentences, succussfully chose most persuasive sentences, completion returned and validated from MODEL = 'grok-4'.
[2025-11-04 17:13:14,736] [INFO] EXIT: 'DisambiguationAgent' calling '_choose_the_most_persuasive_sentences' (1.521897315979004 secs).
[2025-11-04 17:13:14,736] [INFO] ENTER: 'DisambiguationAgent' calling 'return_disambiguated_sentences'; CURRENT SPEAKER: grok-4_mas, DIALOGUE TURN NUM = 10.
[2025-11-04 17:13:14,736] [INFO] EXIT: 'DisambiguationAgent' calling 'return_disambiguated_sentences' (2.86102294921875e-06 secs).
[2025-11-04 17:13:14,737] [ERROR] Wrong state used; State of type HumanState; error message: dict has unexpected extra key(s): "graph_rag_examples", "intermediate_generations", "knowledge_base_ensemble_or_model_name", "model_seed", "model_temp", "model_top_p", "number_of_graph_rag_examples", "number_of_vector_based_rag_examples", "political_position_prob_of_na", "political_position_range", "political_position_std", "speaker_model_name", "speaker_type", "vector_based_persona_string", "vector_based_persona_sys_prompt"
[2025-11-04 17:13:14,737] [INFO] Correct state used; State of type GenerationAgentsState; 'IGNORE THE ABOVE ERRORS'.
[2025-11-04 17:13:15,079] [INFO] 'commitment_update' completed '___Claim___' update for current speaker's commitments; MODEL = 'grok-4'.
[2025-11-04 17:13:15,409] [INFO] 'commitment_update' completed '___Claim___' update for current speaker's commitments; MODEL = 'grok-4'.
[2025-11-04 17:13:15,740] [INFO] 'commitment_update' completed '___Claim___' update for current speaker's commitments; MODEL = 'grok-4'.
[2025-11-04 17:13:16,068] [INFO] 'commitment_update' completed '___Since___' update; MODEL = 'grok-4'.
[2025-11-04 17:13:16,148] [ERROR] Wrong state used; State of type HumanState; error message: dict has unexpected extra key(s): "graph_rag_examples", "intermediate_generations", "knowledge_base_ensemble_or_model_name", "model_seed", "model_temp", "model_top_p", "number_of_graph_rag_examples", "number_of_vector_based_rag_examples", "political_position_prob_of_na", "political_position_range", "political_position_std", "speaker_model_name", "speaker_type", "vector_based_persona_string", "vector_based_persona_sys_prompt"
[2025-11-04 17:13:16,148] [INFO] Correct state used; State of type GenerationAgentsState; 'IGNORE THE ABOVE ERRORS'.
[2025-11-04 17:13:16,148] [INFO] ENTER: 'UtteranceClassificationAgent' calling '_classify_sentence_utterance_types'; CURRENT SPEAKER: grok-4_mas_rag, DIALOGUE TURN NUM = 11.
[2025-11-04 17:13:16,467] [INFO] 'UtteranceClassificationAgent' completion returned and validated from MODEL = 'ModelName.GROK_4'.
[2025-11-04 17:13:16,808] [INFO] 'UtteranceClassificationAgent' completion returned and validated from MODEL = 'ModelName.GROK_4'.
[2025-11-04 17:13:17,186] [INFO] 'UtteranceClassificationAgent' completion returned and validated from MODEL = 'ModelName.GROK_4'.
[2025-11-04 17:13:17,506] [INFO] 'UtteranceClassificationAgent' completion returned and validated from MODEL = 'ModelName.GROK_4'.
[2025-11-04 17:13:17,824] [INFO] 'UtteranceClassificationAgent' completion returned and validated from MODEL = 'ModelName.GROK_4'.
[2025-11-04 17:13:18,126] [INFO] 'UtteranceClassificationAgent' completion returned and validated from MODEL = 'ModelName.GROK_4'.
[2025-11-04 17:13:18,452] [INFO] 'UtteranceClassificationAgent' completion returned and validated from MODEL = 'ModelName.GROK_4'.
[2025-11-04 17:13:18,761] [INFO] 'UtteranceClassificationAgent' completion returned and validated from MODEL = 'ModelName.GROK_4'.
[2025-11-04 17:13:19,097] [INFO] 'UtteranceClassificationAgent' completion returned and validated from MODEL = 'ModelName.GROK_4'.
[2025-11-04 17:13:19,428] [INFO] 'UtteranceClassificationAgent' completion returned and validated from MODEL = 'ModelName.GROK_4'.
[2025-11-04 17:13:19,428] [INFO] EXIT: 'UtteranceClassificationAgent' calling '_classify_sentence_utterance_types' (3.2800066471099854 secs).
[2025-11-04 17:13:19,428] [INFO] ENTER: 'UtteranceClassificationAgent' calling 'return_classified_sentences'; CURRENT SPEAKER: grok-4_mas_rag, DIALOGUE TURN NUM = 11.
[2025-11-04 17:13:19,428] [INFO] EXIT: 'UtteranceClassificationAgent' calling 'return_classified_sentences' (2.1457672119140625e-06 secs).
[2025-11-04 17:13:19,448] [INFO] ENTER: 'GraphRAG' calling 'why'; CURRENT SPEAKER: grok-4_mas_rag, DIALOGUE TURN NUM = 11.
[2025-11-04 17:13:19,449] [INFO] ENTER: 'GraphRAG' calling 'query_graph'; CURRENT SPEAKER: grok-4_mas_rag, DIALOGUE TURN NUM = 11.
[2025-11-04 17:13:20,130] [INFO] EXIT: 'GraphRAG' calling 'query_graph' (0.6809966564178467 secs).
[2025-11-04 17:13:20,130] [INFO] EXIT: 'GraphRAG' calling 'why' (0.681401252746582 secs).
[2025-11-04 17:13:20,130] [INFO] ENTER: 'GraphRAG' calling 'claim_negation'; CURRENT SPEAKER: grok-4_mas_rag, DIALOGUE TURN NUM = 11.
[2025-11-04 17:13:20,130] [INFO] ENTER: 'GraphRAG' calling 'query_graph'; CURRENT SPEAKER: grok-4_mas_rag, DIALOGUE TURN NUM = 11.
[2025-11-04 17:13:20,781] [INFO] EXIT: 'GraphRAG' calling 'query_graph' (0.6505634784698486 secs).
[2025-11-04 17:13:20,781] [INFO] EXIT: 'GraphRAG' calling 'claim_negation' (0.651050329208374 secs).
[2025-11-04 17:13:20,781] [INFO] ENTER: 'GraphRAG' calling 'concede'; CURRENT SPEAKER: grok-4_mas_rag, DIALOGUE TURN NUM = 11.
[2025-11-04 17:13:20,781] [INFO] ENTER: 'GraphRAG' calling 'query_graph'; CURRENT SPEAKER: grok-4_mas_rag, DIALOGUE TURN NUM = 11.
[2025-11-04 17:13:21,463] [INFO] EXIT: 'GraphRAG' calling 'query_graph' (0.6818013191223145 secs).
[2025-11-04 17:13:21,463] [INFO] EXIT: 'GraphRAG' calling 'concede' (0.6821985244750977 secs).
[2025-11-04 17:13:21,463] [INFO] ENTER: 'GraphRAG' calling 'question'; CURRENT SPEAKER: grok-4_mas_rag, DIALOGUE TURN NUM = 11.
[2025-11-04 17:13:21,464] [INFO] ENTER: 'GraphRAG' calling 'query_graph'; CURRENT SPEAKER: grok-4_mas_rag, DIALOGUE TURN NUM = 11.
[2025-11-04 17:13:21,589] [INFO] EXIT: 'GraphRAG' calling 'query_graph' (0.12555336952209473 secs).
[2025-11-04 17:13:21,589] [INFO] EXIT: 'GraphRAG' calling 'question' (0.12597370147705078 secs).
[2025-11-04 17:13:21,607] [INFO] ENTER: 'GraphRAG' calling 'why'; CURRENT SPEAKER: grok-4_mas_rag, DIALOGUE TURN NUM = 11.
[2025-11-04 17:13:21,607] [INFO] ENTER: 'GraphRAG' calling 'query_graph'; CURRENT SPEAKER: grok-4_mas_rag, DIALOGUE TURN NUM = 11.
[2025-11-04 17:13:22,285] [INFO] EXIT: 'GraphRAG' calling 'query_graph' (0.6785409450531006 secs).
[2025-11-04 17:13:22,286] [INFO] EXIT: 'GraphRAG' calling 'why' (0.6789228916168213 secs).
[2025-11-04 17:13:22,286] [INFO] ENTER: 'GraphRAG' calling 'claim_negation'; CURRENT SPEAKER: grok-4_mas_rag, DIALOGUE TURN NUM = 11.
[2025-11-04 17:13:22,286] [INFO] ENTER: 'GraphRAG' calling 'query_graph'; CURRENT SPEAKER: grok-4_mas_rag, DIALOGUE TURN NUM = 11.
[2025-11-04 17:13:22,939] [INFO] EXIT: 'GraphRAG' calling 'query_graph' (0.6528458595275879 secs).
[2025-11-04 17:13:22,939] [INFO] EXIT: 'GraphRAG' calling 'claim_negation' (0.65325927734375 secs).
[2025-11-04 17:13:22,939] [INFO] ENTER: 'GraphRAG' calling 'concede'; CURRENT SPEAKER: grok-4_mas_rag, DIALOGUE TURN NUM = 11.
[2025-11-04 17:13:22,939] [INFO] ENTER: 'GraphRAG' calling 'query_graph'; CURRENT SPEAKER: grok-4_mas_rag, DIALOGUE TURN NUM = 11.
[2025-11-04 17:13:23,619] [INFO] EXIT: 'GraphRAG' calling 'query_graph' (0.6798114776611328 secs).
[2025-11-04 17:13:23,619] [INFO] EXIT: 'GraphRAG' calling 'concede' (0.6802444458007812 secs).
[2025-11-04 17:13:23,619] [INFO] ENTER: 'GraphRAG' calling 'question'; CURRENT SPEAKER: grok-4_mas_rag, DIALOGUE TURN NUM = 11.
[2025-11-04 17:13:23,619] [INFO] ENTER: 'GraphRAG' calling 'query_graph'; CURRENT SPEAKER: grok-4_mas_rag, DIALOGUE TURN NUM = 11.
[2025-11-04 17:13:23,746] [INFO] EXIT: 'GraphRAG' calling 'query_graph' (0.12697911262512207 secs).
[2025-11-04 17:13:23,747] [INFO] EXIT: 'GraphRAG' calling 'question' (0.12737417221069336 secs).
[2025-11-04 17:13:23,763] [INFO] ENTER: 'GraphRAG' calling 'why'; CURRENT SPEAKER: grok-4_mas_rag, DIALOGUE TURN NUM = 11.
[2025-11-04 17:13:23,764] [INFO] ENTER: 'GraphRAG' calling 'query_graph'; CURRENT SPEAKER: grok-4_mas_rag, DIALOGUE TURN NUM = 11.
[2025-11-04 17:13:24,444] [INFO] EXIT: 'GraphRAG' calling 'query_graph' (0.6801774501800537 secs).
[2025-11-04 17:13:24,444] [INFO] EXIT: 'GraphRAG' calling 'why' (0.6806056499481201 secs).
[2025-11-04 17:13:24,444] [INFO] ENTER: 'GraphRAG' calling 'claim_negation'; CURRENT SPEAKER: grok-4_mas_rag, DIALOGUE TURN NUM = 11.
[2025-11-04 17:13:24,445] [INFO] ENTER: 'GraphRAG' calling 'query_graph'; CURRENT SPEAKER: grok-4_mas_rag, DIALOGUE TURN NUM = 11.
[2025-11-04 17:13:25,097] [INFO] EXIT: 'GraphRAG' calling 'query_graph' (0.652529239654541 secs).
[2025-11-04 17:13:25,097] [INFO] EXIT: 'GraphRAG' calling 'claim_negation' (0.65297532081604 secs).
[2025-11-04 17:13:25,097] [INFO] ENTER: 'GraphRAG' calling 'concede'; CURRENT SPEAKER: grok-4_mas_rag, DIALOGUE TURN NUM = 11.
[2025-11-04 17:13:25,098] [INFO] ENTER: 'GraphRAG' calling 'query_graph'; CURRENT SPEAKER: grok-4_mas_rag, DIALOGUE TURN NUM = 11.
[2025-11-04 17:13:25,780] [INFO] EXIT: 'GraphRAG' calling 'query_graph' (0.6823432445526123 secs).
[2025-11-04 17:13:25,780] [INFO] EXIT: 'GraphRAG' calling 'concede' (0.6827805042266846 secs).
[2025-11-04 17:13:25,780] [INFO] ENTER: 'GraphRAG' calling 'question'; CURRENT SPEAKER: grok-4_mas_rag, DIALOGUE TURN NUM = 11.
[2025-11-04 17:13:25,780] [INFO] ENTER: 'GraphRAG' calling 'query_graph'; CURRENT SPEAKER: grok-4_mas_rag, DIALOGUE TURN NUM = 11.
[2025-11-04 17:13:25,906] [INFO] EXIT: 'GraphRAG' calling 'query_graph' (0.12588739395141602 secs).
[2025-11-04 17:13:25,906] [INFO] EXIT: 'GraphRAG' calling 'question' (0.12628674507141113 secs).
[2025-11-04 17:13:25,924] [INFO] ENTER: 'GraphRAG' calling 'why'; CURRENT SPEAKER: grok-4_mas_rag, DIALOGUE TURN NUM = 11.
[2025-11-04 17:13:25,924] [INFO] ENTER: 'GraphRAG' calling 'query_graph'; CURRENT SPEAKER: grok-4_mas_rag, DIALOGUE TURN NUM = 11.
[2025-11-04 17:13:26,603] [INFO] EXIT: 'GraphRAG' calling 'query_graph' (0.678490400314331 secs).
[2025-11-04 17:13:26,603] [INFO] EXIT: 'GraphRAG' calling 'why' (0.6789078712463379 secs).
[2025-11-04 17:13:26,603] [INFO] ENTER: 'GraphRAG' calling 'claim_negation'; CURRENT SPEAKER: grok-4_mas_rag, DIALOGUE TURN NUM = 11.
[2025-11-04 17:13:26,603] [INFO] ENTER: 'GraphRAG' calling 'query_graph'; CURRENT SPEAKER: grok-4_mas_rag, DIALOGUE TURN NUM = 11.
[2025-11-04 17:13:27,255] [INFO] EXIT: 'GraphRAG' calling 'query_graph' (0.6518254280090332 secs).
[2025-11-04 17:13:27,255] [INFO] EXIT: 'GraphRAG' calling 'claim_negation' (0.6522352695465088 secs).
[2025-11-04 17:13:27,255] [INFO] ENTER: 'GraphRAG' calling 'concede'; CURRENT SPEAKER: grok-4_mas_rag, DIALOGUE TURN NUM = 11.
[2025-11-04 17:13:27,256] [INFO] ENTER: 'GraphRAG' calling 'query_graph'; CURRENT SPEAKER: grok-4_mas_rag, DIALOGUE TURN NUM = 11.
[2025-11-04 17:13:27,936] [INFO] EXIT: 'GraphRAG' calling 'query_graph' (0.6801726818084717 secs).
[2025-11-04 17:13:27,936] [INFO] EXIT: 'GraphRAG' calling 'concede' (0.6806328296661377 secs).
[2025-11-04 17:13:27,936] [INFO] ENTER: 'GraphRAG' calling 'question'; CURRENT SPEAKER: grok-4_mas_rag, DIALOGUE TURN NUM = 11.
[2025-11-04 17:13:27,936] [INFO] ENTER: 'GraphRAG' calling 'query_graph'; CURRENT SPEAKER: grok-4_mas_rag, DIALOGUE TURN NUM = 11.
[2025-11-04 17:13:28,061] [INFO] EXIT: 'GraphRAG' calling 'query_graph' (0.12484884262084961 secs).
[2025-11-04 17:13:28,061] [INFO] EXIT: 'GraphRAG' calling 'question' (0.12527799606323242 secs).
[2025-11-04 17:13:28,080] [INFO] ENTER: 'GraphRAG' calling 'why'; CURRENT SPEAKER: grok-4_mas_rag, DIALOGUE TURN NUM = 11.
[2025-11-04 17:13:28,080] [INFO] ENTER: 'GraphRAG' calling 'query_graph'; CURRENT SPEAKER: grok-4_mas_rag, DIALOGUE TURN NUM = 11.
[2025-11-04 17:13:28,805] [INFO] EXIT: 'GraphRAG' calling 'query_graph' (0.7248380184173584 secs).
[2025-11-04 17:13:28,805] [INFO] EXIT: 'GraphRAG' calling 'why' (0.7253055572509766 secs).
[2025-11-04 17:13:28,805] [INFO] ENTER: 'GraphRAG' calling 'concede'; CURRENT SPEAKER: grok-4_mas_rag, DIALOGUE TURN NUM = 11.
[2025-11-04 17:13:28,805] [INFO] ENTER: 'GraphRAG' calling 'query_graph'; CURRENT SPEAKER: grok-4_mas_rag, DIALOGUE TURN NUM = 11.
[2025-11-04 17:13:29,506] [INFO] EXIT: 'GraphRAG' calling 'query_graph' (0.7009487152099609 secs).
[2025-11-04 17:13:29,507] [INFO] EXIT: 'GraphRAG' calling 'concede' (0.7013330459594727 secs).
[2025-11-04 17:13:29,507] [INFO] ENTER: 'GraphRAG' calling 'question'; CURRENT SPEAKER: grok-4_mas_rag, DIALOGUE TURN NUM = 11.
[2025-11-04 17:13:29,507] [INFO] ENTER: 'GraphRAG' calling 'query_graph'; CURRENT SPEAKER: grok-4_mas_rag, DIALOGUE TURN NUM = 11.
[2025-11-04 17:13:30,164] [INFO] EXIT: 'GraphRAG' calling 'query_graph' (0.6573836803436279 secs).
[2025-11-04 17:13:30,164] [INFO] EXIT: 'GraphRAG' calling 'question' (0.6578006744384766 secs).
[2025-11-04 17:13:30,181] [INFO] ENTER: 'GraphRAG' calling 'why'; CURRENT SPEAKER: grok-4_mas_rag, DIALOGUE TURN NUM = 11.
[2025-11-04 17:13:30,182] [INFO] ENTER: 'GraphRAG' calling 'query_graph'; CURRENT SPEAKER: grok-4_mas_rag, DIALOGUE TURN NUM = 11.
[2025-11-04 17:13:30,909] [INFO] EXIT: 'GraphRAG' calling 'query_graph' (0.7273530960083008 secs).
[2025-11-04 17:13:30,909] [INFO] EXIT: 'GraphRAG' calling 'why' (0.7277536392211914 secs).
[2025-11-04 17:13:30,909] [INFO] ENTER: 'GraphRAG' calling 'concede'; CURRENT SPEAKER: grok-4_mas_rag, DIALOGUE TURN NUM = 11.
[2025-11-04 17:13:30,910] [INFO] ENTER: 'GraphRAG' calling 'query_graph'; CURRENT SPEAKER: grok-4_mas_rag, DIALOGUE TURN NUM = 11.
[2025-11-04 17:13:31,590] [INFO] EXIT: 'GraphRAG' calling 'query_graph' (0.6806693077087402 secs).
[2025-11-04 17:13:31,590] [INFO] EXIT: 'GraphRAG' calling 'concede' (0.681105375289917 secs).
[2025-11-04 17:13:31,590] [INFO] ENTER: 'GraphRAG' calling 'question'; CURRENT SPEAKER: grok-4_mas_rag, DIALOGUE TURN NUM = 11.
[2025-11-04 17:13:31,591] [INFO] ENTER: 'GraphRAG' calling 'query_graph'; CURRENT SPEAKER: grok-4_mas_rag, DIALOGUE TURN NUM = 11.
[2025-11-04 17:13:32,250] [INFO] EXIT: 'GraphRAG' calling 'query_graph' (0.6588337421417236 secs).
[2025-11-04 17:13:32,250] [INFO] EXIT: 'GraphRAG' calling 'question' (0.659264087677002 secs).
[2025-11-04 17:13:32,266] [INFO] ENTER: 'GraphRAG' calling 'why'; CURRENT SPEAKER: grok-4_mas_rag, DIALOGUE TURN NUM = 11.
[2025-11-04 17:13:32,267] [INFO] ENTER: 'GraphRAG' calling 'query_graph'; CURRENT SPEAKER: grok-4_mas_rag, DIALOGUE TURN NUM = 11.
[2025-11-04 17:13:32,945] [INFO] EXIT: 'GraphRAG' calling 'query_graph' (0.678246021270752 secs).
[2025-11-04 17:13:32,945] [INFO] EXIT: 'GraphRAG' calling 'why' (0.6786651611328125 secs).
[2025-11-04 17:13:32,945] [INFO] ENTER: 'GraphRAG' calling 'claim_negation'; CURRENT SPEAKER: grok-4_mas_rag, DIALOGUE TURN NUM = 11.
[2025-11-04 17:13:32,945] [INFO] ENTER: 'GraphRAG' calling 'query_graph'; CURRENT SPEAKER: grok-4_mas_rag, DIALOGUE TURN NUM = 11.
[2025-11-04 17:13:33,595] [INFO] EXIT: 'GraphRAG' calling 'query_graph' (0.6496918201446533 secs).
[2025-11-04 17:13:33,595] [INFO] EXIT: 'GraphRAG' calling 'claim_negation' (0.650092363357544 secs).
[2025-11-04 17:13:33,595] [INFO] ENTER: 'GraphRAG' calling 'concede'; CURRENT SPEAKER: grok-4_mas_rag, DIALOGUE TURN NUM = 11.
[2025-11-04 17:13:33,596] [INFO] ENTER: 'GraphRAG' calling 'query_graph'; CURRENT SPEAKER: grok-4_mas_rag, DIALOGUE TURN NUM = 11.
[2025-11-04 17:13:34,276] [INFO] EXIT: 'GraphRAG' calling 'query_graph' (0.6801121234893799 secs).
[2025-11-04 17:13:34,276] [INFO] EXIT: 'GraphRAG' calling 'concede' (0.6805033683776855 secs).
[2025-11-04 17:13:34,276] [INFO] ENTER: 'GraphRAG' calling 'question'; CURRENT SPEAKER: grok-4_mas_rag, DIALOGUE TURN NUM = 11.
[2025-11-04 17:13:34,276] [INFO] ENTER: 'GraphRAG' calling 'query_graph'; CURRENT SPEAKER: grok-4_mas_rag, DIALOGUE TURN NUM = 11.
[2025-11-04 17:13:34,401] [INFO] EXIT: 'GraphRAG' calling 'query_graph' (0.12497234344482422 secs).
[2025-11-04 17:13:34,401] [INFO] EXIT: 'GraphRAG' calling 'question' (0.12542486190795898 secs).
[2025-11-04 17:13:34,418] [INFO] ENTER: 'GraphRAG' calling 'why'; CURRENT SPEAKER: grok-4_mas_rag, DIALOGUE TURN NUM = 11.
[2025-11-04 17:13:34,419] [INFO] ENTER: 'GraphRAG' calling 'query_graph'; CURRENT SPEAKER: grok-4_mas_rag, DIALOGUE TURN NUM = 11.
[2025-11-04 17:13:35,123] [INFO] EXIT: 'GraphRAG' calling 'query_graph' (0.7039210796356201 secs).
[2025-11-04 17:13:35,123] [INFO] EXIT: 'GraphRAG' calling 'why' (0.7042999267578125 secs).
[2025-11-04 17:13:35,123] [INFO] ENTER: 'GraphRAG' calling 'concede'; CURRENT SPEAKER: grok-4_mas_rag, DIALOGUE TURN NUM = 11.
[2025-11-04 17:13:35,123] [INFO] ENTER: 'GraphRAG' calling 'query_graph'; CURRENT SPEAKER: grok-4_mas_rag, DIALOGUE TURN NUM = 11.
[2025-11-04 17:13:35,788] [INFO] EXIT: 'GraphRAG' calling 'query_graph' (0.6644406318664551 secs).
[2025-11-04 17:13:35,788] [INFO] EXIT: 'GraphRAG' calling 'concede' (0.6649324893951416 secs).
[2025-11-04 17:13:35,788] [INFO] ENTER: 'GraphRAG' calling 'question'; CURRENT SPEAKER: grok-4_mas_rag, DIALOGUE TURN NUM = 11.
[2025-11-04 17:13:35,788] [INFO] ENTER: 'GraphRAG' calling 'query_graph'; CURRENT SPEAKER: grok-4_mas_rag, DIALOGUE TURN NUM = 11.
[2025-11-04 17:13:36,425] [INFO] EXIT: 'GraphRAG' calling 'query_graph' (0.6367812156677246 secs).
[2025-11-04 17:13:36,425] [INFO] EXIT: 'GraphRAG' calling 'question' (0.6372683048248291 secs).
[2025-11-04 17:13:36,442] [INFO] ENTER: 'GraphRAG' calling 'why'; CURRENT SPEAKER: grok-4_mas_rag, DIALOGUE TURN NUM = 11.
[2025-11-04 17:13:36,443] [INFO] ENTER: 'GraphRAG' calling 'query_graph'; CURRENT SPEAKER: grok-4_mas_rag, DIALOGUE TURN NUM = 11.
[2025-11-04 17:13:37,122] [INFO] EXIT: 'GraphRAG' calling 'query_graph' (0.679063081741333 secs).
[2025-11-04 17:13:37,122] [INFO] EXIT: 'GraphRAG' calling 'why' (0.6794524192810059 secs).
[2025-11-04 17:13:37,122] [INFO] ENTER: 'GraphRAG' calling 'claim_negation'; CURRENT SPEAKER: grok-4_mas_rag, DIALOGUE TURN NUM = 11.
[2025-11-04 17:13:37,122] [INFO] ENTER: 'GraphRAG' calling 'query_graph'; CURRENT SPEAKER: grok-4_mas_rag, DIALOGUE TURN NUM = 11.
[2025-11-04 17:13:37,771] [INFO] EXIT: 'GraphRAG' calling 'query_graph' (0.6491193771362305 secs).
[2025-11-04 17:13:37,772] [INFO] EXIT: 'GraphRAG' calling 'claim_negation' (0.6496315002441406 secs).
[2025-11-04 17:13:37,772] [INFO] ENTER: 'GraphRAG' calling 'concede'; CURRENT SPEAKER: grok-4_mas_rag, DIALOGUE TURN NUM = 11.
[2025-11-04 17:13:37,772] [INFO] ENTER: 'GraphRAG' calling 'query_graph'; CURRENT SPEAKER: grok-4_mas_rag, DIALOGUE TURN NUM = 11.
[2025-11-04 17:13:38,452] [INFO] EXIT: 'GraphRAG' calling 'query_graph' (0.6801023483276367 secs).
[2025-11-04 17:13:38,452] [INFO] EXIT: 'GraphRAG' calling 'concede' (0.6805098056793213 secs).
[2025-11-04 17:13:38,452] [INFO] ENTER: 'GraphRAG' calling 'question'; CURRENT SPEAKER: grok-4_mas_rag, DIALOGUE TURN NUM = 11.
[2025-11-04 17:13:38,452] [INFO] ENTER: 'GraphRAG' calling 'query_graph'; CURRENT SPEAKER: grok-4_mas_rag, DIALOGUE TURN NUM = 11.
[2025-11-04 17:13:38,579] [INFO] EXIT: 'GraphRAG' calling 'query_graph' (0.12688589096069336 secs).
[2025-11-04 17:13:38,580] [INFO] EXIT: 'GraphRAG' calling 'question' (0.1273186206817627 secs).
[2025-11-04 17:13:38,597] [INFO] ENTER: 'GraphRAG' calling 'why'; CURRENT SPEAKER: grok-4_mas_rag, DIALOGUE TURN NUM = 11.
[2025-11-04 17:13:38,597] [INFO] ENTER: 'GraphRAG' calling 'query_graph'; CURRENT SPEAKER: grok-4_mas_rag, DIALOGUE TURN NUM = 11.
[2025-11-04 17:13:39,276] [INFO] EXIT: 'GraphRAG' calling 'query_graph' (0.6782088279724121 secs).
[2025-11-04 17:13:39,276] [INFO] EXIT: 'GraphRAG' calling 'why' (0.6786346435546875 secs).
[2025-11-04 17:13:39,276] [INFO] ENTER: 'GraphRAG' calling 'claim_negation'; CURRENT SPEAKER: grok-4_mas_rag, DIALOGUE TURN NUM = 11.
[2025-11-04 17:13:39,276] [INFO] ENTER: 'GraphRAG' calling 'query_graph'; CURRENT SPEAKER: grok-4_mas_rag, DIALOGUE TURN NUM = 11.
[2025-11-04 17:13:39,929] [INFO] EXIT: 'GraphRAG' calling 'query_graph' (0.6529507637023926 secs).
[2025-11-04 17:13:39,929] [INFO] EXIT: 'GraphRAG' calling 'claim_negation' (0.6533565521240234 secs).
[2025-11-04 17:13:39,929] [INFO] ENTER: 'GraphRAG' calling 'concede'; CURRENT SPEAKER: grok-4_mas_rag, DIALOGUE TURN NUM = 11.
[2025-11-04 17:13:39,929] [INFO] ENTER: 'GraphRAG' calling 'query_graph'; CURRENT SPEAKER: grok-4_mas_rag, DIALOGUE TURN NUM = 11.
[2025-11-04 17:13:40,613] [INFO] EXIT: 'GraphRAG' calling 'query_graph' (0.6837434768676758 secs).
[2025-11-04 17:13:40,613] [INFO] EXIT: 'GraphRAG' calling 'concede' (0.6841239929199219 secs).
[2025-11-04 17:13:40,613] [INFO] ENTER: 'GraphRAG' calling 'question'; CURRENT SPEAKER: grok-4_mas_rag, DIALOGUE TURN NUM = 11.
[2025-11-04 17:13:40,614] [INFO] ENTER: 'GraphRAG' calling 'query_graph'; CURRENT SPEAKER: grok-4_mas_rag, DIALOGUE TURN NUM = 11.
[2025-11-04 17:13:40,740] [INFO] EXIT: 'GraphRAG' calling 'query_graph' (0.12600326538085938 secs).
[2025-11-04 17:13:40,740] [INFO] EXIT: 'GraphRAG' calling 'question' (0.12639570236206055 secs).
[2025-11-04 17:13:40,740] [INFO] ENTER: 'GraphRAG' calling 'return_rag_examples'; CURRENT SPEAKER: grok-4_mas_rag, DIALOGUE TURN NUM = 11.
[2025-11-04 17:13:40,740] [INFO] EXIT: 'GraphRAG' calling 'return_rag_examples' (2.1457672119140625e-06 secs).
[2025-11-04 17:13:40,742] [INFO] ENTER: 'DialogueMoveGenerator' calling 'generate'; CURRENT SPEAKER: grok-4_mas_rag, DIALOGUE TURN NUM = 11.
[2025-11-04 17:13:40,742] [INFO] ENTER: 'DialogueMoveGenerator' calling 'generate'; CURRENT SPEAKER: grok-4_mas_rag, DIALOGUE TURN NUM = 11.
[2025-11-04 17:13:40,743] [INFO] ENTER: 'MASPromptGenerator' calling 'claim_negation'; CURRENT SPEAKER: grok-4_mas_rag, DIALOGUE TURN NUM = 11.
[2025-11-04 17:13:40,743] [INFO] ENTER: 'MASPromptGenerator' calling 'concede_claim'; CURRENT SPEAKER: grok-4_mas_rag, DIALOGUE TURN NUM = 11.
[2025-11-04 17:13:40,744] [INFO] EXIT: 'MASPromptGenerator' calling 'claim_negation' (0.0002593994140625 secs).
[2025-11-04 17:13:40,744] [INFO] EXIT: 'MASPromptGenerator' calling 'concede_claim' (0.0003380775451660156 secs).
[2025-11-04 17:13:40,744] [INFO] ENTER: 'DialogueMoveGenerator' calling 'generate'; CURRENT SPEAKER: grok-4_mas_rag, DIALOGUE TURN NUM = 11.
[2025-11-04 17:13:40,745] [INFO] ENTER: 'MASPromptGenerator' calling 'question_claim'; CURRENT SPEAKER: grok-4_mas_rag, DIALOGUE TURN NUM = 11.
[2025-11-04 17:13:40,745] [INFO] EXIT: 'MASPromptGenerator' calling 'question_claim' (0.0004181861877441406 secs).
[2025-11-04 17:13:40,746] [INFO] ENTER: 'DialogueMoveGenerator' calling 'generate'; CURRENT SPEAKER: grok-4_mas_rag, DIALOGUE TURN NUM = 11.
[2025-11-04 17:13:40,746] [INFO] ENTER: 'MASPromptGenerator' calling 'why_claim'; CURRENT SPEAKER: grok-4_mas_rag, DIALOGUE TURN NUM = 11.
[2025-11-04 17:13:40,746] [INFO] EXIT: 'MASPromptGenerator' calling 'why_claim' (0.00010752677917480469 secs).
[2025-11-04 17:13:42,050] [INFO] Completion returned and validated from MODEL = 'grok-4'.
[2025-11-04 17:13:42,087] [INFO] Completion returned and validated from MODEL = 'grok-4'.
[2025-11-04 17:13:42,158] [INFO] Completion returned and validated from MODEL = 'grok-4'.
[2025-11-04 17:13:42,356] [INFO] Completion returned and validated from MODEL = 'grok-4'.
[2025-11-04 17:13:43,339] [INFO] Completion returned and validated from MODEL = 'grok-4'.
[2025-11-04 17:13:43,352] [INFO] Completion returned and validated from MODEL = 'grok-4'.
[2025-11-04 17:13:43,517] [INFO] Completion returned and validated from MODEL = 'grok-4'.
[2025-11-04 17:13:43,824] [INFO] Completion returned and validated from MODEL = 'grok-4'.
[2025-11-04 17:13:44,800] [INFO] Completion returned and validated from MODEL = 'grok-4'.
[2025-11-04 17:13:44,910] [INFO] Completion returned and validated from MODEL = 'grok-4'.
[2025-11-04 17:13:45,030] [INFO] Completion returned and validated from MODEL = 'grok-4'.
[2025-11-04 17:13:45,245] [INFO] Completion returned and validated from MODEL = 'grok-4'.
[2025-11-04 17:13:46,172] [INFO] Completion returned and validated from MODEL = 'grok-4'.
[2025-11-04 17:13:46,348] [INFO] Completion returned and validated from MODEL = 'grok-4'.
[2025-11-04 17:13:46,408] [INFO] Completion returned and validated from MODEL = 'grok-4'.
[2025-11-04 17:13:46,627] [INFO] Completion returned and validated from MODEL = 'grok-4'.
[2025-11-04 17:13:47,423] [INFO] Completion returned and validated from MODEL = 'grok-4'.
[2025-11-04 17:13:47,615] [INFO] Completion returned and validated from MODEL = 'grok-4'.
[2025-11-04 17:13:47,798] [INFO] Completion returned and validated from MODEL = 'grok-4'.
[2025-11-04 17:13:47,826] [INFO] Completion returned and validated from MODEL = 'grok-4'.
[2025-11-04 17:13:48,475] [INFO] Completion returned and validated from MODEL = 'grok-4'.
[2025-11-04 17:13:48,867] [INFO] Completion returned and validated from MODEL = 'grok-4'.
[2025-11-04 17:13:48,958] [INFO] Completion returned and validated from MODEL = 'grok-4'.
[2025-11-04 17:13:48,962] [INFO] Completion returned and validated from MODEL = 'grok-4'.
[2025-11-04 17:13:50,014] [INFO] Completion returned and validated from MODEL = 'grok-4'.
[2025-11-04 17:13:50,245] [INFO] Completion returned and validated from MODEL = 'grok-4'.
[2025-11-04 17:13:50,282] [INFO] Completion returned and validated from MODEL = 'grok-4'.
[2025-11-04 17:13:50,282] [INFO] EXIT: 'DialogueMoveGenerator' calling 'generate' (9.539389371871948 secs).
[2025-11-04 17:13:50,290] [INFO] Completion returned and validated from MODEL = 'grok-4'.
[2025-11-04 17:13:51,223] [INFO] Completion returned and validated from MODEL = 'grok-4'.
[2025-11-04 17:13:51,414] [INFO] Completion returned and validated from MODEL = 'grok-4'.
[2025-11-04 17:13:51,629] [INFO] Completion returned and validated from MODEL = 'grok-4'.
[2025-11-04 17:13:52,544] [INFO] Completion returned and validated from MODEL = 'grok-4'.
[2025-11-04 17:13:52,692] [INFO] Completion returned and validated from MODEL = 'grok-4'.
[2025-11-04 17:13:52,770] [INFO] Completion returned and validated from MODEL = 'grok-4'.
[2025-11-04 17:13:53,535] [INFO] Completion returned and validated from MODEL = 'grok-4'.
[2025-11-04 17:13:53,535] [INFO] EXIT: 'DialogueMoveGenerator' calling 'generate' (12.791874885559082 secs).
[2025-11-04 17:13:53,914] [INFO] Completion returned and validated from MODEL = 'grok-4'.
[2025-11-04 17:13:53,914] [INFO] EXIT: 'DialogueMoveGenerator' calling 'generate' (13.169416189193726 secs).
[2025-11-04 17:13:53,953] [INFO] Completion returned and validated from MODEL = 'grok-4'.
[2025-11-04 17:13:53,953] [INFO] EXIT: 'DialogueMoveGenerator' calling 'generate' (13.20690131187439 secs).
[2025-11-04 17:13:53,954] [INFO] ENTER: 'MASPromptGenerator' calling 'persuasiveness_choice'; CURRENT SPEAKER: grok-4_mas_rag, DIALOGUE TURN NUM = 11.
[2025-11-04 17:13:53,954] [INFO] EXIT: 'MASPromptGenerator' calling 'persuasiveness_choice' (0.00037217140197753906 secs).
[2025-11-04 17:13:55,297] [INFO] Completion returned and validated within 'PersuasivenessChoiceAgent'; MODEL = 'grok-4'; DIALOGUE TURN NUM = 11.
[2025-11-04 17:13:56,705] [INFO] Completion returned and validated within 'PersuasivenessChoiceAgent'; MODEL = 'grok-4'; DIALOGUE TURN NUM = 11.
[2025-11-04 17:13:57,989] [INFO] Completion returned and validated within 'PersuasivenessChoiceAgent'; MODEL = 'grok-4'; DIALOGUE TURN NUM = 11.
[2025-11-04 17:13:59,438] [INFO] Completion returned and validated within 'PersuasivenessChoiceAgent'; MODEL = 'grok-4'; DIALOGUE TURN NUM = 11.
[2025-11-04 17:14:00,764] [INFO] Completion returned and validated within 'PersuasivenessChoiceAgent'; MODEL = 'grok-4'; DIALOGUE TURN NUM = 11.
[2025-11-04 17:14:02,235] [INFO] Completion returned and validated within 'PersuasivenessChoiceAgent'; MODEL = 'grok-4'; DIALOGUE TURN NUM = 11.
[2025-11-04 17:14:03,677] [INFO] Completion returned and validated within 'PersuasivenessChoiceAgent'; MODEL = 'grok-4'; DIALOGUE TURN NUM = 11.
[2025-11-04 17:14:05,172] [INFO] Completion returned and validated within 'PersuasivenessChoiceAgent'; MODEL = 'grok-4'; DIALOGUE TURN NUM = 11.
[2025-11-04 17:14:06,731] [INFO] Completion returned and validated within 'PersuasivenessChoiceAgent'; MODEL = 'grok-4'; DIALOGUE TURN NUM = 11.
[2025-11-04 17:14:08,338] [INFO] Completion returned and validated within 'PersuasivenessChoiceAgent'; MODEL = 'grok-4'; DIALOGUE TURN NUM = 11.
[2025-11-04 17:14:08,338] [INFO] ENTER: 'DisambiguationAgent' calling '_grouping_similar_utterance_types'; CURRENT SPEAKER: grok-4_mas_rag, DIALOGUE TURN NUM = 11.
[2025-11-04 17:14:08,338] [INFO] EXIT: 'DisambiguationAgent' calling '_grouping_similar_utterance_types' (1.6927719116210938e-05 secs).
[2025-11-04 17:14:08,338] [INFO] ENTER: 'DisambiguationAgent' calling '_identifying_similar_sentences_and_choosing_one_to_return_to_user'; CURRENT SPEAKER: grok-4_mas_rag, DIALOGUE TURN NUM = 11.
[2025-11-04 17:14:11,294] [INFO] 'DisambiguationAgent' grouped similar sentences, completion returned and validated; MODEL = 'grok-4'.
[2025-11-04 17:14:11,875] [INFO] 'DisambiguationAgent' chose sentences to remove, completion returned and validated from MODEL = 'grok-4'.
[2025-11-04 17:14:12,415] [INFO] 'DisambiguationAgent' chose sentences to remove, completion returned and validated from MODEL = 'grok-4'.
[2025-11-04 17:14:12,987] [INFO] 'DisambiguationAgent' chose sentences to remove, completion returned and validated from MODEL = 'grok-4'.
[2025-11-04 17:14:12,987] [INFO] EXIT: 'DisambiguationAgent' calling '_identifying_similar_sentences_and_choosing_one_to_return_to_user' (4.648862600326538 secs).
[2025-11-04 17:14:12,987] [INFO] ENTER: 'DisambiguationAgent' calling '_identifying_similar_sentences_and_choosing_one_to_return_to_user'; CURRENT SPEAKER: grok-4_mas_rag, DIALOGUE TURN NUM = 11.
[2025-11-04 17:14:17,154] [INFO] 'DisambiguationAgent' grouped similar sentences, completion returned and validated; MODEL = 'grok-4'.
[2025-11-04 17:14:17,712] [INFO] 'DisambiguationAgent' chose sentences to remove, completion returned and validated from MODEL = 'grok-4'.
[2025-11-04 17:14:19,165] [ERROR] 'DisambiguationAgent' could not choose sentences to remove, completion not validated; MODEL = 'grok-4'; 
 REASON: 

 1 validation error for PersuasivenessChoice
  Invalid JSON: trailing characters at line 3 column 1 [type=json_invalid, input_value='{"Choice": "Why do you i...inctly and impactfully.', input_type=str]
    For further information visit https://errors.pydantic.dev/2.12/v/json_invalid
[2025-11-04 17:14:19,165] [ERROR] grok-4 failed to disambiguate sentences, model response: 
	 None
[2025-11-04 17:14:19,722] [INFO] 'DisambiguationAgent' chose sentences to remove, completion returned and validated from MODEL = 'grok-4'.
[2025-11-04 17:14:20,232] [INFO] 'DisambiguationAgent' chose sentences to remove, completion returned and validated from MODEL = 'grok-4'.
[2025-11-04 17:14:20,794] [INFO] 'DisambiguationAgent' chose sentences to remove, completion returned and validated from MODEL = 'grok-4'.
[2025-11-04 17:14:20,794] [INFO] EXIT: 'DisambiguationAgent' calling '_identifying_similar_sentences_and_choosing_one_to_return_to_user' (7.806630849838257 secs).
[2025-11-04 17:14:20,794] [INFO] ENTER: 'DisambiguationAgent' calling '_removing_repetitive_sentences'; CURRENT SPEAKER: grok-4_mas_rag, DIALOGUE TURN NUM = 11.
[2025-11-04 17:14:20,794] [INFO] EXIT: 'DisambiguationAgent' calling '_removing_repetitive_sentences' (2.7894973754882812e-05 secs).
[2025-11-04 17:14:20,794] [INFO] ENTER: 'DisambiguationAgent' calling '_choose_the_most_persuasive_sentences'; CURRENT SPEAKER: grok-4_mas_rag, DIALOGUE TURN NUM = 11.
[2025-11-04 17:14:22,457] [INFO] 'DisambiguationAgent': reached maximum allowed sentences, succussfully chose most persuasive sentences, completion returned and validated from MODEL = 'grok-4'.
[2025-11-04 17:14:22,457] [INFO] EXIT: 'DisambiguationAgent' calling '_choose_the_most_persuasive_sentences' (1.6626639366149902 secs).
[2025-11-04 17:14:22,457] [INFO] ENTER: 'DisambiguationAgent' calling 'return_disambiguated_sentences'; CURRENT SPEAKER: grok-4_mas_rag, DIALOGUE TURN NUM = 11.
[2025-11-04 17:14:22,457] [INFO] EXIT: 'DisambiguationAgent' calling 'return_disambiguated_sentences' (2.384185791015625e-06 secs).
[2025-11-04 17:14:22,458] [ERROR] Wrong state used; State of type HumanState; error message: dict has unexpected extra key(s): "graph_rag_examples", "intermediate_generations", "knowledge_base_ensemble_or_model_name", "model_seed", "model_temp", "model_top_p", "number_of_graph_rag_examples", "number_of_vector_based_rag_examples", "political_position_prob_of_na", "political_position_range", "political_position_std", "speaker_model_name", "speaker_type", "vector_based_persona_string", "vector_based_persona_sys_prompt"
[2025-11-04 17:14:22,458] [INFO] Correct state used; State of type GenerationAgentsState; 'IGNORE THE ABOVE ERRORS'.
[2025-11-04 17:14:22,848] [INFO] 'commitment_update' completed '___Claim___' update for current speaker's commitments; MODEL = 'grok-4'.
[2025-11-04 17:14:23,171] [INFO] 'commitment_update' completed '___Claim___' update for current speaker's commitments; MODEL = 'grok-4'.
[2025-11-04 17:14:23,502] [INFO] 'commitment_update' completed '___Claim___' update for current speaker's commitments; MODEL = 'grok-4'.
[2025-11-04 17:14:23,846] [INFO] 'commitment_update' completed '___Claim___' update for current speaker's commitments; MODEL = 'grok-4'.
[2025-11-04 17:14:24,058] [ERROR] Wrong state used; State of type HumanState; error message: dict has unexpected extra key(s): "graph_rag_examples", "intermediate_generations", "knowledge_base_ensemble_or_model_name", "model_seed", "model_temp", "model_top_p", "number_of_graph_rag_examples", "number_of_vector_based_rag_examples", "political_position_prob_of_na", "political_position_range", "political_position_std", "speaker_model_name", "speaker_type", "vector_based_persona_string", "vector_based_persona_sys_prompt"
[2025-11-04 17:14:24,059] [INFO] Correct state used; State of type GenerationAgentsState; 'IGNORE THE ABOVE ERRORS'.
[2025-11-04 17:14:24,059] [INFO] ENTER: 'UtteranceClassificationAgent' calling '_classify_sentence_utterance_types'; CURRENT SPEAKER: grok-4_mas, DIALOGUE TURN NUM = 12.
[2025-11-04 17:14:24,764] [INFO] 'UtteranceClassificationAgent' completion returned and validated from MODEL = 'ModelName.GROK_4'.
[2025-11-04 17:14:25,160] [INFO] 'UtteranceClassificationAgent' completion returned and validated from MODEL = 'ModelName.GROK_4'.
[2025-11-04 17:14:25,497] [INFO] 'UtteranceClassificationAgent' completion returned and validated from MODEL = 'ModelName.GROK_4'.
[2025-11-04 17:14:25,828] [INFO] 'UtteranceClassificationAgent' completion returned and validated from MODEL = 'ModelName.GROK_4'.
[2025-11-04 17:14:26,180] [INFO] 'UtteranceClassificationAgent' completion returned and validated from MODEL = 'ModelName.GROK_4'.
[2025-11-04 17:14:26,180] [INFO] EXIT: 'UtteranceClassificationAgent' calling '_classify_sentence_utterance_types' (2.1213419437408447 secs).
[2025-11-04 17:14:26,180] [INFO] ENTER: 'UtteranceClassificationAgent' calling 'return_classified_sentences'; CURRENT SPEAKER: grok-4_mas, DIALOGUE TURN NUM = 12.
[2025-11-04 17:14:26,180] [INFO] EXIT: 'UtteranceClassificationAgent' calling 'return_classified_sentences' (1.9073486328125e-06 secs).
[2025-11-04 17:14:26,184] [INFO] ENTER: 'DialogueMoveGenerator' calling 'generate'; CURRENT SPEAKER: grok-4_mas, DIALOGUE TURN NUM = 12.
[2025-11-04 17:14:26,184] [INFO] ENTER: 'MASPromptGenerator' calling 'claim'; CURRENT SPEAKER: grok-4_mas, DIALOGUE TURN NUM = 12.
[2025-11-04 17:14:26,184] [INFO] EXIT: 'MASPromptGenerator' calling 'claim' (8.726119995117188e-05 secs).
[2025-11-04 17:14:26,185] [INFO] ENTER: 'DialogueMoveGenerator' calling 'generate'; CURRENT SPEAKER: grok-4_mas, DIALOGUE TURN NUM = 12.
[2025-11-04 17:14:26,185] [INFO] ENTER: 'MASPromptGenerator' calling 'claim_negation'; CURRENT SPEAKER: grok-4_mas, DIALOGUE TURN NUM = 12.
[2025-11-04 17:14:26,186] [INFO] EXIT: 'MASPromptGenerator' calling 'claim_negation' (8.940696716308594e-05 secs).
[2025-11-04 17:14:26,186] [INFO] ENTER: 'DialogueMoveGenerator' calling 'generate'; CURRENT SPEAKER: grok-4_mas, DIALOGUE TURN NUM = 12.
[2025-11-04 17:14:26,186] [INFO] ENTER: 'MASPromptGenerator' calling 'concede_claim'; CURRENT SPEAKER: grok-4_mas, DIALOGUE TURN NUM = 12.
[2025-11-04 17:14:26,186] [INFO] EXIT: 'MASPromptGenerator' calling 'concede_claim' (0.00010418891906738281 secs).
[2025-11-04 17:14:26,187] [INFO] ENTER: 'DialogueMoveGenerator' calling 'generate'; CURRENT SPEAKER: grok-4_mas, DIALOGUE TURN NUM = 12.
[2025-11-04 17:14:26,187] [INFO] ENTER: 'MASPromptGenerator' calling 'question_claim'; CURRENT SPEAKER: grok-4_mas, DIALOGUE TURN NUM = 12.
[2025-11-04 17:14:26,187] [INFO] EXIT: 'MASPromptGenerator' calling 'question_claim' (9.942054748535156e-05 secs).
[2025-11-04 17:14:26,188] [INFO] ENTER: 'DialogueMoveGenerator' calling 'generate'; CURRENT SPEAKER: grok-4_mas, DIALOGUE TURN NUM = 12.
[2025-11-04 17:14:26,188] [INFO] ENTER: 'MASPromptGenerator' calling 'retract_claim'; CURRENT SPEAKER: grok-4_mas, DIALOGUE TURN NUM = 12.
[2025-11-04 17:14:26,188] [INFO] EXIT: 'MASPromptGenerator' calling 'retract_claim' (9.1552734375e-05 secs).
[2025-11-04 17:14:26,188] [INFO] ENTER: 'DialogueMoveGenerator' calling 'generate'; CURRENT SPEAKER: grok-4_mas, DIALOGUE TURN NUM = 12.
[2025-11-04 17:14:26,189] [INFO] ENTER: 'MASPromptGenerator' calling 'since_claim'; CURRENT SPEAKER: grok-4_mas, DIALOGUE TURN NUM = 12.
[2025-11-04 17:14:26,189] [INFO] ENTER: 'DialogueMoveGenerator' calling 'generate'; CURRENT SPEAKER: grok-4_mas, DIALOGUE TURN NUM = 12.
[2025-11-04 17:14:26,190] [INFO] EXIT: 'MASPromptGenerator' calling 'since_claim' (0.00011086463928222656 secs).
[2025-11-04 17:14:26,190] [INFO] ENTER: 'MASPromptGenerator' calling 'why_claim'; CURRENT SPEAKER: grok-4_mas, DIALOGUE TURN NUM = 12.
[2025-11-04 17:14:26,191] [INFO] EXIT: 'MASPromptGenerator' calling 'why_claim' (8.869171142578125e-05 secs).
[2025-11-04 17:14:27,376] [INFO] Completion returned and validated from MODEL = 'grok-4'.
[2025-11-04 17:14:27,782] [INFO] Completion returned and validated from MODEL = 'grok-4'.
[2025-11-04 17:14:27,857] [INFO] Completion returned and validated from MODEL = 'grok-4'.
[2025-11-04 17:14:27,989] [INFO] Completion returned and validated from MODEL = 'grok-4'.
[2025-11-04 17:14:28,106] [INFO] Completion returned and validated from MODEL = 'grok-4'.
[2025-11-04 17:14:28,106] [INFO] EXIT: 'DialogueMoveGenerator' calling 'generate' (1.9187278747558594 secs).
[2025-11-04 17:14:28,108] [INFO] Completion returned and validated from MODEL = 'grok-4'.
[2025-11-04 17:14:28,108] [INFO] EXIT: 'DialogueMoveGenerator' calling 'generate' (1.9198288917541504 secs).
[2025-11-04 17:14:28,328] [INFO] Completion returned and validated from MODEL = 'grok-4'.
[2025-11-04 17:14:28,328] [INFO] EXIT: 'DialogueMoveGenerator' calling 'generate' (2.143810749053955 secs).
[2025-11-04 17:14:28,625] [INFO] Completion returned and validated from MODEL = 'grok-4'.
[2025-11-04 17:14:28,770] [INFO] Completion returned and validated from MODEL = 'grok-4'.
[2025-11-04 17:14:28,857] [INFO] Completion returned and validated from MODEL = 'grok-4'.
[2025-11-04 17:14:29,309] [INFO] Completion returned and validated from MODEL = 'grok-4'.
[2025-11-04 17:14:29,993] [INFO] Completion returned and validated from MODEL = 'grok-4'.
[2025-11-04 17:14:30,211] [INFO] Completion returned and validated from MODEL = 'grok-4'.
[2025-11-04 17:14:30,252] [INFO] Completion returned and validated from MODEL = 'grok-4'.
[2025-11-04 17:14:30,925] [INFO] Completion returned and validated from MODEL = 'grok-4'.
[2025-11-04 17:14:31,017] [INFO] Completion returned and validated from MODEL = 'grok-4'.
[2025-11-04 17:14:31,017] [INFO] EXIT: 'DialogueMoveGenerator' calling 'generate' (4.831324577331543 secs).
[2025-11-04 17:14:31,336] [INFO] Completion returned and validated from MODEL = 'grok-4'.
[2025-11-04 17:14:31,336] [INFO] EXIT: 'DialogueMoveGenerator' calling 'generate' (5.149303913116455 secs).
[2025-11-04 17:14:31,403] [INFO] Completion returned and validated from MODEL = 'grok-4'.
[2025-11-04 17:14:31,403] [INFO] EXIT: 'DialogueMoveGenerator' calling 'generate' (5.212991952896118 secs).
[2025-11-04 17:14:31,952] [INFO] Completion returned and validated from MODEL = 'grok-4'.
[2025-11-04 17:14:31,952] [INFO] EXIT: 'DialogueMoveGenerator' calling 'generate' (5.766578912734985 secs).
[2025-11-04 17:14:31,953] [INFO] ENTER: 'MASPromptGenerator' calling 'persuasiveness_choice'; CURRENT SPEAKER: grok-4_mas, DIALOGUE TURN NUM = 12.
[2025-11-04 17:14:31,953] [INFO] EXIT: 'MASPromptGenerator' calling 'persuasiveness_choice' (0.00019311904907226562 secs).
[2025-11-04 17:14:33,218] [INFO] Completion returned and validated within 'PersuasivenessChoiceAgent'; MODEL = 'grok-4'; DIALOGUE TURN NUM = 12.
[2025-11-04 17:14:34,464] [INFO] Completion returned and validated within 'PersuasivenessChoiceAgent'; MODEL = 'grok-4'; DIALOGUE TURN NUM = 12.
[2025-11-04 17:14:35,773] [INFO] Completion returned and validated within 'PersuasivenessChoiceAgent'; MODEL = 'grok-4'; DIALOGUE TURN NUM = 12.
[2025-11-04 17:14:37,429] [INFO] Completion returned and validated within 'PersuasivenessChoiceAgent'; MODEL = 'grok-4'; DIALOGUE TURN NUM = 12.
[2025-11-04 17:14:39,061] [INFO] Completion returned and validated within 'PersuasivenessChoiceAgent'; MODEL = 'grok-4'; DIALOGUE TURN NUM = 12.
[2025-11-04 17:14:39,061] [INFO] ENTER: 'DisambiguationAgent' calling '_grouping_similar_utterance_types'; CURRENT SPEAKER: grok-4_mas, DIALOGUE TURN NUM = 12.
[2025-11-04 17:14:39,062] [INFO] EXIT: 'DisambiguationAgent' calling '_grouping_similar_utterance_types' (1.0967254638671875e-05 secs).
[2025-11-04 17:14:39,062] [INFO] ENTER: 'DisambiguationAgent' calling '_identifying_similar_sentences_and_choosing_one_to_return_to_user'; CURRENT SPEAKER: grok-4_mas, DIALOGUE TURN NUM = 12.
[2025-11-04 17:14:41,031] [INFO] 'DisambiguationAgent' grouped similar sentences, completion returned and validated; MODEL = 'grok-4'.
[2025-11-04 17:14:41,542] [INFO] 'DisambiguationAgent' chose sentences to remove, completion returned and validated from MODEL = 'grok-4'.
[2025-11-04 17:14:41,542] [INFO] EXIT: 'DisambiguationAgent' calling '_identifying_similar_sentences_and_choosing_one_to_return_to_user' (2.479586362838745 secs).
[2025-11-04 17:14:41,542] [INFO] ENTER: 'DisambiguationAgent' calling '_identifying_similar_sentences_and_choosing_one_to_return_to_user'; CURRENT SPEAKER: grok-4_mas, DIALOGUE TURN NUM = 12.
[2025-11-04 17:14:42,763] [INFO] 'DisambiguationAgent' grouped similar sentences, completion returned and validated; MODEL = 'grok-4'.
[2025-11-04 17:14:43,337] [INFO] 'DisambiguationAgent' chose sentences to remove, completion returned and validated from MODEL = 'grok-4'.
[2025-11-04 17:14:43,851] [INFO] 'DisambiguationAgent' chose sentences to remove, completion returned and validated from MODEL = 'grok-4'.
[2025-11-04 17:14:43,851] [INFO] EXIT: 'DisambiguationAgent' calling '_identifying_similar_sentences_and_choosing_one_to_return_to_user' (2.3090219497680664 secs).
[2025-11-04 17:14:43,851] [INFO] ENTER: 'DisambiguationAgent' calling '_removing_repetitive_sentences'; CURRENT SPEAKER: grok-4_mas, DIALOGUE TURN NUM = 12.
[2025-11-04 17:14:43,851] [INFO] EXIT: 'DisambiguationAgent' calling '_removing_repetitive_sentences' (1.33514404296875e-05 secs).
[2025-11-04 17:14:43,851] [INFO] ENTER: 'DisambiguationAgent' calling '_choose_the_most_persuasive_sentences'; CURRENT SPEAKER: grok-4_mas, DIALOGUE TURN NUM = 12.
[2025-11-04 17:14:45,309] [INFO] 'DisambiguationAgent': reached maximum allowed sentences, succussfully chose most persuasive sentences, completion returned and validated from MODEL = 'grok-4'.
[2025-11-04 17:14:45,309] [INFO] EXIT: 'DisambiguationAgent' calling '_choose_the_most_persuasive_sentences' (1.4582910537719727 secs).
[2025-11-04 17:14:45,309] [INFO] ENTER: 'DisambiguationAgent' calling 'return_disambiguated_sentences'; CURRENT SPEAKER: grok-4_mas, DIALOGUE TURN NUM = 12.
[2025-11-04 17:14:45,309] [INFO] EXIT: 'DisambiguationAgent' calling 'return_disambiguated_sentences' (2.384185791015625e-06 secs).
[2025-11-04 17:14:45,310] [ERROR] Wrong state used; State of type HumanState; error message: dict has unexpected extra key(s): "graph_rag_examples", "intermediate_generations", "knowledge_base_ensemble_or_model_name", "model_seed", "model_temp", "model_top_p", "number_of_graph_rag_examples", "number_of_vector_based_rag_examples", "political_position_prob_of_na", "political_position_range", "political_position_std", "speaker_model_name", "speaker_type", "vector_based_persona_string", "vector_based_persona_sys_prompt"
[2025-11-04 17:14:45,310] [INFO] Correct state used; State of type GenerationAgentsState; 'IGNORE THE ABOVE ERRORS'.
[2025-11-04 17:14:45,688] [INFO] 'commitment_update' completed '___Claim___' update for current speaker's commitments; MODEL = 'grok-4'.
[2025-11-04 17:14:46,000] [INFO] 'commitment_update' completed '___Claim___' update for current speaker's commitments; MODEL = 'grok-4'.
[2025-11-04 17:14:46,316] [INFO] 'commitment_update' completed '___Claim___' update for current speaker's commitments; MODEL = 'grok-4'.
[2025-11-04 17:14:46,409] [ERROR] Wrong state used; State of type HumanState; error message: dict has unexpected extra key(s): "graph_rag_examples", "intermediate_generations", "knowledge_base_ensemble_or_model_name", "model_seed", "model_temp", "model_top_p", "number_of_graph_rag_examples", "number_of_vector_based_rag_examples", "political_position_prob_of_na", "political_position_range", "political_position_std", "speaker_model_name", "speaker_type", "vector_based_persona_string", "vector_based_persona_sys_prompt"
[2025-11-04 17:14:46,410] [INFO] Correct state used; State of type GenerationAgentsState; 'IGNORE THE ABOVE ERRORS'.
[2025-11-04 17:14:46,410] [INFO] ENTER: 'UtteranceClassificationAgent' calling '_classify_sentence_utterance_types'; CURRENT SPEAKER: grok-4_mas_rag, DIALOGUE TURN NUM = 13.
[2025-11-04 17:14:46,812] [INFO] 'UtteranceClassificationAgent' completion returned and validated from MODEL = 'ModelName.GROK_4'.
[2025-11-04 17:14:47,182] [INFO] 'UtteranceClassificationAgent' completion returned and validated from MODEL = 'ModelName.GROK_4'.
[2025-11-04 17:14:47,933] [INFO] 'UtteranceClassificationAgent' completion returned and validated from MODEL = 'ModelName.GROK_4'.
[2025-11-04 17:14:48,260] [INFO] 'UtteranceClassificationAgent' completion returned and validated from MODEL = 'ModelName.GROK_4'.
[2025-11-04 17:14:48,603] [INFO] 'UtteranceClassificationAgent' completion returned and validated from MODEL = 'ModelName.GROK_4'.
[2025-11-04 17:14:48,603] [INFO] EXIT: 'UtteranceClassificationAgent' calling '_classify_sentence_utterance_types' (2.193054676055908 secs).
[2025-11-04 17:14:48,603] [INFO] ENTER: 'UtteranceClassificationAgent' calling 'return_classified_sentences'; CURRENT SPEAKER: grok-4_mas_rag, DIALOGUE TURN NUM = 13.
[2025-11-04 17:14:48,603] [INFO] EXIT: 'UtteranceClassificationAgent' calling 'return_classified_sentences' (1.9073486328125e-06 secs).
[2025-11-04 17:14:48,624] [INFO] ENTER: 'GraphRAG' calling 'why'; CURRENT SPEAKER: grok-4_mas_rag, DIALOGUE TURN NUM = 13.
[2025-11-04 17:14:48,625] [INFO] ENTER: 'GraphRAG' calling 'query_graph'; CURRENT SPEAKER: grok-4_mas_rag, DIALOGUE TURN NUM = 13.
[2025-11-04 17:14:49,301] [INFO] EXIT: 'GraphRAG' calling 'query_graph' (0.6762213706970215 secs).
[2025-11-04 17:14:49,301] [INFO] EXIT: 'GraphRAG' calling 'why' (0.6766226291656494 secs).
[2025-11-04 17:14:49,301] [INFO] ENTER: 'GraphRAG' calling 'claim_negation'; CURRENT SPEAKER: grok-4_mas_rag, DIALOGUE TURN NUM = 13.
[2025-11-04 17:14:49,301] [INFO] ENTER: 'GraphRAG' calling 'query_graph'; CURRENT SPEAKER: grok-4_mas_rag, DIALOGUE TURN NUM = 13.
[2025-11-04 17:14:49,954] [INFO] EXIT: 'GraphRAG' calling 'query_graph' (0.6529834270477295 secs).
[2025-11-04 17:14:49,955] [INFO] EXIT: 'GraphRAG' calling 'claim_negation' (0.6533708572387695 secs).
[2025-11-04 17:14:49,955] [INFO] ENTER: 'GraphRAG' calling 'concede'; CURRENT SPEAKER: grok-4_mas_rag, DIALOGUE TURN NUM = 13.
[2025-11-04 17:14:49,955] [INFO] ENTER: 'GraphRAG' calling 'query_graph'; CURRENT SPEAKER: grok-4_mas_rag, DIALOGUE TURN NUM = 13.
[2025-11-04 17:14:50,637] [INFO] EXIT: 'GraphRAG' calling 'query_graph' (0.6823718547821045 secs).
[2025-11-04 17:14:50,637] [INFO] EXIT: 'GraphRAG' calling 'concede' (0.6827445030212402 secs).
[2025-11-04 17:14:50,637] [INFO] ENTER: 'GraphRAG' calling 'question'; CURRENT SPEAKER: grok-4_mas_rag, DIALOGUE TURN NUM = 13.
[2025-11-04 17:14:50,638] [INFO] ENTER: 'GraphRAG' calling 'query_graph'; CURRENT SPEAKER: grok-4_mas_rag, DIALOGUE TURN NUM = 13.
[2025-11-04 17:14:50,762] [INFO] EXIT: 'GraphRAG' calling 'query_graph' (0.12407517433166504 secs).
[2025-11-04 17:14:50,762] [INFO] EXIT: 'GraphRAG' calling 'question' (0.12449479103088379 secs).
[2025-11-04 17:14:50,779] [INFO] ENTER: 'GraphRAG' calling 'since'; CURRENT SPEAKER: grok-4_mas_rag, DIALOGUE TURN NUM = 13.
[2025-11-04 17:14:50,779] [INFO] ENTER: 'GraphRAG' calling 'query_graph'; CURRENT SPEAKER: grok-4_mas_rag, DIALOGUE TURN NUM = 13.
[2025-11-04 17:14:50,802] [INFO] EXIT: 'GraphRAG' calling 'query_graph' (0.022396326065063477 secs).
[2025-11-04 17:14:50,802] [INFO] EXIT: 'GraphRAG' calling 'since' (0.02273106575012207 secs).
[2025-11-04 17:14:50,802] [INFO] ENTER: 'GraphRAG' calling 'claim'; CURRENT SPEAKER: grok-4_mas_rag, DIALOGUE TURN NUM = 13.
[2025-11-04 17:14:50,802] [INFO] ENTER: 'GraphRAG' calling 'query_graph'; CURRENT SPEAKER: grok-4_mas_rag, DIALOGUE TURN NUM = 13.
[2025-11-04 17:14:50,820] [INFO] EXIT: 'GraphRAG' calling 'query_graph' (0.017287254333496094 secs).
[2025-11-04 17:14:50,820] [INFO] EXIT: 'GraphRAG' calling 'claim' (0.017640352249145508 secs).
[2025-11-04 17:14:50,837] [INFO] ENTER: 'GraphRAG' calling 'why'; CURRENT SPEAKER: grok-4_mas_rag, DIALOGUE TURN NUM = 13.
[2025-11-04 17:14:50,837] [INFO] ENTER: 'GraphRAG' calling 'query_graph'; CURRENT SPEAKER: grok-4_mas_rag, DIALOGUE TURN NUM = 13.
[2025-11-04 17:14:51,515] [INFO] EXIT: 'GraphRAG' calling 'query_graph' (0.6778388023376465 secs).
[2025-11-04 17:14:51,515] [INFO] EXIT: 'GraphRAG' calling 'why' (0.678236722946167 secs).
[2025-11-04 17:14:51,515] [INFO] ENTER: 'GraphRAG' calling 'claim_negation'; CURRENT SPEAKER: grok-4_mas_rag, DIALOGUE TURN NUM = 13.
[2025-11-04 17:14:51,515] [INFO] ENTER: 'GraphRAG' calling 'query_graph'; CURRENT SPEAKER: grok-4_mas_rag, DIALOGUE TURN NUM = 13.
[2025-11-04 17:14:52,171] [INFO] EXIT: 'GraphRAG' calling 'query_graph' (0.6558260917663574 secs).
[2025-11-04 17:14:52,171] [INFO] EXIT: 'GraphRAG' calling 'claim_negation' (0.6562323570251465 secs).
[2025-11-04 17:14:52,171] [INFO] ENTER: 'GraphRAG' calling 'concede'; CURRENT SPEAKER: grok-4_mas_rag, DIALOGUE TURN NUM = 13.
[2025-11-04 17:14:52,172] [INFO] ENTER: 'GraphRAG' calling 'query_graph'; CURRENT SPEAKER: grok-4_mas_rag, DIALOGUE TURN NUM = 13.
[2025-11-04 17:14:52,853] [INFO] EXIT: 'GraphRAG' calling 'query_graph' (0.6811823844909668 secs).
[2025-11-04 17:14:52,853] [INFO] EXIT: 'GraphRAG' calling 'concede' (0.6815690994262695 secs).
[2025-11-04 17:14:52,853] [INFO] ENTER: 'GraphRAG' calling 'question'; CURRENT SPEAKER: grok-4_mas_rag, DIALOGUE TURN NUM = 13.
[2025-11-04 17:14:52,853] [INFO] ENTER: 'GraphRAG' calling 'query_graph'; CURRENT SPEAKER: grok-4_mas_rag, DIALOGUE TURN NUM = 13.
[2025-11-04 17:14:52,979] [INFO] EXIT: 'GraphRAG' calling 'query_graph' (0.1259474754333496 secs).
[2025-11-04 17:14:52,979] [INFO] EXIT: 'GraphRAG' calling 'question' (0.12636137008666992 secs).
[2025-11-04 17:14:52,997] [INFO] ENTER: 'GraphRAG' calling 'since'; CURRENT SPEAKER: grok-4_mas_rag, DIALOGUE TURN NUM = 13.
[2025-11-04 17:14:52,997] [INFO] ENTER: 'GraphRAG' calling 'query_graph'; CURRENT SPEAKER: grok-4_mas_rag, DIALOGUE TURN NUM = 13.
[2025-11-04 17:14:53,020] [INFO] EXIT: 'GraphRAG' calling 'query_graph' (0.022519350051879883 secs).
[2025-11-04 17:14:53,020] [INFO] EXIT: 'GraphRAG' calling 'since' (0.022910594940185547 secs).
[2025-11-04 17:14:53,020] [INFO] ENTER: 'GraphRAG' calling 'claim'; CURRENT SPEAKER: grok-4_mas_rag, DIALOGUE TURN NUM = 13.
[2025-11-04 17:14:53,020] [INFO] ENTER: 'GraphRAG' calling 'query_graph'; CURRENT SPEAKER: grok-4_mas_rag, DIALOGUE TURN NUM = 13.
[2025-11-04 17:14:53,038] [INFO] EXIT: 'GraphRAG' calling 'query_graph' (0.017786264419555664 secs).
[2025-11-04 17:14:53,038] [INFO] EXIT: 'GraphRAG' calling 'claim' (0.018151283264160156 secs).
[2025-11-04 17:14:53,056] [INFO] ENTER: 'GraphRAG' calling 'why'; CURRENT SPEAKER: grok-4_mas_rag, DIALOGUE TURN NUM = 13.
[2025-11-04 17:14:53,056] [INFO] ENTER: 'GraphRAG' calling 'query_graph'; CURRENT SPEAKER: grok-4_mas_rag, DIALOGUE TURN NUM = 13.
[2025-11-04 17:14:53,734] [INFO] EXIT: 'GraphRAG' calling 'query_graph' (0.6777191162109375 secs).
[2025-11-04 17:14:53,734] [INFO] EXIT: 'GraphRAG' calling 'why' (0.6780996322631836 secs).
[2025-11-04 17:14:53,734] [INFO] ENTER: 'GraphRAG' calling 'claim_negation'; CURRENT SPEAKER: grok-4_mas_rag, DIALOGUE TURN NUM = 13.
[2025-11-04 17:14:53,735] [INFO] ENTER: 'GraphRAG' calling 'query_graph'; CURRENT SPEAKER: grok-4_mas_rag, DIALOGUE TURN NUM = 13.
[2025-11-04 17:14:54,383] [INFO] EXIT: 'GraphRAG' calling 'query_graph' (0.6481583118438721 secs).
[2025-11-04 17:14:54,383] [INFO] EXIT: 'GraphRAG' calling 'claim_negation' (0.6485464572906494 secs).
[2025-11-04 17:14:54,383] [INFO] ENTER: 'GraphRAG' calling 'concede'; CURRENT SPEAKER: grok-4_mas_rag, DIALOGUE TURN NUM = 13.
[2025-11-04 17:14:54,383] [INFO] ENTER: 'GraphRAG' calling 'query_graph'; CURRENT SPEAKER: grok-4_mas_rag, DIALOGUE TURN NUM = 13.
[2025-11-04 17:14:55,065] [INFO] EXIT: 'GraphRAG' calling 'query_graph' (0.6812241077423096 secs).
[2025-11-04 17:14:55,065] [INFO] EXIT: 'GraphRAG' calling 'concede' (0.6816816329956055 secs).
[2025-11-04 17:14:55,065] [INFO] ENTER: 'GraphRAG' calling 'question'; CURRENT SPEAKER: grok-4_mas_rag, DIALOGUE TURN NUM = 13.
[2025-11-04 17:14:55,065] [INFO] ENTER: 'GraphRAG' calling 'query_graph'; CURRENT SPEAKER: grok-4_mas_rag, DIALOGUE TURN NUM = 13.
[2025-11-04 17:14:55,191] [INFO] EXIT: 'GraphRAG' calling 'query_graph' (0.12557172775268555 secs).
[2025-11-04 17:14:55,191] [INFO] EXIT: 'GraphRAG' calling 'question' (0.12605834007263184 secs).
[2025-11-04 17:14:55,191] [INFO] ENTER: 'GraphRAG' calling 'return_rag_examples'; CURRENT SPEAKER: grok-4_mas_rag, DIALOGUE TURN NUM = 13.
[2025-11-04 17:14:55,191] [INFO] EXIT: 'GraphRAG' calling 'return_rag_examples' (1.9073486328125e-06 secs).
[2025-11-04 17:14:55,193] [INFO] ENTER: 'DialogueMoveGenerator' calling 'generate'; CURRENT SPEAKER: grok-4_mas_rag, DIALOGUE TURN NUM = 13.
[2025-11-04 17:14:55,193] [INFO] ENTER: 'MASPromptGenerator' calling 'claim'; CURRENT SPEAKER: grok-4_mas_rag, DIALOGUE TURN NUM = 13.
[2025-11-04 17:14:55,194] [INFO] EXIT: 'MASPromptGenerator' calling 'claim' (0.00015282630920410156 secs).
[2025-11-04 17:14:55,194] [INFO] ENTER: 'DialogueMoveGenerator' calling 'generate'; CURRENT SPEAKER: grok-4_mas_rag, DIALOGUE TURN NUM = 13.
[2025-11-04 17:14:55,195] [INFO] ENTER: 'MASPromptGenerator' calling 'claim_negation'; CURRENT SPEAKER: grok-4_mas_rag, DIALOGUE TURN NUM = 13.
[2025-11-04 17:14:55,195] [INFO] EXIT: 'MASPromptGenerator' calling 'claim_negation' (0.00019049644470214844 secs).
[2025-11-04 17:14:55,196] [INFO] ENTER: 'DialogueMoveGenerator' calling 'generate'; CURRENT SPEAKER: grok-4_mas_rag, DIALOGUE TURN NUM = 13.
[2025-11-04 17:14:55,196] [INFO] ENTER: 'DialogueMoveGenerator' calling 'generate'; CURRENT SPEAKER: grok-4_mas_rag, DIALOGUE TURN NUM = 13.
[2025-11-04 17:14:55,197] [INFO] ENTER: 'MASPromptGenerator' calling 'concede_claim'; CURRENT SPEAKER: grok-4_mas_rag, DIALOGUE TURN NUM = 13.
[2025-11-04 17:14:55,197] [INFO] ENTER: 'DialogueMoveGenerator' calling 'generate'; CURRENT SPEAKER: grok-4_mas_rag, DIALOGUE TURN NUM = 13.
[2025-11-04 17:14:55,198] [INFO] ENTER: 'MASPromptGenerator' calling 'question_claim'; CURRENT SPEAKER: grok-4_mas_rag, DIALOGUE TURN NUM = 13.
[2025-11-04 17:14:55,198] [INFO] ENTER: 'DialogueMoveGenerator' calling 'generate'; CURRENT SPEAKER: grok-4_mas_rag, DIALOGUE TURN NUM = 13.
[2025-11-04 17:14:55,198] [INFO] EXIT: 'MASPromptGenerator' calling 'concede_claim' (0.00015592575073242188 secs).
[2025-11-04 17:14:55,199] [INFO] ENTER: 'MASPromptGenerator' calling 'retract_claim'; CURRENT SPEAKER: grok-4_mas_rag, DIALOGUE TURN NUM = 13.
[2025-11-04 17:14:55,199] [INFO] ENTER: 'DialogueMoveGenerator' calling 'generate'; CURRENT SPEAKER: grok-4_mas_rag, DIALOGUE TURN NUM = 13.
[2025-11-04 17:14:55,199] [INFO] EXIT: 'MASPromptGenerator' calling 'question_claim' (0.00018715858459472656 secs).
[2025-11-04 17:14:55,199] [INFO] ENTER: 'MASPromptGenerator' calling 'since_claim'; CURRENT SPEAKER: grok-4_mas_rag, DIALOGUE TURN NUM = 13.
[2025-11-04 17:14:55,200] [INFO] EXIT: 'MASPromptGenerator' calling 'retract_claim' (3.910064697265625e-05 secs).
[2025-11-04 17:14:55,200] [INFO] ENTER: 'MASPromptGenerator' calling 'why_claim'; CURRENT SPEAKER: grok-4_mas_rag, DIALOGUE TURN NUM = 13.
[2025-11-04 17:14:55,200] [INFO] EXIT: 'MASPromptGenerator' calling 'since_claim' (6.628036499023438e-05 secs).
[2025-11-04 17:14:55,201] [INFO] EXIT: 'MASPromptGenerator' calling 'why_claim' (4.220008850097656e-05 secs).
[2025-11-04 17:14:56,885] [INFO] Completion returned and validated from MODEL = 'grok-4'.
[2025-11-04 17:14:56,949] [INFO] Completion returned and validated from MODEL = 'grok-4'.
[2025-11-04 17:14:56,962] [INFO] Completion returned and validated from MODEL = 'grok-4'.
[2025-11-04 17:14:56,970] [INFO] Completion returned and validated from MODEL = 'grok-4'.
[2025-11-04 17:14:57,158] [INFO] Completion returned and validated from MODEL = 'grok-4'.
[2025-11-04 17:14:57,327] [INFO] Completion returned and validated from MODEL = 'grok-4'.
[2025-11-04 17:14:57,354] [INFO] Completion returned and validated from MODEL = 'grok-4'.
[2025-11-04 17:14:58,492] [INFO] Completion returned and validated from MODEL = 'grok-4'.
[2025-11-04 17:14:58,552] [INFO] Completion returned and validated from MODEL = 'grok-4'.
[2025-11-04 17:14:58,552] [INFO] EXIT: 'DialogueMoveGenerator' calling 'generate' (3.3536524772644043 secs).
[2025-11-04 17:14:58,652] [INFO] Completion returned and validated from MODEL = 'grok-4'.
[2025-11-04 17:14:58,766] [INFO] Completion returned and validated from MODEL = 'grok-4'.
[2025-11-04 17:14:58,950] [INFO] Completion returned and validated from MODEL = 'grok-4'.
[2025-11-04 17:14:59,034] [INFO] Completion returned and validated from MODEL = 'grok-4'.
[2025-11-04 17:14:59,034] [INFO] EXIT: 'DialogueMoveGenerator' calling 'generate' (3.835095167160034 secs).
[2025-11-04 17:14:59,087] [INFO] Completion returned and validated from MODEL = 'grok-4'.
[2025-11-04 17:14:59,087] [INFO] EXIT: 'DialogueMoveGenerator' calling 'generate' (3.8935182094573975 secs).
[2025-11-04 17:14:59,708] [INFO] Completion returned and validated from MODEL = 'grok-4'.
[2025-11-04 17:14:59,708] [INFO] EXIT: 'DialogueMoveGenerator' calling 'generate' (4.511719226837158 secs).
[2025-11-04 17:14:59,935] [INFO] Completion returned and validated from MODEL = 'grok-4'.
[2025-11-04 17:14:59,935] [INFO] EXIT: 'DialogueMoveGenerator' calling 'generate' (4.735324144363403 secs).
[2025-11-04 17:14:59,958] [INFO] Completion returned and validated from MODEL = 'grok-4'.
[2025-11-04 17:14:59,959] [INFO] EXIT: 'DialogueMoveGenerator' calling 'generate' (4.761053800582886 secs).
[2025-11-04 17:15:00,231] [INFO] Completion returned and validated from MODEL = 'grok-4'.
[2025-11-04 17:15:00,231] [INFO] EXIT: 'DialogueMoveGenerator' calling 'generate' (5.03693699836731 secs).
[2025-11-04 17:15:00,233] [INFO] ENTER: 'MASPromptGenerator' calling 'persuasiveness_choice'; CURRENT SPEAKER: grok-4_mas_rag, DIALOGUE TURN NUM = 13.
[2025-11-04 17:15:00,233] [INFO] EXIT: 'MASPromptGenerator' calling 'persuasiveness_choice' (0.00019121170043945312 secs).
[2025-11-04 17:15:01,630] [INFO] Completion returned and validated within 'PersuasivenessChoiceAgent'; MODEL = 'grok-4'; DIALOGUE TURN NUM = 13.
[2025-11-04 17:15:03,213] [INFO] Completion returned and validated within 'PersuasivenessChoiceAgent'; MODEL = 'grok-4'; DIALOGUE TURN NUM = 13.
[2025-11-04 17:15:04,750] [INFO] Completion returned and validated within 'PersuasivenessChoiceAgent'; MODEL = 'grok-4'; DIALOGUE TURN NUM = 13.
[2025-11-04 17:15:07,059] [INFO] Completion returned and validated within 'PersuasivenessChoiceAgent'; MODEL = 'grok-4'; DIALOGUE TURN NUM = 13.
[2025-11-04 17:15:08,595] [INFO] Completion returned and validated within 'PersuasivenessChoiceAgent'; MODEL = 'grok-4'; DIALOGUE TURN NUM = 13.
[2025-11-04 17:15:08,596] [INFO] ENTER: 'DisambiguationAgent' calling '_grouping_similar_utterance_types'; CURRENT SPEAKER: grok-4_mas_rag, DIALOGUE TURN NUM = 13.
[2025-11-04 17:15:08,596] [INFO] EXIT: 'DisambiguationAgent' calling '_grouping_similar_utterance_types' (2.7179718017578125e-05 secs).
[2025-11-04 17:15:08,596] [INFO] ENTER: 'DisambiguationAgent' calling '_identifying_similar_sentences_and_choosing_one_to_return_to_user'; CURRENT SPEAKER: grok-4_mas_rag, DIALOGUE TURN NUM = 13.
[2025-11-04 17:15:14,254] [INFO] 'DisambiguationAgent' grouped similar sentences, completion returned and validated; MODEL = 'grok-4'.
[2025-11-04 17:15:15,029] [INFO] 'DisambiguationAgent' chose sentences to remove, completion returned and validated from MODEL = 'grok-4'.
[2025-11-04 17:15:16,492] [INFO] 'DisambiguationAgent' chose sentences to remove, completion returned and validated from MODEL = 'grok-4'.
[2025-11-04 17:15:17,064] [INFO] 'DisambiguationAgent' chose sentences to remove, completion returned and validated from MODEL = 'grok-4'.
[2025-11-04 17:15:17,985] [INFO] 'DisambiguationAgent' chose sentences to remove, completion returned and validated from MODEL = 'grok-4'.
[2025-11-04 17:15:17,985] [INFO] EXIT: 'DisambiguationAgent' calling '_identifying_similar_sentences_and_choosing_one_to_return_to_user' (9.38907766342163 secs).
[2025-11-04 17:15:17,985] [INFO] ENTER: 'DisambiguationAgent' calling '_identifying_similar_sentences_and_choosing_one_to_return_to_user'; CURRENT SPEAKER: grok-4_mas_rag, DIALOGUE TURN NUM = 13.
[2025-11-04 17:15:20,143] [INFO] 'DisambiguationAgent' grouped similar sentences, completion returned and validated; MODEL = 'grok-4'.
[2025-11-04 17:15:20,736] [INFO] 'DisambiguationAgent' chose sentences to remove, completion returned and validated from MODEL = 'grok-4'.
[2025-11-04 17:15:22,901] [ERROR] 'DisambiguationAgent' could not choose sentences to remove, completion not validated; MODEL = 'grok-4'; 
 REASON: 

 1 validation error for PersuasivenessChoice
  Invalid JSON: trailing characters at line 3 column 1 [type=json_invalid, input_value='{"Choice": "Why do you c...ss in a debate context.', input_type=str]
    For further information visit https://errors.pydantic.dev/2.12/v/json_invalid
[2025-11-04 17:15:22,901] [ERROR] grok-4 failed to disambiguate sentences, model response: 
	 None
[2025-11-04 17:15:22,901] [INFO] EXIT: 'DisambiguationAgent' calling '_identifying_similar_sentences_and_choosing_one_to_return_to_user' (4.915889501571655 secs).
[2025-11-04 17:15:22,901] [INFO] ENTER: 'DisambiguationAgent' calling '_removing_repetitive_sentences'; CURRENT SPEAKER: grok-4_mas_rag, DIALOGUE TURN NUM = 13.
[2025-11-04 17:15:22,901] [INFO] EXIT: 'DisambiguationAgent' calling '_removing_repetitive_sentences' (1.8835067749023438e-05 secs).
[2025-11-04 17:15:22,901] [INFO] ENTER: 'DisambiguationAgent' calling '_choose_the_most_persuasive_sentences'; CURRENT SPEAKER: grok-4_mas_rag, DIALOGUE TURN NUM = 13.
[2025-11-04 17:15:25,370] [INFO] 'DisambiguationAgent': reached maximum allowed sentences, succussfully chose most persuasive sentences, completion returned and validated from MODEL = 'grok-4'.
[2025-11-04 17:15:25,370] [INFO] EXIT: 'DisambiguationAgent' calling '_choose_the_most_persuasive_sentences' (2.468994617462158 secs).
[2025-11-04 17:15:25,370] [INFO] ENTER: 'DisambiguationAgent' calling 'return_disambiguated_sentences'; CURRENT SPEAKER: grok-4_mas_rag, DIALOGUE TURN NUM = 13.
[2025-11-04 17:15:25,370] [INFO] EXIT: 'DisambiguationAgent' calling 'return_disambiguated_sentences' (2.384185791015625e-06 secs).
[2025-11-04 17:15:25,371] [ERROR] Wrong state used; State of type HumanState; error message: dict has unexpected extra key(s): "graph_rag_examples", "intermediate_generations", "knowledge_base_ensemble_or_model_name", "model_seed", "model_temp", "model_top_p", "number_of_graph_rag_examples", "number_of_vector_based_rag_examples", "political_position_prob_of_na", "political_position_range", "political_position_std", "speaker_model_name", "speaker_type", "vector_based_persona_string", "vector_based_persona_sys_prompt"
[2025-11-04 17:15:25,371] [INFO] Correct state used; State of type GenerationAgentsState; 'IGNORE THE ABOVE ERRORS'.
[2025-11-04 17:15:25,770] [INFO] 'commitment_update' completed '___Claim___' update for current speaker's commitments; MODEL = 'grok-4'.
[2025-11-04 17:15:26,102] [INFO] 'commitment_update' completed '___Claim___' update for current speaker's commitments; MODEL = 'grok-4'.
[2025-11-04 17:15:26,423] [INFO] 'commitment_update' completed '___Claim___' update for current speaker's commitments; MODEL = 'grok-4'.
[2025-11-04 17:15:26,724] [INFO] 'commitment_update' completed '___Claim___' update for current speaker's commitments; MODEL = 'grok-4'.
[2025-11-04 17:15:26,846] [ERROR] Wrong state used; State of type HumanState; error message: dict has unexpected extra key(s): "graph_rag_examples", "intermediate_generations", "knowledge_base_ensemble_or_model_name", "model_seed", "model_temp", "model_top_p", "number_of_graph_rag_examples", "number_of_vector_based_rag_examples", "political_position_prob_of_na", "political_position_range", "political_position_std", "speaker_model_name", "speaker_type", "vector_based_persona_string", "vector_based_persona_sys_prompt"
[2025-11-04 17:15:26,846] [INFO] Correct state used; State of type GenerationAgentsState; 'IGNORE THE ABOVE ERRORS'.
[2025-11-04 17:15:26,846] [INFO] ENTER: 'UtteranceClassificationAgent' calling '_classify_sentence_utterance_types'; CURRENT SPEAKER: grok-4_mas, DIALOGUE TURN NUM = 14.
[2025-11-04 17:15:27,175] [INFO] 'UtteranceClassificationAgent' completion returned and validated from MODEL = 'ModelName.GROK_4'.
[2025-11-04 17:15:27,504] [INFO] 'UtteranceClassificationAgent' completion returned and validated from MODEL = 'ModelName.GROK_4'.
[2025-11-04 17:15:27,826] [INFO] 'UtteranceClassificationAgent' completion returned and validated from MODEL = 'ModelName.GROK_4'.
[2025-11-04 17:15:28,134] [INFO] 'UtteranceClassificationAgent' completion returned and validated from MODEL = 'ModelName.GROK_4'.
[2025-11-04 17:15:28,463] [INFO] 'UtteranceClassificationAgent' completion returned and validated from MODEL = 'ModelName.GROK_4'.
[2025-11-04 17:15:28,778] [INFO] 'UtteranceClassificationAgent' completion returned and validated from MODEL = 'ModelName.GROK_4'.
[2025-11-04 17:15:29,090] [INFO] 'UtteranceClassificationAgent' completion returned and validated from MODEL = 'ModelName.GROK_4'.
[2025-11-04 17:15:29,090] [INFO] EXIT: 'UtteranceClassificationAgent' calling '_classify_sentence_utterance_types' (2.243466854095459 secs).
[2025-11-04 17:15:29,090] [INFO] ENTER: 'UtteranceClassificationAgent' calling 'return_classified_sentences'; CURRENT SPEAKER: grok-4_mas, DIALOGUE TURN NUM = 14.
[2025-11-04 17:15:29,090] [INFO] EXIT: 'UtteranceClassificationAgent' calling 'return_classified_sentences' (2.1457672119140625e-06 secs).
[2025-11-04 17:15:29,092] [INFO] ENTER: 'DialogueMoveGenerator' calling 'generate'; CURRENT SPEAKER: grok-4_mas, DIALOGUE TURN NUM = 14.
[2025-11-04 17:15:29,093] [INFO] ENTER: 'MASPromptGenerator' calling 'claim'; CURRENT SPEAKER: grok-4_mas, DIALOGUE TURN NUM = 14.
[2025-11-04 17:15:29,093] [INFO] EXIT: 'MASPromptGenerator' calling 'claim' (4.696846008300781e-05 secs).
[2025-11-04 17:15:29,093] [INFO] ENTER: 'DialogueMoveGenerator' calling 'generate'; CURRENT SPEAKER: grok-4_mas, DIALOGUE TURN NUM = 14.
[2025-11-04 17:15:29,093] [INFO] ENTER: 'MASPromptGenerator' calling 'claim_negation'; CURRENT SPEAKER: grok-4_mas, DIALOGUE TURN NUM = 14.
[2025-11-04 17:15:29,094] [INFO] EXIT: 'MASPromptGenerator' calling 'claim_negation' (7.152557373046875e-05 secs).
[2025-11-04 17:15:29,094] [INFO] ENTER: 'DialogueMoveGenerator' calling 'generate'; CURRENT SPEAKER: grok-4_mas, DIALOGUE TURN NUM = 14.
[2025-11-04 17:15:29,095] [INFO] ENTER: 'MASPromptGenerator' calling 'concede_claim'; CURRENT SPEAKER: grok-4_mas, DIALOGUE TURN NUM = 14.
[2025-11-04 17:15:29,095] [INFO] EXIT: 'MASPromptGenerator' calling 'concede_claim' (5.459785461425781e-05 secs).
[2025-11-04 17:15:29,095] [INFO] ENTER: 'DialogueMoveGenerator' calling 'generate'; CURRENT SPEAKER: grok-4_mas, DIALOGUE TURN NUM = 14.
[2025-11-04 17:15:29,095] [INFO] ENTER: 'MASPromptGenerator' calling 'question_claim'; CURRENT SPEAKER: grok-4_mas, DIALOGUE TURN NUM = 14.
[2025-11-04 17:15:29,095] [INFO] EXIT: 'MASPromptGenerator' calling 'question_claim' (5.1021575927734375e-05 secs).
[2025-11-04 17:15:29,096] [INFO] ENTER: 'DialogueMoveGenerator' calling 'generate'; CURRENT SPEAKER: grok-4_mas, DIALOGUE TURN NUM = 14.
[2025-11-04 17:15:29,096] [INFO] ENTER: 'MASPromptGenerator' calling 'retract_claim'; CURRENT SPEAKER: grok-4_mas, DIALOGUE TURN NUM = 14.
[2025-11-04 17:15:29,096] [INFO] EXIT: 'MASPromptGenerator' calling 'retract_claim' (4.1484832763671875e-05 secs).
[2025-11-04 17:15:29,097] [INFO] ENTER: 'DialogueMoveGenerator' calling 'generate'; CURRENT SPEAKER: grok-4_mas, DIALOGUE TURN NUM = 14.
[2025-11-04 17:15:29,098] [INFO] ENTER: 'MASPromptGenerator' calling 'since_claim'; CURRENT SPEAKER: grok-4_mas, DIALOGUE TURN NUM = 14.
[2025-11-04 17:15:29,098] [INFO] EXIT: 'MASPromptGenerator' calling 'since_claim' (5.459785461425781e-05 secs).
[2025-11-04 17:15:29,100] [INFO] ENTER: 'DialogueMoveGenerator' calling 'generate'; CURRENT SPEAKER: grok-4_mas, DIALOGUE TURN NUM = 14.
[2025-11-04 17:15:29,100] [INFO] ENTER: 'MASPromptGenerator' calling 'why_claim'; CURRENT SPEAKER: grok-4_mas, DIALOGUE TURN NUM = 14.
[2025-11-04 17:15:29,100] [INFO] EXIT: 'MASPromptGenerator' calling 'why_claim' (5.221366882324219e-05 secs).
[2025-11-04 17:15:30,528] [INFO] Completion returned and validated from MODEL = 'grok-4'.
[2025-11-04 17:15:30,674] [INFO] Completion returned and validated from MODEL = 'grok-4'.
[2025-11-04 17:15:30,694] [INFO] Completion returned and validated from MODEL = 'grok-4'.
[2025-11-04 17:15:30,694] [INFO] EXIT: 'DialogueMoveGenerator' calling 'generate' (1.598311185836792 secs).
[2025-11-04 17:15:30,714] [INFO] Completion returned and validated from MODEL = 'grok-4'.
[2025-11-04 17:15:30,799] [INFO] Completion returned and validated from MODEL = 'grok-4'.
[2025-11-04 17:15:30,799] [INFO] EXIT: 'DialogueMoveGenerator' calling 'generate' (1.705507516860962 secs).
[2025-11-04 17:15:30,943] [INFO] Completion returned and validated from MODEL = 'grok-4'.
[2025-11-04 17:15:30,943] [INFO] EXIT: 'DialogueMoveGenerator' calling 'generate' (1.8456082344055176 secs).
[2025-11-04 17:15:30,986] [INFO] Completion returned and validated from MODEL = 'grok-4'.
[2025-11-04 17:15:30,986] [INFO] EXIT: 'DialogueMoveGenerator' calling 'generate' (1.893791913986206 secs).
[2025-11-04 17:15:31,641] [INFO] Completion returned and validated from MODEL = 'grok-4'.
[2025-11-04 17:15:31,880] [INFO] Completion returned and validated from MODEL = 'grok-4'.
[2025-11-04 17:15:32,013] [INFO] Completion returned and validated from MODEL = 'grok-4'.
[2025-11-04 17:15:33,187] [INFO] Completion returned and validated from MODEL = 'grok-4'.
[2025-11-04 17:15:33,279] [INFO] Completion returned and validated from MODEL = 'grok-4'.
[2025-11-04 17:15:33,421] [INFO] Completion returned and validated from MODEL = 'grok-4'.
[2025-11-04 17:15:34,391] [INFO] Completion returned and validated from MODEL = 'grok-4'.
[2025-11-04 17:15:34,686] [INFO] Completion returned and validated from MODEL = 'grok-4'.
[2025-11-04 17:15:34,687] [INFO] Completion returned and validated from MODEL = 'grok-4'.
[2025-11-04 17:15:36,044] [INFO] Completion returned and validated from MODEL = 'grok-4'.
[2025-11-04 17:15:36,303] [INFO] Completion returned and validated from MODEL = 'grok-4'.
[2025-11-04 17:15:36,452] [INFO] Completion returned and validated from MODEL = 'grok-4'.
[2025-11-04 17:15:37,324] [INFO] Completion returned and validated from MODEL = 'grok-4'.
[2025-11-04 17:15:37,324] [INFO] EXIT: 'DialogueMoveGenerator' calling 'generate' (8.22962498664856 secs).
[2025-11-04 17:15:37,677] [INFO] Completion returned and validated from MODEL = 'grok-4'.
[2025-11-04 17:15:37,677] [INFO] EXIT: 'DialogueMoveGenerator' calling 'generate' (8.577696561813354 secs).
[2025-11-04 17:15:37,757] [INFO] Completion returned and validated from MODEL = 'grok-4'.
[2025-11-04 17:15:37,757] [INFO] EXIT: 'DialogueMoveGenerator' calling 'generate' (8.661948204040527 secs).
[2025-11-04 17:15:37,758] [INFO] ENTER: 'MASPromptGenerator' calling 'persuasiveness_choice'; CURRENT SPEAKER: grok-4_mas, DIALOGUE TURN NUM = 14.
[2025-11-04 17:15:37,759] [INFO] EXIT: 'MASPromptGenerator' calling 'persuasiveness_choice' (0.0004336833953857422 secs).
[2025-11-04 17:15:39,517] [ERROR] Completion validation error within 'PersuasivenessChoiceAgent'; 
 REASON:

 1 validation error for PersuasivenessChoicesList
  Invalid JSON: expected value at line 1 column 14 [type=json_invalid, input_value='{"Choices": [___Claim___... NHS-style rationing?]}', input_type=str]
    For further information visit https://errors.pydantic.dev/2.12/v/json_invalid
