[2025-10-16 15:50:38,524] [INFO] Trying to create session mistral-medium_mas_rag:r__vs__grok-4_mas:l...
[2025-10-16 15:50:38,556] [INFO] DIALOGUE START: Parent graph invoked, waiting for Langgraph return state...
[2025-10-16 15:50:38,642] [INFO] ENTER: 'VectorBasedRAG' calling '_vector_based_examples'; CURRENT SPEAKER: mistral-medium_mas_rag, DIALOGUE TURN NUM = 0.
[2025-10-16 15:50:38,642] [INFO] ENTER: 'VectorBasedRAG' calling '_query_graph'; CURRENT SPEAKER: mistral-medium_mas_rag, DIALOGUE TURN NUM = 0.
[2025-10-16 15:50:38,697] [INFO] EXIT: 'VectorBasedRAG' calling '_query_graph' (0.055389404296875 secs).
[2025-10-16 15:50:38,698] [INFO] EXIT: 'VectorBasedRAG' calling '_vector_based_examples' (0.05603528022766113 secs).
[2025-10-16 15:50:38,698] [INFO] ENTER: 'VectorBasedRAG' calling '_vector_based_examples'; CURRENT SPEAKER: mistral-medium_mas_rag, DIALOGUE TURN NUM = 0.
[2025-10-16 15:50:38,698] [INFO] ENTER: 'VectorBasedRAG' calling '_query_graph'; CURRENT SPEAKER: mistral-medium_mas_rag, DIALOGUE TURN NUM = 0.
[2025-10-16 15:50:38,752] [INFO] EXIT: 'VectorBasedRAG' calling '_query_graph' (0.054404258728027344 secs).
[2025-10-16 15:50:38,753] [INFO] EXIT: 'VectorBasedRAG' calling '_vector_based_examples' (0.05498003959655762 secs).
[2025-10-16 15:50:38,753] [INFO] ENTER: 'VectorBasedRAG' calling '_create_prompt'; CURRENT SPEAKER: mistral-medium_mas_rag, DIALOGUE TURN NUM = 0.
[2025-10-16 15:50:38,753] [INFO] EXIT: 'VectorBasedRAG' calling '_create_prompt' (1.1920928955078125e-05 secs).
[2025-10-16 15:50:38,753] [INFO] ENTER: 'VectorBasedRAG' calling '_generate_completion'; CURRENT SPEAKER: mistral-medium_mas_rag, DIALOGUE TURN NUM = 0.
[2025-10-16 15:51:38,186] [INFO] 'VectorBasedRAG' agent persona completion returned and validated; MODEL = 'mistral-medium'.
[2025-10-16 15:51:38,186] [INFO] EXIT: 'VectorBasedRAG' calling '_generate_completion' (59.433085203170776 secs).
[2025-10-16 15:51:38,186] [INFO] ENTER: 'VectorBasedRAG' calling 'persona_string'; CURRENT SPEAKER: mistral-medium_mas_rag, DIALOGUE TURN NUM = 0.
[2025-10-16 15:51:38,186] [INFO] 'VectorBasedRAG' agent persona string generated; MODEL = 'mistral-medium'.
[2025-10-16 15:51:38,186] [INFO] EXIT: 'VectorBasedRAG' calling 'persona_string' (5.602836608886719e-05 secs).
[2025-10-16 15:51:38,187] [INFO] ENTER: 'DialogueMoveGenerator' calling 'generate'; CURRENT SPEAKER: mistral-medium_mas_rag, DIALOGUE TURN NUM = 0.
[2025-10-16 15:51:38,187] [INFO] ENTER: 'MASPromptGenerator' calling 'initial_llm_claim'; CURRENT SPEAKER: mistral-medium_mas_rag, DIALOGUE TURN NUM = 0.
[2025-10-16 15:51:38,187] [INFO] EXIT: 'MASPromptGenerator' calling 'initial_llm_claim' (4.76837158203125e-06 secs).
[2025-10-16 15:51:45,679] [INFO] Completion returned and validated from MODEL = 'mistral-medium'.
[2025-10-16 15:51:45,679] [INFO] EXIT: 'DialogueMoveGenerator' calling 'generate' (7.492227077484131 secs).
[2025-10-16 15:51:45,679] [INFO] ENTER: 'MASPromptGenerator' calling 'persuasiveness_choice'; CURRENT SPEAKER: mistral-medium_mas_rag, DIALOGUE TURN NUM = 0.
[2025-10-16 15:51:45,680] [INFO] EXIT: 'MASPromptGenerator' calling 'persuasiveness_choice' (1.2159347534179688e-05 secs).
[2025-10-16 15:51:46,718] [INFO] Completion returned and validated within 'PersuasivenessChoiceAgent'; MODEL = 'mistral-medium'; DIALOGUE TURN NUM = 0.
[2025-10-16 15:51:46,718] [INFO] ENTER: 'DisambiguationAgent' calling 'return_disambiguated_sentences'; CURRENT SPEAKER: mistral-medium_mas_rag, DIALOGUE TURN NUM = 0.
[2025-10-16 15:51:46,718] [INFO] EXIT: 'DisambiguationAgent' calling 'return_disambiguated_sentences' (2.6226043701171875e-06 secs).
[2025-10-16 15:51:46,722] [ERROR] Wrong state used; State of type HumanState; error message: dict has unexpected extra key(s): "graph_rag_examples", "intermediate_generations", "knowledge_base_ensemble_or_model_name", "model_seed", "model_temp", "model_top_p", "number_of_graph_rag_examples", "number_of_vector_based_rag_examples", "political_position_prob_of_na", "political_position_range", "political_position_std", "speaker_model_name", "speaker_type", "vector_based_persona_string", "vector_based_persona_sys_prompt"
[2025-10-16 15:51:46,722] [INFO] Correct state used; State of type GenerationAgentsState; 'IGNORE THE ABOVE ERRORS'.
[2025-10-16 15:51:47,225] [INFO] 'commitment_update' completed '___Claim___' update for current speaker's commitments; MODEL = 'mistral-medium'.
[2025-10-16 15:51:47,294] [ERROR] Wrong state used; State of type HumanState; error message: dict has unexpected extra key(s): "graph_rag_examples", "intermediate_generations", "knowledge_base_ensemble_or_model_name", "model_seed", "model_temp", "model_top_p", "number_of_graph_rag_examples", "number_of_vector_based_rag_examples", "political_position_prob_of_na", "political_position_range", "political_position_std", "speaker_model_name", "speaker_type", "vector_based_persona_string", "vector_based_persona_sys_prompt"
[2025-10-16 15:51:47,295] [INFO] Correct state used; State of type GenerationAgentsState; 'IGNORE THE ABOVE ERRORS'.
[2025-10-16 15:51:47,295] [INFO] ENTER: 'UtteranceClassificationAgent' calling '_classify_sentence_utterance_types'; CURRENT SPEAKER: grok-4_mas, DIALOGUE TURN NUM = 1.
[2025-10-30 14:46:39,113] [INFO] Trying to create session mistral-medium_mas_rag:r__vs__grok-4_mas:l...
[2025-10-30 14:46:39,143] [INFO] DIALOGUE START: Parent graph invoked, waiting for Langgraph return state...
[2025-10-30 14:46:39,254] [INFO] ENTER: 'VectorBasedRAG' calling '_vector_based_examples'; CURRENT SPEAKER: mistral-medium_mas_rag, DIALOGUE TURN NUM = 0.
[2025-10-30 14:46:39,254] [INFO] ENTER: 'VectorBasedRAG' calling '_query_graph'; CURRENT SPEAKER: mistral-medium_mas_rag, DIALOGUE TURN NUM = 0.
[2025-10-30 14:46:39,330] [INFO] EXIT: 'VectorBasedRAG' calling '_query_graph' (0.07599973678588867 secs).
[2025-10-30 14:46:39,330] [INFO] EXIT: 'VectorBasedRAG' calling '_vector_based_examples' (0.07670450210571289 secs).
[2025-10-30 14:46:39,330] [INFO] ENTER: 'VectorBasedRAG' calling '_vector_based_examples'; CURRENT SPEAKER: mistral-medium_mas_rag, DIALOGUE TURN NUM = 0.
[2025-10-30 14:46:39,331] [INFO] ENTER: 'VectorBasedRAG' calling '_query_graph'; CURRENT SPEAKER: mistral-medium_mas_rag, DIALOGUE TURN NUM = 0.
[2025-10-30 14:46:39,387] [INFO] EXIT: 'VectorBasedRAG' calling '_query_graph' (0.05670976638793945 secs).
[2025-10-30 14:46:39,388] [INFO] EXIT: 'VectorBasedRAG' calling '_vector_based_examples' (0.05722498893737793 secs).
[2025-10-30 14:46:39,388] [INFO] ENTER: 'VectorBasedRAG' calling '_create_prompt'; CURRENT SPEAKER: mistral-medium_mas_rag, DIALOGUE TURN NUM = 0.
[2025-10-30 14:46:39,388] [INFO] EXIT: 'VectorBasedRAG' calling '_create_prompt' (1.1444091796875e-05 secs).
[2025-10-30 14:46:39,388] [INFO] ENTER: 'VectorBasedRAG' calling '_generate_completion'; CURRENT SPEAKER: mistral-medium_mas_rag, DIALOGUE TURN NUM = 0.
[2025-10-30 14:47:38,815] [INFO] 'VectorBasedRAG' agent persona completion returned and validated; MODEL = 'mistral-medium'.
[2025-10-30 14:47:38,815] [INFO] EXIT: 'VectorBasedRAG' calling '_generate_completion' (59.42730402946472 secs).
[2025-10-30 14:47:38,815] [INFO] ENTER: 'VectorBasedRAG' calling 'persona_string'; CURRENT SPEAKER: mistral-medium_mas_rag, DIALOGUE TURN NUM = 0.
[2025-10-30 14:47:38,815] [INFO] 'VectorBasedRAG' agent persona string generated; MODEL = 'mistral-medium'.
[2025-10-30 14:47:38,815] [INFO] EXIT: 'VectorBasedRAG' calling 'persona_string' (5.459785461425781e-05 secs).
[2025-10-30 14:47:38,816] [INFO] ENTER: 'DialogueMoveGenerator' calling 'generate'; CURRENT SPEAKER: mistral-medium_mas_rag, DIALOGUE TURN NUM = 0.
[2025-10-30 14:47:38,816] [INFO] ENTER: 'MASPromptGenerator' calling 'initial_llm_claim'; CURRENT SPEAKER: mistral-medium_mas_rag, DIALOGUE TURN NUM = 0.
[2025-10-30 14:47:38,816] [INFO] EXIT: 'MASPromptGenerator' calling 'initial_llm_claim' (4.76837158203125e-06 secs).
[2025-10-30 14:47:41,078] [INFO] Completion returned and validated from MODEL = 'mistral-medium'.
[2025-10-30 14:47:41,079] [INFO] EXIT: 'DialogueMoveGenerator' calling 'generate' (2.2625699043273926 secs).
[2025-10-30 14:47:41,079] [INFO] ENTER: 'MASPromptGenerator' calling 'persuasiveness_choice'; CURRENT SPEAKER: mistral-medium_mas_rag, DIALOGUE TURN NUM = 0.
[2025-10-30 14:47:41,080] [INFO] EXIT: 'MASPromptGenerator' calling 'persuasiveness_choice' (1.5735626220703125e-05 secs).
[2025-10-30 14:47:42,151] [INFO] Completion returned and validated within 'PersuasivenessChoiceAgent'; MODEL = 'mistral-medium'; DIALOGUE TURN NUM = 0.
[2025-10-30 14:47:42,152] [INFO] ENTER: 'DisambiguationAgent' calling 'return_disambiguated_sentences'; CURRENT SPEAKER: mistral-medium_mas_rag, DIALOGUE TURN NUM = 0.
[2025-10-30 14:47:42,152] [INFO] EXIT: 'DisambiguationAgent' calling 'return_disambiguated_sentences' (2.384185791015625e-06 secs).
[2025-10-30 14:47:42,156] [ERROR] Wrong state used; State of type HumanState; error message: dict has unexpected extra key(s): "graph_rag_examples", "intermediate_generations", "knowledge_base_ensemble_or_model_name", "model_seed", "model_temp", "model_top_p", "number_of_graph_rag_examples", "number_of_vector_based_rag_examples", "political_position_prob_of_na", "political_position_range", "political_position_std", "speaker_model_name", "speaker_type", "vector_based_persona_string", "vector_based_persona_sys_prompt"
[2025-10-30 14:47:42,157] [INFO] Correct state used; State of type GenerationAgentsState; 'IGNORE THE ABOVE ERRORS'.
[2025-10-30 14:47:42,627] [INFO] 'commitment_update' completed '___Claim___' update for current speaker's commitments; MODEL = 'mistral-medium'.
[2025-10-30 14:47:42,698] [ERROR] Wrong state used; State of type HumanState; error message: dict has unexpected extra key(s): "graph_rag_examples", "intermediate_generations", "knowledge_base_ensemble_or_model_name", "model_seed", "model_temp", "model_top_p", "number_of_graph_rag_examples", "number_of_vector_based_rag_examples", "political_position_prob_of_na", "political_position_range", "political_position_std", "speaker_model_name", "speaker_type", "vector_based_persona_string", "vector_based_persona_sys_prompt"
[2025-10-30 14:47:42,698] [INFO] Correct state used; State of type GenerationAgentsState; 'IGNORE THE ABOVE ERRORS'.
[2025-10-30 14:47:42,698] [INFO] ENTER: 'UtteranceClassificationAgent' calling '_classify_sentence_utterance_types'; CURRENT SPEAKER: grok-4_mas, DIALOGUE TURN NUM = 1.
[2025-10-30 14:47:43,286] [INFO] 'UtteranceClassificationAgent' completion returned and validated from MODEL = 'ModelName.GROK_4'.
[2025-10-30 14:47:43,286] [INFO] EXIT: 'UtteranceClassificationAgent' calling '_classify_sentence_utterance_types' (0.5880956649780273 secs).
[2025-10-30 14:47:43,286] [INFO] ENTER: 'UtteranceClassificationAgent' calling 'return_classified_sentences'; CURRENT SPEAKER: grok-4_mas, DIALOGUE TURN NUM = 1.
[2025-10-30 14:47:43,286] [INFO] EXIT: 'UtteranceClassificationAgent' calling 'return_classified_sentences' (1.6689300537109375e-06 secs).
[2025-10-30 14:47:43,288] [INFO] ENTER: 'DialogueMoveGenerator' calling 'generate'; CURRENT SPEAKER: grok-4_mas, DIALOGUE TURN NUM = 1.
[2025-10-30 14:47:43,288] [INFO] ENTER: 'DialogueMoveGenerator' calling 'generate'; CURRENT SPEAKER: grok-4_mas, DIALOGUE TURN NUM = 1.
[2025-10-30 14:47:43,289] [INFO] ENTER: 'DialogueMoveGenerator' calling 'generate'; CURRENT SPEAKER: grok-4_mas, DIALOGUE TURN NUM = 1.
[2025-10-30 14:47:43,289] [INFO] ENTER: 'MASPromptGenerator' calling 'claim_negation'; CURRENT SPEAKER: grok-4_mas, DIALOGUE TURN NUM = 1.
[2025-10-30 14:47:43,289] [INFO] ENTER: 'MASPromptGenerator' calling 'concede_claim'; CURRENT SPEAKER: grok-4_mas, DIALOGUE TURN NUM = 1.
[2025-10-30 14:47:43,289] [INFO] ENTER: 'DialogueMoveGenerator' calling 'generate'; CURRENT SPEAKER: grok-4_mas, DIALOGUE TURN NUM = 1.
[2025-10-30 14:47:43,289] [INFO] ENTER: 'MASPromptGenerator' calling 'question_claim'; CURRENT SPEAKER: grok-4_mas, DIALOGUE TURN NUM = 1.
[2025-10-30 14:47:43,290] [INFO] EXIT: 'MASPromptGenerator' calling 'claim_negation' (2.1457672119140625e-05 secs).
[2025-10-30 14:47:43,291] [INFO] EXIT: 'MASPromptGenerator' calling 'concede_claim' (1.6450881958007812e-05 secs).
[2025-10-30 14:47:43,291] [INFO] ENTER: 'MASPromptGenerator' calling 'why_claim'; CURRENT SPEAKER: grok-4_mas, DIALOGUE TURN NUM = 1.
[2025-10-30 14:47:43,291] [INFO] EXIT: 'MASPromptGenerator' calling 'question_claim' (1.5020370483398438e-05 secs).
[2025-10-30 14:47:43,292] [INFO] EXIT: 'MASPromptGenerator' calling 'why_claim' (1.6927719116210938e-05 secs).
[2025-10-30 14:47:44,426] [INFO] Completion returned and validated from MODEL = 'grok-4'.
[2025-10-30 14:47:44,426] [INFO] EXIT: 'DialogueMoveGenerator' calling 'generate' (1.1351499557495117 secs).
[2025-10-30 14:47:44,452] [INFO] Completion returned and validated from MODEL = 'grok-4'.
[2025-10-30 14:47:44,452] [INFO] EXIT: 'DialogueMoveGenerator' calling 'generate' (1.1631922721862793 secs).
[2025-10-30 14:47:44,540] [INFO] Completion returned and validated from MODEL = 'grok-4'.
[2025-10-30 14:47:44,540] [INFO] EXIT: 'DialogueMoveGenerator' calling 'generate' (1.251544713973999 secs).
[2025-10-30 14:47:44,557] [INFO] Completion returned and validated from MODEL = 'grok-4'.
[2025-10-30 14:47:44,557] [INFO] EXIT: 'DialogueMoveGenerator' calling 'generate' (1.2680535316467285 secs).
[2025-10-30 14:47:44,558] [INFO] ENTER: 'MASPromptGenerator' calling 'persuasiveness_choice'; CURRENT SPEAKER: grok-4_mas, DIALOGUE TURN NUM = 1.
[2025-10-30 14:47:44,558] [INFO] EXIT: 'MASPromptGenerator' calling 'persuasiveness_choice' (3.4809112548828125e-05 secs).
[2025-10-30 14:47:45,754] [INFO] Completion returned and validated within 'PersuasivenessChoiceAgent'; MODEL = 'grok-4'; DIALOGUE TURN NUM = 1.
[2025-10-30 14:47:45,755] [INFO] ENTER: 'DisambiguationAgent' calling 'return_disambiguated_sentences'; CURRENT SPEAKER: grok-4_mas, DIALOGUE TURN NUM = 1.
[2025-10-30 14:47:45,755] [INFO] EXIT: 'DisambiguationAgent' calling 'return_disambiguated_sentences' (1.9073486328125e-06 secs).
[2025-10-30 14:47:45,755] [ERROR] Wrong state used; State of type HumanState; error message: dict has unexpected extra key(s): "graph_rag_examples", "intermediate_generations", "knowledge_base_ensemble_or_model_name", "model_seed", "model_temp", "model_top_p", "number_of_graph_rag_examples", "number_of_vector_based_rag_examples", "political_position_prob_of_na", "political_position_range", "political_position_std", "speaker_model_name", "speaker_type", "vector_based_persona_string", "vector_based_persona_sys_prompt"
[2025-10-30 14:47:45,755] [INFO] Correct state used; State of type GenerationAgentsState; 'IGNORE THE ABOVE ERRORS'.
[2025-10-30 14:47:45,852] [ERROR] Wrong state used; State of type HumanState; error message: dict has unexpected extra key(s): "graph_rag_examples", "intermediate_generations", "knowledge_base_ensemble_or_model_name", "model_seed", "model_temp", "model_top_p", "number_of_graph_rag_examples", "number_of_vector_based_rag_examples", "political_position_prob_of_na", "political_position_range", "political_position_std", "speaker_model_name", "speaker_type", "vector_based_persona_string", "vector_based_persona_sys_prompt"
[2025-10-30 14:47:45,853] [INFO] Correct state used; State of type GenerationAgentsState; 'IGNORE THE ABOVE ERRORS'.
[2025-10-30 14:47:45,853] [INFO] ENTER: 'UtteranceClassificationAgent' calling '_classify_sentence_utterance_types'; CURRENT SPEAKER: mistral-medium_mas_rag, DIALOGUE TURN NUM = 2.
[2025-10-30 14:48:13,219] [INFO] 'UtteranceClassificationAgent' completion returned and validated from MODEL = 'ModelName.MISTRAL_MEDIUM'.
[2025-10-30 14:48:13,219] [INFO] EXIT: 'UtteranceClassificationAgent' calling '_classify_sentence_utterance_types' (27.366477966308594 secs).
[2025-10-30 14:48:13,219] [INFO] ENTER: 'UtteranceClassificationAgent' calling 'return_classified_sentences'; CURRENT SPEAKER: mistral-medium_mas_rag, DIALOGUE TURN NUM = 2.
[2025-10-30 14:48:13,219] [INFO] EXIT: 'UtteranceClassificationAgent' calling 'return_classified_sentences' (2.6226043701171875e-06 secs).
[2025-10-30 14:48:13,234] [INFO] ENTER: 'GraphRAG' calling 'since'; CURRENT SPEAKER: mistral-medium_mas_rag, DIALOGUE TURN NUM = 2.
[2025-10-30 14:48:13,235] [INFO] ENTER: 'GraphRAG' calling 'query_graph'; CURRENT SPEAKER: mistral-medium_mas_rag, DIALOGUE TURN NUM = 2.
[2025-10-30 14:48:13,256] [INFO] EXIT: 'GraphRAG' calling 'query_graph' (0.021843671798706055 secs).
[2025-10-30 14:48:13,256] [INFO] EXIT: 'GraphRAG' calling 'since' (0.022236347198486328 secs).
[2025-10-30 14:48:13,257] [INFO] ENTER: 'GraphRAG' calling 'claim'; CURRENT SPEAKER: mistral-medium_mas_rag, DIALOGUE TURN NUM = 2.
[2025-10-30 14:48:13,257] [INFO] ENTER: 'GraphRAG' calling 'query_graph'; CURRENT SPEAKER: mistral-medium_mas_rag, DIALOGUE TURN NUM = 2.
[2025-10-30 14:48:13,273] [INFO] EXIT: 'GraphRAG' calling 'query_graph' (0.016411304473876953 secs).
[2025-10-30 14:48:13,273] [INFO] EXIT: 'GraphRAG' calling 'claim' (0.01679205894470215 secs).
[2025-10-30 14:48:13,273] [INFO] ENTER: 'GraphRAG' calling 'return_rag_examples'; CURRENT SPEAKER: mistral-medium_mas_rag, DIALOGUE TURN NUM = 2.
[2025-10-30 14:48:13,273] [INFO] EXIT: 'GraphRAG' calling 'return_rag_examples' (1.6689300537109375e-06 secs).
[2025-10-30 14:48:13,275] [INFO] ENTER: 'DialogueMoveGenerator' calling 'generate'; CURRENT SPEAKER: mistral-medium_mas_rag, DIALOGUE TURN NUM = 2.
[2025-10-30 14:48:13,275] [INFO] ENTER: 'MASPromptGenerator' calling 'claim'; CURRENT SPEAKER: mistral-medium_mas_rag, DIALOGUE TURN NUM = 2.
[2025-10-30 14:48:13,276] [INFO] EXIT: 'MASPromptGenerator' calling 'claim' (3.075599670410156e-05 secs).
[2025-10-30 14:48:13,276] [INFO] EXIT: 'DialogueMoveGenerator' calling 'generate' (0.0001533031463623047 secs).
[2025-10-30 14:48:13,276] [INFO] ENTER: 'DialogueMoveGenerator' calling 'generate'; CURRENT SPEAKER: mistral-medium_mas_rag, DIALOGUE TURN NUM = 2.
[2025-10-30 14:48:13,276] [INFO] ENTER: 'MASPromptGenerator' calling 'retract_claim'; CURRENT SPEAKER: mistral-medium_mas_rag, DIALOGUE TURN NUM = 2.
[2025-10-30 14:48:13,276] [INFO] EXIT: 'MASPromptGenerator' calling 'retract_claim' (1.52587890625e-05 secs).
[2025-10-30 14:48:13,276] [INFO] EXIT: 'DialogueMoveGenerator' calling 'generate' (9.465217590332031e-05 secs).
[2025-10-30 14:48:13,278] [INFO] ENTER: 'DialogueMoveGenerator' calling 'generate'; CURRENT SPEAKER: mistral-medium_mas_rag, DIALOGUE TURN NUM = 2.
[2025-10-30 14:48:13,278] [INFO] ENTER: 'MASPromptGenerator' calling 'since_claim'; CURRENT SPEAKER: mistral-medium_mas_rag, DIALOGUE TURN NUM = 2.
[2025-10-30 14:48:13,278] [INFO] EXIT: 'MASPromptGenerator' calling 'since_claim' (2.193450927734375e-05 secs).
[2025-10-30 14:48:13,278] [INFO] EXIT: 'DialogueMoveGenerator' calling 'generate' (0.0001232624053955078 secs).
[2025-10-30 14:48:13,279] [INFO] ENTER: 'MASPromptGenerator' calling 'persuasiveness_choice'; CURRENT SPEAKER: mistral-medium_mas_rag, DIALOGUE TURN NUM = 2.
[2025-10-30 14:48:13,279] [INFO] EXIT: 'MASPromptGenerator' calling 'persuasiveness_choice' (1.8835067749023438e-05 secs).
[2025-10-30 14:48:16,102] [INFO] Completion returned and validated within 'PersuasivenessChoiceAgent'; MODEL = 'mistral-medium'; DIALOGUE TURN NUM = 2.
[2025-10-30 14:48:16,102] [INFO] ENTER: 'DisambiguationAgent' calling 'return_disambiguated_sentences'; CURRENT SPEAKER: mistral-medium_mas_rag, DIALOGUE TURN NUM = 2.
[2025-10-30 14:48:16,102] [INFO] EXIT: 'DisambiguationAgent' calling 'return_disambiguated_sentences' (1.9073486328125e-06 secs).
[2025-10-30 14:48:16,103] [ERROR] Wrong state used; State of type HumanState; error message: dict has unexpected extra key(s): "graph_rag_examples", "intermediate_generations", "knowledge_base_ensemble_or_model_name", "model_seed", "model_temp", "model_top_p", "number_of_graph_rag_examples", "number_of_vector_based_rag_examples", "political_position_prob_of_na", "political_position_range", "political_position_std", "speaker_model_name", "speaker_type", "vector_based_persona_string", "vector_based_persona_sys_prompt"
[2025-10-30 14:48:16,103] [INFO] Correct state used; State of type GenerationAgentsState; 'IGNORE THE ABOVE ERRORS'.
[2025-10-30 14:48:16,213] [ERROR] Wrong state used; State of type HumanState; error message: dict has unexpected extra key(s): "graph_rag_examples", "intermediate_generations", "knowledge_base_ensemble_or_model_name", "model_seed", "model_temp", "model_top_p", "number_of_graph_rag_examples", "number_of_vector_based_rag_examples", "political_position_prob_of_na", "political_position_range", "political_position_std", "speaker_model_name", "speaker_type", "vector_based_persona_string", "vector_based_persona_sys_prompt"
[2025-10-30 14:48:16,213] [INFO] Correct state used; State of type GenerationAgentsState; 'IGNORE THE ABOVE ERRORS'.
[2025-10-30 14:48:16,213] [INFO] ENTER: 'UtteranceClassificationAgent' calling '_classify_sentence_utterance_types'; CURRENT SPEAKER: grok-4_mas, DIALOGUE TURN NUM = 3.
[2025-10-30 14:48:16,809] [INFO] 'UtteranceClassificationAgent' completion returned and validated from MODEL = 'ModelName.GROK_4'.
[2025-10-30 14:48:16,809] [INFO] EXIT: 'UtteranceClassificationAgent' calling '_classify_sentence_utterance_types' (0.5963647365570068 secs).
[2025-10-30 14:48:16,809] [INFO] ENTER: 'UtteranceClassificationAgent' calling 'return_classified_sentences'; CURRENT SPEAKER: grok-4_mas, DIALOGUE TURN NUM = 3.
[2025-10-30 14:48:16,809] [INFO] EXIT: 'UtteranceClassificationAgent' calling 'return_classified_sentences' (1.1920928955078125e-06 secs).
[2025-10-30 14:48:16,811] [INFO] ENTER: 'DialogueMoveGenerator' calling 'generate'; CURRENT SPEAKER: grok-4_mas, DIALOGUE TURN NUM = 3.
[2025-10-30 14:48:16,811] [INFO] ENTER: 'MASPromptGenerator' calling 'claim_negation'; CURRENT SPEAKER: grok-4_mas, DIALOGUE TURN NUM = 3.
[2025-10-30 14:48:16,811] [INFO] EXIT: 'MASPromptGenerator' calling 'claim_negation' (2.0503997802734375e-05 secs).
[2025-10-30 14:48:16,812] [INFO] EXIT: 'DialogueMoveGenerator' calling 'generate' (0.00013589859008789062 secs).
[2025-10-30 14:48:16,812] [INFO] ENTER: 'DialogueMoveGenerator' calling 'generate'; CURRENT SPEAKER: grok-4_mas, DIALOGUE TURN NUM = 3.
[2025-10-30 14:48:16,812] [INFO] ENTER: 'MASPromptGenerator' calling 'concede_claim'; CURRENT SPEAKER: grok-4_mas, DIALOGUE TURN NUM = 3.
[2025-10-30 14:48:16,812] [INFO] EXIT: 'MASPromptGenerator' calling 'concede_claim' (1.239776611328125e-05 secs).
[2025-10-30 14:48:16,812] [INFO] EXIT: 'DialogueMoveGenerator' calling 'generate' (8.416175842285156e-05 secs).
[2025-10-30 14:48:16,815] [INFO] ENTER: 'DialogueMoveGenerator' calling 'generate'; CURRENT SPEAKER: grok-4_mas, DIALOGUE TURN NUM = 3.
[2025-10-30 14:48:16,815] [INFO] ENTER: 'MASPromptGenerator' calling 'question_claim'; CURRENT SPEAKER: grok-4_mas, DIALOGUE TURN NUM = 3.
[2025-10-30 14:48:16,815] [INFO] EXIT: 'MASPromptGenerator' calling 'question_claim' (1.3589859008789062e-05 secs).
[2025-10-30 14:48:16,815] [INFO] EXIT: 'DialogueMoveGenerator' calling 'generate' (9.465217590332031e-05 secs).
[2025-10-30 14:48:16,815] [INFO] ENTER: 'DialogueMoveGenerator' calling 'generate'; CURRENT SPEAKER: grok-4_mas, DIALOGUE TURN NUM = 3.
[2025-10-30 14:48:16,815] [INFO] ENTER: 'MASPromptGenerator' calling 'why_claim'; CURRENT SPEAKER: grok-4_mas, DIALOGUE TURN NUM = 3.
[2025-10-30 14:48:16,815] [INFO] EXIT: 'MASPromptGenerator' calling 'why_claim' (1.3589859008789062e-05 secs).
[2025-10-30 14:48:16,815] [INFO] EXIT: 'DialogueMoveGenerator' calling 'generate' (9.250640869140625e-05 secs).
[2025-10-30 14:48:16,816] [INFO] ENTER: 'MASPromptGenerator' calling 'persuasiveness_choice'; CURRENT SPEAKER: grok-4_mas, DIALOGUE TURN NUM = 3.
[2025-10-30 14:48:16,816] [INFO] EXIT: 'MASPromptGenerator' calling 'persuasiveness_choice' (1.7404556274414062e-05 secs).
[2025-10-30 14:48:17,370] [INFO] Completion returned and validated within 'PersuasivenessChoiceAgent'; MODEL = 'grok-4'; DIALOGUE TURN NUM = 3.
[2025-10-30 14:48:17,371] [INFO] ENTER: 'DisambiguationAgent' calling 'return_disambiguated_sentences'; CURRENT SPEAKER: grok-4_mas, DIALOGUE TURN NUM = 3.
[2025-10-30 14:48:17,371] [INFO] EXIT: 'DisambiguationAgent' calling 'return_disambiguated_sentences' (2.1457672119140625e-06 secs).
[2025-10-30 14:48:17,371] [ERROR] Wrong state used; State of type HumanState; error message: dict has unexpected extra key(s): "graph_rag_examples", "intermediate_generations", "knowledge_base_ensemble_or_model_name", "model_seed", "model_temp", "model_top_p", "number_of_graph_rag_examples", "number_of_vector_based_rag_examples", "political_position_prob_of_na", "political_position_range", "political_position_std", "speaker_model_name", "speaker_type", "vector_based_persona_string", "vector_based_persona_sys_prompt"
[2025-10-30 14:48:17,371] [INFO] Correct state used; State of type GenerationAgentsState; 'IGNORE THE ABOVE ERRORS'.
[2025-10-30 14:48:17,468] [ERROR] Wrong state used; State of type HumanState; error message: dict has unexpected extra key(s): "graph_rag_examples", "intermediate_generations", "knowledge_base_ensemble_or_model_name", "model_seed", "model_temp", "model_top_p", "number_of_graph_rag_examples", "number_of_vector_based_rag_examples", "political_position_prob_of_na", "political_position_range", "political_position_std", "speaker_model_name", "speaker_type", "vector_based_persona_string", "vector_based_persona_sys_prompt"
[2025-10-30 14:48:17,468] [INFO] Correct state used; State of type GenerationAgentsState; 'IGNORE THE ABOVE ERRORS'.
[2025-10-30 14:48:17,468] [INFO] ENTER: 'UtteranceClassificationAgent' calling '_classify_sentence_utterance_types'; CURRENT SPEAKER: mistral-medium_mas_rag, DIALOGUE TURN NUM = 4.
[2025-10-30 14:48:32,231] [INFO] 'UtteranceClassificationAgent' completion returned and validated from MODEL = 'ModelName.MISTRAL_MEDIUM'.
[2025-10-30 14:48:32,231] [INFO] EXIT: 'UtteranceClassificationAgent' calling '_classify_sentence_utterance_types' (14.76330852508545 secs).
[2025-10-30 14:48:32,231] [INFO] ENTER: 'UtteranceClassificationAgent' calling 'return_classified_sentences'; CURRENT SPEAKER: mistral-medium_mas_rag, DIALOGUE TURN NUM = 4.
[2025-10-30 14:48:32,231] [INFO] EXIT: 'UtteranceClassificationAgent' calling 'return_classified_sentences' (1.9073486328125e-06 secs).
[2025-10-30 14:48:32,245] [INFO] ENTER: 'GraphRAG' calling 'why'; CURRENT SPEAKER: mistral-medium_mas_rag, DIALOGUE TURN NUM = 4.
[2025-10-30 14:48:32,246] [INFO] ENTER: 'GraphRAG' calling 'query_graph'; CURRENT SPEAKER: mistral-medium_mas_rag, DIALOGUE TURN NUM = 4.
[2025-10-30 14:48:32,945] [INFO] EXIT: 'GraphRAG' calling 'query_graph' (0.698775053024292 secs).
[2025-10-30 14:48:32,945] [INFO] EXIT: 'GraphRAG' calling 'why' (0.6991229057312012 secs).
[2025-10-30 14:48:32,945] [INFO] ENTER: 'GraphRAG' calling 'claim_negation'; CURRENT SPEAKER: mistral-medium_mas_rag, DIALOGUE TURN NUM = 4.
[2025-10-30 14:48:32,945] [INFO] ENTER: 'GraphRAG' calling 'query_graph'; CURRENT SPEAKER: mistral-medium_mas_rag, DIALOGUE TURN NUM = 4.
[2025-10-30 14:48:33,618] [INFO] EXIT: 'GraphRAG' calling 'query_graph' (0.6726503372192383 secs).
[2025-10-30 14:48:33,618] [INFO] EXIT: 'GraphRAG' calling 'claim_negation' (0.6731393337249756 secs).
[2025-10-30 14:48:33,618] [INFO] ENTER: 'GraphRAG' calling 'concede'; CURRENT SPEAKER: mistral-medium_mas_rag, DIALOGUE TURN NUM = 4.
[2025-10-30 14:48:33,618] [INFO] ENTER: 'GraphRAG' calling 'query_graph'; CURRENT SPEAKER: mistral-medium_mas_rag, DIALOGUE TURN NUM = 4.
[2025-10-30 14:48:34,319] [INFO] EXIT: 'GraphRAG' calling 'query_graph' (0.7009890079498291 secs).
[2025-10-30 14:48:34,319] [INFO] EXIT: 'GraphRAG' calling 'concede' (0.7013435363769531 secs).
[2025-10-30 14:48:34,319] [INFO] ENTER: 'GraphRAG' calling 'question'; CURRENT SPEAKER: mistral-medium_mas_rag, DIALOGUE TURN NUM = 4.
[2025-10-30 14:48:34,320] [INFO] ENTER: 'GraphRAG' calling 'query_graph'; CURRENT SPEAKER: mistral-medium_mas_rag, DIALOGUE TURN NUM = 4.
[2025-10-30 14:48:34,434] [INFO] EXIT: 'GraphRAG' calling 'query_graph' (0.11463093757629395 secs).
[2025-10-30 14:48:34,434] [INFO] EXIT: 'GraphRAG' calling 'question' (0.11510300636291504 secs).
[2025-10-30 14:48:34,434] [INFO] ENTER: 'GraphRAG' calling 'return_rag_examples'; CURRENT SPEAKER: mistral-medium_mas_rag, DIALOGUE TURN NUM = 4.
[2025-10-30 14:48:34,434] [INFO] EXIT: 'GraphRAG' calling 'return_rag_examples' (2.384185791015625e-06 secs).
[2025-10-30 14:48:34,437] [INFO] ENTER: 'DialogueMoveGenerator' calling 'generate'; CURRENT SPEAKER: mistral-medium_mas_rag, DIALOGUE TURN NUM = 4.
[2025-10-30 14:48:34,437] [INFO] ENTER: 'MASPromptGenerator' calling 'claim_negation'; CURRENT SPEAKER: mistral-medium_mas_rag, DIALOGUE TURN NUM = 4.
[2025-10-30 14:48:34,437] [INFO] EXIT: 'MASPromptGenerator' calling 'claim_negation' (2.8371810913085938e-05 secs).
[2025-10-30 14:48:34,437] [INFO] EXIT: 'DialogueMoveGenerator' calling 'generate' (0.00015306472778320312 secs).
[2025-10-30 14:48:34,437] [INFO] ENTER: 'DialogueMoveGenerator' calling 'generate'; CURRENT SPEAKER: mistral-medium_mas_rag, DIALOGUE TURN NUM = 4.
[2025-10-30 14:48:34,438] [INFO] ENTER: 'MASPromptGenerator' calling 'concede_claim'; CURRENT SPEAKER: mistral-medium_mas_rag, DIALOGUE TURN NUM = 4.
[2025-10-30 14:48:34,438] [INFO] EXIT: 'MASPromptGenerator' calling 'concede_claim' (1.7642974853515625e-05 secs).
[2025-10-30 14:48:34,438] [INFO] EXIT: 'DialogueMoveGenerator' calling 'generate' (0.00010943412780761719 secs).
[2025-10-30 14:48:34,438] [INFO] ENTER: 'DialogueMoveGenerator' calling 'generate'; CURRENT SPEAKER: mistral-medium_mas_rag, DIALOGUE TURN NUM = 4.
[2025-10-30 14:48:34,438] [INFO] ENTER: 'MASPromptGenerator' calling 'question_claim'; CURRENT SPEAKER: mistral-medium_mas_rag, DIALOGUE TURN NUM = 4.
[2025-10-30 14:48:34,438] [INFO] EXIT: 'MASPromptGenerator' calling 'question_claim' (1.621246337890625e-05 secs).
[2025-10-30 14:48:34,438] [INFO] EXIT: 'DialogueMoveGenerator' calling 'generate' (8.96453857421875e-05 secs).
[2025-10-30 14:48:34,440] [INFO] ENTER: 'DialogueMoveGenerator' calling 'generate'; CURRENT SPEAKER: mistral-medium_mas_rag, DIALOGUE TURN NUM = 4.
[2025-10-30 14:48:34,440] [INFO] ENTER: 'MASPromptGenerator' calling 'why_claim'; CURRENT SPEAKER: mistral-medium_mas_rag, DIALOGUE TURN NUM = 4.
[2025-10-30 14:48:34,440] [INFO] EXIT: 'MASPromptGenerator' calling 'why_claim' (2.1696090698242188e-05 secs).
[2025-10-30 14:48:34,440] [INFO] EXIT: 'DialogueMoveGenerator' calling 'generate' (0.00011801719665527344 secs).
[2025-10-30 14:48:34,441] [INFO] ENTER: 'MASPromptGenerator' calling 'persuasiveness_choice'; CURRENT SPEAKER: mistral-medium_mas_rag, DIALOGUE TURN NUM = 4.
[2025-10-30 14:48:34,442] [INFO] EXIT: 'MASPromptGenerator' calling 'persuasiveness_choice' (3.4809112548828125e-05 secs).
[2025-10-30 14:48:35,622] [INFO] Completion returned and validated within 'PersuasivenessChoiceAgent'; MODEL = 'mistral-medium'; DIALOGUE TURN NUM = 4.
[2025-10-30 14:48:35,623] [INFO] ENTER: 'DisambiguationAgent' calling 'return_disambiguated_sentences'; CURRENT SPEAKER: mistral-medium_mas_rag, DIALOGUE TURN NUM = 4.
[2025-10-30 14:48:35,623] [INFO] EXIT: 'DisambiguationAgent' calling 'return_disambiguated_sentences' (2.1457672119140625e-06 secs).
[2025-10-30 14:48:35,623] [ERROR] Wrong state used; State of type HumanState; error message: dict has unexpected extra key(s): "graph_rag_examples", "intermediate_generations", "knowledge_base_ensemble_or_model_name", "model_seed", "model_temp", "model_top_p", "number_of_graph_rag_examples", "number_of_vector_based_rag_examples", "political_position_prob_of_na", "political_position_range", "political_position_std", "speaker_model_name", "speaker_type", "vector_based_persona_string", "vector_based_persona_sys_prompt"
[2025-10-30 14:48:35,623] [INFO] Correct state used; State of type GenerationAgentsState; 'IGNORE THE ABOVE ERRORS'.
[2025-10-30 14:48:35,733] [ERROR] Wrong state used; State of type HumanState; error message: dict has unexpected extra key(s): "graph_rag_examples", "intermediate_generations", "knowledge_base_ensemble_or_model_name", "model_seed", "model_temp", "model_top_p", "number_of_graph_rag_examples", "number_of_vector_based_rag_examples", "political_position_prob_of_na", "political_position_range", "political_position_std", "speaker_model_name", "speaker_type", "vector_based_persona_string", "vector_based_persona_sys_prompt"
[2025-10-30 14:48:35,733] [INFO] Correct state used; State of type GenerationAgentsState; 'IGNORE THE ABOVE ERRORS'.
[2025-10-30 14:48:35,733] [INFO] ENTER: 'UtteranceClassificationAgent' calling '_classify_sentence_utterance_types'; CURRENT SPEAKER: grok-4_mas, DIALOGUE TURN NUM = 5.
[2025-10-30 14:48:36,304] [INFO] 'UtteranceClassificationAgent' completion returned and validated from MODEL = 'ModelName.GROK_4'.
[2025-10-30 14:48:36,305] [INFO] EXIT: 'UtteranceClassificationAgent' calling '_classify_sentence_utterance_types' (0.5703577995300293 secs).
[2025-10-30 14:48:36,305] [INFO] ENTER: 'UtteranceClassificationAgent' calling 'return_classified_sentences'; CURRENT SPEAKER: grok-4_mas, DIALOGUE TURN NUM = 5.
[2025-10-30 14:48:36,305] [INFO] EXIT: 'UtteranceClassificationAgent' calling 'return_classified_sentences' (1.6689300537109375e-06 secs).
[2025-10-30 14:48:36,307] [INFO] ENTER: 'DialogueMoveGenerator' calling 'generate'; CURRENT SPEAKER: grok-4_mas, DIALOGUE TURN NUM = 5.
[2025-10-30 14:48:36,307] [INFO] ENTER: 'DialogueMoveGenerator' calling 'generate'; CURRENT SPEAKER: grok-4_mas, DIALOGUE TURN NUM = 5.
[2025-10-30 14:48:36,307] [INFO] ENTER: 'MASPromptGenerator' calling 'claim_negation'; CURRENT SPEAKER: grok-4_mas, DIALOGUE TURN NUM = 5.
[2025-10-30 14:48:36,308] [INFO] ENTER: 'DialogueMoveGenerator' calling 'generate'; CURRENT SPEAKER: grok-4_mas, DIALOGUE TURN NUM = 5.
[2025-10-30 14:48:36,309] [INFO] ENTER: 'MASPromptGenerator' calling 'question_claim'; CURRENT SPEAKER: grok-4_mas, DIALOGUE TURN NUM = 5.
[2025-10-30 14:48:36,308] [INFO] ENTER: 'MASPromptGenerator' calling 'concede_claim'; CURRENT SPEAKER: grok-4_mas, DIALOGUE TURN NUM = 5.
[2025-10-30 14:48:36,308] [INFO] EXIT: 'MASPromptGenerator' calling 'claim_negation' (2.09808349609375e-05 secs).
[2025-10-30 14:48:36,309] [INFO] EXIT: 'DialogueMoveGenerator' calling 'generate' (0.00203704833984375 secs).
[2025-10-30 14:48:36,309] [INFO] EXIT: 'MASPromptGenerator' calling 'question_claim' (1.811981201171875e-05 secs).
[2025-10-30 14:48:36,309] [INFO] EXIT: 'MASPromptGenerator' calling 'concede_claim' (2.0742416381835938e-05 secs).
[2025-10-30 14:48:36,308] [INFO] ENTER: 'DialogueMoveGenerator' calling 'generate'; CURRENT SPEAKER: grok-4_mas, DIALOGUE TURN NUM = 5.
[2025-10-30 14:48:36,310] [INFO] EXIT: 'DialogueMoveGenerator' calling 'generate' (0.0012536048889160156 secs).
[2025-10-30 14:48:36,310] [INFO] EXIT: 'DialogueMoveGenerator' calling 'generate' (0.0022974014282226562 secs).
[2025-10-30 14:48:36,311] [INFO] ENTER: 'MASPromptGenerator' calling 'why_claim'; CURRENT SPEAKER: grok-4_mas, DIALOGUE TURN NUM = 5.
[2025-10-30 14:48:36,312] [INFO] EXIT: 'MASPromptGenerator' calling 'why_claim' (1.7642974853515625e-05 secs).
[2025-10-30 14:48:36,312] [INFO] EXIT: 'DialogueMoveGenerator' calling 'generate' (0.0012044906616210938 secs).
[2025-10-30 14:48:36,313] [INFO] ENTER: 'MASPromptGenerator' calling 'persuasiveness_choice'; CURRENT SPEAKER: grok-4_mas, DIALOGUE TURN NUM = 5.
[2025-10-30 14:48:36,313] [INFO] EXIT: 'MASPromptGenerator' calling 'persuasiveness_choice' (1.621246337890625e-05 secs).
[2025-10-30 14:48:36,899] [INFO] Completion returned and validated within 'PersuasivenessChoiceAgent'; MODEL = 'grok-4'; DIALOGUE TURN NUM = 5.
[2025-10-30 14:48:36,900] [INFO] ENTER: 'DisambiguationAgent' calling 'return_disambiguated_sentences'; CURRENT SPEAKER: grok-4_mas, DIALOGUE TURN NUM = 5.
[2025-10-30 14:48:36,900] [INFO] EXIT: 'DisambiguationAgent' calling 'return_disambiguated_sentences' (2.1457672119140625e-06 secs).
[2025-10-30 14:48:36,900] [ERROR] Wrong state used; State of type HumanState; error message: dict has unexpected extra key(s): "graph_rag_examples", "intermediate_generations", "knowledge_base_ensemble_or_model_name", "model_seed", "model_temp", "model_top_p", "number_of_graph_rag_examples", "number_of_vector_based_rag_examples", "political_position_prob_of_na", "political_position_range", "political_position_std", "speaker_model_name", "speaker_type", "vector_based_persona_string", "vector_based_persona_sys_prompt"
[2025-10-30 14:48:36,900] [INFO] Correct state used; State of type GenerationAgentsState; 'IGNORE THE ABOVE ERRORS'.
[2025-10-30 14:48:36,998] [ERROR] Wrong state used; State of type HumanState; error message: dict has unexpected extra key(s): "graph_rag_examples", "intermediate_generations", "knowledge_base_ensemble_or_model_name", "model_seed", "model_temp", "model_top_p", "number_of_graph_rag_examples", "number_of_vector_based_rag_examples", "political_position_prob_of_na", "political_position_range", "political_position_std", "speaker_model_name", "speaker_type", "vector_based_persona_string", "vector_based_persona_sys_prompt"
[2025-10-30 14:48:36,999] [INFO] Correct state used; State of type GenerationAgentsState; 'IGNORE THE ABOVE ERRORS'.
[2025-10-30 14:48:36,999] [INFO] ENTER: 'UtteranceClassificationAgent' calling '_classify_sentence_utterance_types'; CURRENT SPEAKER: mistral-medium_mas_rag, DIALOGUE TURN NUM = 6.
[2025-10-30 14:48:37,564] [INFO] 'UtteranceClassificationAgent' completion returned and validated from MODEL = 'ModelName.MISTRAL_MEDIUM'.
[2025-10-30 14:48:37,564] [INFO] EXIT: 'UtteranceClassificationAgent' calling '_classify_sentence_utterance_types' (0.5652375221252441 secs).
[2025-10-30 14:48:37,564] [INFO] ENTER: 'UtteranceClassificationAgent' calling 'return_classified_sentences'; CURRENT SPEAKER: mistral-medium_mas_rag, DIALOGUE TURN NUM = 6.
[2025-10-30 14:48:37,564] [INFO] EXIT: 'UtteranceClassificationAgent' calling 'return_classified_sentences' (1.430511474609375e-06 secs).
[2025-10-30 14:48:37,580] [INFO] ENTER: 'GraphRAG' calling 'why'; CURRENT SPEAKER: mistral-medium_mas_rag, DIALOGUE TURN NUM = 6.
[2025-10-30 14:48:37,580] [INFO] ENTER: 'GraphRAG' calling 'query_graph'; CURRENT SPEAKER: mistral-medium_mas_rag, DIALOGUE TURN NUM = 6.
[2025-10-30 14:48:38,278] [INFO] EXIT: 'GraphRAG' calling 'query_graph' (0.697629451751709 secs).
[2025-10-30 14:48:38,278] [INFO] EXIT: 'GraphRAG' calling 'why' (0.6980245113372803 secs).
[2025-10-30 14:48:38,278] [INFO] ENTER: 'GraphRAG' calling 'claim_negation'; CURRENT SPEAKER: mistral-medium_mas_rag, DIALOGUE TURN NUM = 6.
[2025-10-30 14:48:38,278] [INFO] ENTER: 'GraphRAG' calling 'query_graph'; CURRENT SPEAKER: mistral-medium_mas_rag, DIALOGUE TURN NUM = 6.
[2025-10-30 14:48:38,951] [INFO] EXIT: 'GraphRAG' calling 'query_graph' (0.6732780933380127 secs).
[2025-10-30 14:48:38,952] [INFO] EXIT: 'GraphRAG' calling 'claim_negation' (0.6737017631530762 secs).
[2025-10-30 14:48:38,952] [INFO] ENTER: 'GraphRAG' calling 'concede'; CURRENT SPEAKER: mistral-medium_mas_rag, DIALOGUE TURN NUM = 6.
[2025-10-30 14:48:38,952] [INFO] ENTER: 'GraphRAG' calling 'query_graph'; CURRENT SPEAKER: mistral-medium_mas_rag, DIALOGUE TURN NUM = 6.
[2025-10-30 14:48:39,653] [INFO] EXIT: 'GraphRAG' calling 'query_graph' (0.701228141784668 secs).
[2025-10-30 14:48:39,653] [INFO] EXIT: 'GraphRAG' calling 'concede' (0.7015984058380127 secs).
[2025-10-30 14:48:39,653] [INFO] ENTER: 'GraphRAG' calling 'question'; CURRENT SPEAKER: mistral-medium_mas_rag, DIALOGUE TURN NUM = 6.
[2025-10-30 14:48:39,654] [INFO] ENTER: 'GraphRAG' calling 'query_graph'; CURRENT SPEAKER: mistral-medium_mas_rag, DIALOGUE TURN NUM = 6.
[2025-10-30 14:48:39,767] [INFO] EXIT: 'GraphRAG' calling 'query_graph' (0.11364960670471191 secs).
[2025-10-30 14:48:39,767] [INFO] EXIT: 'GraphRAG' calling 'question' (0.11411333084106445 secs).
[2025-10-30 14:48:39,767] [INFO] ENTER: 'GraphRAG' calling 'return_rag_examples'; CURRENT SPEAKER: mistral-medium_mas_rag, DIALOGUE TURN NUM = 6.
[2025-10-30 14:48:39,767] [INFO] EXIT: 'GraphRAG' calling 'return_rag_examples' (2.384185791015625e-06 secs).
[2025-10-30 14:48:39,770] [INFO] ENTER: 'DialogueMoveGenerator' calling 'generate'; CURRENT SPEAKER: mistral-medium_mas_rag, DIALOGUE TURN NUM = 6.
[2025-10-30 14:48:39,770] [INFO] ENTER: 'DialogueMoveGenerator' calling 'generate'; CURRENT SPEAKER: mistral-medium_mas_rag, DIALOGUE TURN NUM = 6.
[2025-10-30 14:48:39,771] [INFO] ENTER: 'MASPromptGenerator' calling 'claim_negation'; CURRENT SPEAKER: mistral-medium_mas_rag, DIALOGUE TURN NUM = 6.
[2025-10-30 14:48:39,771] [INFO] ENTER: 'MASPromptGenerator' calling 'concede_claim'; CURRENT SPEAKER: mistral-medium_mas_rag, DIALOGUE TURN NUM = 6.
[2025-10-30 14:48:39,771] [INFO] ENTER: 'DialogueMoveGenerator' calling 'generate'; CURRENT SPEAKER: mistral-medium_mas_rag, DIALOGUE TURN NUM = 6.
[2025-10-30 14:48:39,771] [INFO] ENTER: 'DialogueMoveGenerator' calling 'generate'; CURRENT SPEAKER: mistral-medium_mas_rag, DIALOGUE TURN NUM = 6.
[2025-10-30 14:48:39,772] [INFO] EXIT: 'MASPromptGenerator' calling 'claim_negation' (3.0279159545898438e-05 secs).
[2025-10-30 14:48:39,772] [INFO] EXIT: 'MASPromptGenerator' calling 'concede_claim' (2.0742416381835938e-05 secs).
[2025-10-30 14:48:39,772] [INFO] ENTER: 'MASPromptGenerator' calling 'question_claim'; CURRENT SPEAKER: mistral-medium_mas_rag, DIALOGUE TURN NUM = 6.
[2025-10-30 14:48:39,772] [INFO] ENTER: 'MASPromptGenerator' calling 'why_claim'; CURRENT SPEAKER: mistral-medium_mas_rag, DIALOGUE TURN NUM = 6.
[2025-10-30 14:48:39,772] [INFO] EXIT: 'DialogueMoveGenerator' calling 'generate' (0.0018391609191894531 secs).
[2025-10-30 14:48:39,773] [INFO] EXIT: 'DialogueMoveGenerator' calling 'generate' (0.0018105506896972656 secs).
[2025-10-30 14:48:39,773] [INFO] EXIT: 'MASPromptGenerator' calling 'question_claim' (2.2649765014648438e-05 secs).
[2025-10-30 14:48:39,773] [INFO] EXIT: 'MASPromptGenerator' calling 'why_claim' (1.5974044799804688e-05 secs).
[2025-10-30 14:48:39,774] [INFO] EXIT: 'DialogueMoveGenerator' calling 'generate' (0.0019371509552001953 secs).
[2025-10-30 14:48:39,775] [INFO] EXIT: 'DialogueMoveGenerator' calling 'generate' (0.0023238658905029297 secs).
[2025-10-30 14:48:39,776] [INFO] ENTER: 'MASPromptGenerator' calling 'persuasiveness_choice'; CURRENT SPEAKER: mistral-medium_mas_rag, DIALOGUE TURN NUM = 6.
[2025-10-30 14:48:39,776] [INFO] EXIT: 'MASPromptGenerator' calling 'persuasiveness_choice' (1.71661376953125e-05 secs).
[2025-10-30 14:48:40,388] [INFO] Completion returned and validated within 'PersuasivenessChoiceAgent'; MODEL = 'mistral-medium'; DIALOGUE TURN NUM = 6.
[2025-10-30 14:48:40,388] [INFO] ENTER: 'DisambiguationAgent' calling 'return_disambiguated_sentences'; CURRENT SPEAKER: mistral-medium_mas_rag, DIALOGUE TURN NUM = 6.
[2025-10-30 14:48:40,388] [INFO] EXIT: 'DisambiguationAgent' calling 'return_disambiguated_sentences' (1.9073486328125e-06 secs).
[2025-10-30 14:48:40,389] [ERROR] Wrong state used; State of type HumanState; error message: dict has unexpected extra key(s): "graph_rag_examples", "intermediate_generations", "knowledge_base_ensemble_or_model_name", "model_seed", "model_temp", "model_top_p", "number_of_graph_rag_examples", "number_of_vector_based_rag_examples", "political_position_prob_of_na", "political_position_range", "political_position_std", "speaker_model_name", "speaker_type", "vector_based_persona_string", "vector_based_persona_sys_prompt"
[2025-10-30 14:48:40,389] [INFO] Correct state used; State of type GenerationAgentsState; 'IGNORE THE ABOVE ERRORS'.
[2025-10-30 14:48:40,502] [ERROR] Wrong state used; State of type HumanState; error message: dict has unexpected extra key(s): "graph_rag_examples", "intermediate_generations", "knowledge_base_ensemble_or_model_name", "model_seed", "model_temp", "model_top_p", "number_of_graph_rag_examples", "number_of_vector_based_rag_examples", "political_position_prob_of_na", "political_position_range", "political_position_std", "speaker_model_name", "speaker_type", "vector_based_persona_string", "vector_based_persona_sys_prompt"
[2025-10-30 14:48:40,502] [INFO] Correct state used; State of type GenerationAgentsState; 'IGNORE THE ABOVE ERRORS'.
[2025-10-30 14:48:40,502] [INFO] ENTER: 'UtteranceClassificationAgent' calling '_classify_sentence_utterance_types'; CURRENT SPEAKER: grok-4_mas, DIALOGUE TURN NUM = 7.
[2025-10-30 14:48:41,065] [INFO] 'UtteranceClassificationAgent' completion returned and validated from MODEL = 'ModelName.GROK_4'.
[2025-10-30 14:48:41,065] [INFO] EXIT: 'UtteranceClassificationAgent' calling '_classify_sentence_utterance_types' (0.5624771118164062 secs).
[2025-10-30 14:48:41,065] [INFO] ENTER: 'UtteranceClassificationAgent' calling 'return_classified_sentences'; CURRENT SPEAKER: grok-4_mas, DIALOGUE TURN NUM = 7.
[2025-10-30 14:48:41,065] [INFO] EXIT: 'UtteranceClassificationAgent' calling 'return_classified_sentences' (1.430511474609375e-06 secs).
[2025-10-30 14:48:41,067] [INFO] ENTER: 'DialogueMoveGenerator' calling 'generate'; CURRENT SPEAKER: grok-4_mas, DIALOGUE TURN NUM = 7.
[2025-10-30 14:48:41,067] [INFO] ENTER: 'MASPromptGenerator' calling 'claim_negation'; CURRENT SPEAKER: grok-4_mas, DIALOGUE TURN NUM = 7.
[2025-10-30 14:48:41,067] [INFO] EXIT: 'MASPromptGenerator' calling 'claim_negation' (2.0503997802734375e-05 secs).
[2025-10-30 14:48:41,067] [INFO] EXIT: 'DialogueMoveGenerator' calling 'generate' (0.00012350082397460938 secs).
[2025-10-30 14:48:41,067] [INFO] ENTER: 'DialogueMoveGenerator' calling 'generate'; CURRENT SPEAKER: grok-4_mas, DIALOGUE TURN NUM = 7.
[2025-10-30 14:48:41,068] [INFO] ENTER: 'MASPromptGenerator' calling 'concede_claim'; CURRENT SPEAKER: grok-4_mas, DIALOGUE TURN NUM = 7.
[2025-10-30 14:48:41,068] [INFO] EXIT: 'MASPromptGenerator' calling 'concede_claim' (1.8596649169921875e-05 secs).
[2025-10-30 14:48:41,068] [INFO] EXIT: 'DialogueMoveGenerator' calling 'generate' (0.00011920928955078125 secs).
[2025-10-30 14:48:41,070] [INFO] ENTER: 'DialogueMoveGenerator' calling 'generate'; CURRENT SPEAKER: grok-4_mas, DIALOGUE TURN NUM = 7.
[2025-10-30 14:48:41,070] [INFO] ENTER: 'MASPromptGenerator' calling 'question_claim'; CURRENT SPEAKER: grok-4_mas, DIALOGUE TURN NUM = 7.
[2025-10-30 14:48:41,070] [INFO] EXIT: 'MASPromptGenerator' calling 'question_claim' (1.621246337890625e-05 secs).
[2025-10-30 14:48:41,070] [INFO] EXIT: 'DialogueMoveGenerator' calling 'generate' (0.00012826919555664062 secs).
[2025-10-30 14:48:41,071] [INFO] ENTER: 'DialogueMoveGenerator' calling 'generate'; CURRENT SPEAKER: grok-4_mas, DIALOGUE TURN NUM = 7.
[2025-10-30 14:48:41,071] [INFO] ENTER: 'MASPromptGenerator' calling 'why_claim'; CURRENT SPEAKER: grok-4_mas, DIALOGUE TURN NUM = 7.
[2025-10-30 14:48:41,071] [INFO] EXIT: 'MASPromptGenerator' calling 'why_claim' (2.0503997802734375e-05 secs).
[2025-10-30 14:48:41,071] [INFO] EXIT: 'DialogueMoveGenerator' calling 'generate' (0.00012230873107910156 secs).
[2025-10-30 14:48:41,072] [INFO] ENTER: 'MASPromptGenerator' calling 'persuasiveness_choice'; CURRENT SPEAKER: grok-4_mas, DIALOGUE TURN NUM = 7.
[2025-10-30 14:48:41,072] [INFO] EXIT: 'MASPromptGenerator' calling 'persuasiveness_choice' (1.5020370483398438e-05 secs).
[2025-10-30 14:48:41,630] [INFO] Completion returned and validated within 'PersuasivenessChoiceAgent'; MODEL = 'grok-4'; DIALOGUE TURN NUM = 7.
[2025-10-30 14:48:41,631] [INFO] ENTER: 'DisambiguationAgent' calling 'return_disambiguated_sentences'; CURRENT SPEAKER: grok-4_mas, DIALOGUE TURN NUM = 7.
[2025-10-30 14:48:41,631] [INFO] EXIT: 'DisambiguationAgent' calling 'return_disambiguated_sentences' (1.6689300537109375e-06 secs).
[2025-10-30 14:48:41,631] [ERROR] Wrong state used; State of type HumanState; error message: dict has unexpected extra key(s): "graph_rag_examples", "intermediate_generations", "knowledge_base_ensemble_or_model_name", "model_seed", "model_temp", "model_top_p", "number_of_graph_rag_examples", "number_of_vector_based_rag_examples", "political_position_prob_of_na", "political_position_range", "political_position_std", "speaker_model_name", "speaker_type", "vector_based_persona_string", "vector_based_persona_sys_prompt"
[2025-10-30 14:48:41,632] [INFO] Correct state used; State of type GenerationAgentsState; 'IGNORE THE ABOVE ERRORS'.
[2025-10-30 14:48:41,719] [ERROR] Wrong state used; State of type HumanState; error message: dict has unexpected extra key(s): "graph_rag_examples", "intermediate_generations", "knowledge_base_ensemble_or_model_name", "model_seed", "model_temp", "model_top_p", "number_of_graph_rag_examples", "number_of_vector_based_rag_examples", "political_position_prob_of_na", "political_position_range", "political_position_std", "speaker_model_name", "speaker_type", "vector_based_persona_string", "vector_based_persona_sys_prompt"
[2025-10-30 14:48:41,720] [INFO] Correct state used; State of type GenerationAgentsState; 'IGNORE THE ABOVE ERRORS'.
[2025-10-30 14:48:41,720] [INFO] ENTER: 'UtteranceClassificationAgent' calling '_classify_sentence_utterance_types'; CURRENT SPEAKER: mistral-medium_mas_rag, DIALOGUE TURN NUM = 8.
[2025-10-30 14:48:42,190] [INFO] 'UtteranceClassificationAgent' completion returned and validated from MODEL = 'ModelName.MISTRAL_MEDIUM'.
[2025-10-30 14:48:42,190] [INFO] EXIT: 'UtteranceClassificationAgent' calling '_classify_sentence_utterance_types' (0.4698491096496582 secs).
[2025-10-30 14:48:42,190] [INFO] ENTER: 'UtteranceClassificationAgent' calling 'return_classified_sentences'; CURRENT SPEAKER: mistral-medium_mas_rag, DIALOGUE TURN NUM = 8.
[2025-10-30 14:48:42,190] [INFO] EXIT: 'UtteranceClassificationAgent' calling 'return_classified_sentences' (1.430511474609375e-06 secs).
[2025-10-30 14:48:42,206] [INFO] ENTER: 'GraphRAG' calling 'why'; CURRENT SPEAKER: mistral-medium_mas_rag, DIALOGUE TURN NUM = 8.
[2025-10-30 14:48:42,206] [INFO] ENTER: 'GraphRAG' calling 'query_graph'; CURRENT SPEAKER: mistral-medium_mas_rag, DIALOGUE TURN NUM = 8.
[2025-10-30 14:48:42,907] [INFO] EXIT: 'GraphRAG' calling 'query_graph' (0.7011392116546631 secs).
[2025-10-30 14:48:42,907] [INFO] EXIT: 'GraphRAG' calling 'why' (0.7015292644500732 secs).
[2025-10-30 14:48:42,907] [INFO] ENTER: 'GraphRAG' calling 'claim_negation'; CURRENT SPEAKER: mistral-medium_mas_rag, DIALOGUE TURN NUM = 8.
[2025-10-30 14:48:42,908] [INFO] ENTER: 'GraphRAG' calling 'query_graph'; CURRENT SPEAKER: mistral-medium_mas_rag, DIALOGUE TURN NUM = 8.
[2025-10-30 14:48:43,582] [INFO] EXIT: 'GraphRAG' calling 'query_graph' (0.6746442317962646 secs).
[2025-10-30 14:48:43,583] [INFO] EXIT: 'GraphRAG' calling 'claim_negation' (0.6756348609924316 secs).
[2025-10-30 14:48:43,583] [INFO] ENTER: 'GraphRAG' calling 'concede'; CURRENT SPEAKER: mistral-medium_mas_rag, DIALOGUE TURN NUM = 8.
[2025-10-30 14:48:43,583] [INFO] ENTER: 'GraphRAG' calling 'query_graph'; CURRENT SPEAKER: mistral-medium_mas_rag, DIALOGUE TURN NUM = 8.
[2025-10-30 14:48:44,287] [INFO] EXIT: 'GraphRAG' calling 'query_graph' (0.703376054763794 secs).
[2025-10-30 14:48:44,287] [INFO] EXIT: 'GraphRAG' calling 'concede' (0.7037415504455566 secs).
[2025-10-30 14:48:44,287] [INFO] ENTER: 'GraphRAG' calling 'question'; CURRENT SPEAKER: mistral-medium_mas_rag, DIALOGUE TURN NUM = 8.
[2025-10-30 14:48:44,287] [INFO] ENTER: 'GraphRAG' calling 'query_graph'; CURRENT SPEAKER: mistral-medium_mas_rag, DIALOGUE TURN NUM = 8.
[2025-10-30 14:48:44,402] [INFO] EXIT: 'GraphRAG' calling 'query_graph' (0.11510825157165527 secs).
[2025-10-30 14:48:44,402] [INFO] EXIT: 'GraphRAG' calling 'question' (0.11547327041625977 secs).
[2025-10-30 14:48:44,402] [INFO] ENTER: 'GraphRAG' calling 'return_rag_examples'; CURRENT SPEAKER: mistral-medium_mas_rag, DIALOGUE TURN NUM = 8.
[2025-10-30 14:48:44,402] [INFO] EXIT: 'GraphRAG' calling 'return_rag_examples' (2.384185791015625e-06 secs).
[2025-10-30 14:48:44,405] [INFO] ENTER: 'DialogueMoveGenerator' calling 'generate'; CURRENT SPEAKER: mistral-medium_mas_rag, DIALOGUE TURN NUM = 8.
[2025-10-30 14:48:44,405] [INFO] ENTER: 'MASPromptGenerator' calling 'claim_negation'; CURRENT SPEAKER: mistral-medium_mas_rag, DIALOGUE TURN NUM = 8.
[2025-10-30 14:48:44,405] [INFO] EXIT: 'MASPromptGenerator' calling 'claim_negation' (4.7206878662109375e-05 secs).
[2025-10-30 14:48:44,405] [INFO] EXIT: 'DialogueMoveGenerator' calling 'generate' (0.00017905235290527344 secs).
[2025-10-30 14:48:44,405] [INFO] ENTER: 'DialogueMoveGenerator' calling 'generate'; CURRENT SPEAKER: mistral-medium_mas_rag, DIALOGUE TURN NUM = 8.
[2025-10-30 14:48:44,406] [INFO] ENTER: 'MASPromptGenerator' calling 'concede_claim'; CURRENT SPEAKER: mistral-medium_mas_rag, DIALOGUE TURN NUM = 8.
[2025-10-30 14:48:44,406] [INFO] EXIT: 'MASPromptGenerator' calling 'concede_claim' (2.8133392333984375e-05 secs).
[2025-10-30 14:48:44,406] [INFO] EXIT: 'DialogueMoveGenerator' calling 'generate' (0.0001354217529296875 secs).
[2025-10-30 14:48:44,407] [INFO] ENTER: 'DialogueMoveGenerator' calling 'generate'; CURRENT SPEAKER: mistral-medium_mas_rag, DIALOGUE TURN NUM = 8.
[2025-10-30 14:48:44,407] [INFO] ENTER: 'MASPromptGenerator' calling 'question_claim'; CURRENT SPEAKER: mistral-medium_mas_rag, DIALOGUE TURN NUM = 8.
[2025-10-30 14:48:44,408] [INFO] EXIT: 'MASPromptGenerator' calling 'question_claim' (2.193450927734375e-05 secs).
[2025-10-30 14:48:44,408] [INFO] EXIT: 'DialogueMoveGenerator' calling 'generate' (0.0001285076141357422 secs).
[2025-10-30 14:48:44,409] [INFO] ENTER: 'DialogueMoveGenerator' calling 'generate'; CURRENT SPEAKER: mistral-medium_mas_rag, DIALOGUE TURN NUM = 8.
[2025-10-30 14:48:44,409] [INFO] ENTER: 'MASPromptGenerator' calling 'why_claim'; CURRENT SPEAKER: mistral-medium_mas_rag, DIALOGUE TURN NUM = 8.
[2025-10-30 14:48:44,409] [INFO] EXIT: 'MASPromptGenerator' calling 'why_claim' (1.8835067749023438e-05 secs).
[2025-10-30 14:48:44,409] [INFO] EXIT: 'DialogueMoveGenerator' calling 'generate' (0.00010323524475097656 secs).
[2025-10-30 14:48:44,411] [INFO] ENTER: 'MASPromptGenerator' calling 'persuasiveness_choice'; CURRENT SPEAKER: mistral-medium_mas_rag, DIALOGUE TURN NUM = 8.
[2025-10-30 14:48:44,411] [INFO] EXIT: 'MASPromptGenerator' calling 'persuasiveness_choice' (1.9550323486328125e-05 secs).
[2025-10-30 14:48:44,966] [INFO] Completion returned and validated within 'PersuasivenessChoiceAgent'; MODEL = 'mistral-medium'; DIALOGUE TURN NUM = 8.
[2025-10-30 14:48:44,966] [INFO] ENTER: 'DisambiguationAgent' calling 'return_disambiguated_sentences'; CURRENT SPEAKER: mistral-medium_mas_rag, DIALOGUE TURN NUM = 8.
[2025-10-30 14:48:44,966] [INFO] EXIT: 'DisambiguationAgent' calling 'return_disambiguated_sentences' (2.1457672119140625e-06 secs).
[2025-10-30 14:48:44,967] [ERROR] Wrong state used; State of type HumanState; error message: dict has unexpected extra key(s): "graph_rag_examples", "intermediate_generations", "knowledge_base_ensemble_or_model_name", "model_seed", "model_temp", "model_top_p", "number_of_graph_rag_examples", "number_of_vector_based_rag_examples", "political_position_prob_of_na", "political_position_range", "political_position_std", "speaker_model_name", "speaker_type", "vector_based_persona_string", "vector_based_persona_sys_prompt"
[2025-10-30 14:48:44,967] [INFO] Correct state used; State of type GenerationAgentsState; 'IGNORE THE ABOVE ERRORS'.
[2025-10-30 14:48:45,076] [ERROR] Wrong state used; State of type HumanState; error message: dict has unexpected extra key(s): "graph_rag_examples", "intermediate_generations", "knowledge_base_ensemble_or_model_name", "model_seed", "model_temp", "model_top_p", "number_of_graph_rag_examples", "number_of_vector_based_rag_examples", "political_position_prob_of_na", "political_position_range", "political_position_std", "speaker_model_name", "speaker_type", "vector_based_persona_string", "vector_based_persona_sys_prompt"
[2025-10-30 14:48:45,076] [INFO] Correct state used; State of type GenerationAgentsState; 'IGNORE THE ABOVE ERRORS'.
[2025-10-30 14:48:45,076] [INFO] ENTER: 'UtteranceClassificationAgent' calling '_classify_sentence_utterance_types'; CURRENT SPEAKER: grok-4_mas, DIALOGUE TURN NUM = 9.
[2025-10-30 14:48:45,628] [INFO] 'UtteranceClassificationAgent' completion returned and validated from MODEL = 'ModelName.GROK_4'.
[2025-10-30 14:48:45,628] [INFO] EXIT: 'UtteranceClassificationAgent' calling '_classify_sentence_utterance_types' (0.55190110206604 secs).
[2025-10-30 14:48:45,628] [INFO] ENTER: 'UtteranceClassificationAgent' calling 'return_classified_sentences'; CURRENT SPEAKER: grok-4_mas, DIALOGUE TURN NUM = 9.
[2025-10-30 14:48:45,628] [INFO] EXIT: 'UtteranceClassificationAgent' calling 'return_classified_sentences' (1.6689300537109375e-06 secs).
[2025-10-30 14:48:45,630] [INFO] ENTER: 'DialogueMoveGenerator' calling 'generate'; CURRENT SPEAKER: grok-4_mas, DIALOGUE TURN NUM = 9.
[2025-10-30 14:48:45,630] [INFO] ENTER: 'MASPromptGenerator' calling 'claim_negation'; CURRENT SPEAKER: grok-4_mas, DIALOGUE TURN NUM = 9.
[2025-10-30 14:48:45,630] [INFO] EXIT: 'MASPromptGenerator' calling 'claim_negation' (1.8835067749023438e-05 secs).
[2025-10-30 14:48:45,630] [INFO] EXIT: 'DialogueMoveGenerator' calling 'generate' (0.00011038780212402344 secs).
[2025-10-30 14:48:45,631] [INFO] ENTER: 'DialogueMoveGenerator' calling 'generate'; CURRENT SPEAKER: grok-4_mas, DIALOGUE TURN NUM = 9.
[2025-10-30 14:48:45,631] [INFO] ENTER: 'MASPromptGenerator' calling 'concede_claim'; CURRENT SPEAKER: grok-4_mas, DIALOGUE TURN NUM = 9.
[2025-10-30 14:48:45,631] [INFO] EXIT: 'MASPromptGenerator' calling 'concede_claim' (1.6450881958007812e-05 secs).
[2025-10-30 14:48:45,631] [INFO] EXIT: 'DialogueMoveGenerator' calling 'generate' (0.00010466575622558594 secs).
[2025-10-30 14:48:45,631] [INFO] ENTER: 'DialogueMoveGenerator' calling 'generate'; CURRENT SPEAKER: grok-4_mas, DIALOGUE TURN NUM = 9.
[2025-10-30 14:48:45,631] [INFO] ENTER: 'MASPromptGenerator' calling 'question_claim'; CURRENT SPEAKER: grok-4_mas, DIALOGUE TURN NUM = 9.
[2025-10-30 14:48:45,632] [INFO] EXIT: 'MASPromptGenerator' calling 'question_claim' (1.9550323486328125e-05 secs).
[2025-10-30 14:48:45,632] [INFO] EXIT: 'DialogueMoveGenerator' calling 'generate' (0.0001227855682373047 secs).
[2025-10-30 14:48:45,633] [INFO] ENTER: 'DialogueMoveGenerator' calling 'generate'; CURRENT SPEAKER: grok-4_mas, DIALOGUE TURN NUM = 9.
[2025-10-30 14:48:45,633] [INFO] ENTER: 'MASPromptGenerator' calling 'why_claim'; CURRENT SPEAKER: grok-4_mas, DIALOGUE TURN NUM = 9.
[2025-10-30 14:48:45,633] [INFO] EXIT: 'MASPromptGenerator' calling 'why_claim' (1.5974044799804688e-05 secs).
[2025-10-30 14:48:45,633] [INFO] EXIT: 'DialogueMoveGenerator' calling 'generate' (9.822845458984375e-05 secs).
[2025-10-30 14:48:45,635] [INFO] ENTER: 'MASPromptGenerator' calling 'persuasiveness_choice'; CURRENT SPEAKER: grok-4_mas, DIALOGUE TURN NUM = 9.
[2025-10-30 14:48:45,636] [INFO] EXIT: 'MASPromptGenerator' calling 'persuasiveness_choice' (2.0265579223632812e-05 secs).
[2025-10-30 14:48:46,210] [INFO] Completion returned and validated within 'PersuasivenessChoiceAgent'; MODEL = 'grok-4'; DIALOGUE TURN NUM = 9.
[2025-10-30 14:48:46,211] [INFO] ENTER: 'DisambiguationAgent' calling 'return_disambiguated_sentences'; CURRENT SPEAKER: grok-4_mas, DIALOGUE TURN NUM = 9.
[2025-10-30 14:48:46,211] [INFO] EXIT: 'DisambiguationAgent' calling 'return_disambiguated_sentences' (1.9073486328125e-06 secs).
[2025-10-30 14:48:46,211] [ERROR] Wrong state used; State of type HumanState; error message: dict has unexpected extra key(s): "graph_rag_examples", "intermediate_generations", "knowledge_base_ensemble_or_model_name", "model_seed", "model_temp", "model_top_p", "number_of_graph_rag_examples", "number_of_vector_based_rag_examples", "political_position_prob_of_na", "political_position_range", "political_position_std", "speaker_model_name", "speaker_type", "vector_based_persona_string", "vector_based_persona_sys_prompt"
[2025-10-30 14:48:46,211] [INFO] Correct state used; State of type GenerationAgentsState; 'IGNORE THE ABOVE ERRORS'.
[2025-10-30 14:48:46,300] [ERROR] Wrong state used; State of type HumanState; error message: dict has unexpected extra key(s): "graph_rag_examples", "intermediate_generations", "knowledge_base_ensemble_or_model_name", "model_seed", "model_temp", "model_top_p", "number_of_graph_rag_examples", "number_of_vector_based_rag_examples", "political_position_prob_of_na", "political_position_range", "political_position_std", "speaker_model_name", "speaker_type", "vector_based_persona_string", "vector_based_persona_sys_prompt"
[2025-10-30 14:48:46,300] [INFO] Correct state used; State of type GenerationAgentsState; 'IGNORE THE ABOVE ERRORS'.
[2025-10-30 14:48:46,300] [INFO] ENTER: 'UtteranceClassificationAgent' calling '_classify_sentence_utterance_types'; CURRENT SPEAKER: mistral-medium_mas_rag, DIALOGUE TURN NUM = 10.
[2025-10-30 14:48:47,142] [INFO] 'UtteranceClassificationAgent' completion returned and validated from MODEL = 'ModelName.MISTRAL_MEDIUM'.
[2025-10-30 14:48:47,142] [INFO] EXIT: 'UtteranceClassificationAgent' calling '_classify_sentence_utterance_types' (0.8418023586273193 secs).
[2025-10-30 14:48:47,142] [INFO] ENTER: 'UtteranceClassificationAgent' calling 'return_classified_sentences'; CURRENT SPEAKER: mistral-medium_mas_rag, DIALOGUE TURN NUM = 10.
[2025-10-30 14:48:47,142] [INFO] EXIT: 'UtteranceClassificationAgent' calling 'return_classified_sentences' (1.9073486328125e-06 secs).
[2025-10-30 14:48:47,156] [INFO] ENTER: 'GraphRAG' calling 'why'; CURRENT SPEAKER: mistral-medium_mas_rag, DIALOGUE TURN NUM = 10.
[2025-10-30 14:48:47,157] [INFO] ENTER: 'GraphRAG' calling 'query_graph'; CURRENT SPEAKER: mistral-medium_mas_rag, DIALOGUE TURN NUM = 10.
[2025-10-30 14:48:47,854] [INFO] EXIT: 'GraphRAG' calling 'query_graph' (0.6971986293792725 secs).
[2025-10-30 14:48:47,854] [INFO] EXIT: 'GraphRAG' calling 'why' (0.6975483894348145 secs).
[2025-10-30 14:48:47,854] [INFO] ENTER: 'GraphRAG' calling 'claim_negation'; CURRENT SPEAKER: mistral-medium_mas_rag, DIALOGUE TURN NUM = 10.
[2025-10-30 14:48:47,854] [INFO] ENTER: 'GraphRAG' calling 'query_graph'; CURRENT SPEAKER: mistral-medium_mas_rag, DIALOGUE TURN NUM = 10.
[2025-10-30 14:48:48,527] [INFO] EXIT: 'GraphRAG' calling 'query_graph' (0.6720938682556152 secs).
[2025-10-30 14:48:48,527] [INFO] EXIT: 'GraphRAG' calling 'claim_negation' (0.6724722385406494 secs).
[2025-10-30 14:48:48,527] [INFO] ENTER: 'GraphRAG' calling 'concede'; CURRENT SPEAKER: mistral-medium_mas_rag, DIALOGUE TURN NUM = 10.
[2025-10-30 14:48:48,527] [INFO] ENTER: 'GraphRAG' calling 'query_graph'; CURRENT SPEAKER: mistral-medium_mas_rag, DIALOGUE TURN NUM = 10.
[2025-10-30 14:48:49,226] [INFO] EXIT: 'GraphRAG' calling 'query_graph' (0.6990361213684082 secs).
[2025-10-30 14:48:49,226] [INFO] EXIT: 'GraphRAG' calling 'concede' (0.6998012065887451 secs).
[2025-10-30 14:48:49,226] [INFO] ENTER: 'GraphRAG' calling 'question'; CURRENT SPEAKER: mistral-medium_mas_rag, DIALOGUE TURN NUM = 10.
[2025-10-30 14:48:49,227] [INFO] ENTER: 'GraphRAG' calling 'query_graph'; CURRENT SPEAKER: mistral-medium_mas_rag, DIALOGUE TURN NUM = 10.
[2025-10-30 14:48:49,340] [INFO] EXIT: 'GraphRAG' calling 'query_graph' (0.11337471008300781 secs).
[2025-10-30 14:48:49,340] [INFO] EXIT: 'GraphRAG' calling 'question' (0.11370968818664551 secs).
[2025-10-30 14:48:49,340] [INFO] ENTER: 'GraphRAG' calling 'return_rag_examples'; CURRENT SPEAKER: mistral-medium_mas_rag, DIALOGUE TURN NUM = 10.
[2025-10-30 14:48:49,340] [INFO] EXIT: 'GraphRAG' calling 'return_rag_examples' (1.9073486328125e-06 secs).
[2025-10-30 14:48:49,343] [INFO] ENTER: 'DialogueMoveGenerator' calling 'generate'; CURRENT SPEAKER: mistral-medium_mas_rag, DIALOGUE TURN NUM = 10.
[2025-10-30 14:48:49,343] [INFO] ENTER: 'MASPromptGenerator' calling 'claim_negation'; CURRENT SPEAKER: mistral-medium_mas_rag, DIALOGUE TURN NUM = 10.
[2025-10-30 14:48:49,343] [INFO] EXIT: 'MASPromptGenerator' calling 'claim_negation' (2.9802322387695312e-05 secs).
[2025-10-30 14:48:49,343] [INFO] EXIT: 'DialogueMoveGenerator' calling 'generate' (0.00014162063598632812 secs).
[2025-10-30 14:48:49,343] [INFO] ENTER: 'DialogueMoveGenerator' calling 'generate'; CURRENT SPEAKER: mistral-medium_mas_rag, DIALOGUE TURN NUM = 10.
[2025-10-30 14:48:49,343] [INFO] ENTER: 'MASPromptGenerator' calling 'concede_claim'; CURRENT SPEAKER: mistral-medium_mas_rag, DIALOGUE TURN NUM = 10.
[2025-10-30 14:48:49,343] [INFO] EXIT: 'MASPromptGenerator' calling 'concede_claim' (1.9788742065429688e-05 secs).
[2025-10-30 14:48:49,343] [INFO] EXIT: 'DialogueMoveGenerator' calling 'generate' (0.00010514259338378906 secs).
[2025-10-30 14:48:49,344] [INFO] ENTER: 'DialogueMoveGenerator' calling 'generate'; CURRENT SPEAKER: mistral-medium_mas_rag, DIALOGUE TURN NUM = 10.
[2025-10-30 14:48:49,344] [INFO] ENTER: 'MASPromptGenerator' calling 'question_claim'; CURRENT SPEAKER: mistral-medium_mas_rag, DIALOGUE TURN NUM = 10.
[2025-10-30 14:48:49,345] [INFO] EXIT: 'MASPromptGenerator' calling 'question_claim' (1.9788742065429688e-05 secs).
[2025-10-30 14:48:49,345] [INFO] EXIT: 'DialogueMoveGenerator' calling 'generate' (0.00011324882507324219 secs).
[2025-10-30 14:48:49,346] [INFO] ENTER: 'DialogueMoveGenerator' calling 'generate'; CURRENT SPEAKER: mistral-medium_mas_rag, DIALOGUE TURN NUM = 10.
[2025-10-30 14:48:49,346] [INFO] ENTER: 'MASPromptGenerator' calling 'why_claim'; CURRENT SPEAKER: mistral-medium_mas_rag, DIALOGUE TURN NUM = 10.
[2025-10-30 14:48:49,346] [INFO] EXIT: 'MASPromptGenerator' calling 'why_claim' (2.7179718017578125e-05 secs).
[2025-10-30 14:48:49,346] [INFO] EXIT: 'DialogueMoveGenerator' calling 'generate' (0.00067901611328125 secs).
[2025-10-30 14:48:49,348] [INFO] ENTER: 'MASPromptGenerator' calling 'persuasiveness_choice'; CURRENT SPEAKER: mistral-medium_mas_rag, DIALOGUE TURN NUM = 10.
[2025-10-30 14:48:49,348] [INFO] EXIT: 'MASPromptGenerator' calling 'persuasiveness_choice' (1.7881393432617188e-05 secs).
[2025-10-30 14:48:49,840] [INFO] Completion returned and validated within 'PersuasivenessChoiceAgent'; MODEL = 'mistral-medium'; DIALOGUE TURN NUM = 10.
[2025-10-30 14:48:49,841] [INFO] ENTER: 'DisambiguationAgent' calling 'return_disambiguated_sentences'; CURRENT SPEAKER: mistral-medium_mas_rag, DIALOGUE TURN NUM = 10.
[2025-10-30 14:48:49,841] [INFO] EXIT: 'DisambiguationAgent' calling 'return_disambiguated_sentences' (2.1457672119140625e-06 secs).
[2025-10-30 14:48:49,841] [ERROR] Wrong state used; State of type HumanState; error message: dict has unexpected extra key(s): "graph_rag_examples", "intermediate_generations", "knowledge_base_ensemble_or_model_name", "model_seed", "model_temp", "model_top_p", "number_of_graph_rag_examples", "number_of_vector_based_rag_examples", "political_position_prob_of_na", "political_position_range", "political_position_std", "speaker_model_name", "speaker_type", "vector_based_persona_string", "vector_based_persona_sys_prompt"
[2025-10-30 14:48:49,841] [INFO] Correct state used; State of type GenerationAgentsState; 'IGNORE THE ABOVE ERRORS'.
[2025-10-30 14:48:49,947] [ERROR] Wrong state used; State of type HumanState; error message: dict has unexpected extra key(s): "graph_rag_examples", "intermediate_generations", "knowledge_base_ensemble_or_model_name", "model_seed", "model_temp", "model_top_p", "number_of_graph_rag_examples", "number_of_vector_based_rag_examples", "political_position_prob_of_na", "political_position_range", "political_position_std", "speaker_model_name", "speaker_type", "vector_based_persona_string", "vector_based_persona_sys_prompt"
[2025-10-30 14:48:49,947] [INFO] Correct state used; State of type GenerationAgentsState; 'IGNORE THE ABOVE ERRORS'.
[2025-10-30 14:48:49,947] [INFO] ENTER: 'UtteranceClassificationAgent' calling '_classify_sentence_utterance_types'; CURRENT SPEAKER: grok-4_mas, DIALOGUE TURN NUM = 11.
[2025-10-30 14:48:50,503] [INFO] 'UtteranceClassificationAgent' completion returned and validated from MODEL = 'ModelName.GROK_4'.
[2025-10-30 14:48:50,504] [INFO] EXIT: 'UtteranceClassificationAgent' calling '_classify_sentence_utterance_types' (0.5563104152679443 secs).
[2025-10-30 14:48:50,504] [INFO] ENTER: 'UtteranceClassificationAgent' calling 'return_classified_sentences'; CURRENT SPEAKER: grok-4_mas, DIALOGUE TURN NUM = 11.
[2025-10-30 14:48:50,504] [INFO] EXIT: 'UtteranceClassificationAgent' calling 'return_classified_sentences' (1.430511474609375e-06 secs).
[2025-10-30 14:48:50,505] [INFO] ENTER: 'DialogueMoveGenerator' calling 'generate'; CURRENT SPEAKER: grok-4_mas, DIALOGUE TURN NUM = 11.
[2025-10-30 14:48:50,505] [INFO] ENTER: 'MASPromptGenerator' calling 'claim_negation'; CURRENT SPEAKER: grok-4_mas, DIALOGUE TURN NUM = 11.
[2025-10-30 14:48:50,506] [INFO] EXIT: 'MASPromptGenerator' calling 'claim_negation' (2.288818359375e-05 secs).
[2025-10-30 14:48:50,506] [INFO] EXIT: 'DialogueMoveGenerator' calling 'generate' (0.00013947486877441406 secs).
[2025-10-30 14:48:50,506] [INFO] ENTER: 'DialogueMoveGenerator' calling 'generate'; CURRENT SPEAKER: grok-4_mas, DIALOGUE TURN NUM = 11.
[2025-10-30 14:48:50,506] [INFO] ENTER: 'MASPromptGenerator' calling 'concede_claim'; CURRENT SPEAKER: grok-4_mas, DIALOGUE TURN NUM = 11.
[2025-10-30 14:48:50,506] [INFO] EXIT: 'MASPromptGenerator' calling 'concede_claim' (1.71661376953125e-05 secs).
[2025-10-30 14:48:50,506] [INFO] EXIT: 'DialogueMoveGenerator' calling 'generate' (0.00010633468627929688 secs).
[2025-10-30 14:48:50,507] [INFO] ENTER: 'DialogueMoveGenerator' calling 'generate'; CURRENT SPEAKER: grok-4_mas, DIALOGUE TURN NUM = 11.
[2025-10-30 14:48:50,507] [INFO] ENTER: 'MASPromptGenerator' calling 'question_claim'; CURRENT SPEAKER: grok-4_mas, DIALOGUE TURN NUM = 11.
[2025-10-30 14:48:50,507] [INFO] EXIT: 'MASPromptGenerator' calling 'question_claim' (1.6450881958007812e-05 secs).
[2025-10-30 14:48:50,507] [INFO] EXIT: 'DialogueMoveGenerator' calling 'generate' (0.00011014938354492188 secs).
[2025-10-30 14:48:50,507] [INFO] ENTER: 'DialogueMoveGenerator' calling 'generate'; CURRENT SPEAKER: grok-4_mas, DIALOGUE TURN NUM = 11.
[2025-10-30 14:48:50,507] [INFO] ENTER: 'MASPromptGenerator' calling 'why_claim'; CURRENT SPEAKER: grok-4_mas, DIALOGUE TURN NUM = 11.
[2025-10-30 14:48:50,508] [INFO] EXIT: 'MASPromptGenerator' calling 'why_claim' (1.6450881958007812e-05 secs).
[2025-10-30 14:48:50,508] [INFO] EXIT: 'DialogueMoveGenerator' calling 'generate' (0.00010657310485839844 secs).
[2025-10-30 14:48:50,511] [INFO] ENTER: 'MASPromptGenerator' calling 'persuasiveness_choice'; CURRENT SPEAKER: grok-4_mas, DIALOGUE TURN NUM = 11.
[2025-10-30 14:48:50,511] [INFO] EXIT: 'MASPromptGenerator' calling 'persuasiveness_choice' (2.3126602172851562e-05 secs).
[2025-10-30 14:48:51,045] [INFO] Completion returned and validated within 'PersuasivenessChoiceAgent'; MODEL = 'grok-4'; DIALOGUE TURN NUM = 11.
[2025-10-30 14:48:51,046] [INFO] ENTER: 'DisambiguationAgent' calling 'return_disambiguated_sentences'; CURRENT SPEAKER: grok-4_mas, DIALOGUE TURN NUM = 11.
[2025-10-30 14:48:51,046] [INFO] EXIT: 'DisambiguationAgent' calling 'return_disambiguated_sentences' (1.9073486328125e-06 secs).
[2025-10-30 14:48:51,046] [ERROR] Wrong state used; State of type HumanState; error message: dict has unexpected extra key(s): "graph_rag_examples", "intermediate_generations", "knowledge_base_ensemble_or_model_name", "model_seed", "model_temp", "model_top_p", "number_of_graph_rag_examples", "number_of_vector_based_rag_examples", "political_position_prob_of_na", "political_position_range", "political_position_std", "speaker_model_name", "speaker_type", "vector_based_persona_string", "vector_based_persona_sys_prompt"
[2025-10-30 14:48:51,046] [INFO] Correct state used; State of type GenerationAgentsState; 'IGNORE THE ABOVE ERRORS'.
[2025-10-30 14:48:51,144] [ERROR] Wrong state used; State of type HumanState; error message: dict has unexpected extra key(s): "graph_rag_examples", "intermediate_generations", "knowledge_base_ensemble_or_model_name", "model_seed", "model_temp", "model_top_p", "number_of_graph_rag_examples", "number_of_vector_based_rag_examples", "political_position_prob_of_na", "political_position_range", "political_position_std", "speaker_model_name", "speaker_type", "vector_based_persona_string", "vector_based_persona_sys_prompt"
[2025-10-30 14:48:51,144] [INFO] Correct state used; State of type GenerationAgentsState; 'IGNORE THE ABOVE ERRORS'.
[2025-10-30 14:48:51,144] [INFO] ENTER: 'UtteranceClassificationAgent' calling '_classify_sentence_utterance_types'; CURRENT SPEAKER: mistral-medium_mas_rag, DIALOGUE TURN NUM = 12.
[2025-10-30 14:48:51,988] [INFO] 'UtteranceClassificationAgent' completion returned and validated from MODEL = 'ModelName.MISTRAL_MEDIUM'.
[2025-10-30 14:48:51,988] [INFO] EXIT: 'UtteranceClassificationAgent' calling '_classify_sentence_utterance_types' (0.8435132503509521 secs).
[2025-10-30 14:48:51,988] [INFO] ENTER: 'UtteranceClassificationAgent' calling 'return_classified_sentences'; CURRENT SPEAKER: mistral-medium_mas_rag, DIALOGUE TURN NUM = 12.
[2025-10-30 14:48:51,988] [INFO] EXIT: 'UtteranceClassificationAgent' calling 'return_classified_sentences' (2.1457672119140625e-06 secs).
[2025-10-30 14:48:52,003] [INFO] ENTER: 'GraphRAG' calling 'why'; CURRENT SPEAKER: mistral-medium_mas_rag, DIALOGUE TURN NUM = 12.
[2025-10-30 14:48:52,004] [INFO] ENTER: 'GraphRAG' calling 'query_graph'; CURRENT SPEAKER: mistral-medium_mas_rag, DIALOGUE TURN NUM = 12.
[2025-10-30 14:48:52,704] [INFO] EXIT: 'GraphRAG' calling 'query_graph' (0.7001779079437256 secs).
[2025-10-30 14:48:52,704] [INFO] EXIT: 'GraphRAG' calling 'why' (0.7006261348724365 secs).
[2025-10-30 14:48:52,704] [INFO] ENTER: 'GraphRAG' calling 'claim_negation'; CURRENT SPEAKER: mistral-medium_mas_rag, DIALOGUE TURN NUM = 12.
[2025-10-30 14:48:52,704] [INFO] ENTER: 'GraphRAG' calling 'query_graph'; CURRENT SPEAKER: mistral-medium_mas_rag, DIALOGUE TURN NUM = 12.
[2025-10-30 14:48:53,387] [INFO] EXIT: 'GraphRAG' calling 'query_graph' (0.6822679042816162 secs).
[2025-10-30 14:48:53,387] [INFO] EXIT: 'GraphRAG' calling 'claim_negation' (0.6826837062835693 secs).
[2025-10-30 14:48:53,387] [INFO] ENTER: 'GraphRAG' calling 'concede'; CURRENT SPEAKER: mistral-medium_mas_rag, DIALOGUE TURN NUM = 12.
[2025-10-30 14:48:53,387] [INFO] ENTER: 'GraphRAG' calling 'query_graph'; CURRENT SPEAKER: mistral-medium_mas_rag, DIALOGUE TURN NUM = 12.
[2025-10-30 14:48:54,086] [INFO] EXIT: 'GraphRAG' calling 'query_graph' (0.6986434459686279 secs).
[2025-10-30 14:48:54,086] [INFO] EXIT: 'GraphRAG' calling 'concede' (0.6994364261627197 secs).
[2025-10-30 14:48:54,086] [INFO] ENTER: 'GraphRAG' calling 'question'; CURRENT SPEAKER: mistral-medium_mas_rag, DIALOGUE TURN NUM = 12.
[2025-10-30 14:48:54,086] [INFO] ENTER: 'GraphRAG' calling 'query_graph'; CURRENT SPEAKER: mistral-medium_mas_rag, DIALOGUE TURN NUM = 12.
[2025-10-30 14:48:54,201] [INFO] EXIT: 'GraphRAG' calling 'query_graph' (0.11456584930419922 secs).
[2025-10-30 14:48:54,201] [INFO] EXIT: 'GraphRAG' calling 'question' (0.11494588851928711 secs).
[2025-10-30 14:48:54,201] [INFO] ENTER: 'GraphRAG' calling 'return_rag_examples'; CURRENT SPEAKER: mistral-medium_mas_rag, DIALOGUE TURN NUM = 12.
[2025-10-30 14:48:54,201] [INFO] EXIT: 'GraphRAG' calling 'return_rag_examples' (2.1457672119140625e-06 secs).
[2025-10-30 14:48:54,203] [INFO] ENTER: 'DialogueMoveGenerator' calling 'generate'; CURRENT SPEAKER: mistral-medium_mas_rag, DIALOGUE TURN NUM = 12.
[2025-10-30 14:48:54,205] [INFO] ENTER: 'MASPromptGenerator' calling 'claim_negation'; CURRENT SPEAKER: mistral-medium_mas_rag, DIALOGUE TURN NUM = 12.
[2025-10-30 14:48:54,205] [INFO] EXIT: 'MASPromptGenerator' calling 'claim_negation' (2.9802322387695312e-05 secs).
[2025-10-30 14:48:54,205] [INFO] EXIT: 'DialogueMoveGenerator' calling 'generate' (0.0001361370086669922 secs).
[2025-10-30 14:48:54,206] [INFO] ENTER: 'DialogueMoveGenerator' calling 'generate'; CURRENT SPEAKER: mistral-medium_mas_rag, DIALOGUE TURN NUM = 12.
[2025-10-30 14:48:54,206] [INFO] ENTER: 'MASPromptGenerator' calling 'concede_claim'; CURRENT SPEAKER: mistral-medium_mas_rag, DIALOGUE TURN NUM = 12.
[2025-10-30 14:48:54,206] [INFO] EXIT: 'MASPromptGenerator' calling 'concede_claim' (2.47955322265625e-05 secs).
[2025-10-30 14:48:54,206] [INFO] EXIT: 'DialogueMoveGenerator' calling 'generate' (0.00013971328735351562 secs).
[2025-10-30 14:48:54,207] [INFO] ENTER: 'DialogueMoveGenerator' calling 'generate'; CURRENT SPEAKER: mistral-medium_mas_rag, DIALOGUE TURN NUM = 12.
[2025-10-30 14:48:54,207] [INFO] ENTER: 'MASPromptGenerator' calling 'question_claim'; CURRENT SPEAKER: mistral-medium_mas_rag, DIALOGUE TURN NUM = 12.
[2025-10-30 14:48:54,207] [INFO] EXIT: 'MASPromptGenerator' calling 'question_claim' (3.266334533691406e-05 secs).
[2025-10-30 14:48:54,207] [INFO] EXIT: 'DialogueMoveGenerator' calling 'generate' (0.00014901161193847656 secs).
[2025-10-30 14:48:54,209] [INFO] ENTER: 'DialogueMoveGenerator' calling 'generate'; CURRENT SPEAKER: mistral-medium_mas_rag, DIALOGUE TURN NUM = 12.
[2025-10-30 14:48:54,209] [INFO] ENTER: 'MASPromptGenerator' calling 'why_claim'; CURRENT SPEAKER: mistral-medium_mas_rag, DIALOGUE TURN NUM = 12.
[2025-10-30 14:48:54,209] [INFO] EXIT: 'MASPromptGenerator' calling 'why_claim' (2.1457672119140625e-05 secs).
[2025-10-30 14:48:54,209] [INFO] EXIT: 'DialogueMoveGenerator' calling 'generate' (0.00011301040649414062 secs).
[2025-10-30 14:48:54,211] [INFO] ENTER: 'MASPromptGenerator' calling 'persuasiveness_choice'; CURRENT SPEAKER: mistral-medium_mas_rag, DIALOGUE TURN NUM = 12.
[2025-10-30 14:48:54,211] [INFO] EXIT: 'MASPromptGenerator' calling 'persuasiveness_choice' (2.0265579223632812e-05 secs).
[2025-10-30 14:48:54,869] [INFO] Completion returned and validated within 'PersuasivenessChoiceAgent'; MODEL = 'mistral-medium'; DIALOGUE TURN NUM = 12.
[2025-10-30 14:48:54,869] [INFO] ENTER: 'DisambiguationAgent' calling 'return_disambiguated_sentences'; CURRENT SPEAKER: mistral-medium_mas_rag, DIALOGUE TURN NUM = 12.
[2025-10-30 14:48:54,869] [INFO] EXIT: 'DisambiguationAgent' calling 'return_disambiguated_sentences' (1.9073486328125e-06 secs).
[2025-10-30 14:48:54,870] [ERROR] Wrong state used; State of type HumanState; error message: dict has unexpected extra key(s): "graph_rag_examples", "intermediate_generations", "knowledge_base_ensemble_or_model_name", "model_seed", "model_temp", "model_top_p", "number_of_graph_rag_examples", "number_of_vector_based_rag_examples", "political_position_prob_of_na", "political_position_range", "political_position_std", "speaker_model_name", "speaker_type", "vector_based_persona_string", "vector_based_persona_sys_prompt"
[2025-10-30 14:48:54,870] [INFO] Correct state used; State of type GenerationAgentsState; 'IGNORE THE ABOVE ERRORS'.
[2025-10-30 14:48:54,982] [ERROR] Wrong state used; State of type HumanState; error message: dict has unexpected extra key(s): "graph_rag_examples", "intermediate_generations", "knowledge_base_ensemble_or_model_name", "model_seed", "model_temp", "model_top_p", "number_of_graph_rag_examples", "number_of_vector_based_rag_examples", "political_position_prob_of_na", "political_position_range", "political_position_std", "speaker_model_name", "speaker_type", "vector_based_persona_string", "vector_based_persona_sys_prompt"
[2025-10-30 14:48:54,982] [INFO] Correct state used; State of type GenerationAgentsState; 'IGNORE THE ABOVE ERRORS'.
[2025-10-30 14:48:54,982] [INFO] ENTER: 'UtteranceClassificationAgent' calling '_classify_sentence_utterance_types'; CURRENT SPEAKER: grok-4_mas, DIALOGUE TURN NUM = 13.
[2025-10-30 14:48:55,505] [INFO] 'UtteranceClassificationAgent' completion returned and validated from MODEL = 'ModelName.GROK_4'.
[2025-10-30 14:48:55,505] [INFO] EXIT: 'UtteranceClassificationAgent' calling '_classify_sentence_utterance_types' (0.5229463577270508 secs).
[2025-10-30 14:48:55,505] [INFO] ENTER: 'UtteranceClassificationAgent' calling 'return_classified_sentences'; CURRENT SPEAKER: grok-4_mas, DIALOGUE TURN NUM = 13.
[2025-10-30 14:48:55,505] [INFO] EXIT: 'UtteranceClassificationAgent' calling 'return_classified_sentences' (1.9073486328125e-06 secs).
[2025-10-30 14:48:55,507] [INFO] ENTER: 'DialogueMoveGenerator' calling 'generate'; CURRENT SPEAKER: grok-4_mas, DIALOGUE TURN NUM = 13.
[2025-10-30 14:48:55,507] [INFO] ENTER: 'MASPromptGenerator' calling 'claim_negation'; CURRENT SPEAKER: grok-4_mas, DIALOGUE TURN NUM = 13.
[2025-10-30 14:48:55,507] [INFO] EXIT: 'MASPromptGenerator' calling 'claim_negation' (2.0742416381835938e-05 secs).
[2025-10-30 14:48:55,507] [INFO] EXIT: 'DialogueMoveGenerator' calling 'generate' (0.0001163482666015625 secs).
[2025-10-30 14:48:55,508] [INFO] ENTER: 'DialogueMoveGenerator' calling 'generate'; CURRENT SPEAKER: grok-4_mas, DIALOGUE TURN NUM = 13.
[2025-10-30 14:48:55,508] [INFO] ENTER: 'MASPromptGenerator' calling 'concede_claim'; CURRENT SPEAKER: grok-4_mas, DIALOGUE TURN NUM = 13.
[2025-10-30 14:48:55,508] [INFO] EXIT: 'MASPromptGenerator' calling 'concede_claim' (1.7642974853515625e-05 secs).
[2025-10-30 14:48:55,508] [INFO] EXIT: 'DialogueMoveGenerator' calling 'generate' (9.942054748535156e-05 secs).
[2025-10-30 14:48:55,510] [INFO] ENTER: 'DialogueMoveGenerator' calling 'generate'; CURRENT SPEAKER: grok-4_mas, DIALOGUE TURN NUM = 13.
[2025-10-30 14:48:55,510] [INFO] ENTER: 'MASPromptGenerator' calling 'question_claim'; CURRENT SPEAKER: grok-4_mas, DIALOGUE TURN NUM = 13.
[2025-10-30 14:48:55,510] [INFO] EXIT: 'MASPromptGenerator' calling 'question_claim' (1.7881393432617188e-05 secs).
[2025-10-30 14:48:55,510] [INFO] EXIT: 'DialogueMoveGenerator' calling 'generate' (0.00011610984802246094 secs).
[2025-10-30 14:48:55,510] [INFO] ENTER: 'DialogueMoveGenerator' calling 'generate'; CURRENT SPEAKER: grok-4_mas, DIALOGUE TURN NUM = 13.
[2025-10-30 14:48:55,511] [INFO] ENTER: 'MASPromptGenerator' calling 'why_claim'; CURRENT SPEAKER: grok-4_mas, DIALOGUE TURN NUM = 13.
[2025-10-30 14:48:55,511] [INFO] EXIT: 'MASPromptGenerator' calling 'why_claim' (2.0265579223632812e-05 secs).
[2025-10-30 14:48:55,511] [INFO] EXIT: 'DialogueMoveGenerator' calling 'generate' (0.00016260147094726562 secs).
[2025-10-30 14:48:55,513] [INFO] ENTER: 'MASPromptGenerator' calling 'persuasiveness_choice'; CURRENT SPEAKER: grok-4_mas, DIALOGUE TURN NUM = 13.
[2025-10-30 14:48:55,513] [INFO] EXIT: 'MASPromptGenerator' calling 'persuasiveness_choice' (2.1219253540039062e-05 secs).
[2025-10-30 14:48:56,061] [INFO] Completion returned and validated within 'PersuasivenessChoiceAgent'; MODEL = 'grok-4'; DIALOGUE TURN NUM = 13.
[2025-10-30 14:48:56,061] [INFO] ENTER: 'DisambiguationAgent' calling 'return_disambiguated_sentences'; CURRENT SPEAKER: grok-4_mas, DIALOGUE TURN NUM = 13.
[2025-10-30 14:48:56,061] [INFO] EXIT: 'DisambiguationAgent' calling 'return_disambiguated_sentences' (1.9073486328125e-06 secs).
[2025-10-30 14:48:56,061] [ERROR] Wrong state used; State of type HumanState; error message: dict has unexpected extra key(s): "graph_rag_examples", "intermediate_generations", "knowledge_base_ensemble_or_model_name", "model_seed", "model_temp", "model_top_p", "number_of_graph_rag_examples", "number_of_vector_based_rag_examples", "political_position_prob_of_na", "political_position_range", "political_position_std", "speaker_model_name", "speaker_type", "vector_based_persona_string", "vector_based_persona_sys_prompt"
[2025-10-30 14:48:56,062] [INFO] Correct state used; State of type GenerationAgentsState; 'IGNORE THE ABOVE ERRORS'.
[2025-10-30 14:48:56,164] [ERROR] Wrong state used; State of type HumanState; error message: dict has unexpected extra key(s): "graph_rag_examples", "intermediate_generations", "knowledge_base_ensemble_or_model_name", "model_seed", "model_temp", "model_top_p", "number_of_graph_rag_examples", "number_of_vector_based_rag_examples", "political_position_prob_of_na", "political_position_range", "political_position_std", "speaker_model_name", "speaker_type", "vector_based_persona_string", "vector_based_persona_sys_prompt"
[2025-10-30 14:48:56,164] [INFO] Correct state used; State of type GenerationAgentsState; 'IGNORE THE ABOVE ERRORS'.
[2025-10-30 14:48:56,164] [INFO] ENTER: 'UtteranceClassificationAgent' calling '_classify_sentence_utterance_types'; CURRENT SPEAKER: mistral-medium_mas_rag, DIALOGUE TURN NUM = 14.
[2025-10-30 14:48:56,730] [INFO] 'UtteranceClassificationAgent' completion returned and validated from MODEL = 'ModelName.MISTRAL_MEDIUM'.
[2025-10-30 14:48:56,730] [INFO] EXIT: 'UtteranceClassificationAgent' calling '_classify_sentence_utterance_types' (0.5657367706298828 secs).
[2025-10-30 14:48:56,730] [INFO] ENTER: 'UtteranceClassificationAgent' calling 'return_classified_sentences'; CURRENT SPEAKER: mistral-medium_mas_rag, DIALOGUE TURN NUM = 14.
[2025-10-30 14:48:56,730] [INFO] EXIT: 'UtteranceClassificationAgent' calling 'return_classified_sentences' (1.430511474609375e-06 secs).
[2025-10-30 14:48:56,745] [INFO] ENTER: 'GraphRAG' calling 'why'; CURRENT SPEAKER: mistral-medium_mas_rag, DIALOGUE TURN NUM = 14.
[2025-10-30 14:48:56,745] [INFO] ENTER: 'GraphRAG' calling 'query_graph'; CURRENT SPEAKER: mistral-medium_mas_rag, DIALOGUE TURN NUM = 14.
[2025-10-30 14:48:57,444] [INFO] EXIT: 'GraphRAG' calling 'query_graph' (0.6979637145996094 secs).
[2025-10-30 14:48:57,444] [INFO] EXIT: 'GraphRAG' calling 'why' (0.6984279155731201 secs).
[2025-10-30 14:48:57,444] [INFO] ENTER: 'GraphRAG' calling 'claim_negation'; CURRENT SPEAKER: mistral-medium_mas_rag, DIALOGUE TURN NUM = 14.
[2025-10-30 14:48:57,444] [INFO] ENTER: 'GraphRAG' calling 'query_graph'; CURRENT SPEAKER: mistral-medium_mas_rag, DIALOGUE TURN NUM = 14.
[2025-10-30 14:48:58,119] [INFO] EXIT: 'GraphRAG' calling 'query_graph' (0.6749095916748047 secs).
[2025-10-30 14:48:58,119] [INFO] EXIT: 'GraphRAG' calling 'claim_negation' (0.6753244400024414 secs).
[2025-10-30 14:48:58,119] [INFO] ENTER: 'GraphRAG' calling 'concede'; CURRENT SPEAKER: mistral-medium_mas_rag, DIALOGUE TURN NUM = 14.
[2025-10-30 14:48:58,119] [INFO] ENTER: 'GraphRAG' calling 'query_graph'; CURRENT SPEAKER: mistral-medium_mas_rag, DIALOGUE TURN NUM = 14.
[2025-10-30 14:48:58,822] [INFO] EXIT: 'GraphRAG' calling 'query_graph' (0.702573299407959 secs).
[2025-10-30 14:48:58,822] [INFO] EXIT: 'GraphRAG' calling 'concede' (0.7030000686645508 secs).
[2025-10-30 14:48:58,822] [INFO] ENTER: 'GraphRAG' calling 'question'; CURRENT SPEAKER: mistral-medium_mas_rag, DIALOGUE TURN NUM = 14.
[2025-10-30 14:48:58,822] [INFO] ENTER: 'GraphRAG' calling 'query_graph'; CURRENT SPEAKER: mistral-medium_mas_rag, DIALOGUE TURN NUM = 14.
[2025-10-30 14:48:58,936] [INFO] EXIT: 'GraphRAG' calling 'query_graph' (0.11368536949157715 secs).
[2025-10-30 14:48:58,936] [INFO] EXIT: 'GraphRAG' calling 'question' (0.11407208442687988 secs).
[2025-10-30 14:48:58,936] [INFO] ENTER: 'GraphRAG' calling 'return_rag_examples'; CURRENT SPEAKER: mistral-medium_mas_rag, DIALOGUE TURN NUM = 14.
[2025-10-30 14:48:58,936] [INFO] EXIT: 'GraphRAG' calling 'return_rag_examples' (1.9073486328125e-06 secs).
[2025-10-30 14:48:58,939] [INFO] ENTER: 'DialogueMoveGenerator' calling 'generate'; CURRENT SPEAKER: mistral-medium_mas_rag, DIALOGUE TURN NUM = 14.
[2025-10-30 14:48:58,939] [INFO] ENTER: 'MASPromptGenerator' calling 'claim_negation'; CURRENT SPEAKER: mistral-medium_mas_rag, DIALOGUE TURN NUM = 14.
[2025-10-30 14:48:58,939] [INFO] EXIT: 'MASPromptGenerator' calling 'claim_negation' (3.6716461181640625e-05 secs).
[2025-10-30 14:48:58,939] [INFO] EXIT: 'DialogueMoveGenerator' calling 'generate' (0.0001666545867919922 secs).
[2025-10-30 14:48:58,940] [INFO] ENTER: 'DialogueMoveGenerator' calling 'generate'; CURRENT SPEAKER: mistral-medium_mas_rag, DIALOGUE TURN NUM = 14.
[2025-10-30 14:48:58,940] [INFO] ENTER: 'MASPromptGenerator' calling 'concede_claim'; CURRENT SPEAKER: mistral-medium_mas_rag, DIALOGUE TURN NUM = 14.
[2025-10-30 14:48:58,940] [INFO] EXIT: 'MASPromptGenerator' calling 'concede_claim' (2.0742416381835938e-05 secs).
[2025-10-30 14:48:58,940] [INFO] EXIT: 'DialogueMoveGenerator' calling 'generate' (0.00010251998901367188 secs).
[2025-10-30 14:48:58,942] [INFO] ENTER: 'DialogueMoveGenerator' calling 'generate'; CURRENT SPEAKER: mistral-medium_mas_rag, DIALOGUE TURN NUM = 14.
[2025-10-30 14:48:58,943] [INFO] ENTER: 'MASPromptGenerator' calling 'question_claim'; CURRENT SPEAKER: mistral-medium_mas_rag, DIALOGUE TURN NUM = 14.
[2025-10-30 14:48:58,943] [INFO] EXIT: 'MASPromptGenerator' calling 'question_claim' (2.0742416381835938e-05 secs).
[2025-10-30 14:48:58,943] [INFO] EXIT: 'DialogueMoveGenerator' calling 'generate' (0.00010848045349121094 secs).
[2025-10-30 14:48:58,943] [INFO] ENTER: 'DialogueMoveGenerator' calling 'generate'; CURRENT SPEAKER: mistral-medium_mas_rag, DIALOGUE TURN NUM = 14.
[2025-10-30 14:48:58,943] [INFO] ENTER: 'MASPromptGenerator' calling 'why_claim'; CURRENT SPEAKER: mistral-medium_mas_rag, DIALOGUE TURN NUM = 14.
[2025-10-30 14:48:58,943] [INFO] EXIT: 'MASPromptGenerator' calling 'why_claim' (1.9550323486328125e-05 secs).
[2025-10-30 14:48:58,943] [INFO] EXIT: 'DialogueMoveGenerator' calling 'generate' (0.00010800361633300781 secs).
[2025-10-30 14:48:58,945] [INFO] ENTER: 'MASPromptGenerator' calling 'persuasiveness_choice'; CURRENT SPEAKER: mistral-medium_mas_rag, DIALOGUE TURN NUM = 14.
[2025-10-30 14:48:58,945] [INFO] EXIT: 'MASPromptGenerator' calling 'persuasiveness_choice' (2.3126602172851562e-05 secs).
[2025-10-30 14:48:59,583] [INFO] Completion returned and validated within 'PersuasivenessChoiceAgent'; MODEL = 'mistral-medium'; DIALOGUE TURN NUM = 14.
[2025-10-30 14:48:59,583] [INFO] ENTER: 'DisambiguationAgent' calling 'return_disambiguated_sentences'; CURRENT SPEAKER: mistral-medium_mas_rag, DIALOGUE TURN NUM = 14.
[2025-10-30 14:48:59,583] [INFO] EXIT: 'DisambiguationAgent' calling 'return_disambiguated_sentences' (1.9073486328125e-06 secs).
[2025-10-30 14:48:59,584] [ERROR] Wrong state used; State of type HumanState; error message: dict has unexpected extra key(s): "graph_rag_examples", "intermediate_generations", "knowledge_base_ensemble_or_model_name", "model_seed", "model_temp", "model_top_p", "number_of_graph_rag_examples", "number_of_vector_based_rag_examples", "political_position_prob_of_na", "political_position_range", "political_position_std", "speaker_model_name", "speaker_type", "vector_based_persona_string", "vector_based_persona_sys_prompt"
[2025-10-30 14:48:59,584] [INFO] Correct state used; State of type GenerationAgentsState; 'IGNORE THE ABOVE ERRORS'.
[2025-10-30 14:48:59,700] [ERROR] Wrong state used; State of type HumanState; error message: dict has unexpected extra key(s): "graph_rag_examples", "intermediate_generations", "knowledge_base_ensemble_or_model_name", "model_seed", "model_temp", "model_top_p", "number_of_graph_rag_examples", "number_of_vector_based_rag_examples", "political_position_prob_of_na", "political_position_range", "political_position_std", "speaker_model_name", "speaker_type", "vector_based_persona_string", "vector_based_persona_sys_prompt"
[2025-10-30 14:48:59,701] [INFO] Correct state used; State of type GenerationAgentsState; 'IGNORE THE ABOVE ERRORS'.
[2025-10-30 14:48:59,701] [INFO] ENTER: 'UtteranceClassificationAgent' calling '_classify_sentence_utterance_types'; CURRENT SPEAKER: grok-4_mas, DIALOGUE TURN NUM = 15.
[2025-10-30 14:49:00,293] [INFO] 'UtteranceClassificationAgent' completion returned and validated from MODEL = 'ModelName.GROK_4'.
[2025-10-30 14:49:00,293] [INFO] EXIT: 'UtteranceClassificationAgent' calling '_classify_sentence_utterance_types' (0.5924685001373291 secs).
[2025-10-30 14:49:00,293] [INFO] ENTER: 'UtteranceClassificationAgent' calling 'return_classified_sentences'; CURRENT SPEAKER: grok-4_mas, DIALOGUE TURN NUM = 15.
[2025-10-30 14:49:00,293] [INFO] EXIT: 'UtteranceClassificationAgent' calling 'return_classified_sentences' (1.6689300537109375e-06 secs).
[2025-10-30 14:49:00,295] [INFO] ENTER: 'DialogueMoveGenerator' calling 'generate'; CURRENT SPEAKER: grok-4_mas, DIALOGUE TURN NUM = 15.
[2025-10-30 14:49:00,295] [INFO] ENTER: 'MASPromptGenerator' calling 'claim_negation'; CURRENT SPEAKER: grok-4_mas, DIALOGUE TURN NUM = 15.
[2025-10-30 14:49:00,295] [INFO] EXIT: 'MASPromptGenerator' calling 'claim_negation' (2.8133392333984375e-05 secs).
[2025-10-30 14:49:00,295] [INFO] EXIT: 'DialogueMoveGenerator' calling 'generate' (0.00015425682067871094 secs).
[2025-10-30 14:49:00,296] [INFO] ENTER: 'DialogueMoveGenerator' calling 'generate'; CURRENT SPEAKER: grok-4_mas, DIALOGUE TURN NUM = 15.
[2025-10-30 14:49:00,297] [INFO] ENTER: 'MASPromptGenerator' calling 'concede_claim'; CURRENT SPEAKER: grok-4_mas, DIALOGUE TURN NUM = 15.
[2025-10-30 14:49:00,297] [INFO] EXIT: 'MASPromptGenerator' calling 'concede_claim' (1.9311904907226562e-05 secs).
[2025-10-30 14:49:00,297] [INFO] EXIT: 'DialogueMoveGenerator' calling 'generate' (0.00012493133544921875 secs).
[2025-10-30 14:49:00,297] [INFO] ENTER: 'DialogueMoveGenerator' calling 'generate'; CURRENT SPEAKER: grok-4_mas, DIALOGUE TURN NUM = 15.
[2025-10-30 14:49:00,298] [INFO] ENTER: 'MASPromptGenerator' calling 'question_claim'; CURRENT SPEAKER: grok-4_mas, DIALOGUE TURN NUM = 15.
[2025-10-30 14:49:00,298] [INFO] EXIT: 'MASPromptGenerator' calling 'question_claim' (1.811981201171875e-05 secs).
[2025-10-30 14:49:00,298] [INFO] EXIT: 'DialogueMoveGenerator' calling 'generate' (0.0001049041748046875 secs).
[2025-10-30 14:49:00,300] [INFO] ENTER: 'DialogueMoveGenerator' calling 'generate'; CURRENT SPEAKER: grok-4_mas, DIALOGUE TURN NUM = 15.
[2025-10-30 14:49:00,300] [INFO] ENTER: 'MASPromptGenerator' calling 'why_claim'; CURRENT SPEAKER: grok-4_mas, DIALOGUE TURN NUM = 15.
[2025-10-30 14:49:00,300] [INFO] EXIT: 'MASPromptGenerator' calling 'why_claim' (2.4080276489257812e-05 secs).
[2025-10-30 14:49:00,300] [INFO] EXIT: 'DialogueMoveGenerator' calling 'generate' (0.00014591217041015625 secs).
[2025-10-30 14:49:00,300] [INFO] ENTER: 'MASPromptGenerator' calling 'persuasiveness_choice'; CURRENT SPEAKER: grok-4_mas, DIALOGUE TURN NUM = 15.
[2025-10-30 14:49:00,301] [INFO] EXIT: 'MASPromptGenerator' calling 'persuasiveness_choice' (2.4318695068359375e-05 secs).
[2025-10-30 14:49:00,948] [INFO] Completion returned and validated within 'PersuasivenessChoiceAgent'; MODEL = 'grok-4'; DIALOGUE TURN NUM = 15.
[2025-10-30 14:49:00,948] [INFO] ENTER: 'DisambiguationAgent' calling 'return_disambiguated_sentences'; CURRENT SPEAKER: grok-4_mas, DIALOGUE TURN NUM = 15.
[2025-10-30 14:49:00,949] [INFO] EXIT: 'DisambiguationAgent' calling 'return_disambiguated_sentences' (1.9073486328125e-06 secs).
[2025-10-30 14:49:00,949] [ERROR] Wrong state used; State of type HumanState; error message: dict has unexpected extra key(s): "graph_rag_examples", "intermediate_generations", "knowledge_base_ensemble_or_model_name", "model_seed", "model_temp", "model_top_p", "number_of_graph_rag_examples", "number_of_vector_based_rag_examples", "political_position_prob_of_na", "political_position_range", "political_position_std", "speaker_model_name", "speaker_type", "vector_based_persona_string", "vector_based_persona_sys_prompt"
[2025-10-30 14:49:00,949] [INFO] Correct state used; State of type GenerationAgentsState; 'IGNORE THE ABOVE ERRORS'.
[2025-10-30 14:49:01,040] [ERROR] Wrong state used; State of type HumanState; error message: dict has unexpected extra key(s): "graph_rag_examples", "intermediate_generations", "knowledge_base_ensemble_or_model_name", "model_seed", "model_temp", "model_top_p", "number_of_graph_rag_examples", "number_of_vector_based_rag_examples", "political_position_prob_of_na", "political_position_range", "political_position_std", "speaker_model_name", "speaker_type", "vector_based_persona_string", "vector_based_persona_sys_prompt"
[2025-10-30 14:49:01,041] [INFO] Correct state used; State of type GenerationAgentsState; 'IGNORE THE ABOVE ERRORS'.
[2025-10-30 14:49:01,041] [INFO] ENTER: 'UtteranceClassificationAgent' calling '_classify_sentence_utterance_types'; CURRENT SPEAKER: mistral-medium_mas_rag, DIALOGUE TURN NUM = 16.
[2025-10-30 14:49:01,529] [INFO] 'UtteranceClassificationAgent' completion returned and validated from MODEL = 'ModelName.MISTRAL_MEDIUM'.
[2025-10-30 14:49:01,529] [INFO] EXIT: 'UtteranceClassificationAgent' calling '_classify_sentence_utterance_types' (0.48839306831359863 secs).
[2025-10-30 14:49:01,529] [INFO] ENTER: 'UtteranceClassificationAgent' calling 'return_classified_sentences'; CURRENT SPEAKER: mistral-medium_mas_rag, DIALOGUE TURN NUM = 16.
[2025-10-30 14:49:01,529] [INFO] EXIT: 'UtteranceClassificationAgent' calling 'return_classified_sentences' (1.9073486328125e-06 secs).
[2025-10-30 14:49:01,545] [INFO] ENTER: 'GraphRAG' calling 'why'; CURRENT SPEAKER: mistral-medium_mas_rag, DIALOGUE TURN NUM = 16.
[2025-10-30 14:49:01,545] [INFO] ENTER: 'GraphRAG' calling 'query_graph'; CURRENT SPEAKER: mistral-medium_mas_rag, DIALOGUE TURN NUM = 16.
[2025-10-30 14:49:02,245] [INFO] EXIT: 'GraphRAG' calling 'query_graph' (0.6998841762542725 secs).
[2025-10-30 14:49:02,245] [INFO] EXIT: 'GraphRAG' calling 'why' (0.7002499103546143 secs).
[2025-10-30 14:49:02,245] [INFO] ENTER: 'GraphRAG' calling 'claim_negation'; CURRENT SPEAKER: mistral-medium_mas_rag, DIALOGUE TURN NUM = 16.
[2025-10-30 14:49:02,245] [INFO] ENTER: 'GraphRAG' calling 'query_graph'; CURRENT SPEAKER: mistral-medium_mas_rag, DIALOGUE TURN NUM = 16.
[2025-10-30 14:49:02,919] [INFO] EXIT: 'GraphRAG' calling 'query_graph' (0.673593282699585 secs).
[2025-10-30 14:49:02,919] [INFO] EXIT: 'GraphRAG' calling 'claim_negation' (0.6743390560150146 secs).
[2025-10-30 14:49:02,919] [INFO] ENTER: 'GraphRAG' calling 'concede'; CURRENT SPEAKER: mistral-medium_mas_rag, DIALOGUE TURN NUM = 16.
[2025-10-30 14:49:02,920] [INFO] ENTER: 'GraphRAG' calling 'query_graph'; CURRENT SPEAKER: mistral-medium_mas_rag, DIALOGUE TURN NUM = 16.
[2025-10-30 14:49:03,620] [INFO] EXIT: 'GraphRAG' calling 'query_graph' (0.7008371353149414 secs).
[2025-10-30 14:49:03,621] [INFO] EXIT: 'GraphRAG' calling 'concede' (0.7012536525726318 secs).
[2025-10-30 14:49:03,621] [INFO] ENTER: 'GraphRAG' calling 'question'; CURRENT SPEAKER: mistral-medium_mas_rag, DIALOGUE TURN NUM = 16.
[2025-10-30 14:49:03,621] [INFO] ENTER: 'GraphRAG' calling 'query_graph'; CURRENT SPEAKER: mistral-medium_mas_rag, DIALOGUE TURN NUM = 16.
[2025-10-30 14:49:03,736] [INFO] EXIT: 'GraphRAG' calling 'query_graph' (0.11472225189208984 secs).
[2025-10-30 14:49:03,736] [INFO] EXIT: 'GraphRAG' calling 'question' (0.11511707305908203 secs).
[2025-10-30 14:49:03,736] [INFO] ENTER: 'GraphRAG' calling 'return_rag_examples'; CURRENT SPEAKER: mistral-medium_mas_rag, DIALOGUE TURN NUM = 16.
[2025-10-30 14:49:03,736] [INFO] EXIT: 'GraphRAG' calling 'return_rag_examples' (2.86102294921875e-06 secs).
[2025-10-30 14:49:03,738] [INFO] ENTER: 'DialogueMoveGenerator' calling 'generate'; CURRENT SPEAKER: mistral-medium_mas_rag, DIALOGUE TURN NUM = 16.
[2025-10-30 14:49:03,738] [INFO] ENTER: 'MASPromptGenerator' calling 'claim_negation'; CURRENT SPEAKER: mistral-medium_mas_rag, DIALOGUE TURN NUM = 16.
[2025-10-30 14:49:03,738] [INFO] EXIT: 'MASPromptGenerator' calling 'claim_negation' (3.314018249511719e-05 secs).
[2025-10-30 14:49:03,738] [INFO] EXIT: 'DialogueMoveGenerator' calling 'generate' (0.0001850128173828125 secs).
[2025-10-30 14:49:03,739] [INFO] ENTER: 'DialogueMoveGenerator' calling 'generate'; CURRENT SPEAKER: mistral-medium_mas_rag, DIALOGUE TURN NUM = 16.
[2025-10-30 14:49:03,739] [INFO] ENTER: 'MASPromptGenerator' calling 'concede_claim'; CURRENT SPEAKER: mistral-medium_mas_rag, DIALOGUE TURN NUM = 16.
[2025-10-30 14:49:03,739] [INFO] EXIT: 'MASPromptGenerator' calling 'concede_claim' (2.2172927856445312e-05 secs).
[2025-10-30 14:49:03,739] [INFO] EXIT: 'DialogueMoveGenerator' calling 'generate' (0.00012564659118652344 secs).
[2025-10-30 14:49:03,740] [INFO] ENTER: 'DialogueMoveGenerator' calling 'generate'; CURRENT SPEAKER: mistral-medium_mas_rag, DIALOGUE TURN NUM = 16.
[2025-10-30 14:49:03,740] [INFO] ENTER: 'MASPromptGenerator' calling 'question_claim'; CURRENT SPEAKER: mistral-medium_mas_rag, DIALOGUE TURN NUM = 16.
[2025-10-30 14:49:03,741] [INFO] EXIT: 'MASPromptGenerator' calling 'question_claim' (2.1696090698242188e-05 secs).
[2025-10-30 14:49:03,741] [INFO] EXIT: 'DialogueMoveGenerator' calling 'generate' (0.00011515617370605469 secs).
[2025-10-30 14:49:03,742] [INFO] ENTER: 'DialogueMoveGenerator' calling 'generate'; CURRENT SPEAKER: mistral-medium_mas_rag, DIALOGUE TURN NUM = 16.
[2025-10-30 14:49:03,742] [INFO] ENTER: 'MASPromptGenerator' calling 'why_claim'; CURRENT SPEAKER: mistral-medium_mas_rag, DIALOGUE TURN NUM = 16.
[2025-10-30 14:49:03,742] [INFO] EXIT: 'MASPromptGenerator' calling 'why_claim' (1.9788742065429688e-05 secs).
[2025-10-30 14:49:03,742] [INFO] EXIT: 'DialogueMoveGenerator' calling 'generate' (0.00011038780212402344 secs).
[2025-10-30 14:49:03,743] [INFO] ENTER: 'MASPromptGenerator' calling 'persuasiveness_choice'; CURRENT SPEAKER: mistral-medium_mas_rag, DIALOGUE TURN NUM = 16.
[2025-10-30 14:49:03,743] [INFO] EXIT: 'MASPromptGenerator' calling 'persuasiveness_choice' (2.4318695068359375e-05 secs).
[2025-10-30 14:49:04,169] [INFO] Completion returned and validated within 'PersuasivenessChoiceAgent'; MODEL = 'mistral-medium'; DIALOGUE TURN NUM = 16.
[2025-10-30 14:49:04,169] [INFO] ENTER: 'DisambiguationAgent' calling 'return_disambiguated_sentences'; CURRENT SPEAKER: mistral-medium_mas_rag, DIALOGUE TURN NUM = 16.
[2025-10-30 14:49:04,169] [INFO] EXIT: 'DisambiguationAgent' calling 'return_disambiguated_sentences' (1.9073486328125e-06 secs).
[2025-10-30 14:49:04,169] [ERROR] Wrong state used; State of type HumanState; error message: dict has unexpected extra key(s): "graph_rag_examples", "intermediate_generations", "knowledge_base_ensemble_or_model_name", "model_seed", "model_temp", "model_top_p", "number_of_graph_rag_examples", "number_of_vector_based_rag_examples", "political_position_prob_of_na", "political_position_range", "political_position_std", "speaker_model_name", "speaker_type", "vector_based_persona_string", "vector_based_persona_sys_prompt"
[2025-10-30 14:49:04,170] [INFO] Correct state used; State of type GenerationAgentsState; 'IGNORE THE ABOVE ERRORS'.
[2025-10-30 14:49:04,278] [ERROR] Wrong state used; State of type HumanState; error message: dict has unexpected extra key(s): "graph_rag_examples", "intermediate_generations", "knowledge_base_ensemble_or_model_name", "model_seed", "model_temp", "model_top_p", "number_of_graph_rag_examples", "number_of_vector_based_rag_examples", "political_position_prob_of_na", "political_position_range", "political_position_std", "speaker_model_name", "speaker_type", "vector_based_persona_string", "vector_based_persona_sys_prompt"
[2025-10-30 14:49:04,278] [INFO] Correct state used; State of type GenerationAgentsState; 'IGNORE THE ABOVE ERRORS'.
[2025-10-30 14:49:04,278] [INFO] ENTER: 'UtteranceClassificationAgent' calling '_classify_sentence_utterance_types'; CURRENT SPEAKER: grok-4_mas, DIALOGUE TURN NUM = 17.
[2025-10-30 14:49:04,832] [INFO] 'UtteranceClassificationAgent' completion returned and validated from MODEL = 'ModelName.GROK_4'.
[2025-10-30 14:49:04,832] [INFO] EXIT: 'UtteranceClassificationAgent' calling '_classify_sentence_utterance_types' (0.5542271137237549 secs).
[2025-10-30 14:49:04,833] [INFO] ENTER: 'UtteranceClassificationAgent' calling 'return_classified_sentences'; CURRENT SPEAKER: grok-4_mas, DIALOGUE TURN NUM = 17.
[2025-10-30 14:49:04,833] [INFO] EXIT: 'UtteranceClassificationAgent' calling 'return_classified_sentences' (1.6689300537109375e-06 secs).
[2025-10-30 14:49:04,834] [INFO] ENTER: 'DialogueMoveGenerator' calling 'generate'; CURRENT SPEAKER: grok-4_mas, DIALOGUE TURN NUM = 17.
[2025-10-30 14:49:04,835] [INFO] ENTER: 'MASPromptGenerator' calling 'claim_negation'; CURRENT SPEAKER: grok-4_mas, DIALOGUE TURN NUM = 17.
[2025-10-30 14:49:04,835] [INFO] EXIT: 'MASPromptGenerator' calling 'claim_negation' (2.3365020751953125e-05 secs).
[2025-10-30 14:49:04,835] [INFO] EXIT: 'DialogueMoveGenerator' calling 'generate' (0.00011873245239257812 secs).
[2025-10-30 14:49:04,835] [INFO] ENTER: 'DialogueMoveGenerator' calling 'generate'; CURRENT SPEAKER: grok-4_mas, DIALOGUE TURN NUM = 17.
[2025-10-30 14:49:04,836] [INFO] ENTER: 'MASPromptGenerator' calling 'concede_claim'; CURRENT SPEAKER: grok-4_mas, DIALOGUE TURN NUM = 17.
[2025-10-30 14:49:04,836] [INFO] EXIT: 'MASPromptGenerator' calling 'concede_claim' (2.3365020751953125e-05 secs).
[2025-10-30 14:49:04,836] [INFO] EXIT: 'DialogueMoveGenerator' calling 'generate' (0.00013208389282226562 secs).
[2025-10-30 14:49:04,836] [INFO] ENTER: 'DialogueMoveGenerator' calling 'generate'; CURRENT SPEAKER: grok-4_mas, DIALOGUE TURN NUM = 17.
[2025-10-30 14:49:04,836] [INFO] ENTER: 'MASPromptGenerator' calling 'question_claim'; CURRENT SPEAKER: grok-4_mas, DIALOGUE TURN NUM = 17.
[2025-10-30 14:49:04,836] [INFO] EXIT: 'MASPromptGenerator' calling 'question_claim' (2.3126602172851562e-05 secs).
[2025-10-30 14:49:04,837] [INFO] EXIT: 'DialogueMoveGenerator' calling 'generate' (0.00014925003051757812 secs).
[2025-10-30 14:49:04,837] [INFO] ENTER: 'DialogueMoveGenerator' calling 'generate'; CURRENT SPEAKER: grok-4_mas, DIALOGUE TURN NUM = 17.
[2025-10-30 14:49:04,837] [INFO] ENTER: 'MASPromptGenerator' calling 'why_claim'; CURRENT SPEAKER: grok-4_mas, DIALOGUE TURN NUM = 17.
[2025-10-30 14:49:04,837] [INFO] EXIT: 'MASPromptGenerator' calling 'why_claim' (2.3603439331054688e-05 secs).
[2025-10-30 14:49:04,837] [INFO] EXIT: 'DialogueMoveGenerator' calling 'generate' (0.00016164779663085938 secs).
[2025-10-30 14:49:04,839] [INFO] ENTER: 'MASPromptGenerator' calling 'persuasiveness_choice'; CURRENT SPEAKER: grok-4_mas, DIALOGUE TURN NUM = 17.
[2025-10-30 14:49:04,839] [INFO] EXIT: 'MASPromptGenerator' calling 'persuasiveness_choice' (2.2172927856445312e-05 secs).
[2025-10-30 14:49:05,392] [INFO] Completion returned and validated within 'PersuasivenessChoiceAgent'; MODEL = 'grok-4'; DIALOGUE TURN NUM = 17.
[2025-10-30 14:49:05,393] [INFO] ENTER: 'DisambiguationAgent' calling 'return_disambiguated_sentences'; CURRENT SPEAKER: grok-4_mas, DIALOGUE TURN NUM = 17.
[2025-10-30 14:49:05,393] [INFO] EXIT: 'DisambiguationAgent' calling 'return_disambiguated_sentences' (1.9073486328125e-06 secs).
[2025-10-30 14:49:05,393] [ERROR] Wrong state used; State of type HumanState; error message: dict has unexpected extra key(s): "graph_rag_examples", "intermediate_generations", "knowledge_base_ensemble_or_model_name", "model_seed", "model_temp", "model_top_p", "number_of_graph_rag_examples", "number_of_vector_based_rag_examples", "political_position_prob_of_na", "political_position_range", "political_position_std", "speaker_model_name", "speaker_type", "vector_based_persona_string", "vector_based_persona_sys_prompt"
[2025-10-30 14:49:05,394] [INFO] Correct state used; State of type GenerationAgentsState; 'IGNORE THE ABOVE ERRORS'.
[2025-10-30 14:49:05,486] [ERROR] Wrong state used; State of type HumanState; error message: dict has unexpected extra key(s): "graph_rag_examples", "intermediate_generations", "knowledge_base_ensemble_or_model_name", "model_seed", "model_temp", "model_top_p", "number_of_graph_rag_examples", "number_of_vector_based_rag_examples", "political_position_prob_of_na", "political_position_range", "political_position_std", "speaker_model_name", "speaker_type", "vector_based_persona_string", "vector_based_persona_sys_prompt"
[2025-10-30 14:49:05,487] [INFO] Correct state used; State of type GenerationAgentsState; 'IGNORE THE ABOVE ERRORS'.
[2025-10-30 14:49:05,487] [INFO] ENTER: 'UtteranceClassificationAgent' calling '_classify_sentence_utterance_types'; CURRENT SPEAKER: mistral-medium_mas_rag, DIALOGUE TURN NUM = 18.
[2025-10-30 14:49:05,911] [INFO] 'UtteranceClassificationAgent' completion returned and validated from MODEL = 'ModelName.MISTRAL_MEDIUM'.
[2025-10-30 14:49:05,911] [INFO] EXIT: 'UtteranceClassificationAgent' calling '_classify_sentence_utterance_types' (0.4238109588623047 secs).
[2025-10-30 14:49:05,911] [INFO] ENTER: 'UtteranceClassificationAgent' calling 'return_classified_sentences'; CURRENT SPEAKER: mistral-medium_mas_rag, DIALOGUE TURN NUM = 18.
[2025-10-30 14:49:05,911] [INFO] EXIT: 'UtteranceClassificationAgent' calling 'return_classified_sentences' (1.430511474609375e-06 secs).
[2025-10-30 14:49:05,927] [INFO] ENTER: 'GraphRAG' calling 'why'; CURRENT SPEAKER: mistral-medium_mas_rag, DIALOGUE TURN NUM = 18.
[2025-10-30 14:49:05,927] [INFO] ENTER: 'GraphRAG' calling 'query_graph'; CURRENT SPEAKER: mistral-medium_mas_rag, DIALOGUE TURN NUM = 18.
[2025-10-30 14:49:06,627] [INFO] EXIT: 'GraphRAG' calling 'query_graph' (0.6996381282806396 secs).
[2025-10-30 14:49:06,627] [INFO] EXIT: 'GraphRAG' calling 'why' (0.7000467777252197 secs).
[2025-10-30 14:49:06,627] [INFO] ENTER: 'GraphRAG' calling 'claim_negation'; CURRENT SPEAKER: mistral-medium_mas_rag, DIALOGUE TURN NUM = 18.
[2025-10-30 14:49:06,627] [INFO] ENTER: 'GraphRAG' calling 'query_graph'; CURRENT SPEAKER: mistral-medium_mas_rag, DIALOGUE TURN NUM = 18.
[2025-10-30 14:49:07,299] [INFO] EXIT: 'GraphRAG' calling 'query_graph' (0.6717596054077148 secs).
[2025-10-30 14:49:07,299] [INFO] EXIT: 'GraphRAG' calling 'claim_negation' (0.6721923351287842 secs).
[2025-10-30 14:49:07,299] [INFO] ENTER: 'GraphRAG' calling 'concede'; CURRENT SPEAKER: mistral-medium_mas_rag, DIALOGUE TURN NUM = 18.
[2025-10-30 14:49:07,299] [INFO] ENTER: 'GraphRAG' calling 'query_graph'; CURRENT SPEAKER: mistral-medium_mas_rag, DIALOGUE TURN NUM = 18.
[2025-10-30 14:49:08,000] [INFO] EXIT: 'GraphRAG' calling 'query_graph' (0.7003672122955322 secs).
[2025-10-30 14:49:08,000] [INFO] EXIT: 'GraphRAG' calling 'concede' (0.7007846832275391 secs).
[2025-10-30 14:49:08,000] [INFO] ENTER: 'GraphRAG' calling 'question'; CURRENT SPEAKER: mistral-medium_mas_rag, DIALOGUE TURN NUM = 18.
[2025-10-30 14:49:08,000] [INFO] ENTER: 'GraphRAG' calling 'query_graph'; CURRENT SPEAKER: mistral-medium_mas_rag, DIALOGUE TURN NUM = 18.
[2025-10-30 14:49:08,114] [INFO] EXIT: 'GraphRAG' calling 'query_graph' (0.11382699012756348 secs).
[2025-10-30 14:49:08,114] [INFO] EXIT: 'GraphRAG' calling 'question' (0.11425971984863281 secs).
[2025-10-30 14:49:08,114] [INFO] ENTER: 'GraphRAG' calling 'return_rag_examples'; CURRENT SPEAKER: mistral-medium_mas_rag, DIALOGUE TURN NUM = 18.
[2025-10-30 14:49:08,114] [INFO] EXIT: 'GraphRAG' calling 'return_rag_examples' (2.6226043701171875e-06 secs).
[2025-10-30 14:49:08,117] [INFO] ENTER: 'DialogueMoveGenerator' calling 'generate'; CURRENT SPEAKER: mistral-medium_mas_rag, DIALOGUE TURN NUM = 18.
[2025-10-30 14:49:08,117] [INFO] ENTER: 'MASPromptGenerator' calling 'claim_negation'; CURRENT SPEAKER: mistral-medium_mas_rag, DIALOGUE TURN NUM = 18.
[2025-10-30 14:49:08,117] [INFO] EXIT: 'MASPromptGenerator' calling 'claim_negation' (3.838539123535156e-05 secs).
[2025-10-30 14:49:08,117] [INFO] EXIT: 'DialogueMoveGenerator' calling 'generate' (0.00015854835510253906 secs).
[2025-10-30 14:49:08,118] [INFO] ENTER: 'DialogueMoveGenerator' calling 'generate'; CURRENT SPEAKER: mistral-medium_mas_rag, DIALOGUE TURN NUM = 18.
[2025-10-30 14:49:08,119] [INFO] ENTER: 'MASPromptGenerator' calling 'concede_claim'; CURRENT SPEAKER: mistral-medium_mas_rag, DIALOGUE TURN NUM = 18.
[2025-10-30 14:49:08,119] [INFO] EXIT: 'MASPromptGenerator' calling 'concede_claim' (3.910064697265625e-05 secs).
[2025-10-30 14:49:08,119] [INFO] EXIT: 'DialogueMoveGenerator' calling 'generate' (0.00014901161193847656 secs).
[2025-10-30 14:49:08,120] [INFO] ENTER: 'DialogueMoveGenerator' calling 'generate'; CURRENT SPEAKER: mistral-medium_mas_rag, DIALOGUE TURN NUM = 18.
[2025-10-30 14:49:08,120] [INFO] ENTER: 'MASPromptGenerator' calling 'question_claim'; CURRENT SPEAKER: mistral-medium_mas_rag, DIALOGUE TURN NUM = 18.
[2025-10-30 14:49:08,120] [INFO] EXIT: 'MASPromptGenerator' calling 'question_claim' (4.3392181396484375e-05 secs).
[2025-10-30 14:49:08,120] [INFO] EXIT: 'DialogueMoveGenerator' calling 'generate' (0.0001685619354248047 secs).
[2025-10-30 14:49:08,121] [INFO] ENTER: 'DialogueMoveGenerator' calling 'generate'; CURRENT SPEAKER: mistral-medium_mas_rag, DIALOGUE TURN NUM = 18.
[2025-10-30 14:49:08,121] [INFO] ENTER: 'MASPromptGenerator' calling 'why_claim'; CURRENT SPEAKER: mistral-medium_mas_rag, DIALOGUE TURN NUM = 18.
[2025-10-30 14:49:08,121] [INFO] EXIT: 'MASPromptGenerator' calling 'why_claim' (1.9550323486328125e-05 secs).
[2025-10-30 14:49:08,121] [INFO] EXIT: 'DialogueMoveGenerator' calling 'generate' (0.00010442733764648438 secs).
[2025-10-30 14:49:08,123] [INFO] ENTER: 'MASPromptGenerator' calling 'persuasiveness_choice'; CURRENT SPEAKER: mistral-medium_mas_rag, DIALOGUE TURN NUM = 18.
[2025-10-30 14:49:08,123] [INFO] EXIT: 'MASPromptGenerator' calling 'persuasiveness_choice' (2.5272369384765625e-05 secs).
[2025-10-30 14:49:08,608] [INFO] Completion returned and validated within 'PersuasivenessChoiceAgent'; MODEL = 'mistral-medium'; DIALOGUE TURN NUM = 18.
[2025-10-30 14:49:08,609] [INFO] ENTER: 'DisambiguationAgent' calling 'return_disambiguated_sentences'; CURRENT SPEAKER: mistral-medium_mas_rag, DIALOGUE TURN NUM = 18.
[2025-10-30 14:49:08,609] [INFO] EXIT: 'DisambiguationAgent' calling 'return_disambiguated_sentences' (1.6689300537109375e-06 secs).
[2025-10-30 14:49:08,609] [ERROR] Wrong state used; State of type HumanState; error message: dict has unexpected extra key(s): "graph_rag_examples", "intermediate_generations", "knowledge_base_ensemble_or_model_name", "model_seed", "model_temp", "model_top_p", "number_of_graph_rag_examples", "number_of_vector_based_rag_examples", "political_position_prob_of_na", "political_position_range", "political_position_std", "speaker_model_name", "speaker_type", "vector_based_persona_string", "vector_based_persona_sys_prompt"
[2025-10-30 14:49:08,610] [INFO] Correct state used; State of type GenerationAgentsState; 'IGNORE THE ABOVE ERRORS'.
[2025-10-30 14:49:08,712] [ERROR] Wrong state used; State of type HumanState; error message: dict has unexpected extra key(s): "graph_rag_examples", "intermediate_generations", "knowledge_base_ensemble_or_model_name", "model_seed", "model_temp", "model_top_p", "number_of_graph_rag_examples", "number_of_vector_based_rag_examples", "political_position_prob_of_na", "political_position_range", "political_position_std", "speaker_model_name", "speaker_type", "vector_based_persona_string", "vector_based_persona_sys_prompt"
[2025-10-30 14:49:08,712] [INFO] Correct state used; State of type GenerationAgentsState; 'IGNORE THE ABOVE ERRORS'.
[2025-10-30 14:49:08,712] [INFO] ENTER: 'UtteranceClassificationAgent' calling '_classify_sentence_utterance_types'; CURRENT SPEAKER: grok-4_mas, DIALOGUE TURN NUM = 19.
[2025-10-30 14:49:09,257] [INFO] 'UtteranceClassificationAgent' completion returned and validated from MODEL = 'ModelName.GROK_4'.
[2025-10-30 14:49:09,257] [INFO] EXIT: 'UtteranceClassificationAgent' calling '_classify_sentence_utterance_types' (0.5444011688232422 secs).
[2025-10-30 14:49:09,257] [INFO] ENTER: 'UtteranceClassificationAgent' calling 'return_classified_sentences'; CURRENT SPEAKER: grok-4_mas, DIALOGUE TURN NUM = 19.
[2025-10-30 14:49:09,257] [INFO] EXIT: 'UtteranceClassificationAgent' calling 'return_classified_sentences' (1.6689300537109375e-06 secs).
[2025-10-30 14:49:09,259] [INFO] ENTER: 'DialogueMoveGenerator' calling 'generate'; CURRENT SPEAKER: grok-4_mas, DIALOGUE TURN NUM = 19.
[2025-10-30 14:49:09,259] [INFO] ENTER: 'MASPromptGenerator' calling 'claim_negation'; CURRENT SPEAKER: grok-4_mas, DIALOGUE TURN NUM = 19.
[2025-10-30 14:49:09,259] [INFO] EXIT: 'MASPromptGenerator' calling 'claim_negation' (3.337860107421875e-05 secs).
[2025-10-30 14:49:09,259] [INFO] EXIT: 'DialogueMoveGenerator' calling 'generate' (0.00014901161193847656 secs).
[2025-10-30 14:49:09,260] [INFO] ENTER: 'DialogueMoveGenerator' calling 'generate'; CURRENT SPEAKER: grok-4_mas, DIALOGUE TURN NUM = 19.
[2025-10-30 14:49:09,260] [INFO] ENTER: 'MASPromptGenerator' calling 'concede_claim'; CURRENT SPEAKER: grok-4_mas, DIALOGUE TURN NUM = 19.
[2025-10-30 14:49:09,260] [INFO] EXIT: 'MASPromptGenerator' calling 'concede_claim' (2.0265579223632812e-05 secs).
[2025-10-30 14:49:09,260] [INFO] EXIT: 'DialogueMoveGenerator' calling 'generate' (0.00011229515075683594 secs).
[2025-10-30 14:49:09,261] [INFO] ENTER: 'DialogueMoveGenerator' calling 'generate'; CURRENT SPEAKER: grok-4_mas, DIALOGUE TURN NUM = 19.
[2025-10-30 14:49:09,261] [INFO] ENTER: 'MASPromptGenerator' calling 'question_claim'; CURRENT SPEAKER: grok-4_mas, DIALOGUE TURN NUM = 19.
[2025-10-30 14:49:09,261] [INFO] EXIT: 'MASPromptGenerator' calling 'question_claim' (2.4318695068359375e-05 secs).
[2025-10-30 14:49:09,261] [INFO] EXIT: 'DialogueMoveGenerator' calling 'generate' (0.0001575946807861328 secs).
[2025-10-30 14:49:09,263] [INFO] ENTER: 'DialogueMoveGenerator' calling 'generate'; CURRENT SPEAKER: grok-4_mas, DIALOGUE TURN NUM = 19.
[2025-10-30 14:49:09,263] [INFO] ENTER: 'MASPromptGenerator' calling 'why_claim'; CURRENT SPEAKER: grok-4_mas, DIALOGUE TURN NUM = 19.
[2025-10-30 14:49:09,263] [INFO] EXIT: 'MASPromptGenerator' calling 'why_claim' (1.9788742065429688e-05 secs).
[2025-10-30 14:49:09,263] [INFO] EXIT: 'DialogueMoveGenerator' calling 'generate' (0.00010609626770019531 secs).
[2025-10-30 14:49:09,264] [INFO] ENTER: 'MASPromptGenerator' calling 'persuasiveness_choice'; CURRENT SPEAKER: grok-4_mas, DIALOGUE TURN NUM = 19.
[2025-10-30 14:49:09,264] [INFO] EXIT: 'MASPromptGenerator' calling 'persuasiveness_choice' (2.3126602172851562e-05 secs).
[2025-10-30 14:49:09,813] [INFO] Completion returned and validated within 'PersuasivenessChoiceAgent'; MODEL = 'grok-4'; DIALOGUE TURN NUM = 19.
[2025-10-30 14:49:09,814] [INFO] ENTER: 'DisambiguationAgent' calling 'return_disambiguated_sentences'; CURRENT SPEAKER: grok-4_mas, DIALOGUE TURN NUM = 19.
[2025-10-30 14:49:09,814] [INFO] EXIT: 'DisambiguationAgent' calling 'return_disambiguated_sentences' (1.9073486328125e-06 secs).
[2025-10-30 14:49:09,814] [ERROR] Wrong state used; State of type HumanState; error message: dict has unexpected extra key(s): "graph_rag_examples", "intermediate_generations", "knowledge_base_ensemble_or_model_name", "model_seed", "model_temp", "model_top_p", "number_of_graph_rag_examples", "number_of_vector_based_rag_examples", "political_position_prob_of_na", "political_position_range", "political_position_std", "speaker_model_name", "speaker_type", "vector_based_persona_string", "vector_based_persona_sys_prompt"
[2025-10-30 14:49:09,814] [INFO] Correct state used; State of type GenerationAgentsState; 'IGNORE THE ABOVE ERRORS'.
[2025-10-30 14:49:09,912] [ERROR] Wrong state used; State of type HumanState; error message: dict has unexpected extra key(s): "graph_rag_examples", "intermediate_generations", "knowledge_base_ensemble_or_model_name", "model_seed", "model_temp", "model_top_p", "number_of_graph_rag_examples", "number_of_vector_based_rag_examples", "political_position_prob_of_na", "political_position_range", "political_position_std", "speaker_model_name", "speaker_type", "vector_based_persona_string", "vector_based_persona_sys_prompt"
[2025-10-30 14:49:09,913] [INFO] Correct state used; State of type GenerationAgentsState; 'IGNORE THE ABOVE ERRORS'.
[2025-10-30 14:49:09,913] [INFO] ENTER: 'UtteranceClassificationAgent' calling '_classify_sentence_utterance_types'; CURRENT SPEAKER: mistral-medium_mas_rag, DIALOGUE TURN NUM = 20.
[2025-10-30 14:49:10,415] [INFO] 'UtteranceClassificationAgent' completion returned and validated from MODEL = 'ModelName.MISTRAL_MEDIUM'.
[2025-10-30 14:49:10,415] [INFO] EXIT: 'UtteranceClassificationAgent' calling '_classify_sentence_utterance_types' (0.5024702548980713 secs).
[2025-10-30 14:49:10,415] [INFO] ENTER: 'UtteranceClassificationAgent' calling 'return_classified_sentences'; CURRENT SPEAKER: mistral-medium_mas_rag, DIALOGUE TURN NUM = 20.
[2025-10-30 14:49:10,415] [INFO] EXIT: 'UtteranceClassificationAgent' calling 'return_classified_sentences' (1.6689300537109375e-06 secs).
[2025-10-30 14:49:10,431] [INFO] ENTER: 'GraphRAG' calling 'why'; CURRENT SPEAKER: mistral-medium_mas_rag, DIALOGUE TURN NUM = 20.
[2025-10-30 14:49:10,431] [INFO] ENTER: 'GraphRAG' calling 'query_graph'; CURRENT SPEAKER: mistral-medium_mas_rag, DIALOGUE TURN NUM = 20.
[2025-10-30 14:49:11,130] [INFO] EXIT: 'GraphRAG' calling 'query_graph' (0.6991300582885742 secs).
[2025-10-30 14:49:11,131] [INFO] EXIT: 'GraphRAG' calling 'why' (0.6995363235473633 secs).
[2025-10-30 14:49:11,131] [INFO] ENTER: 'GraphRAG' calling 'claim_negation'; CURRENT SPEAKER: mistral-medium_mas_rag, DIALOGUE TURN NUM = 20.
[2025-10-30 14:49:11,131] [INFO] ENTER: 'GraphRAG' calling 'query_graph'; CURRENT SPEAKER: mistral-medium_mas_rag, DIALOGUE TURN NUM = 20.
[2025-10-30 14:49:11,804] [INFO] EXIT: 'GraphRAG' calling 'query_graph' (0.673088550567627 secs).
[2025-10-30 14:49:11,804] [INFO] EXIT: 'GraphRAG' calling 'claim_negation' (0.6735227108001709 secs).
[2025-10-30 14:49:11,804] [INFO] ENTER: 'GraphRAG' calling 'concede'; CURRENT SPEAKER: mistral-medium_mas_rag, DIALOGUE TURN NUM = 20.
[2025-10-30 14:49:11,804] [INFO] ENTER: 'GraphRAG' calling 'query_graph'; CURRENT SPEAKER: mistral-medium_mas_rag, DIALOGUE TURN NUM = 20.
[2025-10-30 14:49:12,504] [INFO] EXIT: 'GraphRAG' calling 'query_graph' (0.6990699768066406 secs).
[2025-10-30 14:49:12,504] [INFO] EXIT: 'GraphRAG' calling 'concede' (0.699458122253418 secs).
[2025-10-30 14:49:12,504] [INFO] ENTER: 'GraphRAG' calling 'question'; CURRENT SPEAKER: mistral-medium_mas_rag, DIALOGUE TURN NUM = 20.
[2025-10-30 14:49:12,504] [INFO] ENTER: 'GraphRAG' calling 'query_graph'; CURRENT SPEAKER: mistral-medium_mas_rag, DIALOGUE TURN NUM = 20.
[2025-10-30 14:49:12,619] [INFO] EXIT: 'GraphRAG' calling 'query_graph' (0.11469745635986328 secs).
[2025-10-30 14:49:12,619] [INFO] EXIT: 'GraphRAG' calling 'question' (0.11503434181213379 secs).
[2025-10-30 14:49:12,619] [INFO] ENTER: 'GraphRAG' calling 'return_rag_examples'; CURRENT SPEAKER: mistral-medium_mas_rag, DIALOGUE TURN NUM = 20.
[2025-10-30 14:49:12,619] [INFO] EXIT: 'GraphRAG' calling 'return_rag_examples' (2.86102294921875e-06 secs).
[2025-10-30 14:49:12,621] [INFO] ENTER: 'DialogueMoveGenerator' calling 'generate'; CURRENT SPEAKER: mistral-medium_mas_rag, DIALOGUE TURN NUM = 20.
[2025-10-30 14:49:12,621] [INFO] ENTER: 'MASPromptGenerator' calling 'claim_negation'; CURRENT SPEAKER: mistral-medium_mas_rag, DIALOGUE TURN NUM = 20.
[2025-10-30 14:49:12,621] [INFO] EXIT: 'MASPromptGenerator' calling 'claim_negation' (2.6702880859375e-05 secs).
[2025-10-30 14:49:12,621] [INFO] EXIT: 'DialogueMoveGenerator' calling 'generate' (0.00013947486877441406 secs).
[2025-10-30 14:49:12,622] [INFO] ENTER: 'DialogueMoveGenerator' calling 'generate'; CURRENT SPEAKER: mistral-medium_mas_rag, DIALOGUE TURN NUM = 20.
[2025-10-30 14:49:12,622] [INFO] ENTER: 'MASPromptGenerator' calling 'concede_claim'; CURRENT SPEAKER: mistral-medium_mas_rag, DIALOGUE TURN NUM = 20.
[2025-10-30 14:49:12,623] [INFO] EXIT: 'MASPromptGenerator' calling 'concede_claim' (2.86102294921875e-05 secs).
[2025-10-30 14:49:12,623] [INFO] EXIT: 'DialogueMoveGenerator' calling 'generate' (0.00018024444580078125 secs).
[2025-10-30 14:49:12,623] [INFO] ENTER: 'DialogueMoveGenerator' calling 'generate'; CURRENT SPEAKER: mistral-medium_mas_rag, DIALOGUE TURN NUM = 20.
[2025-10-30 14:49:12,623] [INFO] ENTER: 'MASPromptGenerator' calling 'question_claim'; CURRENT SPEAKER: mistral-medium_mas_rag, DIALOGUE TURN NUM = 20.
[2025-10-30 14:49:12,623] [INFO] EXIT: 'MASPromptGenerator' calling 'question_claim' (2.6464462280273438e-05 secs).
[2025-10-30 14:49:12,623] [INFO] EXIT: 'DialogueMoveGenerator' calling 'generate' (0.00012636184692382812 secs).
[2025-10-30 14:49:12,625] [INFO] ENTER: 'DialogueMoveGenerator' calling 'generate'; CURRENT SPEAKER: mistral-medium_mas_rag, DIALOGUE TURN NUM = 20.
[2025-10-30 14:49:12,625] [INFO] ENTER: 'MASPromptGenerator' calling 'why_claim'; CURRENT SPEAKER: mistral-medium_mas_rag, DIALOGUE TURN NUM = 20.
[2025-10-30 14:49:12,625] [INFO] EXIT: 'MASPromptGenerator' calling 'why_claim' (2.09808349609375e-05 secs).
[2025-10-30 14:49:12,625] [INFO] EXIT: 'DialogueMoveGenerator' calling 'generate' (0.00011467933654785156 secs).
[2025-10-30 14:49:12,627] [INFO] ENTER: 'MASPromptGenerator' calling 'persuasiveness_choice'; CURRENT SPEAKER: mistral-medium_mas_rag, DIALOGUE TURN NUM = 20.
[2025-10-30 14:49:12,627] [INFO] EXIT: 'MASPromptGenerator' calling 'persuasiveness_choice' (4.410743713378906e-05 secs).
[2025-10-30 14:49:13,294] [INFO] Completion returned and validated within 'PersuasivenessChoiceAgent'; MODEL = 'mistral-medium'; DIALOGUE TURN NUM = 20.
[2025-10-30 14:49:13,295] [INFO] ENTER: 'DisambiguationAgent' calling 'return_disambiguated_sentences'; CURRENT SPEAKER: mistral-medium_mas_rag, DIALOGUE TURN NUM = 20.
[2025-10-30 14:49:13,295] [INFO] EXIT: 'DisambiguationAgent' calling 'return_disambiguated_sentences' (2.1457672119140625e-06 secs).
[2025-10-30 14:49:13,295] [ERROR] Wrong state used; State of type HumanState; error message: dict has unexpected extra key(s): "graph_rag_examples", "intermediate_generations", "knowledge_base_ensemble_or_model_name", "model_seed", "model_temp", "model_top_p", "number_of_graph_rag_examples", "number_of_vector_based_rag_examples", "political_position_prob_of_na", "political_position_range", "political_position_std", "speaker_model_name", "speaker_type", "vector_based_persona_string", "vector_based_persona_sys_prompt"
[2025-10-30 14:49:13,295] [INFO] Correct state used; State of type GenerationAgentsState; 'IGNORE THE ABOVE ERRORS'.
[2025-10-30 14:49:13,410] [ERROR] Wrong state used; State of type HumanState; error message: dict has unexpected extra key(s): "graph_rag_examples", "intermediate_generations", "knowledge_base_ensemble_or_model_name", "model_seed", "model_temp", "model_top_p", "number_of_graph_rag_examples", "number_of_vector_based_rag_examples", "political_position_prob_of_na", "political_position_range", "political_position_std", "speaker_model_name", "speaker_type", "vector_based_persona_string", "vector_based_persona_sys_prompt"
[2025-10-30 14:49:13,411] [INFO] Correct state used; State of type GenerationAgentsState; 'IGNORE THE ABOVE ERRORS'.
[2025-10-30 14:49:13,411] [INFO] ENTER: 'UtteranceClassificationAgent' calling '_classify_sentence_utterance_types'; CURRENT SPEAKER: grok-4_mas, DIALOGUE TURN NUM = 21.
[2025-10-30 14:49:14,119] [INFO] 'UtteranceClassificationAgent' completion returned and validated from MODEL = 'ModelName.GROK_4'.
[2025-10-30 14:49:14,119] [INFO] EXIT: 'UtteranceClassificationAgent' calling '_classify_sentence_utterance_types' (0.7077443599700928 secs).
[2025-10-30 14:49:14,119] [INFO] ENTER: 'UtteranceClassificationAgent' calling 'return_classified_sentences'; CURRENT SPEAKER: grok-4_mas, DIALOGUE TURN NUM = 21.
[2025-10-30 14:49:14,119] [INFO] EXIT: 'UtteranceClassificationAgent' calling 'return_classified_sentences' (2.1457672119140625e-06 secs).
[2025-10-30 14:49:14,121] [INFO] ENTER: 'DialogueMoveGenerator' calling 'generate'; CURRENT SPEAKER: grok-4_mas, DIALOGUE TURN NUM = 21.
[2025-10-30 14:49:14,121] [INFO] ENTER: 'MASPromptGenerator' calling 'claim_negation'; CURRENT SPEAKER: grok-4_mas, DIALOGUE TURN NUM = 21.
[2025-10-30 14:49:14,121] [INFO] EXIT: 'MASPromptGenerator' calling 'claim_negation' (2.765655517578125e-05 secs).
[2025-10-30 14:49:14,121] [INFO] EXIT: 'DialogueMoveGenerator' calling 'generate' (0.00014448165893554688 secs).
[2025-10-30 14:49:14,121] [INFO] ENTER: 'DialogueMoveGenerator' calling 'generate'; CURRENT SPEAKER: grok-4_mas, DIALOGUE TURN NUM = 21.
[2025-10-30 14:49:14,121] [INFO] ENTER: 'MASPromptGenerator' calling 'concede_claim'; CURRENT SPEAKER: grok-4_mas, DIALOGUE TURN NUM = 21.
[2025-10-30 14:49:14,121] [INFO] EXIT: 'MASPromptGenerator' calling 'concede_claim' (3.790855407714844e-05 secs).
[2025-10-30 14:49:14,121] [INFO] EXIT: 'DialogueMoveGenerator' calling 'generate' (0.0001418590545654297 secs).
[2025-10-30 14:49:14,123] [INFO] ENTER: 'DialogueMoveGenerator' calling 'generate'; CURRENT SPEAKER: grok-4_mas, DIALOGUE TURN NUM = 21.
[2025-10-30 14:49:14,123] [INFO] ENTER: 'MASPromptGenerator' calling 'question_claim'; CURRENT SPEAKER: grok-4_mas, DIALOGUE TURN NUM = 21.
[2025-10-30 14:49:14,123] [INFO] EXIT: 'MASPromptGenerator' calling 'question_claim' (2.5272369384765625e-05 secs).
[2025-10-30 14:49:14,123] [INFO] EXIT: 'DialogueMoveGenerator' calling 'generate' (0.00015234947204589844 secs).
[2025-10-30 14:49:14,124] [INFO] ENTER: 'DialogueMoveGenerator' calling 'generate'; CURRENT SPEAKER: grok-4_mas, DIALOGUE TURN NUM = 21.
[2025-10-30 14:49:14,124] [INFO] ENTER: 'MASPromptGenerator' calling 'why_claim'; CURRENT SPEAKER: grok-4_mas, DIALOGUE TURN NUM = 21.
[2025-10-30 14:49:14,124] [INFO] EXIT: 'MASPromptGenerator' calling 'why_claim' (2.4080276489257812e-05 secs).
[2025-10-30 14:49:14,124] [INFO] EXIT: 'DialogueMoveGenerator' calling 'generate' (0.00011706352233886719 secs).
[2025-10-30 14:49:14,126] [INFO] ENTER: 'MASPromptGenerator' calling 'persuasiveness_choice'; CURRENT SPEAKER: grok-4_mas, DIALOGUE TURN NUM = 21.
[2025-10-30 14:49:14,126] [INFO] EXIT: 'MASPromptGenerator' calling 'persuasiveness_choice' (2.3365020751953125e-05 secs).
[2025-10-30 14:49:14,688] [INFO] Completion returned and validated within 'PersuasivenessChoiceAgent'; MODEL = 'grok-4'; DIALOGUE TURN NUM = 21.
[2025-10-30 14:49:14,688] [INFO] ENTER: 'DisambiguationAgent' calling 'return_disambiguated_sentences'; CURRENT SPEAKER: grok-4_mas, DIALOGUE TURN NUM = 21.
[2025-10-30 14:49:14,688] [INFO] EXIT: 'DisambiguationAgent' calling 'return_disambiguated_sentences' (1.9073486328125e-06 secs).
[2025-10-30 14:49:14,689] [ERROR] Wrong state used; State of type HumanState; error message: dict has unexpected extra key(s): "graph_rag_examples", "intermediate_generations", "knowledge_base_ensemble_or_model_name", "model_seed", "model_temp", "model_top_p", "number_of_graph_rag_examples", "number_of_vector_based_rag_examples", "political_position_prob_of_na", "political_position_range", "political_position_std", "speaker_model_name", "speaker_type", "vector_based_persona_string", "vector_based_persona_sys_prompt"
[2025-10-30 14:49:14,689] [INFO] Correct state used; State of type GenerationAgentsState; 'IGNORE THE ABOVE ERRORS'.
[2025-10-30 14:49:14,781] [ERROR] Wrong state used; State of type HumanState; error message: dict has unexpected extra key(s): "graph_rag_examples", "intermediate_generations", "knowledge_base_ensemble_or_model_name", "model_seed", "model_temp", "model_top_p", "number_of_graph_rag_examples", "number_of_vector_based_rag_examples", "political_position_prob_of_na", "political_position_range", "political_position_std", "speaker_model_name", "speaker_type", "vector_based_persona_string", "vector_based_persona_sys_prompt"
[2025-10-30 14:49:14,781] [INFO] Correct state used; State of type GenerationAgentsState; 'IGNORE THE ABOVE ERRORS'.
[2025-10-30 14:49:14,781] [INFO] ENTER: 'UtteranceClassificationAgent' calling '_classify_sentence_utterance_types'; CURRENT SPEAKER: mistral-medium_mas_rag, DIALOGUE TURN NUM = 22.
[2025-10-30 14:49:15,295] [INFO] 'UtteranceClassificationAgent' completion returned and validated from MODEL = 'ModelName.MISTRAL_MEDIUM'.
[2025-10-30 14:49:15,295] [INFO] EXIT: 'UtteranceClassificationAgent' calling '_classify_sentence_utterance_types' (0.5133063793182373 secs).
[2025-10-30 14:49:15,295] [INFO] ENTER: 'UtteranceClassificationAgent' calling 'return_classified_sentences'; CURRENT SPEAKER: mistral-medium_mas_rag, DIALOGUE TURN NUM = 22.
[2025-10-30 14:49:15,295] [INFO] EXIT: 'UtteranceClassificationAgent' calling 'return_classified_sentences' (1.6689300537109375e-06 secs).
[2025-10-30 14:49:15,313] [INFO] ENTER: 'GraphRAG' calling 'why'; CURRENT SPEAKER: mistral-medium_mas_rag, DIALOGUE TURN NUM = 22.
[2025-10-30 14:49:15,313] [INFO] ENTER: 'GraphRAG' calling 'query_graph'; CURRENT SPEAKER: mistral-medium_mas_rag, DIALOGUE TURN NUM = 22.
[2025-10-30 14:49:16,011] [INFO] EXIT: 'GraphRAG' calling 'query_graph' (0.6978073120117188 secs).
[2025-10-30 14:49:16,011] [INFO] EXIT: 'GraphRAG' calling 'why' (0.6981663703918457 secs).
[2025-10-30 14:49:16,011] [INFO] ENTER: 'GraphRAG' calling 'claim_negation'; CURRENT SPEAKER: mistral-medium_mas_rag, DIALOGUE TURN NUM = 22.
[2025-10-30 14:49:16,011] [INFO] ENTER: 'GraphRAG' calling 'query_graph'; CURRENT SPEAKER: mistral-medium_mas_rag, DIALOGUE TURN NUM = 22.
[2025-10-30 14:49:16,683] [INFO] EXIT: 'GraphRAG' calling 'query_graph' (0.6720221042633057 secs).
[2025-10-30 14:49:16,684] [INFO] EXIT: 'GraphRAG' calling 'claim_negation' (0.6724114418029785 secs).
[2025-10-30 14:49:16,684] [INFO] ENTER: 'GraphRAG' calling 'concede'; CURRENT SPEAKER: mistral-medium_mas_rag, DIALOGUE TURN NUM = 22.
[2025-10-30 14:49:16,684] [INFO] ENTER: 'GraphRAG' calling 'query_graph'; CURRENT SPEAKER: mistral-medium_mas_rag, DIALOGUE TURN NUM = 22.
[2025-10-30 14:49:17,384] [INFO] EXIT: 'GraphRAG' calling 'query_graph' (0.6998882293701172 secs).
[2025-10-30 14:49:17,384] [INFO] EXIT: 'GraphRAG' calling 'concede' (0.7002408504486084 secs).
[2025-10-30 14:49:17,384] [INFO] ENTER: 'GraphRAG' calling 'question'; CURRENT SPEAKER: mistral-medium_mas_rag, DIALOGUE TURN NUM = 22.
[2025-10-30 14:49:17,384] [INFO] ENTER: 'GraphRAG' calling 'query_graph'; CURRENT SPEAKER: mistral-medium_mas_rag, DIALOGUE TURN NUM = 22.
[2025-10-30 14:49:17,498] [INFO] EXIT: 'GraphRAG' calling 'query_graph' (0.11339473724365234 secs).
[2025-10-30 14:49:17,498] [INFO] EXIT: 'GraphRAG' calling 'question' (0.11373519897460938 secs).
[2025-10-30 14:49:17,498] [INFO] ENTER: 'GraphRAG' calling 'return_rag_examples'; CURRENT SPEAKER: mistral-medium_mas_rag, DIALOGUE TURN NUM = 22.
[2025-10-30 14:49:17,498] [INFO] EXIT: 'GraphRAG' calling 'return_rag_examples' (2.384185791015625e-06 secs).
[2025-10-30 14:49:17,500] [INFO] ENTER: 'DialogueMoveGenerator' calling 'generate'; CURRENT SPEAKER: mistral-medium_mas_rag, DIALOGUE TURN NUM = 22.
[2025-10-30 14:49:17,501] [INFO] ENTER: 'DialogueMoveGenerator' calling 'generate'; CURRENT SPEAKER: mistral-medium_mas_rag, DIALOGUE TURN NUM = 22.
[2025-10-30 14:49:17,501] [INFO] ENTER: 'MASPromptGenerator' calling 'claim_negation'; CURRENT SPEAKER: mistral-medium_mas_rag, DIALOGUE TURN NUM = 22.
[2025-10-30 14:49:17,501] [INFO] ENTER: 'MASPromptGenerator' calling 'concede_claim'; CURRENT SPEAKER: mistral-medium_mas_rag, DIALOGUE TURN NUM = 22.
[2025-10-30 14:49:17,501] [INFO] ENTER: 'DialogueMoveGenerator' calling 'generate'; CURRENT SPEAKER: mistral-medium_mas_rag, DIALOGUE TURN NUM = 22.
[2025-10-30 14:49:17,501] [INFO] EXIT: 'MASPromptGenerator' calling 'claim_negation' (3.9577484130859375e-05 secs).
[2025-10-30 14:49:17,502] [INFO] ENTER: 'DialogueMoveGenerator' calling 'generate'; CURRENT SPEAKER: mistral-medium_mas_rag, DIALOGUE TURN NUM = 22.
[2025-10-30 14:49:17,502] [INFO] EXIT: 'MASPromptGenerator' calling 'concede_claim' (3.314018249511719e-05 secs).
[2025-10-30 14:49:17,502] [INFO] ENTER: 'MASPromptGenerator' calling 'question_claim'; CURRENT SPEAKER: mistral-medium_mas_rag, DIALOGUE TURN NUM = 22.
[2025-10-30 14:49:17,502] [INFO] EXIT: 'DialogueMoveGenerator' calling 'generate' (0.0013859272003173828 secs).
[2025-10-30 14:49:17,503] [INFO] ENTER: 'MASPromptGenerator' calling 'why_claim'; CURRENT SPEAKER: mistral-medium_mas_rag, DIALOGUE TURN NUM = 22.
[2025-10-30 14:49:17,503] [INFO] EXIT: 'DialogueMoveGenerator' calling 'generate' (0.0016379356384277344 secs).
[2025-10-30 14:49:17,503] [INFO] EXIT: 'MASPromptGenerator' calling 'question_claim' (2.5987625122070312e-05 secs).
[2025-10-30 14:49:17,505] [INFO] EXIT: 'DialogueMoveGenerator' calling 'generate' (0.002646923065185547 secs).
[2025-10-30 14:49:17,504] [INFO] EXIT: 'MASPromptGenerator' calling 'why_claim' (2.4318695068359375e-05 secs).
[2025-10-30 14:49:17,505] [INFO] EXIT: 'DialogueMoveGenerator' calling 'generate' (0.0025818347930908203 secs).
[2025-10-30 14:49:17,507] [INFO] ENTER: 'MASPromptGenerator' calling 'persuasiveness_choice'; CURRENT SPEAKER: mistral-medium_mas_rag, DIALOGUE TURN NUM = 22.
[2025-10-30 14:49:17,507] [INFO] EXIT: 'MASPromptGenerator' calling 'persuasiveness_choice' (2.7179718017578125e-05 secs).
[2025-10-30 14:49:17,983] [INFO] Completion returned and validated within 'PersuasivenessChoiceAgent'; MODEL = 'mistral-medium'; DIALOGUE TURN NUM = 22.
[2025-10-30 14:49:17,983] [INFO] ENTER: 'DisambiguationAgent' calling 'return_disambiguated_sentences'; CURRENT SPEAKER: mistral-medium_mas_rag, DIALOGUE TURN NUM = 22.
[2025-10-30 14:49:17,983] [INFO] EXIT: 'DisambiguationAgent' calling 'return_disambiguated_sentences' (1.9073486328125e-06 secs).
[2025-10-30 14:49:17,984] [ERROR] Wrong state used; State of type HumanState; error message: dict has unexpected extra key(s): "graph_rag_examples", "intermediate_generations", "knowledge_base_ensemble_or_model_name", "model_seed", "model_temp", "model_top_p", "number_of_graph_rag_examples", "number_of_vector_based_rag_examples", "political_position_prob_of_na", "political_position_range", "political_position_std", "speaker_model_name", "speaker_type", "vector_based_persona_string", "vector_based_persona_sys_prompt"
[2025-10-30 14:49:17,984] [INFO] Correct state used; State of type GenerationAgentsState; 'IGNORE THE ABOVE ERRORS'.
[2025-10-30 14:49:18,095] [ERROR] Wrong state used; State of type HumanState; error message: dict has unexpected extra key(s): "graph_rag_examples", "intermediate_generations", "knowledge_base_ensemble_or_model_name", "model_seed", "model_temp", "model_top_p", "number_of_graph_rag_examples", "number_of_vector_based_rag_examples", "political_position_prob_of_na", "political_position_range", "political_position_std", "speaker_model_name", "speaker_type", "vector_based_persona_string", "vector_based_persona_sys_prompt"
[2025-10-30 14:49:18,096] [INFO] Correct state used; State of type GenerationAgentsState; 'IGNORE THE ABOVE ERRORS'.
[2025-10-30 14:49:18,096] [INFO] ENTER: 'UtteranceClassificationAgent' calling '_classify_sentence_utterance_types'; CURRENT SPEAKER: grok-4_mas, DIALOGUE TURN NUM = 23.
[2025-10-30 14:49:18,637] [INFO] 'UtteranceClassificationAgent' completion returned and validated from MODEL = 'ModelName.GROK_4'.
[2025-10-30 14:49:18,637] [INFO] EXIT: 'UtteranceClassificationAgent' calling '_classify_sentence_utterance_types' (0.540891170501709 secs).
[2025-10-30 14:49:18,637] [INFO] ENTER: 'UtteranceClassificationAgent' calling 'return_classified_sentences'; CURRENT SPEAKER: grok-4_mas, DIALOGUE TURN NUM = 23.
[2025-10-30 14:49:18,637] [INFO] EXIT: 'UtteranceClassificationAgent' calling 'return_classified_sentences' (1.430511474609375e-06 secs).
[2025-10-30 14:49:18,640] [INFO] ENTER: 'DialogueMoveGenerator' calling 'generate'; CURRENT SPEAKER: grok-4_mas, DIALOGUE TURN NUM = 23.
[2025-10-30 14:49:18,640] [INFO] ENTER: 'DialogueMoveGenerator' calling 'generate'; CURRENT SPEAKER: grok-4_mas, DIALOGUE TURN NUM = 23.
[2025-10-30 14:49:18,640] [INFO] ENTER: 'MASPromptGenerator' calling 'claim_negation'; CURRENT SPEAKER: grok-4_mas, DIALOGUE TURN NUM = 23.
[2025-10-30 14:49:18,640] [INFO] ENTER: 'DialogueMoveGenerator' calling 'generate'; CURRENT SPEAKER: grok-4_mas, DIALOGUE TURN NUM = 23.
[2025-10-30 14:49:18,641] [INFO] ENTER: 'DialogueMoveGenerator' calling 'generate'; CURRENT SPEAKER: grok-4_mas, DIALOGUE TURN NUM = 23.
[2025-10-30 14:49:18,641] [INFO] ENTER: 'MASPromptGenerator' calling 'concede_claim'; CURRENT SPEAKER: grok-4_mas, DIALOGUE TURN NUM = 23.
[2025-10-30 14:49:18,641] [INFO] EXIT: 'MASPromptGenerator' calling 'claim_negation' (3.0994415283203125e-05 secs).
[2025-10-30 14:49:18,642] [INFO] EXIT: 'DialogueMoveGenerator' calling 'generate' (0.002022266387939453 secs).
[2025-10-30 14:49:18,641] [INFO] ENTER: 'MASPromptGenerator' calling 'question_claim'; CURRENT SPEAKER: grok-4_mas, DIALOGUE TURN NUM = 23.
[2025-10-30 14:49:18,642] [INFO] EXIT: 'MASPromptGenerator' calling 'concede_claim' (2.5272369384765625e-05 secs).
[2025-10-30 14:49:18,643] [INFO] EXIT: 'DialogueMoveGenerator' calling 'generate' (0.0022525787353515625 secs).
[2025-10-30 14:49:18,643] [INFO] EXIT: 'MASPromptGenerator' calling 'question_claim' (3.24249267578125e-05 secs).
[2025-10-30 14:49:18,644] [INFO] EXIT: 'DialogueMoveGenerator' calling 'generate' (0.0024280548095703125 secs).
[2025-10-30 14:49:18,642] [INFO] ENTER: 'MASPromptGenerator' calling 'why_claim'; CURRENT SPEAKER: grok-4_mas, DIALOGUE TURN NUM = 23.
[2025-10-30 14:49:18,644] [INFO] EXIT: 'MASPromptGenerator' calling 'why_claim' (2.86102294921875e-05 secs).
[2025-10-30 14:49:18,644] [INFO] EXIT: 'DialogueMoveGenerator' calling 'generate' (0.0026340484619140625 secs).
[2025-10-30 14:49:18,646] [INFO] ENTER: 'MASPromptGenerator' calling 'persuasiveness_choice'; CURRENT SPEAKER: grok-4_mas, DIALOGUE TURN NUM = 23.
[2025-10-30 14:49:18,646] [INFO] EXIT: 'MASPromptGenerator' calling 'persuasiveness_choice' (2.5033950805664062e-05 secs).
[2025-10-30 14:49:19,233] [INFO] Completion returned and validated within 'PersuasivenessChoiceAgent'; MODEL = 'grok-4'; DIALOGUE TURN NUM = 23.
[2025-10-30 14:49:19,233] [INFO] ENTER: 'DisambiguationAgent' calling 'return_disambiguated_sentences'; CURRENT SPEAKER: grok-4_mas, DIALOGUE TURN NUM = 23.
[2025-10-30 14:49:19,234] [INFO] EXIT: 'DisambiguationAgent' calling 'return_disambiguated_sentences' (1.6689300537109375e-06 secs).
[2025-10-30 14:49:19,234] [ERROR] Wrong state used; State of type HumanState; error message: dict has unexpected extra key(s): "graph_rag_examples", "intermediate_generations", "knowledge_base_ensemble_or_model_name", "model_seed", "model_temp", "model_top_p", "number_of_graph_rag_examples", "number_of_vector_based_rag_examples", "political_position_prob_of_na", "political_position_range", "political_position_std", "speaker_model_name", "speaker_type", "vector_based_persona_string", "vector_based_persona_sys_prompt"
[2025-10-30 14:49:19,234] [INFO] Correct state used; State of type GenerationAgentsState; 'IGNORE THE ABOVE ERRORS'.
[2025-10-30 14:49:19,362] [ERROR] Wrong state used; State of type HumanState; error message: dict has unexpected extra key(s): "graph_rag_examples", "intermediate_generations", "knowledge_base_ensemble_or_model_name", "model_seed", "model_temp", "model_top_p", "number_of_graph_rag_examples", "number_of_vector_based_rag_examples", "political_position_prob_of_na", "political_position_range", "political_position_std", "speaker_model_name", "speaker_type", "vector_based_persona_string", "vector_based_persona_sys_prompt"
[2025-10-30 14:49:19,362] [INFO] Correct state used; State of type GenerationAgentsState; 'IGNORE THE ABOVE ERRORS'.
[2025-10-30 14:49:19,362] [INFO] ENTER: 'UtteranceClassificationAgent' calling '_classify_sentence_utterance_types'; CURRENT SPEAKER: mistral-medium_mas_rag, DIALOGUE TURN NUM = 24.
[2025-10-30 14:49:22,440] [INFO] 'UtteranceClassificationAgent' completion returned and validated from MODEL = 'ModelName.MISTRAL_MEDIUM'.
[2025-10-30 14:49:22,440] [INFO] EXIT: 'UtteranceClassificationAgent' calling '_classify_sentence_utterance_types' (3.0783965587615967 secs).
[2025-10-30 14:49:22,440] [INFO] ENTER: 'UtteranceClassificationAgent' calling 'return_classified_sentences'; CURRENT SPEAKER: mistral-medium_mas_rag, DIALOGUE TURN NUM = 24.
[2025-10-30 14:49:22,440] [INFO] EXIT: 'UtteranceClassificationAgent' calling 'return_classified_sentences' (1.6689300537109375e-06 secs).
[2025-10-30 14:49:22,454] [INFO] ENTER: 'GraphRAG' calling 'why'; CURRENT SPEAKER: mistral-medium_mas_rag, DIALOGUE TURN NUM = 24.
[2025-10-30 14:49:22,455] [INFO] ENTER: 'GraphRAG' calling 'query_graph'; CURRENT SPEAKER: mistral-medium_mas_rag, DIALOGUE TURN NUM = 24.
[2025-10-30 14:49:23,153] [INFO] EXIT: 'GraphRAG' calling 'query_graph' (0.6985383033752441 secs).
[2025-10-30 14:49:23,153] [INFO] EXIT: 'GraphRAG' calling 'why' (0.698955774307251 secs).
[2025-10-30 14:49:23,153] [INFO] ENTER: 'GraphRAG' calling 'claim_negation'; CURRENT SPEAKER: mistral-medium_mas_rag, DIALOGUE TURN NUM = 24.
[2025-10-30 14:49:23,154] [INFO] ENTER: 'GraphRAG' calling 'query_graph'; CURRENT SPEAKER: mistral-medium_mas_rag, DIALOGUE TURN NUM = 24.
[2025-10-30 14:49:23,828] [INFO] EXIT: 'GraphRAG' calling 'query_graph' (0.6743366718292236 secs).
[2025-10-30 14:49:23,828] [INFO] EXIT: 'GraphRAG' calling 'claim_negation' (0.674741268157959 secs).
[2025-10-30 14:49:23,828] [INFO] ENTER: 'GraphRAG' calling 'concede'; CURRENT SPEAKER: mistral-medium_mas_rag, DIALOGUE TURN NUM = 24.
[2025-10-30 14:49:23,829] [INFO] ENTER: 'GraphRAG' calling 'query_graph'; CURRENT SPEAKER: mistral-medium_mas_rag, DIALOGUE TURN NUM = 24.
[2025-10-30 14:49:24,526] [INFO] EXIT: 'GraphRAG' calling 'query_graph' (0.6975967884063721 secs).
[2025-10-30 14:49:24,526] [INFO] EXIT: 'GraphRAG' calling 'concede' (0.6979818344116211 secs).
[2025-10-30 14:49:24,526] [INFO] ENTER: 'GraphRAG' calling 'question'; CURRENT SPEAKER: mistral-medium_mas_rag, DIALOGUE TURN NUM = 24.
[2025-10-30 14:49:24,527] [INFO] ENTER: 'GraphRAG' calling 'query_graph'; CURRENT SPEAKER: mistral-medium_mas_rag, DIALOGUE TURN NUM = 24.
[2025-10-30 14:49:24,642] [INFO] EXIT: 'GraphRAG' calling 'query_graph' (0.11483359336853027 secs).
[2025-10-30 14:49:24,642] [INFO] EXIT: 'GraphRAG' calling 'question' (0.11528372764587402 secs).
[2025-10-30 14:49:24,642] [INFO] ENTER: 'GraphRAG' calling 'return_rag_examples'; CURRENT SPEAKER: mistral-medium_mas_rag, DIALOGUE TURN NUM = 24.
[2025-10-30 14:49:24,642] [INFO] EXIT: 'GraphRAG' calling 'return_rag_examples' (2.1457672119140625e-06 secs).
[2025-10-30 14:49:24,644] [INFO] ENTER: 'DialogueMoveGenerator' calling 'generate'; CURRENT SPEAKER: mistral-medium_mas_rag, DIALOGUE TURN NUM = 24.
[2025-10-30 14:49:24,644] [INFO] ENTER: 'MASPromptGenerator' calling 'claim_negation'; CURRENT SPEAKER: mistral-medium_mas_rag, DIALOGUE TURN NUM = 24.
[2025-10-30 14:49:24,645] [INFO] EXIT: 'MASPromptGenerator' calling 'claim_negation' (3.457069396972656e-05 secs).
[2025-10-30 14:49:24,645] [INFO] EXIT: 'DialogueMoveGenerator' calling 'generate' (0.00017976760864257812 secs).
[2025-10-30 14:49:24,645] [INFO] ENTER: 'DialogueMoveGenerator' calling 'generate'; CURRENT SPEAKER: mistral-medium_mas_rag, DIALOGUE TURN NUM = 24.
[2025-10-30 14:49:24,645] [INFO] ENTER: 'MASPromptGenerator' calling 'concede_claim'; CURRENT SPEAKER: mistral-medium_mas_rag, DIALOGUE TURN NUM = 24.
[2025-10-30 14:49:24,645] [INFO] EXIT: 'MASPromptGenerator' calling 'concede_claim' (2.8371810913085938e-05 secs).
[2025-10-30 14:49:24,645] [INFO] EXIT: 'DialogueMoveGenerator' calling 'generate' (0.00012826919555664062 secs).
[2025-10-30 14:49:24,647] [INFO] ENTER: 'DialogueMoveGenerator' calling 'generate'; CURRENT SPEAKER: mistral-medium_mas_rag, DIALOGUE TURN NUM = 24.
[2025-10-30 14:49:24,647] [INFO] ENTER: 'MASPromptGenerator' calling 'question_claim'; CURRENT SPEAKER: mistral-medium_mas_rag, DIALOGUE TURN NUM = 24.
[2025-10-30 14:49:24,647] [INFO] EXIT: 'MASPromptGenerator' calling 'question_claim' (2.7894973754882812e-05 secs).
[2025-10-30 14:49:24,647] [INFO] EXIT: 'DialogueMoveGenerator' calling 'generate' (0.00016570091247558594 secs).
[2025-10-30 14:49:24,648] [INFO] ENTER: 'DialogueMoveGenerator' calling 'generate'; CURRENT SPEAKER: mistral-medium_mas_rag, DIALOGUE TURN NUM = 24.
[2025-10-30 14:49:24,648] [INFO] ENTER: 'MASPromptGenerator' calling 'why_claim'; CURRENT SPEAKER: mistral-medium_mas_rag, DIALOGUE TURN NUM = 24.
[2025-10-30 14:49:24,648] [INFO] EXIT: 'MASPromptGenerator' calling 'why_claim' (2.2411346435546875e-05 secs).
[2025-10-30 14:49:24,649] [INFO] EXIT: 'DialogueMoveGenerator' calling 'generate' (0.00011038780212402344 secs).
[2025-10-30 14:49:24,649] [INFO] ENTER: 'MASPromptGenerator' calling 'persuasiveness_choice'; CURRENT SPEAKER: mistral-medium_mas_rag, DIALOGUE TURN NUM = 24.
[2025-10-30 14:49:24,649] [INFO] EXIT: 'MASPromptGenerator' calling 'persuasiveness_choice' (2.2411346435546875e-05 secs).
[2025-10-30 14:49:25,173] [INFO] Completion returned and validated within 'PersuasivenessChoiceAgent'; MODEL = 'mistral-medium'; DIALOGUE TURN NUM = 24.
[2025-10-30 14:49:25,173] [INFO] ENTER: 'DisambiguationAgent' calling 'return_disambiguated_sentences'; CURRENT SPEAKER: mistral-medium_mas_rag, DIALOGUE TURN NUM = 24.
[2025-10-30 14:49:25,173] [INFO] EXIT: 'DisambiguationAgent' calling 'return_disambiguated_sentences' (2.1457672119140625e-06 secs).
[2025-10-30 14:49:25,174] [ERROR] Wrong state used; State of type HumanState; error message: dict has unexpected extra key(s): "graph_rag_examples", "intermediate_generations", "knowledge_base_ensemble_or_model_name", "model_seed", "model_temp", "model_top_p", "number_of_graph_rag_examples", "number_of_vector_based_rag_examples", "political_position_prob_of_na", "political_position_range", "political_position_std", "speaker_model_name", "speaker_type", "vector_based_persona_string", "vector_based_persona_sys_prompt"
[2025-10-30 14:49:25,174] [INFO] Correct state used; State of type GenerationAgentsState; 'IGNORE THE ABOVE ERRORS'.
[2025-10-30 14:49:25,293] [ERROR] Wrong state used; State of type HumanState; error message: dict has unexpected extra key(s): "graph_rag_examples", "intermediate_generations", "knowledge_base_ensemble_or_model_name", "model_seed", "model_temp", "model_top_p", "number_of_graph_rag_examples", "number_of_vector_based_rag_examples", "political_position_prob_of_na", "political_position_range", "political_position_std", "speaker_model_name", "speaker_type", "vector_based_persona_string", "vector_based_persona_sys_prompt"
[2025-10-30 14:49:25,293] [INFO] Correct state used; State of type GenerationAgentsState; 'IGNORE THE ABOVE ERRORS'.
[2025-10-30 14:49:25,293] [INFO] ENTER: 'UtteranceClassificationAgent' calling '_classify_sentence_utterance_types'; CURRENT SPEAKER: grok-4_mas, DIALOGUE TURN NUM = 25.
[2025-10-30 14:49:25,852] [INFO] 'UtteranceClassificationAgent' completion returned and validated from MODEL = 'ModelName.GROK_4'.
[2025-10-30 14:49:25,852] [INFO] EXIT: 'UtteranceClassificationAgent' calling '_classify_sentence_utterance_types' (0.5591328144073486 secs).
[2025-10-30 14:49:25,852] [INFO] ENTER: 'UtteranceClassificationAgent' calling 'return_classified_sentences'; CURRENT SPEAKER: grok-4_mas, DIALOGUE TURN NUM = 25.
[2025-10-30 14:49:25,852] [INFO] EXIT: 'UtteranceClassificationAgent' calling 'return_classified_sentences' (1.430511474609375e-06 secs).
[2025-10-30 14:49:25,854] [INFO] ENTER: 'DialogueMoveGenerator' calling 'generate'; CURRENT SPEAKER: grok-4_mas, DIALOGUE TURN NUM = 25.
[2025-10-30 14:49:25,854] [INFO] ENTER: 'MASPromptGenerator' calling 'claim_negation'; CURRENT SPEAKER: grok-4_mas, DIALOGUE TURN NUM = 25.
[2025-10-30 14:49:25,854] [INFO] EXIT: 'MASPromptGenerator' calling 'claim_negation' (3.814697265625e-05 secs).
[2025-10-30 14:49:25,854] [INFO] EXIT: 'DialogueMoveGenerator' calling 'generate' (0.00017189979553222656 secs).
[2025-10-30 14:49:25,855] [INFO] ENTER: 'DialogueMoveGenerator' calling 'generate'; CURRENT SPEAKER: grok-4_mas, DIALOGUE TURN NUM = 25.
[2025-10-30 14:49:25,855] [INFO] ENTER: 'MASPromptGenerator' calling 'concede_claim'; CURRENT SPEAKER: grok-4_mas, DIALOGUE TURN NUM = 25.
[2025-10-30 14:49:25,855] [INFO] EXIT: 'MASPromptGenerator' calling 'concede_claim' (2.288818359375e-05 secs).
[2025-10-30 14:49:25,855] [INFO] EXIT: 'DialogueMoveGenerator' calling 'generate' (0.00012421607971191406 secs).
[2025-10-30 14:49:25,856] [INFO] ENTER: 'DialogueMoveGenerator' calling 'generate'; CURRENT SPEAKER: grok-4_mas, DIALOGUE TURN NUM = 25.
[2025-10-30 14:49:25,856] [INFO] ENTER: 'MASPromptGenerator' calling 'question_claim'; CURRENT SPEAKER: grok-4_mas, DIALOGUE TURN NUM = 25.
[2025-10-30 14:49:25,856] [INFO] EXIT: 'MASPromptGenerator' calling 'question_claim' (2.2172927856445312e-05 secs).
[2025-10-30 14:49:25,856] [INFO] EXIT: 'DialogueMoveGenerator' calling 'generate' (0.00011324882507324219 secs).
[2025-10-30 14:49:25,858] [INFO] ENTER: 'DialogueMoveGenerator' calling 'generate'; CURRENT SPEAKER: grok-4_mas, DIALOGUE TURN NUM = 25.
[2025-10-30 14:49:25,858] [INFO] ENTER: 'MASPromptGenerator' calling 'why_claim'; CURRENT SPEAKER: grok-4_mas, DIALOGUE TURN NUM = 25.
[2025-10-30 14:49:25,858] [INFO] EXIT: 'MASPromptGenerator' calling 'why_claim' (2.1696090698242188e-05 secs).
[2025-10-30 14:49:25,858] [INFO] EXIT: 'DialogueMoveGenerator' calling 'generate' (0.00011515617370605469 secs).
[2025-10-30 14:49:25,860] [INFO] ENTER: 'MASPromptGenerator' calling 'persuasiveness_choice'; CURRENT SPEAKER: grok-4_mas, DIALOGUE TURN NUM = 25.
[2025-10-30 14:49:25,860] [INFO] EXIT: 'MASPromptGenerator' calling 'persuasiveness_choice' (2.4557113647460938e-05 secs).
[2025-10-30 14:49:26,394] [INFO] Completion returned and validated within 'PersuasivenessChoiceAgent'; MODEL = 'grok-4'; DIALOGUE TURN NUM = 25.
[2025-10-30 14:49:26,394] [INFO] ENTER: 'DisambiguationAgent' calling 'return_disambiguated_sentences'; CURRENT SPEAKER: grok-4_mas, DIALOGUE TURN NUM = 25.
[2025-10-30 14:49:26,394] [INFO] EXIT: 'DisambiguationAgent' calling 'return_disambiguated_sentences' (1.9073486328125e-06 secs).
[2025-10-30 14:49:26,395] [ERROR] Wrong state used; State of type HumanState; error message: dict has unexpected extra key(s): "graph_rag_examples", "intermediate_generations", "knowledge_base_ensemble_or_model_name", "model_seed", "model_temp", "model_top_p", "number_of_graph_rag_examples", "number_of_vector_based_rag_examples", "political_position_prob_of_na", "political_position_range", "political_position_std", "speaker_model_name", "speaker_type", "vector_based_persona_string", "vector_based_persona_sys_prompt"
[2025-10-30 14:49:26,395] [INFO] Correct state used; State of type GenerationAgentsState; 'IGNORE THE ABOVE ERRORS'.
[2025-10-30 14:49:26,490] [ERROR] Wrong state used; State of type HumanState; error message: dict has unexpected extra key(s): "graph_rag_examples", "intermediate_generations", "knowledge_base_ensemble_or_model_name", "model_seed", "model_temp", "model_top_p", "number_of_graph_rag_examples", "number_of_vector_based_rag_examples", "political_position_prob_of_na", "political_position_range", "political_position_std", "speaker_model_name", "speaker_type", "vector_based_persona_string", "vector_based_persona_sys_prompt"
[2025-10-30 14:49:26,490] [INFO] Correct state used; State of type GenerationAgentsState; 'IGNORE THE ABOVE ERRORS'.
[2025-10-30 14:49:26,490] [INFO] ENTER: 'UtteranceClassificationAgent' calling '_classify_sentence_utterance_types'; CURRENT SPEAKER: mistral-medium_mas_rag, DIALOGUE TURN NUM = 26.
[2025-10-30 14:49:26,979] [INFO] 'UtteranceClassificationAgent' completion returned and validated from MODEL = 'ModelName.MISTRAL_MEDIUM'.
[2025-10-30 14:49:26,979] [INFO] EXIT: 'UtteranceClassificationAgent' calling '_classify_sentence_utterance_types' (0.4891693592071533 secs).
[2025-10-30 14:49:26,979] [INFO] ENTER: 'UtteranceClassificationAgent' calling 'return_classified_sentences'; CURRENT SPEAKER: mistral-medium_mas_rag, DIALOGUE TURN NUM = 26.
[2025-10-30 14:49:26,979] [INFO] EXIT: 'UtteranceClassificationAgent' calling 'return_classified_sentences' (1.6689300537109375e-06 secs).
[2025-10-30 14:49:26,994] [INFO] ENTER: 'GraphRAG' calling 'why'; CURRENT SPEAKER: mistral-medium_mas_rag, DIALOGUE TURN NUM = 26.
[2025-10-30 14:49:26,995] [INFO] ENTER: 'GraphRAG' calling 'query_graph'; CURRENT SPEAKER: mistral-medium_mas_rag, DIALOGUE TURN NUM = 26.
[2025-10-30 14:49:27,692] [INFO] EXIT: 'GraphRAG' calling 'query_graph' (0.6970746517181396 secs).
[2025-10-30 14:49:27,692] [INFO] EXIT: 'GraphRAG' calling 'why' (0.6974265575408936 secs).
[2025-10-30 14:49:27,692] [INFO] ENTER: 'GraphRAG' calling 'claim_negation'; CURRENT SPEAKER: mistral-medium_mas_rag, DIALOGUE TURN NUM = 26.
[2025-10-30 14:49:27,692] [INFO] ENTER: 'GraphRAG' calling 'query_graph'; CURRENT SPEAKER: mistral-medium_mas_rag, DIALOGUE TURN NUM = 26.
[2025-10-30 14:49:28,363] [INFO] EXIT: 'GraphRAG' calling 'query_graph' (0.6710662841796875 secs).
[2025-10-30 14:49:28,363] [INFO] EXIT: 'GraphRAG' calling 'claim_negation' (0.6714527606964111 secs).
[2025-10-30 14:49:28,364] [INFO] ENTER: 'GraphRAG' calling 'concede'; CURRENT SPEAKER: mistral-medium_mas_rag, DIALOGUE TURN NUM = 26.
[2025-10-30 14:49:28,364] [INFO] ENTER: 'GraphRAG' calling 'query_graph'; CURRENT SPEAKER: mistral-medium_mas_rag, DIALOGUE TURN NUM = 26.
[2025-10-30 14:49:29,062] [INFO] EXIT: 'GraphRAG' calling 'query_graph' (0.6980350017547607 secs).
[2025-10-30 14:49:29,062] [INFO] EXIT: 'GraphRAG' calling 'concede' (0.6983585357666016 secs).
[2025-10-30 14:49:29,062] [INFO] ENTER: 'GraphRAG' calling 'question'; CURRENT SPEAKER: mistral-medium_mas_rag, DIALOGUE TURN NUM = 26.
[2025-10-30 14:49:29,062] [INFO] ENTER: 'GraphRAG' calling 'query_graph'; CURRENT SPEAKER: mistral-medium_mas_rag, DIALOGUE TURN NUM = 26.
[2025-10-30 14:49:29,176] [INFO] EXIT: 'GraphRAG' calling 'query_graph' (0.11345100402832031 secs).
[2025-10-30 14:49:29,176] [INFO] EXIT: 'GraphRAG' calling 'question' (0.11383342742919922 secs).
[2025-10-30 14:49:29,176] [INFO] ENTER: 'GraphRAG' calling 'return_rag_examples'; CURRENT SPEAKER: mistral-medium_mas_rag, DIALOGUE TURN NUM = 26.
[2025-10-30 14:49:29,176] [INFO] EXIT: 'GraphRAG' calling 'return_rag_examples' (2.384185791015625e-06 secs).
[2025-10-30 14:49:29,178] [INFO] ENTER: 'DialogueMoveGenerator' calling 'generate'; CURRENT SPEAKER: mistral-medium_mas_rag, DIALOGUE TURN NUM = 26.
[2025-10-30 14:49:29,178] [INFO] ENTER: 'MASPromptGenerator' calling 'claim_negation'; CURRENT SPEAKER: mistral-medium_mas_rag, DIALOGUE TURN NUM = 26.
[2025-10-30 14:49:29,178] [INFO] EXIT: 'MASPromptGenerator' calling 'claim_negation' (5.2928924560546875e-05 secs).
[2025-10-30 14:49:29,178] [INFO] EXIT: 'DialogueMoveGenerator' calling 'generate' (0.00017380714416503906 secs).
[2025-10-30 14:49:29,179] [INFO] ENTER: 'DialogueMoveGenerator' calling 'generate'; CURRENT SPEAKER: mistral-medium_mas_rag, DIALOGUE TURN NUM = 26.
[2025-10-30 14:49:29,179] [INFO] ENTER: 'MASPromptGenerator' calling 'concede_claim'; CURRENT SPEAKER: mistral-medium_mas_rag, DIALOGUE TURN NUM = 26.
[2025-10-30 14:49:29,179] [INFO] EXIT: 'MASPromptGenerator' calling 'concede_claim' (2.3126602172851562e-05 secs).
[2025-10-30 14:49:29,179] [INFO] EXIT: 'DialogueMoveGenerator' calling 'generate' (0.00011515617370605469 secs).
[2025-10-30 14:49:29,181] [INFO] ENTER: 'DialogueMoveGenerator' calling 'generate'; CURRENT SPEAKER: mistral-medium_mas_rag, DIALOGUE TURN NUM = 26.
[2025-10-30 14:49:29,181] [INFO] ENTER: 'MASPromptGenerator' calling 'question_claim'; CURRENT SPEAKER: mistral-medium_mas_rag, DIALOGUE TURN NUM = 26.
[2025-10-30 14:49:29,181] [INFO] EXIT: 'MASPromptGenerator' calling 'question_claim' (2.5033950805664062e-05 secs).
[2025-10-30 14:49:29,181] [INFO] EXIT: 'DialogueMoveGenerator' calling 'generate' (0.0001246929168701172 secs).
[2025-10-30 14:49:29,182] [INFO] ENTER: 'DialogueMoveGenerator' calling 'generate'; CURRENT SPEAKER: mistral-medium_mas_rag, DIALOGUE TURN NUM = 26.
[2025-10-30 14:49:29,182] [INFO] ENTER: 'MASPromptGenerator' calling 'why_claim'; CURRENT SPEAKER: mistral-medium_mas_rag, DIALOGUE TURN NUM = 26.
[2025-10-30 14:49:29,182] [INFO] EXIT: 'MASPromptGenerator' calling 'why_claim' (2.2649765014648438e-05 secs).
[2025-10-30 14:49:29,183] [INFO] EXIT: 'DialogueMoveGenerator' calling 'generate' (0.0003590583801269531 secs).
[2025-10-30 14:49:29,184] [INFO] ENTER: 'MASPromptGenerator' calling 'persuasiveness_choice'; CURRENT SPEAKER: mistral-medium_mas_rag, DIALOGUE TURN NUM = 26.
[2025-10-30 14:49:29,184] [INFO] EXIT: 'MASPromptGenerator' calling 'persuasiveness_choice' (2.8371810913085938e-05 secs).
[2025-10-30 14:49:29,875] [INFO] Completion returned and validated within 'PersuasivenessChoiceAgent'; MODEL = 'mistral-medium'; DIALOGUE TURN NUM = 26.
[2025-10-30 14:49:29,875] [INFO] ENTER: 'DisambiguationAgent' calling 'return_disambiguated_sentences'; CURRENT SPEAKER: mistral-medium_mas_rag, DIALOGUE TURN NUM = 26.
[2025-10-30 14:49:29,875] [INFO] EXIT: 'DisambiguationAgent' calling 'return_disambiguated_sentences' (1.6689300537109375e-06 secs).
[2025-10-30 14:49:29,876] [ERROR] Wrong state used; State of type HumanState; error message: dict has unexpected extra key(s): "graph_rag_examples", "intermediate_generations", "knowledge_base_ensemble_or_model_name", "model_seed", "model_temp", "model_top_p", "number_of_graph_rag_examples", "number_of_vector_based_rag_examples", "political_position_prob_of_na", "political_position_range", "political_position_std", "speaker_model_name", "speaker_type", "vector_based_persona_string", "vector_based_persona_sys_prompt"
[2025-10-30 14:49:29,876] [INFO] Correct state used; State of type GenerationAgentsState; 'IGNORE THE ABOVE ERRORS'.
[2025-10-30 14:49:29,995] [ERROR] Wrong state used; State of type HumanState; error message: dict has unexpected extra key(s): "graph_rag_examples", "intermediate_generations", "knowledge_base_ensemble_or_model_name", "model_seed", "model_temp", "model_top_p", "number_of_graph_rag_examples", "number_of_vector_based_rag_examples", "political_position_prob_of_na", "political_position_range", "political_position_std", "speaker_model_name", "speaker_type", "vector_based_persona_string", "vector_based_persona_sys_prompt"
[2025-10-30 14:49:29,995] [INFO] Correct state used; State of type GenerationAgentsState; 'IGNORE THE ABOVE ERRORS'.
[2025-10-30 14:49:29,995] [INFO] ENTER: 'UtteranceClassificationAgent' calling '_classify_sentence_utterance_types'; CURRENT SPEAKER: grok-4_mas, DIALOGUE TURN NUM = 27.
[2025-10-30 14:49:30,616] [INFO] 'UtteranceClassificationAgent' completion returned and validated from MODEL = 'ModelName.GROK_4'.
[2025-10-30 14:49:30,616] [INFO] EXIT: 'UtteranceClassificationAgent' calling '_classify_sentence_utterance_types' (0.6205549240112305 secs).
[2025-10-30 14:49:30,616] [INFO] ENTER: 'UtteranceClassificationAgent' calling 'return_classified_sentences'; CURRENT SPEAKER: grok-4_mas, DIALOGUE TURN NUM = 27.
[2025-10-30 14:49:30,616] [INFO] EXIT: 'UtteranceClassificationAgent' calling 'return_classified_sentences' (1.6689300537109375e-06 secs).
[2025-10-30 14:49:30,618] [INFO] ENTER: 'DialogueMoveGenerator' calling 'generate'; CURRENT SPEAKER: grok-4_mas, DIALOGUE TURN NUM = 27.
[2025-10-30 14:49:30,618] [INFO] ENTER: 'MASPromptGenerator' calling 'claim_negation'; CURRENT SPEAKER: grok-4_mas, DIALOGUE TURN NUM = 27.
[2025-10-30 14:49:30,618] [INFO] EXIT: 'MASPromptGenerator' calling 'claim_negation' (2.5987625122070312e-05 secs).
[2025-10-30 14:49:30,618] [INFO] EXIT: 'DialogueMoveGenerator' calling 'generate' (0.00012135505676269531 secs).
[2025-10-30 14:49:30,619] [INFO] ENTER: 'DialogueMoveGenerator' calling 'generate'; CURRENT SPEAKER: grok-4_mas, DIALOGUE TURN NUM = 27.
[2025-10-30 14:49:30,619] [INFO] ENTER: 'MASPromptGenerator' calling 'concede_claim'; CURRENT SPEAKER: grok-4_mas, DIALOGUE TURN NUM = 27.
[2025-10-30 14:49:30,619] [INFO] EXIT: 'MASPromptGenerator' calling 'concede_claim' (2.7179718017578125e-05 secs).
[2025-10-30 14:49:30,619] [INFO] EXIT: 'DialogueMoveGenerator' calling 'generate' (0.00013780593872070312 secs).
[2025-10-30 14:49:30,620] [INFO] ENTER: 'DialogueMoveGenerator' calling 'generate'; CURRENT SPEAKER: grok-4_mas, DIALOGUE TURN NUM = 27.
[2025-10-30 14:49:30,620] [INFO] ENTER: 'MASPromptGenerator' calling 'question_claim'; CURRENT SPEAKER: grok-4_mas, DIALOGUE TURN NUM = 27.
[2025-10-30 14:49:30,620] [INFO] EXIT: 'MASPromptGenerator' calling 'question_claim' (2.193450927734375e-05 secs).
[2025-10-30 14:49:30,620] [INFO] EXIT: 'DialogueMoveGenerator' calling 'generate' (0.00011539459228515625 secs).
[2025-10-30 14:49:30,621] [INFO] ENTER: 'DialogueMoveGenerator' calling 'generate'; CURRENT SPEAKER: grok-4_mas, DIALOGUE TURN NUM = 27.
[2025-10-30 14:49:30,621] [INFO] ENTER: 'MASPromptGenerator' calling 'why_claim'; CURRENT SPEAKER: grok-4_mas, DIALOGUE TURN NUM = 27.
[2025-10-30 14:49:30,621] [INFO] EXIT: 'MASPromptGenerator' calling 'why_claim' (2.47955322265625e-05 secs).
[2025-10-30 14:49:30,621] [INFO] EXIT: 'DialogueMoveGenerator' calling 'generate' (0.00013494491577148438 secs).
[2025-10-30 14:49:30,622] [INFO] ENTER: 'MASPromptGenerator' calling 'persuasiveness_choice'; CURRENT SPEAKER: grok-4_mas, DIALOGUE TURN NUM = 27.
[2025-10-30 14:49:30,622] [INFO] EXIT: 'MASPromptGenerator' calling 'persuasiveness_choice' (2.2649765014648438e-05 secs).
[2025-10-30 14:49:31,186] [INFO] Completion returned and validated within 'PersuasivenessChoiceAgent'; MODEL = 'grok-4'; DIALOGUE TURN NUM = 27.
[2025-10-30 14:49:31,187] [INFO] ENTER: 'DisambiguationAgent' calling 'return_disambiguated_sentences'; CURRENT SPEAKER: grok-4_mas, DIALOGUE TURN NUM = 27.
[2025-10-30 14:49:31,187] [INFO] EXIT: 'DisambiguationAgent' calling 'return_disambiguated_sentences' (2.384185791015625e-06 secs).
[2025-10-30 14:49:31,187] [ERROR] Wrong state used; State of type HumanState; error message: dict has unexpected extra key(s): "graph_rag_examples", "intermediate_generations", "knowledge_base_ensemble_or_model_name", "model_seed", "model_temp", "model_top_p", "number_of_graph_rag_examples", "number_of_vector_based_rag_examples", "political_position_prob_of_na", "political_position_range", "political_position_std", "speaker_model_name", "speaker_type", "vector_based_persona_string", "vector_based_persona_sys_prompt"
[2025-10-30 14:49:31,187] [INFO] Correct state used; State of type GenerationAgentsState; 'IGNORE THE ABOVE ERRORS'.
[2025-10-30 14:49:31,281] [ERROR] Wrong state used; State of type HumanState; error message: dict has unexpected extra key(s): "graph_rag_examples", "intermediate_generations", "knowledge_base_ensemble_or_model_name", "model_seed", "model_temp", "model_top_p", "number_of_graph_rag_examples", "number_of_vector_based_rag_examples", "political_position_prob_of_na", "political_position_range", "political_position_std", "speaker_model_name", "speaker_type", "vector_based_persona_string", "vector_based_persona_sys_prompt"
[2025-10-30 14:49:31,282] [INFO] Correct state used; State of type GenerationAgentsState; 'IGNORE THE ABOVE ERRORS'.
[2025-10-30 14:49:31,282] [INFO] ENTER: 'UtteranceClassificationAgent' calling '_classify_sentence_utterance_types'; CURRENT SPEAKER: mistral-medium_mas_rag, DIALOGUE TURN NUM = 28.
[2025-10-30 14:49:31,698] [INFO] 'UtteranceClassificationAgent' completion returned and validated from MODEL = 'ModelName.MISTRAL_MEDIUM'.
[2025-10-30 14:49:31,698] [INFO] EXIT: 'UtteranceClassificationAgent' calling '_classify_sentence_utterance_types' (0.41610002517700195 secs).
[2025-10-30 14:49:31,698] [INFO] ENTER: 'UtteranceClassificationAgent' calling 'return_classified_sentences'; CURRENT SPEAKER: mistral-medium_mas_rag, DIALOGUE TURN NUM = 28.
[2025-10-30 14:49:31,698] [INFO] EXIT: 'UtteranceClassificationAgent' calling 'return_classified_sentences' (1.430511474609375e-06 secs).
[2025-10-30 14:49:31,712] [INFO] ENTER: 'GraphRAG' calling 'why'; CURRENT SPEAKER: mistral-medium_mas_rag, DIALOGUE TURN NUM = 28.
[2025-10-30 14:49:31,713] [INFO] ENTER: 'GraphRAG' calling 'query_graph'; CURRENT SPEAKER: mistral-medium_mas_rag, DIALOGUE TURN NUM = 28.
[2025-10-30 14:49:32,410] [INFO] EXIT: 'GraphRAG' calling 'query_graph' (0.6977047920227051 secs).
[2025-10-30 14:49:32,410] [INFO] EXIT: 'GraphRAG' calling 'why' (0.6981031894683838 secs).
[2025-10-30 14:49:32,410] [INFO] ENTER: 'GraphRAG' calling 'claim_negation'; CURRENT SPEAKER: mistral-medium_mas_rag, DIALOGUE TURN NUM = 28.
[2025-10-30 14:49:32,411] [INFO] ENTER: 'GraphRAG' calling 'query_graph'; CURRENT SPEAKER: mistral-medium_mas_rag, DIALOGUE TURN NUM = 28.
[2025-10-30 14:49:33,081] [INFO] EXIT: 'GraphRAG' calling 'query_graph' (0.67069411277771 secs).
[2025-10-30 14:49:33,082] [INFO] EXIT: 'GraphRAG' calling 'claim_negation' (0.6710662841796875 secs).
[2025-10-30 14:49:33,082] [INFO] ENTER: 'GraphRAG' calling 'concede'; CURRENT SPEAKER: mistral-medium_mas_rag, DIALOGUE TURN NUM = 28.
[2025-10-30 14:49:33,082] [INFO] ENTER: 'GraphRAG' calling 'query_graph'; CURRENT SPEAKER: mistral-medium_mas_rag, DIALOGUE TURN NUM = 28.
[2025-10-30 14:49:33,780] [INFO] EXIT: 'GraphRAG' calling 'query_graph' (0.6981141567230225 secs).
[2025-10-30 14:49:33,780] [INFO] EXIT: 'GraphRAG' calling 'concede' (0.6984288692474365 secs).
[2025-10-30 14:49:33,780] [INFO] ENTER: 'GraphRAG' calling 'question'; CURRENT SPEAKER: mistral-medium_mas_rag, DIALOGUE TURN NUM = 28.
[2025-10-30 14:49:33,780] [INFO] ENTER: 'GraphRAG' calling 'query_graph'; CURRENT SPEAKER: mistral-medium_mas_rag, DIALOGUE TURN NUM = 28.
[2025-10-30 14:49:33,895] [INFO] EXIT: 'GraphRAG' calling 'query_graph' (0.11443161964416504 secs).
[2025-10-30 14:49:33,895] [INFO] EXIT: 'GraphRAG' calling 'question' (0.11477804183959961 secs).
[2025-10-30 14:49:33,895] [INFO] ENTER: 'GraphRAG' calling 'return_rag_examples'; CURRENT SPEAKER: mistral-medium_mas_rag, DIALOGUE TURN NUM = 28.
[2025-10-30 14:49:33,895] [INFO] EXIT: 'GraphRAG' calling 'return_rag_examples' (2.1457672119140625e-06 secs).
[2025-10-30 14:49:33,897] [INFO] ENTER: 'DialogueMoveGenerator' calling 'generate'; CURRENT SPEAKER: mistral-medium_mas_rag, DIALOGUE TURN NUM = 28.
[2025-10-30 14:49:33,897] [INFO] ENTER: 'MASPromptGenerator' calling 'claim_negation'; CURRENT SPEAKER: mistral-medium_mas_rag, DIALOGUE TURN NUM = 28.
[2025-10-30 14:49:33,897] [INFO] EXIT: 'MASPromptGenerator' calling 'claim_negation' (4.1484832763671875e-05 secs).
[2025-10-30 14:49:33,897] [INFO] EXIT: 'DialogueMoveGenerator' calling 'generate' (0.00021839141845703125 secs).
[2025-10-30 14:49:33,898] [INFO] ENTER: 'DialogueMoveGenerator' calling 'generate'; CURRENT SPEAKER: mistral-medium_mas_rag, DIALOGUE TURN NUM = 28.
[2025-10-30 14:49:33,899] [INFO] ENTER: 'MASPromptGenerator' calling 'concede_claim'; CURRENT SPEAKER: mistral-medium_mas_rag, DIALOGUE TURN NUM = 28.
[2025-10-30 14:49:33,899] [INFO] EXIT: 'MASPromptGenerator' calling 'concede_claim' (3.170967102050781e-05 secs).
[2025-10-30 14:49:33,899] [INFO] EXIT: 'DialogueMoveGenerator' calling 'generate' (0.00014781951904296875 secs).
[2025-10-30 14:49:33,899] [INFO] ENTER: 'DialogueMoveGenerator' calling 'generate'; CURRENT SPEAKER: mistral-medium_mas_rag, DIALOGUE TURN NUM = 28.
[2025-10-30 14:49:33,899] [INFO] ENTER: 'MASPromptGenerator' calling 'question_claim'; CURRENT SPEAKER: mistral-medium_mas_rag, DIALOGUE TURN NUM = 28.
[2025-10-30 14:49:33,899] [INFO] EXIT: 'MASPromptGenerator' calling 'question_claim' (2.47955322265625e-05 secs).
[2025-10-30 14:49:33,899] [INFO] EXIT: 'DialogueMoveGenerator' calling 'generate' (0.00012636184692382812 secs).
[2025-10-30 14:49:33,902] [INFO] ENTER: 'DialogueMoveGenerator' calling 'generate'; CURRENT SPEAKER: mistral-medium_mas_rag, DIALOGUE TURN NUM = 28.
[2025-10-30 14:49:33,902] [INFO] ENTER: 'MASPromptGenerator' calling 'why_claim'; CURRENT SPEAKER: mistral-medium_mas_rag, DIALOGUE TURN NUM = 28.
[2025-10-30 14:49:33,902] [INFO] EXIT: 'MASPromptGenerator' calling 'why_claim' (2.2172927856445312e-05 secs).
[2025-10-30 14:49:33,902] [INFO] EXIT: 'DialogueMoveGenerator' calling 'generate' (0.0001232624053955078 secs).
[2025-10-30 14:49:33,903] [INFO] ENTER: 'MASPromptGenerator' calling 'persuasiveness_choice'; CURRENT SPEAKER: mistral-medium_mas_rag, DIALOGUE TURN NUM = 28.
[2025-10-30 14:49:33,903] [INFO] EXIT: 'MASPromptGenerator' calling 'persuasiveness_choice' (2.765655517578125e-05 secs).
[2025-10-30 14:49:37,880] [INFO] Completion returned and validated within 'PersuasivenessChoiceAgent'; MODEL = 'mistral-medium'; DIALOGUE TURN NUM = 28.
[2025-10-30 14:49:37,881] [INFO] ENTER: 'DisambiguationAgent' calling 'return_disambiguated_sentences'; CURRENT SPEAKER: mistral-medium_mas_rag, DIALOGUE TURN NUM = 28.
[2025-10-30 14:49:37,881] [INFO] EXIT: 'DisambiguationAgent' calling 'return_disambiguated_sentences' (1.9073486328125e-06 secs).
[2025-10-30 14:49:37,881] [ERROR] Wrong state used; State of type HumanState; error message: dict has unexpected extra key(s): "graph_rag_examples", "intermediate_generations", "knowledge_base_ensemble_or_model_name", "model_seed", "model_temp", "model_top_p", "number_of_graph_rag_examples", "number_of_vector_based_rag_examples", "political_position_prob_of_na", "political_position_range", "political_position_std", "speaker_model_name", "speaker_type", "vector_based_persona_string", "vector_based_persona_sys_prompt"
[2025-10-30 14:49:37,882] [INFO] Correct state used; State of type GenerationAgentsState; 'IGNORE THE ABOVE ERRORS'.
[2025-10-30 14:49:37,995] [ERROR] Wrong state used; State of type HumanState; error message: dict has unexpected extra key(s): "graph_rag_examples", "intermediate_generations", "knowledge_base_ensemble_or_model_name", "model_seed", "model_temp", "model_top_p", "number_of_graph_rag_examples", "number_of_vector_based_rag_examples", "political_position_prob_of_na", "political_position_range", "political_position_std", "speaker_model_name", "speaker_type", "vector_based_persona_string", "vector_based_persona_sys_prompt"
[2025-10-30 14:49:37,996] [INFO] Correct state used; State of type GenerationAgentsState; 'IGNORE THE ABOVE ERRORS'.
[2025-10-30 14:49:37,996] [INFO] ENTER: 'UtteranceClassificationAgent' calling '_classify_sentence_utterance_types'; CURRENT SPEAKER: grok-4_mas, DIALOGUE TURN NUM = 29.
[2025-10-30 14:49:38,565] [INFO] 'UtteranceClassificationAgent' completion returned and validated from MODEL = 'ModelName.GROK_4'.
[2025-10-30 14:49:38,565] [INFO] EXIT: 'UtteranceClassificationAgent' calling '_classify_sentence_utterance_types' (0.569023847579956 secs).
[2025-10-30 14:49:38,565] [INFO] ENTER: 'UtteranceClassificationAgent' calling 'return_classified_sentences'; CURRENT SPEAKER: grok-4_mas, DIALOGUE TURN NUM = 29.
[2025-10-30 14:49:38,565] [INFO] EXIT: 'UtteranceClassificationAgent' calling 'return_classified_sentences' (1.430511474609375e-06 secs).
[2025-10-30 14:49:38,567] [INFO] ENTER: 'DialogueMoveGenerator' calling 'generate'; CURRENT SPEAKER: grok-4_mas, DIALOGUE TURN NUM = 29.
[2025-10-30 14:49:38,567] [INFO] ENTER: 'MASPromptGenerator' calling 'claim_negation'; CURRENT SPEAKER: grok-4_mas, DIALOGUE TURN NUM = 29.
[2025-10-30 14:49:38,567] [INFO] EXIT: 'MASPromptGenerator' calling 'claim_negation' (2.7179718017578125e-05 secs).
[2025-10-30 14:49:38,567] [INFO] EXIT: 'DialogueMoveGenerator' calling 'generate' (0.0001456737518310547 secs).
[2025-10-30 14:49:38,568] [INFO] ENTER: 'DialogueMoveGenerator' calling 'generate'; CURRENT SPEAKER: grok-4_mas, DIALOGUE TURN NUM = 29.
[2025-10-30 14:49:38,568] [INFO] ENTER: 'MASPromptGenerator' calling 'concede_claim'; CURRENT SPEAKER: grok-4_mas, DIALOGUE TURN NUM = 29.
[2025-10-30 14:49:38,568] [INFO] EXIT: 'MASPromptGenerator' calling 'concede_claim' (2.1457672119140625e-05 secs).
[2025-10-30 14:49:38,568] [INFO] EXIT: 'DialogueMoveGenerator' calling 'generate' (0.00010633468627929688 secs).
[2025-10-30 14:49:38,568] [INFO] ENTER: 'DialogueMoveGenerator' calling 'generate'; CURRENT SPEAKER: grok-4_mas, DIALOGUE TURN NUM = 29.
[2025-10-30 14:49:38,569] [INFO] ENTER: 'MASPromptGenerator' calling 'question_claim'; CURRENT SPEAKER: grok-4_mas, DIALOGUE TURN NUM = 29.
[2025-10-30 14:49:38,569] [INFO] EXIT: 'MASPromptGenerator' calling 'question_claim' (2.3126602172851562e-05 secs).
[2025-10-30 14:49:38,569] [INFO] EXIT: 'DialogueMoveGenerator' calling 'generate' (0.00012302398681640625 secs).
[2025-10-30 14:49:38,570] [INFO] ENTER: 'DialogueMoveGenerator' calling 'generate'; CURRENT SPEAKER: grok-4_mas, DIALOGUE TURN NUM = 29.
[2025-10-30 14:49:38,570] [INFO] ENTER: 'MASPromptGenerator' calling 'why_claim'; CURRENT SPEAKER: grok-4_mas, DIALOGUE TURN NUM = 29.
[2025-10-30 14:49:38,570] [INFO] EXIT: 'MASPromptGenerator' calling 'why_claim' (2.193450927734375e-05 secs).
[2025-10-30 14:49:38,571] [INFO] EXIT: 'DialogueMoveGenerator' calling 'generate' (0.0001366138458251953 secs).
[2025-10-30 14:49:38,572] [INFO] ENTER: 'MASPromptGenerator' calling 'persuasiveness_choice'; CURRENT SPEAKER: grok-4_mas, DIALOGUE TURN NUM = 29.
[2025-10-30 14:49:38,572] [INFO] EXIT: 'MASPromptGenerator' calling 'persuasiveness_choice' (3.0279159545898438e-05 secs).
[2025-10-30 14:49:39,193] [INFO] Completion returned and validated within 'PersuasivenessChoiceAgent'; MODEL = 'grok-4'; DIALOGUE TURN NUM = 29.
[2025-10-30 14:49:39,193] [INFO] ENTER: 'DisambiguationAgent' calling 'return_disambiguated_sentences'; CURRENT SPEAKER: grok-4_mas, DIALOGUE TURN NUM = 29.
[2025-10-30 14:49:39,193] [INFO] EXIT: 'DisambiguationAgent' calling 'return_disambiguated_sentences' (1.9073486328125e-06 secs).
[2025-10-30 14:49:39,194] [ERROR] Wrong state used; State of type HumanState; error message: dict has unexpected extra key(s): "graph_rag_examples", "intermediate_generations", "knowledge_base_ensemble_or_model_name", "model_seed", "model_temp", "model_top_p", "number_of_graph_rag_examples", "number_of_vector_based_rag_examples", "political_position_prob_of_na", "political_position_range", "political_position_std", "speaker_model_name", "speaker_type", "vector_based_persona_string", "vector_based_persona_sys_prompt"
[2025-10-30 14:49:39,194] [INFO] Correct state used; State of type GenerationAgentsState; 'IGNORE THE ABOVE ERRORS'.
[2025-10-30 14:49:39,292] [ERROR] Wrong state used; State of type HumanState; error message: dict has unexpected extra key(s): "graph_rag_examples", "intermediate_generations", "knowledge_base_ensemble_or_model_name", "model_seed", "model_temp", "model_top_p", "number_of_graph_rag_examples", "number_of_vector_based_rag_examples", "political_position_prob_of_na", "political_position_range", "political_position_std", "speaker_model_name", "speaker_type", "vector_based_persona_string", "vector_based_persona_sys_prompt"
[2025-10-30 14:49:39,292] [INFO] Correct state used; State of type GenerationAgentsState; 'IGNORE THE ABOVE ERRORS'.
[2025-10-30 14:49:39,292] [INFO] ENTER: 'UtteranceClassificationAgent' calling '_classify_sentence_utterance_types'; CURRENT SPEAKER: mistral-medium_mas_rag, DIALOGUE TURN NUM = 30.
[2025-10-30 14:49:39,808] [INFO] 'UtteranceClassificationAgent' completion returned and validated from MODEL = 'ModelName.MISTRAL_MEDIUM'.
[2025-10-30 14:49:39,808] [INFO] EXIT: 'UtteranceClassificationAgent' calling '_classify_sentence_utterance_types' (0.5160853862762451 secs).
[2025-10-30 14:49:39,808] [INFO] ENTER: 'UtteranceClassificationAgent' calling 'return_classified_sentences'; CURRENT SPEAKER: mistral-medium_mas_rag, DIALOGUE TURN NUM = 30.
[2025-10-30 14:49:39,808] [INFO] EXIT: 'UtteranceClassificationAgent' calling 'return_classified_sentences' (1.430511474609375e-06 secs).
[2025-10-30 14:49:39,823] [INFO] ENTER: 'GraphRAG' calling 'why'; CURRENT SPEAKER: mistral-medium_mas_rag, DIALOGUE TURN NUM = 30.
[2025-10-30 14:49:39,823] [INFO] ENTER: 'GraphRAG' calling 'query_graph'; CURRENT SPEAKER: mistral-medium_mas_rag, DIALOGUE TURN NUM = 30.
[2025-10-30 14:49:40,523] [INFO] EXIT: 'GraphRAG' calling 'query_graph' (0.6999146938323975 secs).
[2025-10-30 14:49:40,523] [INFO] EXIT: 'GraphRAG' calling 'why' (0.700340986251831 secs).
[2025-10-30 14:49:40,523] [INFO] ENTER: 'GraphRAG' calling 'claim_negation'; CURRENT SPEAKER: mistral-medium_mas_rag, DIALOGUE TURN NUM = 30.
[2025-10-30 14:49:40,524] [INFO] ENTER: 'GraphRAG' calling 'query_graph'; CURRENT SPEAKER: mistral-medium_mas_rag, DIALOGUE TURN NUM = 30.
[2025-10-30 14:49:41,195] [INFO] EXIT: 'GraphRAG' calling 'query_graph' (0.6716189384460449 secs).
[2025-10-30 14:49:41,195] [INFO] EXIT: 'GraphRAG' calling 'claim_negation' (0.6720418930053711 secs).
[2025-10-30 14:49:41,195] [INFO] ENTER: 'GraphRAG' calling 'concede'; CURRENT SPEAKER: mistral-medium_mas_rag, DIALOGUE TURN NUM = 30.
[2025-10-30 14:49:41,196] [INFO] ENTER: 'GraphRAG' calling 'query_graph'; CURRENT SPEAKER: mistral-medium_mas_rag, DIALOGUE TURN NUM = 30.
[2025-10-30 14:49:41,896] [INFO] EXIT: 'GraphRAG' calling 'query_graph' (0.699981689453125 secs).
[2025-10-30 14:49:41,896] [INFO] EXIT: 'GraphRAG' calling 'concede' (0.7003688812255859 secs).
[2025-10-30 14:49:41,896] [INFO] ENTER: 'GraphRAG' calling 'question'; CURRENT SPEAKER: mistral-medium_mas_rag, DIALOGUE TURN NUM = 30.
[2025-10-30 14:49:41,896] [INFO] ENTER: 'GraphRAG' calling 'query_graph'; CURRENT SPEAKER: mistral-medium_mas_rag, DIALOGUE TURN NUM = 30.
[2025-10-30 14:49:42,011] [INFO] EXIT: 'GraphRAG' calling 'query_graph' (0.11474800109863281 secs).
[2025-10-30 14:49:42,011] [INFO] EXIT: 'GraphRAG' calling 'question' (0.11514806747436523 secs).
[2025-10-30 14:49:42,011] [INFO] ENTER: 'GraphRAG' calling 'return_rag_examples'; CURRENT SPEAKER: mistral-medium_mas_rag, DIALOGUE TURN NUM = 30.
[2025-10-30 14:49:42,011] [INFO] EXIT: 'GraphRAG' calling 'return_rag_examples' (1.9073486328125e-06 secs).
[2025-10-30 14:49:42,013] [INFO] ENTER: 'DialogueMoveGenerator' calling 'generate'; CURRENT SPEAKER: mistral-medium_mas_rag, DIALOGUE TURN NUM = 30.
[2025-10-30 14:49:42,013] [INFO] ENTER: 'MASPromptGenerator' calling 'claim_negation'; CURRENT SPEAKER: mistral-medium_mas_rag, DIALOGUE TURN NUM = 30.
[2025-10-30 14:49:42,013] [INFO] EXIT: 'MASPromptGenerator' calling 'claim_negation' (3.147125244140625e-05 secs).
[2025-10-30 14:49:42,013] [INFO] EXIT: 'DialogueMoveGenerator' calling 'generate' (0.00015664100646972656 secs).
[2025-10-30 14:49:42,014] [INFO] ENTER: 'DialogueMoveGenerator' calling 'generate'; CURRENT SPEAKER: mistral-medium_mas_rag, DIALOGUE TURN NUM = 30.
[2025-10-30 14:49:42,014] [INFO] ENTER: 'MASPromptGenerator' calling 'concede_claim'; CURRENT SPEAKER: mistral-medium_mas_rag, DIALOGUE TURN NUM = 30.
[2025-10-30 14:49:42,014] [INFO] EXIT: 'MASPromptGenerator' calling 'concede_claim' (3.886222839355469e-05 secs).
[2025-10-30 14:49:42,014] [INFO] EXIT: 'DialogueMoveGenerator' calling 'generate' (0.0001666545867919922 secs).
[2025-10-30 14:49:42,016] [INFO] ENTER: 'DialogueMoveGenerator' calling 'generate'; CURRENT SPEAKER: mistral-medium_mas_rag, DIALOGUE TURN NUM = 30.
[2025-10-30 14:49:42,016] [INFO] ENTER: 'MASPromptGenerator' calling 'question_claim'; CURRENT SPEAKER: mistral-medium_mas_rag, DIALOGUE TURN NUM = 30.
[2025-10-30 14:49:42,016] [INFO] EXIT: 'MASPromptGenerator' calling 'question_claim' (2.956390380859375e-05 secs).
[2025-10-30 14:49:42,016] [INFO] EXIT: 'DialogueMoveGenerator' calling 'generate' (0.00016236305236816406 secs).
[2025-10-30 14:49:42,018] [INFO] ENTER: 'DialogueMoveGenerator' calling 'generate'; CURRENT SPEAKER: mistral-medium_mas_rag, DIALOGUE TURN NUM = 30.
[2025-10-30 14:49:42,018] [INFO] ENTER: 'MASPromptGenerator' calling 'why_claim'; CURRENT SPEAKER: mistral-medium_mas_rag, DIALOGUE TURN NUM = 30.
[2025-10-30 14:49:42,018] [INFO] EXIT: 'MASPromptGenerator' calling 'why_claim' (2.5510787963867188e-05 secs).
[2025-10-30 14:49:42,018] [INFO] EXIT: 'DialogueMoveGenerator' calling 'generate' (0.0001277923583984375 secs).
[2025-10-30 14:49:42,019] [INFO] ENTER: 'MASPromptGenerator' calling 'persuasiveness_choice'; CURRENT SPEAKER: mistral-medium_mas_rag, DIALOGUE TURN NUM = 30.
[2025-10-30 14:49:42,019] [INFO] EXIT: 'MASPromptGenerator' calling 'persuasiveness_choice' (2.5033950805664062e-05 secs).
[2025-10-30 14:49:42,689] [INFO] Completion returned and validated within 'PersuasivenessChoiceAgent'; MODEL = 'mistral-medium'; DIALOGUE TURN NUM = 30.
[2025-10-30 14:49:42,690] [INFO] ENTER: 'DisambiguationAgent' calling 'return_disambiguated_sentences'; CURRENT SPEAKER: mistral-medium_mas_rag, DIALOGUE TURN NUM = 30.
[2025-10-30 14:49:42,690] [INFO] EXIT: 'DisambiguationAgent' calling 'return_disambiguated_sentences' (1.9073486328125e-06 secs).
[2025-10-30 14:49:42,690] [ERROR] Wrong state used; State of type HumanState; error message: dict has unexpected extra key(s): "graph_rag_examples", "intermediate_generations", "knowledge_base_ensemble_or_model_name", "model_seed", "model_temp", "model_top_p", "number_of_graph_rag_examples", "number_of_vector_based_rag_examples", "political_position_prob_of_na", "political_position_range", "political_position_std", "speaker_model_name", "speaker_type", "vector_based_persona_string", "vector_based_persona_sys_prompt"
[2025-10-30 14:49:42,691] [INFO] Correct state used; State of type GenerationAgentsState; 'IGNORE THE ABOVE ERRORS'.
[2025-10-30 14:49:42,810] [ERROR] Wrong state used; State of type HumanState; error message: dict has unexpected extra key(s): "graph_rag_examples", "intermediate_generations", "knowledge_base_ensemble_or_model_name", "model_seed", "model_temp", "model_top_p", "number_of_graph_rag_examples", "number_of_vector_based_rag_examples", "political_position_prob_of_na", "political_position_range", "political_position_std", "speaker_model_name", "speaker_type", "vector_based_persona_string", "vector_based_persona_sys_prompt"
[2025-10-30 14:49:42,810] [INFO] Correct state used; State of type GenerationAgentsState; 'IGNORE THE ABOVE ERRORS'.
[2025-10-30 14:49:42,810] [INFO] ENTER: 'UtteranceClassificationAgent' calling '_classify_sentence_utterance_types'; CURRENT SPEAKER: grok-4_mas, DIALOGUE TURN NUM = 31.
[2025-10-30 14:49:43,382] [INFO] 'UtteranceClassificationAgent' completion returned and validated from MODEL = 'ModelName.GROK_4'.
[2025-10-30 14:49:43,382] [INFO] EXIT: 'UtteranceClassificationAgent' calling '_classify_sentence_utterance_types' (0.5717852115631104 secs).
[2025-10-30 14:49:43,382] [INFO] ENTER: 'UtteranceClassificationAgent' calling 'return_classified_sentences'; CURRENT SPEAKER: grok-4_mas, DIALOGUE TURN NUM = 31.
[2025-10-30 14:49:43,382] [INFO] EXIT: 'UtteranceClassificationAgent' calling 'return_classified_sentences' (1.9073486328125e-06 secs).
[2025-10-30 14:49:43,384] [INFO] ENTER: 'DialogueMoveGenerator' calling 'generate'; CURRENT SPEAKER: grok-4_mas, DIALOGUE TURN NUM = 31.
[2025-10-30 14:49:43,384] [INFO] ENTER: 'MASPromptGenerator' calling 'claim_negation'; CURRENT SPEAKER: grok-4_mas, DIALOGUE TURN NUM = 31.
[2025-10-30 14:49:43,384] [INFO] EXIT: 'MASPromptGenerator' calling 'claim_negation' (3.1948089599609375e-05 secs).
[2025-10-30 14:49:43,384] [INFO] EXIT: 'DialogueMoveGenerator' calling 'generate' (0.00018334388732910156 secs).
[2025-10-30 14:49:43,385] [INFO] ENTER: 'DialogueMoveGenerator' calling 'generate'; CURRENT SPEAKER: grok-4_mas, DIALOGUE TURN NUM = 31.
[2025-10-30 14:49:43,385] [INFO] ENTER: 'MASPromptGenerator' calling 'concede_claim'; CURRENT SPEAKER: grok-4_mas, DIALOGUE TURN NUM = 31.
[2025-10-30 14:49:43,385] [INFO] EXIT: 'MASPromptGenerator' calling 'concede_claim' (3.457069396972656e-05 secs).
[2025-10-30 14:49:43,386] [INFO] EXIT: 'DialogueMoveGenerator' calling 'generate' (0.00015306472778320312 secs).
[2025-10-30 14:49:43,387] [INFO] ENTER: 'DialogueMoveGenerator' calling 'generate'; CURRENT SPEAKER: grok-4_mas, DIALOGUE TURN NUM = 31.
[2025-10-30 14:49:43,387] [INFO] ENTER: 'MASPromptGenerator' calling 'question_claim'; CURRENT SPEAKER: grok-4_mas, DIALOGUE TURN NUM = 31.
[2025-10-30 14:49:43,387] [INFO] EXIT: 'MASPromptGenerator' calling 'question_claim' (2.2649765014648438e-05 secs).
[2025-10-30 14:49:43,387] [INFO] EXIT: 'DialogueMoveGenerator' calling 'generate' (0.00011134147644042969 secs).
[2025-10-30 14:49:43,388] [INFO] ENTER: 'DialogueMoveGenerator' calling 'generate'; CURRENT SPEAKER: grok-4_mas, DIALOGUE TURN NUM = 31.
[2025-10-30 14:49:43,388] [INFO] ENTER: 'MASPromptGenerator' calling 'why_claim'; CURRENT SPEAKER: grok-4_mas, DIALOGUE TURN NUM = 31.
[2025-10-30 14:49:43,388] [INFO] EXIT: 'MASPromptGenerator' calling 'why_claim' (2.6464462280273438e-05 secs).
[2025-10-30 14:49:43,388] [INFO] EXIT: 'DialogueMoveGenerator' calling 'generate' (0.0001399517059326172 secs).
[2025-10-30 14:49:43,390] [INFO] ENTER: 'MASPromptGenerator' calling 'persuasiveness_choice'; CURRENT SPEAKER: grok-4_mas, DIALOGUE TURN NUM = 31.
[2025-10-30 14:49:43,390] [INFO] EXIT: 'MASPromptGenerator' calling 'persuasiveness_choice' (2.6941299438476562e-05 secs).
[2025-10-30 14:49:43,948] [INFO] Completion returned and validated within 'PersuasivenessChoiceAgent'; MODEL = 'grok-4'; DIALOGUE TURN NUM = 31.
[2025-10-30 14:49:43,948] [INFO] ENTER: 'DisambiguationAgent' calling 'return_disambiguated_sentences'; CURRENT SPEAKER: grok-4_mas, DIALOGUE TURN NUM = 31.
[2025-10-30 14:49:43,948] [INFO] EXIT: 'DisambiguationAgent' calling 'return_disambiguated_sentences' (1.9073486328125e-06 secs).
[2025-10-30 14:49:43,949] [ERROR] Wrong state used; State of type HumanState; error message: dict has unexpected extra key(s): "graph_rag_examples", "intermediate_generations", "knowledge_base_ensemble_or_model_name", "model_seed", "model_temp", "model_top_p", "number_of_graph_rag_examples", "number_of_vector_based_rag_examples", "political_position_prob_of_na", "political_position_range", "political_position_std", "speaker_model_name", "speaker_type", "vector_based_persona_string", "vector_based_persona_sys_prompt"
[2025-10-30 14:49:43,949] [INFO] Correct state used; State of type GenerationAgentsState; 'IGNORE THE ABOVE ERRORS'.
[2025-10-30 14:49:44,039] [ERROR] Wrong state used; State of type HumanState; error message: dict has unexpected extra key(s): "graph_rag_examples", "intermediate_generations", "knowledge_base_ensemble_or_model_name", "model_seed", "model_temp", "model_top_p", "number_of_graph_rag_examples", "number_of_vector_based_rag_examples", "political_position_prob_of_na", "political_position_range", "political_position_std", "speaker_model_name", "speaker_type", "vector_based_persona_string", "vector_based_persona_sys_prompt"
[2025-10-30 14:49:44,040] [INFO] Correct state used; State of type GenerationAgentsState; 'IGNORE THE ABOVE ERRORS'.
[2025-10-30 14:49:44,040] [INFO] ENTER: 'UtteranceClassificationAgent' calling '_classify_sentence_utterance_types'; CURRENT SPEAKER: mistral-medium_mas_rag, DIALOGUE TURN NUM = 32.
[2025-10-30 14:49:44,554] [INFO] 'UtteranceClassificationAgent' completion returned and validated from MODEL = 'ModelName.MISTRAL_MEDIUM'.
[2025-10-30 14:49:44,554] [INFO] EXIT: 'UtteranceClassificationAgent' calling '_classify_sentence_utterance_types' (0.5145528316497803 secs).
[2025-10-30 14:49:44,554] [INFO] ENTER: 'UtteranceClassificationAgent' calling 'return_classified_sentences'; CURRENT SPEAKER: mistral-medium_mas_rag, DIALOGUE TURN NUM = 32.
[2025-10-30 14:49:44,554] [INFO] EXIT: 'UtteranceClassificationAgent' calling 'return_classified_sentences' (1.9073486328125e-06 secs).
[2025-10-30 14:49:44,569] [INFO] ENTER: 'GraphRAG' calling 'why'; CURRENT SPEAKER: mistral-medium_mas_rag, DIALOGUE TURN NUM = 32.
[2025-10-30 14:49:44,570] [INFO] ENTER: 'GraphRAG' calling 'query_graph'; CURRENT SPEAKER: mistral-medium_mas_rag, DIALOGUE TURN NUM = 32.
[2025-10-30 14:49:45,267] [INFO] EXIT: 'GraphRAG' calling 'query_graph' (0.6973810195922852 secs).
[2025-10-30 14:49:45,267] [INFO] EXIT: 'GraphRAG' calling 'why' (0.6977722644805908 secs).
[2025-10-30 14:49:45,267] [INFO] ENTER: 'GraphRAG' calling 'claim_negation'; CURRENT SPEAKER: mistral-medium_mas_rag, DIALOGUE TURN NUM = 32.
[2025-10-30 14:49:45,268] [INFO] ENTER: 'GraphRAG' calling 'query_graph'; CURRENT SPEAKER: mistral-medium_mas_rag, DIALOGUE TURN NUM = 32.
[2025-10-30 14:49:45,940] [INFO] EXIT: 'GraphRAG' calling 'query_graph' (0.6719865798950195 secs).
[2025-10-30 14:49:45,940] [INFO] EXIT: 'GraphRAG' calling 'claim_negation' (0.6723990440368652 secs).
[2025-10-30 14:49:45,940] [INFO] ENTER: 'GraphRAG' calling 'concede'; CURRENT SPEAKER: mistral-medium_mas_rag, DIALOGUE TURN NUM = 32.
[2025-10-30 14:49:45,940] [INFO] ENTER: 'GraphRAG' calling 'query_graph'; CURRENT SPEAKER: mistral-medium_mas_rag, DIALOGUE TURN NUM = 32.
[2025-10-30 14:49:46,637] [INFO] EXIT: 'GraphRAG' calling 'query_graph' (0.6970884799957275 secs).
[2025-10-30 14:49:46,637] [INFO] EXIT: 'GraphRAG' calling 'concede' (0.6974525451660156 secs).
[2025-10-30 14:49:46,637] [INFO] ENTER: 'GraphRAG' calling 'question'; CURRENT SPEAKER: mistral-medium_mas_rag, DIALOGUE TURN NUM = 32.
[2025-10-30 14:49:46,638] [INFO] ENTER: 'GraphRAG' calling 'query_graph'; CURRENT SPEAKER: mistral-medium_mas_rag, DIALOGUE TURN NUM = 32.
[2025-10-30 14:49:46,752] [INFO] EXIT: 'GraphRAG' calling 'query_graph' (0.11420464515686035 secs).
[2025-10-30 14:49:46,752] [INFO] EXIT: 'GraphRAG' calling 'question' (0.11461520195007324 secs).
[2025-10-30 14:49:46,752] [INFO] ENTER: 'GraphRAG' calling 'return_rag_examples'; CURRENT SPEAKER: mistral-medium_mas_rag, DIALOGUE TURN NUM = 32.
[2025-10-30 14:49:46,752] [INFO] EXIT: 'GraphRAG' calling 'return_rag_examples' (2.86102294921875e-06 secs).
[2025-10-30 14:49:46,755] [INFO] ENTER: 'DialogueMoveGenerator' calling 'generate'; CURRENT SPEAKER: mistral-medium_mas_rag, DIALOGUE TURN NUM = 32.
[2025-10-30 14:49:46,755] [INFO] ENTER: 'MASPromptGenerator' calling 'claim_negation'; CURRENT SPEAKER: mistral-medium_mas_rag, DIALOGUE TURN NUM = 32.
[2025-10-30 14:49:46,755] [INFO] EXIT: 'MASPromptGenerator' calling 'claim_negation' (3.719329833984375e-05 secs).
[2025-10-30 14:49:46,755] [INFO] EXIT: 'DialogueMoveGenerator' calling 'generate' (0.00016808509826660156 secs).
[2025-10-30 14:49:46,755] [INFO] ENTER: 'DialogueMoveGenerator' calling 'generate'; CURRENT SPEAKER: mistral-medium_mas_rag, DIALOGUE TURN NUM = 32.
[2025-10-30 14:49:46,755] [INFO] ENTER: 'MASPromptGenerator' calling 'concede_claim'; CURRENT SPEAKER: mistral-medium_mas_rag, DIALOGUE TURN NUM = 32.
[2025-10-30 14:49:46,755] [INFO] EXIT: 'MASPromptGenerator' calling 'concede_claim' (5.054473876953125e-05 secs).
[2025-10-30 14:49:46,755] [INFO] EXIT: 'DialogueMoveGenerator' calling 'generate' (0.00015425682067871094 secs).
[2025-10-30 14:49:46,756] [INFO] ENTER: 'DialogueMoveGenerator' calling 'generate'; CURRENT SPEAKER: mistral-medium_mas_rag, DIALOGUE TURN NUM = 32.
[2025-10-30 14:49:46,756] [INFO] ENTER: 'MASPromptGenerator' calling 'question_claim'; CURRENT SPEAKER: mistral-medium_mas_rag, DIALOGUE TURN NUM = 32.
[2025-10-30 14:49:46,756] [INFO] EXIT: 'MASPromptGenerator' calling 'question_claim' (2.5272369384765625e-05 secs).
[2025-10-30 14:49:46,757] [INFO] EXIT: 'DialogueMoveGenerator' calling 'generate' (0.00012683868408203125 secs).
[2025-10-30 14:49:46,757] [INFO] ENTER: 'DialogueMoveGenerator' calling 'generate'; CURRENT SPEAKER: mistral-medium_mas_rag, DIALOGUE TURN NUM = 32.
[2025-10-30 14:49:46,757] [INFO] ENTER: 'MASPromptGenerator' calling 'why_claim'; CURRENT SPEAKER: mistral-medium_mas_rag, DIALOGUE TURN NUM = 32.
[2025-10-30 14:49:46,757] [INFO] EXIT: 'MASPromptGenerator' calling 'why_claim' (2.3603439331054688e-05 secs).
[2025-10-30 14:49:46,757] [INFO] EXIT: 'DialogueMoveGenerator' calling 'generate' (0.00011515617370605469 secs).
[2025-10-30 14:49:46,759] [INFO] ENTER: 'MASPromptGenerator' calling 'persuasiveness_choice'; CURRENT SPEAKER: mistral-medium_mas_rag, DIALOGUE TURN NUM = 32.
[2025-10-30 14:49:46,759] [INFO] EXIT: 'MASPromptGenerator' calling 'persuasiveness_choice' (2.8848648071289062e-05 secs).
[2025-10-30 14:49:47,760] [INFO] Completion returned and validated within 'PersuasivenessChoiceAgent'; MODEL = 'mistral-medium'; DIALOGUE TURN NUM = 32.
[2025-10-30 14:49:47,760] [INFO] ENTER: 'DisambiguationAgent' calling 'return_disambiguated_sentences'; CURRENT SPEAKER: mistral-medium_mas_rag, DIALOGUE TURN NUM = 32.
[2025-10-30 14:49:47,760] [INFO] EXIT: 'DisambiguationAgent' calling 'return_disambiguated_sentences' (2.1457672119140625e-06 secs).
[2025-10-30 14:49:47,760] [ERROR] Wrong state used; State of type HumanState; error message: dict has unexpected extra key(s): "graph_rag_examples", "intermediate_generations", "knowledge_base_ensemble_or_model_name", "model_seed", "model_temp", "model_top_p", "number_of_graph_rag_examples", "number_of_vector_based_rag_examples", "political_position_prob_of_na", "political_position_range", "political_position_std", "speaker_model_name", "speaker_type", "vector_based_persona_string", "vector_based_persona_sys_prompt"
[2025-10-30 14:49:47,761] [INFO] Correct state used; State of type GenerationAgentsState; 'IGNORE THE ABOVE ERRORS'.
[2025-10-30 14:49:47,883] [ERROR] Wrong state used; State of type HumanState; error message: dict has unexpected extra key(s): "graph_rag_examples", "intermediate_generations", "knowledge_base_ensemble_or_model_name", "model_seed", "model_temp", "model_top_p", "number_of_graph_rag_examples", "number_of_vector_based_rag_examples", "political_position_prob_of_na", "political_position_range", "political_position_std", "speaker_model_name", "speaker_type", "vector_based_persona_string", "vector_based_persona_sys_prompt"
[2025-10-30 14:49:47,884] [INFO] Correct state used; State of type GenerationAgentsState; 'IGNORE THE ABOVE ERRORS'.
[2025-10-30 14:49:47,884] [INFO] ENTER: 'UtteranceClassificationAgent' calling '_classify_sentence_utterance_types'; CURRENT SPEAKER: grok-4_mas, DIALOGUE TURN NUM = 33.
[2025-10-30 14:49:48,441] [INFO] 'UtteranceClassificationAgent' completion returned and validated from MODEL = 'ModelName.GROK_4'.
[2025-10-30 14:49:48,441] [INFO] EXIT: 'UtteranceClassificationAgent' calling '_classify_sentence_utterance_types' (0.557114839553833 secs).
[2025-10-30 14:49:48,441] [INFO] ENTER: 'UtteranceClassificationAgent' calling 'return_classified_sentences'; CURRENT SPEAKER: grok-4_mas, DIALOGUE TURN NUM = 33.
[2025-10-30 14:49:48,441] [INFO] EXIT: 'UtteranceClassificationAgent' calling 'return_classified_sentences' (1.6689300537109375e-06 secs).
[2025-10-30 14:49:48,444] [INFO] ENTER: 'DialogueMoveGenerator' calling 'generate'; CURRENT SPEAKER: grok-4_mas, DIALOGUE TURN NUM = 33.
[2025-10-30 14:49:48,444] [INFO] ENTER: 'MASPromptGenerator' calling 'claim_negation'; CURRENT SPEAKER: grok-4_mas, DIALOGUE TURN NUM = 33.
[2025-10-30 14:49:48,444] [INFO] EXIT: 'MASPromptGenerator' calling 'claim_negation' (3.0279159545898438e-05 secs).
[2025-10-30 14:49:48,444] [INFO] EXIT: 'DialogueMoveGenerator' calling 'generate' (0.00015282630920410156 secs).
[2025-10-30 14:49:48,445] [INFO] ENTER: 'DialogueMoveGenerator' calling 'generate'; CURRENT SPEAKER: grok-4_mas, DIALOGUE TURN NUM = 33.
[2025-10-30 14:49:48,445] [INFO] ENTER: 'MASPromptGenerator' calling 'concede_claim'; CURRENT SPEAKER: grok-4_mas, DIALOGUE TURN NUM = 33.
[2025-10-30 14:49:48,445] [INFO] EXIT: 'MASPromptGenerator' calling 'concede_claim' (2.4318695068359375e-05 secs).
[2025-10-30 14:49:48,445] [INFO] EXIT: 'DialogueMoveGenerator' calling 'generate' (0.00011920928955078125 secs).
[2025-10-30 14:49:48,447] [INFO] ENTER: 'DialogueMoveGenerator' calling 'generate'; CURRENT SPEAKER: grok-4_mas, DIALOGUE TURN NUM = 33.
[2025-10-30 14:49:48,447] [INFO] ENTER: 'MASPromptGenerator' calling 'question_claim'; CURRENT SPEAKER: grok-4_mas, DIALOGUE TURN NUM = 33.
[2025-10-30 14:49:48,447] [INFO] EXIT: 'MASPromptGenerator' calling 'question_claim' (2.4080276489257812e-05 secs).
[2025-10-30 14:49:48,447] [INFO] EXIT: 'DialogueMoveGenerator' calling 'generate' (0.00012183189392089844 secs).
[2025-10-30 14:49:48,448] [INFO] ENTER: 'DialogueMoveGenerator' calling 'generate'; CURRENT SPEAKER: grok-4_mas, DIALOGUE TURN NUM = 33.
[2025-10-30 14:49:48,448] [INFO] ENTER: 'MASPromptGenerator' calling 'why_claim'; CURRENT SPEAKER: grok-4_mas, DIALOGUE TURN NUM = 33.
[2025-10-30 14:49:48,448] [INFO] EXIT: 'MASPromptGenerator' calling 'why_claim' (2.574920654296875e-05 secs).
[2025-10-30 14:49:48,448] [INFO] EXIT: 'DialogueMoveGenerator' calling 'generate' (0.0001373291015625 secs).
[2025-10-30 14:49:48,449] [INFO] ENTER: 'MASPromptGenerator' calling 'persuasiveness_choice'; CURRENT SPEAKER: grok-4_mas, DIALOGUE TURN NUM = 33.
[2025-10-30 14:49:48,449] [INFO] EXIT: 'MASPromptGenerator' calling 'persuasiveness_choice' (2.9325485229492188e-05 secs).
[2025-10-30 14:49:49,006] [INFO] Completion returned and validated within 'PersuasivenessChoiceAgent'; MODEL = 'grok-4'; DIALOGUE TURN NUM = 33.
[2025-10-30 14:49:49,006] [INFO] ENTER: 'DisambiguationAgent' calling 'return_disambiguated_sentences'; CURRENT SPEAKER: grok-4_mas, DIALOGUE TURN NUM = 33.
[2025-10-30 14:49:49,006] [INFO] EXIT: 'DisambiguationAgent' calling 'return_disambiguated_sentences' (1.6689300537109375e-06 secs).
[2025-10-30 14:49:49,007] [ERROR] Wrong state used; State of type HumanState; error message: dict has unexpected extra key(s): "graph_rag_examples", "intermediate_generations", "knowledge_base_ensemble_or_model_name", "model_seed", "model_temp", "model_top_p", "number_of_graph_rag_examples", "number_of_vector_based_rag_examples", "political_position_prob_of_na", "political_position_range", "political_position_std", "speaker_model_name", "speaker_type", "vector_based_persona_string", "vector_based_persona_sys_prompt"
[2025-10-30 14:49:49,007] [INFO] Correct state used; State of type GenerationAgentsState; 'IGNORE THE ABOVE ERRORS'.
[2025-10-30 14:49:49,119] [ERROR] Wrong state used; State of type HumanState; error message: dict has unexpected extra key(s): "graph_rag_examples", "intermediate_generations", "knowledge_base_ensemble_or_model_name", "model_seed", "model_temp", "model_top_p", "number_of_graph_rag_examples", "number_of_vector_based_rag_examples", "political_position_prob_of_na", "political_position_range", "political_position_std", "speaker_model_name", "speaker_type", "vector_based_persona_string", "vector_based_persona_sys_prompt"
[2025-10-30 14:49:49,119] [INFO] Correct state used; State of type GenerationAgentsState; 'IGNORE THE ABOVE ERRORS'.
[2025-10-30 14:49:49,119] [INFO] ENTER: 'UtteranceClassificationAgent' calling '_classify_sentence_utterance_types'; CURRENT SPEAKER: mistral-medium_mas_rag, DIALOGUE TURN NUM = 34.
[2025-10-30 14:49:49,628] [INFO] 'UtteranceClassificationAgent' completion returned and validated from MODEL = 'ModelName.MISTRAL_MEDIUM'.
[2025-10-30 14:49:49,628] [INFO] EXIT: 'UtteranceClassificationAgent' calling '_classify_sentence_utterance_types' (0.5088543891906738 secs).
[2025-10-30 14:49:49,628] [INFO] ENTER: 'UtteranceClassificationAgent' calling 'return_classified_sentences'; CURRENT SPEAKER: mistral-medium_mas_rag, DIALOGUE TURN NUM = 34.
[2025-10-30 14:49:49,628] [INFO] EXIT: 'UtteranceClassificationAgent' calling 'return_classified_sentences' (1.1920928955078125e-06 secs).
[2025-10-30 14:49:49,644] [INFO] ENTER: 'GraphRAG' calling 'why'; CURRENT SPEAKER: mistral-medium_mas_rag, DIALOGUE TURN NUM = 34.
[2025-10-30 14:49:49,644] [INFO] ENTER: 'GraphRAG' calling 'query_graph'; CURRENT SPEAKER: mistral-medium_mas_rag, DIALOGUE TURN NUM = 34.
[2025-10-30 14:49:50,343] [INFO] EXIT: 'GraphRAG' calling 'query_graph' (0.6985955238342285 secs).
[2025-10-30 14:49:50,343] [INFO] EXIT: 'GraphRAG' calling 'why' (0.6989502906799316 secs).
[2025-10-30 14:49:50,343] [INFO] ENTER: 'GraphRAG' calling 'claim_negation'; CURRENT SPEAKER: mistral-medium_mas_rag, DIALOGUE TURN NUM = 34.
[2025-10-30 14:49:50,343] [INFO] ENTER: 'GraphRAG' calling 'query_graph'; CURRENT SPEAKER: mistral-medium_mas_rag, DIALOGUE TURN NUM = 34.
[2025-10-30 14:49:51,014] [INFO] EXIT: 'GraphRAG' calling 'query_graph' (0.6706194877624512 secs).
[2025-10-30 14:49:51,014] [INFO] EXIT: 'GraphRAG' calling 'claim_negation' (0.6710262298583984 secs).
[2025-10-30 14:49:51,014] [INFO] ENTER: 'GraphRAG' calling 'concede'; CURRENT SPEAKER: mistral-medium_mas_rag, DIALOGUE TURN NUM = 34.
[2025-10-30 14:49:51,014] [INFO] ENTER: 'GraphRAG' calling 'query_graph'; CURRENT SPEAKER: mistral-medium_mas_rag, DIALOGUE TURN NUM = 34.
[2025-10-30 14:49:51,712] [INFO] EXIT: 'GraphRAG' calling 'query_graph' (0.6981606483459473 secs).
[2025-10-30 14:49:51,712] [INFO] EXIT: 'GraphRAG' calling 'concede' (0.6984817981719971 secs).
[2025-10-30 14:49:51,712] [INFO] ENTER: 'GraphRAG' calling 'question'; CURRENT SPEAKER: mistral-medium_mas_rag, DIALOGUE TURN NUM = 34.
[2025-10-30 14:49:51,713] [INFO] ENTER: 'GraphRAG' calling 'query_graph'; CURRENT SPEAKER: mistral-medium_mas_rag, DIALOGUE TURN NUM = 34.
[2025-10-30 14:49:51,827] [INFO] EXIT: 'GraphRAG' calling 'query_graph' (0.11404919624328613 secs).
[2025-10-30 14:49:51,827] [INFO] EXIT: 'GraphRAG' calling 'question' (0.11438202857971191 secs).
[2025-10-30 14:49:51,827] [INFO] ENTER: 'GraphRAG' calling 'return_rag_examples'; CURRENT SPEAKER: mistral-medium_mas_rag, DIALOGUE TURN NUM = 34.
[2025-10-30 14:49:51,827] [INFO] EXIT: 'GraphRAG' calling 'return_rag_examples' (1.9073486328125e-06 secs).
[2025-10-30 14:49:51,830] [INFO] ENTER: 'DialogueMoveGenerator' calling 'generate'; CURRENT SPEAKER: mistral-medium_mas_rag, DIALOGUE TURN NUM = 34.
[2025-10-30 14:49:51,831] [INFO] ENTER: 'MASPromptGenerator' calling 'claim_negation'; CURRENT SPEAKER: mistral-medium_mas_rag, DIALOGUE TURN NUM = 34.
[2025-10-30 14:49:51,831] [INFO] EXIT: 'MASPromptGenerator' calling 'claim_negation' (5.1021575927734375e-05 secs).
[2025-10-30 14:49:51,831] [INFO] EXIT: 'DialogueMoveGenerator' calling 'generate' (0.0002028942108154297 secs).
[2025-10-30 14:49:51,832] [INFO] ENTER: 'DialogueMoveGenerator' calling 'generate'; CURRENT SPEAKER: mistral-medium_mas_rag, DIALOGUE TURN NUM = 34.
[2025-10-30 14:49:51,832] [INFO] ENTER: 'MASPromptGenerator' calling 'concede_claim'; CURRENT SPEAKER: mistral-medium_mas_rag, DIALOGUE TURN NUM = 34.
[2025-10-30 14:49:51,832] [INFO] EXIT: 'MASPromptGenerator' calling 'concede_claim' (3.266334533691406e-05 secs).
[2025-10-30 14:49:51,832] [INFO] EXIT: 'DialogueMoveGenerator' calling 'generate' (0.0001518726348876953 secs).
[2025-10-30 14:49:51,835] [INFO] ENTER: 'DialogueMoveGenerator' calling 'generate'; CURRENT SPEAKER: mistral-medium_mas_rag, DIALOGUE TURN NUM = 34.
[2025-10-30 14:49:51,835] [INFO] ENTER: 'MASPromptGenerator' calling 'question_claim'; CURRENT SPEAKER: mistral-medium_mas_rag, DIALOGUE TURN NUM = 34.
[2025-10-30 14:49:51,835] [INFO] EXIT: 'MASPromptGenerator' calling 'question_claim' (2.5510787963867188e-05 secs).
[2025-10-30 14:49:51,835] [INFO] EXIT: 'DialogueMoveGenerator' calling 'generate' (0.00012445449829101562 secs).
[2025-10-30 14:49:51,835] [INFO] ENTER: 'DialogueMoveGenerator' calling 'generate'; CURRENT SPEAKER: mistral-medium_mas_rag, DIALOGUE TURN NUM = 34.
[2025-10-30 14:49:51,835] [INFO] ENTER: 'MASPromptGenerator' calling 'why_claim'; CURRENT SPEAKER: mistral-medium_mas_rag, DIALOGUE TURN NUM = 34.
[2025-10-30 14:49:51,835] [INFO] EXIT: 'MASPromptGenerator' calling 'why_claim' (4.935264587402344e-05 secs).
[2025-10-30 14:49:51,835] [INFO] EXIT: 'DialogueMoveGenerator' calling 'generate' (0.00016951560974121094 secs).
[2025-10-30 14:49:51,836] [INFO] ENTER: 'MASPromptGenerator' calling 'persuasiveness_choice'; CURRENT SPEAKER: mistral-medium_mas_rag, DIALOGUE TURN NUM = 34.
[2025-10-30 14:49:51,836] [INFO] EXIT: 'MASPromptGenerator' calling 'persuasiveness_choice' (3.0994415283203125e-05 secs).
[2025-10-30 14:49:54,652] [INFO] Completion returned and validated within 'PersuasivenessChoiceAgent'; MODEL = 'mistral-medium'; DIALOGUE TURN NUM = 34.
[2025-10-30 14:49:54,653] [INFO] ENTER: 'DisambiguationAgent' calling 'return_disambiguated_sentences'; CURRENT SPEAKER: mistral-medium_mas_rag, DIALOGUE TURN NUM = 34.
[2025-10-30 14:49:54,653] [INFO] EXIT: 'DisambiguationAgent' calling 'return_disambiguated_sentences' (2.1457672119140625e-06 secs).
[2025-10-30 14:49:54,653] [ERROR] Wrong state used; State of type HumanState; error message: dict has unexpected extra key(s): "graph_rag_examples", "intermediate_generations", "knowledge_base_ensemble_or_model_name", "model_seed", "model_temp", "model_top_p", "number_of_graph_rag_examples", "number_of_vector_based_rag_examples", "political_position_prob_of_na", "political_position_range", "political_position_std", "speaker_model_name", "speaker_type", "vector_based_persona_string", "vector_based_persona_sys_prompt"
[2025-10-30 14:49:54,654] [INFO] Correct state used; State of type GenerationAgentsState; 'IGNORE THE ABOVE ERRORS'.
[2025-10-30 14:49:54,779] [ERROR] Wrong state used; State of type HumanState; error message: dict has unexpected extra key(s): "graph_rag_examples", "intermediate_generations", "knowledge_base_ensemble_or_model_name", "model_seed", "model_temp", "model_top_p", "number_of_graph_rag_examples", "number_of_vector_based_rag_examples", "political_position_prob_of_na", "political_position_range", "political_position_std", "speaker_model_name", "speaker_type", "vector_based_persona_string", "vector_based_persona_sys_prompt"
[2025-10-30 14:49:54,779] [INFO] Correct state used; State of type GenerationAgentsState; 'IGNORE THE ABOVE ERRORS'.
[2025-10-30 14:49:54,780] [INFO] ENTER: 'UtteranceClassificationAgent' calling '_classify_sentence_utterance_types'; CURRENT SPEAKER: grok-4_mas, DIALOGUE TURN NUM = 35.
[2025-10-30 14:49:55,307] [INFO] 'UtteranceClassificationAgent' completion returned and validated from MODEL = 'ModelName.GROK_4'.
[2025-10-30 14:49:55,307] [INFO] EXIT: 'UtteranceClassificationAgent' calling '_classify_sentence_utterance_types' (0.5273096561431885 secs).
[2025-10-30 14:49:55,307] [INFO] ENTER: 'UtteranceClassificationAgent' calling 'return_classified_sentences'; CURRENT SPEAKER: grok-4_mas, DIALOGUE TURN NUM = 35.
[2025-10-30 14:49:55,307] [INFO] EXIT: 'UtteranceClassificationAgent' calling 'return_classified_sentences' (1.430511474609375e-06 secs).
[2025-10-30 14:49:55,309] [INFO] ENTER: 'DialogueMoveGenerator' calling 'generate'; CURRENT SPEAKER: grok-4_mas, DIALOGUE TURN NUM = 35.
[2025-10-30 14:49:55,309] [INFO] ENTER: 'MASPromptGenerator' calling 'claim_negation'; CURRENT SPEAKER: grok-4_mas, DIALOGUE TURN NUM = 35.
[2025-10-30 14:49:55,310] [INFO] EXIT: 'MASPromptGenerator' calling 'claim_negation' (2.9802322387695312e-05 secs).
[2025-10-30 14:49:55,310] [INFO] EXIT: 'DialogueMoveGenerator' calling 'generate' (0.00014972686767578125 secs).
[2025-10-30 14:49:55,310] [INFO] ENTER: 'DialogueMoveGenerator' calling 'generate'; CURRENT SPEAKER: grok-4_mas, DIALOGUE TURN NUM = 35.
[2025-10-30 14:49:55,310] [INFO] ENTER: 'MASPromptGenerator' calling 'concede_claim'; CURRENT SPEAKER: grok-4_mas, DIALOGUE TURN NUM = 35.
[2025-10-30 14:49:55,311] [INFO] EXIT: 'MASPromptGenerator' calling 'concede_claim' (3.075599670410156e-05 secs).
[2025-10-30 14:49:55,311] [INFO] EXIT: 'DialogueMoveGenerator' calling 'generate' (0.00014829635620117188 secs).
[2025-10-30 14:49:55,312] [INFO] ENTER: 'DialogueMoveGenerator' calling 'generate'; CURRENT SPEAKER: grok-4_mas, DIALOGUE TURN NUM = 35.
[2025-10-30 14:49:55,312] [INFO] ENTER: 'MASPromptGenerator' calling 'question_claim'; CURRENT SPEAKER: grok-4_mas, DIALOGUE TURN NUM = 35.
[2025-10-30 14:49:55,312] [INFO] EXIT: 'MASPromptGenerator' calling 'question_claim' (2.6464462280273438e-05 secs).
[2025-10-30 14:49:55,312] [INFO] EXIT: 'DialogueMoveGenerator' calling 'generate' (0.0001506805419921875 secs).
[2025-10-30 14:49:55,313] [INFO] ENTER: 'DialogueMoveGenerator' calling 'generate'; CURRENT SPEAKER: grok-4_mas, DIALOGUE TURN NUM = 35.
[2025-10-30 14:49:55,313] [INFO] ENTER: 'MASPromptGenerator' calling 'why_claim'; CURRENT SPEAKER: grok-4_mas, DIALOGUE TURN NUM = 35.
[2025-10-30 14:49:55,313] [INFO] EXIT: 'MASPromptGenerator' calling 'why_claim' (2.574920654296875e-05 secs).
[2025-10-30 14:49:55,313] [INFO] EXIT: 'DialogueMoveGenerator' calling 'generate' (0.0001285076141357422 secs).
[2025-10-30 14:49:55,315] [INFO] ENTER: 'MASPromptGenerator' calling 'persuasiveness_choice'; CURRENT SPEAKER: grok-4_mas, DIALOGUE TURN NUM = 35.
[2025-10-30 14:49:55,315] [INFO] EXIT: 'MASPromptGenerator' calling 'persuasiveness_choice' (2.9802322387695312e-05 secs).
[2025-10-30 14:49:55,864] [INFO] Completion returned and validated within 'PersuasivenessChoiceAgent'; MODEL = 'grok-4'; DIALOGUE TURN NUM = 35.
[2025-10-30 14:49:55,864] [INFO] ENTER: 'DisambiguationAgent' calling 'return_disambiguated_sentences'; CURRENT SPEAKER: grok-4_mas, DIALOGUE TURN NUM = 35.
[2025-10-30 14:49:55,864] [INFO] EXIT: 'DisambiguationAgent' calling 'return_disambiguated_sentences' (2.1457672119140625e-06 secs).
[2025-10-30 14:49:55,865] [ERROR] Wrong state used; State of type HumanState; error message: dict has unexpected extra key(s): "graph_rag_examples", "intermediate_generations", "knowledge_base_ensemble_or_model_name", "model_seed", "model_temp", "model_top_p", "number_of_graph_rag_examples", "number_of_vector_based_rag_examples", "political_position_prob_of_na", "political_position_range", "political_position_std", "speaker_model_name", "speaker_type", "vector_based_persona_string", "vector_based_persona_sys_prompt"
[2025-10-30 14:49:55,865] [INFO] Correct state used; State of type GenerationAgentsState; 'IGNORE THE ABOVE ERRORS'.
[2025-10-30 14:49:55,958] [ERROR] Wrong state used; State of type HumanState; error message: dict has unexpected extra key(s): "graph_rag_examples", "intermediate_generations", "knowledge_base_ensemble_or_model_name", "model_seed", "model_temp", "model_top_p", "number_of_graph_rag_examples", "number_of_vector_based_rag_examples", "political_position_prob_of_na", "political_position_range", "political_position_std", "speaker_model_name", "speaker_type", "vector_based_persona_string", "vector_based_persona_sys_prompt"
[2025-10-30 14:49:55,958] [INFO] Correct state used; State of type GenerationAgentsState; 'IGNORE THE ABOVE ERRORS'.
[2025-10-30 14:49:55,958] [INFO] ENTER: 'UtteranceClassificationAgent' calling '_classify_sentence_utterance_types'; CURRENT SPEAKER: mistral-medium_mas_rag, DIALOGUE TURN NUM = 36.
[2025-10-30 14:49:56,471] [INFO] 'UtteranceClassificationAgent' completion returned and validated from MODEL = 'ModelName.MISTRAL_MEDIUM'.
[2025-10-30 14:49:56,471] [INFO] EXIT: 'UtteranceClassificationAgent' calling '_classify_sentence_utterance_types' (0.5124354362487793 secs).
[2025-10-30 14:49:56,471] [INFO] ENTER: 'UtteranceClassificationAgent' calling 'return_classified_sentences'; CURRENT SPEAKER: mistral-medium_mas_rag, DIALOGUE TURN NUM = 36.
[2025-10-30 14:49:56,471] [INFO] EXIT: 'UtteranceClassificationAgent' calling 'return_classified_sentences' (1.430511474609375e-06 secs).
[2025-10-30 14:49:56,485] [INFO] ENTER: 'GraphRAG' calling 'why'; CURRENT SPEAKER: mistral-medium_mas_rag, DIALOGUE TURN NUM = 36.
[2025-10-30 14:49:56,485] [INFO] ENTER: 'GraphRAG' calling 'query_graph'; CURRENT SPEAKER: mistral-medium_mas_rag, DIALOGUE TURN NUM = 36.
[2025-10-30 14:49:57,183] [INFO] EXIT: 'GraphRAG' calling 'query_graph' (0.6980457305908203 secs).
[2025-10-30 14:49:57,184] [INFO] EXIT: 'GraphRAG' calling 'why' (0.6984107494354248 secs).
[2025-10-30 14:49:57,184] [INFO] ENTER: 'GraphRAG' calling 'claim_negation'; CURRENT SPEAKER: mistral-medium_mas_rag, DIALOGUE TURN NUM = 36.
[2025-10-30 14:49:57,184] [INFO] ENTER: 'GraphRAG' calling 'query_graph'; CURRENT SPEAKER: mistral-medium_mas_rag, DIALOGUE TURN NUM = 36.
[2025-10-30 14:49:57,856] [INFO] EXIT: 'GraphRAG' calling 'query_graph' (0.6722102165222168 secs).
[2025-10-30 14:49:57,856] [INFO] EXIT: 'GraphRAG' calling 'claim_negation' (0.6725895404815674 secs).
[2025-10-30 14:49:57,856] [INFO] ENTER: 'GraphRAG' calling 'concede'; CURRENT SPEAKER: mistral-medium_mas_rag, DIALOGUE TURN NUM = 36.
[2025-10-30 14:49:57,856] [INFO] ENTER: 'GraphRAG' calling 'query_graph'; CURRENT SPEAKER: mistral-medium_mas_rag, DIALOGUE TURN NUM = 36.
[2025-10-30 14:49:58,554] [INFO] EXIT: 'GraphRAG' calling 'query_graph' (0.6978762149810791 secs).
[2025-10-30 14:49:58,554] [INFO] EXIT: 'GraphRAG' calling 'concede' (0.6982321739196777 secs).
[2025-10-30 14:49:58,554] [INFO] ENTER: 'GraphRAG' calling 'question'; CURRENT SPEAKER: mistral-medium_mas_rag, DIALOGUE TURN NUM = 36.
[2025-10-30 14:49:58,555] [INFO] ENTER: 'GraphRAG' calling 'query_graph'; CURRENT SPEAKER: mistral-medium_mas_rag, DIALOGUE TURN NUM = 36.
[2025-10-30 14:49:58,669] [INFO] EXIT: 'GraphRAG' calling 'query_graph' (0.11439132690429688 secs).
[2025-10-30 14:49:58,669] [INFO] EXIT: 'GraphRAG' calling 'question' (0.11471819877624512 secs).
[2025-10-30 14:49:58,669] [INFO] ENTER: 'GraphRAG' calling 'return_rag_examples'; CURRENT SPEAKER: mistral-medium_mas_rag, DIALOGUE TURN NUM = 36.
[2025-10-30 14:49:58,669] [INFO] EXIT: 'GraphRAG' calling 'return_rag_examples' (2.384185791015625e-06 secs).
[2025-10-30 14:49:58,672] [INFO] ENTER: 'DialogueMoveGenerator' calling 'generate'; CURRENT SPEAKER: mistral-medium_mas_rag, DIALOGUE TURN NUM = 36.
[2025-10-30 14:49:58,672] [INFO] ENTER: 'MASPromptGenerator' calling 'claim_negation'; CURRENT SPEAKER: mistral-medium_mas_rag, DIALOGUE TURN NUM = 36.
[2025-10-30 14:49:58,672] [INFO] EXIT: 'MASPromptGenerator' calling 'claim_negation' (3.838539123535156e-05 secs).
[2025-10-30 14:49:58,672] [INFO] EXIT: 'DialogueMoveGenerator' calling 'generate' (0.00016450881958007812 secs).
[2025-10-30 14:49:58,672] [INFO] ENTER: 'DialogueMoveGenerator' calling 'generate'; CURRENT SPEAKER: mistral-medium_mas_rag, DIALOGUE TURN NUM = 36.
[2025-10-30 14:49:58,672] [INFO] ENTER: 'DialogueMoveGenerator' calling 'generate'; CURRENT SPEAKER: mistral-medium_mas_rag, DIALOGUE TURN NUM = 36.
[2025-10-30 14:49:58,673] [INFO] ENTER: 'DialogueMoveGenerator' calling 'generate'; CURRENT SPEAKER: mistral-medium_mas_rag, DIALOGUE TURN NUM = 36.
[2025-10-30 14:49:58,674] [INFO] ENTER: 'MASPromptGenerator' calling 'concede_claim'; CURRENT SPEAKER: mistral-medium_mas_rag, DIALOGUE TURN NUM = 36.
[2025-10-30 14:49:58,675] [INFO] ENTER: 'MASPromptGenerator' calling 'question_claim'; CURRENT SPEAKER: mistral-medium_mas_rag, DIALOGUE TURN NUM = 36.
[2025-10-30 14:49:58,675] [INFO] ENTER: 'MASPromptGenerator' calling 'why_claim'; CURRENT SPEAKER: mistral-medium_mas_rag, DIALOGUE TURN NUM = 36.
[2025-10-30 14:49:58,675] [INFO] EXIT: 'MASPromptGenerator' calling 'concede_claim' (2.86102294921875e-05 secs).
[2025-10-30 14:49:58,675] [INFO] EXIT: 'MASPromptGenerator' calling 'question_claim' (3.0994415283203125e-05 secs).
[2025-10-30 14:49:58,675] [INFO] EXIT: 'MASPromptGenerator' calling 'why_claim' (2.3365020751953125e-05 secs).
[2025-10-30 14:49:58,675] [INFO] EXIT: 'DialogueMoveGenerator' calling 'generate' (0.0017790794372558594 secs).
[2025-10-30 14:49:58,675] [INFO] EXIT: 'DialogueMoveGenerator' calling 'generate' (0.0008463859558105469 secs).
[2025-10-30 14:49:58,675] [INFO] EXIT: 'DialogueMoveGenerator' calling 'generate' (0.0007834434509277344 secs).
[2025-10-30 14:49:58,678] [INFO] ENTER: 'MASPromptGenerator' calling 'persuasiveness_choice'; CURRENT SPEAKER: mistral-medium_mas_rag, DIALOGUE TURN NUM = 36.
[2025-10-30 14:49:58,678] [INFO] EXIT: 'MASPromptGenerator' calling 'persuasiveness_choice' (3.24249267578125e-05 secs).
[2025-10-30 14:49:59,244] [INFO] Completion returned and validated within 'PersuasivenessChoiceAgent'; MODEL = 'mistral-medium'; DIALOGUE TURN NUM = 36.
[2025-10-30 14:49:59,244] [INFO] ENTER: 'DisambiguationAgent' calling 'return_disambiguated_sentences'; CURRENT SPEAKER: mistral-medium_mas_rag, DIALOGUE TURN NUM = 36.
[2025-10-30 14:49:59,244] [INFO] EXIT: 'DisambiguationAgent' calling 'return_disambiguated_sentences' (2.1457672119140625e-06 secs).
[2025-10-30 14:49:59,245] [ERROR] Wrong state used; State of type HumanState; error message: dict has unexpected extra key(s): "graph_rag_examples", "intermediate_generations", "knowledge_base_ensemble_or_model_name", "model_seed", "model_temp", "model_top_p", "number_of_graph_rag_examples", "number_of_vector_based_rag_examples", "political_position_prob_of_na", "political_position_range", "political_position_std", "speaker_model_name", "speaker_type", "vector_based_persona_string", "vector_based_persona_sys_prompt"
[2025-10-30 14:49:59,245] [INFO] Correct state used; State of type GenerationAgentsState; 'IGNORE THE ABOVE ERRORS'.
[2025-10-30 14:49:59,360] [ERROR] Wrong state used; State of type HumanState; error message: dict has unexpected extra key(s): "graph_rag_examples", "intermediate_generations", "knowledge_base_ensemble_or_model_name", "model_seed", "model_temp", "model_top_p", "number_of_graph_rag_examples", "number_of_vector_based_rag_examples", "political_position_prob_of_na", "political_position_range", "political_position_std", "speaker_model_name", "speaker_type", "vector_based_persona_string", "vector_based_persona_sys_prompt"
[2025-10-30 14:49:59,360] [INFO] Correct state used; State of type GenerationAgentsState; 'IGNORE THE ABOVE ERRORS'.
[2025-10-30 14:49:59,360] [INFO] ENTER: 'UtteranceClassificationAgent' calling '_classify_sentence_utterance_types'; CURRENT SPEAKER: grok-4_mas, DIALOGUE TURN NUM = 37.
[2025-10-30 14:49:59,901] [INFO] 'UtteranceClassificationAgent' completion returned and validated from MODEL = 'ModelName.GROK_4'.
[2025-10-30 14:49:59,901] [INFO] EXIT: 'UtteranceClassificationAgent' calling '_classify_sentence_utterance_types' (0.5402047634124756 secs).
[2025-10-30 14:49:59,901] [INFO] ENTER: 'UtteranceClassificationAgent' calling 'return_classified_sentences'; CURRENT SPEAKER: grok-4_mas, DIALOGUE TURN NUM = 37.
[2025-10-30 14:49:59,901] [INFO] EXIT: 'UtteranceClassificationAgent' calling 'return_classified_sentences' (1.430511474609375e-06 secs).
[2025-10-30 14:49:59,903] [INFO] ENTER: 'DialogueMoveGenerator' calling 'generate'; CURRENT SPEAKER: grok-4_mas, DIALOGUE TURN NUM = 37.
[2025-10-30 14:49:59,903] [INFO] ENTER: 'MASPromptGenerator' calling 'claim_negation'; CURRENT SPEAKER: grok-4_mas, DIALOGUE TURN NUM = 37.
[2025-10-30 14:49:59,903] [INFO] EXIT: 'MASPromptGenerator' calling 'claim_negation' (2.8848648071289062e-05 secs).
[2025-10-30 14:49:59,903] [INFO] EXIT: 'DialogueMoveGenerator' calling 'generate' (0.00013589859008789062 secs).
[2025-10-30 14:49:59,903] [INFO] ENTER: 'DialogueMoveGenerator' calling 'generate'; CURRENT SPEAKER: grok-4_mas, DIALOGUE TURN NUM = 37.
[2025-10-30 14:49:59,903] [INFO] ENTER: 'MASPromptGenerator' calling 'concede_claim'; CURRENT SPEAKER: grok-4_mas, DIALOGUE TURN NUM = 37.
[2025-10-30 14:49:59,903] [INFO] EXIT: 'MASPromptGenerator' calling 'concede_claim' (3.314018249511719e-05 secs).
[2025-10-30 14:49:59,903] [INFO] EXIT: 'DialogueMoveGenerator' calling 'generate' (0.0001499652862548828 secs).
[2025-10-30 14:49:59,904] [INFO] ENTER: 'DialogueMoveGenerator' calling 'generate'; CURRENT SPEAKER: grok-4_mas, DIALOGUE TURN NUM = 37.
[2025-10-30 14:49:59,904] [INFO] ENTER: 'MASPromptGenerator' calling 'question_claim'; CURRENT SPEAKER: grok-4_mas, DIALOGUE TURN NUM = 37.
[2025-10-30 14:49:59,904] [INFO] EXIT: 'MASPromptGenerator' calling 'question_claim' (2.9802322387695312e-05 secs).
[2025-10-30 14:49:59,904] [INFO] EXIT: 'DialogueMoveGenerator' calling 'generate' (0.0001380443572998047 secs).
[2025-10-30 14:49:59,907] [INFO] ENTER: 'DialogueMoveGenerator' calling 'generate'; CURRENT SPEAKER: grok-4_mas, DIALOGUE TURN NUM = 37.
[2025-10-30 14:49:59,907] [INFO] ENTER: 'MASPromptGenerator' calling 'why_claim'; CURRENT SPEAKER: grok-4_mas, DIALOGUE TURN NUM = 37.
[2025-10-30 14:49:59,907] [INFO] EXIT: 'MASPromptGenerator' calling 'why_claim' (2.7418136596679688e-05 secs).
[2025-10-30 14:49:59,907] [INFO] EXIT: 'DialogueMoveGenerator' calling 'generate' (0.00013756752014160156 secs).
[2025-10-30 14:49:59,908] [INFO] ENTER: 'MASPromptGenerator' calling 'persuasiveness_choice'; CURRENT SPEAKER: grok-4_mas, DIALOGUE TURN NUM = 37.
[2025-10-30 14:49:59,908] [INFO] EXIT: 'MASPromptGenerator' calling 'persuasiveness_choice' (2.7418136596679688e-05 secs).
[2025-10-30 14:50:00,448] [INFO] Completion returned and validated within 'PersuasivenessChoiceAgent'; MODEL = 'grok-4'; DIALOGUE TURN NUM = 37.
[2025-10-30 14:50:00,449] [INFO] ENTER: 'DisambiguationAgent' calling 'return_disambiguated_sentences'; CURRENT SPEAKER: grok-4_mas, DIALOGUE TURN NUM = 37.
[2025-10-30 14:50:00,449] [INFO] EXIT: 'DisambiguationAgent' calling 'return_disambiguated_sentences' (1.9073486328125e-06 secs).
[2025-10-30 14:50:00,449] [ERROR] Wrong state used; State of type HumanState; error message: dict has unexpected extra key(s): "graph_rag_examples", "intermediate_generations", "knowledge_base_ensemble_or_model_name", "model_seed", "model_temp", "model_top_p", "number_of_graph_rag_examples", "number_of_vector_based_rag_examples", "political_position_prob_of_na", "political_position_range", "political_position_std", "speaker_model_name", "speaker_type", "vector_based_persona_string", "vector_based_persona_sys_prompt"
[2025-10-30 14:50:00,449] [INFO] Correct state used; State of type GenerationAgentsState; 'IGNORE THE ABOVE ERRORS'.
[2025-10-30 14:50:00,542] [ERROR] Wrong state used; State of type HumanState; error message: dict has unexpected extra key(s): "graph_rag_examples", "intermediate_generations", "knowledge_base_ensemble_or_model_name", "model_seed", "model_temp", "model_top_p", "number_of_graph_rag_examples", "number_of_vector_based_rag_examples", "political_position_prob_of_na", "political_position_range", "political_position_std", "speaker_model_name", "speaker_type", "vector_based_persona_string", "vector_based_persona_sys_prompt"
[2025-10-30 14:50:00,543] [INFO] Correct state used; State of type GenerationAgentsState; 'IGNORE THE ABOVE ERRORS'.
[2025-10-30 14:50:00,543] [INFO] ENTER: 'UtteranceClassificationAgent' calling '_classify_sentence_utterance_types'; CURRENT SPEAKER: mistral-medium_mas_rag, DIALOGUE TURN NUM = 38.
[2025-10-30 14:50:01,822] [INFO] 'UtteranceClassificationAgent' completion returned and validated from MODEL = 'ModelName.MISTRAL_MEDIUM'.
[2025-10-30 14:50:01,822] [INFO] EXIT: 'UtteranceClassificationAgent' calling '_classify_sentence_utterance_types' (1.279456377029419 secs).
[2025-10-30 14:50:01,822] [INFO] ENTER: 'UtteranceClassificationAgent' calling 'return_classified_sentences'; CURRENT SPEAKER: mistral-medium_mas_rag, DIALOGUE TURN NUM = 38.
[2025-10-30 14:50:01,822] [INFO] EXIT: 'UtteranceClassificationAgent' calling 'return_classified_sentences' (1.6689300537109375e-06 secs).
[2025-10-30 14:50:01,837] [INFO] ENTER: 'GraphRAG' calling 'why'; CURRENT SPEAKER: mistral-medium_mas_rag, DIALOGUE TURN NUM = 38.
[2025-10-30 14:50:01,837] [INFO] ENTER: 'GraphRAG' calling 'query_graph'; CURRENT SPEAKER: mistral-medium_mas_rag, DIALOGUE TURN NUM = 38.
[2025-10-30 14:50:02,535] [INFO] EXIT: 'GraphRAG' calling 'query_graph' (0.6978542804718018 secs).
[2025-10-30 14:50:02,535] [INFO] EXIT: 'GraphRAG' calling 'why' (0.6981847286224365 secs).
[2025-10-30 14:50:02,535] [INFO] ENTER: 'GraphRAG' calling 'claim_negation'; CURRENT SPEAKER: mistral-medium_mas_rag, DIALOGUE TURN NUM = 38.
[2025-10-30 14:50:02,535] [INFO] ENTER: 'GraphRAG' calling 'query_graph'; CURRENT SPEAKER: mistral-medium_mas_rag, DIALOGUE TURN NUM = 38.
[2025-10-30 14:50:03,207] [INFO] EXIT: 'GraphRAG' calling 'query_graph' (0.6716914176940918 secs).
[2025-10-30 14:50:03,208] [INFO] EXIT: 'GraphRAG' calling 'claim_negation' (0.6725113391876221 secs).
[2025-10-30 14:50:03,208] [INFO] ENTER: 'GraphRAG' calling 'concede'; CURRENT SPEAKER: mistral-medium_mas_rag, DIALOGUE TURN NUM = 38.
[2025-10-30 14:50:03,208] [INFO] ENTER: 'GraphRAG' calling 'query_graph'; CURRENT SPEAKER: mistral-medium_mas_rag, DIALOGUE TURN NUM = 38.
[2025-10-30 14:50:03,908] [INFO] EXIT: 'GraphRAG' calling 'query_graph' (0.7002983093261719 secs).
[2025-10-30 14:50:03,908] [INFO] EXIT: 'GraphRAG' calling 'concede' (0.7006299495697021 secs).
[2025-10-30 14:50:03,908] [INFO] ENTER: 'GraphRAG' calling 'question'; CURRENT SPEAKER: mistral-medium_mas_rag, DIALOGUE TURN NUM = 38.
[2025-10-30 14:50:03,909] [INFO] ENTER: 'GraphRAG' calling 'query_graph'; CURRENT SPEAKER: mistral-medium_mas_rag, DIALOGUE TURN NUM = 38.
[2025-10-30 14:50:04,023] [INFO] EXIT: 'GraphRAG' calling 'query_graph' (0.11424732208251953 secs).
[2025-10-30 14:50:04,023] [INFO] EXIT: 'GraphRAG' calling 'question' (0.11454939842224121 secs).
[2025-10-30 14:50:04,023] [INFO] ENTER: 'GraphRAG' calling 'return_rag_examples'; CURRENT SPEAKER: mistral-medium_mas_rag, DIALOGUE TURN NUM = 38.
[2025-10-30 14:50:04,023] [INFO] EXIT: 'GraphRAG' calling 'return_rag_examples' (1.9073486328125e-06 secs).
[2025-10-30 14:50:04,026] [INFO] ENTER: 'DialogueMoveGenerator' calling 'generate'; CURRENT SPEAKER: mistral-medium_mas_rag, DIALOGUE TURN NUM = 38.
[2025-10-30 14:50:04,026] [INFO] ENTER: 'DialogueMoveGenerator' calling 'generate'; CURRENT SPEAKER: mistral-medium_mas_rag, DIALOGUE TURN NUM = 38.
[2025-10-30 14:50:04,026] [INFO] ENTER: 'MASPromptGenerator' calling 'claim_negation'; CURRENT SPEAKER: mistral-medium_mas_rag, DIALOGUE TURN NUM = 38.
[2025-10-30 14:50:04,027] [INFO] ENTER: 'MASPromptGenerator' calling 'concede_claim'; CURRENT SPEAKER: mistral-medium_mas_rag, DIALOGUE TURN NUM = 38.
[2025-10-30 14:50:04,027] [INFO] EXIT: 'MASPromptGenerator' calling 'claim_negation' (4.172325134277344e-05 secs).
[2025-10-30 14:50:04,027] [INFO] ENTER: 'DialogueMoveGenerator' calling 'generate'; CURRENT SPEAKER: mistral-medium_mas_rag, DIALOGUE TURN NUM = 38.
[2025-10-30 14:50:04,027] [INFO] EXIT: 'MASPromptGenerator' calling 'concede_claim' (6.246566772460938e-05 secs).
[2025-10-30 14:50:04,027] [INFO] EXIT: 'DialogueMoveGenerator' calling 'generate' (0.0010540485382080078 secs).
[2025-10-30 14:50:04,028] [INFO] ENTER: 'DialogueMoveGenerator' calling 'generate'; CURRENT SPEAKER: mistral-medium_mas_rag, DIALOGUE TURN NUM = 38.
[2025-10-30 14:50:04,029] [INFO] ENTER: 'MASPromptGenerator' calling 'question_claim'; CURRENT SPEAKER: mistral-medium_mas_rag, DIALOGUE TURN NUM = 38.
[2025-10-30 14:50:04,029] [INFO] EXIT: 'DialogueMoveGenerator' calling 'generate' (0.0025026798248291016 secs).
[2025-10-30 14:50:04,030] [INFO] ENTER: 'MASPromptGenerator' calling 'why_claim'; CURRENT SPEAKER: mistral-medium_mas_rag, DIALOGUE TURN NUM = 38.
[2025-10-30 14:50:04,030] [INFO] EXIT: 'MASPromptGenerator' calling 'question_claim' (3.361701965332031e-05 secs).
[2025-10-30 14:50:04,031] [INFO] EXIT: 'MASPromptGenerator' calling 'why_claim' (2.9325485229492188e-05 secs).
[2025-10-30 14:50:04,031] [INFO] EXIT: 'DialogueMoveGenerator' calling 'generate' (0.002000093460083008 secs).
[2025-10-30 14:50:04,031] [INFO] EXIT: 'DialogueMoveGenerator' calling 'generate' (0.00125885009765625 secs).
[2025-10-30 14:50:04,032] [INFO] ENTER: 'MASPromptGenerator' calling 'persuasiveness_choice'; CURRENT SPEAKER: mistral-medium_mas_rag, DIALOGUE TURN NUM = 38.
[2025-10-30 14:50:04,032] [INFO] EXIT: 'MASPromptGenerator' calling 'persuasiveness_choice' (3.170967102050781e-05 secs).
[2025-10-30 14:50:04,515] [INFO] Completion returned and validated within 'PersuasivenessChoiceAgent'; MODEL = 'mistral-medium'; DIALOGUE TURN NUM = 38.
[2025-10-30 14:50:04,515] [INFO] ENTER: 'DisambiguationAgent' calling 'return_disambiguated_sentences'; CURRENT SPEAKER: mistral-medium_mas_rag, DIALOGUE TURN NUM = 38.
[2025-10-30 14:50:04,515] [INFO] EXIT: 'DisambiguationAgent' calling 'return_disambiguated_sentences' (2.1457672119140625e-06 secs).
[2025-10-30 14:50:04,515] [ERROR] Wrong state used; State of type HumanState; error message: dict has unexpected extra key(s): "graph_rag_examples", "intermediate_generations", "knowledge_base_ensemble_or_model_name", "model_seed", "model_temp", "model_top_p", "number_of_graph_rag_examples", "number_of_vector_based_rag_examples", "political_position_prob_of_na", "political_position_range", "political_position_std", "speaker_model_name", "speaker_type", "vector_based_persona_string", "vector_based_persona_sys_prompt"
[2025-10-30 14:50:04,516] [INFO] Correct state used; State of type GenerationAgentsState; 'IGNORE THE ABOVE ERRORS'.
[2025-10-30 14:50:04,634] [ERROR] Wrong state used; State of type HumanState; error message: dict has unexpected extra key(s): "graph_rag_examples", "intermediate_generations", "knowledge_base_ensemble_or_model_name", "model_seed", "model_temp", "model_top_p", "number_of_graph_rag_examples", "number_of_vector_based_rag_examples", "political_position_prob_of_na", "political_position_range", "political_position_std", "speaker_model_name", "speaker_type", "vector_based_persona_string", "vector_based_persona_sys_prompt"
[2025-10-30 14:50:04,634] [INFO] Correct state used; State of type GenerationAgentsState; 'IGNORE THE ABOVE ERRORS'.
[2025-10-30 14:50:04,634] [INFO] ENTER: 'UtteranceClassificationAgent' calling '_classify_sentence_utterance_types'; CURRENT SPEAKER: grok-4_mas, DIALOGUE TURN NUM = 39.
[2025-10-30 14:50:05,179] [INFO] 'UtteranceClassificationAgent' completion returned and validated from MODEL = 'ModelName.GROK_4'.
[2025-10-30 14:50:05,179] [INFO] EXIT: 'UtteranceClassificationAgent' calling '_classify_sentence_utterance_types' (0.5451273918151855 secs).
[2025-10-30 14:50:05,179] [INFO] ENTER: 'UtteranceClassificationAgent' calling 'return_classified_sentences'; CURRENT SPEAKER: grok-4_mas, DIALOGUE TURN NUM = 39.
[2025-10-30 14:50:05,179] [INFO] EXIT: 'UtteranceClassificationAgent' calling 'return_classified_sentences' (1.9073486328125e-06 secs).
[2025-10-30 14:50:05,182] [INFO] ENTER: 'DialogueMoveGenerator' calling 'generate'; CURRENT SPEAKER: grok-4_mas, DIALOGUE TURN NUM = 39.
[2025-10-30 14:50:05,182] [INFO] ENTER: 'MASPromptGenerator' calling 'claim_negation'; CURRENT SPEAKER: grok-4_mas, DIALOGUE TURN NUM = 39.
[2025-10-30 14:50:05,182] [INFO] EXIT: 'MASPromptGenerator' calling 'claim_negation' (3.743171691894531e-05 secs).
[2025-10-30 14:50:05,182] [INFO] EXIT: 'DialogueMoveGenerator' calling 'generate' (0.00020360946655273438 secs).
[2025-10-30 14:50:05,183] [INFO] ENTER: 'DialogueMoveGenerator' calling 'generate'; CURRENT SPEAKER: grok-4_mas, DIALOGUE TURN NUM = 39.
[2025-10-30 14:50:05,183] [INFO] ENTER: 'MASPromptGenerator' calling 'concede_claim'; CURRENT SPEAKER: grok-4_mas, DIALOGUE TURN NUM = 39.
[2025-10-30 14:50:05,184] [INFO] EXIT: 'MASPromptGenerator' calling 'concede_claim' (3.3855438232421875e-05 secs).
[2025-10-30 14:50:05,184] [INFO] EXIT: 'DialogueMoveGenerator' calling 'generate' (0.00015401840209960938 secs).
[2025-10-30 14:50:05,185] [INFO] ENTER: 'DialogueMoveGenerator' calling 'generate'; CURRENT SPEAKER: grok-4_mas, DIALOGUE TURN NUM = 39.
[2025-10-30 14:50:05,185] [INFO] ENTER: 'MASPromptGenerator' calling 'question_claim'; CURRENT SPEAKER: grok-4_mas, DIALOGUE TURN NUM = 39.
[2025-10-30 14:50:05,185] [INFO] EXIT: 'MASPromptGenerator' calling 'question_claim' (3.0994415283203125e-05 secs).
[2025-10-30 14:50:05,185] [INFO] EXIT: 'DialogueMoveGenerator' calling 'generate' (0.00015282630920410156 secs).
[2025-10-30 14:50:05,186] [INFO] ENTER: 'DialogueMoveGenerator' calling 'generate'; CURRENT SPEAKER: grok-4_mas, DIALOGUE TURN NUM = 39.
[2025-10-30 14:50:05,186] [INFO] ENTER: 'MASPromptGenerator' calling 'why_claim'; CURRENT SPEAKER: grok-4_mas, DIALOGUE TURN NUM = 39.
[2025-10-30 14:50:05,186] [INFO] EXIT: 'MASPromptGenerator' calling 'why_claim' (2.4080276489257812e-05 secs).
[2025-10-30 14:50:05,186] [INFO] EXIT: 'DialogueMoveGenerator' calling 'generate' (0.00012683868408203125 secs).
[2025-10-30 14:50:05,187] [INFO] ENTER: 'MASPromptGenerator' calling 'persuasiveness_choice'; CURRENT SPEAKER: grok-4_mas, DIALOGUE TURN NUM = 39.
[2025-10-30 14:50:05,188] [INFO] EXIT: 'MASPromptGenerator' calling 'persuasiveness_choice' (3.0040740966796875e-05 secs).
[2025-10-30 14:50:05,763] [INFO] Completion returned and validated within 'PersuasivenessChoiceAgent'; MODEL = 'grok-4'; DIALOGUE TURN NUM = 39.
[2025-10-30 14:50:05,763] [INFO] ENTER: 'DisambiguationAgent' calling 'return_disambiguated_sentences'; CURRENT SPEAKER: grok-4_mas, DIALOGUE TURN NUM = 39.
[2025-10-30 14:50:05,763] [INFO] EXIT: 'DisambiguationAgent' calling 'return_disambiguated_sentences' (1.9073486328125e-06 secs).
[2025-10-30 14:50:05,764] [ERROR] Wrong state used; State of type HumanState; error message: dict has unexpected extra key(s): "graph_rag_examples", "intermediate_generations", "knowledge_base_ensemble_or_model_name", "model_seed", "model_temp", "model_top_p", "number_of_graph_rag_examples", "number_of_vector_based_rag_examples", "political_position_prob_of_na", "political_position_range", "political_position_std", "speaker_model_name", "speaker_type", "vector_based_persona_string", "vector_based_persona_sys_prompt"
[2025-10-30 14:50:05,764] [INFO] Correct state used; State of type GenerationAgentsState; 'IGNORE THE ABOVE ERRORS'.
[2025-10-30 14:50:05,966] [INFO] Parent graph returned.
[2025-10-30 14:50:06,000] [INFO] WINNER: None; LOSER: None, REASON: {'reason': 'Maximum number of dialogue turns reached (40 dialogue turns).', 'utterance_type': None, 'utterance': None}
[2025-10-30 14:50:06,000] [INFO] DIALOGUE END: Session finished.
