[2025-10-08 19:25:25,082] [INFO] Trying to create session mistral-medium_mas_rag:l__vs__grok-3_mas:r...
[2025-10-08 19:25:25,109] [INFO] DIALOGUE START: Parent graph invoked, waiting for Langgraph return state...
[2025-10-08 19:25:25,879] [INFO] ENTER: 'VectorBasedRAG' calling '_vector_based_examples'; CURRENT SPEAKER: mistral-medium_mas_rag, DIALOGUE TURN NUM = 0.
[2025-10-08 19:25:25,879] [INFO] ENTER: 'VectorBasedRAG' calling '_query_graph'; CURRENT SPEAKER: mistral-medium_mas_rag, DIALOGUE TURN NUM = 0.
[2025-10-08 19:25:25,980] [INFO] EXIT: 'VectorBasedRAG' calling '_query_graph' (0.10034441947937012 secs).
[2025-10-08 19:25:25,982] [INFO] EXIT: 'VectorBasedRAG' calling '_vector_based_examples' (0.10231542587280273 secs).
[2025-10-08 19:25:25,982] [INFO] ENTER: 'VectorBasedRAG' calling '_vector_based_examples'; CURRENT SPEAKER: mistral-medium_mas_rag, DIALOGUE TURN NUM = 0.
[2025-10-08 19:25:25,982] [INFO] ENTER: 'VectorBasedRAG' calling '_query_graph'; CURRENT SPEAKER: mistral-medium_mas_rag, DIALOGUE TURN NUM = 0.
[2025-10-08 19:25:26,059] [INFO] EXIT: 'VectorBasedRAG' calling '_query_graph' (0.0772867202758789 secs).
[2025-10-08 19:25:26,060] [INFO] EXIT: 'VectorBasedRAG' calling '_vector_based_examples' (0.07791376113891602 secs).
[2025-10-08 19:25:26,060] [INFO] ENTER: 'VectorBasedRAG' calling '_create_prompt'; CURRENT SPEAKER: mistral-medium_mas_rag, DIALOGUE TURN NUM = 0.
[2025-10-08 19:25:26,060] [INFO] EXIT: 'VectorBasedRAG' calling '_create_prompt' (1.2159347534179688e-05 secs).
[2025-10-08 19:25:26,060] [INFO] ENTER: 'VectorBasedRAG' calling '_generate_completion'; CURRENT SPEAKER: mistral-medium_mas_rag, DIALOGUE TURN NUM = 0.
[2025-10-08 19:25:46,527] [INFO] 'VectorBasedRAG' agent persona completion returned and validated; MODEL = 'mistral-medium'.
[2025-10-08 19:25:46,527] [INFO] EXIT: 'VectorBasedRAG' calling '_generate_completion' (20.46730875968933 secs).
[2025-10-08 19:25:46,527] [INFO] ENTER: 'VectorBasedRAG' calling 'persona_string'; CURRENT SPEAKER: mistral-medium_mas_rag, DIALOGUE TURN NUM = 0.
[2025-10-08 19:25:46,527] [INFO] 'VectorBasedRAG' agent persona string generated; MODEL = 'mistral-medium'.
[2025-10-08 19:25:46,527] [INFO] EXIT: 'VectorBasedRAG' calling 'persona_string' (5.269050598144531e-05 secs).
[2025-10-08 19:25:46,528] [INFO] ENTER: 'DialogueMoveGenerator' calling 'generate'; CURRENT SPEAKER: mistral-medium_mas_rag, DIALOGUE TURN NUM = 0.
[2025-10-08 19:25:46,528] [INFO] ENTER: 'MASPromptGenerator' calling 'initial_llm_claim'; CURRENT SPEAKER: mistral-medium_mas_rag, DIALOGUE TURN NUM = 0.
[2025-10-08 19:25:46,528] [INFO] EXIT: 'MASPromptGenerator' calling 'initial_llm_claim' (3.814697265625e-06 secs).
[2025-10-08 19:25:48,440] [INFO] Completion returned and validated from MODEL = 'mistral-medium'.
[2025-10-08 19:25:48,440] [INFO] EXIT: 'DialogueMoveGenerator' calling 'generate' (1.911726713180542 secs).
[2025-10-08 19:25:48,440] [INFO] ENTER: 'MASPromptGenerator' calling 'persuasiveness_choice'; CURRENT SPEAKER: mistral-medium_mas_rag, DIALOGUE TURN NUM = 0.
[2025-10-08 19:25:48,440] [INFO] EXIT: 'MASPromptGenerator' calling 'persuasiveness_choice' (1.0967254638671875e-05 secs).
[2025-10-08 19:25:53,763] [INFO] Completion returned and validated within 'PersuasivenessChoiceAgent'; MODEL = 'mistral-medium'; DIALOGUE TURN NUM = 0.
[2025-10-08 19:25:53,764] [INFO] ENTER: 'DisambiguationAgent' calling 'return_disambiguated_sentences'; CURRENT SPEAKER: mistral-medium_mas_rag, DIALOGUE TURN NUM = 0.
[2025-10-08 19:25:53,764] [INFO] EXIT: 'DisambiguationAgent' calling 'return_disambiguated_sentences' (2.6226043701171875e-06 secs).
[2025-10-08 19:25:53,765] [ERROR] Wrong state used; State of type HumanState; error message: dict has unexpected extra key(s): "graph_rag_examples", "intermediate_generations", "knowledge_base_ensemble_or_model_name", "model_seed", "model_temp", "model_top_p", "number_of_graph_rag_examples", "number_of_vector_based_rag_examples", "political_position_prob_of_na", "political_position_range", "political_position_std", "speaker_model_name", "speaker_type", "vector_based_persona_string", "vector_based_persona_sys_prompt"
[2025-10-08 19:25:53,765] [INFO] Correct state used; State of type GenerationAgentsState; 'IGNORE THE ABOVE ERRORS'.
[2025-10-08 19:25:54,408] [INFO] 'commitment_update' completed '___Claim___' update for current speaker's commitments; MODEL = 'mistral-medium'.
[2025-10-08 19:25:54,472] [ERROR] Wrong state used; State of type HumanState; error message: dict has unexpected extra key(s): "graph_rag_examples", "intermediate_generations", "knowledge_base_ensemble_or_model_name", "model_seed", "model_temp", "model_top_p", "number_of_graph_rag_examples", "number_of_vector_based_rag_examples", "political_position_prob_of_na", "political_position_range", "political_position_std", "speaker_model_name", "speaker_type", "vector_based_persona_string", "vector_based_persona_sys_prompt"
[2025-10-08 19:25:54,472] [INFO] Correct state used; State of type GenerationAgentsState; 'IGNORE THE ABOVE ERRORS'.
[2025-10-08 19:25:54,472] [INFO] ENTER: 'UtteranceClassificationAgent' calling '_classify_sentence_utterance_types'; CURRENT SPEAKER: grok-3_mas, DIALOGUE TURN NUM = 1.
[2025-10-08 19:25:55,180] [INFO] 'UtteranceClassificationAgent' completion returned and validated from MODEL = 'ModelName.GROK_3'.
[2025-10-08 19:25:55,180] [INFO] EXIT: 'UtteranceClassificationAgent' calling '_classify_sentence_utterance_types' (0.7073848247528076 secs).
[2025-10-08 19:25:55,180] [INFO] ENTER: 'UtteranceClassificationAgent' calling 'return_classified_sentences'; CURRENT SPEAKER: grok-3_mas, DIALOGUE TURN NUM = 1.
[2025-10-08 19:25:55,180] [INFO] EXIT: 'UtteranceClassificationAgent' calling 'return_classified_sentences' (2.86102294921875e-06 secs).
[2025-10-08 19:25:55,182] [INFO] ENTER: 'DialogueMoveGenerator' calling 'generate'; CURRENT SPEAKER: grok-3_mas, DIALOGUE TURN NUM = 1.
[2025-10-08 19:25:55,183] [INFO] ENTER: 'MASPromptGenerator' calling 'claim_negation'; CURRENT SPEAKER: grok-3_mas, DIALOGUE TURN NUM = 1.
[2025-10-08 19:25:55,183] [INFO] EXIT: 'MASPromptGenerator' calling 'claim_negation' (2.3603439331054688e-05 secs).
[2025-10-08 19:25:55,184] [INFO] ENTER: 'DialogueMoveGenerator' calling 'generate'; CURRENT SPEAKER: grok-3_mas, DIALOGUE TURN NUM = 1.
[2025-10-08 19:25:55,184] [INFO] ENTER: 'MASPromptGenerator' calling 'concede_claim'; CURRENT SPEAKER: grok-3_mas, DIALOGUE TURN NUM = 1.
[2025-10-08 19:25:55,184] [INFO] EXIT: 'MASPromptGenerator' calling 'concede_claim' (1.430511474609375e-05 secs).
[2025-10-08 19:25:55,186] [INFO] ENTER: 'DialogueMoveGenerator' calling 'generate'; CURRENT SPEAKER: grok-3_mas, DIALOGUE TURN NUM = 1.
[2025-10-08 19:25:55,186] [INFO] ENTER: 'MASPromptGenerator' calling 'question_claim'; CURRENT SPEAKER: grok-3_mas, DIALOGUE TURN NUM = 1.
[2025-10-08 19:25:55,186] [INFO] EXIT: 'MASPromptGenerator' calling 'question_claim' (1.8596649169921875e-05 secs).
[2025-10-08 19:25:55,186] [INFO] ENTER: 'DialogueMoveGenerator' calling 'generate'; CURRENT SPEAKER: grok-3_mas, DIALOGUE TURN NUM = 1.
[2025-10-08 19:25:55,187] [INFO] ENTER: 'MASPromptGenerator' calling 'why_claim'; CURRENT SPEAKER: grok-3_mas, DIALOGUE TURN NUM = 1.
[2025-10-08 19:25:55,187] [INFO] EXIT: 'MASPromptGenerator' calling 'why_claim' (1.6689300537109375e-05 secs).
[2025-10-08 19:25:58,097] [INFO] Completion returned and validated from MODEL = 'grok-3'.
[2025-10-08 19:25:58,097] [INFO] EXIT: 'DialogueMoveGenerator' calling 'generate' (2.910543203353882 secs).
[2025-10-08 19:25:58,852] [INFO] Completion returned and validated from MODEL = 'grok-3'.
[2025-10-08 19:25:58,852] [INFO] EXIT: 'DialogueMoveGenerator' calling 'generate' (3.6694183349609375 secs).
[2025-10-08 19:25:59,440] [INFO] Completion returned and validated from MODEL = 'grok-3'.
[2025-10-08 19:25:59,440] [INFO] EXIT: 'DialogueMoveGenerator' calling 'generate' (4.256078004837036 secs).
[2025-10-08 19:26:00,899] [INFO] Completion returned and validated from MODEL = 'grok-3'.
[2025-10-08 19:26:00,899] [INFO] EXIT: 'DialogueMoveGenerator' calling 'generate' (5.71351170539856 secs).
[2025-10-08 19:26:00,900] [INFO] ENTER: 'MASPromptGenerator' calling 'persuasiveness_choice'; CURRENT SPEAKER: grok-3_mas, DIALOGUE TURN NUM = 1.
[2025-10-08 19:26:00,900] [INFO] EXIT: 'MASPromptGenerator' calling 'persuasiveness_choice' (3.361701965332031e-05 secs).
[2025-10-08 19:26:10,138] [INFO] Completion returned and validated within 'PersuasivenessChoiceAgent'; MODEL = 'grok-3'; DIALOGUE TURN NUM = 1.
[2025-10-08 19:26:10,138] [INFO] ENTER: 'DisambiguationAgent' calling '_grouping_similar_utterance_types'; CURRENT SPEAKER: grok-3_mas, DIALOGUE TURN NUM = 1.
[2025-10-08 19:26:10,138] [INFO] EXIT: 'DisambiguationAgent' calling '_grouping_similar_utterance_types' (6.9141387939453125e-06 secs).
[2025-10-08 19:26:10,138] [INFO] ENTER: 'DisambiguationAgent' calling '_identifying_similar_sentences_and_choosing_one_to_return_to_user'; CURRENT SPEAKER: grok-3_mas, DIALOGUE TURN NUM = 1.
[2025-10-08 19:26:10,990] [INFO] 'DisambiguationAgent' grouped similar sentences, completion returned and validated; MODEL = 'grok-3'.
[2025-10-08 19:26:10,990] [INFO] EXIT: 'DisambiguationAgent' calling '_identifying_similar_sentences_and_choosing_one_to_return_to_user' (0.851710319519043 secs).
[2025-10-08 19:26:10,990] [INFO] ENTER: 'DisambiguationAgent' calling '_identifying_similar_sentences_and_choosing_one_to_return_to_user'; CURRENT SPEAKER: grok-3_mas, DIALOGUE TURN NUM = 1.
[2025-10-08 19:26:11,689] [INFO] 'DisambiguationAgent' grouped similar sentences, completion returned and validated; MODEL = 'grok-3'.
[2025-10-08 19:26:11,689] [INFO] EXIT: 'DisambiguationAgent' calling '_identifying_similar_sentences_and_choosing_one_to_return_to_user' (0.6993622779846191 secs).
[2025-10-08 19:26:11,690] [INFO] ENTER: 'DisambiguationAgent' calling '_removing_repetitive_sentences'; CURRENT SPEAKER: grok-3_mas, DIALOGUE TURN NUM = 1.
[2025-10-08 19:26:11,690] [INFO] EXIT: 'DisambiguationAgent' calling '_removing_repetitive_sentences' (8.344650268554688e-06 secs).
[2025-10-08 19:26:11,690] [INFO] ENTER: 'DisambiguationAgent' calling 'return_disambiguated_sentences'; CURRENT SPEAKER: grok-3_mas, DIALOGUE TURN NUM = 1.
[2025-10-08 19:26:11,690] [INFO] EXIT: 'DisambiguationAgent' calling 'return_disambiguated_sentences' (2.384185791015625e-06 secs).
[2025-10-08 19:26:11,690] [ERROR] Wrong state used; State of type HumanState; error message: dict has unexpected extra key(s): "graph_rag_examples", "intermediate_generations", "knowledge_base_ensemble_or_model_name", "model_seed", "model_temp", "model_top_p", "number_of_graph_rag_examples", "number_of_vector_based_rag_examples", "political_position_prob_of_na", "political_position_range", "political_position_std", "speaker_model_name", "speaker_type", "vector_based_persona_string", "vector_based_persona_sys_prompt"
[2025-10-08 19:26:11,690] [INFO] Correct state used; State of type GenerationAgentsState; 'IGNORE THE ABOVE ERRORS'.
[2025-10-08 19:26:12,461] [INFO] 'commitment_update' completed '___Claim___' update for current speaker's commitments; MODEL = 'grok-3'.
[2025-10-08 19:26:13,751] [INFO] 'commitment_update' completed '___Claim___' update for current speaker's commitments; MODEL = 'grok-3'.
[2025-10-08 19:26:14,465] [INFO] 'commitment_update' completed '___Claim___' update for current speaker's commitments; MODEL = 'grok-3'.
[2025-10-08 19:26:14,526] [ERROR] Wrong state used; State of type HumanState; error message: dict has unexpected extra key(s): "graph_rag_examples", "intermediate_generations", "knowledge_base_ensemble_or_model_name", "model_seed", "model_temp", "model_top_p", "number_of_graph_rag_examples", "number_of_vector_based_rag_examples", "political_position_prob_of_na", "political_position_range", "political_position_std", "speaker_model_name", "speaker_type", "vector_based_persona_string", "vector_based_persona_sys_prompt"
[2025-10-08 19:26:14,527] [INFO] Correct state used; State of type GenerationAgentsState; 'IGNORE THE ABOVE ERRORS'.
[2025-10-08 19:26:14,527] [INFO] ENTER: 'UtteranceClassificationAgent' calling '_classify_sentence_utterance_types'; CURRENT SPEAKER: mistral-medium_mas_rag, DIALOGUE TURN NUM = 2.
[2025-10-08 19:26:14,923] [INFO] 'UtteranceClassificationAgent' completion returned and validated from MODEL = 'ModelName.MISTRAL_MEDIUM'.
[2025-10-08 19:26:15,403] [INFO] 'UtteranceClassificationAgent' completion returned and validated from MODEL = 'ModelName.MISTRAL_MEDIUM'.
[2025-10-08 19:26:15,910] [INFO] 'UtteranceClassificationAgent' completion returned and validated from MODEL = 'ModelName.MISTRAL_MEDIUM'.
[2025-10-08 19:26:16,312] [INFO] 'UtteranceClassificationAgent' completion returned and validated from MODEL = 'ModelName.MISTRAL_MEDIUM'.
[2025-10-08 19:26:16,691] [INFO] 'UtteranceClassificationAgent' completion returned and validated from MODEL = 'ModelName.MISTRAL_MEDIUM'.
[2025-10-08 19:26:16,691] [INFO] EXIT: 'UtteranceClassificationAgent' calling '_classify_sentence_utterance_types' (2.163618564605713 secs).
[2025-10-08 19:26:16,691] [INFO] ENTER: 'UtteranceClassificationAgent' calling 'return_classified_sentences'; CURRENT SPEAKER: mistral-medium_mas_rag, DIALOGUE TURN NUM = 2.
[2025-10-08 19:26:16,691] [INFO] EXIT: 'UtteranceClassificationAgent' calling 'return_classified_sentences' (2.6226043701171875e-06 secs).
[2025-10-08 19:26:16,721] [INFO] ENTER: 'GraphRAG' calling 'since'; CURRENT SPEAKER: mistral-medium_mas_rag, DIALOGUE TURN NUM = 2.
[2025-10-08 19:26:16,722] [INFO] ENTER: 'GraphRAG' calling 'query_graph'; CURRENT SPEAKER: mistral-medium_mas_rag, DIALOGUE TURN NUM = 2.
[2025-10-08 19:26:16,742] [INFO] EXIT: 'GraphRAG' calling 'query_graph' (0.02051711082458496 secs).
[2025-10-08 19:26:16,742] [INFO] EXIT: 'GraphRAG' calling 'since' (0.0209200382232666 secs).
[2025-10-08 19:26:16,743] [INFO] ENTER: 'GraphRAG' calling 'claim'; CURRENT SPEAKER: mistral-medium_mas_rag, DIALOGUE TURN NUM = 2.
[2025-10-08 19:26:16,743] [INFO] ENTER: 'GraphRAG' calling 'query_graph'; CURRENT SPEAKER: mistral-medium_mas_rag, DIALOGUE TURN NUM = 2.
[2025-10-08 19:26:16,759] [INFO] EXIT: 'GraphRAG' calling 'query_graph' (0.016398906707763672 secs).
[2025-10-08 19:26:16,759] [INFO] EXIT: 'GraphRAG' calling 'claim' (0.01680588722229004 secs).
[2025-10-08 19:26:16,776] [INFO] ENTER: 'GraphRAG' calling 'why'; CURRENT SPEAKER: mistral-medium_mas_rag, DIALOGUE TURN NUM = 2.
[2025-10-08 19:26:16,776] [INFO] ENTER: 'GraphRAG' calling 'query_graph'; CURRENT SPEAKER: mistral-medium_mas_rag, DIALOGUE TURN NUM = 2.
[2025-10-08 19:26:17,488] [INFO] EXIT: 'GraphRAG' calling 'query_graph' (0.7113382816314697 secs).
[2025-10-08 19:26:17,488] [INFO] EXIT: 'GraphRAG' calling 'why' (0.7117366790771484 secs).
[2025-10-08 19:26:17,488] [INFO] ENTER: 'GraphRAG' calling 'claim_negation'; CURRENT SPEAKER: mistral-medium_mas_rag, DIALOGUE TURN NUM = 2.
[2025-10-08 19:26:17,488] [INFO] ENTER: 'GraphRAG' calling 'query_graph'; CURRENT SPEAKER: mistral-medium_mas_rag, DIALOGUE TURN NUM = 2.
[2025-10-08 19:26:18,171] [INFO] EXIT: 'GraphRAG' calling 'query_graph' (0.6829149723052979 secs).
[2025-10-08 19:26:18,171] [INFO] EXIT: 'GraphRAG' calling 'claim_negation' (0.6832966804504395 secs).
[2025-10-08 19:26:18,171] [INFO] ENTER: 'GraphRAG' calling 'concede'; CURRENT SPEAKER: mistral-medium_mas_rag, DIALOGUE TURN NUM = 2.
[2025-10-08 19:26:18,171] [INFO] ENTER: 'GraphRAG' calling 'query_graph'; CURRENT SPEAKER: mistral-medium_mas_rag, DIALOGUE TURN NUM = 2.
[2025-10-08 19:26:18,880] [INFO] EXIT: 'GraphRAG' calling 'query_graph' (0.708369255065918 secs).
[2025-10-08 19:26:18,880] [INFO] EXIT: 'GraphRAG' calling 'concede' (0.7087476253509521 secs).
[2025-10-08 19:26:18,880] [INFO] ENTER: 'GraphRAG' calling 'question'; CURRENT SPEAKER: mistral-medium_mas_rag, DIALOGUE TURN NUM = 2.
[2025-10-08 19:26:18,880] [INFO] ENTER: 'GraphRAG' calling 'query_graph'; CURRENT SPEAKER: mistral-medium_mas_rag, DIALOGUE TURN NUM = 2.
[2025-10-08 19:26:19,008] [INFO] EXIT: 'GraphRAG' calling 'query_graph' (0.1276562213897705 secs).
[2025-10-08 19:26:19,008] [INFO] EXIT: 'GraphRAG' calling 'question' (0.12803030014038086 secs).
[2025-10-08 19:26:19,024] [INFO] ENTER: 'GraphRAG' calling 'why'; CURRENT SPEAKER: mistral-medium_mas_rag, DIALOGUE TURN NUM = 2.
[2025-10-08 19:26:19,025] [INFO] ENTER: 'GraphRAG' calling 'query_graph'; CURRENT SPEAKER: mistral-medium_mas_rag, DIALOGUE TURN NUM = 2.
[2025-10-08 19:26:19,730] [INFO] EXIT: 'GraphRAG' calling 'query_graph' (0.7054541110992432 secs).
[2025-10-08 19:26:19,730] [INFO] EXIT: 'GraphRAG' calling 'why' (0.7058250904083252 secs).
[2025-10-08 19:26:19,730] [INFO] ENTER: 'GraphRAG' calling 'claim_negation'; CURRENT SPEAKER: mistral-medium_mas_rag, DIALOGUE TURN NUM = 2.
[2025-10-08 19:26:19,730] [INFO] ENTER: 'GraphRAG' calling 'query_graph'; CURRENT SPEAKER: mistral-medium_mas_rag, DIALOGUE TURN NUM = 2.
[2025-10-08 19:26:20,408] [INFO] EXIT: 'GraphRAG' calling 'query_graph' (0.6773478984832764 secs).
[2025-10-08 19:26:20,408] [INFO] EXIT: 'GraphRAG' calling 'claim_negation' (0.6777083873748779 secs).
[2025-10-08 19:26:20,408] [INFO] ENTER: 'GraphRAG' calling 'concede'; CURRENT SPEAKER: mistral-medium_mas_rag, DIALOGUE TURN NUM = 2.
[2025-10-08 19:26:20,408] [INFO] ENTER: 'GraphRAG' calling 'query_graph'; CURRENT SPEAKER: mistral-medium_mas_rag, DIALOGUE TURN NUM = 2.
[2025-10-08 19:26:21,113] [INFO] EXIT: 'GraphRAG' calling 'query_graph' (0.7043488025665283 secs).
[2025-10-08 19:26:21,113] [INFO] EXIT: 'GraphRAG' calling 'concede' (0.704681396484375 secs).
[2025-10-08 19:26:21,113] [INFO] ENTER: 'GraphRAG' calling 'question'; CURRENT SPEAKER: mistral-medium_mas_rag, DIALOGUE TURN NUM = 2.
[2025-10-08 19:26:21,113] [INFO] ENTER: 'GraphRAG' calling 'query_graph'; CURRENT SPEAKER: mistral-medium_mas_rag, DIALOGUE TURN NUM = 2.
[2025-10-08 19:26:21,240] [INFO] EXIT: 'GraphRAG' calling 'query_graph' (0.12717747688293457 secs).
[2025-10-08 19:26:21,240] [INFO] EXIT: 'GraphRAG' calling 'question' (0.1275465488433838 secs).
[2025-10-08 19:26:21,256] [INFO] ENTER: 'GraphRAG' calling 'since'; CURRENT SPEAKER: mistral-medium_mas_rag, DIALOGUE TURN NUM = 2.
[2025-10-08 19:26:21,256] [INFO] ENTER: 'GraphRAG' calling 'query_graph'; CURRENT SPEAKER: mistral-medium_mas_rag, DIALOGUE TURN NUM = 2.
[2025-10-08 19:26:21,275] [INFO] EXIT: 'GraphRAG' calling 'query_graph' (0.018744707107543945 secs).
[2025-10-08 19:26:21,275] [INFO] EXIT: 'GraphRAG' calling 'since' (0.019103527069091797 secs).
[2025-10-08 19:26:21,275] [INFO] ENTER: 'GraphRAG' calling 'claim'; CURRENT SPEAKER: mistral-medium_mas_rag, DIALOGUE TURN NUM = 2.
[2025-10-08 19:26:21,276] [INFO] ENTER: 'GraphRAG' calling 'query_graph'; CURRENT SPEAKER: mistral-medium_mas_rag, DIALOGUE TURN NUM = 2.
[2025-10-08 19:26:21,291] [INFO] EXIT: 'GraphRAG' calling 'query_graph' (0.01577162742614746 secs).
[2025-10-08 19:26:21,291] [INFO] EXIT: 'GraphRAG' calling 'claim' (0.01614093780517578 secs).
[2025-10-08 19:26:21,311] [INFO] ENTER: 'GraphRAG' calling 'why'; CURRENT SPEAKER: mistral-medium_mas_rag, DIALOGUE TURN NUM = 2.
[2025-10-08 19:26:21,312] [INFO] ENTER: 'GraphRAG' calling 'query_graph'; CURRENT SPEAKER: mistral-medium_mas_rag, DIALOGUE TURN NUM = 2.
[2025-10-08 19:26:22,005] [INFO] EXIT: 'GraphRAG' calling 'query_graph' (0.6931788921356201 secs).
[2025-10-08 19:26:22,005] [INFO] EXIT: 'GraphRAG' calling 'why' (0.693676233291626 secs).
[2025-10-08 19:26:22,005] [INFO] ENTER: 'GraphRAG' calling 'claim_negation'; CURRENT SPEAKER: mistral-medium_mas_rag, DIALOGUE TURN NUM = 2.
[2025-10-08 19:26:22,006] [INFO] ENTER: 'GraphRAG' calling 'query_graph'; CURRENT SPEAKER: mistral-medium_mas_rag, DIALOGUE TURN NUM = 2.
[2025-10-08 19:26:22,675] [INFO] EXIT: 'GraphRAG' calling 'query_graph' (0.6688735485076904 secs).
[2025-10-08 19:26:22,675] [INFO] EXIT: 'GraphRAG' calling 'claim_negation' (0.6693353652954102 secs).
[2025-10-08 19:26:22,675] [INFO] ENTER: 'GraphRAG' calling 'concede'; CURRENT SPEAKER: mistral-medium_mas_rag, DIALOGUE TURN NUM = 2.
[2025-10-08 19:26:22,675] [INFO] ENTER: 'GraphRAG' calling 'query_graph'; CURRENT SPEAKER: mistral-medium_mas_rag, DIALOGUE TURN NUM = 2.
[2025-10-08 19:26:23,368] [INFO] EXIT: 'GraphRAG' calling 'query_graph' (0.69346022605896 secs).
[2025-10-08 19:26:23,369] [INFO] EXIT: 'GraphRAG' calling 'concede' (0.6938238143920898 secs).
[2025-10-08 19:26:23,369] [INFO] ENTER: 'GraphRAG' calling 'question'; CURRENT SPEAKER: mistral-medium_mas_rag, DIALOGUE TURN NUM = 2.
[2025-10-08 19:26:23,369] [INFO] ENTER: 'GraphRAG' calling 'query_graph'; CURRENT SPEAKER: mistral-medium_mas_rag, DIALOGUE TURN NUM = 2.
[2025-10-08 19:26:23,496] [INFO] EXIT: 'GraphRAG' calling 'query_graph' (0.12694859504699707 secs).
[2025-10-08 19:26:23,496] [INFO] EXIT: 'GraphRAG' calling 'question' (0.1275017261505127 secs).
[2025-10-08 19:26:23,496] [INFO] ENTER: 'GraphRAG' calling 'return_rag_examples'; CURRENT SPEAKER: mistral-medium_mas_rag, DIALOGUE TURN NUM = 2.
[2025-10-08 19:26:23,496] [INFO] EXIT: 'GraphRAG' calling 'return_rag_examples' (1.430511474609375e-06 secs).
[2025-10-08 19:26:23,499] [INFO] ENTER: 'DialogueMoveGenerator' calling 'generate'; CURRENT SPEAKER: mistral-medium_mas_rag, DIALOGUE TURN NUM = 2.
[2025-10-08 19:26:23,499] [INFO] ENTER: 'DialogueMoveGenerator' calling 'generate'; CURRENT SPEAKER: mistral-medium_mas_rag, DIALOGUE TURN NUM = 2.
[2025-10-08 19:26:23,499] [INFO] ENTER: 'MASPromptGenerator' calling 'claim'; CURRENT SPEAKER: mistral-medium_mas_rag, DIALOGUE TURN NUM = 2.
[2025-10-08 19:26:23,499] [INFO] ENTER: 'DialogueMoveGenerator' calling 'generate'; CURRENT SPEAKER: mistral-medium_mas_rag, DIALOGUE TURN NUM = 2.
[2025-10-08 19:26:23,500] [INFO] ENTER: 'MASPromptGenerator' calling 'claim_negation'; CURRENT SPEAKER: mistral-medium_mas_rag, DIALOGUE TURN NUM = 2.
[2025-10-08 19:26:23,500] [INFO] EXIT: 'MASPromptGenerator' calling 'claim' (3.790855407714844e-05 secs).
[2025-10-08 19:26:23,501] [INFO] ENTER: 'DialogueMoveGenerator' calling 'generate'; CURRENT SPEAKER: mistral-medium_mas_rag, DIALOGUE TURN NUM = 2.
[2025-10-08 19:26:23,501] [INFO] ENTER: 'MASPromptGenerator' calling 'concede_claim'; CURRENT SPEAKER: mistral-medium_mas_rag, DIALOGUE TURN NUM = 2.
[2025-10-08 19:26:23,502] [INFO] EXIT: 'MASPromptGenerator' calling 'claim_negation' (3.123283386230469e-05 secs).
[2025-10-08 19:26:23,503] [INFO] ENTER: 'MASPromptGenerator' calling 'question_claim'; CURRENT SPEAKER: mistral-medium_mas_rag, DIALOGUE TURN NUM = 2.
[2025-10-08 19:26:23,504] [INFO] EXIT: 'MASPromptGenerator' calling 'concede_claim' (3.337860107421875e-05 secs).
[2025-10-08 19:26:23,504] [INFO] ENTER: 'DialogueMoveGenerator' calling 'generate'; CURRENT SPEAKER: mistral-medium_mas_rag, DIALOGUE TURN NUM = 2.
[2025-10-08 19:26:23,505] [INFO] EXIT: 'MASPromptGenerator' calling 'question_claim' (2.6941299438476562e-05 secs).
[2025-10-08 19:26:23,505] [INFO] ENTER: 'DialogueMoveGenerator' calling 'generate'; CURRENT SPEAKER: mistral-medium_mas_rag, DIALOGUE TURN NUM = 2.
[2025-10-08 19:26:23,505] [INFO] ENTER: 'MASPromptGenerator' calling 'retract_claim'; CURRENT SPEAKER: mistral-medium_mas_rag, DIALOGUE TURN NUM = 2.
[2025-10-08 19:26:23,506] [INFO] ENTER: 'DialogueMoveGenerator' calling 'generate'; CURRENT SPEAKER: mistral-medium_mas_rag, DIALOGUE TURN NUM = 2.
[2025-10-08 19:26:23,506] [INFO] ENTER: 'MASPromptGenerator' calling 'since_claim'; CURRENT SPEAKER: mistral-medium_mas_rag, DIALOGUE TURN NUM = 2.
[2025-10-08 19:26:23,506] [INFO] EXIT: 'MASPromptGenerator' calling 'retract_claim' (2.1457672119140625e-05 secs).
[2025-10-08 19:26:23,506] [INFO] ENTER: 'MASPromptGenerator' calling 'why_claim'; CURRENT SPEAKER: mistral-medium_mas_rag, DIALOGUE TURN NUM = 2.
[2025-10-08 19:26:23,506] [INFO] EXIT: 'MASPromptGenerator' calling 'since_claim' (2.8848648071289062e-05 secs).
[2025-10-08 19:26:23,506] [INFO] EXIT: 'MASPromptGenerator' calling 'why_claim' (2.765655517578125e-05 secs).
[2025-10-08 19:26:26,003] [INFO] Completion returned and validated from MODEL = 'mistral-medium'.
[2025-10-08 19:26:26,321] [INFO] Completion returned and validated from MODEL = 'mistral-medium'.
[2025-10-08 19:26:26,635] [INFO] Completion returned and validated from MODEL = 'mistral-medium'.
[2025-10-08 19:26:28,388] [INFO] Completion returned and validated from MODEL = 'mistral-medium'.
[2025-10-08 19:26:28,695] [INFO] Completion returned and validated from MODEL = 'mistral-medium'.
[2025-10-08 19:26:33,528] [INFO] Completion returned and validated from MODEL = 'mistral-medium'.
[2025-10-08 19:26:33,529] [INFO] EXIT: 'DialogueMoveGenerator' calling 'generate' (10.022428035736084 secs).
[2025-10-08 19:26:33,554] [INFO] Completion returned and validated from MODEL = 'mistral-medium'.
[2025-10-08 19:26:33,581] [INFO] Completion returned and validated from MODEL = 'mistral-medium'.
[2025-10-08 19:26:35,171] [INFO] Completion returned and validated from MODEL = 'mistral-medium'.
[2025-10-08 19:26:35,514] [INFO] Completion returned and validated from MODEL = 'mistral-medium'.
[2025-10-08 19:26:35,571] [INFO] Completion returned and validated from MODEL = 'mistral-medium'.
[2025-10-08 19:26:35,630] [INFO] Completion returned and validated from MODEL = 'mistral-medium'.
[2025-10-08 19:26:35,630] [INFO] EXIT: 'DialogueMoveGenerator' calling 'generate' (12.126936197280884 secs).
[2025-10-08 19:26:35,818] [INFO] Completion returned and validated from MODEL = 'mistral-medium'.
[2025-10-08 19:26:35,818] [INFO] EXIT: 'DialogueMoveGenerator' calling 'generate' (12.312272071838379 secs).
[2025-10-08 19:26:38,418] [INFO] Completion returned and validated from MODEL = 'mistral-medium'.
[2025-10-08 19:26:38,418] [INFO] EXIT: 'DialogueMoveGenerator' calling 'generate' (14.9182288646698 secs).
[2025-10-08 19:27:01,037] [INFO] Completion returned and validated from MODEL = 'mistral-medium'.
[2025-10-08 19:27:01,037] [INFO] EXIT: 'DialogueMoveGenerator' calling 'generate' (37.531224489212036 secs).
[2025-10-08 19:27:01,062] [INFO] Completion returned and validated from MODEL = 'mistral-medium'.
[2025-10-08 19:28:13,614] [INFO] Completion returned and validated from MODEL = 'mistral-medium'.
[2025-10-08 19:28:13,614] [INFO] EXIT: 'DialogueMoveGenerator' calling 'generate' (110.11533045768738 secs).
[2025-10-08 19:29:03,269] [INFO] Completion returned and validated from MODEL = 'mistral-medium'.
[2025-10-08 19:29:03,269] [INFO] EXIT: 'DialogueMoveGenerator' calling 'generate' (159.76872968673706 secs).
[2025-10-08 19:29:03,270] [INFO] ENTER: 'MASPromptGenerator' calling 'persuasiveness_choice'; CURRENT SPEAKER: mistral-medium_mas_rag, DIALOGUE TURN NUM = 2.
[2025-10-08 19:29:03,271] [INFO] EXIT: 'MASPromptGenerator' calling 'persuasiveness_choice' (0.00013566017150878906 secs).
[2025-10-08 19:29:06,962] [INFO] Completion returned and validated within 'PersuasivenessChoiceAgent'; MODEL = 'mistral-medium'; DIALOGUE TURN NUM = 2.
[2025-10-08 19:29:10,575] [INFO] Completion returned and validated within 'PersuasivenessChoiceAgent'; MODEL = 'mistral-medium'; DIALOGUE TURN NUM = 2.
[2025-10-08 19:29:14,339] [INFO] Completion returned and validated within 'PersuasivenessChoiceAgent'; MODEL = 'mistral-medium'; DIALOGUE TURN NUM = 2.
[2025-10-08 19:29:18,084] [INFO] Completion returned and validated within 'PersuasivenessChoiceAgent'; MODEL = 'mistral-medium'; DIALOGUE TURN NUM = 2.
[2025-10-08 19:29:22,149] [INFO] Completion returned and validated within 'PersuasivenessChoiceAgent'; MODEL = 'mistral-medium'; DIALOGUE TURN NUM = 2.
[2025-10-08 19:29:22,149] [INFO] ENTER: 'DisambiguationAgent' calling '_grouping_similar_utterance_types'; CURRENT SPEAKER: mistral-medium_mas_rag, DIALOGUE TURN NUM = 2.
[2025-10-08 19:29:22,149] [INFO] EXIT: 'DisambiguationAgent' calling '_grouping_similar_utterance_types' (1.3828277587890625e-05 secs).
[2025-10-08 19:29:22,149] [INFO] ENTER: 'DisambiguationAgent' calling '_identifying_similar_sentences_and_choosing_one_to_return_to_user'; CURRENT SPEAKER: mistral-medium_mas_rag, DIALOGUE TURN NUM = 2.
[2025-10-08 19:29:32,480] [INFO] 'DisambiguationAgent' grouped similar sentences, completion returned and validated; MODEL = 'mistral-medium'.
[2025-10-08 19:29:34,136] [INFO] 'DisambiguationAgent' chose sentences to remove, completion returned and validated from MODEL = 'mistral-medium'.
[2025-10-08 19:29:36,578] [INFO] 'DisambiguationAgent' chose sentences to remove, completion returned and validated from MODEL = 'mistral-medium'.
[2025-10-08 19:29:37,666] [INFO] 'DisambiguationAgent' chose sentences to remove, completion returned and validated from MODEL = 'mistral-medium'.
[2025-10-08 19:29:38,674] [INFO] 'DisambiguationAgent' chose sentences to remove, completion returned and validated from MODEL = 'mistral-medium'.
[2025-10-08 19:29:38,674] [INFO] EXIT: 'DisambiguationAgent' calling '_identifying_similar_sentences_and_choosing_one_to_return_to_user' (16.524700164794922 secs).
[2025-10-08 19:29:38,674] [INFO] ENTER: 'DisambiguationAgent' calling '_identifying_similar_sentences_and_choosing_one_to_return_to_user'; CURRENT SPEAKER: mistral-medium_mas_rag, DIALOGUE TURN NUM = 2.
[2025-10-08 19:29:42,745] [INFO] 'DisambiguationAgent' grouped similar sentences, completion returned and validated; MODEL = 'mistral-medium'.
[2025-10-08 19:29:44,017] [INFO] 'DisambiguationAgent' chose sentences to remove, completion returned and validated from MODEL = 'mistral-medium'.
[2025-10-08 19:29:44,872] [INFO] 'DisambiguationAgent' chose sentences to remove, completion returned and validated from MODEL = 'mistral-medium'.
[2025-10-08 19:29:46,017] [INFO] 'DisambiguationAgent' chose sentences to remove, completion returned and validated from MODEL = 'mistral-medium'.
[2025-10-08 19:29:46,017] [INFO] EXIT: 'DisambiguationAgent' calling '_identifying_similar_sentences_and_choosing_one_to_return_to_user' (7.343004941940308 secs).
[2025-10-08 19:29:46,017] [INFO] ENTER: 'DisambiguationAgent' calling '_removing_repetitive_sentences'; CURRENT SPEAKER: mistral-medium_mas_rag, DIALOGUE TURN NUM = 2.
[2025-10-08 19:29:46,017] [INFO] EXIT: 'DisambiguationAgent' calling '_removing_repetitive_sentences' (2.574920654296875e-05 secs).
[2025-10-08 19:29:46,017] [INFO] ENTER: 'DisambiguationAgent' calling '_choose_the_most_persuasive_sentences'; CURRENT SPEAKER: mistral-medium_mas_rag, DIALOGUE TURN NUM = 2.
[2025-10-08 19:29:49,478] [INFO] 'DisambiguationAgent': reached maximum allowed sentences, succussfully chose most persuasive sentences, completion returned and validated from MODEL = 'mistral-medium'.
[2025-10-08 19:29:49,480] [INFO] EXIT: 'DisambiguationAgent' calling '_choose_the_most_persuasive_sentences' (3.4625260829925537 secs).
[2025-10-08 19:29:49,480] [INFO] ENTER: 'DisambiguationAgent' calling 'return_disambiguated_sentences'; CURRENT SPEAKER: mistral-medium_mas_rag, DIALOGUE TURN NUM = 2.
[2025-10-08 19:29:49,480] [INFO] EXIT: 'DisambiguationAgent' calling 'return_disambiguated_sentences' (2.6226043701171875e-06 secs).
[2025-10-08 19:29:49,481] [ERROR] Wrong state used; State of type HumanState; error message: dict has unexpected extra key(s): "graph_rag_examples", "intermediate_generations", "knowledge_base_ensemble_or_model_name", "model_seed", "model_temp", "model_top_p", "number_of_graph_rag_examples", "number_of_vector_based_rag_examples", "political_position_prob_of_na", "political_position_range", "political_position_std", "speaker_model_name", "speaker_type", "vector_based_persona_string", "vector_based_persona_sys_prompt"
[2025-10-08 19:29:49,481] [INFO] Correct state used; State of type GenerationAgentsState; 'IGNORE THE ABOVE ERRORS'.
[2025-10-08 19:29:50,026] [INFO] 'commitment_update' completed '___Since___' update; MODEL = 'mistral-medium'.
[2025-10-08 19:29:50,448] [INFO] 'commitment_update' completed '___Claim___' update for current speaker's commitments; MODEL = 'mistral-medium'.
[2025-10-08 19:29:51,014] [INFO] 'commitment_update' completed '___Claim___' update for current speaker's commitments; MODEL = 'mistral-medium'.
[2025-10-08 19:29:51,085] [ERROR] Wrong state used; State of type HumanState; error message: dict has unexpected extra key(s): "graph_rag_examples", "intermediate_generations", "knowledge_base_ensemble_or_model_name", "model_seed", "model_temp", "model_top_p", "number_of_graph_rag_examples", "number_of_vector_based_rag_examples", "political_position_prob_of_na", "political_position_range", "political_position_std", "speaker_model_name", "speaker_type", "vector_based_persona_string", "vector_based_persona_sys_prompt"
[2025-10-08 19:29:51,086] [INFO] Correct state used; State of type GenerationAgentsState; 'IGNORE THE ABOVE ERRORS'.
[2025-10-08 19:29:51,086] [INFO] ENTER: 'UtteranceClassificationAgent' calling '_classify_sentence_utterance_types'; CURRENT SPEAKER: grok-3_mas, DIALOGUE TURN NUM = 3.
[2025-10-08 19:29:52,118] [INFO] 'UtteranceClassificationAgent' completion returned and validated from MODEL = 'ModelName.GROK_3'.
[2025-10-08 19:29:52,952] [INFO] 'UtteranceClassificationAgent' completion returned and validated from MODEL = 'ModelName.GROK_3'.
[2025-10-08 19:29:53,669] [INFO] 'UtteranceClassificationAgent' completion returned and validated from MODEL = 'ModelName.GROK_3'.
[2025-10-08 19:29:54,508] [INFO] 'UtteranceClassificationAgent' completion returned and validated from MODEL = 'ModelName.GROK_3'.
[2025-10-08 19:29:55,315] [INFO] 'UtteranceClassificationAgent' completion returned and validated from MODEL = 'ModelName.GROK_3'.
[2025-10-08 19:29:55,316] [INFO] EXIT: 'UtteranceClassificationAgent' calling '_classify_sentence_utterance_types' (4.229475736618042 secs).
[2025-10-08 19:29:55,316] [INFO] ENTER: 'UtteranceClassificationAgent' calling 'return_classified_sentences'; CURRENT SPEAKER: grok-3_mas, DIALOGUE TURN NUM = 3.
[2025-10-08 19:29:55,316] [INFO] EXIT: 'UtteranceClassificationAgent' calling 'return_classified_sentences' (1.9073486328125e-06 secs).
[2025-10-08 19:29:55,320] [INFO] ENTER: 'DialogueMoveGenerator' calling 'generate'; CURRENT SPEAKER: grok-3_mas, DIALOGUE TURN NUM = 3.
[2025-10-08 19:29:55,321] [INFO] ENTER: 'MASPromptGenerator' calling 'claim'; CURRENT SPEAKER: grok-3_mas, DIALOGUE TURN NUM = 3.
[2025-10-08 19:29:55,321] [INFO] EXIT: 'MASPromptGenerator' calling 'claim' (3.147125244140625e-05 secs).
[2025-10-08 19:29:55,321] [INFO] ENTER: 'DialogueMoveGenerator' calling 'generate'; CURRENT SPEAKER: grok-3_mas, DIALOGUE TURN NUM = 3.
[2025-10-08 19:29:55,321] [INFO] ENTER: 'MASPromptGenerator' calling 'claim_negation'; CURRENT SPEAKER: grok-3_mas, DIALOGUE TURN NUM = 3.
[2025-10-08 19:29:55,321] [INFO] EXIT: 'MASPromptGenerator' calling 'claim_negation' (2.47955322265625e-05 secs).
[2025-10-08 19:29:55,322] [INFO] ENTER: 'DialogueMoveGenerator' calling 'generate'; CURRENT SPEAKER: grok-3_mas, DIALOGUE TURN NUM = 3.
[2025-10-08 19:29:55,322] [INFO] ENTER: 'MASPromptGenerator' calling 'concede_claim'; CURRENT SPEAKER: grok-3_mas, DIALOGUE TURN NUM = 3.
[2025-10-08 19:29:55,322] [INFO] EXIT: 'MASPromptGenerator' calling 'concede_claim' (1.9073486328125e-05 secs).
[2025-10-08 19:29:55,343] [INFO] ENTER: 'DialogueMoveGenerator' calling 'generate'; CURRENT SPEAKER: grok-3_mas, DIALOGUE TURN NUM = 3.
[2025-10-08 19:29:55,344] [INFO] ENTER: 'MASPromptGenerator' calling 'question_claim'; CURRENT SPEAKER: grok-3_mas, DIALOGUE TURN NUM = 3.
[2025-10-08 19:29:55,344] [INFO] EXIT: 'MASPromptGenerator' calling 'question_claim' (3.2901763916015625e-05 secs).
[2025-10-08 19:29:55,344] [INFO] ENTER: 'DialogueMoveGenerator' calling 'generate'; CURRENT SPEAKER: grok-3_mas, DIALOGUE TURN NUM = 3.
[2025-10-08 19:29:55,344] [INFO] ENTER: 'MASPromptGenerator' calling 'retract_claim'; CURRENT SPEAKER: grok-3_mas, DIALOGUE TURN NUM = 3.
[2025-10-08 19:29:55,345] [INFO] EXIT: 'MASPromptGenerator' calling 'retract_claim' (2.6226043701171875e-05 secs).
[2025-10-08 19:29:55,345] [INFO] ENTER: 'DialogueMoveGenerator' calling 'generate'; CURRENT SPEAKER: grok-3_mas, DIALOGUE TURN NUM = 3.
[2025-10-08 19:29:55,345] [INFO] ENTER: 'MASPromptGenerator' calling 'since_claim'; CURRENT SPEAKER: grok-3_mas, DIALOGUE TURN NUM = 3.
[2025-10-08 19:29:55,345] [INFO] EXIT: 'MASPromptGenerator' calling 'since_claim' (1.8596649169921875e-05 secs).
[2025-10-08 19:29:55,345] [INFO] ENTER: 'DialogueMoveGenerator' calling 'generate'; CURRENT SPEAKER: grok-3_mas, DIALOGUE TURN NUM = 3.
[2025-10-08 19:29:55,346] [INFO] ENTER: 'MASPromptGenerator' calling 'why_claim'; CURRENT SPEAKER: grok-3_mas, DIALOGUE TURN NUM = 3.
[2025-10-08 19:29:55,346] [INFO] EXIT: 'MASPromptGenerator' calling 'why_claim' (1.8835067749023438e-05 secs).
[2025-10-08 19:29:58,565] [INFO] Completion returned and validated from MODEL = 'grok-3'.
[2025-10-08 19:29:59,401] [INFO] Completion returned and validated from MODEL = 'grok-3'.
[2025-10-08 19:29:59,495] [INFO] Completion returned and validated from MODEL = 'grok-3'.
[2025-10-08 19:29:59,649] [INFO] Completion returned and validated from MODEL = 'grok-3'.
[2025-10-08 19:30:00,136] [INFO] Completion returned and validated from MODEL = 'grok-3'.
[2025-10-08 19:30:00,253] [INFO] Completion returned and validated from MODEL = 'grok-3'.
[2025-10-08 19:30:02,683] [INFO] Completion returned and validated from MODEL = 'grok-3'.
[2025-10-08 19:30:03,035] [INFO] Completion returned and validated from MODEL = 'grok-3'.
[2025-10-08 19:30:03,329] [INFO] Completion returned and validated from MODEL = 'grok-3'.
[2025-10-08 19:30:03,329] [INFO] EXIT: 'DialogueMoveGenerator' calling 'generate' (7.983633041381836 secs).
[2025-10-08 19:30:03,426] [INFO] Completion returned and validated from MODEL = 'grok-3'.
[2025-10-08 19:30:03,426] [INFO] EXIT: 'DialogueMoveGenerator' calling 'generate' (8.105623960494995 secs).
[2025-10-08 19:30:05,836] [INFO] Completion returned and validated from MODEL = 'grok-3'.
[2025-10-08 19:30:05,837] [INFO] EXIT: 'DialogueMoveGenerator' calling 'generate' (10.492136001586914 secs).
[2025-10-08 19:30:06,548] [INFO] Completion returned and validated from MODEL = 'grok-3'.
[2025-10-08 19:30:06,548] [INFO] EXIT: 'DialogueMoveGenerator' calling 'generate' (11.22588324546814 secs).
[2025-10-08 19:30:06,657] [INFO] Completion returned and validated from MODEL = 'grok-3'.
[2025-10-08 19:30:06,657] [INFO] EXIT: 'DialogueMoveGenerator' calling 'generate' (11.313569784164429 secs).
[2025-10-08 19:30:56,601] [INFO] Completion returned and validated from MODEL = 'grok-3'.
[2025-10-08 19:31:59,043] [INFO] Completion returned and validated from MODEL = 'grok-3'.
[2025-10-08 19:32:02,125] [INFO] Completion returned and validated from MODEL = 'grok-3'.
[2025-10-08 19:32:04,753] [INFO] Completion returned and validated from MODEL = 'grok-3'.
[2025-10-08 19:32:04,753] [INFO] EXIT: 'DialogueMoveGenerator' calling 'generate' (129.40706396102905 secs).
[2025-10-08 19:33:00,416] [INFO] Completion returned and validated from MODEL = 'grok-3'.
[2025-10-08 19:33:00,416] [INFO] EXIT: 'DialogueMoveGenerator' calling 'generate' (185.0948703289032 secs).
[2025-10-08 19:33:00,417] [INFO] ENTER: 'MASPromptGenerator' calling 'persuasiveness_choice'; CURRENT SPEAKER: grok-3_mas, DIALOGUE TURN NUM = 3.
[2025-10-08 19:33:00,417] [INFO] EXIT: 'MASPromptGenerator' calling 'persuasiveness_choice' (0.00011515617370605469 secs).
[2025-10-08 19:33:03,660] [INFO] Completion returned and validated within 'PersuasivenessChoiceAgent'; MODEL = 'grok-3'; DIALOGUE TURN NUM = 3.
[2025-10-08 19:33:06,718] [INFO] Completion returned and validated within 'PersuasivenessChoiceAgent'; MODEL = 'grok-3'; DIALOGUE TURN NUM = 3.
[2025-10-08 19:33:09,644] [INFO] Completion returned and validated within 'PersuasivenessChoiceAgent'; MODEL = 'grok-3'; DIALOGUE TURN NUM = 3.
[2025-10-08 19:33:11,982] [INFO] Completion returned and validated within 'PersuasivenessChoiceAgent'; MODEL = 'grok-3'; DIALOGUE TURN NUM = 3.
[2025-10-08 19:33:15,213] [INFO] Completion returned and validated within 'PersuasivenessChoiceAgent'; MODEL = 'grok-3'; DIALOGUE TURN NUM = 3.
[2025-10-08 19:33:15,214] [INFO] ENTER: 'DisambiguationAgent' calling '_grouping_similar_utterance_types'; CURRENT SPEAKER: grok-3_mas, DIALOGUE TURN NUM = 3.
[2025-10-08 19:33:15,214] [INFO] EXIT: 'DisambiguationAgent' calling '_grouping_similar_utterance_types' (1.1444091796875e-05 secs).
[2025-10-08 19:33:15,214] [INFO] ENTER: 'DisambiguationAgent' calling '_identifying_similar_sentences_and_choosing_one_to_return_to_user'; CURRENT SPEAKER: grok-3_mas, DIALOGUE TURN NUM = 3.
[2025-10-08 19:33:24,281] [INFO] 'DisambiguationAgent' grouped similar sentences, completion returned and validated; MODEL = 'grok-3'.
[2025-10-08 19:33:25,286] [INFO] 'DisambiguationAgent' chose sentences to remove, completion returned and validated from MODEL = 'grok-3'.
[2025-10-08 19:33:26,219] [INFO] 'DisambiguationAgent' chose sentences to remove, completion returned and validated from MODEL = 'grok-3'.
[2025-10-08 19:33:26,219] [INFO] EXIT: 'DisambiguationAgent' calling '_identifying_similar_sentences_and_choosing_one_to_return_to_user' (11.004423379898071 secs).
[2025-10-08 19:33:26,219] [INFO] ENTER: 'DisambiguationAgent' calling '_identifying_similar_sentences_and_choosing_one_to_return_to_user'; CURRENT SPEAKER: grok-3_mas, DIALOGUE TURN NUM = 3.
[2025-10-08 19:33:27,463] [INFO] 'DisambiguationAgent' grouped similar sentences, completion returned and validated; MODEL = 'grok-3'.
[2025-10-08 19:33:28,547] [INFO] 'DisambiguationAgent' chose sentences to remove, completion returned and validated from MODEL = 'grok-3'.
[2025-10-08 19:33:28,547] [INFO] EXIT: 'DisambiguationAgent' calling '_identifying_similar_sentences_and_choosing_one_to_return_to_user' (2.3283727169036865 secs).
[2025-10-08 19:33:28,547] [INFO] ENTER: 'DisambiguationAgent' calling '_removing_repetitive_sentences'; CURRENT SPEAKER: grok-3_mas, DIALOGUE TURN NUM = 3.
[2025-10-08 19:33:28,547] [INFO] EXIT: 'DisambiguationAgent' calling '_removing_repetitive_sentences' (2.3126602172851562e-05 secs).
[2025-10-08 19:33:28,547] [INFO] ENTER: 'DisambiguationAgent' calling 'return_disambiguated_sentences'; CURRENT SPEAKER: grok-3_mas, DIALOGUE TURN NUM = 3.
[2025-10-08 19:33:28,547] [INFO] EXIT: 'DisambiguationAgent' calling 'return_disambiguated_sentences' (2.1457672119140625e-06 secs).
[2025-10-08 19:33:28,548] [ERROR] Wrong state used; State of type HumanState; error message: dict has unexpected extra key(s): "graph_rag_examples", "intermediate_generations", "knowledge_base_ensemble_or_model_name", "model_seed", "model_temp", "model_top_p", "number_of_graph_rag_examples", "number_of_vector_based_rag_examples", "political_position_prob_of_na", "political_position_range", "political_position_std", "speaker_model_name", "speaker_type", "vector_based_persona_string", "vector_based_persona_sys_prompt"
[2025-10-08 19:33:28,548] [INFO] Correct state used; State of type GenerationAgentsState; 'IGNORE THE ABOVE ERRORS'.
[2025-10-08 19:33:29,220] [INFO] 'commitment_update' completed '___Claim___' update for current speaker's commitments; MODEL = 'grok-3'.
[2025-10-08 19:33:29,916] [INFO] 'commitment_update' completed '___Claim___' update for current speaker's commitments; MODEL = 'grok-3'.
[2025-10-08 19:33:29,977] [ERROR] Wrong state used; State of type HumanState; error message: dict has unexpected extra key(s): "graph_rag_examples", "intermediate_generations", "knowledge_base_ensemble_or_model_name", "model_seed", "model_temp", "model_top_p", "number_of_graph_rag_examples", "number_of_vector_based_rag_examples", "political_position_prob_of_na", "political_position_range", "political_position_std", "speaker_model_name", "speaker_type", "vector_based_persona_string", "vector_based_persona_sys_prompt"
[2025-10-08 19:33:29,978] [INFO] Correct state used; State of type GenerationAgentsState; 'IGNORE THE ABOVE ERRORS'.
[2025-10-08 19:33:29,978] [INFO] ENTER: 'UtteranceClassificationAgent' calling '_classify_sentence_utterance_types'; CURRENT SPEAKER: mistral-medium_mas_rag, DIALOGUE TURN NUM = 4.
[2025-10-08 19:33:30,564] [INFO] 'UtteranceClassificationAgent' completion returned and validated from MODEL = 'ModelName.MISTRAL_MEDIUM'.
[2025-10-08 19:33:38,532] [INFO] 'UtteranceClassificationAgent' completion returned and validated from MODEL = 'ModelName.MISTRAL_MEDIUM'.
[2025-10-08 19:33:40,842] [INFO] 'UtteranceClassificationAgent' completion returned and validated from MODEL = 'ModelName.MISTRAL_MEDIUM'.
[2025-10-08 19:33:41,284] [INFO] 'UtteranceClassificationAgent' completion returned and validated from MODEL = 'ModelName.MISTRAL_MEDIUM'.
[2025-10-08 19:33:41,284] [INFO] EXIT: 'UtteranceClassificationAgent' calling '_classify_sentence_utterance_types' (11.305960178375244 secs).
[2025-10-08 19:33:41,284] [INFO] ENTER: 'UtteranceClassificationAgent' calling 'return_classified_sentences'; CURRENT SPEAKER: mistral-medium_mas_rag, DIALOGUE TURN NUM = 4.
[2025-10-08 19:33:41,284] [INFO] EXIT: 'UtteranceClassificationAgent' calling 'return_classified_sentences' (2.384185791015625e-06 secs).
[2025-10-08 19:33:41,305] [INFO] ENTER: 'GraphRAG' calling 'why'; CURRENT SPEAKER: mistral-medium_mas_rag, DIALOGUE TURN NUM = 4.
[2025-10-08 19:33:41,305] [INFO] ENTER: 'GraphRAG' calling 'query_graph'; CURRENT SPEAKER: mistral-medium_mas_rag, DIALOGUE TURN NUM = 4.
[2025-10-08 19:33:42,022] [INFO] EXIT: 'GraphRAG' calling 'query_graph' (0.7166614532470703 secs).
[2025-10-08 19:33:42,022] [INFO] EXIT: 'GraphRAG' calling 'why' (0.7170653343200684 secs).
[2025-10-08 19:33:42,022] [INFO] ENTER: 'GraphRAG' calling 'claim_negation'; CURRENT SPEAKER: mistral-medium_mas_rag, DIALOGUE TURN NUM = 4.
[2025-10-08 19:33:42,022] [INFO] ENTER: 'GraphRAG' calling 'query_graph'; CURRENT SPEAKER: mistral-medium_mas_rag, DIALOGUE TURN NUM = 4.
[2025-10-08 19:33:42,692] [INFO] EXIT: 'GraphRAG' calling 'query_graph' (0.6698944568634033 secs).
[2025-10-08 19:33:42,692] [INFO] EXIT: 'GraphRAG' calling 'claim_negation' (0.6703281402587891 secs).
[2025-10-08 19:33:42,692] [INFO] ENTER: 'GraphRAG' calling 'concede'; CURRENT SPEAKER: mistral-medium_mas_rag, DIALOGUE TURN NUM = 4.
[2025-10-08 19:33:42,693] [INFO] ENTER: 'GraphRAG' calling 'query_graph'; CURRENT SPEAKER: mistral-medium_mas_rag, DIALOGUE TURN NUM = 4.
[2025-10-08 19:33:43,394] [INFO] EXIT: 'GraphRAG' calling 'query_graph' (0.7011239528656006 secs).
[2025-10-08 19:33:43,394] [INFO] EXIT: 'GraphRAG' calling 'concede' (0.7015080451965332 secs).
[2025-10-08 19:33:43,394] [INFO] ENTER: 'GraphRAG' calling 'question'; CURRENT SPEAKER: mistral-medium_mas_rag, DIALOGUE TURN NUM = 4.
[2025-10-08 19:33:43,394] [INFO] ENTER: 'GraphRAG' calling 'query_graph'; CURRENT SPEAKER: mistral-medium_mas_rag, DIALOGUE TURN NUM = 4.
[2025-10-08 19:33:43,520] [INFO] EXIT: 'GraphRAG' calling 'query_graph' (0.12605643272399902 secs).
[2025-10-08 19:33:43,521] [INFO] EXIT: 'GraphRAG' calling 'question' (0.12643980979919434 secs).
[2025-10-08 19:33:43,536] [INFO] ENTER: 'GraphRAG' calling 'since'; CURRENT SPEAKER: mistral-medium_mas_rag, DIALOGUE TURN NUM = 4.
[2025-10-08 19:33:43,536] [INFO] ENTER: 'GraphRAG' calling 'query_graph'; CURRENT SPEAKER: mistral-medium_mas_rag, DIALOGUE TURN NUM = 4.
[2025-10-08 19:33:43,556] [INFO] EXIT: 'GraphRAG' calling 'query_graph' (0.01937103271484375 secs).
[2025-10-08 19:33:43,556] [INFO] EXIT: 'GraphRAG' calling 'since' (0.019748926162719727 secs).
[2025-10-08 19:33:43,556] [INFO] ENTER: 'GraphRAG' calling 'claim'; CURRENT SPEAKER: mistral-medium_mas_rag, DIALOGUE TURN NUM = 4.
[2025-10-08 19:33:43,556] [INFO] ENTER: 'GraphRAG' calling 'query_graph'; CURRENT SPEAKER: mistral-medium_mas_rag, DIALOGUE TURN NUM = 4.
[2025-10-08 19:33:43,571] [INFO] EXIT: 'GraphRAG' calling 'query_graph' (0.014842510223388672 secs).
[2025-10-08 19:33:43,571] [INFO] EXIT: 'GraphRAG' calling 'claim' (0.015199899673461914 secs).
[2025-10-08 19:33:43,586] [INFO] ENTER: 'GraphRAG' calling 'since'; CURRENT SPEAKER: mistral-medium_mas_rag, DIALOGUE TURN NUM = 4.
[2025-10-08 19:33:43,587] [INFO] ENTER: 'GraphRAG' calling 'query_graph'; CURRENT SPEAKER: mistral-medium_mas_rag, DIALOGUE TURN NUM = 4.
[2025-10-08 19:33:43,606] [INFO] EXIT: 'GraphRAG' calling 'query_graph' (0.018864154815673828 secs).
[2025-10-08 19:33:43,606] [INFO] EXIT: 'GraphRAG' calling 'since' (0.019302845001220703 secs).
[2025-10-08 19:33:43,606] [INFO] ENTER: 'GraphRAG' calling 'claim'; CURRENT SPEAKER: mistral-medium_mas_rag, DIALOGUE TURN NUM = 4.
[2025-10-08 19:33:43,606] [INFO] ENTER: 'GraphRAG' calling 'query_graph'; CURRENT SPEAKER: mistral-medium_mas_rag, DIALOGUE TURN NUM = 4.
[2025-10-08 19:33:43,621] [INFO] EXIT: 'GraphRAG' calling 'query_graph' (0.015130281448364258 secs).
[2025-10-08 19:33:43,621] [INFO] EXIT: 'GraphRAG' calling 'claim' (0.01555943489074707 secs).
[2025-10-08 19:33:43,637] [INFO] ENTER: 'GraphRAG' calling 'why'; CURRENT SPEAKER: mistral-medium_mas_rag, DIALOGUE TURN NUM = 4.
[2025-10-08 19:33:43,638] [INFO] ENTER: 'GraphRAG' calling 'query_graph'; CURRENT SPEAKER: mistral-medium_mas_rag, DIALOGUE TURN NUM = 4.
[2025-10-08 19:33:44,337] [INFO] EXIT: 'GraphRAG' calling 'query_graph' (0.6989545822143555 secs).
[2025-10-08 19:33:44,337] [INFO] EXIT: 'GraphRAG' calling 'why' (0.6993927955627441 secs).
[2025-10-08 19:33:44,337] [INFO] ENTER: 'GraphRAG' calling 'claim_negation'; CURRENT SPEAKER: mistral-medium_mas_rag, DIALOGUE TURN NUM = 4.
[2025-10-08 19:33:44,337] [INFO] ENTER: 'GraphRAG' calling 'query_graph'; CURRENT SPEAKER: mistral-medium_mas_rag, DIALOGUE TURN NUM = 4.
[2025-10-08 19:33:45,016] [INFO] EXIT: 'GraphRAG' calling 'query_graph' (0.6782703399658203 secs).
[2025-10-08 19:33:45,016] [INFO] EXIT: 'GraphRAG' calling 'claim_negation' (0.6786720752716064 secs).
[2025-10-08 19:33:45,016] [INFO] ENTER: 'GraphRAG' calling 'concede'; CURRENT SPEAKER: mistral-medium_mas_rag, DIALOGUE TURN NUM = 4.
[2025-10-08 19:33:45,016] [INFO] ENTER: 'GraphRAG' calling 'query_graph'; CURRENT SPEAKER: mistral-medium_mas_rag, DIALOGUE TURN NUM = 4.
[2025-10-08 19:33:45,725] [INFO] EXIT: 'GraphRAG' calling 'query_graph' (0.7091927528381348 secs).
[2025-10-08 19:33:45,725] [INFO] EXIT: 'GraphRAG' calling 'concede' (0.709632158279419 secs).
[2025-10-08 19:33:45,725] [INFO] ENTER: 'GraphRAG' calling 'question'; CURRENT SPEAKER: mistral-medium_mas_rag, DIALOGUE TURN NUM = 4.
[2025-10-08 19:33:45,726] [INFO] ENTER: 'GraphRAG' calling 'query_graph'; CURRENT SPEAKER: mistral-medium_mas_rag, DIALOGUE TURN NUM = 4.
[2025-10-08 19:33:45,853] [INFO] EXIT: 'GraphRAG' calling 'query_graph' (0.126786470413208 secs).
[2025-10-08 19:33:45,853] [INFO] EXIT: 'GraphRAG' calling 'question' (0.12717533111572266 secs).
[2025-10-08 19:33:45,853] [INFO] ENTER: 'GraphRAG' calling 'return_rag_examples'; CURRENT SPEAKER: mistral-medium_mas_rag, DIALOGUE TURN NUM = 4.
[2025-10-08 19:33:45,853] [INFO] EXIT: 'GraphRAG' calling 'return_rag_examples' (1.9073486328125e-06 secs).
[2025-10-08 19:33:45,855] [INFO] ENTER: 'DialogueMoveGenerator' calling 'generate'; CURRENT SPEAKER: mistral-medium_mas_rag, DIALOGUE TURN NUM = 4.
[2025-10-08 19:33:45,856] [INFO] ENTER: 'MASPromptGenerator' calling 'claim'; CURRENT SPEAKER: mistral-medium_mas_rag, DIALOGUE TURN NUM = 4.
[2025-10-08 19:33:45,856] [INFO] EXIT: 'MASPromptGenerator' calling 'claim' (3.6716461181640625e-05 secs).
[2025-10-08 19:33:45,856] [INFO] ENTER: 'DialogueMoveGenerator' calling 'generate'; CURRENT SPEAKER: mistral-medium_mas_rag, DIALOGUE TURN NUM = 4.
[2025-10-08 19:33:45,857] [INFO] ENTER: 'MASPromptGenerator' calling 'claim_negation'; CURRENT SPEAKER: mistral-medium_mas_rag, DIALOGUE TURN NUM = 4.
[2025-10-08 19:33:45,857] [INFO] EXIT: 'MASPromptGenerator' calling 'claim_negation' (2.5033950805664062e-05 secs).
[2025-10-08 19:33:45,857] [INFO] ENTER: 'DialogueMoveGenerator' calling 'generate'; CURRENT SPEAKER: mistral-medium_mas_rag, DIALOGUE TURN NUM = 4.
[2025-10-08 19:33:45,858] [INFO] ENTER: 'MASPromptGenerator' calling 'concede_claim'; CURRENT SPEAKER: mistral-medium_mas_rag, DIALOGUE TURN NUM = 4.
[2025-10-08 19:33:45,858] [INFO] EXIT: 'MASPromptGenerator' calling 'concede_claim' (2.9087066650390625e-05 secs).
[2025-10-08 19:33:45,859] [INFO] ENTER: 'DialogueMoveGenerator' calling 'generate'; CURRENT SPEAKER: mistral-medium_mas_rag, DIALOGUE TURN NUM = 4.
[2025-10-08 19:33:45,860] [INFO] ENTER: 'MASPromptGenerator' calling 'question_claim'; CURRENT SPEAKER: mistral-medium_mas_rag, DIALOGUE TURN NUM = 4.
[2025-10-08 19:33:45,860] [INFO] EXIT: 'MASPromptGenerator' calling 'question_claim' (4.100799560546875e-05 secs).
[2025-10-08 19:33:45,860] [INFO] ENTER: 'DialogueMoveGenerator' calling 'generate'; CURRENT SPEAKER: mistral-medium_mas_rag, DIALOGUE TURN NUM = 4.
[2025-10-08 19:33:45,861] [INFO] ENTER: 'MASPromptGenerator' calling 'retract_claim'; CURRENT SPEAKER: mistral-medium_mas_rag, DIALOGUE TURN NUM = 4.
[2025-10-08 19:33:45,861] [INFO] EXIT: 'MASPromptGenerator' calling 'retract_claim' (2.765655517578125e-05 secs).
[2025-10-08 19:33:45,861] [INFO] ENTER: 'DialogueMoveGenerator' calling 'generate'; CURRENT SPEAKER: mistral-medium_mas_rag, DIALOGUE TURN NUM = 4.
[2025-10-08 19:33:45,861] [INFO] ENTER: 'MASPromptGenerator' calling 'since_claim'; CURRENT SPEAKER: mistral-medium_mas_rag, DIALOGUE TURN NUM = 4.
[2025-10-08 19:33:45,861] [INFO] EXIT: 'MASPromptGenerator' calling 'since_claim' (2.5987625122070312e-05 secs).
[2025-10-08 19:33:45,862] [INFO] ENTER: 'DialogueMoveGenerator' calling 'generate'; CURRENT SPEAKER: mistral-medium_mas_rag, DIALOGUE TURN NUM = 4.
[2025-10-08 19:33:45,862] [INFO] ENTER: 'MASPromptGenerator' calling 'why_claim'; CURRENT SPEAKER: mistral-medium_mas_rag, DIALOGUE TURN NUM = 4.
[2025-10-08 19:33:45,862] [INFO] EXIT: 'MASPromptGenerator' calling 'why_claim' (2.5510787963867188e-05 secs).
[2025-10-08 19:33:47,950] [INFO] Completion returned and validated from MODEL = 'mistral-medium'.
[2025-10-08 19:33:48,051] [INFO] Completion returned and validated from MODEL = 'mistral-medium'.
[2025-10-08 19:33:48,211] [INFO] Completion returned and validated from MODEL = 'mistral-medium'.
[2025-10-08 19:33:48,731] [INFO] Completion returned and validated from MODEL = 'mistral-medium'.
[2025-10-08 19:33:48,774] [INFO] Completion returned and validated from MODEL = 'mistral-medium'.
[2025-10-08 19:33:50,250] [INFO] Completion returned and validated from MODEL = 'mistral-medium'.
[2025-10-08 19:33:50,250] [INFO] EXIT: 'DialogueMoveGenerator' calling 'generate' (4.393512725830078 secs).
[2025-10-08 19:34:01,962] [INFO] Completion returned and validated from MODEL = 'mistral-medium'.
[2025-10-08 19:34:01,962] [INFO] EXIT: 'DialogueMoveGenerator' calling 'generate' (16.102091550827026 secs).
[2025-10-08 19:34:07,438] [INFO] Completion returned and validated from MODEL = 'mistral-medium'.
[2025-10-08 19:34:07,439] [INFO] EXIT: 'DialogueMoveGenerator' calling 'generate' (21.580595016479492 secs).
[2025-10-08 19:34:07,928] [INFO] Completion returned and validated from MODEL = 'mistral-medium'.
[2025-10-08 19:34:09,952] [INFO] Completion returned and validated from MODEL = 'mistral-medium'.
[2025-10-08 19:34:09,953] [INFO] EXIT: 'DialogueMoveGenerator' calling 'generate' (24.097018718719482 secs).
[2025-10-08 19:34:21,994] [INFO] Completion returned and validated from MODEL = 'mistral-medium'.
[2025-10-08 19:34:21,994] [INFO] EXIT: 'DialogueMoveGenerator' calling 'generate' (36.13333344459534 secs).
[2025-10-08 19:34:22,104] [INFO] Completion returned and validated from MODEL = 'mistral-medium'.
[2025-10-08 19:34:23,980] [INFO] Completion returned and validated from MODEL = 'mistral-medium'.
[2025-10-08 19:34:23,980] [INFO] EXIT: 'DialogueMoveGenerator' calling 'generate' (38.118701457977295 secs).
[2025-10-08 19:35:51,939] [INFO] Completion returned and validated from MODEL = 'mistral-medium'.
[2025-10-08 19:35:51,939] [INFO] EXIT: 'DialogueMoveGenerator' calling 'generate' (126.07867860794067 secs).
[2025-10-08 19:35:51,940] [INFO] ENTER: 'MASPromptGenerator' calling 'persuasiveness_choice'; CURRENT SPEAKER: mistral-medium_mas_rag, DIALOGUE TURN NUM = 4.
[2025-10-08 19:35:51,940] [INFO] EXIT: 'MASPromptGenerator' calling 'persuasiveness_choice' (9.679794311523438e-05 secs).
[2025-10-08 19:35:55,082] [INFO] Completion returned and validated within 'PersuasivenessChoiceAgent'; MODEL = 'mistral-medium'; DIALOGUE TURN NUM = 4.
[2025-10-08 19:35:58,656] [INFO] Completion returned and validated within 'PersuasivenessChoiceAgent'; MODEL = 'mistral-medium'; DIALOGUE TURN NUM = 4.
[2025-10-08 19:36:01,511] [INFO] Completion returned and validated within 'PersuasivenessChoiceAgent'; MODEL = 'mistral-medium'; DIALOGUE TURN NUM = 4.
[2025-10-08 19:36:05,081] [INFO] Completion returned and validated within 'PersuasivenessChoiceAgent'; MODEL = 'mistral-medium'; DIALOGUE TURN NUM = 4.
[2025-10-08 19:36:05,084] [INFO] ENTER: 'DisambiguationAgent' calling '_grouping_similar_utterance_types'; CURRENT SPEAKER: mistral-medium_mas_rag, DIALOGUE TURN NUM = 4.
[2025-10-08 19:36:05,084] [INFO] EXIT: 'DisambiguationAgent' calling '_grouping_similar_utterance_types' (8.344650268554688e-06 secs).
[2025-10-08 19:36:05,084] [INFO] ENTER: 'DisambiguationAgent' calling '_identifying_similar_sentences_and_choosing_one_to_return_to_user'; CURRENT SPEAKER: mistral-medium_mas_rag, DIALOGUE TURN NUM = 4.
[2025-10-08 19:36:12,597] [INFO] 'DisambiguationAgent' grouped similar sentences, completion returned and validated; MODEL = 'mistral-medium'.
[2025-10-08 19:36:13,611] [INFO] 'DisambiguationAgent' chose sentences to remove, completion returned and validated from MODEL = 'mistral-medium'.
[2025-10-08 19:36:15,040] [INFO] 'DisambiguationAgent' chose sentences to remove, completion returned and validated from MODEL = 'mistral-medium'.
[2025-10-08 19:36:16,324] [INFO] 'DisambiguationAgent' chose sentences to remove, completion returned and validated from MODEL = 'mistral-medium'.
[2025-10-08 19:36:17,576] [INFO] 'DisambiguationAgent' chose sentences to remove, completion returned and validated from MODEL = 'mistral-medium'.
[2025-10-08 19:36:17,576] [INFO] EXIT: 'DisambiguationAgent' calling '_identifying_similar_sentences_and_choosing_one_to_return_to_user' (12.49146032333374 secs).
[2025-10-08 19:36:17,576] [INFO] ENTER: 'DisambiguationAgent' calling '_identifying_similar_sentences_and_choosing_one_to_return_to_user'; CURRENT SPEAKER: mistral-medium_mas_rag, DIALOGUE TURN NUM = 4.
[2025-10-08 19:36:20,569] [INFO] 'DisambiguationAgent' grouped similar sentences, completion returned and validated; MODEL = 'mistral-medium'.
[2025-10-08 19:36:21,672] [INFO] 'DisambiguationAgent' chose sentences to remove, completion returned and validated from MODEL = 'mistral-medium'.
[2025-10-08 19:36:22,621] [INFO] 'DisambiguationAgent' chose sentences to remove, completion returned and validated from MODEL = 'mistral-medium'.
[2025-10-08 19:36:22,621] [INFO] EXIT: 'DisambiguationAgent' calling '_identifying_similar_sentences_and_choosing_one_to_return_to_user' (5.045043706893921 secs).
[2025-10-08 19:36:22,621] [INFO] ENTER: 'DisambiguationAgent' calling '_removing_repetitive_sentences'; CURRENT SPEAKER: mistral-medium_mas_rag, DIALOGUE TURN NUM = 4.
[2025-10-08 19:36:22,621] [INFO] EXIT: 'DisambiguationAgent' calling '_removing_repetitive_sentences' (1.621246337890625e-05 secs).
[2025-10-08 19:36:22,621] [INFO] ENTER: 'DisambiguationAgent' calling '_choose_the_most_persuasive_sentences'; CURRENT SPEAKER: mistral-medium_mas_rag, DIALOGUE TURN NUM = 4.
[2025-10-08 19:36:26,204] [INFO] 'DisambiguationAgent': reached maximum allowed sentences, succussfully chose most persuasive sentences, completion returned and validated from MODEL = 'mistral-medium'.
[2025-10-08 19:36:26,205] [INFO] EXIT: 'DisambiguationAgent' calling '_choose_the_most_persuasive_sentences' (3.5836148262023926 secs).
[2025-10-08 19:36:26,205] [INFO] ENTER: 'DisambiguationAgent' calling 'return_disambiguated_sentences'; CURRENT SPEAKER: mistral-medium_mas_rag, DIALOGUE TURN NUM = 4.
[2025-10-08 19:36:26,205] [INFO] EXIT: 'DisambiguationAgent' calling 'return_disambiguated_sentences' (3.0994415283203125e-06 secs).
[2025-10-08 19:36:26,205] [ERROR] Wrong state used; State of type HumanState; error message: dict has unexpected extra key(s): "graph_rag_examples", "intermediate_generations", "knowledge_base_ensemble_or_model_name", "model_seed", "model_temp", "model_top_p", "number_of_graph_rag_examples", "number_of_vector_based_rag_examples", "political_position_prob_of_na", "political_position_range", "political_position_std", "speaker_model_name", "speaker_type", "vector_based_persona_string", "vector_based_persona_sys_prompt"
[2025-10-08 19:36:26,205] [INFO] Correct state used; State of type GenerationAgentsState; 'IGNORE THE ABOVE ERRORS'.
[2025-10-08 19:36:26,758] [INFO] 'commitment_update' completed '___Since___' update; MODEL = 'mistral-medium'.
[2025-10-08 19:36:27,212] [INFO] 'commitment_update' completed '___Claim___' update for current speaker's commitments; MODEL = 'mistral-medium'.
[2025-10-08 19:36:27,618] [INFO] 'commitment_update' completed '___Since___' update; MODEL = 'mistral-medium'.
[2025-10-08 19:36:28,923] [INFO] 'commitment_update' completed '___Claim___' update for current speaker's commitments; MODEL = 'mistral-medium'.
[2025-10-08 19:36:29,000] [ERROR] Wrong state used; State of type HumanState; error message: dict has unexpected extra key(s): "graph_rag_examples", "intermediate_generations", "knowledge_base_ensemble_or_model_name", "model_seed", "model_temp", "model_top_p", "number_of_graph_rag_examples", "number_of_vector_based_rag_examples", "political_position_prob_of_na", "political_position_range", "political_position_std", "speaker_model_name", "speaker_type", "vector_based_persona_string", "vector_based_persona_sys_prompt"
[2025-10-08 19:36:29,001] [INFO] Correct state used; State of type GenerationAgentsState; 'IGNORE THE ABOVE ERRORS'.
[2025-10-08 19:36:29,001] [INFO] ENTER: 'UtteranceClassificationAgent' calling '_classify_sentence_utterance_types'; CURRENT SPEAKER: grok-3_mas, DIALOGUE TURN NUM = 5.
[2025-10-08 19:38:30,275] [INFO] 'UtteranceClassificationAgent' completion returned and validated from MODEL = 'ModelName.GROK_3'.
[2025-10-08 19:38:31,018] [INFO] 'UtteranceClassificationAgent' completion returned and validated from MODEL = 'ModelName.GROK_3'.
[2025-10-08 19:38:32,133] [INFO] 'UtteranceClassificationAgent' completion returned and validated from MODEL = 'ModelName.GROK_3'.
[2025-10-08 19:38:33,176] [INFO] 'UtteranceClassificationAgent' completion returned and validated from MODEL = 'ModelName.GROK_3'.
[2025-10-08 19:38:33,823] [INFO] 'UtteranceClassificationAgent' completion returned and validated from MODEL = 'ModelName.GROK_3'.
[2025-10-08 19:38:33,823] [INFO] EXIT: 'UtteranceClassificationAgent' calling '_classify_sentence_utterance_types' (124.82216334342957 secs).
[2025-10-08 19:38:33,823] [INFO] ENTER: 'UtteranceClassificationAgent' calling 'return_classified_sentences'; CURRENT SPEAKER: grok-3_mas, DIALOGUE TURN NUM = 5.
[2025-10-08 19:38:33,823] [INFO] EXIT: 'UtteranceClassificationAgent' calling 'return_classified_sentences' (2.6226043701171875e-06 secs).
[2025-10-08 19:38:33,827] [INFO] ENTER: 'DialogueMoveGenerator' calling 'generate'; CURRENT SPEAKER: grok-3_mas, DIALOGUE TURN NUM = 5.
[2025-10-08 19:38:33,828] [INFO] ENTER: 'DialogueMoveGenerator' calling 'generate'; CURRENT SPEAKER: grok-3_mas, DIALOGUE TURN NUM = 5.
[2025-10-08 19:38:33,828] [INFO] ENTER: 'MASPromptGenerator' calling 'claim'; CURRENT SPEAKER: grok-3_mas, DIALOGUE TURN NUM = 5.
[2025-10-08 19:38:33,828] [INFO] ENTER: 'DialogueMoveGenerator' calling 'generate'; CURRENT SPEAKER: grok-3_mas, DIALOGUE TURN NUM = 5.
[2025-10-08 19:38:33,829] [INFO] ENTER: 'MASPromptGenerator' calling 'claim_negation'; CURRENT SPEAKER: grok-3_mas, DIALOGUE TURN NUM = 5.
[2025-10-08 19:38:33,829] [INFO] EXIT: 'MASPromptGenerator' calling 'claim' (2.9802322387695312e-05 secs).
[2025-10-08 19:38:33,830] [INFO] ENTER: 'MASPromptGenerator' calling 'concede_claim'; CURRENT SPEAKER: grok-3_mas, DIALOGUE TURN NUM = 5.
[2025-10-08 19:38:33,830] [INFO] ENTER: 'DialogueMoveGenerator' calling 'generate'; CURRENT SPEAKER: grok-3_mas, DIALOGUE TURN NUM = 5.
[2025-10-08 19:38:33,830] [INFO] EXIT: 'MASPromptGenerator' calling 'claim_negation' (2.4318695068359375e-05 secs).
[2025-10-08 19:38:33,830] [INFO] ENTER: 'DialogueMoveGenerator' calling 'generate'; CURRENT SPEAKER: grok-3_mas, DIALOGUE TURN NUM = 5.
[2025-10-08 19:38:33,831] [INFO] ENTER: 'DialogueMoveGenerator' calling 'generate'; CURRENT SPEAKER: grok-3_mas, DIALOGUE TURN NUM = 5.
[2025-10-08 19:38:33,832] [INFO] ENTER: 'DialogueMoveGenerator' calling 'generate'; CURRENT SPEAKER: grok-3_mas, DIALOGUE TURN NUM = 5.
[2025-10-08 19:38:33,832] [INFO] EXIT: 'MASPromptGenerator' calling 'concede_claim' (2.9325485229492188e-05 secs).
[2025-10-08 19:38:33,834] [INFO] ENTER: 'MASPromptGenerator' calling 'question_claim'; CURRENT SPEAKER: grok-3_mas, DIALOGUE TURN NUM = 5.
[2025-10-08 19:38:33,835] [INFO] ENTER: 'MASPromptGenerator' calling 'retract_claim'; CURRENT SPEAKER: grok-3_mas, DIALOGUE TURN NUM = 5.
[2025-10-08 19:38:33,835] [INFO] ENTER: 'MASPromptGenerator' calling 'since_claim'; CURRENT SPEAKER: grok-3_mas, DIALOGUE TURN NUM = 5.
[2025-10-08 19:38:33,835] [INFO] ENTER: 'MASPromptGenerator' calling 'why_claim'; CURRENT SPEAKER: grok-3_mas, DIALOGUE TURN NUM = 5.
[2025-10-08 19:38:33,835] [INFO] EXIT: 'MASPromptGenerator' calling 'question_claim' (2.4080276489257812e-05 secs).
[2025-10-08 19:38:33,835] [INFO] EXIT: 'MASPromptGenerator' calling 'retract_claim' (2.4080276489257812e-05 secs).
[2025-10-08 19:38:33,836] [INFO] EXIT: 'MASPromptGenerator' calling 'since_claim' (2.1696090698242188e-05 secs).
[2025-10-08 19:38:33,836] [INFO] EXIT: 'MASPromptGenerator' calling 'why_claim' (2.956390380859375e-05 secs).
[2025-10-08 19:38:37,221] [INFO] Completion returned and validated from MODEL = 'grok-3'.
[2025-10-08 19:38:37,223] [INFO] Completion returned and validated from MODEL = 'grok-3'.
[2025-10-08 19:38:37,223] [INFO] EXIT: 'DialogueMoveGenerator' calling 'generate' (3.3883535861968994 secs).
[2025-10-08 19:38:37,316] [INFO] Completion returned and validated from MODEL = 'grok-3'.
[2025-10-08 19:38:37,317] [INFO] EXIT: 'DialogueMoveGenerator' calling 'generate' (3.488691568374634 secs).
[2025-10-08 19:38:37,685] [INFO] Completion returned and validated from MODEL = 'grok-3'.
[2025-10-08 19:38:37,884] [INFO] Completion returned and validated from MODEL = 'grok-3'.
[2025-10-08 19:38:38,166] [INFO] Completion returned and validated from MODEL = 'grok-3'.
[2025-10-08 19:38:38,166] [INFO] EXIT: 'DialogueMoveGenerator' calling 'generate' (4.331139087677002 secs).
[2025-10-08 19:38:40,685] [INFO] Completion returned and validated from MODEL = 'grok-3'.
[2025-10-08 19:38:40,921] [INFO] Completion returned and validated from MODEL = 'grok-3'.
[2025-10-08 19:38:41,580] [INFO] Completion returned and validated from MODEL = 'grok-3'.
[2025-10-08 19:38:43,184] [INFO] Completion returned and validated from MODEL = 'grok-3'.
[2025-10-08 19:38:44,235] [INFO] Completion returned and validated from MODEL = 'grok-3'.
[2025-10-08 19:38:44,235] [INFO] EXIT: 'DialogueMoveGenerator' calling 'generate' (10.405529260635376 secs).
[2025-10-08 19:38:44,403] [INFO] Completion returned and validated from MODEL = 'grok-3'.
[2025-10-08 19:38:46,071] [INFO] Completion returned and validated from MODEL = 'grok-3'.
[2025-10-08 19:38:46,071] [INFO] EXIT: 'DialogueMoveGenerator' calling 'generate' (12.236303806304932 secs).
[2025-10-08 19:38:47,172] [INFO] Completion returned and validated from MODEL = 'grok-3'.
[2025-10-08 19:38:47,172] [INFO] EXIT: 'DialogueMoveGenerator' calling 'generate' (13.338420152664185 secs).
[2025-10-08 19:39:09,914] [INFO] Completion returned and validated from MODEL = 'grok-3'.
[2025-10-08 19:39:12,453] [INFO] Completion returned and validated from MODEL = 'grok-3'.
[2025-10-08 19:39:15,177] [INFO] Completion returned and validated from MODEL = 'grok-3'.
[2025-10-08 19:39:19,380] [INFO] Completion returned and validated from MODEL = 'grok-3'.
[2025-10-08 19:39:19,380] [INFO] EXIT: 'DialogueMoveGenerator' calling 'generate' (45.549734592437744 secs).
[2025-10-08 19:39:19,381] [INFO] ENTER: 'MASPromptGenerator' calling 'persuasiveness_choice'; CURRENT SPEAKER: grok-3_mas, DIALOGUE TURN NUM = 5.
[2025-10-08 19:39:19,382] [INFO] EXIT: 'MASPromptGenerator' calling 'persuasiveness_choice' (0.0001277923583984375 secs).
[2025-10-08 19:39:21,835] [INFO] Completion returned and validated within 'PersuasivenessChoiceAgent'; MODEL = 'grok-3'; DIALOGUE TURN NUM = 5.
[2025-10-08 19:39:25,075] [INFO] Completion returned and validated within 'PersuasivenessChoiceAgent'; MODEL = 'grok-3'; DIALOGUE TURN NUM = 5.
[2025-10-08 19:39:27,546] [INFO] Completion returned and validated within 'PersuasivenessChoiceAgent'; MODEL = 'grok-3'; DIALOGUE TURN NUM = 5.
[2025-10-08 19:39:30,825] [INFO] Completion returned and validated within 'PersuasivenessChoiceAgent'; MODEL = 'grok-3'; DIALOGUE TURN NUM = 5.
[2025-10-08 19:39:33,153] [INFO] Completion returned and validated within 'PersuasivenessChoiceAgent'; MODEL = 'grok-3'; DIALOGUE TURN NUM = 5.
[2025-10-08 19:39:33,154] [INFO] ENTER: 'DisambiguationAgent' calling '_grouping_similar_utterance_types'; CURRENT SPEAKER: grok-3_mas, DIALOGUE TURN NUM = 5.
[2025-10-08 19:39:33,154] [INFO] EXIT: 'DisambiguationAgent' calling '_grouping_similar_utterance_types' (9.298324584960938e-06 secs).
[2025-10-08 19:39:33,154] [INFO] ENTER: 'DisambiguationAgent' calling '_identifying_similar_sentences_and_choosing_one_to_return_to_user'; CURRENT SPEAKER: grok-3_mas, DIALOGUE TURN NUM = 5.
[2025-10-08 19:39:38,062] [INFO] 'DisambiguationAgent' grouped similar sentences, completion returned and validated; MODEL = 'grok-3'.
[2025-10-08 19:39:39,442] [INFO] 'DisambiguationAgent' chose sentences to remove, completion returned and validated from MODEL = 'grok-3'.
[2025-10-08 19:39:40,389] [INFO] 'DisambiguationAgent' chose sentences to remove, completion returned and validated from MODEL = 'grok-3'.
[2025-10-08 19:39:41,482] [INFO] 'DisambiguationAgent' chose sentences to remove, completion returned and validated from MODEL = 'grok-3'.
[2025-10-08 19:39:41,482] [INFO] EXIT: 'DisambiguationAgent' calling '_identifying_similar_sentences_and_choosing_one_to_return_to_user' (8.327313661575317 secs).
[2025-10-08 19:39:41,482] [INFO] ENTER: 'DisambiguationAgent' calling '_identifying_similar_sentences_and_choosing_one_to_return_to_user'; CURRENT SPEAKER: grok-3_mas, DIALOGUE TURN NUM = 5.
[2025-10-08 19:39:42,177] [INFO] 'DisambiguationAgent' grouped similar sentences, completion returned and validated; MODEL = 'grok-3'.
[2025-10-08 19:39:42,177] [INFO] EXIT: 'DisambiguationAgent' calling '_identifying_similar_sentences_and_choosing_one_to_return_to_user' (0.6958153247833252 secs).
[2025-10-08 19:39:42,178] [INFO] ENTER: 'DisambiguationAgent' calling '_removing_repetitive_sentences'; CURRENT SPEAKER: grok-3_mas, DIALOGUE TURN NUM = 5.
[2025-10-08 19:39:42,178] [INFO] EXIT: 'DisambiguationAgent' calling '_removing_repetitive_sentences' (1.4781951904296875e-05 secs).
[2025-10-08 19:39:42,178] [INFO] ENTER: 'DisambiguationAgent' calling '_choose_the_most_persuasive_sentences'; CURRENT SPEAKER: grok-3_mas, DIALOGUE TURN NUM = 5.
[2025-10-08 19:39:45,135] [INFO] 'DisambiguationAgent': reached maximum allowed sentences, succussfully chose most persuasive sentences, completion returned and validated from MODEL = 'grok-3'.
[2025-10-08 19:39:45,135] [INFO] EXIT: 'DisambiguationAgent' calling '_choose_the_most_persuasive_sentences' (2.957566976547241 secs).
[2025-10-08 19:39:45,135] [INFO] ENTER: 'DisambiguationAgent' calling 'return_disambiguated_sentences'; CURRENT SPEAKER: grok-3_mas, DIALOGUE TURN NUM = 5.
[2025-10-08 19:39:45,135] [INFO] EXIT: 'DisambiguationAgent' calling 'return_disambiguated_sentences' (2.86102294921875e-06 secs).
[2025-10-08 19:39:45,136] [ERROR] Wrong state used; State of type HumanState; error message: dict has unexpected extra key(s): "graph_rag_examples", "intermediate_generations", "knowledge_base_ensemble_or_model_name", "model_seed", "model_temp", "model_top_p", "number_of_graph_rag_examples", "number_of_vector_based_rag_examples", "political_position_prob_of_na", "political_position_range", "political_position_std", "speaker_model_name", "speaker_type", "vector_based_persona_string", "vector_based_persona_sys_prompt"
[2025-10-08 19:39:45,136] [INFO] Correct state used; State of type GenerationAgentsState; 'IGNORE THE ABOVE ERRORS'.
[2025-10-08 19:39:45,820] [INFO] 'commitment_update' completed '___Claim___' update for current speaker's commitments; MODEL = 'grok-3'.
[2025-10-08 19:39:46,456] [INFO] 'commitment_update' completed '___Since___' update; MODEL = 'grok-3'.
[2025-10-08 19:39:47,083] [INFO] 'commitment_update' completed '___Claim___' update for current speaker's commitments; MODEL = 'grok-3'.
[2025-10-08 19:39:47,727] [INFO] 'commitment_update' completed '___Claim___' update for current speaker's commitments; MODEL = 'grok-3'.
[2025-10-08 19:39:48,350] [INFO] 'commitment_update' completed '___Claim___' update for current speaker's commitments; MODEL = 'grok-3'.
[2025-10-08 19:39:48,407] [ERROR] Wrong state used; State of type HumanState; error message: dict has unexpected extra key(s): "graph_rag_examples", "intermediate_generations", "knowledge_base_ensemble_or_model_name", "model_seed", "model_temp", "model_top_p", "number_of_graph_rag_examples", "number_of_vector_based_rag_examples", "political_position_prob_of_na", "political_position_range", "political_position_std", "speaker_model_name", "speaker_type", "vector_based_persona_string", "vector_based_persona_sys_prompt"
[2025-10-08 19:39:48,408] [INFO] Correct state used; State of type GenerationAgentsState; 'IGNORE THE ABOVE ERRORS'.
[2025-10-08 19:39:48,408] [INFO] ENTER: 'UtteranceClassificationAgent' calling '_classify_sentence_utterance_types'; CURRENT SPEAKER: mistral-medium_mas_rag, DIALOGUE TURN NUM = 6.
[2025-10-08 19:39:48,952] [INFO] 'UtteranceClassificationAgent' completion returned and validated from MODEL = 'ModelName.MISTRAL_MEDIUM'.
[2025-10-08 19:39:49,471] [INFO] 'UtteranceClassificationAgent' completion returned and validated from MODEL = 'ModelName.MISTRAL_MEDIUM'.
[2025-10-08 19:40:06,235] [INFO] 'UtteranceClassificationAgent' completion returned and validated from MODEL = 'ModelName.MISTRAL_MEDIUM'.
[2025-10-08 19:40:07,049] [INFO] 'UtteranceClassificationAgent' completion returned and validated from MODEL = 'ModelName.MISTRAL_MEDIUM'.
[2025-10-08 19:40:07,522] [INFO] 'UtteranceClassificationAgent' completion returned and validated from MODEL = 'ModelName.MISTRAL_MEDIUM'.
[2025-10-08 19:40:07,522] [INFO] EXIT: 'UtteranceClassificationAgent' calling '_classify_sentence_utterance_types' (19.114235162734985 secs).
[2025-10-08 19:40:07,522] [INFO] ENTER: 'UtteranceClassificationAgent' calling 'return_classified_sentences'; CURRENT SPEAKER: mistral-medium_mas_rag, DIALOGUE TURN NUM = 6.
[2025-10-08 19:40:07,522] [INFO] EXIT: 'UtteranceClassificationAgent' calling 'return_classified_sentences' (2.6226043701171875e-06 secs).
[2025-10-08 19:40:07,540] [INFO] ENTER: 'GraphRAG' calling 'why'; CURRENT SPEAKER: mistral-medium_mas_rag, DIALOGUE TURN NUM = 6.
[2025-10-08 19:40:07,540] [INFO] ENTER: 'GraphRAG' calling 'query_graph'; CURRENT SPEAKER: mistral-medium_mas_rag, DIALOGUE TURN NUM = 6.
[2025-10-08 19:40:08,239] [INFO] EXIT: 'GraphRAG' calling 'query_graph' (0.6982426643371582 secs).
[2025-10-08 19:40:08,239] [INFO] EXIT: 'GraphRAG' calling 'why' (0.6986138820648193 secs).
[2025-10-08 19:40:08,239] [INFO] ENTER: 'GraphRAG' calling 'claim_negation'; CURRENT SPEAKER: mistral-medium_mas_rag, DIALOGUE TURN NUM = 6.
[2025-10-08 19:40:08,239] [INFO] ENTER: 'GraphRAG' calling 'query_graph'; CURRENT SPEAKER: mistral-medium_mas_rag, DIALOGUE TURN NUM = 6.
[2025-10-08 19:40:08,892] [INFO] EXIT: 'GraphRAG' calling 'query_graph' (0.6527442932128906 secs).
[2025-10-08 19:40:08,892] [INFO] EXIT: 'GraphRAG' calling 'claim_negation' (0.6531164646148682 secs).
[2025-10-08 19:40:08,892] [INFO] ENTER: 'GraphRAG' calling 'concede'; CURRENT SPEAKER: mistral-medium_mas_rag, DIALOGUE TURN NUM = 6.
[2025-10-08 19:40:08,892] [INFO] ENTER: 'GraphRAG' calling 'query_graph'; CURRENT SPEAKER: mistral-medium_mas_rag, DIALOGUE TURN NUM = 6.
[2025-10-08 19:40:09,583] [INFO] EXIT: 'GraphRAG' calling 'query_graph' (0.6904659271240234 secs).
[2025-10-08 19:40:09,584] [INFO] EXIT: 'GraphRAG' calling 'concede' (0.691626787185669 secs).
[2025-10-08 19:40:09,584] [INFO] ENTER: 'GraphRAG' calling 'question'; CURRENT SPEAKER: mistral-medium_mas_rag, DIALOGUE TURN NUM = 6.
[2025-10-08 19:40:09,584] [INFO] ENTER: 'GraphRAG' calling 'query_graph'; CURRENT SPEAKER: mistral-medium_mas_rag, DIALOGUE TURN NUM = 6.
[2025-10-08 19:40:09,704] [INFO] EXIT: 'GraphRAG' calling 'query_graph' (0.11999726295471191 secs).
[2025-10-08 19:40:09,704] [INFO] EXIT: 'GraphRAG' calling 'question' (0.12035870552062988 secs).
[2025-10-08 19:40:09,719] [INFO] ENTER: 'GraphRAG' calling 'why'; CURRENT SPEAKER: mistral-medium_mas_rag, DIALOGUE TURN NUM = 6.
[2025-10-08 19:40:09,720] [INFO] ENTER: 'GraphRAG' calling 'query_graph'; CURRENT SPEAKER: mistral-medium_mas_rag, DIALOGUE TURN NUM = 6.
[2025-10-08 19:40:10,414] [INFO] EXIT: 'GraphRAG' calling 'query_graph' (0.6941652297973633 secs).
[2025-10-08 19:40:10,414] [INFO] EXIT: 'GraphRAG' calling 'why' (0.6945600509643555 secs).
[2025-10-08 19:40:10,414] [INFO] ENTER: 'GraphRAG' calling 'claim_negation'; CURRENT SPEAKER: mistral-medium_mas_rag, DIALOGUE TURN NUM = 6.
[2025-10-08 19:40:10,414] [INFO] ENTER: 'GraphRAG' calling 'query_graph'; CURRENT SPEAKER: mistral-medium_mas_rag, DIALOGUE TURN NUM = 6.
[2025-10-08 19:40:11,068] [INFO] EXIT: 'GraphRAG' calling 'query_graph' (0.6535224914550781 secs).
[2025-10-08 19:40:11,068] [INFO] EXIT: 'GraphRAG' calling 'claim_negation' (0.653984785079956 secs).
[2025-10-08 19:40:11,068] [INFO] ENTER: 'GraphRAG' calling 'concede'; CURRENT SPEAKER: mistral-medium_mas_rag, DIALOGUE TURN NUM = 6.
[2025-10-08 19:40:11,068] [INFO] ENTER: 'GraphRAG' calling 'query_graph'; CURRENT SPEAKER: mistral-medium_mas_rag, DIALOGUE TURN NUM = 6.
[2025-10-08 19:40:11,745] [INFO] EXIT: 'GraphRAG' calling 'query_graph' (0.6765098571777344 secs).
[2025-10-08 19:40:11,745] [INFO] EXIT: 'GraphRAG' calling 'concede' (0.6768972873687744 secs).
[2025-10-08 19:40:11,745] [INFO] ENTER: 'GraphRAG' calling 'question'; CURRENT SPEAKER: mistral-medium_mas_rag, DIALOGUE TURN NUM = 6.
[2025-10-08 19:40:11,745] [INFO] ENTER: 'GraphRAG' calling 'query_graph'; CURRENT SPEAKER: mistral-medium_mas_rag, DIALOGUE TURN NUM = 6.
[2025-10-08 19:40:11,868] [INFO] EXIT: 'GraphRAG' calling 'query_graph' (0.12233829498291016 secs).
[2025-10-08 19:40:11,868] [INFO] EXIT: 'GraphRAG' calling 'question' (0.1226952075958252 secs).
[2025-10-08 19:40:11,888] [INFO] ENTER: 'GraphRAG' calling 'why'; CURRENT SPEAKER: mistral-medium_mas_rag, DIALOGUE TURN NUM = 6.
[2025-10-08 19:40:11,888] [INFO] ENTER: 'GraphRAG' calling 'query_graph'; CURRENT SPEAKER: mistral-medium_mas_rag, DIALOGUE TURN NUM = 6.
[2025-10-08 19:40:12,575] [INFO] EXIT: 'GraphRAG' calling 'query_graph' (0.6868247985839844 secs).
[2025-10-08 19:40:12,575] [INFO] EXIT: 'GraphRAG' calling 'why' (0.687281608581543 secs).
[2025-10-08 19:40:12,575] [INFO] ENTER: 'GraphRAG' calling 'claim_negation'; CURRENT SPEAKER: mistral-medium_mas_rag, DIALOGUE TURN NUM = 6.
[2025-10-08 19:40:12,575] [INFO] ENTER: 'GraphRAG' calling 'query_graph'; CURRENT SPEAKER: mistral-medium_mas_rag, DIALOGUE TURN NUM = 6.
[2025-10-08 19:40:13,233] [INFO] EXIT: 'GraphRAG' calling 'query_graph' (0.6575043201446533 secs).
[2025-10-08 19:40:13,233] [INFO] EXIT: 'GraphRAG' calling 'claim_negation' (0.6579437255859375 secs).
[2025-10-08 19:40:13,233] [INFO] ENTER: 'GraphRAG' calling 'concede'; CURRENT SPEAKER: mistral-medium_mas_rag, DIALOGUE TURN NUM = 6.
[2025-10-08 19:40:13,233] [INFO] ENTER: 'GraphRAG' calling 'query_graph'; CURRENT SPEAKER: mistral-medium_mas_rag, DIALOGUE TURN NUM = 6.
[2025-10-08 19:40:13,924] [INFO] EXIT: 'GraphRAG' calling 'query_graph' (0.6903395652770996 secs).
[2025-10-08 19:40:13,924] [INFO] EXIT: 'GraphRAG' calling 'concede' (0.6907460689544678 secs).
[2025-10-08 19:40:13,924] [INFO] ENTER: 'GraphRAG' calling 'question'; CURRENT SPEAKER: mistral-medium_mas_rag, DIALOGUE TURN NUM = 6.
[2025-10-08 19:40:13,924] [INFO] ENTER: 'GraphRAG' calling 'query_graph'; CURRENT SPEAKER: mistral-medium_mas_rag, DIALOGUE TURN NUM = 6.
[2025-10-08 19:40:14,050] [INFO] EXIT: 'GraphRAG' calling 'query_graph' (0.12588262557983398 secs).
[2025-10-08 19:40:14,050] [INFO] EXIT: 'GraphRAG' calling 'question' (0.12627029418945312 secs).
[2025-10-08 19:40:14,065] [INFO] ENTER: 'GraphRAG' calling 'why'; CURRENT SPEAKER: mistral-medium_mas_rag, DIALOGUE TURN NUM = 6.
[2025-10-08 19:40:14,066] [INFO] ENTER: 'GraphRAG' calling 'query_graph'; CURRENT SPEAKER: mistral-medium_mas_rag, DIALOGUE TURN NUM = 6.
[2025-10-08 19:40:14,755] [INFO] EXIT: 'GraphRAG' calling 'query_graph' (0.6892986297607422 secs).
[2025-10-08 19:40:14,755] [INFO] EXIT: 'GraphRAG' calling 'why' (0.6897015571594238 secs).
[2025-10-08 19:40:14,755] [INFO] ENTER: 'GraphRAG' calling 'claim_negation'; CURRENT SPEAKER: mistral-medium_mas_rag, DIALOGUE TURN NUM = 6.
[2025-10-08 19:40:14,755] [INFO] ENTER: 'GraphRAG' calling 'query_graph'; CURRENT SPEAKER: mistral-medium_mas_rag, DIALOGUE TURN NUM = 6.
[2025-10-08 19:40:15,410] [INFO] EXIT: 'GraphRAG' calling 'query_graph' (0.654604434967041 secs).
[2025-10-08 19:40:15,410] [INFO] EXIT: 'GraphRAG' calling 'claim_negation' (0.6550471782684326 secs).
[2025-10-08 19:40:15,410] [INFO] ENTER: 'GraphRAG' calling 'concede'; CURRENT SPEAKER: mistral-medium_mas_rag, DIALOGUE TURN NUM = 6.
[2025-10-08 19:40:15,411] [INFO] ENTER: 'GraphRAG' calling 'query_graph'; CURRENT SPEAKER: mistral-medium_mas_rag, DIALOGUE TURN NUM = 6.
[2025-10-08 19:40:16,102] [INFO] EXIT: 'GraphRAG' calling 'query_graph' (0.6910800933837891 secs).
[2025-10-08 19:40:16,102] [INFO] EXIT: 'GraphRAG' calling 'concede' (0.6915109157562256 secs).
[2025-10-08 19:40:16,102] [INFO] ENTER: 'GraphRAG' calling 'question'; CURRENT SPEAKER: mistral-medium_mas_rag, DIALOGUE TURN NUM = 6.
[2025-10-08 19:40:16,102] [INFO] ENTER: 'GraphRAG' calling 'query_graph'; CURRENT SPEAKER: mistral-medium_mas_rag, DIALOGUE TURN NUM = 6.
[2025-10-08 19:40:16,228] [INFO] EXIT: 'GraphRAG' calling 'query_graph' (0.1261887550354004 secs).
[2025-10-08 19:40:16,228] [INFO] EXIT: 'GraphRAG' calling 'question' (0.12656402587890625 secs).
[2025-10-08 19:40:16,244] [INFO] ENTER: 'GraphRAG' calling 'why'; CURRENT SPEAKER: mistral-medium_mas_rag, DIALOGUE TURN NUM = 6.
[2025-10-08 19:40:16,244] [INFO] ENTER: 'GraphRAG' calling 'query_graph'; CURRENT SPEAKER: mistral-medium_mas_rag, DIALOGUE TURN NUM = 6.
[2025-10-08 19:40:16,934] [INFO] EXIT: 'GraphRAG' calling 'query_graph' (0.6900782585144043 secs).
[2025-10-08 19:40:16,934] [INFO] EXIT: 'GraphRAG' calling 'why' (0.6904945373535156 secs).
[2025-10-08 19:40:16,934] [INFO] ENTER: 'GraphRAG' calling 'claim_negation'; CURRENT SPEAKER: mistral-medium_mas_rag, DIALOGUE TURN NUM = 6.
[2025-10-08 19:40:16,935] [INFO] ENTER: 'GraphRAG' calling 'query_graph'; CURRENT SPEAKER: mistral-medium_mas_rag, DIALOGUE TURN NUM = 6.
[2025-10-08 19:40:17,594] [INFO] EXIT: 'GraphRAG' calling 'query_graph' (0.6593413352966309 secs).
[2025-10-08 19:40:17,594] [INFO] EXIT: 'GraphRAG' calling 'claim_negation' (0.6597726345062256 secs).
[2025-10-08 19:40:17,594] [INFO] ENTER: 'GraphRAG' calling 'concede'; CURRENT SPEAKER: mistral-medium_mas_rag, DIALOGUE TURN NUM = 6.
[2025-10-08 19:40:17,594] [INFO] ENTER: 'GraphRAG' calling 'query_graph'; CURRENT SPEAKER: mistral-medium_mas_rag, DIALOGUE TURN NUM = 6.
[2025-10-08 19:40:18,274] [INFO] EXIT: 'GraphRAG' calling 'query_graph' (0.6798553466796875 secs).
[2025-10-08 19:40:18,274] [INFO] EXIT: 'GraphRAG' calling 'concede' (0.6801915168762207 secs).
[2025-10-08 19:40:18,274] [INFO] ENTER: 'GraphRAG' calling 'question'; CURRENT SPEAKER: mistral-medium_mas_rag, DIALOGUE TURN NUM = 6.
[2025-10-08 19:40:18,275] [INFO] ENTER: 'GraphRAG' calling 'query_graph'; CURRENT SPEAKER: mistral-medium_mas_rag, DIALOGUE TURN NUM = 6.
[2025-10-08 19:40:18,398] [INFO] EXIT: 'GraphRAG' calling 'query_graph' (0.12306976318359375 secs).
[2025-10-08 19:40:18,398] [INFO] EXIT: 'GraphRAG' calling 'question' (0.12343478202819824 secs).
[2025-10-08 19:40:18,398] [INFO] ENTER: 'GraphRAG' calling 'return_rag_examples'; CURRENT SPEAKER: mistral-medium_mas_rag, DIALOGUE TURN NUM = 6.
[2025-10-08 19:40:18,398] [INFO] EXIT: 'GraphRAG' calling 'return_rag_examples' (1.9073486328125e-06 secs).
[2025-10-08 19:40:18,400] [INFO] ENTER: 'DialogueMoveGenerator' calling 'generate'; CURRENT SPEAKER: mistral-medium_mas_rag, DIALOGUE TURN NUM = 6.
[2025-10-08 19:40:18,400] [INFO] ENTER: 'MASPromptGenerator' calling 'claim_negation'; CURRENT SPEAKER: mistral-medium_mas_rag, DIALOGUE TURN NUM = 6.
[2025-10-08 19:40:18,400] [INFO] EXIT: 'MASPromptGenerator' calling 'claim_negation' (6.842613220214844e-05 secs).
[2025-10-08 19:40:18,401] [INFO] ENTER: 'DialogueMoveGenerator' calling 'generate'; CURRENT SPEAKER: mistral-medium_mas_rag, DIALOGUE TURN NUM = 6.
[2025-10-08 19:40:18,401] [INFO] ENTER: 'MASPromptGenerator' calling 'concede_claim'; CURRENT SPEAKER: mistral-medium_mas_rag, DIALOGUE TURN NUM = 6.
[2025-10-08 19:40:18,401] [INFO] EXIT: 'MASPromptGenerator' calling 'concede_claim' (3.8623809814453125e-05 secs).
[2025-10-08 19:40:18,402] [INFO] ENTER: 'DialogueMoveGenerator' calling 'generate'; CURRENT SPEAKER: mistral-medium_mas_rag, DIALOGUE TURN NUM = 6.
[2025-10-08 19:40:18,402] [INFO] ENTER: 'MASPromptGenerator' calling 'question_claim'; CURRENT SPEAKER: mistral-medium_mas_rag, DIALOGUE TURN NUM = 6.
[2025-10-08 19:40:18,402] [INFO] EXIT: 'MASPromptGenerator' calling 'question_claim' (6.580352783203125e-05 secs).
[2025-10-08 19:40:18,403] [INFO] ENTER: 'DialogueMoveGenerator' calling 'generate'; CURRENT SPEAKER: mistral-medium_mas_rag, DIALOGUE TURN NUM = 6.
[2025-10-08 19:40:18,404] [INFO] ENTER: 'MASPromptGenerator' calling 'why_claim'; CURRENT SPEAKER: mistral-medium_mas_rag, DIALOGUE TURN NUM = 6.
[2025-10-08 19:40:18,404] [INFO] EXIT: 'MASPromptGenerator' calling 'why_claim' (3.4332275390625e-05 secs).
[2025-10-08 19:40:20,689] [INFO] Completion returned and validated from MODEL = 'mistral-medium'.
[2025-10-08 19:40:20,958] [INFO] Completion returned and validated from MODEL = 'mistral-medium'.
[2025-10-08 19:40:21,185] [INFO] Completion returned and validated from MODEL = 'mistral-medium'.
[2025-10-08 19:40:21,621] [INFO] Completion returned and validated from MODEL = 'mistral-medium'.
[2025-10-08 19:40:22,933] [INFO] Completion returned and validated from MODEL = 'mistral-medium'.
[2025-10-08 19:40:23,031] [INFO] Completion returned and validated from MODEL = 'mistral-medium'.
[2025-10-08 19:40:23,663] [INFO] Completion returned and validated from MODEL = 'mistral-medium'.
[2025-10-08 19:40:24,290] [INFO] Completion returned and validated from MODEL = 'mistral-medium'.
[2025-10-08 19:40:25,057] [INFO] Completion returned and validated from MODEL = 'mistral-medium'.
[2025-10-08 19:40:25,440] [INFO] Completion returned and validated from MODEL = 'mistral-medium'.
[2025-10-08 19:40:25,829] [INFO] Completion returned and validated from MODEL = 'mistral-medium'.
[2025-10-08 19:40:26,604] [INFO] Completion returned and validated from MODEL = 'mistral-medium'.
[2025-10-08 19:40:27,755] [INFO] Completion returned and validated from MODEL = 'mistral-medium'.
[2025-10-08 19:40:27,825] [INFO] Completion returned and validated from MODEL = 'mistral-medium'.
[2025-10-08 19:40:28,035] [INFO] Completion returned and validated from MODEL = 'mistral-medium'.
[2025-10-08 19:40:29,219] [INFO] Completion returned and validated from MODEL = 'mistral-medium'.
[2025-10-08 19:40:29,542] [INFO] Completion returned and validated from MODEL = 'mistral-medium'.
[2025-10-08 19:40:29,542] [INFO] EXIT: 'DialogueMoveGenerator' calling 'generate' (11.137575626373291 secs).
[2025-10-08 19:40:30,196] [INFO] Completion returned and validated from MODEL = 'mistral-medium'.
[2025-10-08 19:40:30,196] [INFO] EXIT: 'DialogueMoveGenerator' calling 'generate' (11.796461343765259 secs).
[2025-10-08 19:40:31,556] [INFO] Completion returned and validated from MODEL = 'mistral-medium'.
[2025-10-08 19:40:31,556] [INFO] EXIT: 'DialogueMoveGenerator' calling 'generate' (13.15406084060669 secs).
[2025-10-08 19:41:35,848] [INFO] Completion returned and validated from MODEL = 'mistral-medium'.
[2025-10-08 19:41:35,848] [INFO] EXIT: 'DialogueMoveGenerator' calling 'generate' (77.44703245162964 secs).
[2025-10-08 19:41:35,849] [INFO] ENTER: 'MASPromptGenerator' calling 'persuasiveness_choice'; CURRENT SPEAKER: mistral-medium_mas_rag, DIALOGUE TURN NUM = 6.
[2025-10-08 19:41:35,849] [INFO] EXIT: 'MASPromptGenerator' calling 'persuasiveness_choice' (0.00016379356384277344 secs).
[2025-10-08 19:41:40,148] [INFO] Completion returned and validated within 'PersuasivenessChoiceAgent'; MODEL = 'mistral-medium'; DIALOGUE TURN NUM = 6.
[2025-10-08 19:44:08,585] [INFO] Completion returned and validated within 'PersuasivenessChoiceAgent'; MODEL = 'mistral-medium'; DIALOGUE TURN NUM = 6.
[2025-10-08 19:44:34,345] [INFO] Completion returned and validated within 'PersuasivenessChoiceAgent'; MODEL = 'mistral-medium'; DIALOGUE TURN NUM = 6.
[2025-10-08 19:44:48,209] [INFO] Completion returned and validated within 'PersuasivenessChoiceAgent'; MODEL = 'mistral-medium'; DIALOGUE TURN NUM = 6.
[2025-10-08 19:44:51,992] [INFO] Completion returned and validated within 'PersuasivenessChoiceAgent'; MODEL = 'mistral-medium'; DIALOGUE TURN NUM = 6.
[2025-10-08 19:44:51,992] [INFO] ENTER: 'DisambiguationAgent' calling '_grouping_similar_utterance_types'; CURRENT SPEAKER: mistral-medium_mas_rag, DIALOGUE TURN NUM = 6.
[2025-10-08 19:44:51,993] [INFO] EXIT: 'DisambiguationAgent' calling '_grouping_similar_utterance_types' (1.6450881958007812e-05 secs).
[2025-10-08 19:44:51,993] [INFO] ENTER: 'DisambiguationAgent' calling '_identifying_similar_sentences_and_choosing_one_to_return_to_user'; CURRENT SPEAKER: mistral-medium_mas_rag, DIALOGUE TURN NUM = 6.
[2025-10-08 19:45:11,013] [INFO] 'DisambiguationAgent' grouped similar sentences, completion returned and validated; MODEL = 'mistral-medium'.
[2025-10-08 19:45:21,384] [INFO] 'DisambiguationAgent' chose sentences to remove, completion returned and validated from MODEL = 'mistral-medium'.
[2025-10-08 19:45:24,592] [INFO] 'DisambiguationAgent' chose sentences to remove, completion returned and validated from MODEL = 'mistral-medium'.
[2025-10-08 19:47:21,191] [INFO] 'DisambiguationAgent' chose sentences to remove, completion returned and validated from MODEL = 'mistral-medium'.
[2025-10-08 19:49:23,204] [INFO] 'DisambiguationAgent' chose sentences to remove, completion returned and validated from MODEL = 'mistral-medium'.
[2025-10-08 19:49:37,356] [INFO] 'DisambiguationAgent' chose sentences to remove, completion returned and validated from MODEL = 'mistral-medium'.
[2025-10-08 19:49:37,356] [INFO] EXIT: 'DisambiguationAgent' calling '_identifying_similar_sentences_and_choosing_one_to_return_to_user' (285.3627898693085 secs).
[2025-10-08 19:49:37,356] [INFO] ENTER: 'DisambiguationAgent' calling '_identifying_similar_sentences_and_choosing_one_to_return_to_user'; CURRENT SPEAKER: mistral-medium_mas_rag, DIALOGUE TURN NUM = 6.
[2025-10-08 19:50:20,718] [INFO] 'DisambiguationAgent' grouped similar sentences, completion returned and validated; MODEL = 'mistral-medium'.
[2025-10-08 19:50:42,501] [INFO] 'DisambiguationAgent' chose sentences to remove, completion returned and validated from MODEL = 'mistral-medium'.
[2025-10-08 19:50:43,478] [INFO] 'DisambiguationAgent' chose sentences to remove, completion returned and validated from MODEL = 'mistral-medium'.
[2025-10-08 19:51:09,303] [INFO] 'DisambiguationAgent' chose sentences to remove, completion returned and validated from MODEL = 'mistral-medium'.
[2025-10-08 19:51:09,303] [INFO] EXIT: 'DisambiguationAgent' calling '_identifying_similar_sentences_and_choosing_one_to_return_to_user' (91.94676375389099 secs).
[2025-10-08 19:51:09,303] [INFO] ENTER: 'DisambiguationAgent' calling '_removing_repetitive_sentences'; CURRENT SPEAKER: mistral-medium_mas_rag, DIALOGUE TURN NUM = 6.
[2025-10-08 19:51:09,303] [INFO] EXIT: 'DisambiguationAgent' calling '_removing_repetitive_sentences' (2.47955322265625e-05 secs).
[2025-10-08 19:51:09,303] [INFO] ENTER: 'DisambiguationAgent' calling '_choose_the_most_persuasive_sentences'; CURRENT SPEAKER: mistral-medium_mas_rag, DIALOGUE TURN NUM = 6.
[2025-10-08 19:51:23,704] [INFO] 'DisambiguationAgent': reached maximum allowed sentences, succussfully chose most persuasive sentences, completion returned and validated from MODEL = 'mistral-medium'.
[2025-10-08 19:51:23,704] [INFO] EXIT: 'DisambiguationAgent' calling '_choose_the_most_persuasive_sentences' (14.401044130325317 secs).
[2025-10-08 19:51:23,704] [INFO] ENTER: 'DisambiguationAgent' calling 'return_disambiguated_sentences'; CURRENT SPEAKER: mistral-medium_mas_rag, DIALOGUE TURN NUM = 6.
[2025-10-08 19:51:23,704] [INFO] EXIT: 'DisambiguationAgent' calling 'return_disambiguated_sentences' (2.86102294921875e-06 secs).
[2025-10-08 19:51:23,705] [ERROR] Wrong state used; State of type HumanState; error message: dict has unexpected extra key(s): "graph_rag_examples", "intermediate_generations", "knowledge_base_ensemble_or_model_name", "model_seed", "model_temp", "model_top_p", "number_of_graph_rag_examples", "number_of_vector_based_rag_examples", "political_position_prob_of_na", "political_position_range", "political_position_std", "speaker_model_name", "speaker_type", "vector_based_persona_string", "vector_based_persona_sys_prompt"
[2025-10-08 19:51:23,705] [INFO] Correct state used; State of type GenerationAgentsState; 'IGNORE THE ABOVE ERRORS'.
[2025-10-08 19:51:26,435] [INFO] 'commitment_update' completed '___Claim___' update for current speaker's commitments; MODEL = 'mistral-medium'.
[2025-10-08 19:51:27,059] [INFO] 'commitment_update' completed '___Claim___' update for current speaker's commitments; MODEL = 'mistral-medium'.
[2025-10-08 19:53:28,252] [INFO] 'commitment_update' completed '___Claim___' update for current speaker's commitments; MODEL = 'mistral-medium'.
[2025-10-08 19:53:28,324] [ERROR] Wrong state used; State of type HumanState; error message: dict has unexpected extra key(s): "graph_rag_examples", "intermediate_generations", "knowledge_base_ensemble_or_model_name", "model_seed", "model_temp", "model_top_p", "number_of_graph_rag_examples", "number_of_vector_based_rag_examples", "political_position_prob_of_na", "political_position_range", "political_position_std", "speaker_model_name", "speaker_type", "vector_based_persona_string", "vector_based_persona_sys_prompt"
[2025-10-08 19:53:28,324] [INFO] Correct state used; State of type GenerationAgentsState; 'IGNORE THE ABOVE ERRORS'.
[2025-10-08 19:53:28,324] [INFO] ENTER: 'UtteranceClassificationAgent' calling '_classify_sentence_utterance_types'; CURRENT SPEAKER: grok-3_mas, DIALOGUE TURN NUM = 7.
[2025-10-08 19:53:29,013] [INFO] 'UtteranceClassificationAgent' completion returned and validated from MODEL = 'ModelName.GROK_3'.
[2025-10-08 19:53:30,086] [INFO] 'UtteranceClassificationAgent' completion returned and validated from MODEL = 'ModelName.GROK_3'.
[2025-10-08 19:53:30,730] [INFO] 'UtteranceClassificationAgent' completion returned and validated from MODEL = 'ModelName.GROK_3'.
[2025-10-08 19:53:31,380] [INFO] 'UtteranceClassificationAgent' completion returned and validated from MODEL = 'ModelName.GROK_3'.
[2025-10-08 19:53:32,020] [INFO] 'UtteranceClassificationAgent' completion returned and validated from MODEL = 'ModelName.GROK_3'.
[2025-10-08 19:53:32,020] [INFO] EXIT: 'UtteranceClassificationAgent' calling '_classify_sentence_utterance_types' (3.6952528953552246 secs).
[2025-10-08 19:53:32,020] [INFO] ENTER: 'UtteranceClassificationAgent' calling 'return_classified_sentences'; CURRENT SPEAKER: grok-3_mas, DIALOGUE TURN NUM = 7.
[2025-10-08 19:53:32,020] [INFO] EXIT: 'UtteranceClassificationAgent' calling 'return_classified_sentences' (2.1457672119140625e-06 secs).
[2025-10-08 19:53:32,022] [INFO] ENTER: 'DialogueMoveGenerator' calling 'generate'; CURRENT SPEAKER: grok-3_mas, DIALOGUE TURN NUM = 7.
[2025-10-08 19:53:32,022] [INFO] ENTER: 'MASPromptGenerator' calling 'claim'; CURRENT SPEAKER: grok-3_mas, DIALOGUE TURN NUM = 7.
[2025-10-08 19:53:32,022] [INFO] EXIT: 'MASPromptGenerator' calling 'claim' (2.9087066650390625e-05 secs).
[2025-10-08 19:53:32,023] [INFO] ENTER: 'DialogueMoveGenerator' calling 'generate'; CURRENT SPEAKER: grok-3_mas, DIALOGUE TURN NUM = 7.
[2025-10-08 19:53:32,023] [INFO] ENTER: 'MASPromptGenerator' calling 'claim_negation'; CURRENT SPEAKER: grok-3_mas, DIALOGUE TURN NUM = 7.
[2025-10-08 19:53:32,023] [INFO] EXIT: 'MASPromptGenerator' calling 'claim_negation' (3.123283386230469e-05 secs).
[2025-10-08 19:53:32,023] [INFO] ENTER: 'DialogueMoveGenerator' calling 'generate'; CURRENT SPEAKER: grok-3_mas, DIALOGUE TURN NUM = 7.
[2025-10-08 19:53:32,024] [INFO] ENTER: 'DialogueMoveGenerator' calling 'generate'; CURRENT SPEAKER: grok-3_mas, DIALOGUE TURN NUM = 7.
[2025-10-08 19:53:32,024] [INFO] ENTER: 'MASPromptGenerator' calling 'concede_claim'; CURRENT SPEAKER: grok-3_mas, DIALOGUE TURN NUM = 7.
[2025-10-08 19:53:32,024] [INFO] ENTER: 'DialogueMoveGenerator' calling 'generate'; CURRENT SPEAKER: grok-3_mas, DIALOGUE TURN NUM = 7.
[2025-10-08 19:53:32,024] [INFO] ENTER: 'DialogueMoveGenerator' calling 'generate'; CURRENT SPEAKER: grok-3_mas, DIALOGUE TURN NUM = 7.
[2025-10-08 19:53:32,024] [INFO] ENTER: 'DialogueMoveGenerator' calling 'generate'; CURRENT SPEAKER: grok-3_mas, DIALOGUE TURN NUM = 7.
[2025-10-08 19:53:32,025] [INFO] ENTER: 'MASPromptGenerator' calling 'question_claim'; CURRENT SPEAKER: grok-3_mas, DIALOGUE TURN NUM = 7.
[2025-10-08 19:53:32,025] [INFO] EXIT: 'MASPromptGenerator' calling 'concede_claim' (3.266334533691406e-05 secs).
[2025-10-08 19:53:32,026] [INFO] ENTER: 'MASPromptGenerator' calling 'retract_claim'; CURRENT SPEAKER: grok-3_mas, DIALOGUE TURN NUM = 7.
[2025-10-08 19:53:32,026] [INFO] ENTER: 'MASPromptGenerator' calling 'since_claim'; CURRENT SPEAKER: grok-3_mas, DIALOGUE TURN NUM = 7.
[2025-10-08 19:53:32,026] [INFO] ENTER: 'MASPromptGenerator' calling 'why_claim'; CURRENT SPEAKER: grok-3_mas, DIALOGUE TURN NUM = 7.
[2025-10-08 19:53:32,026] [INFO] EXIT: 'MASPromptGenerator' calling 'question_claim' (3.7670135498046875e-05 secs).
[2025-10-08 19:53:32,027] [INFO] EXIT: 'MASPromptGenerator' calling 'retract_claim' (2.956390380859375e-05 secs).
[2025-10-08 19:53:32,027] [INFO] EXIT: 'MASPromptGenerator' calling 'since_claim' (2.3603439331054688e-05 secs).
[2025-10-08 19:53:32,027] [INFO] EXIT: 'MASPromptGenerator' calling 'why_claim' (2.6226043701171875e-05 secs).
[2025-10-08 19:53:35,274] [INFO] Completion returned and validated from MODEL = 'grok-3'.
[2025-10-08 19:53:35,695] [INFO] Completion returned and validated from MODEL = 'grok-3'.
[2025-10-08 19:53:36,799] [INFO] Completion returned and validated from MODEL = 'grok-3'.
[2025-10-08 19:53:36,930] [INFO] Completion returned and validated from MODEL = 'grok-3'.
[2025-10-08 19:53:36,965] [INFO] Completion returned and validated from MODEL = 'grok-3'.
[2025-10-08 19:53:37,706] [INFO] Completion returned and validated from MODEL = 'grok-3'.
[2025-10-08 19:53:37,939] [INFO] Completion returned and validated from MODEL = 'grok-3'.
[2025-10-08 19:53:38,123] [INFO] Completion returned and validated from MODEL = 'grok-3'.
[2025-10-08 19:53:39,184] [INFO] Completion returned and validated from MODEL = 'grok-3'.
[2025-10-08 19:53:40,191] [INFO] Completion returned and validated from MODEL = 'grok-3'.
[2025-10-08 19:53:40,778] [INFO] Completion returned and validated from MODEL = 'grok-3'.
[2025-10-08 19:53:41,639] [INFO] Completion returned and validated from MODEL = 'grok-3'.
[2025-10-08 19:53:41,639] [INFO] EXIT: 'DialogueMoveGenerator' calling 'generate' (9.614917278289795 secs).
[2025-10-08 19:53:42,091] [INFO] Completion returned and validated from MODEL = 'grok-3'.
[2025-10-08 19:53:42,091] [INFO] EXIT: 'DialogueMoveGenerator' calling 'generate' (10.06652021408081 secs).
[2025-10-08 19:53:42,415] [INFO] Completion returned and validated from MODEL = 'grok-3'.
[2025-10-08 19:53:42,415] [INFO] EXIT: 'DialogueMoveGenerator' calling 'generate' (10.388916730880737 secs).
[2025-10-08 19:53:42,559] [INFO] Completion returned and validated from MODEL = 'grok-3'.
[2025-10-08 19:53:42,559] [INFO] EXIT: 'DialogueMoveGenerator' calling 'generate' (10.53311800956726 secs).
[2025-10-08 19:53:43,129] [INFO] Completion returned and validated from MODEL = 'grok-3'.
[2025-10-08 19:53:43,129] [INFO] EXIT: 'DialogueMoveGenerator' calling 'generate' (11.106507778167725 secs).
[2025-10-08 19:53:43,215] [INFO] Completion returned and validated from MODEL = 'grok-3'.
[2025-10-08 19:53:43,215] [INFO] EXIT: 'DialogueMoveGenerator' calling 'generate' (11.192424774169922 secs).
[2025-10-08 19:53:43,662] [INFO] Completion returned and validated from MODEL = 'grok-3'.
[2025-10-08 19:53:43,663] [INFO] EXIT: 'DialogueMoveGenerator' calling 'generate' (11.636417627334595 secs).
[2025-10-08 19:53:43,663] [INFO] ENTER: 'MASPromptGenerator' calling 'persuasiveness_choice'; CURRENT SPEAKER: grok-3_mas, DIALOGUE TURN NUM = 7.
[2025-10-08 19:53:43,664] [INFO] EXIT: 'MASPromptGenerator' calling 'persuasiveness_choice' (0.00017142295837402344 secs).
[2025-10-08 19:53:46,684] [INFO] Completion returned and validated within 'PersuasivenessChoiceAgent'; MODEL = 'grok-3'; DIALOGUE TURN NUM = 7.
[2025-10-08 19:53:51,555] [INFO] Completion returned and validated within 'PersuasivenessChoiceAgent'; MODEL = 'grok-3'; DIALOGUE TURN NUM = 7.
[2025-10-08 19:55:55,015] [INFO] Completion returned and validated within 'PersuasivenessChoiceAgent'; MODEL = 'grok-3'; DIALOGUE TURN NUM = 7.
[2025-10-08 19:55:58,199] [INFO] Completion returned and validated within 'PersuasivenessChoiceAgent'; MODEL = 'grok-3'; DIALOGUE TURN NUM = 7.
[2025-10-08 19:56:00,775] [INFO] Completion returned and validated within 'PersuasivenessChoiceAgent'; MODEL = 'grok-3'; DIALOGUE TURN NUM = 7.
[2025-10-08 19:56:00,776] [INFO] ENTER: 'DisambiguationAgent' calling '_grouping_similar_utterance_types'; CURRENT SPEAKER: grok-3_mas, DIALOGUE TURN NUM = 7.
[2025-10-08 19:56:00,776] [INFO] EXIT: 'DisambiguationAgent' calling '_grouping_similar_utterance_types' (1.1444091796875e-05 secs).
[2025-10-08 19:56:00,776] [INFO] ENTER: 'DisambiguationAgent' calling '_identifying_similar_sentences_and_choosing_one_to_return_to_user'; CURRENT SPEAKER: grok-3_mas, DIALOGUE TURN NUM = 7.
[2025-10-08 19:56:12,263] [INFO] 'DisambiguationAgent' grouped similar sentences, completion returned and validated; MODEL = 'grok-3'.
[2025-10-08 19:56:13,464] [INFO] 'DisambiguationAgent' chose sentences to remove, completion returned and validated from MODEL = 'grok-3'.
[2025-10-08 19:56:14,416] [INFO] 'DisambiguationAgent' chose sentences to remove, completion returned and validated from MODEL = 'grok-3'.
[2025-10-08 19:56:15,672] [INFO] 'DisambiguationAgent' chose sentences to remove, completion returned and validated from MODEL = 'grok-3'.
[2025-10-08 19:56:16,685] [INFO] 'DisambiguationAgent' chose sentences to remove, completion returned and validated from MODEL = 'grok-3'.
[2025-10-08 19:56:18,060] [INFO] 'DisambiguationAgent' chose sentences to remove, completion returned and validated from MODEL = 'grok-3'.
[2025-10-08 19:56:19,754] [INFO] 'DisambiguationAgent' chose sentences to remove, completion returned and validated from MODEL = 'grok-3'.
[2025-10-08 19:56:19,754] [INFO] EXIT: 'DisambiguationAgent' calling '_identifying_similar_sentences_and_choosing_one_to_return_to_user' (18.97870445251465 secs).
[2025-10-08 19:56:19,754] [INFO] ENTER: 'DisambiguationAgent' calling '_identifying_similar_sentences_and_choosing_one_to_return_to_user'; CURRENT SPEAKER: grok-3_mas, DIALOGUE TURN NUM = 7.
[2025-10-08 19:56:20,469] [INFO] 'DisambiguationAgent' grouped similar sentences, completion returned and validated; MODEL = 'grok-3'.
[2025-10-08 19:56:20,469] [INFO] EXIT: 'DisambiguationAgent' calling '_identifying_similar_sentences_and_choosing_one_to_return_to_user' (0.7145538330078125 secs).
[2025-10-08 19:56:20,469] [INFO] ENTER: 'DisambiguationAgent' calling '_removing_repetitive_sentences'; CURRENT SPEAKER: grok-3_mas, DIALOGUE TURN NUM = 7.
[2025-10-08 19:56:20,469] [INFO] EXIT: 'DisambiguationAgent' calling '_removing_repetitive_sentences' (2.0742416381835938e-05 secs).
[2025-10-08 19:56:20,469] [INFO] ENTER: 'DisambiguationAgent' calling '_choose_the_most_persuasive_sentences'; CURRENT SPEAKER: grok-3_mas, DIALOGUE TURN NUM = 7.
[2025-10-08 19:56:24,562] [INFO] 'DisambiguationAgent': reached maximum allowed sentences, succussfully chose most persuasive sentences, completion returned and validated from MODEL = 'grok-3'.
[2025-10-08 19:56:24,562] [INFO] EXIT: 'DisambiguationAgent' calling '_choose_the_most_persuasive_sentences' (4.092500448226929 secs).
[2025-10-08 19:56:24,562] [INFO] ENTER: 'DisambiguationAgent' calling 'return_disambiguated_sentences'; CURRENT SPEAKER: grok-3_mas, DIALOGUE TURN NUM = 7.
[2025-10-08 19:56:24,562] [INFO] EXIT: 'DisambiguationAgent' calling 'return_disambiguated_sentences' (2.6226043701171875e-06 secs).
[2025-10-08 19:56:24,562] [ERROR] Wrong state used; State of type HumanState; error message: dict has unexpected extra key(s): "graph_rag_examples", "intermediate_generations", "knowledge_base_ensemble_or_model_name", "model_seed", "model_temp", "model_top_p", "number_of_graph_rag_examples", "number_of_vector_based_rag_examples", "political_position_prob_of_na", "political_position_range", "political_position_std", "speaker_model_name", "speaker_type", "vector_based_persona_string", "vector_based_persona_sys_prompt"
[2025-10-08 19:56:24,563] [INFO] Correct state used; State of type GenerationAgentsState; 'IGNORE THE ABOVE ERRORS'.
[2025-10-08 19:57:09,067] [INFO] 'commitment_update' completed '___Since___' update; MODEL = 'grok-3'.
[2025-10-08 19:57:09,725] [INFO] 'commitment_update' completed '___Claim___' update for current speaker's commitments; MODEL = 'grok-3'.
[2025-10-08 19:57:11,394] [INFO] 'commitment_update' completed '___Claim___' update for current speaker's commitments; MODEL = 'grok-3'.
[2025-10-08 19:57:12,025] [INFO] 'commitment_update' completed '___Claim___' update for current speaker's commitments; MODEL = 'grok-3'.
[2025-10-08 19:57:12,730] [INFO] 'commitment_update' completed '___Claim___' update for current speaker's commitments; MODEL = 'grok-3'.
[2025-10-08 19:57:12,793] [ERROR] Wrong state used; State of type HumanState; error message: dict has unexpected extra key(s): "graph_rag_examples", "intermediate_generations", "knowledge_base_ensemble_or_model_name", "model_seed", "model_temp", "model_top_p", "number_of_graph_rag_examples", "number_of_vector_based_rag_examples", "political_position_prob_of_na", "political_position_range", "political_position_std", "speaker_model_name", "speaker_type", "vector_based_persona_string", "vector_based_persona_sys_prompt"
[2025-10-08 19:57:12,793] [INFO] Correct state used; State of type GenerationAgentsState; 'IGNORE THE ABOVE ERRORS'.
[2025-10-08 19:57:12,794] [INFO] ENTER: 'UtteranceClassificationAgent' calling '_classify_sentence_utterance_types'; CURRENT SPEAKER: mistral-medium_mas_rag, DIALOGUE TURN NUM = 8.
[2025-10-08 19:57:13,318] [INFO] 'UtteranceClassificationAgent' completion returned and validated from MODEL = 'ModelName.MISTRAL_MEDIUM'.
[2025-10-08 19:57:14,892] [INFO] 'UtteranceClassificationAgent' completion returned and validated from MODEL = 'ModelName.MISTRAL_MEDIUM'.
[2025-10-08 19:57:15,427] [INFO] 'UtteranceClassificationAgent' completion returned and validated from MODEL = 'ModelName.MISTRAL_MEDIUM'.
[2025-10-08 19:57:15,912] [INFO] 'UtteranceClassificationAgent' completion returned and validated from MODEL = 'ModelName.MISTRAL_MEDIUM'.
[2025-10-08 19:57:16,336] [INFO] 'UtteranceClassificationAgent' completion returned and validated from MODEL = 'ModelName.MISTRAL_MEDIUM'.
[2025-10-08 19:57:16,336] [INFO] EXIT: 'UtteranceClassificationAgent' calling '_classify_sentence_utterance_types' (3.542768955230713 secs).
[2025-10-08 19:57:16,336] [INFO] ENTER: 'UtteranceClassificationAgent' calling 'return_classified_sentences'; CURRENT SPEAKER: mistral-medium_mas_rag, DIALOGUE TURN NUM = 8.
[2025-10-08 19:57:16,336] [INFO] EXIT: 'UtteranceClassificationAgent' calling 'return_classified_sentences' (2.1457672119140625e-06 secs).
[2025-10-08 19:57:16,356] [INFO] ENTER: 'GraphRAG' calling 'why'; CURRENT SPEAKER: mistral-medium_mas_rag, DIALOGUE TURN NUM = 8.
[2025-10-08 19:57:16,356] [INFO] ENTER: 'GraphRAG' calling 'query_graph'; CURRENT SPEAKER: mistral-medium_mas_rag, DIALOGUE TURN NUM = 8.
[2025-10-08 19:57:17,041] [INFO] EXIT: 'GraphRAG' calling 'query_graph' (0.6842470169067383 secs).
[2025-10-08 19:57:17,041] [INFO] EXIT: 'GraphRAG' calling 'why' (0.6846694946289062 secs).
[2025-10-08 19:57:17,041] [INFO] ENTER: 'GraphRAG' calling 'claim_negation'; CURRENT SPEAKER: mistral-medium_mas_rag, DIALOGUE TURN NUM = 8.
[2025-10-08 19:57:17,041] [INFO] ENTER: 'GraphRAG' calling 'query_graph'; CURRENT SPEAKER: mistral-medium_mas_rag, DIALOGUE TURN NUM = 8.
[2025-10-08 19:57:17,708] [INFO] EXIT: 'GraphRAG' calling 'query_graph' (0.6668276786804199 secs).
[2025-10-08 19:57:17,708] [INFO] EXIT: 'GraphRAG' calling 'claim_negation' (0.6672883033752441 secs).
[2025-10-08 19:57:17,708] [INFO] ENTER: 'GraphRAG' calling 'concede'; CURRENT SPEAKER: mistral-medium_mas_rag, DIALOGUE TURN NUM = 8.
[2025-10-08 19:57:17,709] [INFO] ENTER: 'GraphRAG' calling 'query_graph'; CURRENT SPEAKER: mistral-medium_mas_rag, DIALOGUE TURN NUM = 8.
[2025-10-08 19:57:18,409] [INFO] EXIT: 'GraphRAG' calling 'query_graph' (0.7002544403076172 secs).
[2025-10-08 19:57:18,409] [INFO] EXIT: 'GraphRAG' calling 'concede' (0.7006199359893799 secs).
[2025-10-08 19:57:18,409] [INFO] ENTER: 'GraphRAG' calling 'question'; CURRENT SPEAKER: mistral-medium_mas_rag, DIALOGUE TURN NUM = 8.
[2025-10-08 19:57:18,409] [INFO] ENTER: 'GraphRAG' calling 'query_graph'; CURRENT SPEAKER: mistral-medium_mas_rag, DIALOGUE TURN NUM = 8.
[2025-10-08 19:57:18,533] [INFO] EXIT: 'GraphRAG' calling 'query_graph' (0.12325716018676758 secs).
[2025-10-08 19:57:18,533] [INFO] EXIT: 'GraphRAG' calling 'question' (0.12361645698547363 secs).
[2025-10-08 19:57:18,552] [INFO] ENTER: 'GraphRAG' calling 'why'; CURRENT SPEAKER: mistral-medium_mas_rag, DIALOGUE TURN NUM = 8.
[2025-10-08 19:57:18,552] [INFO] ENTER: 'GraphRAG' calling 'query_graph'; CURRENT SPEAKER: mistral-medium_mas_rag, DIALOGUE TURN NUM = 8.
[2025-10-08 19:57:19,285] [INFO] EXIT: 'GraphRAG' calling 'query_graph' (0.7326128482818604 secs).
[2025-10-08 19:57:19,285] [INFO] EXIT: 'GraphRAG' calling 'why' (0.7330026626586914 secs).
[2025-10-08 19:57:19,285] [INFO] ENTER: 'GraphRAG' calling 'concede'; CURRENT SPEAKER: mistral-medium_mas_rag, DIALOGUE TURN NUM = 8.
[2025-10-08 19:57:19,285] [INFO] ENTER: 'GraphRAG' calling 'query_graph'; CURRENT SPEAKER: mistral-medium_mas_rag, DIALOGUE TURN NUM = 8.
[2025-10-08 19:57:19,978] [INFO] EXIT: 'GraphRAG' calling 'query_graph' (0.6925878524780273 secs).
[2025-10-08 19:57:19,978] [INFO] EXIT: 'GraphRAG' calling 'concede' (0.6929612159729004 secs).
[2025-10-08 19:57:19,978] [INFO] ENTER: 'GraphRAG' calling 'question'; CURRENT SPEAKER: mistral-medium_mas_rag, DIALOGUE TURN NUM = 8.
[2025-10-08 19:57:19,978] [INFO] ENTER: 'GraphRAG' calling 'query_graph'; CURRENT SPEAKER: mistral-medium_mas_rag, DIALOGUE TURN NUM = 8.
[2025-10-08 19:57:20,641] [INFO] EXIT: 'GraphRAG' calling 'query_graph' (0.662787675857544 secs).
[2025-10-08 19:57:20,641] [INFO] EXIT: 'GraphRAG' calling 'question' (0.6631662845611572 secs).
[2025-10-08 19:57:20,657] [INFO] ENTER: 'GraphRAG' calling 'why'; CURRENT SPEAKER: mistral-medium_mas_rag, DIALOGUE TURN NUM = 8.
[2025-10-08 19:57:20,657] [INFO] ENTER: 'GraphRAG' calling 'query_graph'; CURRENT SPEAKER: mistral-medium_mas_rag, DIALOGUE TURN NUM = 8.
[2025-10-08 19:57:21,349] [INFO] EXIT: 'GraphRAG' calling 'query_graph' (0.691267728805542 secs).
[2025-10-08 19:57:21,349] [INFO] EXIT: 'GraphRAG' calling 'why' (0.6917102336883545 secs).
[2025-10-08 19:57:21,349] [INFO] ENTER: 'GraphRAG' calling 'claim_negation'; CURRENT SPEAKER: mistral-medium_mas_rag, DIALOGUE TURN NUM = 8.
[2025-10-08 19:57:21,349] [INFO] ENTER: 'GraphRAG' calling 'query_graph'; CURRENT SPEAKER: mistral-medium_mas_rag, DIALOGUE TURN NUM = 8.
[2025-10-08 19:57:22,017] [INFO] EXIT: 'GraphRAG' calling 'query_graph' (0.6673738956451416 secs).
[2025-10-08 19:57:22,017] [INFO] EXIT: 'GraphRAG' calling 'claim_negation' (0.6677834987640381 secs).
[2025-10-08 19:57:22,017] [INFO] ENTER: 'GraphRAG' calling 'concede'; CURRENT SPEAKER: mistral-medium_mas_rag, DIALOGUE TURN NUM = 8.
[2025-10-08 19:57:22,017] [INFO] ENTER: 'GraphRAG' calling 'query_graph'; CURRENT SPEAKER: mistral-medium_mas_rag, DIALOGUE TURN NUM = 8.
[2025-10-08 19:57:22,714] [INFO] EXIT: 'GraphRAG' calling 'query_graph' (0.6965169906616211 secs).
[2025-10-08 19:57:22,714] [INFO] EXIT: 'GraphRAG' calling 'concede' (0.6969094276428223 secs).
[2025-10-08 19:57:22,714] [INFO] ENTER: 'GraphRAG' calling 'question'; CURRENT SPEAKER: mistral-medium_mas_rag, DIALOGUE TURN NUM = 8.
[2025-10-08 19:57:22,714] [INFO] ENTER: 'GraphRAG' calling 'query_graph'; CURRENT SPEAKER: mistral-medium_mas_rag, DIALOGUE TURN NUM = 8.
[2025-10-08 19:57:22,834] [INFO] EXIT: 'GraphRAG' calling 'query_graph' (0.11980319023132324 secs).
[2025-10-08 19:57:22,834] [INFO] EXIT: 'GraphRAG' calling 'question' (0.12019491195678711 secs).
[2025-10-08 19:57:22,852] [INFO] ENTER: 'GraphRAG' calling 'why'; CURRENT SPEAKER: mistral-medium_mas_rag, DIALOGUE TURN NUM = 8.
[2025-10-08 19:57:22,852] [INFO] ENTER: 'GraphRAG' calling 'query_graph'; CURRENT SPEAKER: mistral-medium_mas_rag, DIALOGUE TURN NUM = 8.
[2025-10-08 19:57:23,546] [INFO] EXIT: 'GraphRAG' calling 'query_graph' (0.6932575702667236 secs).
[2025-10-08 19:57:23,546] [INFO] EXIT: 'GraphRAG' calling 'why' (0.6936593055725098 secs).
[2025-10-08 19:57:23,546] [INFO] ENTER: 'GraphRAG' calling 'claim_negation'; CURRENT SPEAKER: mistral-medium_mas_rag, DIALOGUE TURN NUM = 8.
[2025-10-08 19:57:23,546] [INFO] ENTER: 'GraphRAG' calling 'query_graph'; CURRENT SPEAKER: mistral-medium_mas_rag, DIALOGUE TURN NUM = 8.
[2025-10-08 19:57:24,214] [INFO] EXIT: 'GraphRAG' calling 'query_graph' (0.6673367023468018 secs).
[2025-10-08 19:57:24,214] [INFO] EXIT: 'GraphRAG' calling 'claim_negation' (0.6677725315093994 secs).
[2025-10-08 19:57:24,214] [INFO] ENTER: 'GraphRAG' calling 'concede'; CURRENT SPEAKER: mistral-medium_mas_rag, DIALOGUE TURN NUM = 8.
[2025-10-08 19:57:24,214] [INFO] ENTER: 'GraphRAG' calling 'query_graph'; CURRENT SPEAKER: mistral-medium_mas_rag, DIALOGUE TURN NUM = 8.
[2025-10-08 19:57:24,908] [INFO] EXIT: 'GraphRAG' calling 'query_graph' (0.6944568157196045 secs).
[2025-10-08 19:57:24,909] [INFO] EXIT: 'GraphRAG' calling 'concede' (0.6948869228363037 secs).
[2025-10-08 19:57:24,909] [INFO] ENTER: 'GraphRAG' calling 'question'; CURRENT SPEAKER: mistral-medium_mas_rag, DIALOGUE TURN NUM = 8.
[2025-10-08 19:57:24,909] [INFO] ENTER: 'GraphRAG' calling 'query_graph'; CURRENT SPEAKER: mistral-medium_mas_rag, DIALOGUE TURN NUM = 8.
[2025-10-08 19:57:25,029] [INFO] EXIT: 'GraphRAG' calling 'query_graph' (0.11975479125976562 secs).
[2025-10-08 19:57:25,029] [INFO] EXIT: 'GraphRAG' calling 'question' (0.12017369270324707 secs).
[2025-10-08 19:57:25,046] [INFO] ENTER: 'GraphRAG' calling 'why'; CURRENT SPEAKER: mistral-medium_mas_rag, DIALOGUE TURN NUM = 8.
[2025-10-08 19:57:25,046] [INFO] ENTER: 'GraphRAG' calling 'query_graph'; CURRENT SPEAKER: mistral-medium_mas_rag, DIALOGUE TURN NUM = 8.
[2025-10-08 19:57:25,721] [INFO] EXIT: 'GraphRAG' calling 'query_graph' (0.6740820407867432 secs).
[2025-10-08 19:57:25,721] [INFO] EXIT: 'GraphRAG' calling 'why' (0.6745193004608154 secs).
[2025-10-08 19:57:25,721] [INFO] ENTER: 'GraphRAG' calling 'claim_negation'; CURRENT SPEAKER: mistral-medium_mas_rag, DIALOGUE TURN NUM = 8.
[2025-10-08 19:57:25,721] [INFO] ENTER: 'GraphRAG' calling 'query_graph'; CURRENT SPEAKER: mistral-medium_mas_rag, DIALOGUE TURN NUM = 8.
[2025-10-08 19:57:26,383] [INFO] EXIT: 'GraphRAG' calling 'query_graph' (0.6622529029846191 secs).
[2025-10-08 19:57:26,383] [INFO] EXIT: 'GraphRAG' calling 'claim_negation' (0.6626629829406738 secs).
[2025-10-08 19:57:26,383] [INFO] ENTER: 'GraphRAG' calling 'concede'; CURRENT SPEAKER: mistral-medium_mas_rag, DIALOGUE TURN NUM = 8.
[2025-10-08 19:57:26,384] [INFO] ENTER: 'GraphRAG' calling 'query_graph'; CURRENT SPEAKER: mistral-medium_mas_rag, DIALOGUE TURN NUM = 8.
[2025-10-08 19:57:27,092] [INFO] EXIT: 'GraphRAG' calling 'query_graph' (0.7084074020385742 secs).
[2025-10-08 19:57:27,092] [INFO] EXIT: 'GraphRAG' calling 'concede' (0.708777904510498 secs).
[2025-10-08 19:57:27,092] [INFO] ENTER: 'GraphRAG' calling 'question'; CURRENT SPEAKER: mistral-medium_mas_rag, DIALOGUE TURN NUM = 8.
[2025-10-08 19:57:27,093] [INFO] ENTER: 'GraphRAG' calling 'query_graph'; CURRENT SPEAKER: mistral-medium_mas_rag, DIALOGUE TURN NUM = 8.
[2025-10-08 19:57:27,217] [INFO] EXIT: 'GraphRAG' calling 'query_graph' (0.12409281730651855 secs).
[2025-10-08 19:57:27,217] [INFO] EXIT: 'GraphRAG' calling 'question' (0.12445807456970215 secs).
[2025-10-08 19:57:27,217] [INFO] ENTER: 'GraphRAG' calling 'return_rag_examples'; CURRENT SPEAKER: mistral-medium_mas_rag, DIALOGUE TURN NUM = 8.
[2025-10-08 19:57:27,217] [INFO] EXIT: 'GraphRAG' calling 'return_rag_examples' (2.384185791015625e-06 secs).
[2025-10-08 19:57:27,219] [INFO] ENTER: 'DialogueMoveGenerator' calling 'generate'; CURRENT SPEAKER: mistral-medium_mas_rag, DIALOGUE TURN NUM = 8.
[2025-10-08 19:57:27,219] [INFO] ENTER: 'MASPromptGenerator' calling 'claim_negation'; CURRENT SPEAKER: mistral-medium_mas_rag, DIALOGUE TURN NUM = 8.
[2025-10-08 19:57:27,220] [INFO] EXIT: 'MASPromptGenerator' calling 'claim_negation' (5.793571472167969e-05 secs).
[2025-10-08 19:57:27,220] [INFO] ENTER: 'DialogueMoveGenerator' calling 'generate'; CURRENT SPEAKER: mistral-medium_mas_rag, DIALOGUE TURN NUM = 8.
[2025-10-08 19:57:27,221] [INFO] ENTER: 'MASPromptGenerator' calling 'concede_claim'; CURRENT SPEAKER: mistral-medium_mas_rag, DIALOGUE TURN NUM = 8.
[2025-10-08 19:57:27,221] [INFO] EXIT: 'MASPromptGenerator' calling 'concede_claim' (5.173683166503906e-05 secs).
[2025-10-08 19:57:27,221] [INFO] ENTER: 'DialogueMoveGenerator' calling 'generate'; CURRENT SPEAKER: mistral-medium_mas_rag, DIALOGUE TURN NUM = 8.
[2025-10-08 19:57:27,221] [INFO] ENTER: 'MASPromptGenerator' calling 'question_claim'; CURRENT SPEAKER: mistral-medium_mas_rag, DIALOGUE TURN NUM = 8.
[2025-10-08 19:57:27,221] [INFO] EXIT: 'MASPromptGenerator' calling 'question_claim' (5.412101745605469e-05 secs).
[2025-10-08 19:57:27,222] [INFO] ENTER: 'DialogueMoveGenerator' calling 'generate'; CURRENT SPEAKER: mistral-medium_mas_rag, DIALOGUE TURN NUM = 8.
[2025-10-08 19:57:27,222] [INFO] ENTER: 'MASPromptGenerator' calling 'why_claim'; CURRENT SPEAKER: mistral-medium_mas_rag, DIALOGUE TURN NUM = 8.
[2025-10-08 19:57:27,222] [INFO] EXIT: 'MASPromptGenerator' calling 'why_claim' (4.3392181396484375e-05 secs).
[2025-10-08 19:57:29,360] [INFO] Completion returned and validated from MODEL = 'mistral-medium'.
[2025-10-08 19:57:29,717] [INFO] Completion returned and validated from MODEL = 'mistral-medium'.
[2025-10-08 19:57:29,981] [INFO] Completion returned and validated from MODEL = 'mistral-medium'.
[2025-10-08 19:57:30,121] [INFO] Completion returned and validated from MODEL = 'mistral-medium'.
[2025-10-08 19:57:32,052] [INFO] Completion returned and validated from MODEL = 'mistral-medium'.
[2025-10-08 19:57:32,097] [INFO] Completion returned and validated from MODEL = 'mistral-medium'.
[2025-10-08 19:57:32,232] [INFO] Completion returned and validated from MODEL = 'mistral-medium'.
[2025-10-08 19:57:33,083] [INFO] Completion returned and validated from MODEL = 'mistral-medium'.
[2025-10-08 19:57:33,699] [INFO] Completion returned and validated from MODEL = 'mistral-medium'.
[2025-10-08 19:57:34,555] [INFO] Completion returned and validated from MODEL = 'mistral-medium'.
[2025-10-08 19:57:34,644] [INFO] Completion returned and validated from MODEL = 'mistral-medium'.
[2025-10-08 19:57:35,774] [INFO] Completion returned and validated from MODEL = 'mistral-medium'.
[2025-10-08 19:57:36,023] [INFO] Completion returned and validated from MODEL = 'mistral-medium'.
[2025-10-08 19:57:36,915] [INFO] Completion returned and validated from MODEL = 'mistral-medium'.
[2025-10-08 19:57:36,915] [INFO] EXIT: 'DialogueMoveGenerator' calling 'generate' (9.69595193862915 secs).
[2025-10-08 19:57:37,236] [INFO] Completion returned and validated from MODEL = 'mistral-medium'.
[2025-10-08 19:57:37,787] [INFO] Completion returned and validated from MODEL = 'mistral-medium'.
[2025-10-08 19:57:37,788] [INFO] EXIT: 'DialogueMoveGenerator' calling 'generate' (10.56699275970459 secs).
[2025-10-08 19:57:48,063] [INFO] Completion returned and validated from MODEL = 'mistral-medium'.
[2025-10-08 19:57:48,063] [INFO] EXIT: 'DialogueMoveGenerator' calling 'generate' (20.84144115447998 secs).
[2025-10-08 19:59:17,411] [INFO] Completion returned and validated from MODEL = 'mistral-medium'.
[2025-10-08 19:59:20,153] [INFO] Completion returned and validated from MODEL = 'mistral-medium'.
[2025-10-08 19:59:20,153] [INFO] EXIT: 'DialogueMoveGenerator' calling 'generate' (112.93092441558838 secs).
[2025-10-08 19:59:20,154] [INFO] ENTER: 'MASPromptGenerator' calling 'persuasiveness_choice'; CURRENT SPEAKER: mistral-medium_mas_rag, DIALOGUE TURN NUM = 8.
[2025-10-08 19:59:20,154] [INFO] EXIT: 'MASPromptGenerator' calling 'persuasiveness_choice' (0.00014972686767578125 secs).
[2025-10-08 19:59:23,701] [INFO] Completion returned and validated within 'PersuasivenessChoiceAgent'; MODEL = 'mistral-medium'; DIALOGUE TURN NUM = 8.
[2025-10-08 19:59:27,473] [INFO] Completion returned and validated within 'PersuasivenessChoiceAgent'; MODEL = 'mistral-medium'; DIALOGUE TURN NUM = 8.
[2025-10-08 19:59:30,430] [INFO] Completion returned and validated within 'PersuasivenessChoiceAgent'; MODEL = 'mistral-medium'; DIALOGUE TURN NUM = 8.
[2025-10-08 19:59:33,993] [INFO] Completion returned and validated within 'PersuasivenessChoiceAgent'; MODEL = 'mistral-medium'; DIALOGUE TURN NUM = 8.
[2025-10-08 19:59:37,906] [INFO] Completion returned and validated within 'PersuasivenessChoiceAgent'; MODEL = 'mistral-medium'; DIALOGUE TURN NUM = 8.
[2025-10-08 19:59:37,907] [INFO] ENTER: 'DisambiguationAgent' calling '_grouping_similar_utterance_types'; CURRENT SPEAKER: mistral-medium_mas_rag, DIALOGUE TURN NUM = 8.
[2025-10-08 19:59:37,907] [INFO] EXIT: 'DisambiguationAgent' calling '_grouping_similar_utterance_types' (1.3113021850585938e-05 secs).
[2025-10-08 19:59:37,907] [INFO] ENTER: 'DisambiguationAgent' calling '_identifying_similar_sentences_and_choosing_one_to_return_to_user'; CURRENT SPEAKER: mistral-medium_mas_rag, DIALOGUE TURN NUM = 8.
[2025-10-08 19:59:41,693] [INFO] 'DisambiguationAgent' grouped similar sentences, completion returned and validated; MODEL = 'mistral-medium'.
[2025-10-08 19:59:42,629] [INFO] 'DisambiguationAgent' chose sentences to remove, completion returned and validated from MODEL = 'mistral-medium'.
[2025-10-08 19:59:43,484] [INFO] 'DisambiguationAgent' chose sentences to remove, completion returned and validated from MODEL = 'mistral-medium'.
[2025-10-08 19:59:43,484] [INFO] EXIT: 'DisambiguationAgent' calling '_identifying_similar_sentences_and_choosing_one_to_return_to_user' (5.5772621631622314 secs).
[2025-10-08 19:59:43,484] [INFO] ENTER: 'DisambiguationAgent' calling '_identifying_similar_sentences_and_choosing_one_to_return_to_user'; CURRENT SPEAKER: mistral-medium_mas_rag, DIALOGUE TURN NUM = 8.
[2025-10-08 20:00:12,514] [INFO] 'DisambiguationAgent' grouped similar sentences, completion returned and validated; MODEL = 'mistral-medium'.
[2025-10-08 20:00:13,560] [INFO] 'DisambiguationAgent' chose sentences to remove, completion returned and validated from MODEL = 'mistral-medium'.
[2025-10-08 20:00:14,674] [INFO] 'DisambiguationAgent' chose sentences to remove, completion returned and validated from MODEL = 'mistral-medium'.
[2025-10-08 20:00:15,682] [INFO] 'DisambiguationAgent' chose sentences to remove, completion returned and validated from MODEL = 'mistral-medium'.
[2025-10-08 20:00:16,785] [INFO] 'DisambiguationAgent' chose sentences to remove, completion returned and validated from MODEL = 'mistral-medium'.
[2025-10-08 20:00:17,718] [INFO] 'DisambiguationAgent' chose sentences to remove, completion returned and validated from MODEL = 'mistral-medium'.
[2025-10-08 20:00:17,718] [INFO] EXIT: 'DisambiguationAgent' calling '_identifying_similar_sentences_and_choosing_one_to_return_to_user' (34.2336642742157 secs).
[2025-10-08 20:00:17,718] [INFO] ENTER: 'DisambiguationAgent' calling '_removing_repetitive_sentences'; CURRENT SPEAKER: mistral-medium_mas_rag, DIALOGUE TURN NUM = 8.
[2025-10-08 20:00:17,718] [INFO] EXIT: 'DisambiguationAgent' calling '_removing_repetitive_sentences' (2.288818359375e-05 secs).
[2025-10-08 20:00:17,718] [INFO] ENTER: 'DisambiguationAgent' calling '_choose_the_most_persuasive_sentences'; CURRENT SPEAKER: mistral-medium_mas_rag, DIALOGUE TURN NUM = 8.
[2025-10-08 20:00:20,936] [INFO] 'DisambiguationAgent': reached maximum allowed sentences, succussfully chose most persuasive sentences, completion returned and validated from MODEL = 'mistral-medium'.
[2025-10-08 20:00:20,936] [INFO] EXIT: 'DisambiguationAgent' calling '_choose_the_most_persuasive_sentences' (3.217705726623535 secs).
[2025-10-08 20:00:20,936] [INFO] ENTER: 'DisambiguationAgent' calling 'return_disambiguated_sentences'; CURRENT SPEAKER: mistral-medium_mas_rag, DIALOGUE TURN NUM = 8.
[2025-10-08 20:00:20,936] [INFO] EXIT: 'DisambiguationAgent' calling 'return_disambiguated_sentences' (3.0994415283203125e-06 secs).
[2025-10-08 20:00:20,936] [ERROR] Wrong state used; State of type HumanState; error message: dict has unexpected extra key(s): "graph_rag_examples", "intermediate_generations", "knowledge_base_ensemble_or_model_name", "model_seed", "model_temp", "model_top_p", "number_of_graph_rag_examples", "number_of_vector_based_rag_examples", "political_position_prob_of_na", "political_position_range", "political_position_std", "speaker_model_name", "speaker_type", "vector_based_persona_string", "vector_based_persona_sys_prompt"
[2025-10-08 20:00:20,936] [INFO] Correct state used; State of type GenerationAgentsState; 'IGNORE THE ABOVE ERRORS'.
[2025-10-08 20:00:21,461] [INFO] 'commitment_update' completed '___Claim___' update for current speaker's commitments; MODEL = 'mistral-medium'.
[2025-10-08 20:00:21,987] [INFO] 'commitment_update' completed '___Claim___' update for current speaker's commitments; MODEL = 'mistral-medium'.
[2025-10-08 20:02:23,194] [INFO] 'commitment_update' completed '___Claim___' update for current speaker's commitments; MODEL = 'mistral-medium'.
[2025-10-08 20:02:23,282] [ERROR] Wrong state used; State of type HumanState; error message: dict has unexpected extra key(s): "graph_rag_examples", "intermediate_generations", "knowledge_base_ensemble_or_model_name", "model_seed", "model_temp", "model_top_p", "number_of_graph_rag_examples", "number_of_vector_based_rag_examples", "political_position_prob_of_na", "political_position_range", "political_position_std", "speaker_model_name", "speaker_type", "vector_based_persona_string", "vector_based_persona_sys_prompt"
[2025-10-08 20:02:23,282] [INFO] Correct state used; State of type GenerationAgentsState; 'IGNORE THE ABOVE ERRORS'.
[2025-10-08 20:02:23,283] [INFO] ENTER: 'UtteranceClassificationAgent' calling '_classify_sentence_utterance_types'; CURRENT SPEAKER: grok-3_mas, DIALOGUE TURN NUM = 9.
[2025-10-08 20:02:23,880] [INFO] 'UtteranceClassificationAgent' completion returned and validated from MODEL = 'ModelName.GROK_3'.
[2025-10-08 20:02:24,491] [INFO] 'UtteranceClassificationAgent' completion returned and validated from MODEL = 'ModelName.GROK_3'.
[2025-10-08 20:02:25,108] [INFO] 'UtteranceClassificationAgent' completion returned and validated from MODEL = 'ModelName.GROK_3'.
[2025-10-08 20:02:25,712] [INFO] 'UtteranceClassificationAgent' completion returned and validated from MODEL = 'ModelName.GROK_3'.
[2025-10-08 20:02:26,301] [INFO] 'UtteranceClassificationAgent' completion returned and validated from MODEL = 'ModelName.GROK_3'.
[2025-10-08 20:02:26,301] [INFO] EXIT: 'UtteranceClassificationAgent' calling '_classify_sentence_utterance_types' (3.0185256004333496 secs).
[2025-10-08 20:02:26,301] [INFO] ENTER: 'UtteranceClassificationAgent' calling 'return_classified_sentences'; CURRENT SPEAKER: grok-3_mas, DIALOGUE TURN NUM = 9.
[2025-10-08 20:02:26,301] [INFO] EXIT: 'UtteranceClassificationAgent' calling 'return_classified_sentences' (2.384185791015625e-06 secs).
[2025-10-08 20:02:26,304] [INFO] ENTER: 'DialogueMoveGenerator' calling 'generate'; CURRENT SPEAKER: grok-3_mas, DIALOGUE TURN NUM = 9.
[2025-10-08 20:02:26,304] [INFO] ENTER: 'MASPromptGenerator' calling 'claim'; CURRENT SPEAKER: grok-3_mas, DIALOGUE TURN NUM = 9.
[2025-10-08 20:02:26,305] [INFO] EXIT: 'MASPromptGenerator' calling 'claim' (3.4332275390625e-05 secs).
[2025-10-08 20:02:26,305] [INFO] ENTER: 'DialogueMoveGenerator' calling 'generate'; CURRENT SPEAKER: grok-3_mas, DIALOGUE TURN NUM = 9.
[2025-10-08 20:02:26,305] [INFO] ENTER: 'MASPromptGenerator' calling 'claim_negation'; CURRENT SPEAKER: grok-3_mas, DIALOGUE TURN NUM = 9.
[2025-10-08 20:02:26,305] [INFO] EXIT: 'MASPromptGenerator' calling 'claim_negation' (2.5033950805664062e-05 secs).
[2025-10-08 20:02:26,306] [INFO] ENTER: 'DialogueMoveGenerator' calling 'generate'; CURRENT SPEAKER: grok-3_mas, DIALOGUE TURN NUM = 9.
[2025-10-08 20:02:26,306] [INFO] ENTER: 'MASPromptGenerator' calling 'concede_claim'; CURRENT SPEAKER: grok-3_mas, DIALOGUE TURN NUM = 9.
[2025-10-08 20:02:26,306] [INFO] EXIT: 'MASPromptGenerator' calling 'concede_claim' (3.2901763916015625e-05 secs).
[2025-10-08 20:02:26,307] [INFO] ENTER: 'DialogueMoveGenerator' calling 'generate'; CURRENT SPEAKER: grok-3_mas, DIALOGUE TURN NUM = 9.
[2025-10-08 20:02:26,307] [INFO] ENTER: 'DialogueMoveGenerator' calling 'generate'; CURRENT SPEAKER: grok-3_mas, DIALOGUE TURN NUM = 9.
[2025-10-08 20:02:26,307] [INFO] ENTER: 'DialogueMoveGenerator' calling 'generate'; CURRENT SPEAKER: grok-3_mas, DIALOGUE TURN NUM = 9.
[2025-10-08 20:02:26,308] [INFO] ENTER: 'MASPromptGenerator' calling 'question_claim'; CURRENT SPEAKER: grok-3_mas, DIALOGUE TURN NUM = 9.
[2025-10-08 20:02:26,308] [INFO] ENTER: 'DialogueMoveGenerator' calling 'generate'; CURRENT SPEAKER: grok-3_mas, DIALOGUE TURN NUM = 9.
[2025-10-08 20:02:26,309] [INFO] ENTER: 'MASPromptGenerator' calling 'retract_claim'; CURRENT SPEAKER: grok-3_mas, DIALOGUE TURN NUM = 9.
[2025-10-08 20:02:26,310] [INFO] ENTER: 'MASPromptGenerator' calling 'since_claim'; CURRENT SPEAKER: grok-3_mas, DIALOGUE TURN NUM = 9.
[2025-10-08 20:02:26,311] [INFO] EXIT: 'MASPromptGenerator' calling 'question_claim' (3.266334533691406e-05 secs).
[2025-10-08 20:02:26,312] [INFO] ENTER: 'MASPromptGenerator' calling 'why_claim'; CURRENT SPEAKER: grok-3_mas, DIALOGUE TURN NUM = 9.
[2025-10-08 20:02:26,312] [INFO] EXIT: 'MASPromptGenerator' calling 'retract_claim' (3.0040740966796875e-05 secs).
[2025-10-08 20:02:26,312] [INFO] EXIT: 'MASPromptGenerator' calling 'since_claim' (2.5987625122070312e-05 secs).
[2025-10-08 20:02:26,312] [INFO] EXIT: 'MASPromptGenerator' calling 'why_claim' (2.2411346435546875e-05 secs).
[2025-10-08 20:02:29,226] [INFO] Completion returned and validated from MODEL = 'grok-3'.
[2025-10-08 20:02:30,237] [INFO] Completion returned and validated from MODEL = 'grok-3'.
[2025-10-08 20:02:30,592] [INFO] Completion returned and validated from MODEL = 'grok-3'.
[2025-10-08 20:02:30,664] [INFO] Completion returned and validated from MODEL = 'grok-3'.
[2025-10-08 20:02:31,017] [INFO] Completion returned and validated from MODEL = 'grok-3'.
[2025-10-08 20:02:31,252] [INFO] Completion returned and validated from MODEL = 'grok-3'.
[2025-10-08 20:02:31,897] [INFO] Completion returned and validated from MODEL = 'grok-3'.
[2025-10-08 20:02:33,726] [INFO] Completion returned and validated from MODEL = 'grok-3'.
[2025-10-08 20:02:35,440] [INFO] Completion returned and validated from MODEL = 'grok-3'.
[2025-10-08 20:02:35,706] [INFO] Completion returned and validated from MODEL = 'grok-3'.
[2025-10-08 20:02:35,706] [INFO] EXIT: 'DialogueMoveGenerator' calling 'generate' (9.401002407073975 secs).
[2025-10-08 20:02:36,431] [INFO] Completion returned and validated from MODEL = 'grok-3'.
[2025-10-08 20:02:36,431] [INFO] EXIT: 'DialogueMoveGenerator' calling 'generate' (10.124942779541016 secs).
[2025-10-08 20:02:36,825] [INFO] Completion returned and validated from MODEL = 'grok-3'.
[2025-10-08 20:02:36,825] [INFO] EXIT: 'DialogueMoveGenerator' calling 'generate' (10.514512538909912 secs).
[2025-10-08 20:02:36,966] [INFO] Completion returned and validated from MODEL = 'grok-3'.
[2025-10-08 20:02:36,966] [INFO] EXIT: 'DialogueMoveGenerator' calling 'generate' (10.662050724029541 secs).
[2025-10-08 20:02:38,536] [INFO] Completion returned and validated from MODEL = 'grok-3'.
[2025-10-08 20:02:38,537] [INFO] EXIT: 'DialogueMoveGenerator' calling 'generate' (12.229003429412842 secs).
[2025-10-08 20:04:31,461] [INFO] Completion returned and validated from MODEL = 'grok-3'.
[2025-10-08 20:04:33,917] [INFO] Completion returned and validated from MODEL = 'grok-3'.
[2025-10-08 20:04:36,844] [INFO] Completion returned and validated from MODEL = 'grok-3'.
[2025-10-08 20:04:36,844] [INFO] EXIT: 'DialogueMoveGenerator' calling 'generate' (130.53262090682983 secs).
[2025-10-08 20:05:16,467] [INFO] Completion returned and validated from MODEL = 'grok-3'.
[2025-10-08 20:05:16,467] [INFO] EXIT: 'DialogueMoveGenerator' calling 'generate' (170.15772080421448 secs).
[2025-10-08 20:05:16,468] [INFO] ENTER: 'MASPromptGenerator' calling 'persuasiveness_choice'; CURRENT SPEAKER: grok-3_mas, DIALOGUE TURN NUM = 9.
[2025-10-08 20:05:16,468] [INFO] EXIT: 'MASPromptGenerator' calling 'persuasiveness_choice' (0.00017571449279785156 secs).
[2025-10-08 20:05:19,554] [INFO] Completion returned and validated within 'PersuasivenessChoiceAgent'; MODEL = 'grok-3'; DIALOGUE TURN NUM = 9.
[2025-10-08 20:05:24,111] [INFO] Completion returned and validated within 'PersuasivenessChoiceAgent'; MODEL = 'grok-3'; DIALOGUE TURN NUM = 9.
[2025-10-08 20:05:26,139] [INFO] Completion returned and validated within 'PersuasivenessChoiceAgent'; MODEL = 'grok-3'; DIALOGUE TURN NUM = 9.
[2025-10-08 20:05:28,251] [INFO] Completion returned and validated within 'PersuasivenessChoiceAgent'; MODEL = 'grok-3'; DIALOGUE TURN NUM = 9.
[2025-10-08 20:05:30,052] [INFO] Completion returned and validated within 'PersuasivenessChoiceAgent'; MODEL = 'grok-3'; DIALOGUE TURN NUM = 9.
[2025-10-08 20:05:30,053] [INFO] ENTER: 'DisambiguationAgent' calling '_grouping_similar_utterance_types'; CURRENT SPEAKER: grok-3_mas, DIALOGUE TURN NUM = 9.
[2025-10-08 20:05:30,053] [INFO] EXIT: 'DisambiguationAgent' calling '_grouping_similar_utterance_types' (1.1205673217773438e-05 secs).
[2025-10-08 20:05:30,053] [INFO] ENTER: 'DisambiguationAgent' calling '_identifying_similar_sentences_and_choosing_one_to_return_to_user'; CURRENT SPEAKER: grok-3_mas, DIALOGUE TURN NUM = 9.
[2025-10-08 20:05:40,559] [INFO] 'DisambiguationAgent' grouped similar sentences, completion returned and validated; MODEL = 'grok-3'.
[2025-10-08 20:05:42,214] [INFO] 'DisambiguationAgent' chose sentences to remove, completion returned and validated from MODEL = 'grok-3'.
[2025-10-08 20:05:43,538] [INFO] 'DisambiguationAgent' chose sentences to remove, completion returned and validated from MODEL = 'grok-3'.
[2025-10-08 20:05:44,835] [INFO] 'DisambiguationAgent' chose sentences to remove, completion returned and validated from MODEL = 'grok-3'.
[2025-10-08 20:05:45,796] [INFO] 'DisambiguationAgent' chose sentences to remove, completion returned and validated from MODEL = 'grok-3'.
[2025-10-08 20:05:46,904] [INFO] 'DisambiguationAgent' chose sentences to remove, completion returned and validated from MODEL = 'grok-3'.
[2025-10-08 20:05:48,020] [INFO] 'DisambiguationAgent' chose sentences to remove, completion returned and validated from MODEL = 'grok-3'.
[2025-10-08 20:06:46,920] [INFO] 'DisambiguationAgent' chose sentences to remove, completion returned and validated from MODEL = 'grok-3'.
[2025-10-08 20:06:47,958] [INFO] 'DisambiguationAgent' chose sentences to remove, completion returned and validated from MODEL = 'grok-3'.
[2025-10-08 20:06:47,958] [INFO] EXIT: 'DisambiguationAgent' calling '_identifying_similar_sentences_and_choosing_one_to_return_to_user' (77.9045057296753 secs).
[2025-10-08 20:06:47,958] [INFO] ENTER: 'DisambiguationAgent' calling '_removing_repetitive_sentences'; CURRENT SPEAKER: grok-3_mas, DIALOGUE TURN NUM = 9.
[2025-10-08 20:06:47,958] [INFO] EXIT: 'DisambiguationAgent' calling '_removing_repetitive_sentences' (2.002716064453125e-05 secs).
[2025-10-08 20:06:47,958] [INFO] ENTER: 'DisambiguationAgent' calling '_choose_the_most_persuasive_sentences'; CURRENT SPEAKER: grok-3_mas, DIALOGUE TURN NUM = 9.
[2025-10-08 20:06:51,420] [INFO] 'DisambiguationAgent': reached maximum allowed sentences, succussfully chose most persuasive sentences, completion returned and validated from MODEL = 'grok-3'.
[2025-10-08 20:06:51,421] [INFO] EXIT: 'DisambiguationAgent' calling '_choose_the_most_persuasive_sentences' (3.4626712799072266 secs).
[2025-10-08 20:06:51,421] [INFO] ENTER: 'DisambiguationAgent' calling 'return_disambiguated_sentences'; CURRENT SPEAKER: grok-3_mas, DIALOGUE TURN NUM = 9.
[2025-10-08 20:06:51,421] [INFO] EXIT: 'DisambiguationAgent' calling 'return_disambiguated_sentences' (2.86102294921875e-06 secs).
[2025-10-08 20:06:51,421] [ERROR] Wrong state used; State of type HumanState; error message: dict has unexpected extra key(s): "graph_rag_examples", "intermediate_generations", "knowledge_base_ensemble_or_model_name", "model_seed", "model_temp", "model_top_p", "number_of_graph_rag_examples", "number_of_vector_based_rag_examples", "political_position_prob_of_na", "political_position_range", "political_position_std", "speaker_model_name", "speaker_type", "vector_based_persona_string", "vector_based_persona_sys_prompt"
[2025-10-08 20:06:51,421] [INFO] Correct state used; State of type GenerationAgentsState; 'IGNORE THE ABOVE ERRORS'.
[2025-10-08 20:06:52,056] [INFO] 'commitment_update' completed '___Claim___' update for current speaker's commitments; MODEL = 'grok-3'.
[2025-10-08 20:06:52,694] [INFO] 'commitment_update' completed '___Since___' update; MODEL = 'grok-3'.
[2025-10-08 20:06:53,362] [INFO] 'commitment_update' completed '___Claim___' update for current speaker's commitments; MODEL = 'grok-3'.
[2025-10-08 20:06:54,000] [INFO] 'commitment_update' completed '___Since___' update; MODEL = 'grok-3'.
[2025-10-08 20:06:54,602] [INFO] 'commitment_update' completed '___Claim___' update for current speaker's commitments; MODEL = 'grok-3'.
[2025-10-08 20:06:55,212] [INFO] 'commitment_update' completed '___Claim___' update for current speaker's commitments; MODEL = 'grok-3'.
[2025-10-08 20:06:55,270] [ERROR] Wrong state used; State of type HumanState; error message: dict has unexpected extra key(s): "graph_rag_examples", "intermediate_generations", "knowledge_base_ensemble_or_model_name", "model_seed", "model_temp", "model_top_p", "number_of_graph_rag_examples", "number_of_vector_based_rag_examples", "political_position_prob_of_na", "political_position_range", "political_position_std", "speaker_model_name", "speaker_type", "vector_based_persona_string", "vector_based_persona_sys_prompt"
[2025-10-08 20:06:55,270] [INFO] Correct state used; State of type GenerationAgentsState; 'IGNORE THE ABOVE ERRORS'.
[2025-10-08 20:06:55,271] [INFO] ENTER: 'UtteranceClassificationAgent' calling '_classify_sentence_utterance_types'; CURRENT SPEAKER: mistral-medium_mas_rag, DIALOGUE TURN NUM = 10.
[2025-10-08 20:06:56,766] [INFO] 'UtteranceClassificationAgent' completion returned and validated from MODEL = 'ModelName.MISTRAL_MEDIUM'.
[2025-10-08 20:06:57,630] [INFO] 'UtteranceClassificationAgent' completion returned and validated from MODEL = 'ModelName.MISTRAL_MEDIUM'.
[2025-10-08 20:06:58,118] [INFO] 'UtteranceClassificationAgent' completion returned and validated from MODEL = 'ModelName.MISTRAL_MEDIUM'.
[2025-10-08 20:06:58,624] [INFO] 'UtteranceClassificationAgent' completion returned and validated from MODEL = 'ModelName.MISTRAL_MEDIUM'.
[2025-10-08 20:06:59,014] [INFO] 'UtteranceClassificationAgent' completion returned and validated from MODEL = 'ModelName.MISTRAL_MEDIUM'.
[2025-10-08 20:06:59,497] [INFO] 'UtteranceClassificationAgent' completion returned and validated from MODEL = 'ModelName.MISTRAL_MEDIUM'.
[2025-10-08 20:06:59,497] [INFO] EXIT: 'UtteranceClassificationAgent' calling '_classify_sentence_utterance_types' (4.226094722747803 secs).
[2025-10-08 20:06:59,497] [INFO] ENTER: 'UtteranceClassificationAgent' calling 'return_classified_sentences'; CURRENT SPEAKER: mistral-medium_mas_rag, DIALOGUE TURN NUM = 10.
[2025-10-08 20:06:59,497] [INFO] EXIT: 'UtteranceClassificationAgent' calling 'return_classified_sentences' (2.384185791015625e-06 secs).
[2025-10-08 20:06:59,519] [INFO] ENTER: 'GraphRAG' calling 'why'; CURRENT SPEAKER: mistral-medium_mas_rag, DIALOGUE TURN NUM = 10.
[2025-10-08 20:06:59,520] [INFO] ENTER: 'GraphRAG' calling 'query_graph'; CURRENT SPEAKER: mistral-medium_mas_rag, DIALOGUE TURN NUM = 10.
[2025-10-08 20:07:00,209] [INFO] EXIT: 'GraphRAG' calling 'query_graph' (0.689246416091919 secs).
[2025-10-08 20:07:00,209] [INFO] EXIT: 'GraphRAG' calling 'why' (0.6896491050720215 secs).
[2025-10-08 20:07:00,209] [INFO] ENTER: 'GraphRAG' calling 'claim_negation'; CURRENT SPEAKER: mistral-medium_mas_rag, DIALOGUE TURN NUM = 10.
[2025-10-08 20:07:00,209] [INFO] ENTER: 'GraphRAG' calling 'query_graph'; CURRENT SPEAKER: mistral-medium_mas_rag, DIALOGUE TURN NUM = 10.
[2025-10-08 20:07:00,874] [INFO] EXIT: 'GraphRAG' calling 'query_graph' (0.6641759872436523 secs).
[2025-10-08 20:07:00,874] [INFO] EXIT: 'GraphRAG' calling 'claim_negation' (0.6645936965942383 secs).
[2025-10-08 20:07:00,874] [INFO] ENTER: 'GraphRAG' calling 'concede'; CURRENT SPEAKER: mistral-medium_mas_rag, DIALOGUE TURN NUM = 10.
[2025-10-08 20:07:00,874] [INFO] ENTER: 'GraphRAG' calling 'query_graph'; CURRENT SPEAKER: mistral-medium_mas_rag, DIALOGUE TURN NUM = 10.
[2025-10-08 20:07:01,561] [INFO] EXIT: 'GraphRAG' calling 'query_graph' (0.6871750354766846 secs).
[2025-10-08 20:07:01,561] [INFO] EXIT: 'GraphRAG' calling 'concede' (0.687556266784668 secs).
[2025-10-08 20:07:01,561] [INFO] ENTER: 'GraphRAG' calling 'question'; CURRENT SPEAKER: mistral-medium_mas_rag, DIALOGUE TURN NUM = 10.
[2025-10-08 20:07:01,562] [INFO] ENTER: 'GraphRAG' calling 'query_graph'; CURRENT SPEAKER: mistral-medium_mas_rag, DIALOGUE TURN NUM = 10.
[2025-10-08 20:07:01,686] [INFO] EXIT: 'GraphRAG' calling 'query_graph' (0.12465882301330566 secs).
[2025-10-08 20:07:01,686] [INFO] EXIT: 'GraphRAG' calling 'question' (0.12499880790710449 secs).
[2025-10-08 20:07:01,704] [INFO] ENTER: 'GraphRAG' calling 'why'; CURRENT SPEAKER: mistral-medium_mas_rag, DIALOGUE TURN NUM = 10.
[2025-10-08 20:07:01,704] [INFO] ENTER: 'GraphRAG' calling 'query_graph'; CURRENT SPEAKER: mistral-medium_mas_rag, DIALOGUE TURN NUM = 10.
[2025-10-08 20:07:02,394] [INFO] EXIT: 'GraphRAG' calling 'query_graph' (0.6897010803222656 secs).
[2025-10-08 20:07:02,394] [INFO] EXIT: 'GraphRAG' calling 'why' (0.690119743347168 secs).
[2025-10-08 20:07:02,394] [INFO] ENTER: 'GraphRAG' calling 'claim_negation'; CURRENT SPEAKER: mistral-medium_mas_rag, DIALOGUE TURN NUM = 10.
[2025-10-08 20:07:02,394] [INFO] ENTER: 'GraphRAG' calling 'query_graph'; CURRENT SPEAKER: mistral-medium_mas_rag, DIALOGUE TURN NUM = 10.
[2025-10-08 20:07:03,057] [INFO] EXIT: 'GraphRAG' calling 'query_graph' (0.6624405384063721 secs).
[2025-10-08 20:07:03,057] [INFO] EXIT: 'GraphRAG' calling 'claim_negation' (0.6628422737121582 secs).
[2025-10-08 20:07:03,057] [INFO] ENTER: 'GraphRAG' calling 'concede'; CURRENT SPEAKER: mistral-medium_mas_rag, DIALOGUE TURN NUM = 10.
[2025-10-08 20:07:03,057] [INFO] ENTER: 'GraphRAG' calling 'query_graph'; CURRENT SPEAKER: mistral-medium_mas_rag, DIALOGUE TURN NUM = 10.
[2025-10-08 20:07:03,759] [INFO] EXIT: 'GraphRAG' calling 'query_graph' (0.7016336917877197 secs).
[2025-10-08 20:07:03,759] [INFO] EXIT: 'GraphRAG' calling 'concede' (0.7021455764770508 secs).
[2025-10-08 20:07:03,759] [INFO] ENTER: 'GraphRAG' calling 'question'; CURRENT SPEAKER: mistral-medium_mas_rag, DIALOGUE TURN NUM = 10.
[2025-10-08 20:07:03,759] [INFO] ENTER: 'GraphRAG' calling 'query_graph'; CURRENT SPEAKER: mistral-medium_mas_rag, DIALOGUE TURN NUM = 10.
[2025-10-08 20:07:03,885] [INFO] EXIT: 'GraphRAG' calling 'query_graph' (0.12543177604675293 secs).
[2025-10-08 20:07:03,885] [INFO] EXIT: 'GraphRAG' calling 'question' (0.12578821182250977 secs).
[2025-10-08 20:07:03,901] [INFO] ENTER: 'GraphRAG' calling 'why'; CURRENT SPEAKER: mistral-medium_mas_rag, DIALOGUE TURN NUM = 10.
[2025-10-08 20:07:03,901] [INFO] ENTER: 'GraphRAG' calling 'query_graph'; CURRENT SPEAKER: mistral-medium_mas_rag, DIALOGUE TURN NUM = 10.
[2025-10-08 20:07:04,591] [INFO] EXIT: 'GraphRAG' calling 'query_graph' (0.6893436908721924 secs).
[2025-10-08 20:07:04,591] [INFO] EXIT: 'GraphRAG' calling 'why' (0.6897032260894775 secs).
[2025-10-08 20:07:04,591] [INFO] ENTER: 'GraphRAG' calling 'claim_negation'; CURRENT SPEAKER: mistral-medium_mas_rag, DIALOGUE TURN NUM = 10.
[2025-10-08 20:07:04,591] [INFO] ENTER: 'GraphRAG' calling 'query_graph'; CURRENT SPEAKER: mistral-medium_mas_rag, DIALOGUE TURN NUM = 10.
[2025-10-08 20:07:05,262] [INFO] EXIT: 'GraphRAG' calling 'query_graph' (0.6708650588989258 secs).
[2025-10-08 20:07:05,262] [INFO] EXIT: 'GraphRAG' calling 'claim_negation' (0.6712808609008789 secs).
[2025-10-08 20:07:05,262] [INFO] ENTER: 'GraphRAG' calling 'concede'; CURRENT SPEAKER: mistral-medium_mas_rag, DIALOGUE TURN NUM = 10.
[2025-10-08 20:07:05,262] [INFO] ENTER: 'GraphRAG' calling 'query_graph'; CURRENT SPEAKER: mistral-medium_mas_rag, DIALOGUE TURN NUM = 10.
[2025-10-08 20:07:05,950] [INFO] EXIT: 'GraphRAG' calling 'query_graph' (0.6876745223999023 secs).
[2025-10-08 20:07:05,950] [INFO] EXIT: 'GraphRAG' calling 'concede' (0.6880645751953125 secs).
[2025-10-08 20:07:05,950] [INFO] ENTER: 'GraphRAG' calling 'question'; CURRENT SPEAKER: mistral-medium_mas_rag, DIALOGUE TURN NUM = 10.
[2025-10-08 20:07:05,950] [INFO] ENTER: 'GraphRAG' calling 'query_graph'; CURRENT SPEAKER: mistral-medium_mas_rag, DIALOGUE TURN NUM = 10.
[2025-10-08 20:07:06,075] [INFO] EXIT: 'GraphRAG' calling 'query_graph' (0.12408614158630371 secs).
[2025-10-08 20:07:06,075] [INFO] EXIT: 'GraphRAG' calling 'question' (0.1244356632232666 secs).
[2025-10-08 20:07:06,091] [INFO] ENTER: 'GraphRAG' calling 'why'; CURRENT SPEAKER: mistral-medium_mas_rag, DIALOGUE TURN NUM = 10.
[2025-10-08 20:07:06,092] [INFO] ENTER: 'GraphRAG' calling 'query_graph'; CURRENT SPEAKER: mistral-medium_mas_rag, DIALOGUE TURN NUM = 10.
[2025-10-08 20:07:06,823] [INFO] EXIT: 'GraphRAG' calling 'query_graph' (0.7314250469207764 secs).
[2025-10-08 20:07:06,823] [INFO] EXIT: 'GraphRAG' calling 'why' (0.7318172454833984 secs).
[2025-10-08 20:07:06,823] [INFO] ENTER: 'GraphRAG' calling 'concede'; CURRENT SPEAKER: mistral-medium_mas_rag, DIALOGUE TURN NUM = 10.
[2025-10-08 20:07:06,823] [INFO] ENTER: 'GraphRAG' calling 'query_graph'; CURRENT SPEAKER: mistral-medium_mas_rag, DIALOGUE TURN NUM = 10.
[2025-10-08 20:07:07,510] [INFO] EXIT: 'GraphRAG' calling 'query_graph' (0.6861648559570312 secs).
[2025-10-08 20:07:07,510] [INFO] EXIT: 'GraphRAG' calling 'concede' (0.6866025924682617 secs).
[2025-10-08 20:07:07,510] [INFO] ENTER: 'GraphRAG' calling 'question'; CURRENT SPEAKER: mistral-medium_mas_rag, DIALOGUE TURN NUM = 10.
[2025-10-08 20:07:07,510] [INFO] ENTER: 'GraphRAG' calling 'query_graph'; CURRENT SPEAKER: mistral-medium_mas_rag, DIALOGUE TURN NUM = 10.
[2025-10-08 20:07:08,186] [INFO] EXIT: 'GraphRAG' calling 'query_graph' (0.6758432388305664 secs).
[2025-10-08 20:07:08,186] [INFO] EXIT: 'GraphRAG' calling 'question' (0.6762580871582031 secs).
[2025-10-08 20:07:08,202] [INFO] ENTER: 'GraphRAG' calling 'why'; CURRENT SPEAKER: mistral-medium_mas_rag, DIALOGUE TURN NUM = 10.
[2025-10-08 20:07:08,203] [INFO] ENTER: 'GraphRAG' calling 'query_graph'; CURRENT SPEAKER: mistral-medium_mas_rag, DIALOGUE TURN NUM = 10.
[2025-10-08 20:07:08,902] [INFO] EXIT: 'GraphRAG' calling 'query_graph' (0.6993587017059326 secs).
[2025-10-08 20:07:08,902] [INFO] EXIT: 'GraphRAG' calling 'why' (0.6997511386871338 secs).
[2025-10-08 20:07:08,902] [INFO] ENTER: 'GraphRAG' calling 'claim_negation'; CURRENT SPEAKER: mistral-medium_mas_rag, DIALOGUE TURN NUM = 10.
[2025-10-08 20:07:08,902] [INFO] ENTER: 'GraphRAG' calling 'query_graph'; CURRENT SPEAKER: mistral-medium_mas_rag, DIALOGUE TURN NUM = 10.
[2025-10-08 20:07:09,573] [INFO] EXIT: 'GraphRAG' calling 'query_graph' (0.671039342880249 secs).
[2025-10-08 20:07:09,574] [INFO] EXIT: 'GraphRAG' calling 'claim_negation' (0.6714792251586914 secs).
[2025-10-08 20:07:09,574] [INFO] ENTER: 'GraphRAG' calling 'concede'; CURRENT SPEAKER: mistral-medium_mas_rag, DIALOGUE TURN NUM = 10.
[2025-10-08 20:07:09,574] [INFO] ENTER: 'GraphRAG' calling 'query_graph'; CURRENT SPEAKER: mistral-medium_mas_rag, DIALOGUE TURN NUM = 10.
[2025-10-08 20:07:10,274] [INFO] EXIT: 'GraphRAG' calling 'query_graph' (0.699981689453125 secs).
[2025-10-08 20:07:10,274] [INFO] EXIT: 'GraphRAG' calling 'concede' (0.7003998756408691 secs).
[2025-10-08 20:07:10,274] [INFO] ENTER: 'GraphRAG' calling 'question'; CURRENT SPEAKER: mistral-medium_mas_rag, DIALOGUE TURN NUM = 10.
[2025-10-08 20:07:10,274] [INFO] ENTER: 'GraphRAG' calling 'query_graph'; CURRENT SPEAKER: mistral-medium_mas_rag, DIALOGUE TURN NUM = 10.
[2025-10-08 20:07:10,398] [INFO] EXIT: 'GraphRAG' calling 'query_graph' (0.12400126457214355 secs).
[2025-10-08 20:07:10,398] [INFO] EXIT: 'GraphRAG' calling 'question' (0.12436580657958984 secs).
[2025-10-08 20:07:10,414] [INFO] ENTER: 'GraphRAG' calling 'why'; CURRENT SPEAKER: mistral-medium_mas_rag, DIALOGUE TURN NUM = 10.
[2025-10-08 20:07:10,415] [INFO] ENTER: 'GraphRAG' calling 'query_graph'; CURRENT SPEAKER: mistral-medium_mas_rag, DIALOGUE TURN NUM = 10.
[2025-10-08 20:07:11,114] [INFO] EXIT: 'GraphRAG' calling 'query_graph' (0.6987118721008301 secs).
[2025-10-08 20:07:11,114] [INFO] EXIT: 'GraphRAG' calling 'why' (0.6992394924163818 secs).
[2025-10-08 20:07:11,114] [INFO] ENTER: 'GraphRAG' calling 'claim_negation'; CURRENT SPEAKER: mistral-medium_mas_rag, DIALOGUE TURN NUM = 10.
[2025-10-08 20:07:11,114] [INFO] ENTER: 'GraphRAG' calling 'query_graph'; CURRENT SPEAKER: mistral-medium_mas_rag, DIALOGUE TURN NUM = 10.
[2025-10-08 20:07:11,772] [INFO] EXIT: 'GraphRAG' calling 'query_graph' (0.6580543518066406 secs).
[2025-10-08 20:07:11,772] [INFO] EXIT: 'GraphRAG' calling 'claim_negation' (0.658466100692749 secs).
[2025-10-08 20:07:11,772] [INFO] ENTER: 'GraphRAG' calling 'concede'; CURRENT SPEAKER: mistral-medium_mas_rag, DIALOGUE TURN NUM = 10.
[2025-10-08 20:07:11,772] [INFO] ENTER: 'GraphRAG' calling 'query_graph'; CURRENT SPEAKER: mistral-medium_mas_rag, DIALOGUE TURN NUM = 10.
[2025-10-08 20:07:12,458] [INFO] EXIT: 'GraphRAG' calling 'query_graph' (0.6855480670928955 secs).
[2025-10-08 20:07:12,458] [INFO] EXIT: 'GraphRAG' calling 'concede' (0.685931921005249 secs).
[2025-10-08 20:07:12,458] [INFO] ENTER: 'GraphRAG' calling 'question'; CURRENT SPEAKER: mistral-medium_mas_rag, DIALOGUE TURN NUM = 10.
[2025-10-08 20:07:12,458] [INFO] ENTER: 'GraphRAG' calling 'query_graph'; CURRENT SPEAKER: mistral-medium_mas_rag, DIALOGUE TURN NUM = 10.
[2025-10-08 20:07:12,581] [INFO] EXIT: 'GraphRAG' calling 'query_graph' (0.12207365036010742 secs).
[2025-10-08 20:07:12,581] [INFO] EXIT: 'GraphRAG' calling 'question' (0.12241411209106445 secs).
[2025-10-08 20:07:12,581] [INFO] ENTER: 'GraphRAG' calling 'return_rag_examples'; CURRENT SPEAKER: mistral-medium_mas_rag, DIALOGUE TURN NUM = 10.
[2025-10-08 20:07:12,581] [INFO] EXIT: 'GraphRAG' calling 'return_rag_examples' (1.9073486328125e-06 secs).
[2025-10-08 20:07:12,583] [INFO] ENTER: 'DialogueMoveGenerator' calling 'generate'; CURRENT SPEAKER: mistral-medium_mas_rag, DIALOGUE TURN NUM = 10.
[2025-10-08 20:07:12,583] [INFO] ENTER: 'MASPromptGenerator' calling 'claim_negation'; CURRENT SPEAKER: mistral-medium_mas_rag, DIALOGUE TURN NUM = 10.
[2025-10-08 20:07:12,583] [INFO] EXIT: 'MASPromptGenerator' calling 'claim_negation' (6.461143493652344e-05 secs).
[2025-10-08 20:07:12,584] [INFO] ENTER: 'DialogueMoveGenerator' calling 'generate'; CURRENT SPEAKER: mistral-medium_mas_rag, DIALOGUE TURN NUM = 10.
[2025-10-08 20:07:12,584] [INFO] ENTER: 'MASPromptGenerator' calling 'concede_claim'; CURRENT SPEAKER: mistral-medium_mas_rag, DIALOGUE TURN NUM = 10.
[2025-10-08 20:07:12,584] [INFO] EXIT: 'MASPromptGenerator' calling 'concede_claim' (5.435943603515625e-05 secs).
[2025-10-08 20:07:12,584] [INFO] ENTER: 'DialogueMoveGenerator' calling 'generate'; CURRENT SPEAKER: mistral-medium_mas_rag, DIALOGUE TURN NUM = 10.
[2025-10-08 20:07:12,585] [INFO] ENTER: 'MASPromptGenerator' calling 'question_claim'; CURRENT SPEAKER: mistral-medium_mas_rag, DIALOGUE TURN NUM = 10.
[2025-10-08 20:07:12,585] [INFO] EXIT: 'MASPromptGenerator' calling 'question_claim' (6.890296936035156e-05 secs).
[2025-10-08 20:07:12,585] [INFO] ENTER: 'DialogueMoveGenerator' calling 'generate'; CURRENT SPEAKER: mistral-medium_mas_rag, DIALOGUE TURN NUM = 10.
[2025-10-08 20:07:12,586] [INFO] ENTER: 'MASPromptGenerator' calling 'why_claim'; CURRENT SPEAKER: mistral-medium_mas_rag, DIALOGUE TURN NUM = 10.
[2025-10-08 20:07:12,587] [INFO] EXIT: 'MASPromptGenerator' calling 'why_claim' (5.0067901611328125e-05 secs).
[2025-10-08 20:07:14,998] [INFO] Completion returned and validated from MODEL = 'mistral-medium'.
[2025-10-08 20:07:15,218] [INFO] Completion returned and validated from MODEL = 'mistral-medium'.
[2025-10-08 20:07:17,406] [INFO] Completion returned and validated from MODEL = 'mistral-medium'.
[2025-10-08 20:07:17,655] [INFO] Completion returned and validated from MODEL = 'mistral-medium'.
[2025-10-08 20:07:19,681] [INFO] Completion returned and validated from MODEL = 'mistral-medium'.
[2025-10-08 20:07:20,157] [INFO] Completion returned and validated from MODEL = 'mistral-medium'.
[2025-10-08 20:07:22,484] [INFO] Completion returned and validated from MODEL = 'mistral-medium'.
[2025-10-08 20:07:34,105] [INFO] Completion returned and validated from MODEL = 'mistral-medium'.
[2025-10-08 20:07:36,233] [INFO] Completion returned and validated from MODEL = 'mistral-medium'.
[2025-10-08 20:07:38,566] [INFO] Completion returned and validated from MODEL = 'mistral-medium'.
[2025-10-08 20:07:40,556] [INFO] Completion returned and validated from MODEL = 'mistral-medium'.
[2025-10-08 20:07:42,866] [INFO] Completion returned and validated from MODEL = 'mistral-medium'.
[2025-10-08 20:07:44,856] [INFO] Completion returned and validated from MODEL = 'mistral-medium'.
[2025-10-08 20:07:44,856] [INFO] EXIT: 'DialogueMoveGenerator' calling 'generate' (32.2717981338501 secs).
[2025-10-08 20:07:48,184] [INFO] Completion returned and validated from MODEL = 'mistral-medium'.
[2025-10-08 20:07:48,184] [INFO] EXIT: 'DialogueMoveGenerator' calling 'generate' (35.60099124908447 secs).
[2025-10-08 20:07:48,352] [INFO] Completion returned and validated from MODEL = 'mistral-medium'.
[2025-10-08 20:07:50,926] [INFO] Completion returned and validated from MODEL = 'mistral-medium'.
[2025-10-08 20:07:53,240] [INFO] Completion returned and validated from MODEL = 'mistral-medium'.
[2025-10-08 20:07:55,276] [INFO] Completion returned and validated from MODEL = 'mistral-medium'.
[2025-10-08 20:08:24,563] [INFO] Completion returned and validated from MODEL = 'mistral-medium'.
[2025-10-08 20:08:27,059] [INFO] Completion returned and validated from MODEL = 'mistral-medium'.
[2025-10-08 20:08:27,060] [INFO] EXIT: 'DialogueMoveGenerator' calling 'generate' (74.47329378128052 secs).
[2025-10-08 20:09:23,111] [INFO] Completion returned and validated from MODEL = 'mistral-medium'.
[2025-10-08 20:09:25,662] [INFO] Completion returned and validated from MODEL = 'mistral-medium'.
[2025-10-08 20:09:39,590] [INFO] Completion returned and validated from MODEL = 'mistral-medium'.
[2025-10-08 20:09:39,590] [INFO] EXIT: 'DialogueMoveGenerator' calling 'generate' (147.00537657737732 secs).
[2025-10-08 20:09:39,591] [INFO] ENTER: 'MASPromptGenerator' calling 'persuasiveness_choice'; CURRENT SPEAKER: mistral-medium_mas_rag, DIALOGUE TURN NUM = 10.
[2025-10-08 20:09:39,591] [INFO] EXIT: 'MASPromptGenerator' calling 'persuasiveness_choice' (0.00021719932556152344 secs).
[2025-10-08 20:10:04,337] [INFO] Completion returned and validated within 'PersuasivenessChoiceAgent'; MODEL = 'mistral-medium'; DIALOGUE TURN NUM = 10.
[2025-10-08 20:10:08,302] [INFO] Completion returned and validated within 'PersuasivenessChoiceAgent'; MODEL = 'mistral-medium'; DIALOGUE TURN NUM = 10.
[2025-10-08 20:10:53,240] [INFO] Completion returned and validated within 'PersuasivenessChoiceAgent'; MODEL = 'mistral-medium'; DIALOGUE TURN NUM = 10.
[2025-10-08 20:11:28,055] [INFO] Completion returned and validated within 'PersuasivenessChoiceAgent'; MODEL = 'mistral-medium'; DIALOGUE TURN NUM = 10.
[2025-10-08 20:11:39,014] [INFO] Completion returned and validated within 'PersuasivenessChoiceAgent'; MODEL = 'mistral-medium'; DIALOGUE TURN NUM = 10.
[2025-10-08 20:11:51,854] [INFO] Completion returned and validated within 'PersuasivenessChoiceAgent'; MODEL = 'mistral-medium'; DIALOGUE TURN NUM = 10.
[2025-10-08 20:11:51,855] [INFO] ENTER: 'DisambiguationAgent' calling '_grouping_similar_utterance_types'; CURRENT SPEAKER: mistral-medium_mas_rag, DIALOGUE TURN NUM = 10.
[2025-10-08 20:11:51,855] [INFO] EXIT: 'DisambiguationAgent' calling '_grouping_similar_utterance_types' (1.5974044799804688e-05 secs).
[2025-10-08 20:11:51,855] [INFO] ENTER: 'DisambiguationAgent' calling '_identifying_similar_sentences_and_choosing_one_to_return_to_user'; CURRENT SPEAKER: mistral-medium_mas_rag, DIALOGUE TURN NUM = 10.
[2025-10-08 20:11:55,974] [INFO] 'DisambiguationAgent' grouped similar sentences, completion returned and validated; MODEL = 'mistral-medium'.
[2025-10-08 20:12:12,118] [INFO] 'DisambiguationAgent' chose sentences to remove, completion returned and validated from MODEL = 'mistral-medium'.
[2025-10-08 20:12:13,135] [INFO] 'DisambiguationAgent' chose sentences to remove, completion returned and validated from MODEL = 'mistral-medium'.
[2025-10-08 20:12:14,153] [INFO] 'DisambiguationAgent' chose sentences to remove, completion returned and validated from MODEL = 'mistral-medium'.
[2025-10-08 20:12:14,153] [INFO] EXIT: 'DisambiguationAgent' calling '_identifying_similar_sentences_and_choosing_one_to_return_to_user' (22.29839253425598 secs).
[2025-10-08 20:12:14,153] [INFO] ENTER: 'DisambiguationAgent' calling '_identifying_similar_sentences_and_choosing_one_to_return_to_user'; CURRENT SPEAKER: mistral-medium_mas_rag, DIALOGUE TURN NUM = 10.
[2025-10-08 20:12:25,288] [INFO] 'DisambiguationAgent' grouped similar sentences, completion returned and validated; MODEL = 'mistral-medium'.
[2025-10-08 20:12:26,381] [INFO] 'DisambiguationAgent' chose sentences to remove, completion returned and validated from MODEL = 'mistral-medium'.
[2025-10-08 20:12:27,452] [INFO] 'DisambiguationAgent' chose sentences to remove, completion returned and validated from MODEL = 'mistral-medium'.
[2025-10-08 20:12:28,328] [INFO] 'DisambiguationAgent' chose sentences to remove, completion returned and validated from MODEL = 'mistral-medium'.
[2025-10-08 20:12:29,377] [INFO] 'DisambiguationAgent' chose sentences to remove, completion returned and validated from MODEL = 'mistral-medium'.
[2025-10-08 20:12:30,780] [INFO] 'DisambiguationAgent' chose sentences to remove, completion returned and validated from MODEL = 'mistral-medium'.
[2025-10-08 20:12:32,114] [INFO] 'DisambiguationAgent' chose sentences to remove, completion returned and validated from MODEL = 'mistral-medium'.
[2025-10-08 20:12:32,114] [INFO] EXIT: 'DisambiguationAgent' calling '_identifying_similar_sentences_and_choosing_one_to_return_to_user' (17.96108603477478 secs).
[2025-10-08 20:12:32,114] [INFO] ENTER: 'DisambiguationAgent' calling '_removing_repetitive_sentences'; CURRENT SPEAKER: mistral-medium_mas_rag, DIALOGUE TURN NUM = 10.
[2025-10-08 20:12:32,114] [INFO] EXIT: 'DisambiguationAgent' calling '_removing_repetitive_sentences' (2.2411346435546875e-05 secs).
[2025-10-08 20:12:32,114] [INFO] ENTER: 'DisambiguationAgent' calling '_choose_the_most_persuasive_sentences'; CURRENT SPEAKER: mistral-medium_mas_rag, DIALOGUE TURN NUM = 10.
[2025-10-08 20:12:35,806] [INFO] 'DisambiguationAgent': reached maximum allowed sentences, succussfully chose most persuasive sentences, completion returned and validated from MODEL = 'mistral-medium'.
[2025-10-08 20:12:35,806] [INFO] EXIT: 'DisambiguationAgent' calling '_choose_the_most_persuasive_sentences' (3.691365957260132 secs).
[2025-10-08 20:12:35,806] [INFO] ENTER: 'DisambiguationAgent' calling 'return_disambiguated_sentences'; CURRENT SPEAKER: mistral-medium_mas_rag, DIALOGUE TURN NUM = 10.
[2025-10-08 20:12:35,806] [INFO] EXIT: 'DisambiguationAgent' calling 'return_disambiguated_sentences' (2.384185791015625e-06 secs).
[2025-10-08 20:12:35,806] [ERROR] Wrong state used; State of type HumanState; error message: dict has unexpected extra key(s): "graph_rag_examples", "intermediate_generations", "knowledge_base_ensemble_or_model_name", "model_seed", "model_temp", "model_top_p", "number_of_graph_rag_examples", "number_of_vector_based_rag_examples", "political_position_prob_of_na", "political_position_range", "political_position_std", "speaker_model_name", "speaker_type", "vector_based_persona_string", "vector_based_persona_sys_prompt"
[2025-10-08 20:12:35,807] [INFO] Correct state used; State of type GenerationAgentsState; 'IGNORE THE ABOVE ERRORS'.
[2025-10-08 20:13:01,319] [INFO] 'commitment_update' completed '___Claim___' update for current speaker's commitments; MODEL = 'mistral-medium'.
[2025-10-08 20:13:02,050] [INFO] 'commitment_update' completed '___Claim___' update for current speaker's commitments; MODEL = 'mistral-medium'.
[2025-10-08 20:13:02,905] [INFO] 'commitment_update' completed '___Claim___' update for current speaker's commitments; MODEL = 'mistral-medium'.
[2025-10-08 20:13:02,987] [ERROR] Wrong state used; State of type HumanState; error message: dict has unexpected extra key(s): "graph_rag_examples", "intermediate_generations", "knowledge_base_ensemble_or_model_name", "model_seed", "model_temp", "model_top_p", "number_of_graph_rag_examples", "number_of_vector_based_rag_examples", "political_position_prob_of_na", "political_position_range", "political_position_std", "speaker_model_name", "speaker_type", "vector_based_persona_string", "vector_based_persona_sys_prompt"
[2025-10-08 20:13:02,988] [INFO] Correct state used; State of type GenerationAgentsState; 'IGNORE THE ABOVE ERRORS'.
[2025-10-08 20:13:02,988] [INFO] ENTER: 'UtteranceClassificationAgent' calling '_classify_sentence_utterance_types'; CURRENT SPEAKER: grok-3_mas, DIALOGUE TURN NUM = 11.
[2025-10-08 20:13:04,010] [INFO] 'UtteranceClassificationAgent' completion returned and validated from MODEL = 'ModelName.GROK_3'.
[2025-10-08 20:13:08,342] [INFO] 'UtteranceClassificationAgent' completion returned and validated from MODEL = 'ModelName.GROK_3'.
[2025-10-08 20:13:09,417] [INFO] 'UtteranceClassificationAgent' completion returned and validated from MODEL = 'ModelName.GROK_3'.
[2025-10-08 20:13:10,092] [INFO] 'UtteranceClassificationAgent' completion returned and validated from MODEL = 'ModelName.GROK_3'.
[2025-10-08 20:13:10,796] [INFO] 'UtteranceClassificationAgent' completion returned and validated from MODEL = 'ModelName.GROK_3'.
[2025-10-08 20:13:10,796] [INFO] EXIT: 'UtteranceClassificationAgent' calling '_classify_sentence_utterance_types' (7.808105230331421 secs).
[2025-10-08 20:13:10,796] [INFO] ENTER: 'UtteranceClassificationAgent' calling 'return_classified_sentences'; CURRENT SPEAKER: grok-3_mas, DIALOGUE TURN NUM = 11.
[2025-10-08 20:13:10,796] [INFO] EXIT: 'UtteranceClassificationAgent' calling 'return_classified_sentences' (2.1457672119140625e-06 secs).
[2025-10-08 20:13:10,799] [INFO] ENTER: 'DialogueMoveGenerator' calling 'generate'; CURRENT SPEAKER: grok-3_mas, DIALOGUE TURN NUM = 11.
[2025-10-08 20:13:10,799] [INFO] ENTER: 'DialogueMoveGenerator' calling 'generate'; CURRENT SPEAKER: grok-3_mas, DIALOGUE TURN NUM = 11.
[2025-10-08 20:13:10,799] [INFO] ENTER: 'MASPromptGenerator' calling 'claim'; CURRENT SPEAKER: grok-3_mas, DIALOGUE TURN NUM = 11.
[2025-10-08 20:13:10,799] [INFO] ENTER: 'DialogueMoveGenerator' calling 'generate'; CURRENT SPEAKER: grok-3_mas, DIALOGUE TURN NUM = 11.
[2025-10-08 20:13:10,799] [INFO] ENTER: 'MASPromptGenerator' calling 'claim_negation'; CURRENT SPEAKER: grok-3_mas, DIALOGUE TURN NUM = 11.
[2025-10-08 20:13:10,800] [INFO] ENTER: 'DialogueMoveGenerator' calling 'generate'; CURRENT SPEAKER: grok-3_mas, DIALOGUE TURN NUM = 11.
[2025-10-08 20:13:10,800] [INFO] ENTER: 'DialogueMoveGenerator' calling 'generate'; CURRENT SPEAKER: grok-3_mas, DIALOGUE TURN NUM = 11.
[2025-10-08 20:13:10,800] [INFO] EXIT: 'MASPromptGenerator' calling 'claim' (3.790855407714844e-05 secs).
[2025-10-08 20:13:10,800] [INFO] ENTER: 'MASPromptGenerator' calling 'concede_claim'; CURRENT SPEAKER: grok-3_mas, DIALOGUE TURN NUM = 11.
[2025-10-08 20:13:10,800] [INFO] EXIT: 'MASPromptGenerator' calling 'claim_negation' (4.3392181396484375e-05 secs).
[2025-10-08 20:13:10,801] [INFO] ENTER: 'MASPromptGenerator' calling 'question_claim'; CURRENT SPEAKER: grok-3_mas, DIALOGUE TURN NUM = 11.
[2025-10-08 20:13:10,801] [INFO] ENTER: 'DialogueMoveGenerator' calling 'generate'; CURRENT SPEAKER: grok-3_mas, DIALOGUE TURN NUM = 11.
[2025-10-08 20:13:10,801] [INFO] ENTER: 'MASPromptGenerator' calling 'retract_claim'; CURRENT SPEAKER: grok-3_mas, DIALOGUE TURN NUM = 11.
[2025-10-08 20:13:10,801] [INFO] EXIT: 'MASPromptGenerator' calling 'concede_claim' (3.1948089599609375e-05 secs).
[2025-10-08 20:13:10,803] [INFO] ENTER: 'DialogueMoveGenerator' calling 'generate'; CURRENT SPEAKER: grok-3_mas, DIALOGUE TURN NUM = 11.
[2025-10-08 20:13:10,803] [INFO] EXIT: 'MASPromptGenerator' calling 'question_claim' (3.0517578125e-05 secs).
[2025-10-08 20:13:10,804] [INFO] ENTER: 'MASPromptGenerator' calling 'since_claim'; CURRENT SPEAKER: grok-3_mas, DIALOGUE TURN NUM = 11.
[2025-10-08 20:13:10,804] [INFO] EXIT: 'MASPromptGenerator' calling 'retract_claim' (2.8371810913085938e-05 secs).
[2025-10-08 20:13:10,804] [INFO] ENTER: 'MASPromptGenerator' calling 'why_claim'; CURRENT SPEAKER: grok-3_mas, DIALOGUE TURN NUM = 11.
[2025-10-08 20:13:10,804] [INFO] EXIT: 'MASPromptGenerator' calling 'since_claim' (3.0040740966796875e-05 secs).
[2025-10-08 20:13:10,805] [INFO] EXIT: 'MASPromptGenerator' calling 'why_claim' (6.079673767089844e-05 secs).
[2025-10-08 20:13:14,062] [INFO] Completion returned and validated from MODEL = 'grok-3'.
[2025-10-08 20:13:14,679] [INFO] Completion returned and validated from MODEL = 'grok-3'.
[2025-10-08 20:13:15,222] [INFO] Completion returned and validated from MODEL = 'grok-3'.
[2025-10-08 20:13:15,301] [INFO] Completion returned and validated from MODEL = 'grok-3'.
[2025-10-08 20:13:15,381] [INFO] Completion returned and validated from MODEL = 'grok-3'.
[2025-10-08 20:13:15,444] [INFO] Completion returned and validated from MODEL = 'grok-3'.
[2025-10-08 20:13:15,834] [INFO] Completion returned and validated from MODEL = 'grok-3'.
[2025-10-08 20:13:21,953] [INFO] Completion returned and validated from MODEL = 'grok-3'.
[2025-10-08 20:13:23,752] [INFO] Completion returned and validated from MODEL = 'grok-3'.
[2025-10-08 20:13:23,834] [INFO] Completion returned and validated from MODEL = 'grok-3'.
[2025-10-08 20:13:24,003] [INFO] Completion returned and validated from MODEL = 'grok-3'.
[2025-10-08 20:13:24,003] [INFO] EXIT: 'DialogueMoveGenerator' calling 'generate' (13.202388525009155 secs).
[2025-10-08 20:13:24,164] [INFO] Completion returned and validated from MODEL = 'grok-3'.
[2025-10-08 20:13:24,320] [INFO] Completion returned and validated from MODEL = 'grok-3'.
[2025-10-08 20:13:24,320] [INFO] EXIT: 'DialogueMoveGenerator' calling 'generate' (13.520718812942505 secs).
[2025-10-08 20:13:24,795] [INFO] Completion returned and validated from MODEL = 'grok-3'.
[2025-10-08 20:13:24,795] [INFO] EXIT: 'DialogueMoveGenerator' calling 'generate' (13.991086721420288 secs).
[2025-10-08 20:13:25,255] [INFO] Completion returned and validated from MODEL = 'grok-3'.
[2025-10-08 20:13:25,255] [INFO] EXIT: 'DialogueMoveGenerator' calling 'generate' (14.454949378967285 secs).
[2025-10-08 20:13:26,679] [INFO] Completion returned and validated from MODEL = 'grok-3'.
[2025-10-08 20:13:26,679] [INFO] EXIT: 'DialogueMoveGenerator' calling 'generate' (15.874818086624146 secs).
[2025-10-08 20:13:28,021] [INFO] Completion returned and validated from MODEL = 'grok-3'.
[2025-10-08 20:13:28,021] [INFO] EXIT: 'DialogueMoveGenerator' calling 'generate' (17.221424341201782 secs).
[2025-10-08 20:13:28,097] [INFO] Completion returned and validated from MODEL = 'grok-3'.
[2025-10-08 20:13:28,097] [INFO] EXIT: 'DialogueMoveGenerator' calling 'generate' (17.296435832977295 secs).
[2025-10-08 20:13:28,098] [INFO] ENTER: 'MASPromptGenerator' calling 'persuasiveness_choice'; CURRENT SPEAKER: grok-3_mas, DIALOGUE TURN NUM = 11.
[2025-10-08 20:13:28,098] [INFO] EXIT: 'MASPromptGenerator' calling 'persuasiveness_choice' (0.00016760826110839844 secs).
[2025-10-08 20:13:31,537] [INFO] Completion returned and validated within 'PersuasivenessChoiceAgent'; MODEL = 'grok-3'; DIALOGUE TURN NUM = 11.
[2025-10-08 20:13:34,470] [INFO] Completion returned and validated within 'PersuasivenessChoiceAgent'; MODEL = 'grok-3'; DIALOGUE TURN NUM = 11.
[2025-10-08 20:13:36,974] [INFO] Completion returned and validated within 'PersuasivenessChoiceAgent'; MODEL = 'grok-3'; DIALOGUE TURN NUM = 11.
[2025-10-08 20:13:39,429] [INFO] Completion returned and validated within 'PersuasivenessChoiceAgent'; MODEL = 'grok-3'; DIALOGUE TURN NUM = 11.
[2025-10-08 20:13:41,568] [INFO] Completion returned and validated within 'PersuasivenessChoiceAgent'; MODEL = 'grok-3'; DIALOGUE TURN NUM = 11.
[2025-10-08 20:13:41,569] [INFO] ENTER: 'DisambiguationAgent' calling '_grouping_similar_utterance_types'; CURRENT SPEAKER: grok-3_mas, DIALOGUE TURN NUM = 11.
[2025-10-08 20:13:41,569] [INFO] EXIT: 'DisambiguationAgent' calling '_grouping_similar_utterance_types' (1.1682510375976562e-05 secs).
[2025-10-08 20:13:41,569] [INFO] ENTER: 'DisambiguationAgent' calling '_identifying_similar_sentences_and_choosing_one_to_return_to_user'; CURRENT SPEAKER: grok-3_mas, DIALOGUE TURN NUM = 11.
[2025-10-08 20:13:47,255] [INFO] 'DisambiguationAgent' grouped similar sentences, completion returned and validated; MODEL = 'grok-3'.
[2025-10-08 20:13:48,326] [INFO] 'DisambiguationAgent' chose sentences to remove, completion returned and validated from MODEL = 'grok-3'.
[2025-10-08 20:13:49,529] [INFO] 'DisambiguationAgent' chose sentences to remove, completion returned and validated from MODEL = 'grok-3'.
[2025-10-08 20:13:49,529] [INFO] EXIT: 'DisambiguationAgent' calling '_identifying_similar_sentences_and_choosing_one_to_return_to_user' (7.95986008644104 secs).
[2025-10-08 20:13:49,529] [INFO] ENTER: 'DisambiguationAgent' calling '_removing_repetitive_sentences'; CURRENT SPEAKER: grok-3_mas, DIALOGUE TURN NUM = 11.
[2025-10-08 20:13:49,529] [INFO] EXIT: 'DisambiguationAgent' calling '_removing_repetitive_sentences' (1.7881393432617188e-05 secs).
[2025-10-08 20:13:49,529] [INFO] ENTER: 'DisambiguationAgent' calling '_choose_the_most_persuasive_sentences'; CURRENT SPEAKER: grok-3_mas, DIALOGUE TURN NUM = 11.
[2025-10-08 20:13:52,779] [INFO] 'DisambiguationAgent': reached maximum allowed sentences, succussfully chose most persuasive sentences, completion returned and validated from MODEL = 'grok-3'.
[2025-10-08 20:13:52,779] [INFO] EXIT: 'DisambiguationAgent' calling '_choose_the_most_persuasive_sentences' (3.2496066093444824 secs).
[2025-10-08 20:13:52,779] [INFO] ENTER: 'DisambiguationAgent' calling 'return_disambiguated_sentences'; CURRENT SPEAKER: grok-3_mas, DIALOGUE TURN NUM = 11.
[2025-10-08 20:13:52,779] [INFO] EXIT: 'DisambiguationAgent' calling 'return_disambiguated_sentences' (2.6226043701171875e-06 secs).
[2025-10-08 20:13:52,779] [ERROR] Wrong state used; State of type HumanState; error message: dict has unexpected extra key(s): "graph_rag_examples", "intermediate_generations", "knowledge_base_ensemble_or_model_name", "model_seed", "model_temp", "model_top_p", "number_of_graph_rag_examples", "number_of_vector_based_rag_examples", "political_position_prob_of_na", "political_position_range", "political_position_std", "speaker_model_name", "speaker_type", "vector_based_persona_string", "vector_based_persona_sys_prompt"
[2025-10-08 20:13:52,780] [INFO] Correct state used; State of type GenerationAgentsState; 'IGNORE THE ABOVE ERRORS'.
[2025-10-08 20:13:53,449] [INFO] 'commitment_update' completed '___Claim___' update for current speaker's commitments; MODEL = 'grok-3'.
[2025-10-08 20:13:54,073] [INFO] 'commitment_update' completed '___Since___' update; MODEL = 'grok-3'.
[2025-10-08 20:13:54,841] [INFO] 'commitment_update' completed '___Claim___' update for current speaker's commitments; MODEL = 'grok-3'.
[2025-10-08 20:13:55,644] [INFO] 'commitment_update' completed '___Claim___' update for current speaker's commitments; MODEL = 'grok-3'.
[2025-10-08 20:13:56,271] [INFO] 'commitment_update' completed '___Since___' update; MODEL = 'grok-3'.
[2025-10-08 20:13:56,931] [INFO] 'commitment_update' completed '___Since___' update; MODEL = 'grok-3'.
[2025-10-08 20:13:56,996] [ERROR] Wrong state used; State of type HumanState; error message: dict has unexpected extra key(s): "graph_rag_examples", "intermediate_generations", "knowledge_base_ensemble_or_model_name", "model_seed", "model_temp", "model_top_p", "number_of_graph_rag_examples", "number_of_vector_based_rag_examples", "political_position_prob_of_na", "political_position_range", "political_position_std", "speaker_model_name", "speaker_type", "vector_based_persona_string", "vector_based_persona_sys_prompt"
[2025-10-08 20:13:56,997] [INFO] Correct state used; State of type GenerationAgentsState; 'IGNORE THE ABOVE ERRORS'.
[2025-10-08 20:13:56,997] [INFO] ENTER: 'UtteranceClassificationAgent' calling '_classify_sentence_utterance_types'; CURRENT SPEAKER: mistral-medium_mas_rag, DIALOGUE TURN NUM = 12.
[2025-10-08 20:14:10,832] [INFO] 'UtteranceClassificationAgent' completion returned and validated from MODEL = 'ModelName.MISTRAL_MEDIUM'.
[2025-10-08 20:14:11,660] [INFO] 'UtteranceClassificationAgent' completion returned and validated from MODEL = 'ModelName.MISTRAL_MEDIUM'.
[2025-10-08 20:14:12,227] [INFO] 'UtteranceClassificationAgent' completion returned and validated from MODEL = 'ModelName.MISTRAL_MEDIUM'.
[2025-10-08 20:14:12,690] [INFO] 'UtteranceClassificationAgent' completion returned and validated from MODEL = 'ModelName.MISTRAL_MEDIUM'.
[2025-10-08 20:14:13,228] [INFO] 'UtteranceClassificationAgent' completion returned and validated from MODEL = 'ModelName.MISTRAL_MEDIUM'.
[2025-10-08 20:14:13,656] [INFO] 'UtteranceClassificationAgent' completion returned and validated from MODEL = 'ModelName.MISTRAL_MEDIUM'.
[2025-10-08 20:14:13,656] [INFO] EXIT: 'UtteranceClassificationAgent' calling '_classify_sentence_utterance_types' (16.659271001815796 secs).
[2025-10-08 20:14:13,656] [INFO] ENTER: 'UtteranceClassificationAgent' calling 'return_classified_sentences'; CURRENT SPEAKER: mistral-medium_mas_rag, DIALOGUE TURN NUM = 12.
[2025-10-08 20:14:13,657] [INFO] EXIT: 'UtteranceClassificationAgent' calling 'return_classified_sentences' (2.384185791015625e-06 secs).
[2025-10-08 20:14:13,676] [INFO] ENTER: 'GraphRAG' calling 'why'; CURRENT SPEAKER: mistral-medium_mas_rag, DIALOGUE TURN NUM = 12.
[2025-10-08 20:14:13,676] [INFO] ENTER: 'GraphRAG' calling 'query_graph'; CURRENT SPEAKER: mistral-medium_mas_rag, DIALOGUE TURN NUM = 12.
[2025-10-08 20:14:14,368] [INFO] EXIT: 'GraphRAG' calling 'query_graph' (0.6923160552978516 secs).
[2025-10-08 20:14:14,369] [INFO] EXIT: 'GraphRAG' calling 'why' (0.6927266120910645 secs).
[2025-10-08 20:14:14,369] [INFO] ENTER: 'GraphRAG' calling 'claim_negation'; CURRENT SPEAKER: mistral-medium_mas_rag, DIALOGUE TURN NUM = 12.
[2025-10-08 20:14:14,369] [INFO] ENTER: 'GraphRAG' calling 'query_graph'; CURRENT SPEAKER: mistral-medium_mas_rag, DIALOGUE TURN NUM = 12.
[2025-10-08 20:14:15,028] [INFO] EXIT: 'GraphRAG' calling 'query_graph' (0.6589953899383545 secs).
[2025-10-08 20:14:15,028] [INFO] EXIT: 'GraphRAG' calling 'claim_negation' (0.6594893932342529 secs).
[2025-10-08 20:14:15,028] [INFO] ENTER: 'GraphRAG' calling 'concede'; CURRENT SPEAKER: mistral-medium_mas_rag, DIALOGUE TURN NUM = 12.
[2025-10-08 20:14:15,028] [INFO] ENTER: 'GraphRAG' calling 'query_graph'; CURRENT SPEAKER: mistral-medium_mas_rag, DIALOGUE TURN NUM = 12.
[2025-10-08 20:14:15,719] [INFO] EXIT: 'GraphRAG' calling 'query_graph' (0.6906909942626953 secs).
[2025-10-08 20:14:15,719] [INFO] EXIT: 'GraphRAG' calling 'concede' (0.6911003589630127 secs).
[2025-10-08 20:14:15,719] [INFO] ENTER: 'GraphRAG' calling 'question'; CURRENT SPEAKER: mistral-medium_mas_rag, DIALOGUE TURN NUM = 12.
[2025-10-08 20:14:15,720] [INFO] ENTER: 'GraphRAG' calling 'query_graph'; CURRENT SPEAKER: mistral-medium_mas_rag, DIALOGUE TURN NUM = 12.
[2025-10-08 20:14:15,844] [INFO] EXIT: 'GraphRAG' calling 'query_graph' (0.12403702735900879 secs).
[2025-10-08 20:14:15,844] [INFO] EXIT: 'GraphRAG' calling 'question' (0.1245121955871582 secs).
[2025-10-08 20:14:15,860] [INFO] ENTER: 'GraphRAG' calling 'why'; CURRENT SPEAKER: mistral-medium_mas_rag, DIALOGUE TURN NUM = 12.
[2025-10-08 20:14:15,860] [INFO] ENTER: 'GraphRAG' calling 'query_graph'; CURRENT SPEAKER: mistral-medium_mas_rag, DIALOGUE TURN NUM = 12.
[2025-10-08 20:14:16,594] [INFO] EXIT: 'GraphRAG' calling 'query_graph' (0.7336299419403076 secs).
[2025-10-08 20:14:16,594] [INFO] EXIT: 'GraphRAG' calling 'why' (0.7340381145477295 secs).
[2025-10-08 20:14:16,594] [INFO] ENTER: 'GraphRAG' calling 'concede'; CURRENT SPEAKER: mistral-medium_mas_rag, DIALOGUE TURN NUM = 12.
[2025-10-08 20:14:16,595] [INFO] ENTER: 'GraphRAG' calling 'query_graph'; CURRENT SPEAKER: mistral-medium_mas_rag, DIALOGUE TURN NUM = 12.
[2025-10-08 20:14:17,287] [INFO] EXIT: 'GraphRAG' calling 'query_graph' (0.6925890445709229 secs).
[2025-10-08 20:14:17,287] [INFO] EXIT: 'GraphRAG' calling 'concede' (0.6929850578308105 secs).
[2025-10-08 20:14:17,287] [INFO] ENTER: 'GraphRAG' calling 'question'; CURRENT SPEAKER: mistral-medium_mas_rag, DIALOGUE TURN NUM = 12.
[2025-10-08 20:14:17,288] [INFO] ENTER: 'GraphRAG' calling 'query_graph'; CURRENT SPEAKER: mistral-medium_mas_rag, DIALOGUE TURN NUM = 12.
[2025-10-08 20:14:17,958] [INFO] EXIT: 'GraphRAG' calling 'query_graph' (0.6701843738555908 secs).
[2025-10-08 20:14:17,958] [INFO] EXIT: 'GraphRAG' calling 'question' (0.670619010925293 secs).
[2025-10-08 20:14:17,975] [INFO] ENTER: 'GraphRAG' calling 'why'; CURRENT SPEAKER: mistral-medium_mas_rag, DIALOGUE TURN NUM = 12.
[2025-10-08 20:14:17,975] [INFO] ENTER: 'GraphRAG' calling 'query_graph'; CURRENT SPEAKER: mistral-medium_mas_rag, DIALOGUE TURN NUM = 12.
[2025-10-08 20:14:18,665] [INFO] EXIT: 'GraphRAG' calling 'query_graph' (0.6904921531677246 secs).
[2025-10-08 20:14:18,666] [INFO] EXIT: 'GraphRAG' calling 'why' (0.6909101009368896 secs).
[2025-10-08 20:14:18,666] [INFO] ENTER: 'GraphRAG' calling 'claim_negation'; CURRENT SPEAKER: mistral-medium_mas_rag, DIALOGUE TURN NUM = 12.
[2025-10-08 20:14:18,666] [INFO] ENTER: 'GraphRAG' calling 'query_graph'; CURRENT SPEAKER: mistral-medium_mas_rag, DIALOGUE TURN NUM = 12.
[2025-10-08 20:14:19,314] [INFO] EXIT: 'GraphRAG' calling 'query_graph' (0.6481573581695557 secs).
[2025-10-08 20:14:19,314] [INFO] EXIT: 'GraphRAG' calling 'claim_negation' (0.6485791206359863 secs).
[2025-10-08 20:14:19,314] [INFO] ENTER: 'GraphRAG' calling 'concede'; CURRENT SPEAKER: mistral-medium_mas_rag, DIALOGUE TURN NUM = 12.
[2025-10-08 20:14:19,315] [INFO] ENTER: 'GraphRAG' calling 'query_graph'; CURRENT SPEAKER: mistral-medium_mas_rag, DIALOGUE TURN NUM = 12.
[2025-10-08 20:14:20,003] [INFO] EXIT: 'GraphRAG' calling 'query_graph' (0.6885242462158203 secs).
[2025-10-08 20:14:20,003] [INFO] EXIT: 'GraphRAG' calling 'concede' (0.6889781951904297 secs).
[2025-10-08 20:14:20,003] [INFO] ENTER: 'GraphRAG' calling 'question'; CURRENT SPEAKER: mistral-medium_mas_rag, DIALOGUE TURN NUM = 12.
[2025-10-08 20:14:20,004] [INFO] ENTER: 'GraphRAG' calling 'query_graph'; CURRENT SPEAKER: mistral-medium_mas_rag, DIALOGUE TURN NUM = 12.
[2025-10-08 20:14:20,127] [INFO] EXIT: 'GraphRAG' calling 'query_graph' (0.12386012077331543 secs).
[2025-10-08 20:14:20,128] [INFO] EXIT: 'GraphRAG' calling 'question' (0.12431097030639648 secs).
[2025-10-08 20:14:20,144] [INFO] ENTER: 'GraphRAG' calling 'why'; CURRENT SPEAKER: mistral-medium_mas_rag, DIALOGUE TURN NUM = 12.
[2025-10-08 20:14:20,144] [INFO] ENTER: 'GraphRAG' calling 'query_graph'; CURRENT SPEAKER: mistral-medium_mas_rag, DIALOGUE TURN NUM = 12.
[2025-10-08 20:14:20,882] [INFO] EXIT: 'GraphRAG' calling 'query_graph' (0.7379508018493652 secs).
[2025-10-08 20:14:20,882] [INFO] EXIT: 'GraphRAG' calling 'why' (0.7383487224578857 secs).
[2025-10-08 20:14:20,883] [INFO] ENTER: 'GraphRAG' calling 'concede'; CURRENT SPEAKER: mistral-medium_mas_rag, DIALOGUE TURN NUM = 12.
[2025-10-08 20:14:20,883] [INFO] ENTER: 'GraphRAG' calling 'query_graph'; CURRENT SPEAKER: mistral-medium_mas_rag, DIALOGUE TURN NUM = 12.
[2025-10-08 20:14:21,582] [INFO] EXIT: 'GraphRAG' calling 'query_graph' (0.6988809108734131 secs).
[2025-10-08 20:14:21,582] [INFO] EXIT: 'GraphRAG' calling 'concede' (0.6993203163146973 secs).
[2025-10-08 20:14:21,582] [INFO] ENTER: 'GraphRAG' calling 'question'; CURRENT SPEAKER: mistral-medium_mas_rag, DIALOGUE TURN NUM = 12.
[2025-10-08 20:14:21,582] [INFO] ENTER: 'GraphRAG' calling 'query_graph'; CURRENT SPEAKER: mistral-medium_mas_rag, DIALOGUE TURN NUM = 12.
[2025-10-08 20:14:22,252] [INFO] EXIT: 'GraphRAG' calling 'query_graph' (0.6697380542755127 secs).
[2025-10-08 20:14:22,252] [INFO] EXIT: 'GraphRAG' calling 'question' (0.6701369285583496 secs).
[2025-10-08 20:14:22,268] [INFO] ENTER: 'GraphRAG' calling 'why'; CURRENT SPEAKER: mistral-medium_mas_rag, DIALOGUE TURN NUM = 12.
[2025-10-08 20:14:22,268] [INFO] ENTER: 'GraphRAG' calling 'query_graph'; CURRENT SPEAKER: mistral-medium_mas_rag, DIALOGUE TURN NUM = 12.
[2025-10-08 20:14:22,961] [INFO] EXIT: 'GraphRAG' calling 'query_graph' (0.6920673847198486 secs).
[2025-10-08 20:14:22,961] [INFO] EXIT: 'GraphRAG' calling 'why' (0.6924631595611572 secs).
[2025-10-08 20:14:22,961] [INFO] ENTER: 'GraphRAG' calling 'claim_negation'; CURRENT SPEAKER: mistral-medium_mas_rag, DIALOGUE TURN NUM = 12.
[2025-10-08 20:14:22,961] [INFO] ENTER: 'GraphRAG' calling 'query_graph'; CURRENT SPEAKER: mistral-medium_mas_rag, DIALOGUE TURN NUM = 12.
[2025-10-08 20:14:23,616] [INFO] EXIT: 'GraphRAG' calling 'query_graph' (0.6544699668884277 secs).
[2025-10-08 20:14:23,616] [INFO] EXIT: 'GraphRAG' calling 'claim_negation' (0.6549503803253174 secs).
[2025-10-08 20:14:23,616] [INFO] ENTER: 'GraphRAG' calling 'concede'; CURRENT SPEAKER: mistral-medium_mas_rag, DIALOGUE TURN NUM = 12.
[2025-10-08 20:14:23,616] [INFO] ENTER: 'GraphRAG' calling 'query_graph'; CURRENT SPEAKER: mistral-medium_mas_rag, DIALOGUE TURN NUM = 12.
[2025-10-08 20:14:24,315] [INFO] EXIT: 'GraphRAG' calling 'query_graph' (0.6988425254821777 secs).
[2025-10-08 20:14:24,315] [INFO] EXIT: 'GraphRAG' calling 'concede' (0.69925856590271 secs).
[2025-10-08 20:14:24,315] [INFO] ENTER: 'GraphRAG' calling 'question'; CURRENT SPEAKER: mistral-medium_mas_rag, DIALOGUE TURN NUM = 12.
[2025-10-08 20:14:24,315] [INFO] ENTER: 'GraphRAG' calling 'query_graph'; CURRENT SPEAKER: mistral-medium_mas_rag, DIALOGUE TURN NUM = 12.
[2025-10-08 20:14:24,441] [INFO] EXIT: 'GraphRAG' calling 'query_graph' (0.1257305145263672 secs).
[2025-10-08 20:14:24,441] [INFO] EXIT: 'GraphRAG' calling 'question' (0.12612175941467285 secs).
[2025-10-08 20:14:24,457] [INFO] ENTER: 'GraphRAG' calling 'why'; CURRENT SPEAKER: mistral-medium_mas_rag, DIALOGUE TURN NUM = 12.
[2025-10-08 20:14:24,457] [INFO] ENTER: 'GraphRAG' calling 'query_graph'; CURRENT SPEAKER: mistral-medium_mas_rag, DIALOGUE TURN NUM = 12.
[2025-10-08 20:14:25,182] [INFO] EXIT: 'GraphRAG' calling 'query_graph' (0.7241673469543457 secs).
[2025-10-08 20:14:25,182] [INFO] EXIT: 'GraphRAG' calling 'why' (0.7245938777923584 secs).
[2025-10-08 20:14:25,182] [INFO] ENTER: 'GraphRAG' calling 'concede'; CURRENT SPEAKER: mistral-medium_mas_rag, DIALOGUE TURN NUM = 12.
[2025-10-08 20:14:25,182] [INFO] ENTER: 'GraphRAG' calling 'query_graph'; CURRENT SPEAKER: mistral-medium_mas_rag, DIALOGUE TURN NUM = 12.
[2025-10-08 20:14:25,853] [INFO] EXIT: 'GraphRAG' calling 'query_graph' (0.6708459854125977 secs).
[2025-10-08 20:14:25,853] [INFO] EXIT: 'GraphRAG' calling 'concede' (0.6712386608123779 secs).
[2025-10-08 20:14:25,853] [INFO] ENTER: 'GraphRAG' calling 'question'; CURRENT SPEAKER: mistral-medium_mas_rag, DIALOGUE TURN NUM = 12.
[2025-10-08 20:14:25,853] [INFO] ENTER: 'GraphRAG' calling 'query_graph'; CURRENT SPEAKER: mistral-medium_mas_rag, DIALOGUE TURN NUM = 12.
[2025-10-08 20:14:26,520] [INFO] EXIT: 'GraphRAG' calling 'query_graph' (0.6665329933166504 secs).
[2025-10-08 20:14:26,520] [INFO] EXIT: 'GraphRAG' calling 'question' (0.6669433116912842 secs).
[2025-10-08 20:14:26,520] [INFO] ENTER: 'GraphRAG' calling 'return_rag_examples'; CURRENT SPEAKER: mistral-medium_mas_rag, DIALOGUE TURN NUM = 12.
[2025-10-08 20:14:26,520] [INFO] EXIT: 'GraphRAG' calling 'return_rag_examples' (2.1457672119140625e-06 secs).
[2025-10-08 20:14:26,523] [INFO] ENTER: 'DialogueMoveGenerator' calling 'generate'; CURRENT SPEAKER: mistral-medium_mas_rag, DIALOGUE TURN NUM = 12.
[2025-10-08 20:14:26,523] [INFO] ENTER: 'MASPromptGenerator' calling 'claim_negation'; CURRENT SPEAKER: mistral-medium_mas_rag, DIALOGUE TURN NUM = 12.
[2025-10-08 20:14:26,523] [INFO] EXIT: 'MASPromptGenerator' calling 'claim_negation' (4.839897155761719e-05 secs).
[2025-10-08 20:14:26,523] [INFO] ENTER: 'DialogueMoveGenerator' calling 'generate'; CURRENT SPEAKER: mistral-medium_mas_rag, DIALOGUE TURN NUM = 12.
[2025-10-08 20:14:26,524] [INFO] ENTER: 'MASPromptGenerator' calling 'concede_claim'; CURRENT SPEAKER: mistral-medium_mas_rag, DIALOGUE TURN NUM = 12.
[2025-10-08 20:14:26,524] [INFO] EXIT: 'MASPromptGenerator' calling 'concede_claim' (6.556510925292969e-05 secs).
[2025-10-08 20:14:26,524] [INFO] ENTER: 'DialogueMoveGenerator' calling 'generate'; CURRENT SPEAKER: mistral-medium_mas_rag, DIALOGUE TURN NUM = 12.
[2025-10-08 20:14:26,525] [INFO] ENTER: 'DialogueMoveGenerator' calling 'generate'; CURRENT SPEAKER: mistral-medium_mas_rag, DIALOGUE TURN NUM = 12.
[2025-10-08 20:14:26,525] [INFO] ENTER: 'MASPromptGenerator' calling 'question_claim'; CURRENT SPEAKER: mistral-medium_mas_rag, DIALOGUE TURN NUM = 12.
[2025-10-08 20:14:26,526] [INFO] ENTER: 'MASPromptGenerator' calling 'why_claim'; CURRENT SPEAKER: mistral-medium_mas_rag, DIALOGUE TURN NUM = 12.
[2025-10-08 20:14:26,526] [INFO] EXIT: 'MASPromptGenerator' calling 'question_claim' (5.841255187988281e-05 secs).
[2025-10-08 20:14:26,527] [INFO] EXIT: 'MASPromptGenerator' calling 'why_claim' (5.9604644775390625e-05 secs).
[2025-10-08 20:14:28,715] [INFO] Completion returned and validated from MODEL = 'mistral-medium'.
[2025-10-08 20:14:29,185] [INFO] Completion returned and validated from MODEL = 'mistral-medium'.
[2025-10-08 20:14:31,184] [INFO] Completion returned and validated from MODEL = 'mistral-medium'.
[2025-10-08 20:14:31,627] [INFO] Completion returned and validated from MODEL = 'mistral-medium'.
[2025-10-08 20:14:40,300] [INFO] Completion returned and validated from MODEL = 'mistral-medium'.
[2025-10-08 20:14:40,524] [INFO] Completion returned and validated from MODEL = 'mistral-medium'.
[2025-10-08 20:14:42,869] [INFO] Completion returned and validated from MODEL = 'mistral-medium'.
[2025-10-08 20:14:42,966] [INFO] Completion returned and validated from MODEL = 'mistral-medium'.
[2025-10-08 20:14:44,702] [INFO] Completion returned and validated from MODEL = 'mistral-medium'.
[2025-10-08 20:14:45,707] [INFO] Completion returned and validated from MODEL = 'mistral-medium'.
[2025-10-08 20:14:56,512] [INFO] Completion returned and validated from MODEL = 'mistral-medium'.
[2025-10-08 20:14:56,553] [INFO] Completion returned and validated from MODEL = 'mistral-medium'.
[2025-10-08 20:14:58,740] [INFO] Completion returned and validated from MODEL = 'mistral-medium'.
[2025-10-08 20:14:58,823] [INFO] Completion returned and validated from MODEL = 'mistral-medium'.
[2025-10-08 20:14:58,823] [INFO] EXIT: 'DialogueMoveGenerator' calling 'generate' (32.30007481575012 secs).
[2025-10-08 20:14:58,880] [INFO] Completion returned and validated from MODEL = 'mistral-medium'.
[2025-10-08 20:14:58,993] [INFO] Completion returned and validated from MODEL = 'mistral-medium'.
[2025-10-08 20:15:01,248] [INFO] Completion returned and validated from MODEL = 'mistral-medium'.
[2025-10-08 20:15:01,248] [INFO] EXIT: 'DialogueMoveGenerator' calling 'generate' (34.72497534751892 secs).
[2025-10-08 20:15:01,707] [INFO] Completion returned and validated from MODEL = 'mistral-medium'.
[2025-10-08 20:15:01,731] [INFO] Completion returned and validated from MODEL = 'mistral-medium'.
[2025-10-08 20:15:01,733] [INFO] EXIT: 'DialogueMoveGenerator' calling 'generate' (35.20737552642822 secs).
[2025-10-08 20:15:03,947] [INFO] Completion returned and validated from MODEL = 'mistral-medium'.
[2025-10-08 20:15:13,474] [INFO] Completion returned and validated from MODEL = 'mistral-medium'.
[2025-10-08 20:15:13,474] [INFO] EXIT: 'DialogueMoveGenerator' calling 'generate' (46.94897818565369 secs).
[2025-10-08 20:15:13,475] [INFO] ENTER: 'MASPromptGenerator' calling 'persuasiveness_choice'; CURRENT SPEAKER: mistral-medium_mas_rag, DIALOGUE TURN NUM = 12.
[2025-10-08 20:15:13,475] [INFO] EXIT: 'MASPromptGenerator' calling 'persuasiveness_choice' (0.0001678466796875 secs).
[2025-10-08 20:15:16,864] [INFO] Completion returned and validated within 'PersuasivenessChoiceAgent'; MODEL = 'mistral-medium'; DIALOGUE TURN NUM = 12.
[2025-10-08 20:15:33,590] [INFO] Completion returned and validated within 'PersuasivenessChoiceAgent'; MODEL = 'mistral-medium'; DIALOGUE TURN NUM = 12.
[2025-10-08 20:15:36,823] [INFO] Completion returned and validated within 'PersuasivenessChoiceAgent'; MODEL = 'mistral-medium'; DIALOGUE TURN NUM = 12.
[2025-10-08 20:15:39,742] [INFO] Completion returned and validated within 'PersuasivenessChoiceAgent'; MODEL = 'mistral-medium'; DIALOGUE TURN NUM = 12.
[2025-10-08 20:15:43,204] [INFO] Completion returned and validated within 'PersuasivenessChoiceAgent'; MODEL = 'mistral-medium'; DIALOGUE TURN NUM = 12.
[2025-10-08 20:15:50,446] [INFO] Completion returned and validated within 'PersuasivenessChoiceAgent'; MODEL = 'mistral-medium'; DIALOGUE TURN NUM = 12.
[2025-10-08 20:15:50,446] [INFO] ENTER: 'DisambiguationAgent' calling '_grouping_similar_utterance_types'; CURRENT SPEAKER: mistral-medium_mas_rag, DIALOGUE TURN NUM = 12.
[2025-10-08 20:15:50,446] [INFO] EXIT: 'DisambiguationAgent' calling '_grouping_similar_utterance_types' (1.3113021850585938e-05 secs).
[2025-10-08 20:15:50,446] [INFO] ENTER: 'DisambiguationAgent' calling '_identifying_similar_sentences_and_choosing_one_to_return_to_user'; CURRENT SPEAKER: mistral-medium_mas_rag, DIALOGUE TURN NUM = 12.
[2025-10-08 20:15:53,278] [INFO] 'DisambiguationAgent' grouped similar sentences, completion returned and validated; MODEL = 'mistral-medium'.
[2025-10-08 20:15:54,282] [INFO] 'DisambiguationAgent' chose sentences to remove, completion returned and validated from MODEL = 'mistral-medium'.
[2025-10-08 20:15:55,395] [INFO] 'DisambiguationAgent' chose sentences to remove, completion returned and validated from MODEL = 'mistral-medium'.
[2025-10-08 20:15:55,395] [INFO] EXIT: 'DisambiguationAgent' calling '_identifying_similar_sentences_and_choosing_one_to_return_to_user' (4.94854998588562 secs).
[2025-10-08 20:15:55,395] [INFO] ENTER: 'DisambiguationAgent' calling '_identifying_similar_sentences_and_choosing_one_to_return_to_user'; CURRENT SPEAKER: mistral-medium_mas_rag, DIALOGUE TURN NUM = 12.
[2025-10-08 20:16:03,720] [INFO] 'DisambiguationAgent' grouped similar sentences, completion returned and validated; MODEL = 'mistral-medium'.
[2025-10-08 20:16:04,774] [INFO] 'DisambiguationAgent' chose sentences to remove, completion returned and validated from MODEL = 'mistral-medium'.
[2025-10-08 20:16:05,765] [INFO] 'DisambiguationAgent' chose sentences to remove, completion returned and validated from MODEL = 'mistral-medium'.
[2025-10-08 20:16:06,581] [INFO] 'DisambiguationAgent' chose sentences to remove, completion returned and validated from MODEL = 'mistral-medium'.
[2025-10-08 20:16:07,663] [INFO] 'DisambiguationAgent' chose sentences to remove, completion returned and validated from MODEL = 'mistral-medium'.
[2025-10-08 20:16:08,669] [INFO] 'DisambiguationAgent' chose sentences to remove, completion returned and validated from MODEL = 'mistral-medium'.
[2025-10-08 20:16:09,500] [INFO] 'DisambiguationAgent' chose sentences to remove, completion returned and validated from MODEL = 'mistral-medium'.
[2025-10-08 20:16:09,500] [INFO] EXIT: 'DisambiguationAgent' calling '_identifying_similar_sentences_and_choosing_one_to_return_to_user' (14.10475754737854 secs).
[2025-10-08 20:16:09,500] [INFO] ENTER: 'DisambiguationAgent' calling '_removing_repetitive_sentences'; CURRENT SPEAKER: mistral-medium_mas_rag, DIALOGUE TURN NUM = 12.
[2025-10-08 20:16:09,500] [INFO] EXIT: 'DisambiguationAgent' calling '_removing_repetitive_sentences' (1.9550323486328125e-05 secs).
[2025-10-08 20:16:09,500] [INFO] ENTER: 'DisambiguationAgent' calling '_choose_the_most_persuasive_sentences'; CURRENT SPEAKER: mistral-medium_mas_rag, DIALOGUE TURN NUM = 12.
[2025-10-08 20:16:25,984] [INFO] 'DisambiguationAgent': reached maximum allowed sentences, succussfully chose most persuasive sentences, completion returned and validated from MODEL = 'mistral-medium'.
[2025-10-08 20:16:25,984] [INFO] EXIT: 'DisambiguationAgent' calling '_choose_the_most_persuasive_sentences' (16.483914136886597 secs).
[2025-10-08 20:16:25,984] [INFO] ENTER: 'DisambiguationAgent' calling 'return_disambiguated_sentences'; CURRENT SPEAKER: mistral-medium_mas_rag, DIALOGUE TURN NUM = 12.
[2025-10-08 20:16:25,984] [INFO] EXIT: 'DisambiguationAgent' calling 'return_disambiguated_sentences' (2.6226043701171875e-06 secs).
[2025-10-08 20:16:25,985] [ERROR] Wrong state used; State of type HumanState; error message: dict has unexpected extra key(s): "graph_rag_examples", "intermediate_generations", "knowledge_base_ensemble_or_model_name", "model_seed", "model_temp", "model_top_p", "number_of_graph_rag_examples", "number_of_vector_based_rag_examples", "political_position_prob_of_na", "political_position_range", "political_position_std", "speaker_model_name", "speaker_type", "vector_based_persona_string", "vector_based_persona_sys_prompt"
[2025-10-08 20:16:25,985] [INFO] Correct state used; State of type GenerationAgentsState; 'IGNORE THE ABOVE ERRORS'.
[2025-10-08 20:16:26,498] [INFO] 'commitment_update' completed '___Claim___' update for current speaker's commitments; MODEL = 'mistral-medium'.
[2025-10-08 20:16:27,030] [INFO] 'commitment_update' completed '___Claim___' update for current speaker's commitments; MODEL = 'mistral-medium'.
[2025-10-08 20:16:27,447] [INFO] 'commitment_update' completed '___Claim___' update for current speaker's commitments; MODEL = 'mistral-medium'.
[2025-10-08 20:16:27,530] [ERROR] Wrong state used; State of type HumanState; error message: dict has unexpected extra key(s): "graph_rag_examples", "intermediate_generations", "knowledge_base_ensemble_or_model_name", "model_seed", "model_temp", "model_top_p", "number_of_graph_rag_examples", "number_of_vector_based_rag_examples", "political_position_prob_of_na", "political_position_range", "political_position_std", "speaker_model_name", "speaker_type", "vector_based_persona_string", "vector_based_persona_sys_prompt"
[2025-10-08 20:16:27,531] [INFO] Correct state used; State of type GenerationAgentsState; 'IGNORE THE ABOVE ERRORS'.
[2025-10-08 20:16:27,531] [INFO] ENTER: 'UtteranceClassificationAgent' calling '_classify_sentence_utterance_types'; CURRENT SPEAKER: grok-3_mas, DIALOGUE TURN NUM = 13.
[2025-10-08 20:16:28,400] [INFO] 'UtteranceClassificationAgent' completion returned and validated from MODEL = 'ModelName.GROK_3'.
[2025-10-08 20:16:29,481] [INFO] 'UtteranceClassificationAgent' completion returned and validated from MODEL = 'ModelName.GROK_3'.
[2025-10-08 20:16:30,805] [INFO] 'UtteranceClassificationAgent' completion returned and validated from MODEL = 'ModelName.GROK_3'.
[2025-10-08 20:16:31,593] [INFO] 'UtteranceClassificationAgent' completion returned and validated from MODEL = 'ModelName.GROK_3'.
[2025-10-08 20:16:32,802] [INFO] 'UtteranceClassificationAgent' completion returned and validated from MODEL = 'ModelName.GROK_3'.
[2025-10-08 20:16:32,802] [INFO] EXIT: 'UtteranceClassificationAgent' calling '_classify_sentence_utterance_types' (5.270385265350342 secs).
[2025-10-08 20:16:32,802] [INFO] ENTER: 'UtteranceClassificationAgent' calling 'return_classified_sentences'; CURRENT SPEAKER: grok-3_mas, DIALOGUE TURN NUM = 13.
[2025-10-08 20:16:32,802] [INFO] EXIT: 'UtteranceClassificationAgent' calling 'return_classified_sentences' (2.6226043701171875e-06 secs).
[2025-10-08 20:16:32,804] [INFO] ENTER: 'DialogueMoveGenerator' calling 'generate'; CURRENT SPEAKER: grok-3_mas, DIALOGUE TURN NUM = 13.
[2025-10-08 20:16:32,804] [INFO] ENTER: 'MASPromptGenerator' calling 'claim'; CURRENT SPEAKER: grok-3_mas, DIALOGUE TURN NUM = 13.
[2025-10-08 20:16:32,804] [INFO] EXIT: 'MASPromptGenerator' calling 'claim' (4.458427429199219e-05 secs).
[2025-10-08 20:16:32,805] [INFO] ENTER: 'DialogueMoveGenerator' calling 'generate'; CURRENT SPEAKER: grok-3_mas, DIALOGUE TURN NUM = 13.
[2025-10-08 20:16:32,805] [INFO] ENTER: 'MASPromptGenerator' calling 'claim_negation'; CURRENT SPEAKER: grok-3_mas, DIALOGUE TURN NUM = 13.
[2025-10-08 20:16:32,805] [INFO] EXIT: 'MASPromptGenerator' calling 'claim_negation' (4.744529724121094e-05 secs).
[2025-10-08 20:16:32,806] [INFO] ENTER: 'DialogueMoveGenerator' calling 'generate'; CURRENT SPEAKER: grok-3_mas, DIALOGUE TURN NUM = 13.
[2025-10-08 20:16:32,806] [INFO] ENTER: 'MASPromptGenerator' calling 'concede_claim'; CURRENT SPEAKER: grok-3_mas, DIALOGUE TURN NUM = 13.
[2025-10-08 20:16:32,806] [INFO] EXIT: 'MASPromptGenerator' calling 'concede_claim' (3.790855407714844e-05 secs).
[2025-10-08 20:16:32,808] [INFO] ENTER: 'DialogueMoveGenerator' calling 'generate'; CURRENT SPEAKER: grok-3_mas, DIALOGUE TURN NUM = 13.
[2025-10-08 20:16:32,808] [INFO] ENTER: 'MASPromptGenerator' calling 'question_claim'; CURRENT SPEAKER: grok-3_mas, DIALOGUE TURN NUM = 13.
[2025-10-08 20:16:32,808] [INFO] EXIT: 'MASPromptGenerator' calling 'question_claim' (3.123283386230469e-05 secs).
[2025-10-08 20:16:32,809] [INFO] ENTER: 'DialogueMoveGenerator' calling 'generate'; CURRENT SPEAKER: grok-3_mas, DIALOGUE TURN NUM = 13.
[2025-10-08 20:16:32,809] [INFO] ENTER: 'MASPromptGenerator' calling 'retract_claim'; CURRENT SPEAKER: grok-3_mas, DIALOGUE TURN NUM = 13.
[2025-10-08 20:16:32,809] [INFO] EXIT: 'MASPromptGenerator' calling 'retract_claim' (4.76837158203125e-05 secs).
[2025-10-08 20:16:32,809] [INFO] ENTER: 'DialogueMoveGenerator' calling 'generate'; CURRENT SPEAKER: grok-3_mas, DIALOGUE TURN NUM = 13.
[2025-10-08 20:16:32,810] [INFO] ENTER: 'MASPromptGenerator' calling 'since_claim'; CURRENT SPEAKER: grok-3_mas, DIALOGUE TURN NUM = 13.
[2025-10-08 20:16:32,810] [INFO] EXIT: 'MASPromptGenerator' calling 'since_claim' (4.7206878662109375e-05 secs).
[2025-10-08 20:16:32,811] [INFO] ENTER: 'DialogueMoveGenerator' calling 'generate'; CURRENT SPEAKER: grok-3_mas, DIALOGUE TURN NUM = 13.
[2025-10-08 20:16:32,812] [INFO] ENTER: 'MASPromptGenerator' calling 'why_claim'; CURRENT SPEAKER: grok-3_mas, DIALOGUE TURN NUM = 13.
[2025-10-08 20:16:32,812] [INFO] EXIT: 'MASPromptGenerator' calling 'why_claim' (3.552436828613281e-05 secs).
[2025-10-08 20:16:36,406] [INFO] Completion returned and validated from MODEL = 'grok-3'.
[2025-10-08 20:16:36,462] [INFO] Completion returned and validated from MODEL = 'grok-3'.
[2025-10-08 20:16:36,610] [INFO] Completion returned and validated from MODEL = 'grok-3'.
[2025-10-08 20:16:36,860] [INFO] Completion returned and validated from MODEL = 'grok-3'.
[2025-10-08 20:16:36,863] [INFO] Completion returned and validated from MODEL = 'grok-3'.
[2025-10-08 20:16:37,242] [INFO] Completion returned and validated from MODEL = 'grok-3'.
[2025-10-08 20:16:37,373] [INFO] Completion returned and validated from MODEL = 'grok-3'.
[2025-10-08 20:16:39,148] [INFO] Completion returned and validated from MODEL = 'grok-3'.
[2025-10-08 20:16:39,693] [INFO] Completion returned and validated from MODEL = 'grok-3'.
[2025-10-08 20:16:40,484] [INFO] Completion returned and validated from MODEL = 'grok-3'.
[2025-10-08 20:16:42,742] [INFO] Completion returned and validated from MODEL = 'grok-3'.
[2025-10-08 20:16:42,743] [INFO] EXIT: 'DialogueMoveGenerator' calling 'generate' (9.933766603469849 secs).
[2025-10-08 20:16:42,829] [INFO] Completion returned and validated from MODEL = 'grok-3'.
[2025-10-08 20:16:43,117] [INFO] Completion returned and validated from MODEL = 'grok-3'.
[2025-10-08 20:16:43,117] [INFO] EXIT: 'DialogueMoveGenerator' calling 'generate' (10.312927961349487 secs).
[2025-10-08 20:16:43,194] [INFO] Completion returned and validated from MODEL = 'grok-3'.
[2025-10-08 20:16:43,194] [INFO] EXIT: 'DialogueMoveGenerator' calling 'generate' (10.388450622558594 secs).
[2025-10-08 20:16:43,705] [INFO] Completion returned and validated from MODEL = 'grok-3'.
[2025-10-08 20:16:43,705] [INFO] EXIT: 'DialogueMoveGenerator' calling 'generate' (10.896515846252441 secs).
[2025-10-08 20:16:43,847] [INFO] Completion returned and validated from MODEL = 'grok-3'.
[2025-10-08 20:16:43,847] [INFO] EXIT: 'DialogueMoveGenerator' calling 'generate' (11.037149906158447 secs).
[2025-10-08 20:16:44,172] [INFO] Completion returned and validated from MODEL = 'grok-3'.
[2025-10-08 20:16:44,172] [INFO] EXIT: 'DialogueMoveGenerator' calling 'generate' (11.366682052612305 secs).
[2025-10-08 20:16:45,528] [INFO] Completion returned and validated from MODEL = 'grok-3'.
[2025-10-08 20:16:45,528] [INFO] EXIT: 'DialogueMoveGenerator' calling 'generate' (12.71668028831482 secs).
[2025-10-08 20:16:45,530] [INFO] ENTER: 'MASPromptGenerator' calling 'persuasiveness_choice'; CURRENT SPEAKER: grok-3_mas, DIALOGUE TURN NUM = 13.
[2025-10-08 20:16:45,530] [INFO] EXIT: 'MASPromptGenerator' calling 'persuasiveness_choice' (0.0001633167266845703 secs).
[2025-10-08 20:16:48,027] [INFO] Completion returned and validated within 'PersuasivenessChoiceAgent'; MODEL = 'grok-3'; DIALOGUE TURN NUM = 13.
[2025-10-08 20:16:51,889] [INFO] Completion returned and validated within 'PersuasivenessChoiceAgent'; MODEL = 'grok-3'; DIALOGUE TURN NUM = 13.
[2025-10-08 20:16:54,427] [INFO] Completion returned and validated within 'PersuasivenessChoiceAgent'; MODEL = 'grok-3'; DIALOGUE TURN NUM = 13.
[2025-10-08 20:16:58,199] [INFO] Completion returned and validated within 'PersuasivenessChoiceAgent'; MODEL = 'grok-3'; DIALOGUE TURN NUM = 13.
[2025-10-08 20:17:00,942] [INFO] Completion returned and validated within 'PersuasivenessChoiceAgent'; MODEL = 'grok-3'; DIALOGUE TURN NUM = 13.
[2025-10-08 20:17:00,943] [INFO] ENTER: 'DisambiguationAgent' calling '_grouping_similar_utterance_types'; CURRENT SPEAKER: grok-3_mas, DIALOGUE TURN NUM = 13.
[2025-10-08 20:17:00,943] [INFO] EXIT: 'DisambiguationAgent' calling '_grouping_similar_utterance_types' (1.2874603271484375e-05 secs).
[2025-10-08 20:17:00,943] [INFO] ENTER: 'DisambiguationAgent' calling '_identifying_similar_sentences_and_choosing_one_to_return_to_user'; CURRENT SPEAKER: grok-3_mas, DIALOGUE TURN NUM = 13.
[2025-10-08 20:17:10,559] [INFO] 'DisambiguationAgent' grouped similar sentences, completion returned and validated; MODEL = 'grok-3'.
[2025-10-08 20:17:11,581] [INFO] 'DisambiguationAgent' chose sentences to remove, completion returned and validated from MODEL = 'grok-3'.
[2025-10-08 20:17:12,846] [INFO] 'DisambiguationAgent' chose sentences to remove, completion returned and validated from MODEL = 'grok-3'.
[2025-10-08 20:17:14,548] [INFO] 'DisambiguationAgent' chose sentences to remove, completion returned and validated from MODEL = 'grok-3'.
[2025-10-08 20:17:16,088] [INFO] 'DisambiguationAgent' chose sentences to remove, completion returned and validated from MODEL = 'grok-3'.
[2025-10-08 20:17:17,387] [INFO] 'DisambiguationAgent' chose sentences to remove, completion returned and validated from MODEL = 'grok-3'.
[2025-10-08 20:19:19,127] [INFO] 'DisambiguationAgent' chose sentences to remove, completion returned and validated from MODEL = 'grok-3'.
[2025-10-08 20:19:20,374] [INFO] 'DisambiguationAgent' chose sentences to remove, completion returned and validated from MODEL = 'grok-3'.
[2025-10-08 20:19:20,374] [INFO] EXIT: 'DisambiguationAgent' calling '_identifying_similar_sentences_and_choosing_one_to_return_to_user' (139.4304599761963 secs).
[2025-10-08 20:19:20,374] [INFO] ENTER: 'DisambiguationAgent' calling '_removing_repetitive_sentences'; CURRENT SPEAKER: grok-3_mas, DIALOGUE TURN NUM = 13.
[2025-10-08 20:19:20,374] [INFO] EXIT: 'DisambiguationAgent' calling '_removing_repetitive_sentences' (1.8596649169921875e-05 secs).
[2025-10-08 20:19:20,374] [INFO] ENTER: 'DisambiguationAgent' calling '_choose_the_most_persuasive_sentences'; CURRENT SPEAKER: grok-3_mas, DIALOGUE TURN NUM = 13.
[2025-10-08 20:19:23,933] [INFO] 'DisambiguationAgent': reached maximum allowed sentences, succussfully chose most persuasive sentences, completion returned and validated from MODEL = 'grok-3'.
[2025-10-08 20:19:23,933] [INFO] EXIT: 'DisambiguationAgent' calling '_choose_the_most_persuasive_sentences' (3.5593044757843018 secs).
[2025-10-08 20:19:23,933] [INFO] ENTER: 'DisambiguationAgent' calling 'return_disambiguated_sentences'; CURRENT SPEAKER: grok-3_mas, DIALOGUE TURN NUM = 13.
[2025-10-08 20:19:23,933] [INFO] EXIT: 'DisambiguationAgent' calling 'return_disambiguated_sentences' (2.6226043701171875e-06 secs).
[2025-10-08 20:19:23,934] [ERROR] Wrong state used; State of type HumanState; error message: dict has unexpected extra key(s): "graph_rag_examples", "intermediate_generations", "knowledge_base_ensemble_or_model_name", "model_seed", "model_temp", "model_top_p", "number_of_graph_rag_examples", "number_of_vector_based_rag_examples", "political_position_prob_of_na", "political_position_range", "political_position_std", "speaker_model_name", "speaker_type", "vector_based_persona_string", "vector_based_persona_sys_prompt"
[2025-10-08 20:19:23,934] [INFO] Correct state used; State of type GenerationAgentsState; 'IGNORE THE ABOVE ERRORS'.
[2025-10-08 20:19:24,547] [INFO] 'commitment_update' completed '___Claim___' update for current speaker's commitments; MODEL = 'grok-3'.
[2025-10-08 20:19:25,142] [INFO] 'commitment_update' completed '___Since___' update; MODEL = 'grok-3'.
[2025-10-08 20:19:25,740] [INFO] 'commitment_update' completed '___Claim___' update for current speaker's commitments; MODEL = 'grok-3'.
[2025-10-08 20:19:26,331] [INFO] 'commitment_update' completed '___Claim___' update for current speaker's commitments; MODEL = 'grok-3'.
[2025-10-08 20:19:26,969] [INFO] 'commitment_update' completed '___Claim___' update for current speaker's commitments; MODEL = 'grok-3'.
[2025-10-08 20:19:27,037] [ERROR] Wrong state used; State of type HumanState; error message: dict has unexpected extra key(s): "graph_rag_examples", "intermediate_generations", "knowledge_base_ensemble_or_model_name", "model_seed", "model_temp", "model_top_p", "number_of_graph_rag_examples", "number_of_vector_based_rag_examples", "political_position_prob_of_na", "political_position_range", "political_position_std", "speaker_model_name", "speaker_type", "vector_based_persona_string", "vector_based_persona_sys_prompt"
[2025-10-08 20:19:27,038] [INFO] Correct state used; State of type GenerationAgentsState; 'IGNORE THE ABOVE ERRORS'.
[2025-10-08 20:19:27,038] [INFO] ENTER: 'UtteranceClassificationAgent' calling '_classify_sentence_utterance_types'; CURRENT SPEAKER: mistral-medium_mas_rag, DIALOGUE TURN NUM = 14.
[2025-10-08 20:19:42,132] [INFO] 'UtteranceClassificationAgent' completion returned and validated from MODEL = 'ModelName.MISTRAL_MEDIUM'.
[2025-10-08 20:19:42,653] [INFO] 'UtteranceClassificationAgent' completion returned and validated from MODEL = 'ModelName.MISTRAL_MEDIUM'.
[2025-10-08 20:19:43,179] [INFO] 'UtteranceClassificationAgent' completion returned and validated from MODEL = 'ModelName.MISTRAL_MEDIUM'.
[2025-10-08 20:19:43,855] [INFO] 'UtteranceClassificationAgent' completion returned and validated from MODEL = 'ModelName.MISTRAL_MEDIUM'.
[2025-10-08 20:19:44,334] [INFO] 'UtteranceClassificationAgent' completion returned and validated from MODEL = 'ModelName.MISTRAL_MEDIUM'.
[2025-10-08 20:19:44,334] [INFO] EXIT: 'UtteranceClassificationAgent' calling '_classify_sentence_utterance_types' (17.295660257339478 secs).
[2025-10-08 20:19:44,334] [INFO] ENTER: 'UtteranceClassificationAgent' calling 'return_classified_sentences'; CURRENT SPEAKER: mistral-medium_mas_rag, DIALOGUE TURN NUM = 14.
[2025-10-08 20:19:44,334] [INFO] EXIT: 'UtteranceClassificationAgent' calling 'return_classified_sentences' (2.384185791015625e-06 secs).
[2025-10-08 20:19:44,357] [INFO] ENTER: 'GraphRAG' calling 'why'; CURRENT SPEAKER: mistral-medium_mas_rag, DIALOGUE TURN NUM = 14.
[2025-10-08 20:19:44,358] [INFO] ENTER: 'GraphRAG' calling 'query_graph'; CURRENT SPEAKER: mistral-medium_mas_rag, DIALOGUE TURN NUM = 14.
[2025-10-08 20:19:45,100] [INFO] EXIT: 'GraphRAG' calling 'query_graph' (0.7422487735748291 secs).
[2025-10-08 20:19:45,100] [INFO] EXIT: 'GraphRAG' calling 'why' (0.7426576614379883 secs).
[2025-10-08 20:19:45,100] [INFO] ENTER: 'GraphRAG' calling 'concede'; CURRENT SPEAKER: mistral-medium_mas_rag, DIALOGUE TURN NUM = 14.
[2025-10-08 20:19:45,100] [INFO] ENTER: 'GraphRAG' calling 'query_graph'; CURRENT SPEAKER: mistral-medium_mas_rag, DIALOGUE TURN NUM = 14.
[2025-10-08 20:19:45,794] [INFO] EXIT: 'GraphRAG' calling 'query_graph' (0.6937737464904785 secs).
[2025-10-08 20:19:45,794] [INFO] EXIT: 'GraphRAG' calling 'concede' (0.6941657066345215 secs).
[2025-10-08 20:19:45,794] [INFO] ENTER: 'GraphRAG' calling 'question'; CURRENT SPEAKER: mistral-medium_mas_rag, DIALOGUE TURN NUM = 14.
[2025-10-08 20:19:45,795] [INFO] ENTER: 'GraphRAG' calling 'query_graph'; CURRENT SPEAKER: mistral-medium_mas_rag, DIALOGUE TURN NUM = 14.
[2025-10-08 20:19:46,466] [INFO] EXIT: 'GraphRAG' calling 'query_graph' (0.6712198257446289 secs).
[2025-10-08 20:19:46,466] [INFO] EXIT: 'GraphRAG' calling 'question' (0.6716415882110596 secs).
[2025-10-08 20:19:46,483] [INFO] ENTER: 'GraphRAG' calling 'why'; CURRENT SPEAKER: mistral-medium_mas_rag, DIALOGUE TURN NUM = 14.
[2025-10-08 20:19:46,484] [INFO] ENTER: 'GraphRAG' calling 'query_graph'; CURRENT SPEAKER: mistral-medium_mas_rag, DIALOGUE TURN NUM = 14.
[2025-10-08 20:19:47,218] [INFO] EXIT: 'GraphRAG' calling 'query_graph' (0.7348430156707764 secs).
[2025-10-08 20:19:47,219] [INFO] EXIT: 'GraphRAG' calling 'why' (0.7352476119995117 secs).
[2025-10-08 20:19:47,219] [INFO] ENTER: 'GraphRAG' calling 'concede'; CURRENT SPEAKER: mistral-medium_mas_rag, DIALOGUE TURN NUM = 14.
[2025-10-08 20:19:47,219] [INFO] ENTER: 'GraphRAG' calling 'query_graph'; CURRENT SPEAKER: mistral-medium_mas_rag, DIALOGUE TURN NUM = 14.
[2025-10-08 20:19:47,914] [INFO] EXIT: 'GraphRAG' calling 'query_graph' (0.6946628093719482 secs).
[2025-10-08 20:19:47,914] [INFO] EXIT: 'GraphRAG' calling 'concede' (0.6950747966766357 secs).
[2025-10-08 20:19:47,914] [INFO] ENTER: 'GraphRAG' calling 'question'; CURRENT SPEAKER: mistral-medium_mas_rag, DIALOGUE TURN NUM = 14.
[2025-10-08 20:19:47,914] [INFO] ENTER: 'GraphRAG' calling 'query_graph'; CURRENT SPEAKER: mistral-medium_mas_rag, DIALOGUE TURN NUM = 14.
[2025-10-08 20:19:48,596] [INFO] EXIT: 'GraphRAG' calling 'query_graph' (0.6823608875274658 secs).
[2025-10-08 20:19:48,597] [INFO] EXIT: 'GraphRAG' calling 'question' (0.6827943325042725 secs).
[2025-10-08 20:19:48,613] [INFO] ENTER: 'GraphRAG' calling 'why'; CURRENT SPEAKER: mistral-medium_mas_rag, DIALOGUE TURN NUM = 14.
[2025-10-08 20:19:48,614] [INFO] ENTER: 'GraphRAG' calling 'query_graph'; CURRENT SPEAKER: mistral-medium_mas_rag, DIALOGUE TURN NUM = 14.
[2025-10-08 20:19:49,349] [INFO] EXIT: 'GraphRAG' calling 'query_graph' (0.7353999614715576 secs).
[2025-10-08 20:19:49,349] [INFO] EXIT: 'GraphRAG' calling 'why' (0.7358202934265137 secs).
[2025-10-08 20:19:49,349] [INFO] ENTER: 'GraphRAG' calling 'concede'; CURRENT SPEAKER: mistral-medium_mas_rag, DIALOGUE TURN NUM = 14.
[2025-10-08 20:19:49,350] [INFO] ENTER: 'GraphRAG' calling 'query_graph'; CURRENT SPEAKER: mistral-medium_mas_rag, DIALOGUE TURN NUM = 14.
[2025-10-08 20:19:50,047] [INFO] EXIT: 'GraphRAG' calling 'query_graph' (0.6974704265594482 secs).
[2025-10-08 20:19:50,047] [INFO] EXIT: 'GraphRAG' calling 'concede' (0.6978590488433838 secs).
[2025-10-08 20:19:50,047] [INFO] ENTER: 'GraphRAG' calling 'question'; CURRENT SPEAKER: mistral-medium_mas_rag, DIALOGUE TURN NUM = 14.
[2025-10-08 20:19:50,048] [INFO] ENTER: 'GraphRAG' calling 'query_graph'; CURRENT SPEAKER: mistral-medium_mas_rag, DIALOGUE TURN NUM = 14.
[2025-10-08 20:19:50,715] [INFO] EXIT: 'GraphRAG' calling 'query_graph' (0.6674234867095947 secs).
[2025-10-08 20:19:50,715] [INFO] EXIT: 'GraphRAG' calling 'question' (0.6678252220153809 secs).
[2025-10-08 20:19:50,732] [INFO] ENTER: 'GraphRAG' calling 'why'; CURRENT SPEAKER: mistral-medium_mas_rag, DIALOGUE TURN NUM = 14.
[2025-10-08 20:19:50,732] [INFO] ENTER: 'GraphRAG' calling 'query_graph'; CURRENT SPEAKER: mistral-medium_mas_rag, DIALOGUE TURN NUM = 14.
[2025-10-08 20:19:51,429] [INFO] EXIT: 'GraphRAG' calling 'query_graph' (0.6967427730560303 secs).
[2025-10-08 20:19:51,429] [INFO] EXIT: 'GraphRAG' calling 'why' (0.6971249580383301 secs).
[2025-10-08 20:19:51,429] [INFO] ENTER: 'GraphRAG' calling 'claim_negation'; CURRENT SPEAKER: mistral-medium_mas_rag, DIALOGUE TURN NUM = 14.
[2025-10-08 20:19:51,430] [INFO] ENTER: 'GraphRAG' calling 'query_graph'; CURRENT SPEAKER: mistral-medium_mas_rag, DIALOGUE TURN NUM = 14.
[2025-10-08 20:19:52,093] [INFO] EXIT: 'GraphRAG' calling 'query_graph' (0.6630368232727051 secs).
[2025-10-08 20:19:52,093] [INFO] EXIT: 'GraphRAG' calling 'claim_negation' (0.663494348526001 secs).
[2025-10-08 20:19:52,093] [INFO] ENTER: 'GraphRAG' calling 'concede'; CURRENT SPEAKER: mistral-medium_mas_rag, DIALOGUE TURN NUM = 14.
[2025-10-08 20:19:52,093] [INFO] ENTER: 'GraphRAG' calling 'query_graph'; CURRENT SPEAKER: mistral-medium_mas_rag, DIALOGUE TURN NUM = 14.
[2025-10-08 20:19:52,786] [INFO] EXIT: 'GraphRAG' calling 'query_graph' (0.6929154396057129 secs).
[2025-10-08 20:19:52,786] [INFO] EXIT: 'GraphRAG' calling 'concede' (0.6933078765869141 secs).
[2025-10-08 20:19:52,786] [INFO] ENTER: 'GraphRAG' calling 'question'; CURRENT SPEAKER: mistral-medium_mas_rag, DIALOGUE TURN NUM = 14.
[2025-10-08 20:19:52,787] [INFO] ENTER: 'GraphRAG' calling 'query_graph'; CURRENT SPEAKER: mistral-medium_mas_rag, DIALOGUE TURN NUM = 14.
[2025-10-08 20:19:52,912] [INFO] EXIT: 'GraphRAG' calling 'query_graph' (0.12541890144348145 secs).
[2025-10-08 20:19:52,912] [INFO] EXIT: 'GraphRAG' calling 'question' (0.1258525848388672 secs).
[2025-10-08 20:19:52,929] [INFO] ENTER: 'GraphRAG' calling 'why'; CURRENT SPEAKER: mistral-medium_mas_rag, DIALOGUE TURN NUM = 14.
[2025-10-08 20:19:52,929] [INFO] ENTER: 'GraphRAG' calling 'query_graph'; CURRENT SPEAKER: mistral-medium_mas_rag, DIALOGUE TURN NUM = 14.
[2025-10-08 20:19:53,626] [INFO] EXIT: 'GraphRAG' calling 'query_graph' (0.6971786022186279 secs).
[2025-10-08 20:19:53,626] [INFO] EXIT: 'GraphRAG' calling 'why' (0.6975643634796143 secs).
[2025-10-08 20:19:53,626] [INFO] ENTER: 'GraphRAG' calling 'claim_negation'; CURRENT SPEAKER: mistral-medium_mas_rag, DIALOGUE TURN NUM = 14.
[2025-10-08 20:19:53,627] [INFO] ENTER: 'GraphRAG' calling 'query_graph'; CURRENT SPEAKER: mistral-medium_mas_rag, DIALOGUE TURN NUM = 14.
[2025-10-08 20:19:54,292] [INFO] EXIT: 'GraphRAG' calling 'query_graph' (0.6654274463653564 secs).
[2025-10-08 20:19:54,292] [INFO] EXIT: 'GraphRAG' calling 'claim_negation' (0.6658079624176025 secs).
[2025-10-08 20:19:54,292] [INFO] ENTER: 'GraphRAG' calling 'concede'; CURRENT SPEAKER: mistral-medium_mas_rag, DIALOGUE TURN NUM = 14.
[2025-10-08 20:19:54,293] [INFO] ENTER: 'GraphRAG' calling 'query_graph'; CURRENT SPEAKER: mistral-medium_mas_rag, DIALOGUE TURN NUM = 14.
[2025-10-08 20:19:54,973] [INFO] EXIT: 'GraphRAG' calling 'query_graph' (0.6802952289581299 secs).
[2025-10-08 20:19:54,973] [INFO] EXIT: 'GraphRAG' calling 'concede' (0.6806790828704834 secs).
[2025-10-08 20:19:54,973] [INFO] ENTER: 'GraphRAG' calling 'question'; CURRENT SPEAKER: mistral-medium_mas_rag, DIALOGUE TURN NUM = 14.
[2025-10-08 20:19:54,973] [INFO] ENTER: 'GraphRAG' calling 'query_graph'; CURRENT SPEAKER: mistral-medium_mas_rag, DIALOGUE TURN NUM = 14.
[2025-10-08 20:19:55,095] [INFO] EXIT: 'GraphRAG' calling 'query_graph' (0.12137341499328613 secs).
[2025-10-08 20:19:55,095] [INFO] EXIT: 'GraphRAG' calling 'question' (0.12179160118103027 secs).
[2025-10-08 20:19:55,095] [INFO] ENTER: 'GraphRAG' calling 'return_rag_examples'; CURRENT SPEAKER: mistral-medium_mas_rag, DIALOGUE TURN NUM = 14.
[2025-10-08 20:19:55,095] [INFO] EXIT: 'GraphRAG' calling 'return_rag_examples' (2.1457672119140625e-06 secs).
[2025-10-08 20:19:55,097] [INFO] ENTER: 'DialogueMoveGenerator' calling 'generate'; CURRENT SPEAKER: mistral-medium_mas_rag, DIALOGUE TURN NUM = 14.
[2025-10-08 20:19:55,097] [INFO] ENTER: 'MASPromptGenerator' calling 'claim_negation'; CURRENT SPEAKER: mistral-medium_mas_rag, DIALOGUE TURN NUM = 14.
[2025-10-08 20:19:55,098] [INFO] EXIT: 'MASPromptGenerator' calling 'claim_negation' (5.626678466796875e-05 secs).
[2025-10-08 20:19:55,098] [INFO] ENTER: 'DialogueMoveGenerator' calling 'generate'; CURRENT SPEAKER: mistral-medium_mas_rag, DIALOGUE TURN NUM = 14.
[2025-10-08 20:19:55,098] [INFO] ENTER: 'DialogueMoveGenerator' calling 'generate'; CURRENT SPEAKER: mistral-medium_mas_rag, DIALOGUE TURN NUM = 14.
[2025-10-08 20:19:55,099] [INFO] ENTER: 'MASPromptGenerator' calling 'concede_claim'; CURRENT SPEAKER: mistral-medium_mas_rag, DIALOGUE TURN NUM = 14.
[2025-10-08 20:19:55,099] [INFO] ENTER: 'MASPromptGenerator' calling 'question_claim'; CURRENT SPEAKER: mistral-medium_mas_rag, DIALOGUE TURN NUM = 14.
[2025-10-08 20:19:55,099] [INFO] ENTER: 'DialogueMoveGenerator' calling 'generate'; CURRENT SPEAKER: mistral-medium_mas_rag, DIALOGUE TURN NUM = 14.
[2025-10-08 20:19:55,100] [INFO] EXIT: 'MASPromptGenerator' calling 'concede_claim' (8.273124694824219e-05 secs).
[2025-10-08 20:19:55,100] [INFO] EXIT: 'MASPromptGenerator' calling 'question_claim' (6.389617919921875e-05 secs).
[2025-10-08 20:19:55,101] [INFO] ENTER: 'MASPromptGenerator' calling 'why_claim'; CURRENT SPEAKER: mistral-medium_mas_rag, DIALOGUE TURN NUM = 14.
[2025-10-08 20:19:55,102] [INFO] EXIT: 'MASPromptGenerator' calling 'why_claim' (5.435943603515625e-05 secs).
[2025-10-08 20:19:57,490] [INFO] Completion returned and validated from MODEL = 'mistral-medium'.
[2025-10-08 20:19:57,583] [INFO] Completion returned and validated from MODEL = 'mistral-medium'.
[2025-10-08 20:19:57,724] [INFO] Completion returned and validated from MODEL = 'mistral-medium'.
[2025-10-08 20:19:57,778] [INFO] Completion returned and validated from MODEL = 'mistral-medium'.
[2025-10-08 20:19:59,489] [INFO] Completion returned and validated from MODEL = 'mistral-medium'.
[2025-10-08 20:20:00,109] [INFO] Completion returned and validated from MODEL = 'mistral-medium'.
[2025-10-08 20:20:00,453] [INFO] Completion returned and validated from MODEL = 'mistral-medium'.
[2025-10-08 20:20:00,524] [INFO] Completion returned and validated from MODEL = 'mistral-medium'.
[2025-10-08 20:20:00,524] [INFO] EXIT: 'DialogueMoveGenerator' calling 'generate' (5.4270501136779785 secs).
[2025-10-08 20:20:01,382] [INFO] Completion returned and validated from MODEL = 'mistral-medium'.
[2025-10-08 20:20:02,400] [INFO] Completion returned and validated from MODEL = 'mistral-medium'.
[2025-10-08 20:20:03,227] [INFO] Completion returned and validated from MODEL = 'mistral-medium'.
[2025-10-08 20:20:03,544] [INFO] Completion returned and validated from MODEL = 'mistral-medium'.
[2025-10-08 20:20:04,931] [INFO] Completion returned and validated from MODEL = 'mistral-medium'.
[2025-10-08 20:20:05,506] [INFO] Completion returned and validated from MODEL = 'mistral-medium'.
[2025-10-08 20:20:05,506] [INFO] EXIT: 'DialogueMoveGenerator' calling 'generate' (10.407390117645264 secs).
[2025-10-08 20:20:05,692] [INFO] Completion returned and validated from MODEL = 'mistral-medium'.
[2025-10-08 20:20:07,028] [INFO] Completion returned and validated from MODEL = 'mistral-medium'.
[2025-10-08 20:20:07,028] [INFO] EXIT: 'DialogueMoveGenerator' calling 'generate' (11.929347515106201 secs).
[2025-10-08 20:20:07,848] [INFO] Completion returned and validated from MODEL = 'mistral-medium'.
[2025-10-08 20:20:07,848] [INFO] EXIT: 'DialogueMoveGenerator' calling 'generate' (12.747308492660522 secs).
[2025-10-08 20:20:07,849] [INFO] ENTER: 'MASPromptGenerator' calling 'persuasiveness_choice'; CURRENT SPEAKER: mistral-medium_mas_rag, DIALOGUE TURN NUM = 14.
[2025-10-08 20:20:07,849] [INFO] EXIT: 'MASPromptGenerator' calling 'persuasiveness_choice' (0.0001811981201171875 secs).
[2025-10-08 20:20:11,402] [INFO] Completion returned and validated within 'PersuasivenessChoiceAgent'; MODEL = 'mistral-medium'; DIALOGUE TURN NUM = 14.
[2025-10-08 20:20:14,958] [INFO] Completion returned and validated within 'PersuasivenessChoiceAgent'; MODEL = 'mistral-medium'; DIALOGUE TURN NUM = 14.
[2025-10-08 20:20:18,163] [INFO] Completion returned and validated within 'PersuasivenessChoiceAgent'; MODEL = 'mistral-medium'; DIALOGUE TURN NUM = 14.
[2025-10-08 20:20:21,798] [INFO] Completion returned and validated within 'PersuasivenessChoiceAgent'; MODEL = 'mistral-medium'; DIALOGUE TURN NUM = 14.
[2025-10-08 20:20:25,252] [INFO] Completion returned and validated within 'PersuasivenessChoiceAgent'; MODEL = 'mistral-medium'; DIALOGUE TURN NUM = 14.
[2025-10-08 20:20:25,253] [INFO] ENTER: 'DisambiguationAgent' calling '_grouping_similar_utterance_types'; CURRENT SPEAKER: mistral-medium_mas_rag, DIALOGUE TURN NUM = 14.
[2025-10-08 20:20:25,253] [INFO] EXIT: 'DisambiguationAgent' calling '_grouping_similar_utterance_types' (1.2636184692382812e-05 secs).
[2025-10-08 20:20:25,253] [INFO] ENTER: 'DisambiguationAgent' calling '_identifying_similar_sentences_and_choosing_one_to_return_to_user'; CURRENT SPEAKER: mistral-medium_mas_rag, DIALOGUE TURN NUM = 14.
[2025-10-08 20:20:29,179] [INFO] 'DisambiguationAgent' grouped similar sentences, completion returned and validated; MODEL = 'mistral-medium'.
[2025-10-08 20:20:30,211] [INFO] 'DisambiguationAgent' chose sentences to remove, completion returned and validated from MODEL = 'mistral-medium'.
[2025-10-08 20:20:31,296] [INFO] 'DisambiguationAgent' chose sentences to remove, completion returned and validated from MODEL = 'mistral-medium'.
[2025-10-08 20:20:31,296] [INFO] EXIT: 'DisambiguationAgent' calling '_identifying_similar_sentences_and_choosing_one_to_return_to_user' (6.043831825256348 secs).
[2025-10-08 20:20:31,297] [INFO] ENTER: 'DisambiguationAgent' calling '_identifying_similar_sentences_and_choosing_one_to_return_to_user'; CURRENT SPEAKER: mistral-medium_mas_rag, DIALOGUE TURN NUM = 14.
[2025-10-08 20:20:42,323] [INFO] 'DisambiguationAgent' grouped similar sentences, completion returned and validated; MODEL = 'mistral-medium'.
[2025-10-08 20:20:43,335] [INFO] 'DisambiguationAgent' chose sentences to remove, completion returned and validated from MODEL = 'mistral-medium'.
[2025-10-08 20:20:44,205] [INFO] 'DisambiguationAgent' chose sentences to remove, completion returned and validated from MODEL = 'mistral-medium'.
[2025-10-08 20:20:45,086] [INFO] 'DisambiguationAgent' chose sentences to remove, completion returned and validated from MODEL = 'mistral-medium'.
[2025-10-08 20:20:45,953] [INFO] 'DisambiguationAgent' chose sentences to remove, completion returned and validated from MODEL = 'mistral-medium'.
[2025-10-08 20:20:46,843] [INFO] 'DisambiguationAgent' chose sentences to remove, completion returned and validated from MODEL = 'mistral-medium'.
[2025-10-08 20:20:47,732] [INFO] 'DisambiguationAgent' chose sentences to remove, completion returned and validated from MODEL = 'mistral-medium'.
[2025-10-08 20:20:48,627] [INFO] 'DisambiguationAgent' chose sentences to remove, completion returned and validated from MODEL = 'mistral-medium'.
[2025-10-08 20:20:48,627] [INFO] EXIT: 'DisambiguationAgent' calling '_identifying_similar_sentences_and_choosing_one_to_return_to_user' (17.330116748809814 secs).
[2025-10-08 20:20:48,627] [INFO] ENTER: 'DisambiguationAgent' calling '_removing_repetitive_sentences'; CURRENT SPEAKER: mistral-medium_mas_rag, DIALOGUE TURN NUM = 14.
[2025-10-08 20:20:48,627] [INFO] EXIT: 'DisambiguationAgent' calling '_removing_repetitive_sentences' (1.9788742065429688e-05 secs).
[2025-10-08 20:20:48,627] [INFO] ENTER: 'DisambiguationAgent' calling '_choose_the_most_persuasive_sentences'; CURRENT SPEAKER: mistral-medium_mas_rag, DIALOGUE TURN NUM = 14.
[2025-10-08 20:20:52,122] [INFO] 'DisambiguationAgent': reached maximum allowed sentences, succussfully chose most persuasive sentences, completion returned and validated from MODEL = 'mistral-medium'.
[2025-10-08 20:20:52,122] [INFO] EXIT: 'DisambiguationAgent' calling '_choose_the_most_persuasive_sentences' (3.495249032974243 secs).
[2025-10-08 20:20:52,122] [INFO] ENTER: 'DisambiguationAgent' calling 'return_disambiguated_sentences'; CURRENT SPEAKER: mistral-medium_mas_rag, DIALOGUE TURN NUM = 14.
[2025-10-08 20:20:52,122] [INFO] EXIT: 'DisambiguationAgent' calling 'return_disambiguated_sentences' (2.384185791015625e-06 secs).
[2025-10-08 20:20:52,123] [ERROR] Wrong state used; State of type HumanState; error message: dict has unexpected extra key(s): "graph_rag_examples", "intermediate_generations", "knowledge_base_ensemble_or_model_name", "model_seed", "model_temp", "model_top_p", "number_of_graph_rag_examples", "number_of_vector_based_rag_examples", "political_position_prob_of_na", "political_position_range", "political_position_std", "speaker_model_name", "speaker_type", "vector_based_persona_string", "vector_based_persona_sys_prompt"
[2025-10-08 20:20:52,123] [INFO] Correct state used; State of type GenerationAgentsState; 'IGNORE THE ABOVE ERRORS'.
[2025-10-08 20:20:52,541] [INFO] 'commitment_update' completed '___Claim___' update for current speaker's commitments; MODEL = 'mistral-medium'.
[2025-10-08 20:20:53,067] [INFO] 'commitment_update' completed '___Claim___' update for current speaker's commitments; MODEL = 'mistral-medium'.
[2025-10-08 20:20:53,174] [ERROR] Wrong state used; State of type HumanState; error message: dict has unexpected extra key(s): "graph_rag_examples", "intermediate_generations", "knowledge_base_ensemble_or_model_name", "model_seed", "model_temp", "model_top_p", "number_of_graph_rag_examples", "number_of_vector_based_rag_examples", "political_position_prob_of_na", "political_position_range", "political_position_std", "speaker_model_name", "speaker_type", "vector_based_persona_string", "vector_based_persona_sys_prompt"
[2025-10-08 20:20:53,174] [INFO] Correct state used; State of type GenerationAgentsState; 'IGNORE THE ABOVE ERRORS'.
[2025-10-08 20:20:53,174] [INFO] ENTER: 'UtteranceClassificationAgent' calling '_classify_sentence_utterance_types'; CURRENT SPEAKER: grok-3_mas, DIALOGUE TURN NUM = 15.
[2025-10-08 20:20:53,874] [INFO] 'UtteranceClassificationAgent' completion returned and validated from MODEL = 'ModelName.GROK_3'.
[2025-10-08 20:20:54,497] [INFO] 'UtteranceClassificationAgent' completion returned and validated from MODEL = 'ModelName.GROK_3'.
[2025-10-08 20:20:55,193] [INFO] 'UtteranceClassificationAgent' completion returned and validated from MODEL = 'ModelName.GROK_3'.
[2025-10-08 20:20:56,196] [INFO] 'UtteranceClassificationAgent' completion returned and validated from MODEL = 'ModelName.GROK_3'.
[2025-10-08 20:20:56,903] [INFO] 'UtteranceClassificationAgent' completion returned and validated from MODEL = 'ModelName.GROK_3'.
[2025-10-08 20:20:56,903] [INFO] EXIT: 'UtteranceClassificationAgent' calling '_classify_sentence_utterance_types' (3.728994846343994 secs).
[2025-10-08 20:20:56,904] [INFO] ENTER: 'UtteranceClassificationAgent' calling 'return_classified_sentences'; CURRENT SPEAKER: grok-3_mas, DIALOGUE TURN NUM = 15.
[2025-10-08 20:20:56,904] [INFO] EXIT: 'UtteranceClassificationAgent' calling 'return_classified_sentences' (2.6226043701171875e-06 secs).
[2025-10-08 20:20:56,906] [INFO] ENTER: 'DialogueMoveGenerator' calling 'generate'; CURRENT SPEAKER: grok-3_mas, DIALOGUE TURN NUM = 15.
[2025-10-08 20:20:56,906] [INFO] ENTER: 'MASPromptGenerator' calling 'claim'; CURRENT SPEAKER: grok-3_mas, DIALOGUE TURN NUM = 15.
[2025-10-08 20:20:56,906] [INFO] EXIT: 'MASPromptGenerator' calling 'claim' (4.649162292480469e-05 secs).
[2025-10-08 20:20:56,907] [INFO] ENTER: 'DialogueMoveGenerator' calling 'generate'; CURRENT SPEAKER: grok-3_mas, DIALOGUE TURN NUM = 15.
[2025-10-08 20:20:56,907] [INFO] ENTER: 'DialogueMoveGenerator' calling 'generate'; CURRENT SPEAKER: grok-3_mas, DIALOGUE TURN NUM = 15.
[2025-10-08 20:20:56,907] [INFO] ENTER: 'MASPromptGenerator' calling 'claim_negation'; CURRENT SPEAKER: grok-3_mas, DIALOGUE TURN NUM = 15.
[2025-10-08 20:20:56,908] [INFO] ENTER: 'MASPromptGenerator' calling 'concede_claim'; CURRENT SPEAKER: grok-3_mas, DIALOGUE TURN NUM = 15.
[2025-10-08 20:20:56,908] [INFO] EXIT: 'MASPromptGenerator' calling 'claim_negation' (4.673004150390625e-05 secs).
[2025-10-08 20:20:56,908] [INFO] ENTER: 'DialogueMoveGenerator' calling 'generate'; CURRENT SPEAKER: grok-3_mas, DIALOGUE TURN NUM = 15.
[2025-10-08 20:20:56,908] [INFO] EXIT: 'MASPromptGenerator' calling 'concede_claim' (3.218650817871094e-05 secs).
[2025-10-08 20:20:56,908] [INFO] ENTER: 'MASPromptGenerator' calling 'question_claim'; CURRENT SPEAKER: grok-3_mas, DIALOGUE TURN NUM = 15.
[2025-10-08 20:20:56,909] [INFO] ENTER: 'DialogueMoveGenerator' calling 'generate'; CURRENT SPEAKER: grok-3_mas, DIALOGUE TURN NUM = 15.
[2025-10-08 20:20:56,910] [INFO] EXIT: 'MASPromptGenerator' calling 'question_claim' (3.552436828613281e-05 secs).
[2025-10-08 20:20:56,910] [INFO] ENTER: 'DialogueMoveGenerator' calling 'generate'; CURRENT SPEAKER: grok-3_mas, DIALOGUE TURN NUM = 15.
[2025-10-08 20:20:56,911] [INFO] ENTER: 'DialogueMoveGenerator' calling 'generate'; CURRENT SPEAKER: grok-3_mas, DIALOGUE TURN NUM = 15.
[2025-10-08 20:20:56,911] [INFO] ENTER: 'MASPromptGenerator' calling 'retract_claim'; CURRENT SPEAKER: grok-3_mas, DIALOGUE TURN NUM = 15.
[2025-10-08 20:20:56,911] [INFO] ENTER: 'MASPromptGenerator' calling 'since_claim'; CURRENT SPEAKER: grok-3_mas, DIALOGUE TURN NUM = 15.
[2025-10-08 20:20:56,911] [INFO] ENTER: 'MASPromptGenerator' calling 'why_claim'; CURRENT SPEAKER: grok-3_mas, DIALOGUE TURN NUM = 15.
[2025-10-08 20:20:56,913] [INFO] EXIT: 'MASPromptGenerator' calling 'since_claim' (3.2901763916015625e-05 secs).
[2025-10-08 20:20:56,913] [INFO] EXIT: 'MASPromptGenerator' calling 'why_claim' (3.170967102050781e-05 secs).
[2025-10-08 20:20:56,929] [INFO] EXIT: 'MASPromptGenerator' calling 'retract_claim' (4.029273986816406e-05 secs).
[2025-10-08 20:20:59,958] [INFO] Completion returned and validated from MODEL = 'grok-3'.
[2025-10-08 20:21:00,747] [INFO] Completion returned and validated from MODEL = 'grok-3'.
[2025-10-08 20:21:00,822] [INFO] Completion returned and validated from MODEL = 'grok-3'.
[2025-10-08 20:21:01,168] [INFO] Completion returned and validated from MODEL = 'grok-3'.
[2025-10-08 20:21:01,387] [INFO] Completion returned and validated from MODEL = 'grok-3'.
[2025-10-08 20:21:01,567] [INFO] Completion returned and validated from MODEL = 'grok-3'.
[2025-10-08 20:21:01,776] [INFO] Completion returned and validated from MODEL = 'grok-3'.
[2025-10-08 20:21:02,721] [INFO] Completion returned and validated from MODEL = 'grok-3'.
[2025-10-08 20:21:02,721] [INFO] EXIT: 'DialogueMoveGenerator' calling 'generate' (5.813788414001465 secs).
[2025-10-08 20:21:04,132] [INFO] Completion returned and validated from MODEL = 'grok-3'.
[2025-10-08 20:21:04,132] [INFO] EXIT: 'DialogueMoveGenerator' calling 'generate' (7.22496485710144 secs).
[2025-10-08 20:21:04,699] [INFO] Completion returned and validated from MODEL = 'grok-3'.
[2025-10-08 20:21:04,699] [INFO] EXIT: 'DialogueMoveGenerator' calling 'generate' (7.7909324169158936 secs).
[2025-10-08 20:21:05,129] [INFO] Completion returned and validated from MODEL = 'grok-3'.
[2025-10-08 20:21:05,225] [INFO] Completion returned and validated from MODEL = 'grok-3'.
[2025-10-08 20:21:05,225] [INFO] EXIT: 'DialogueMoveGenerator' calling 'generate' (8.31403374671936 secs).
[2025-10-08 20:21:05,811] [INFO] Completion returned and validated from MODEL = 'grok-3'.
[2025-10-08 20:21:06,097] [INFO] Completion returned and validated from MODEL = 'grok-3'.
[2025-10-08 20:21:09,515] [INFO] Completion returned and validated from MODEL = 'grok-3'.
[2025-10-08 20:21:09,515] [INFO] EXIT: 'DialogueMoveGenerator' calling 'generate' (12.603965044021606 secs).
[2025-10-08 20:21:09,688] [INFO] Completion returned and validated from MODEL = 'grok-3'.
[2025-10-08 20:21:09,688] [INFO] EXIT: 'DialogueMoveGenerator' calling 'generate' (12.78189492225647 secs).
[2025-10-08 20:21:09,768] [INFO] Completion returned and validated from MODEL = 'grok-3'.
[2025-10-08 20:21:09,768] [INFO] EXIT: 'DialogueMoveGenerator' calling 'generate' (12.85690426826477 secs).
[2025-10-08 20:21:09,769] [INFO] ENTER: 'MASPromptGenerator' calling 'persuasiveness_choice'; CURRENT SPEAKER: grok-3_mas, DIALOGUE TURN NUM = 15.
[2025-10-08 20:21:09,769] [INFO] EXIT: 'MASPromptGenerator' calling 'persuasiveness_choice' (0.0001537799835205078 secs).
[2025-10-08 20:21:14,589] [INFO] Completion returned and validated within 'PersuasivenessChoiceAgent'; MODEL = 'grok-3'; DIALOGUE TURN NUM = 15.
[2025-10-08 20:21:18,698] [INFO] Completion returned and validated within 'PersuasivenessChoiceAgent'; MODEL = 'grok-3'; DIALOGUE TURN NUM = 15.
[2025-10-08 20:21:21,717] [INFO] Completion returned and validated within 'PersuasivenessChoiceAgent'; MODEL = 'grok-3'; DIALOGUE TURN NUM = 15.
[2025-10-08 20:21:25,548] [INFO] Completion returned and validated within 'PersuasivenessChoiceAgent'; MODEL = 'grok-3'; DIALOGUE TURN NUM = 15.
[2025-10-08 20:21:28,705] [INFO] Completion returned and validated within 'PersuasivenessChoiceAgent'; MODEL = 'grok-3'; DIALOGUE TURN NUM = 15.
[2025-10-08 20:21:28,705] [INFO] ENTER: 'DisambiguationAgent' calling '_grouping_similar_utterance_types'; CURRENT SPEAKER: grok-3_mas, DIALOGUE TURN NUM = 15.
[2025-10-08 20:21:28,705] [INFO] EXIT: 'DisambiguationAgent' calling '_grouping_similar_utterance_types' (1.1444091796875e-05 secs).
[2025-10-08 20:21:28,705] [INFO] ENTER: 'DisambiguationAgent' calling '_identifying_similar_sentences_and_choosing_one_to_return_to_user'; CURRENT SPEAKER: grok-3_mas, DIALOGUE TURN NUM = 15.
[2025-10-08 20:21:37,376] [INFO] 'DisambiguationAgent' grouped similar sentences, completion returned and validated; MODEL = 'grok-3'.
[2025-10-08 20:21:38,522] [INFO] 'DisambiguationAgent' chose sentences to remove, completion returned and validated from MODEL = 'grok-3'.
[2025-10-08 20:21:40,594] [INFO] 'DisambiguationAgent' chose sentences to remove, completion returned and validated from MODEL = 'grok-3'.
[2025-10-08 20:21:42,238] [INFO] 'DisambiguationAgent' chose sentences to remove, completion returned and validated from MODEL = 'grok-3'.
[2025-10-08 20:21:43,330] [INFO] 'DisambiguationAgent' chose sentences to remove, completion returned and validated from MODEL = 'grok-3'.
[2025-10-08 20:21:43,330] [INFO] EXIT: 'DisambiguationAgent' calling '_identifying_similar_sentences_and_choosing_one_to_return_to_user' (14.624696493148804 secs).
[2025-10-08 20:21:43,330] [INFO] ENTER: 'DisambiguationAgent' calling '_removing_repetitive_sentences'; CURRENT SPEAKER: grok-3_mas, DIALOGUE TURN NUM = 15.
[2025-10-08 20:21:43,330] [INFO] EXIT: 'DisambiguationAgent' calling '_removing_repetitive_sentences' (1.9788742065429688e-05 secs).
[2025-10-08 20:21:43,330] [INFO] ENTER: 'DisambiguationAgent' calling '_choose_the_most_persuasive_sentences'; CURRENT SPEAKER: grok-3_mas, DIALOGUE TURN NUM = 15.
[2025-10-08 20:21:47,065] [INFO] 'DisambiguationAgent': reached maximum allowed sentences, succussfully chose most persuasive sentences, completion returned and validated from MODEL = 'grok-3'.
[2025-10-08 20:21:47,065] [INFO] EXIT: 'DisambiguationAgent' calling '_choose_the_most_persuasive_sentences' (3.734449625015259 secs).
[2025-10-08 20:21:47,065] [INFO] ENTER: 'DisambiguationAgent' calling 'return_disambiguated_sentences'; CURRENT SPEAKER: grok-3_mas, DIALOGUE TURN NUM = 15.
[2025-10-08 20:21:47,065] [INFO] EXIT: 'DisambiguationAgent' calling 'return_disambiguated_sentences' (2.6226043701171875e-06 secs).
[2025-10-08 20:21:47,065] [ERROR] Wrong state used; State of type HumanState; error message: dict has unexpected extra key(s): "graph_rag_examples", "intermediate_generations", "knowledge_base_ensemble_or_model_name", "model_seed", "model_temp", "model_top_p", "number_of_graph_rag_examples", "number_of_vector_based_rag_examples", "political_position_prob_of_na", "political_position_range", "political_position_std", "speaker_model_name", "speaker_type", "vector_based_persona_string", "vector_based_persona_sys_prompt"
[2025-10-08 20:21:47,066] [INFO] Correct state used; State of type GenerationAgentsState; 'IGNORE THE ABOVE ERRORS'.
[2025-10-08 20:21:47,711] [INFO] 'commitment_update' completed '___Claim___' update for current speaker's commitments; MODEL = 'grok-3'.
[2025-10-08 20:21:48,332] [INFO] 'commitment_update' completed '___Since___' update; MODEL = 'grok-3'.
[2025-10-08 20:21:48,940] [INFO] 'commitment_update' completed '___Claim___' update for current speaker's commitments; MODEL = 'grok-3'.
[2025-10-08 20:21:49,595] [INFO] 'commitment_update' completed '___Claim___' update for current speaker's commitments; MODEL = 'grok-3'.
[2025-10-08 20:21:50,209] [INFO] 'commitment_update' completed '___Claim___' update for current speaker's commitments; MODEL = 'grok-3'.
[2025-10-08 20:21:50,271] [ERROR] Wrong state used; State of type HumanState; error message: dict has unexpected extra key(s): "graph_rag_examples", "intermediate_generations", "knowledge_base_ensemble_or_model_name", "model_seed", "model_temp", "model_top_p", "number_of_graph_rag_examples", "number_of_vector_based_rag_examples", "political_position_prob_of_na", "political_position_range", "political_position_std", "speaker_model_name", "speaker_type", "vector_based_persona_string", "vector_based_persona_sys_prompt"
[2025-10-08 20:21:50,271] [INFO] Correct state used; State of type GenerationAgentsState; 'IGNORE THE ABOVE ERRORS'.
[2025-10-08 20:21:50,271] [INFO] ENTER: 'UtteranceClassificationAgent' calling '_classify_sentence_utterance_types'; CURRENT SPEAKER: mistral-medium_mas_rag, DIALOGUE TURN NUM = 16.
[2025-10-08 20:22:03,465] [INFO] 'UtteranceClassificationAgent' completion returned and validated from MODEL = 'ModelName.MISTRAL_MEDIUM'.
[2025-10-08 20:22:24,771] [INFO] 'UtteranceClassificationAgent' completion returned and validated from MODEL = 'ModelName.MISTRAL_MEDIUM'.
[2025-10-08 20:22:25,266] [INFO] 'UtteranceClassificationAgent' completion returned and validated from MODEL = 'ModelName.MISTRAL_MEDIUM'.
[2025-10-08 20:22:26,124] [INFO] 'UtteranceClassificationAgent' completion returned and validated from MODEL = 'ModelName.MISTRAL_MEDIUM'.
[2025-10-08 20:22:43,625] [INFO] 'UtteranceClassificationAgent' completion returned and validated from MODEL = 'ModelName.MISTRAL_MEDIUM'.
[2025-10-08 20:22:43,625] [INFO] EXIT: 'UtteranceClassificationAgent' calling '_classify_sentence_utterance_types' (53.353941679000854 secs).
[2025-10-08 20:22:43,625] [INFO] ENTER: 'UtteranceClassificationAgent' calling 'return_classified_sentences'; CURRENT SPEAKER: mistral-medium_mas_rag, DIALOGUE TURN NUM = 16.
[2025-10-08 20:22:43,625] [INFO] EXIT: 'UtteranceClassificationAgent' calling 'return_classified_sentences' (2.6226043701171875e-06 secs).
[2025-10-08 20:22:43,645] [INFO] ENTER: 'GraphRAG' calling 'why'; CURRENT SPEAKER: mistral-medium_mas_rag, DIALOGUE TURN NUM = 16.
[2025-10-08 20:22:43,646] [INFO] ENTER: 'GraphRAG' calling 'query_graph'; CURRENT SPEAKER: mistral-medium_mas_rag, DIALOGUE TURN NUM = 16.
[2025-10-08 20:22:44,341] [INFO] EXIT: 'GraphRAG' calling 'query_graph' (0.694821834564209 secs).
[2025-10-08 20:22:44,341] [INFO] EXIT: 'GraphRAG' calling 'why' (0.6951940059661865 secs).
[2025-10-08 20:22:44,341] [INFO] ENTER: 'GraphRAG' calling 'claim_negation'; CURRENT SPEAKER: mistral-medium_mas_rag, DIALOGUE TURN NUM = 16.
[2025-10-08 20:22:44,341] [INFO] ENTER: 'GraphRAG' calling 'query_graph'; CURRENT SPEAKER: mistral-medium_mas_rag, DIALOGUE TURN NUM = 16.
[2025-10-08 20:22:45,025] [INFO] EXIT: 'GraphRAG' calling 'query_graph' (0.6838376522064209 secs).
[2025-10-08 20:22:45,025] [INFO] EXIT: 'GraphRAG' calling 'claim_negation' (0.6842577457427979 secs).
[2025-10-08 20:22:45,025] [INFO] ENTER: 'GraphRAG' calling 'concede'; CURRENT SPEAKER: mistral-medium_mas_rag, DIALOGUE TURN NUM = 16.
[2025-10-08 20:22:45,025] [INFO] ENTER: 'GraphRAG' calling 'query_graph'; CURRENT SPEAKER: mistral-medium_mas_rag, DIALOGUE TURN NUM = 16.
[2025-10-08 20:22:45,726] [INFO] EXIT: 'GraphRAG' calling 'query_graph' (0.7011120319366455 secs).
[2025-10-08 20:22:45,727] [INFO] EXIT: 'GraphRAG' calling 'concede' (0.7015087604522705 secs).
[2025-10-08 20:22:45,727] [INFO] ENTER: 'GraphRAG' calling 'question'; CURRENT SPEAKER: mistral-medium_mas_rag, DIALOGUE TURN NUM = 16.
[2025-10-08 20:22:45,727] [INFO] ENTER: 'GraphRAG' calling 'query_graph'; CURRENT SPEAKER: mistral-medium_mas_rag, DIALOGUE TURN NUM = 16.
[2025-10-08 20:22:45,852] [INFO] EXIT: 'GraphRAG' calling 'query_graph' (0.12476372718811035 secs).
[2025-10-08 20:22:45,852] [INFO] EXIT: 'GraphRAG' calling 'question' (0.12526845932006836 secs).
[2025-10-08 20:22:45,869] [INFO] ENTER: 'GraphRAG' calling 'why'; CURRENT SPEAKER: mistral-medium_mas_rag, DIALOGUE TURN NUM = 16.
[2025-10-08 20:22:45,870] [INFO] ENTER: 'GraphRAG' calling 'query_graph'; CURRENT SPEAKER: mistral-medium_mas_rag, DIALOGUE TURN NUM = 16.
[2025-10-08 20:22:46,566] [INFO] EXIT: 'GraphRAG' calling 'query_graph' (0.695685863494873 secs).
[2025-10-08 20:22:46,566] [INFO] EXIT: 'GraphRAG' calling 'why' (0.6961028575897217 secs).
[2025-10-08 20:22:46,566] [INFO] ENTER: 'GraphRAG' calling 'claim_negation'; CURRENT SPEAKER: mistral-medium_mas_rag, DIALOGUE TURN NUM = 16.
[2025-10-08 20:22:46,566] [INFO] ENTER: 'GraphRAG' calling 'query_graph'; CURRENT SPEAKER: mistral-medium_mas_rag, DIALOGUE TURN NUM = 16.
[2025-10-08 20:22:47,237] [INFO] EXIT: 'GraphRAG' calling 'query_graph' (0.6708617210388184 secs).
[2025-10-08 20:22:47,237] [INFO] EXIT: 'GraphRAG' calling 'claim_negation' (0.6712706089019775 secs).
[2025-10-08 20:22:47,237] [INFO] ENTER: 'GraphRAG' calling 'concede'; CURRENT SPEAKER: mistral-medium_mas_rag, DIALOGUE TURN NUM = 16.
[2025-10-08 20:22:47,237] [INFO] ENTER: 'GraphRAG' calling 'query_graph'; CURRENT SPEAKER: mistral-medium_mas_rag, DIALOGUE TURN NUM = 16.
[2025-10-08 20:22:47,925] [INFO] EXIT: 'GraphRAG' calling 'query_graph' (0.6878702640533447 secs).
[2025-10-08 20:22:47,925] [INFO] EXIT: 'GraphRAG' calling 'concede' (0.6882483959197998 secs).
[2025-10-08 20:22:47,925] [INFO] ENTER: 'GraphRAG' calling 'question'; CURRENT SPEAKER: mistral-medium_mas_rag, DIALOGUE TURN NUM = 16.
[2025-10-08 20:22:47,926] [INFO] ENTER: 'GraphRAG' calling 'query_graph'; CURRENT SPEAKER: mistral-medium_mas_rag, DIALOGUE TURN NUM = 16.
[2025-10-08 20:22:48,049] [INFO] EXIT: 'GraphRAG' calling 'query_graph' (0.12292313575744629 secs).
[2025-10-08 20:22:48,049] [INFO] EXIT: 'GraphRAG' calling 'question' (0.1232917308807373 secs).
[2025-10-08 20:22:48,066] [INFO] ENTER: 'GraphRAG' calling 'why'; CURRENT SPEAKER: mistral-medium_mas_rag, DIALOGUE TURN NUM = 16.
[2025-10-08 20:22:48,067] [INFO] ENTER: 'GraphRAG' calling 'query_graph'; CURRENT SPEAKER: mistral-medium_mas_rag, DIALOGUE TURN NUM = 16.
[2025-10-08 20:22:48,766] [INFO] EXIT: 'GraphRAG' calling 'query_graph' (0.6988089084625244 secs).
[2025-10-08 20:22:48,766] [INFO] EXIT: 'GraphRAG' calling 'why' (0.6992142200469971 secs).
[2025-10-08 20:22:48,766] [INFO] ENTER: 'GraphRAG' calling 'claim_negation'; CURRENT SPEAKER: mistral-medium_mas_rag, DIALOGUE TURN NUM = 16.
[2025-10-08 20:22:48,766] [INFO] ENTER: 'GraphRAG' calling 'query_graph'; CURRENT SPEAKER: mistral-medium_mas_rag, DIALOGUE TURN NUM = 16.
[2025-10-08 20:22:49,428] [INFO] EXIT: 'GraphRAG' calling 'query_graph' (0.6623711585998535 secs).
[2025-10-08 20:22:49,429] [INFO] EXIT: 'GraphRAG' calling 'claim_negation' (0.662752628326416 secs).
[2025-10-08 20:22:49,429] [INFO] ENTER: 'GraphRAG' calling 'concede'; CURRENT SPEAKER: mistral-medium_mas_rag, DIALOGUE TURN NUM = 16.
[2025-10-08 20:22:49,429] [INFO] ENTER: 'GraphRAG' calling 'query_graph'; CURRENT SPEAKER: mistral-medium_mas_rag, DIALOGUE TURN NUM = 16.
[2025-10-08 20:22:50,130] [INFO] EXIT: 'GraphRAG' calling 'query_graph' (0.7008664608001709 secs).
[2025-10-08 20:22:50,130] [INFO] EXIT: 'GraphRAG' calling 'concede' (0.7012910842895508 secs).
[2025-10-08 20:22:50,130] [INFO] ENTER: 'GraphRAG' calling 'question'; CURRENT SPEAKER: mistral-medium_mas_rag, DIALOGUE TURN NUM = 16.
[2025-10-08 20:22:50,130] [INFO] ENTER: 'GraphRAG' calling 'query_graph'; CURRENT SPEAKER: mistral-medium_mas_rag, DIALOGUE TURN NUM = 16.
[2025-10-08 20:22:50,250] [INFO] EXIT: 'GraphRAG' calling 'query_graph' (0.12009477615356445 secs).
[2025-10-08 20:22:50,250] [INFO] EXIT: 'GraphRAG' calling 'question' (0.12045860290527344 secs).
[2025-10-08 20:22:50,266] [INFO] ENTER: 'GraphRAG' calling 'why'; CURRENT SPEAKER: mistral-medium_mas_rag, DIALOGUE TURN NUM = 16.
[2025-10-08 20:22:50,267] [INFO] ENTER: 'GraphRAG' calling 'query_graph'; CURRENT SPEAKER: mistral-medium_mas_rag, DIALOGUE TURN NUM = 16.
[2025-10-08 20:22:50,950] [INFO] EXIT: 'GraphRAG' calling 'query_graph' (0.6827495098114014 secs).
[2025-10-08 20:22:50,950] [INFO] EXIT: 'GraphRAG' calling 'why' (0.6831514835357666 secs).
[2025-10-08 20:22:50,950] [INFO] ENTER: 'GraphRAG' calling 'claim_negation'; CURRENT SPEAKER: mistral-medium_mas_rag, DIALOGUE TURN NUM = 16.
[2025-10-08 20:22:50,950] [INFO] ENTER: 'GraphRAG' calling 'query_graph'; CURRENT SPEAKER: mistral-medium_mas_rag, DIALOGUE TURN NUM = 16.
[2025-10-08 20:22:51,618] [INFO] EXIT: 'GraphRAG' calling 'query_graph' (0.6680338382720947 secs).
[2025-10-08 20:22:51,618] [INFO] EXIT: 'GraphRAG' calling 'claim_negation' (0.668433666229248 secs).
[2025-10-08 20:22:51,618] [INFO] ENTER: 'GraphRAG' calling 'concede'; CURRENT SPEAKER: mistral-medium_mas_rag, DIALOGUE TURN NUM = 16.
[2025-10-08 20:22:51,618] [INFO] ENTER: 'GraphRAG' calling 'query_graph'; CURRENT SPEAKER: mistral-medium_mas_rag, DIALOGUE TURN NUM = 16.
[2025-10-08 20:22:52,310] [INFO] EXIT: 'GraphRAG' calling 'query_graph' (0.6918699741363525 secs).
[2025-10-08 20:22:52,310] [INFO] EXIT: 'GraphRAG' calling 'concede' (0.6922245025634766 secs).
[2025-10-08 20:22:52,310] [INFO] ENTER: 'GraphRAG' calling 'question'; CURRENT SPEAKER: mistral-medium_mas_rag, DIALOGUE TURN NUM = 16.
[2025-10-08 20:22:52,311] [INFO] ENTER: 'GraphRAG' calling 'query_graph'; CURRENT SPEAKER: mistral-medium_mas_rag, DIALOGUE TURN NUM = 16.
[2025-10-08 20:22:52,435] [INFO] EXIT: 'GraphRAG' calling 'query_graph' (0.1240990161895752 secs).
[2025-10-08 20:22:52,435] [INFO] EXIT: 'GraphRAG' calling 'question' (0.12450051307678223 secs).
[2025-10-08 20:22:52,451] [INFO] ENTER: 'GraphRAG' calling 'why'; CURRENT SPEAKER: mistral-medium_mas_rag, DIALOGUE TURN NUM = 16.
[2025-10-08 20:22:52,451] [INFO] ENTER: 'GraphRAG' calling 'query_graph'; CURRENT SPEAKER: mistral-medium_mas_rag, DIALOGUE TURN NUM = 16.
[2025-10-08 20:22:53,140] [INFO] EXIT: 'GraphRAG' calling 'query_graph' (0.6884589195251465 secs).
[2025-10-08 20:22:53,140] [INFO] EXIT: 'GraphRAG' calling 'why' (0.6888670921325684 secs).
[2025-10-08 20:22:53,140] [INFO] ENTER: 'GraphRAG' calling 'claim_negation'; CURRENT SPEAKER: mistral-medium_mas_rag, DIALOGUE TURN NUM = 16.
[2025-10-08 20:22:53,140] [INFO] ENTER: 'GraphRAG' calling 'query_graph'; CURRENT SPEAKER: mistral-medium_mas_rag, DIALOGUE TURN NUM = 16.
[2025-10-08 20:22:53,805] [INFO] EXIT: 'GraphRAG' calling 'query_graph' (0.6645798683166504 secs).
[2025-10-08 20:22:53,805] [INFO] EXIT: 'GraphRAG' calling 'claim_negation' (0.6649930477142334 secs).
[2025-10-08 20:22:53,805] [INFO] ENTER: 'GraphRAG' calling 'concede'; CURRENT SPEAKER: mistral-medium_mas_rag, DIALOGUE TURN NUM = 16.
[2025-10-08 20:22:53,805] [INFO] ENTER: 'GraphRAG' calling 'query_graph'; CURRENT SPEAKER: mistral-medium_mas_rag, DIALOGUE TURN NUM = 16.
[2025-10-08 20:22:54,494] [INFO] EXIT: 'GraphRAG' calling 'query_graph' (0.688267707824707 secs).
[2025-10-08 20:22:54,494] [INFO] EXIT: 'GraphRAG' calling 'concede' (0.6886298656463623 secs).
[2025-10-08 20:22:54,494] [INFO] ENTER: 'GraphRAG' calling 'question'; CURRENT SPEAKER: mistral-medium_mas_rag, DIALOGUE TURN NUM = 16.
[2025-10-08 20:22:54,494] [INFO] ENTER: 'GraphRAG' calling 'query_graph'; CURRENT SPEAKER: mistral-medium_mas_rag, DIALOGUE TURN NUM = 16.
[2025-10-08 20:22:54,616] [INFO] EXIT: 'GraphRAG' calling 'query_graph' (0.1215360164642334 secs).
[2025-10-08 20:22:54,616] [INFO] EXIT: 'GraphRAG' calling 'question' (0.12193417549133301 secs).
[2025-10-08 20:22:54,616] [INFO] ENTER: 'GraphRAG' calling 'return_rag_examples'; CURRENT SPEAKER: mistral-medium_mas_rag, DIALOGUE TURN NUM = 16.
[2025-10-08 20:22:54,616] [INFO] EXIT: 'GraphRAG' calling 'return_rag_examples' (2.384185791015625e-06 secs).
[2025-10-08 20:22:54,618] [INFO] ENTER: 'DialogueMoveGenerator' calling 'generate'; CURRENT SPEAKER: mistral-medium_mas_rag, DIALOGUE TURN NUM = 16.
[2025-10-08 20:22:54,618] [INFO] ENTER: 'DialogueMoveGenerator' calling 'generate'; CURRENT SPEAKER: mistral-medium_mas_rag, DIALOGUE TURN NUM = 16.
[2025-10-08 20:22:54,619] [INFO] ENTER: 'MASPromptGenerator' calling 'claim_negation'; CURRENT SPEAKER: mistral-medium_mas_rag, DIALOGUE TURN NUM = 16.
[2025-10-08 20:22:54,619] [INFO] ENTER: 'MASPromptGenerator' calling 'concede_claim'; CURRENT SPEAKER: mistral-medium_mas_rag, DIALOGUE TURN NUM = 16.
[2025-10-08 20:22:54,619] [INFO] ENTER: 'DialogueMoveGenerator' calling 'generate'; CURRENT SPEAKER: mistral-medium_mas_rag, DIALOGUE TURN NUM = 16.
[2025-10-08 20:22:54,619] [INFO] EXIT: 'MASPromptGenerator' calling 'claim_negation' (6.365776062011719e-05 secs).
[2025-10-08 20:22:54,619] [INFO] EXIT: 'MASPromptGenerator' calling 'concede_claim' (6.914138793945312e-05 secs).
[2025-10-08 20:22:54,620] [INFO] ENTER: 'MASPromptGenerator' calling 'question_claim'; CURRENT SPEAKER: mistral-medium_mas_rag, DIALOGUE TURN NUM = 16.
[2025-10-08 20:22:54,621] [INFO] ENTER: 'DialogueMoveGenerator' calling 'generate'; CURRENT SPEAKER: mistral-medium_mas_rag, DIALOGUE TURN NUM = 16.
[2025-10-08 20:22:54,623] [INFO] ENTER: 'MASPromptGenerator' calling 'why_claim'; CURRENT SPEAKER: mistral-medium_mas_rag, DIALOGUE TURN NUM = 16.
[2025-10-08 20:22:54,623] [INFO] EXIT: 'MASPromptGenerator' calling 'why_claim' (4.9114227294921875e-05 secs).
[2025-10-08 20:22:54,622] [INFO] EXIT: 'MASPromptGenerator' calling 'question_claim' (5.1975250244140625e-05 secs).
[2025-10-08 20:22:56,813] [INFO] Completion returned and validated from MODEL = 'mistral-medium'.
[2025-10-08 20:22:56,822] [INFO] Completion returned and validated from MODEL = 'mistral-medium'.
[2025-10-08 20:22:56,838] [INFO] Completion returned and validated from MODEL = 'mistral-medium'.
[2025-10-08 20:22:59,303] [INFO] Completion returned and validated from MODEL = 'mistral-medium'.
[2025-10-08 20:23:01,463] [INFO] Completion returned and validated from MODEL = 'mistral-medium'.
[2025-10-08 20:23:23,488] [INFO] Completion returned and validated from MODEL = 'mistral-medium'.
[2025-10-08 20:23:35,764] [INFO] Completion returned and validated from MODEL = 'mistral-medium'.
[2025-10-08 20:24:10,680] [INFO] Completion returned and validated from MODEL = 'mistral-medium'.
[2025-10-08 20:24:27,633] [INFO] Completion returned and validated from MODEL = 'mistral-medium'.
[2025-10-08 20:24:38,750] [INFO] Completion returned and validated from MODEL = 'mistral-medium'.
[2025-10-08 20:24:38,751] [INFO] EXIT: 'DialogueMoveGenerator' calling 'generate' (104.13188338279724 secs).
[2025-10-08 20:24:38,832] [INFO] Completion returned and validated from MODEL = 'mistral-medium'.
[2025-10-08 20:24:39,027] [INFO] Completion returned and validated from MODEL = 'mistral-medium'.
[2025-10-08 20:24:46,448] [INFO] Completion returned and validated from MODEL = 'mistral-medium'.
[2025-10-08 20:24:46,570] [INFO] Completion returned and validated from MODEL = 'mistral-medium'.
[2025-10-08 20:24:49,345] [INFO] Completion returned and validated from MODEL = 'mistral-medium'.
[2025-10-08 20:24:58,891] [INFO] Completion returned and validated from MODEL = 'mistral-medium'.
[2025-10-08 20:24:58,960] [INFO] Completion returned and validated from MODEL = 'mistral-medium'.
[2025-10-08 20:25:01,074] [INFO] Completion returned and validated from MODEL = 'mistral-medium'.
[2025-10-08 20:25:01,074] [INFO] EXIT: 'DialogueMoveGenerator' calling 'generate' (126.4511706829071 secs).
[2025-10-08 20:25:51,372] [INFO] Completion returned and validated from MODEL = 'mistral-medium'.
[2025-10-08 20:25:51,372] [INFO] EXIT: 'DialogueMoveGenerator' calling 'generate' (176.75402307510376 secs).
[2025-10-08 20:25:51,648] [INFO] Completion returned and validated from MODEL = 'mistral-medium'.
[2025-10-08 20:25:51,648] [INFO] EXIT: 'DialogueMoveGenerator' calling 'generate' (177.02777123451233 secs).
[2025-10-08 20:25:51,649] [INFO] ENTER: 'MASPromptGenerator' calling 'persuasiveness_choice'; CURRENT SPEAKER: mistral-medium_mas_rag, DIALOGUE TURN NUM = 16.
[2025-10-08 20:25:51,649] [INFO] EXIT: 'MASPromptGenerator' calling 'persuasiveness_choice' (0.00022149085998535156 secs).
[2025-10-08 20:25:55,092] [INFO] Completion returned and validated within 'PersuasivenessChoiceAgent'; MODEL = 'mistral-medium'; DIALOGUE TURN NUM = 16.
[2025-10-08 20:25:58,236] [INFO] Completion returned and validated within 'PersuasivenessChoiceAgent'; MODEL = 'mistral-medium'; DIALOGUE TURN NUM = 16.
[2025-10-08 20:26:00,882] [INFO] Completion returned and validated within 'PersuasivenessChoiceAgent'; MODEL = 'mistral-medium'; DIALOGUE TURN NUM = 16.
[2025-10-08 20:26:03,633] [INFO] Completion returned and validated within 'PersuasivenessChoiceAgent'; MODEL = 'mistral-medium'; DIALOGUE TURN NUM = 16.
[2025-10-08 20:26:06,845] [INFO] Completion returned and validated within 'PersuasivenessChoiceAgent'; MODEL = 'mistral-medium'; DIALOGUE TURN NUM = 16.
[2025-10-08 20:26:06,845] [INFO] ENTER: 'DisambiguationAgent' calling '_grouping_similar_utterance_types'; CURRENT SPEAKER: mistral-medium_mas_rag, DIALOGUE TURN NUM = 16.
[2025-10-08 20:26:06,845] [INFO] EXIT: 'DisambiguationAgent' calling '_grouping_similar_utterance_types' (1.2874603271484375e-05 secs).
[2025-10-08 20:26:06,845] [INFO] ENTER: 'DisambiguationAgent' calling '_identifying_similar_sentences_and_choosing_one_to_return_to_user'; CURRENT SPEAKER: mistral-medium_mas_rag, DIALOGUE TURN NUM = 16.
[2025-10-08 20:26:13,628] [INFO] 'DisambiguationAgent' grouped similar sentences, completion returned and validated; MODEL = 'mistral-medium'.
[2025-10-08 20:26:14,746] [INFO] 'DisambiguationAgent' chose sentences to remove, completion returned and validated from MODEL = 'mistral-medium'.
[2025-10-08 20:26:15,859] [INFO] 'DisambiguationAgent' chose sentences to remove, completion returned and validated from MODEL = 'mistral-medium'.
[2025-10-08 20:26:16,728] [INFO] 'DisambiguationAgent' chose sentences to remove, completion returned and validated from MODEL = 'mistral-medium'.
[2025-10-08 20:26:16,728] [INFO] EXIT: 'DisambiguationAgent' calling '_identifying_similar_sentences_and_choosing_one_to_return_to_user' (9.88206434249878 secs).
[2025-10-08 20:26:16,728] [INFO] ENTER: 'DisambiguationAgent' calling '_identifying_similar_sentences_and_choosing_one_to_return_to_user'; CURRENT SPEAKER: mistral-medium_mas_rag, DIALOGUE TURN NUM = 16.
[2025-10-08 20:26:23,635] [INFO] 'DisambiguationAgent' grouped similar sentences, completion returned and validated; MODEL = 'mistral-medium'.
[2025-10-08 20:26:24,617] [INFO] 'DisambiguationAgent' chose sentences to remove, completion returned and validated from MODEL = 'mistral-medium'.
[2025-10-08 20:28:26,025] [INFO] 'DisambiguationAgent' chose sentences to remove, completion returned and validated from MODEL = 'mistral-medium'.
[2025-10-08 20:28:26,026] [INFO] EXIT: 'DisambiguationAgent' calling '_identifying_similar_sentences_and_choosing_one_to_return_to_user' (129.29789304733276 secs).
[2025-10-08 20:28:26,026] [INFO] ENTER: 'DisambiguationAgent' calling '_removing_repetitive_sentences'; CURRENT SPEAKER: mistral-medium_mas_rag, DIALOGUE TURN NUM = 16.
[2025-10-08 20:28:26,026] [INFO] EXIT: 'DisambiguationAgent' calling '_removing_repetitive_sentences' (2.4557113647460938e-05 secs).
[2025-10-08 20:28:26,026] [INFO] ENTER: 'DisambiguationAgent' calling '_choose_the_most_persuasive_sentences'; CURRENT SPEAKER: mistral-medium_mas_rag, DIALOGUE TURN NUM = 16.
[2025-10-08 20:28:31,511] [INFO] 'DisambiguationAgent': reached maximum allowed sentences, succussfully chose most persuasive sentences, completion returned and validated from MODEL = 'mistral-medium'.
[2025-10-08 20:28:31,511] [INFO] EXIT: 'DisambiguationAgent' calling '_choose_the_most_persuasive_sentences' (5.485724687576294 secs).
[2025-10-08 20:28:31,511] [INFO] ENTER: 'DisambiguationAgent' calling 'return_disambiguated_sentences'; CURRENT SPEAKER: mistral-medium_mas_rag, DIALOGUE TURN NUM = 16.
[2025-10-08 20:28:31,511] [INFO] EXIT: 'DisambiguationAgent' calling 'return_disambiguated_sentences' (2.384185791015625e-06 secs).
[2025-10-08 20:28:31,512] [ERROR] Wrong state used; State of type HumanState; error message: dict has unexpected extra key(s): "graph_rag_examples", "intermediate_generations", "knowledge_base_ensemble_or_model_name", "model_seed", "model_temp", "model_top_p", "number_of_graph_rag_examples", "number_of_vector_based_rag_examples", "political_position_prob_of_na", "political_position_range", "political_position_std", "speaker_model_name", "speaker_type", "vector_based_persona_string", "vector_based_persona_sys_prompt"
[2025-10-08 20:28:31,512] [INFO] Correct state used; State of type GenerationAgentsState; 'IGNORE THE ABOVE ERRORS'.
[2025-10-08 20:28:33,530] [INFO] 'commitment_update' completed '___Claim___' update for current speaker's commitments; MODEL = 'mistral-medium'.
[2025-10-08 20:28:34,472] [INFO] 'commitment_update' completed '___Claim___' update for current speaker's commitments; MODEL = 'mistral-medium'.
[2025-10-08 20:28:47,005] [INFO] 'commitment_update' completed '___Claim___' update for current speaker's commitments; MODEL = 'mistral-medium'.
[2025-10-08 20:28:47,096] [ERROR] Wrong state used; State of type HumanState; error message: dict has unexpected extra key(s): "graph_rag_examples", "intermediate_generations", "knowledge_base_ensemble_or_model_name", "model_seed", "model_temp", "model_top_p", "number_of_graph_rag_examples", "number_of_vector_based_rag_examples", "political_position_prob_of_na", "political_position_range", "political_position_std", "speaker_model_name", "speaker_type", "vector_based_persona_string", "vector_based_persona_sys_prompt"
[2025-10-08 20:28:47,097] [INFO] Correct state used; State of type GenerationAgentsState; 'IGNORE THE ABOVE ERRORS'.
[2025-10-08 20:28:47,097] [INFO] ENTER: 'UtteranceClassificationAgent' calling '_classify_sentence_utterance_types'; CURRENT SPEAKER: grok-3_mas, DIALOGUE TURN NUM = 17.
[2025-10-08 20:28:47,783] [INFO] 'UtteranceClassificationAgent' completion returned and validated from MODEL = 'ModelName.GROK_3'.
[2025-10-08 20:28:48,445] [INFO] 'UtteranceClassificationAgent' completion returned and validated from MODEL = 'ModelName.GROK_3'.
[2025-10-08 20:28:49,069] [INFO] 'UtteranceClassificationAgent' completion returned and validated from MODEL = 'ModelName.GROK_3'.
[2025-10-08 20:28:49,761] [INFO] 'UtteranceClassificationAgent' completion returned and validated from MODEL = 'ModelName.GROK_3'.
[2025-10-08 20:28:50,419] [INFO] 'UtteranceClassificationAgent' completion returned and validated from MODEL = 'ModelName.GROK_3'.
[2025-10-08 20:28:50,419] [INFO] EXIT: 'UtteranceClassificationAgent' calling '_classify_sentence_utterance_types' (3.3219430446624756 secs).
[2025-10-08 20:28:50,419] [INFO] ENTER: 'UtteranceClassificationAgent' calling 'return_classified_sentences'; CURRENT SPEAKER: grok-3_mas, DIALOGUE TURN NUM = 17.
[2025-10-08 20:28:50,419] [INFO] EXIT: 'UtteranceClassificationAgent' calling 'return_classified_sentences' (1.9073486328125e-06 secs).
[2025-10-08 20:28:50,421] [INFO] ENTER: 'DialogueMoveGenerator' calling 'generate'; CURRENT SPEAKER: grok-3_mas, DIALOGUE TURN NUM = 17.
[2025-10-08 20:28:50,421] [INFO] ENTER: 'MASPromptGenerator' calling 'claim'; CURRENT SPEAKER: grok-3_mas, DIALOGUE TURN NUM = 17.
[2025-10-08 20:28:50,421] [INFO] EXIT: 'MASPromptGenerator' calling 'claim' (5.4836273193359375e-05 secs).
[2025-10-08 20:28:50,422] [INFO] ENTER: 'DialogueMoveGenerator' calling 'generate'; CURRENT SPEAKER: grok-3_mas, DIALOGUE TURN NUM = 17.
[2025-10-08 20:28:50,422] [INFO] ENTER: 'MASPromptGenerator' calling 'claim_negation'; CURRENT SPEAKER: grok-3_mas, DIALOGUE TURN NUM = 17.
[2025-10-08 20:28:50,422] [INFO] EXIT: 'MASPromptGenerator' calling 'claim_negation' (3.218650817871094e-05 secs).
[2025-10-08 20:28:50,423] [INFO] ENTER: 'DialogueMoveGenerator' calling 'generate'; CURRENT SPEAKER: grok-3_mas, DIALOGUE TURN NUM = 17.
[2025-10-08 20:28:50,423] [INFO] ENTER: 'MASPromptGenerator' calling 'concede_claim'; CURRENT SPEAKER: grok-3_mas, DIALOGUE TURN NUM = 17.
[2025-10-08 20:28:50,424] [INFO] EXIT: 'MASPromptGenerator' calling 'concede_claim' (4.172325134277344e-05 secs).
[2025-10-08 20:28:50,424] [INFO] ENTER: 'DialogueMoveGenerator' calling 'generate'; CURRENT SPEAKER: grok-3_mas, DIALOGUE TURN NUM = 17.
[2025-10-08 20:28:50,425] [INFO] ENTER: 'MASPromptGenerator' calling 'question_claim'; CURRENT SPEAKER: grok-3_mas, DIALOGUE TURN NUM = 17.
[2025-10-08 20:28:50,425] [INFO] EXIT: 'MASPromptGenerator' calling 'question_claim' (3.147125244140625e-05 secs).
[2025-10-08 20:28:50,425] [INFO] ENTER: 'DialogueMoveGenerator' calling 'generate'; CURRENT SPEAKER: grok-3_mas, DIALOGUE TURN NUM = 17.
[2025-10-08 20:28:50,426] [INFO] ENTER: 'MASPromptGenerator' calling 'retract_claim'; CURRENT SPEAKER: grok-3_mas, DIALOGUE TURN NUM = 17.
[2025-10-08 20:28:50,426] [INFO] EXIT: 'MASPromptGenerator' calling 'retract_claim' (3.5762786865234375e-05 secs).
[2025-10-08 20:28:50,427] [INFO] ENTER: 'DialogueMoveGenerator' calling 'generate'; CURRENT SPEAKER: grok-3_mas, DIALOGUE TURN NUM = 17.
[2025-10-08 20:28:50,427] [INFO] ENTER: 'MASPromptGenerator' calling 'since_claim'; CURRENT SPEAKER: grok-3_mas, DIALOGUE TURN NUM = 17.
[2025-10-08 20:28:50,427] [INFO] EXIT: 'MASPromptGenerator' calling 'since_claim' (4.029273986816406e-05 secs).
[2025-10-08 20:28:50,428] [INFO] ENTER: 'DialogueMoveGenerator' calling 'generate'; CURRENT SPEAKER: grok-3_mas, DIALOGUE TURN NUM = 17.
[2025-10-08 20:28:50,429] [INFO] ENTER: 'MASPromptGenerator' calling 'why_claim'; CURRENT SPEAKER: grok-3_mas, DIALOGUE TURN NUM = 17.
[2025-10-08 20:28:50,429] [INFO] EXIT: 'MASPromptGenerator' calling 'why_claim' (3.528594970703125e-05 secs).
[2025-10-08 20:28:54,544] [INFO] Completion returned and validated from MODEL = 'grok-3'.
[2025-10-08 20:28:54,620] [INFO] Completion returned and validated from MODEL = 'grok-3'.
[2025-10-08 20:28:54,734] [INFO] Completion returned and validated from MODEL = 'grok-3'.
[2025-10-08 20:28:55,037] [INFO] Completion returned and validated from MODEL = 'grok-3'.
[2025-10-08 20:28:55,122] [INFO] Completion returned and validated from MODEL = 'grok-3'.
[2025-10-08 20:28:55,495] [INFO] Completion returned and validated from MODEL = 'grok-3'.
[2025-10-08 20:28:55,507] [INFO] Completion returned and validated from MODEL = 'grok-3'.
[2025-10-08 20:28:57,829] [INFO] Completion returned and validated from MODEL = 'grok-3'.
[2025-10-08 20:28:58,250] [INFO] Completion returned and validated from MODEL = 'grok-3'.
[2025-10-08 20:28:58,441] [INFO] Completion returned and validated from MODEL = 'grok-3'.
[2025-10-08 20:28:58,445] [INFO] Completion returned and validated from MODEL = 'grok-3'.
[2025-10-08 20:28:58,825] [INFO] Completion returned and validated from MODEL = 'grok-3'.
[2025-10-08 20:28:58,825] [INFO] EXIT: 'DialogueMoveGenerator' calling 'generate' (8.39818024635315 secs).
[2025-10-08 20:28:59,839] [INFO] Completion returned and validated from MODEL = 'grok-3'.
[2025-10-08 20:28:59,839] [INFO] EXIT: 'DialogueMoveGenerator' calling 'generate' (9.41322135925293 secs).
[2025-10-08 20:28:59,997] [INFO] Completion returned and validated from MODEL = 'grok-3'.
[2025-10-08 20:28:59,997] [INFO] EXIT: 'DialogueMoveGenerator' calling 'generate' (9.575940370559692 secs).
[2025-10-08 20:29:00,232] [INFO] Completion returned and validated from MODEL = 'grok-3'.
[2025-10-08 20:29:00,232] [INFO] EXIT: 'DialogueMoveGenerator' calling 'generate' (9.808456182479858 secs).
[2025-10-08 20:29:01,241] [INFO] Completion returned and validated from MODEL = 'grok-3'.
[2025-10-08 20:29:01,241] [INFO] EXIT: 'DialogueMoveGenerator' calling 'generate' (10.818946123123169 secs).
[2025-10-08 20:29:01,243] [INFO] Completion returned and validated from MODEL = 'grok-3'.
[2025-10-08 20:29:01,244] [INFO] EXIT: 'DialogueMoveGenerator' calling 'generate' (10.81508207321167 secs).
[2025-10-08 20:29:01,448] [INFO] Completion returned and validated from MODEL = 'grok-3'.
[2025-10-08 20:29:01,448] [INFO] EXIT: 'DialogueMoveGenerator' calling 'generate' (11.023481607437134 secs).
[2025-10-08 20:29:01,449] [INFO] ENTER: 'MASPromptGenerator' calling 'persuasiveness_choice'; CURRENT SPEAKER: grok-3_mas, DIALOGUE TURN NUM = 17.
[2025-10-08 20:29:01,449] [INFO] EXIT: 'MASPromptGenerator' calling 'persuasiveness_choice' (0.00018644332885742188 secs).
[2025-10-08 20:29:03,771] [INFO] Completion returned and validated within 'PersuasivenessChoiceAgent'; MODEL = 'grok-3'; DIALOGUE TURN NUM = 17.
[2025-10-08 20:29:06,224] [INFO] Completion returned and validated within 'PersuasivenessChoiceAgent'; MODEL = 'grok-3'; DIALOGUE TURN NUM = 17.
[2025-10-08 20:29:08,428] [INFO] Completion returned and validated within 'PersuasivenessChoiceAgent'; MODEL = 'grok-3'; DIALOGUE TURN NUM = 17.
[2025-10-08 20:29:11,071] [INFO] Completion returned and validated within 'PersuasivenessChoiceAgent'; MODEL = 'grok-3'; DIALOGUE TURN NUM = 17.
[2025-10-08 20:29:16,107] [INFO] Completion returned and validated within 'PersuasivenessChoiceAgent'; MODEL = 'grok-3'; DIALOGUE TURN NUM = 17.
[2025-10-08 20:29:16,107] [INFO] ENTER: 'DisambiguationAgent' calling '_grouping_similar_utterance_types'; CURRENT SPEAKER: grok-3_mas, DIALOGUE TURN NUM = 17.
[2025-10-08 20:29:16,107] [INFO] EXIT: 'DisambiguationAgent' calling '_grouping_similar_utterance_types' (1.049041748046875e-05 secs).
[2025-10-08 20:29:16,107] [INFO] ENTER: 'DisambiguationAgent' calling '_identifying_similar_sentences_and_choosing_one_to_return_to_user'; CURRENT SPEAKER: grok-3_mas, DIALOGUE TURN NUM = 17.
[2025-10-08 20:29:25,572] [INFO] 'DisambiguationAgent' grouped similar sentences, completion returned and validated; MODEL = 'grok-3'.
[2025-10-08 20:29:26,842] [INFO] 'DisambiguationAgent' chose sentences to remove, completion returned and validated from MODEL = 'grok-3'.
[2025-10-08 20:29:28,017] [INFO] 'DisambiguationAgent' chose sentences to remove, completion returned and validated from MODEL = 'grok-3'.
[2025-10-08 20:29:28,017] [INFO] EXIT: 'DisambiguationAgent' calling '_identifying_similar_sentences_and_choosing_one_to_return_to_user' (11.9100661277771 secs).
[2025-10-08 20:29:28,017] [INFO] ENTER: 'DisambiguationAgent' calling '_removing_repetitive_sentences'; CURRENT SPEAKER: grok-3_mas, DIALOGUE TURN NUM = 17.
[2025-10-08 20:29:28,017] [INFO] EXIT: 'DisambiguationAgent' calling '_removing_repetitive_sentences' (1.8358230590820312e-05 secs).
[2025-10-08 20:29:28,018] [INFO] ENTER: 'DisambiguationAgent' calling '_choose_the_most_persuasive_sentences'; CURRENT SPEAKER: grok-3_mas, DIALOGUE TURN NUM = 17.
[2025-10-08 20:29:31,855] [INFO] 'DisambiguationAgent': reached maximum allowed sentences, succussfully chose most persuasive sentences, completion returned and validated from MODEL = 'grok-3'.
[2025-10-08 20:29:31,855] [INFO] EXIT: 'DisambiguationAgent' calling '_choose_the_most_persuasive_sentences' (3.83748197555542 secs).
[2025-10-08 20:29:31,855] [INFO] ENTER: 'DisambiguationAgent' calling 'return_disambiguated_sentences'; CURRENT SPEAKER: grok-3_mas, DIALOGUE TURN NUM = 17.
[2025-10-08 20:29:31,855] [INFO] EXIT: 'DisambiguationAgent' calling 'return_disambiguated_sentences' (2.384185791015625e-06 secs).
[2025-10-08 20:29:31,856] [ERROR] Wrong state used; State of type HumanState; error message: dict has unexpected extra key(s): "graph_rag_examples", "intermediate_generations", "knowledge_base_ensemble_or_model_name", "model_seed", "model_temp", "model_top_p", "number_of_graph_rag_examples", "number_of_vector_based_rag_examples", "political_position_prob_of_na", "political_position_range", "political_position_std", "speaker_model_name", "speaker_type", "vector_based_persona_string", "vector_based_persona_sys_prompt"
[2025-10-08 20:29:31,856] [INFO] Correct state used; State of type GenerationAgentsState; 'IGNORE THE ABOVE ERRORS'.
[2025-10-08 20:29:32,542] [INFO] 'commitment_update' completed '___Claim___' update for current speaker's commitments; MODEL = 'grok-3'.
[2025-10-08 20:29:33,283] [INFO] 'commitment_update' completed '___Claim___' update for current speaker's commitments; MODEL = 'grok-3'.
[2025-10-08 20:29:34,052] [INFO] 'commitment_update' completed '___Claim___' update for current speaker's commitments; MODEL = 'grok-3'.
[2025-10-08 20:29:34,622] [INFO] 'commitment_update' completed '___Since___' update; MODEL = 'grok-3'.
[2025-10-08 20:29:35,604] [INFO] 'commitment_update' completed '___Since___' update; MODEL = 'grok-3'.
[2025-10-08 20:29:35,677] [ERROR] Wrong state used; State of type HumanState; error message: dict has unexpected extra key(s): "graph_rag_examples", "intermediate_generations", "knowledge_base_ensemble_or_model_name", "model_seed", "model_temp", "model_top_p", "number_of_graph_rag_examples", "number_of_vector_based_rag_examples", "political_position_prob_of_na", "political_position_range", "political_position_std", "speaker_model_name", "speaker_type", "vector_based_persona_string", "vector_based_persona_sys_prompt"
[2025-10-08 20:29:35,677] [INFO] Correct state used; State of type GenerationAgentsState; 'IGNORE THE ABOVE ERRORS'.
[2025-10-08 20:29:35,677] [INFO] ENTER: 'UtteranceClassificationAgent' calling '_classify_sentence_utterance_types'; CURRENT SPEAKER: mistral-medium_mas_rag, DIALOGUE TURN NUM = 18.
[2025-10-08 20:29:36,262] [INFO] 'UtteranceClassificationAgent' completion returned and validated from MODEL = 'ModelName.MISTRAL_MEDIUM'.
[2025-10-08 20:29:36,816] [INFO] 'UtteranceClassificationAgent' completion returned and validated from MODEL = 'ModelName.MISTRAL_MEDIUM'.
[2025-10-08 20:29:37,340] [INFO] 'UtteranceClassificationAgent' completion returned and validated from MODEL = 'ModelName.MISTRAL_MEDIUM'.
[2025-10-08 20:29:37,878] [INFO] 'UtteranceClassificationAgent' completion returned and validated from MODEL = 'ModelName.MISTRAL_MEDIUM'.
[2025-10-08 20:29:38,365] [INFO] 'UtteranceClassificationAgent' completion returned and validated from MODEL = 'ModelName.MISTRAL_MEDIUM'.
[2025-10-08 20:29:38,365] [INFO] EXIT: 'UtteranceClassificationAgent' calling '_classify_sentence_utterance_types' (2.687730073928833 secs).
[2025-10-08 20:29:38,365] [INFO] ENTER: 'UtteranceClassificationAgent' calling 'return_classified_sentences'; CURRENT SPEAKER: mistral-medium_mas_rag, DIALOGUE TURN NUM = 18.
[2025-10-08 20:29:38,365] [INFO] EXIT: 'UtteranceClassificationAgent' calling 'return_classified_sentences' (1.9073486328125e-06 secs).
[2025-10-08 20:29:38,384] [INFO] ENTER: 'GraphRAG' calling 'why'; CURRENT SPEAKER: mistral-medium_mas_rag, DIALOGUE TURN NUM = 18.
[2025-10-08 20:29:38,385] [INFO] ENTER: 'GraphRAG' calling 'query_graph'; CURRENT SPEAKER: mistral-medium_mas_rag, DIALOGUE TURN NUM = 18.
[2025-10-08 20:29:39,067] [INFO] EXIT: 'GraphRAG' calling 'query_graph' (0.6820342540740967 secs).
[2025-10-08 20:29:39,067] [INFO] EXIT: 'GraphRAG' calling 'why' (0.6824355125427246 secs).
[2025-10-08 20:29:39,067] [INFO] ENTER: 'GraphRAG' calling 'claim_negation'; CURRENT SPEAKER: mistral-medium_mas_rag, DIALOGUE TURN NUM = 18.
[2025-10-08 20:29:39,067] [INFO] ENTER: 'GraphRAG' calling 'query_graph'; CURRENT SPEAKER: mistral-medium_mas_rag, DIALOGUE TURN NUM = 18.
[2025-10-08 20:29:39,713] [INFO] EXIT: 'GraphRAG' calling 'query_graph' (0.6459050178527832 secs).
[2025-10-08 20:29:39,713] [INFO] EXIT: 'GraphRAG' calling 'claim_negation' (0.6462719440460205 secs).
[2025-10-08 20:29:39,713] [INFO] ENTER: 'GraphRAG' calling 'concede'; CURRENT SPEAKER: mistral-medium_mas_rag, DIALOGUE TURN NUM = 18.
[2025-10-08 20:29:39,714] [INFO] ENTER: 'GraphRAG' calling 'query_graph'; CURRENT SPEAKER: mistral-medium_mas_rag, DIALOGUE TURN NUM = 18.
[2025-10-08 20:29:40,402] [INFO] EXIT: 'GraphRAG' calling 'query_graph' (0.6886880397796631 secs).
[2025-10-08 20:29:40,402] [INFO] EXIT: 'GraphRAG' calling 'concede' (0.6890513896942139 secs).
[2025-10-08 20:29:40,402] [INFO] ENTER: 'GraphRAG' calling 'question'; CURRENT SPEAKER: mistral-medium_mas_rag, DIALOGUE TURN NUM = 18.
[2025-10-08 20:29:40,403] [INFO] ENTER: 'GraphRAG' calling 'query_graph'; CURRENT SPEAKER: mistral-medium_mas_rag, DIALOGUE TURN NUM = 18.
[2025-10-08 20:29:40,527] [INFO] EXIT: 'GraphRAG' calling 'query_graph' (0.12389516830444336 secs).
[2025-10-08 20:29:40,527] [INFO] EXIT: 'GraphRAG' calling 'question' (0.12457275390625 secs).
[2025-10-08 20:29:40,545] [INFO] ENTER: 'GraphRAG' calling 'why'; CURRENT SPEAKER: mistral-medium_mas_rag, DIALOGUE TURN NUM = 18.
[2025-10-08 20:29:40,545] [INFO] ENTER: 'GraphRAG' calling 'query_graph'; CURRENT SPEAKER: mistral-medium_mas_rag, DIALOGUE TURN NUM = 18.
[2025-10-08 20:29:41,240] [INFO] EXIT: 'GraphRAG' calling 'query_graph' (0.6949565410614014 secs).
[2025-10-08 20:29:41,241] [INFO] EXIT: 'GraphRAG' calling 'why' (0.6953377723693848 secs).
[2025-10-08 20:29:41,241] [INFO] ENTER: 'GraphRAG' calling 'claim_negation'; CURRENT SPEAKER: mistral-medium_mas_rag, DIALOGUE TURN NUM = 18.
[2025-10-08 20:29:41,241] [INFO] ENTER: 'GraphRAG' calling 'query_graph'; CURRENT SPEAKER: mistral-medium_mas_rag, DIALOGUE TURN NUM = 18.
[2025-10-08 20:29:41,910] [INFO] EXIT: 'GraphRAG' calling 'query_graph' (0.669440507888794 secs).
[2025-10-08 20:29:41,910] [INFO] EXIT: 'GraphRAG' calling 'claim_negation' (0.6698777675628662 secs).
[2025-10-08 20:29:41,910] [INFO] ENTER: 'GraphRAG' calling 'concede'; CURRENT SPEAKER: mistral-medium_mas_rag, DIALOGUE TURN NUM = 18.
[2025-10-08 20:29:41,911] [INFO] ENTER: 'GraphRAG' calling 'query_graph'; CURRENT SPEAKER: mistral-medium_mas_rag, DIALOGUE TURN NUM = 18.
[2025-10-08 20:29:42,600] [INFO] EXIT: 'GraphRAG' calling 'query_graph' (0.688795804977417 secs).
[2025-10-08 20:29:42,600] [INFO] EXIT: 'GraphRAG' calling 'concede' (0.689155101776123 secs).
[2025-10-08 20:29:42,600] [INFO] ENTER: 'GraphRAG' calling 'question'; CURRENT SPEAKER: mistral-medium_mas_rag, DIALOGUE TURN NUM = 18.
[2025-10-08 20:29:42,600] [INFO] ENTER: 'GraphRAG' calling 'query_graph'; CURRENT SPEAKER: mistral-medium_mas_rag, DIALOGUE TURN NUM = 18.
[2025-10-08 20:29:42,724] [INFO] EXIT: 'GraphRAG' calling 'query_graph' (0.12357044219970703 secs).
[2025-10-08 20:29:42,724] [INFO] EXIT: 'GraphRAG' calling 'question' (0.12394857406616211 secs).
[2025-10-08 20:29:42,740] [INFO] ENTER: 'GraphRAG' calling 'why'; CURRENT SPEAKER: mistral-medium_mas_rag, DIALOGUE TURN NUM = 18.
[2025-10-08 20:29:42,740] [INFO] ENTER: 'GraphRAG' calling 'query_graph'; CURRENT SPEAKER: mistral-medium_mas_rag, DIALOGUE TURN NUM = 18.
[2025-10-08 20:29:43,425] [INFO] EXIT: 'GraphRAG' calling 'query_graph' (0.6853001117706299 secs).
[2025-10-08 20:29:43,426] [INFO] EXIT: 'GraphRAG' calling 'why' (0.6856615543365479 secs).
[2025-10-08 20:29:43,426] [INFO] ENTER: 'GraphRAG' calling 'claim_negation'; CURRENT SPEAKER: mistral-medium_mas_rag, DIALOGUE TURN NUM = 18.
[2025-10-08 20:29:43,426] [INFO] ENTER: 'GraphRAG' calling 'query_graph'; CURRENT SPEAKER: mistral-medium_mas_rag, DIALOGUE TURN NUM = 18.
[2025-10-08 20:29:44,076] [INFO] EXIT: 'GraphRAG' calling 'query_graph' (0.6504707336425781 secs).
[2025-10-08 20:29:44,077] [INFO] EXIT: 'GraphRAG' calling 'claim_negation' (0.6509056091308594 secs).
[2025-10-08 20:29:44,077] [INFO] ENTER: 'GraphRAG' calling 'concede'; CURRENT SPEAKER: mistral-medium_mas_rag, DIALOGUE TURN NUM = 18.
[2025-10-08 20:29:44,077] [INFO] ENTER: 'GraphRAG' calling 'query_graph'; CURRENT SPEAKER: mistral-medium_mas_rag, DIALOGUE TURN NUM = 18.
[2025-10-08 20:29:44,775] [INFO] EXIT: 'GraphRAG' calling 'query_graph' (0.6985301971435547 secs).
[2025-10-08 20:29:44,776] [INFO] EXIT: 'GraphRAG' calling 'concede' (0.6989123821258545 secs).
[2025-10-08 20:29:44,776] [INFO] ENTER: 'GraphRAG' calling 'question'; CURRENT SPEAKER: mistral-medium_mas_rag, DIALOGUE TURN NUM = 18.
[2025-10-08 20:29:44,776] [INFO] ENTER: 'GraphRAG' calling 'query_graph'; CURRENT SPEAKER: mistral-medium_mas_rag, DIALOGUE TURN NUM = 18.
[2025-10-08 20:29:44,896] [INFO] EXIT: 'GraphRAG' calling 'query_graph' (0.12057328224182129 secs).
[2025-10-08 20:29:44,897] [INFO] EXIT: 'GraphRAG' calling 'question' (0.1209406852722168 secs).
[2025-10-08 20:29:44,913] [INFO] ENTER: 'GraphRAG' calling 'why'; CURRENT SPEAKER: mistral-medium_mas_rag, DIALOGUE TURN NUM = 18.
[2025-10-08 20:29:44,913] [INFO] ENTER: 'GraphRAG' calling 'query_graph'; CURRENT SPEAKER: mistral-medium_mas_rag, DIALOGUE TURN NUM = 18.
[2025-10-08 20:29:45,597] [INFO] EXIT: 'GraphRAG' calling 'query_graph' (0.6837770938873291 secs).
[2025-10-08 20:29:45,597] [INFO] EXIT: 'GraphRAG' calling 'why' (0.6841356754302979 secs).
[2025-10-08 20:29:45,597] [INFO] ENTER: 'GraphRAG' calling 'claim_negation'; CURRENT SPEAKER: mistral-medium_mas_rag, DIALOGUE TURN NUM = 18.
[2025-10-08 20:29:45,597] [INFO] ENTER: 'GraphRAG' calling 'query_graph'; CURRENT SPEAKER: mistral-medium_mas_rag, DIALOGUE TURN NUM = 18.
[2025-10-08 20:29:46,253] [INFO] EXIT: 'GraphRAG' calling 'query_graph' (0.6558103561401367 secs).
[2025-10-08 20:29:46,253] [INFO] EXIT: 'GraphRAG' calling 'claim_negation' (0.6561756134033203 secs).
[2025-10-08 20:29:46,253] [INFO] ENTER: 'GraphRAG' calling 'concede'; CURRENT SPEAKER: mistral-medium_mas_rag, DIALOGUE TURN NUM = 18.
[2025-10-08 20:29:46,254] [INFO] ENTER: 'GraphRAG' calling 'query_graph'; CURRENT SPEAKER: mistral-medium_mas_rag, DIALOGUE TURN NUM = 18.
[2025-10-08 20:29:46,957] [INFO] EXIT: 'GraphRAG' calling 'query_graph' (0.7028601169586182 secs).
[2025-10-08 20:29:46,957] [INFO] EXIT: 'GraphRAG' calling 'concede' (0.7032198905944824 secs).
[2025-10-08 20:29:46,957] [INFO] ENTER: 'GraphRAG' calling 'question'; CURRENT SPEAKER: mistral-medium_mas_rag, DIALOGUE TURN NUM = 18.
[2025-10-08 20:29:46,957] [INFO] ENTER: 'GraphRAG' calling 'query_graph'; CURRENT SPEAKER: mistral-medium_mas_rag, DIALOGUE TURN NUM = 18.
[2025-10-08 20:29:47,083] [INFO] EXIT: 'GraphRAG' calling 'query_graph' (0.12590265274047852 secs).
[2025-10-08 20:29:47,083] [INFO] EXIT: 'GraphRAG' calling 'question' (0.1262674331665039 secs).
[2025-10-08 20:29:47,100] [INFO] ENTER: 'GraphRAG' calling 'why'; CURRENT SPEAKER: mistral-medium_mas_rag, DIALOGUE TURN NUM = 18.
[2025-10-08 20:29:47,100] [INFO] ENTER: 'GraphRAG' calling 'query_graph'; CURRENT SPEAKER: mistral-medium_mas_rag, DIALOGUE TURN NUM = 18.
[2025-10-08 20:29:47,793] [INFO] EXIT: 'GraphRAG' calling 'query_graph' (0.693458080291748 secs).
[2025-10-08 20:29:47,793] [INFO] EXIT: 'GraphRAG' calling 'why' (0.6938507556915283 secs).
[2025-10-08 20:29:47,793] [INFO] ENTER: 'GraphRAG' calling 'claim_negation'; CURRENT SPEAKER: mistral-medium_mas_rag, DIALOGUE TURN NUM = 18.
[2025-10-08 20:29:47,794] [INFO] ENTER: 'GraphRAG' calling 'query_graph'; CURRENT SPEAKER: mistral-medium_mas_rag, DIALOGUE TURN NUM = 18.
[2025-10-08 20:29:48,449] [INFO] EXIT: 'GraphRAG' calling 'query_graph' (0.6556780338287354 secs).
[2025-10-08 20:29:48,450] [INFO] EXIT: 'GraphRAG' calling 'claim_negation' (0.656090259552002 secs).
[2025-10-08 20:29:48,450] [INFO] ENTER: 'GraphRAG' calling 'concede'; CURRENT SPEAKER: mistral-medium_mas_rag, DIALOGUE TURN NUM = 18.
[2025-10-08 20:29:48,450] [INFO] ENTER: 'GraphRAG' calling 'query_graph'; CURRENT SPEAKER: mistral-medium_mas_rag, DIALOGUE TURN NUM = 18.
[2025-10-08 20:29:49,133] [INFO] EXIT: 'GraphRAG' calling 'query_graph' (0.683384895324707 secs).
[2025-10-08 20:29:49,133] [INFO] EXIT: 'GraphRAG' calling 'concede' (0.6837873458862305 secs).
[2025-10-08 20:29:49,133] [INFO] ENTER: 'GraphRAG' calling 'question'; CURRENT SPEAKER: mistral-medium_mas_rag, DIALOGUE TURN NUM = 18.
[2025-10-08 20:29:49,134] [INFO] ENTER: 'GraphRAG' calling 'query_graph'; CURRENT SPEAKER: mistral-medium_mas_rag, DIALOGUE TURN NUM = 18.
[2025-10-08 20:29:49,260] [INFO] EXIT: 'GraphRAG' calling 'query_graph' (0.12612438201904297 secs).
[2025-10-08 20:29:49,260] [INFO] EXIT: 'GraphRAG' calling 'question' (0.12650656700134277 secs).
[2025-10-08 20:29:49,260] [INFO] ENTER: 'GraphRAG' calling 'return_rag_examples'; CURRENT SPEAKER: mistral-medium_mas_rag, DIALOGUE TURN NUM = 18.
[2025-10-08 20:29:49,260] [INFO] EXIT: 'GraphRAG' calling 'return_rag_examples' (1.6689300537109375e-06 secs).
[2025-10-08 20:29:49,262] [INFO] ENTER: 'DialogueMoveGenerator' calling 'generate'; CURRENT SPEAKER: mistral-medium_mas_rag, DIALOGUE TURN NUM = 18.
[2025-10-08 20:29:49,262] [INFO] ENTER: 'MASPromptGenerator' calling 'claim_negation'; CURRENT SPEAKER: mistral-medium_mas_rag, DIALOGUE TURN NUM = 18.
[2025-10-08 20:29:49,263] [INFO] EXIT: 'MASPromptGenerator' calling 'claim_negation' (7.82012939453125e-05 secs).
[2025-10-08 20:29:49,263] [INFO] ENTER: 'DialogueMoveGenerator' calling 'generate'; CURRENT SPEAKER: mistral-medium_mas_rag, DIALOGUE TURN NUM = 18.
[2025-10-08 20:29:49,263] [INFO] ENTER: 'MASPromptGenerator' calling 'concede_claim'; CURRENT SPEAKER: mistral-medium_mas_rag, DIALOGUE TURN NUM = 18.
[2025-10-08 20:29:49,263] [INFO] EXIT: 'MASPromptGenerator' calling 'concede_claim' (5.14984130859375e-05 secs).
[2025-10-08 20:29:49,264] [INFO] ENTER: 'DialogueMoveGenerator' calling 'generate'; CURRENT SPEAKER: mistral-medium_mas_rag, DIALOGUE TURN NUM = 18.
[2025-10-08 20:29:49,264] [INFO] ENTER: 'MASPromptGenerator' calling 'question_claim'; CURRENT SPEAKER: mistral-medium_mas_rag, DIALOGUE TURN NUM = 18.
[2025-10-08 20:29:49,265] [INFO] EXIT: 'MASPromptGenerator' calling 'question_claim' (7.104873657226562e-05 secs).
[2025-10-08 20:29:49,266] [INFO] ENTER: 'DialogueMoveGenerator' calling 'generate'; CURRENT SPEAKER: mistral-medium_mas_rag, DIALOGUE TURN NUM = 18.
[2025-10-08 20:29:49,266] [INFO] ENTER: 'MASPromptGenerator' calling 'why_claim'; CURRENT SPEAKER: mistral-medium_mas_rag, DIALOGUE TURN NUM = 18.
[2025-10-08 20:29:49,266] [INFO] EXIT: 'MASPromptGenerator' calling 'why_claim' (6.341934204101562e-05 secs).
[2025-10-08 20:29:51,489] [INFO] Completion returned and validated from MODEL = 'mistral-medium'.
[2025-10-08 20:29:51,711] [INFO] Completion returned and validated from MODEL = 'mistral-medium'.
[2025-10-08 20:29:51,753] [INFO] Completion returned and validated from MODEL = 'mistral-medium'.
[2025-10-08 20:29:51,977] [INFO] Completion returned and validated from MODEL = 'mistral-medium'.
[2025-10-08 20:29:54,350] [INFO] Completion returned and validated from MODEL = 'mistral-medium'.
[2025-10-08 20:29:54,821] [INFO] Completion returned and validated from MODEL = 'mistral-medium'.
[2025-10-08 20:29:55,540] [INFO] Completion returned and validated from MODEL = 'mistral-medium'.
[2025-10-08 20:29:55,630] [INFO] Completion returned and validated from MODEL = 'mistral-medium'.
[2025-10-08 20:29:56,631] [INFO] Completion returned and validated from MODEL = 'mistral-medium'.
[2025-10-08 20:29:56,802] [INFO] Completion returned and validated from MODEL = 'mistral-medium'.
[2025-10-08 20:29:57,386] [INFO] Completion returned and validated from MODEL = 'mistral-medium'.
[2025-10-08 20:29:57,968] [INFO] Completion returned and validated from MODEL = 'mistral-medium'.
[2025-10-08 20:29:58,932] [INFO] Completion returned and validated from MODEL = 'mistral-medium'.
[2025-10-08 20:29:59,093] [INFO] Completion returned and validated from MODEL = 'mistral-medium'.
[2025-10-08 20:29:59,472] [INFO] Completion returned and validated from MODEL = 'mistral-medium'.
[2025-10-08 20:30:00,401] [INFO] Completion returned and validated from MODEL = 'mistral-medium'.
[2025-10-08 20:30:00,685] [INFO] Completion returned and validated from MODEL = 'mistral-medium'.
[2025-10-08 20:30:00,685] [INFO] EXIT: 'DialogueMoveGenerator' calling 'generate' (11.421630859375 secs).
[2025-10-08 20:30:01,495] [INFO] Completion returned and validated from MODEL = 'mistral-medium'.
[2025-10-08 20:30:01,496] [INFO] EXIT: 'DialogueMoveGenerator' calling 'generate' (12.231223583221436 secs).
[2025-10-08 20:30:01,917] [INFO] Completion returned and validated from MODEL = 'mistral-medium'.
[2025-10-08 20:30:01,917] [INFO] EXIT: 'DialogueMoveGenerator' calling 'generate' (12.655208349227905 secs).
[2025-10-08 20:30:02,498] [INFO] Completion returned and validated from MODEL = 'mistral-medium'.
[2025-10-08 20:30:02,498] [INFO] EXIT: 'DialogueMoveGenerator' calling 'generate' (13.231721878051758 secs).
[2025-10-08 20:30:02,499] [INFO] ENTER: 'MASPromptGenerator' calling 'persuasiveness_choice'; CURRENT SPEAKER: mistral-medium_mas_rag, DIALOGUE TURN NUM = 18.
[2025-10-08 20:30:02,499] [INFO] EXIT: 'MASPromptGenerator' calling 'persuasiveness_choice' (0.000186920166015625 secs).
[2025-10-08 20:30:05,130] [INFO] Completion returned and validated within 'PersuasivenessChoiceAgent'; MODEL = 'mistral-medium'; DIALOGUE TURN NUM = 18.
[2025-10-08 20:30:08,266] [INFO] Completion returned and validated within 'PersuasivenessChoiceAgent'; MODEL = 'mistral-medium'; DIALOGUE TURN NUM = 18.
[2025-10-08 20:30:12,215] [INFO] Completion returned and validated within 'PersuasivenessChoiceAgent'; MODEL = 'mistral-medium'; DIALOGUE TURN NUM = 18.
[2025-10-08 20:30:15,815] [INFO] Completion returned and validated within 'PersuasivenessChoiceAgent'; MODEL = 'mistral-medium'; DIALOGUE TURN NUM = 18.
[2025-10-08 20:30:18,795] [INFO] Completion returned and validated within 'PersuasivenessChoiceAgent'; MODEL = 'mistral-medium'; DIALOGUE TURN NUM = 18.
[2025-10-08 20:30:18,795] [INFO] ENTER: 'DisambiguationAgent' calling '_grouping_similar_utterance_types'; CURRENT SPEAKER: mistral-medium_mas_rag, DIALOGUE TURN NUM = 18.
[2025-10-08 20:30:18,796] [INFO] EXIT: 'DisambiguationAgent' calling '_grouping_similar_utterance_types' (1.0728836059570312e-05 secs).
[2025-10-08 20:30:18,796] [INFO] ENTER: 'DisambiguationAgent' calling '_identifying_similar_sentences_and_choosing_one_to_return_to_user'; CURRENT SPEAKER: mistral-medium_mas_rag, DIALOGUE TURN NUM = 18.
[2025-10-08 20:30:25,284] [INFO] 'DisambiguationAgent' grouped similar sentences, completion returned and validated; MODEL = 'mistral-medium'.
[2025-10-08 20:30:26,300] [INFO] 'DisambiguationAgent' chose sentences to remove, completion returned and validated from MODEL = 'mistral-medium'.
[2025-10-08 20:30:27,422] [INFO] 'DisambiguationAgent' chose sentences to remove, completion returned and validated from MODEL = 'mistral-medium'.
[2025-10-08 20:30:28,437] [INFO] 'DisambiguationAgent' chose sentences to remove, completion returned and validated from MODEL = 'mistral-medium'.
[2025-10-08 20:30:28,438] [INFO] EXIT: 'DisambiguationAgent' calling '_identifying_similar_sentences_and_choosing_one_to_return_to_user' (9.642001628875732 secs).
[2025-10-08 20:30:28,438] [INFO] ENTER: 'DisambiguationAgent' calling '_identifying_similar_sentences_and_choosing_one_to_return_to_user'; CURRENT SPEAKER: mistral-medium_mas_rag, DIALOGUE TURN NUM = 18.
[2025-10-08 20:30:35,006] [INFO] 'DisambiguationAgent' grouped similar sentences, completion returned and validated; MODEL = 'mistral-medium'.
[2025-10-08 20:30:35,937] [INFO] 'DisambiguationAgent' chose sentences to remove, completion returned and validated from MODEL = 'mistral-medium'.
[2025-10-08 20:30:37,043] [INFO] 'DisambiguationAgent' chose sentences to remove, completion returned and validated from MODEL = 'mistral-medium'.
[2025-10-08 20:30:38,026] [INFO] 'DisambiguationAgent' chose sentences to remove, completion returned and validated from MODEL = 'mistral-medium'.
[2025-10-08 20:30:38,915] [INFO] 'DisambiguationAgent' chose sentences to remove, completion returned and validated from MODEL = 'mistral-medium'.
[2025-10-08 20:30:38,915] [INFO] EXIT: 'DisambiguationAgent' calling '_identifying_similar_sentences_and_choosing_one_to_return_to_user' (10.47746205329895 secs).
[2025-10-08 20:30:38,915] [INFO] ENTER: 'DisambiguationAgent' calling '_removing_repetitive_sentences'; CURRENT SPEAKER: mistral-medium_mas_rag, DIALOGUE TURN NUM = 18.
[2025-10-08 20:30:38,915] [INFO] EXIT: 'DisambiguationAgent' calling '_removing_repetitive_sentences' (2.2172927856445312e-05 secs).
[2025-10-08 20:30:38,915] [INFO] ENTER: 'DisambiguationAgent' calling '_choose_the_most_persuasive_sentences'; CURRENT SPEAKER: mistral-medium_mas_rag, DIALOGUE TURN NUM = 18.
[2025-10-08 20:30:42,322] [INFO] 'DisambiguationAgent': reached maximum allowed sentences, succussfully chose most persuasive sentences, completion returned and validated from MODEL = 'mistral-medium'.
[2025-10-08 20:30:42,322] [INFO] EXIT: 'DisambiguationAgent' calling '_choose_the_most_persuasive_sentences' (3.406468629837036 secs).
[2025-10-08 20:30:42,322] [INFO] ENTER: 'DisambiguationAgent' calling 'return_disambiguated_sentences'; CURRENT SPEAKER: mistral-medium_mas_rag, DIALOGUE TURN NUM = 18.
[2025-10-08 20:30:42,322] [INFO] EXIT: 'DisambiguationAgent' calling 'return_disambiguated_sentences' (2.86102294921875e-06 secs).
[2025-10-08 20:30:42,322] [ERROR] Wrong state used; State of type HumanState; error message: dict has unexpected extra key(s): "graph_rag_examples", "intermediate_generations", "knowledge_base_ensemble_or_model_name", "model_seed", "model_temp", "model_top_p", "number_of_graph_rag_examples", "number_of_vector_based_rag_examples", "political_position_prob_of_na", "political_position_range", "political_position_std", "speaker_model_name", "speaker_type", "vector_based_persona_string", "vector_based_persona_sys_prompt"
[2025-10-08 20:30:42,323] [INFO] Correct state used; State of type GenerationAgentsState; 'IGNORE THE ABOVE ERRORS'.
[2025-10-08 20:30:43,198] [INFO] 'commitment_update' completed '___Claim___' update for current speaker's commitments; MODEL = 'mistral-medium'.
[2025-10-08 20:32:44,783] [INFO] 'commitment_update' completed '___Claim___' update for current speaker's commitments; MODEL = 'mistral-medium'.
[2025-10-08 20:32:45,646] [INFO] 'commitment_update' completed '___Claim___' update for current speaker's commitments; MODEL = 'mistral-medium'.
[2025-10-08 20:32:45,744] [ERROR] Wrong state used; State of type HumanState; error message: dict has unexpected extra key(s): "graph_rag_examples", "intermediate_generations", "knowledge_base_ensemble_or_model_name", "model_seed", "model_temp", "model_top_p", "number_of_graph_rag_examples", "number_of_vector_based_rag_examples", "political_position_prob_of_na", "political_position_range", "political_position_std", "speaker_model_name", "speaker_type", "vector_based_persona_string", "vector_based_persona_sys_prompt"
[2025-10-08 20:32:45,744] [INFO] Correct state used; State of type GenerationAgentsState; 'IGNORE THE ABOVE ERRORS'.
[2025-10-08 20:32:45,744] [INFO] ENTER: 'UtteranceClassificationAgent' calling '_classify_sentence_utterance_types'; CURRENT SPEAKER: grok-3_mas, DIALOGUE TURN NUM = 19.
[2025-10-08 20:32:46,777] [INFO] 'UtteranceClassificationAgent' completion returned and validated from MODEL = 'ModelName.GROK_3'.
[2025-10-08 20:34:48,072] [INFO] 'UtteranceClassificationAgent' completion returned and validated from MODEL = 'ModelName.GROK_3'.
[2025-10-08 20:34:49,053] [INFO] 'UtteranceClassificationAgent' completion returned and validated from MODEL = 'ModelName.GROK_3'.
[2025-10-08 20:34:49,692] [INFO] 'UtteranceClassificationAgent' completion returned and validated from MODEL = 'ModelName.GROK_3'.
[2025-10-08 20:34:50,301] [INFO] 'UtteranceClassificationAgent' completion returned and validated from MODEL = 'ModelName.GROK_3'.
[2025-10-08 20:34:50,301] [INFO] EXIT: 'UtteranceClassificationAgent' calling '_classify_sentence_utterance_types' (124.5563588142395 secs).
[2025-10-08 20:34:50,301] [INFO] ENTER: 'UtteranceClassificationAgent' calling 'return_classified_sentences'; CURRENT SPEAKER: grok-3_mas, DIALOGUE TURN NUM = 19.
[2025-10-08 20:34:50,301] [INFO] EXIT: 'UtteranceClassificationAgent' calling 'return_classified_sentences' (2.6226043701171875e-06 secs).
[2025-10-08 20:34:50,303] [INFO] ENTER: 'DialogueMoveGenerator' calling 'generate'; CURRENT SPEAKER: grok-3_mas, DIALOGUE TURN NUM = 19.
[2025-10-08 20:34:50,303] [INFO] ENTER: 'MASPromptGenerator' calling 'claim'; CURRENT SPEAKER: grok-3_mas, DIALOGUE TURN NUM = 19.
[2025-10-08 20:34:50,303] [INFO] EXIT: 'MASPromptGenerator' calling 'claim' (4.649162292480469e-05 secs).
[2025-10-08 20:34:50,304] [INFO] ENTER: 'DialogueMoveGenerator' calling 'generate'; CURRENT SPEAKER: grok-3_mas, DIALOGUE TURN NUM = 19.
[2025-10-08 20:34:50,305] [INFO] ENTER: 'MASPromptGenerator' calling 'claim_negation'; CURRENT SPEAKER: grok-3_mas, DIALOGUE TURN NUM = 19.
[2025-10-08 20:34:50,305] [INFO] EXIT: 'MASPromptGenerator' calling 'claim_negation' (4.3392181396484375e-05 secs).
[2025-10-08 20:34:50,305] [INFO] ENTER: 'DialogueMoveGenerator' calling 'generate'; CURRENT SPEAKER: grok-3_mas, DIALOGUE TURN NUM = 19.
[2025-10-08 20:34:50,306] [INFO] ENTER: 'MASPromptGenerator' calling 'concede_claim'; CURRENT SPEAKER: grok-3_mas, DIALOGUE TURN NUM = 19.
[2025-10-08 20:34:50,306] [INFO] EXIT: 'MASPromptGenerator' calling 'concede_claim' (3.910064697265625e-05 secs).
[2025-10-08 20:34:50,306] [INFO] ENTER: 'DialogueMoveGenerator' calling 'generate'; CURRENT SPEAKER: grok-3_mas, DIALOGUE TURN NUM = 19.
[2025-10-08 20:34:50,307] [INFO] ENTER: 'MASPromptGenerator' calling 'question_claim'; CURRENT SPEAKER: grok-3_mas, DIALOGUE TURN NUM = 19.
[2025-10-08 20:34:50,307] [INFO] EXIT: 'MASPromptGenerator' calling 'question_claim' (4.029273986816406e-05 secs).
[2025-10-08 20:34:50,307] [INFO] ENTER: 'DialogueMoveGenerator' calling 'generate'; CURRENT SPEAKER: grok-3_mas, DIALOGUE TURN NUM = 19.
[2025-10-08 20:34:50,307] [INFO] ENTER: 'DialogueMoveGenerator' calling 'generate'; CURRENT SPEAKER: grok-3_mas, DIALOGUE TURN NUM = 19.
[2025-10-08 20:34:50,308] [INFO] ENTER: 'MASPromptGenerator' calling 'retract_claim'; CURRENT SPEAKER: grok-3_mas, DIALOGUE TURN NUM = 19.
[2025-10-08 20:34:50,308] [INFO] ENTER: 'MASPromptGenerator' calling 'since_claim'; CURRENT SPEAKER: grok-3_mas, DIALOGUE TURN NUM = 19.
[2025-10-08 20:34:50,308] [INFO] EXIT: 'MASPromptGenerator' calling 'retract_claim' (4.744529724121094e-05 secs).
[2025-10-08 20:34:50,308] [INFO] ENTER: 'DialogueMoveGenerator' calling 'generate'; CURRENT SPEAKER: grok-3_mas, DIALOGUE TURN NUM = 19.
[2025-10-08 20:34:50,309] [INFO] EXIT: 'MASPromptGenerator' calling 'since_claim' (4.982948303222656e-05 secs).
[2025-10-08 20:34:50,309] [INFO] ENTER: 'MASPromptGenerator' calling 'why_claim'; CURRENT SPEAKER: grok-3_mas, DIALOGUE TURN NUM = 19.
[2025-10-08 20:34:50,310] [INFO] EXIT: 'MASPromptGenerator' calling 'why_claim' (3.647804260253906e-05 secs).
[2025-10-08 20:34:53,391] [INFO] Completion returned and validated from MODEL = 'grok-3'.
[2025-10-08 20:34:53,836] [INFO] Completion returned and validated from MODEL = 'grok-3'.
[2025-10-08 20:34:53,952] [INFO] Completion returned and validated from MODEL = 'grok-3'.
[2025-10-08 20:34:53,981] [INFO] Completion returned and validated from MODEL = 'grok-3'.
[2025-10-08 20:34:54,612] [INFO] Completion returned and validated from MODEL = 'grok-3'.
[2025-10-08 20:34:54,717] [INFO] Completion returned and validated from MODEL = 'grok-3'.
[2025-10-08 20:34:56,142] [INFO] Completion returned and validated from MODEL = 'grok-3'.
[2025-10-08 20:34:56,364] [INFO] Completion returned and validated from MODEL = 'grok-3'.
[2025-10-08 20:34:57,262] [INFO] Completion returned and validated from MODEL = 'grok-3'.
[2025-10-08 20:34:57,691] [INFO] Completion returned and validated from MODEL = 'grok-3'.
[2025-10-08 20:34:57,691] [INFO] EXIT: 'DialogueMoveGenerator' calling 'generate' (7.383023262023926 secs).
[2025-10-08 20:34:58,916] [INFO] Completion returned and validated from MODEL = 'grok-3'.
[2025-10-08 20:34:58,916] [INFO] EXIT: 'DialogueMoveGenerator' calling 'generate' (8.608911991119385 secs).
[2025-10-08 20:34:59,331] [INFO] Completion returned and validated from MODEL = 'grok-3'.
[2025-10-08 20:34:59,331] [INFO] EXIT: 'DialogueMoveGenerator' calling 'generate' (9.02817440032959 secs).
[2025-10-08 20:34:59,466] [INFO] Completion returned and validated from MODEL = 'grok-3'.
[2025-10-08 20:34:59,467] [INFO] EXIT: 'DialogueMoveGenerator' calling 'generate' (9.161032438278198 secs).
[2025-10-08 20:34:59,810] [INFO] Completion returned and validated from MODEL = 'grok-3'.
[2025-10-08 20:34:59,810] [INFO] EXIT: 'DialogueMoveGenerator' calling 'generate' (9.500460863113403 secs).
[2025-10-08 20:35:00,114] [INFO] Completion returned and validated from MODEL = 'grok-3'.
[2025-10-08 20:35:00,114] [INFO] EXIT: 'DialogueMoveGenerator' calling 'generate' (9.807103872299194 secs).
[2025-10-08 20:35:06,895] [INFO] Completion returned and validated from MODEL = 'grok-3'.
[2025-10-08 20:35:09,689] [INFO] Completion returned and validated from MODEL = 'grok-3'.
[2025-10-08 20:35:12,915] [INFO] Completion returned and validated from MODEL = 'grok-3'.
[2025-10-08 20:35:12,915] [INFO] EXIT: 'DialogueMoveGenerator' calling 'generate' (22.609997749328613 secs).
[2025-10-08 20:35:12,916] [INFO] ENTER: 'MASPromptGenerator' calling 'persuasiveness_choice'; CURRENT SPEAKER: grok-3_mas, DIALOGUE TURN NUM = 19.
[2025-10-08 20:35:12,916] [INFO] EXIT: 'MASPromptGenerator' calling 'persuasiveness_choice' (0.00021505355834960938 secs).
[2025-10-08 20:35:15,367] [INFO] Completion returned and validated within 'PersuasivenessChoiceAgent'; MODEL = 'grok-3'; DIALOGUE TURN NUM = 19.
[2025-10-08 20:35:17,678] [INFO] Completion returned and validated within 'PersuasivenessChoiceAgent'; MODEL = 'grok-3'; DIALOGUE TURN NUM = 19.
[2025-10-08 20:35:20,064] [INFO] Completion returned and validated within 'PersuasivenessChoiceAgent'; MODEL = 'grok-3'; DIALOGUE TURN NUM = 19.
[2025-10-08 20:35:22,082] [INFO] Completion returned and validated within 'PersuasivenessChoiceAgent'; MODEL = 'grok-3'; DIALOGUE TURN NUM = 19.
[2025-10-08 20:35:24,769] [INFO] Completion returned and validated within 'PersuasivenessChoiceAgent'; MODEL = 'grok-3'; DIALOGUE TURN NUM = 19.
[2025-10-08 20:35:24,769] [INFO] ENTER: 'DisambiguationAgent' calling '_grouping_similar_utterance_types'; CURRENT SPEAKER: grok-3_mas, DIALOGUE TURN NUM = 19.
[2025-10-08 20:35:24,769] [INFO] EXIT: 'DisambiguationAgent' calling '_grouping_similar_utterance_types' (9.059906005859375e-06 secs).
[2025-10-08 20:35:24,769] [INFO] ENTER: 'DisambiguationAgent' calling '_identifying_similar_sentences_and_choosing_one_to_return_to_user'; CURRENT SPEAKER: grok-3_mas, DIALOGUE TURN NUM = 19.
[2025-10-08 20:35:33,674] [INFO] 'DisambiguationAgent' grouped similar sentences, completion returned and validated; MODEL = 'grok-3'.
[2025-10-08 20:35:34,525] [INFO] 'DisambiguationAgent' chose sentences to remove, completion returned and validated from MODEL = 'grok-3'.
[2025-10-08 20:35:35,469] [INFO] 'DisambiguationAgent' chose sentences to remove, completion returned and validated from MODEL = 'grok-3'.
[2025-10-08 20:35:36,419] [INFO] 'DisambiguationAgent' chose sentences to remove, completion returned and validated from MODEL = 'grok-3'.
[2025-10-08 20:35:37,400] [INFO] 'DisambiguationAgent' chose sentences to remove, completion returned and validated from MODEL = 'grok-3'.
[2025-10-08 20:35:38,783] [INFO] 'DisambiguationAgent' chose sentences to remove, completion returned and validated from MODEL = 'grok-3'.
[2025-10-08 20:35:38,783] [INFO] EXIT: 'DisambiguationAgent' calling '_identifying_similar_sentences_and_choosing_one_to_return_to_user' (14.01334285736084 secs).
[2025-10-08 20:35:38,783] [INFO] ENTER: 'DisambiguationAgent' calling '_removing_repetitive_sentences'; CURRENT SPEAKER: grok-3_mas, DIALOGUE TURN NUM = 19.
[2025-10-08 20:35:38,783] [INFO] EXIT: 'DisambiguationAgent' calling '_removing_repetitive_sentences' (1.7404556274414062e-05 secs).
[2025-10-08 20:35:38,783] [INFO] ENTER: 'DisambiguationAgent' calling 'return_disambiguated_sentences'; CURRENT SPEAKER: grok-3_mas, DIALOGUE TURN NUM = 19.
[2025-10-08 20:35:38,783] [INFO] EXIT: 'DisambiguationAgent' calling 'return_disambiguated_sentences' (2.1457672119140625e-06 secs).
[2025-10-08 20:35:38,784] [ERROR] Wrong state used; State of type HumanState; error message: dict has unexpected extra key(s): "graph_rag_examples", "intermediate_generations", "knowledge_base_ensemble_or_model_name", "model_seed", "model_temp", "model_top_p", "number_of_graph_rag_examples", "number_of_vector_based_rag_examples", "political_position_prob_of_na", "political_position_range", "political_position_std", "speaker_model_name", "speaker_type", "vector_based_persona_string", "vector_based_persona_sys_prompt"
[2025-10-08 20:35:38,784] [INFO] Correct state used; State of type GenerationAgentsState; 'IGNORE THE ABOVE ERRORS'.
[2025-10-08 20:35:39,392] [INFO] 'commitment_update' completed '___Claim___' update for current speaker's commitments; MODEL = 'grok-3'.
[2025-10-08 20:35:40,020] [INFO] 'commitment_update' completed '___Claim___' update for current speaker's commitments; MODEL = 'grok-3'.
[2025-10-08 20:35:40,630] [INFO] 'commitment_update' completed '___Claim___' update for current speaker's commitments; MODEL = 'grok-3'.
[2025-10-08 20:35:41,247] [INFO] 'commitment_update' completed '___Claim___' update for current speaker's commitments; MODEL = 'grok-3'.
[2025-10-08 20:35:41,867] [INFO] 'commitment_update' completed '___Claim___' update for current speaker's commitments; MODEL = 'grok-3'.
[2025-10-08 20:35:41,962] [ERROR] Wrong state used; State of type HumanState; error message: dict has unexpected extra key(s): "graph_rag_examples", "intermediate_generations", "knowledge_base_ensemble_or_model_name", "model_seed", "model_temp", "model_top_p", "number_of_graph_rag_examples", "number_of_vector_based_rag_examples", "political_position_prob_of_na", "political_position_range", "political_position_std", "speaker_model_name", "speaker_type", "vector_based_persona_string", "vector_based_persona_sys_prompt"
[2025-10-08 20:35:41,963] [INFO] Correct state used; State of type GenerationAgentsState; 'IGNORE THE ABOVE ERRORS'.
[2025-10-08 20:35:41,963] [INFO] ENTER: 'UtteranceClassificationAgent' calling '_classify_sentence_utterance_types'; CURRENT SPEAKER: mistral-medium_mas_rag, DIALOGUE TURN NUM = 20.
[2025-10-08 20:35:42,374] [INFO] 'UtteranceClassificationAgent' completion returned and validated from MODEL = 'ModelName.MISTRAL_MEDIUM'.
[2025-10-08 20:35:42,914] [INFO] 'UtteranceClassificationAgent' completion returned and validated from MODEL = 'ModelName.MISTRAL_MEDIUM'.
[2025-10-08 20:35:43,319] [INFO] 'UtteranceClassificationAgent' completion returned and validated from MODEL = 'ModelName.MISTRAL_MEDIUM'.
[2025-10-08 20:35:43,731] [INFO] 'UtteranceClassificationAgent' completion returned and validated from MODEL = 'ModelName.MISTRAL_MEDIUM'.
[2025-10-08 20:35:44,119] [INFO] 'UtteranceClassificationAgent' completion returned and validated from MODEL = 'ModelName.MISTRAL_MEDIUM'.
[2025-10-08 20:35:44,119] [INFO] EXIT: 'UtteranceClassificationAgent' calling '_classify_sentence_utterance_types' (2.156594753265381 secs).
[2025-10-08 20:35:44,119] [INFO] ENTER: 'UtteranceClassificationAgent' calling 'return_classified_sentences'; CURRENT SPEAKER: mistral-medium_mas_rag, DIALOGUE TURN NUM = 20.
[2025-10-08 20:35:44,119] [INFO] EXIT: 'UtteranceClassificationAgent' calling 'return_classified_sentences' (2.384185791015625e-06 secs).
[2025-10-08 20:35:44,141] [INFO] ENTER: 'GraphRAG' calling 'why'; CURRENT SPEAKER: mistral-medium_mas_rag, DIALOGUE TURN NUM = 20.
[2025-10-08 20:35:44,142] [INFO] ENTER: 'GraphRAG' calling 'query_graph'; CURRENT SPEAKER: mistral-medium_mas_rag, DIALOGUE TURN NUM = 20.
[2025-10-08 20:35:44,851] [INFO] EXIT: 'GraphRAG' calling 'query_graph' (0.7098522186279297 secs).
[2025-10-08 20:35:44,851] [INFO] EXIT: 'GraphRAG' calling 'why' (0.7101998329162598 secs).
[2025-10-08 20:35:44,852] [INFO] ENTER: 'GraphRAG' calling 'claim_negation'; CURRENT SPEAKER: mistral-medium_mas_rag, DIALOGUE TURN NUM = 20.
[2025-10-08 20:35:44,852] [INFO] ENTER: 'GraphRAG' calling 'query_graph'; CURRENT SPEAKER: mistral-medium_mas_rag, DIALOGUE TURN NUM = 20.
[2025-10-08 20:35:45,524] [INFO] EXIT: 'GraphRAG' calling 'query_graph' (0.6725866794586182 secs).
[2025-10-08 20:35:45,524] [INFO] EXIT: 'GraphRAG' calling 'claim_negation' (0.672950267791748 secs).
[2025-10-08 20:35:45,525] [INFO] ENTER: 'GraphRAG' calling 'concede'; CURRENT SPEAKER: mistral-medium_mas_rag, DIALOGUE TURN NUM = 20.
[2025-10-08 20:35:45,525] [INFO] ENTER: 'GraphRAG' calling 'query_graph'; CURRENT SPEAKER: mistral-medium_mas_rag, DIALOGUE TURN NUM = 20.
[2025-10-08 20:35:46,230] [INFO] EXIT: 'GraphRAG' calling 'query_graph' (0.7048616409301758 secs).
[2025-10-08 20:35:46,230] [INFO] EXIT: 'GraphRAG' calling 'concede' (0.7052099704742432 secs).
[2025-10-08 20:35:46,230] [INFO] ENTER: 'GraphRAG' calling 'question'; CURRENT SPEAKER: mistral-medium_mas_rag, DIALOGUE TURN NUM = 20.
[2025-10-08 20:35:46,230] [INFO] ENTER: 'GraphRAG' calling 'query_graph'; CURRENT SPEAKER: mistral-medium_mas_rag, DIALOGUE TURN NUM = 20.
[2025-10-08 20:35:46,356] [INFO] EXIT: 'GraphRAG' calling 'query_graph' (0.12614941596984863 secs).
[2025-10-08 20:35:46,356] [INFO] EXIT: 'GraphRAG' calling 'question' (0.12657904624938965 secs).
[2025-10-08 20:35:46,376] [INFO] ENTER: 'GraphRAG' calling 'why'; CURRENT SPEAKER: mistral-medium_mas_rag, DIALOGUE TURN NUM = 20.
[2025-10-08 20:35:46,377] [INFO] ENTER: 'GraphRAG' calling 'query_graph'; CURRENT SPEAKER: mistral-medium_mas_rag, DIALOGUE TURN NUM = 20.
[2025-10-08 20:35:47,081] [INFO] EXIT: 'GraphRAG' calling 'query_graph' (0.7039334774017334 secs).
[2025-10-08 20:35:47,081] [INFO] EXIT: 'GraphRAG' calling 'why' (0.7045183181762695 secs).
[2025-10-08 20:35:47,081] [INFO] ENTER: 'GraphRAG' calling 'claim_negation'; CURRENT SPEAKER: mistral-medium_mas_rag, DIALOGUE TURN NUM = 20.
[2025-10-08 20:35:47,081] [INFO] ENTER: 'GraphRAG' calling 'query_graph'; CURRENT SPEAKER: mistral-medium_mas_rag, DIALOGUE TURN NUM = 20.
[2025-10-08 20:35:47,756] [INFO] EXIT: 'GraphRAG' calling 'query_graph' (0.6752593517303467 secs).
[2025-10-08 20:35:47,757] [INFO] EXIT: 'GraphRAG' calling 'claim_negation' (0.6759886741638184 secs).
[2025-10-08 20:35:47,757] [INFO] ENTER: 'GraphRAG' calling 'concede'; CURRENT SPEAKER: mistral-medium_mas_rag, DIALOGUE TURN NUM = 20.
[2025-10-08 20:35:47,757] [INFO] ENTER: 'GraphRAG' calling 'query_graph'; CURRENT SPEAKER: mistral-medium_mas_rag, DIALOGUE TURN NUM = 20.
[2025-10-08 20:35:48,449] [INFO] EXIT: 'GraphRAG' calling 'query_graph' (0.6917259693145752 secs).
[2025-10-08 20:35:48,449] [INFO] EXIT: 'GraphRAG' calling 'concede' (0.6920983791351318 secs).
[2025-10-08 20:35:48,449] [INFO] ENTER: 'GraphRAG' calling 'question'; CURRENT SPEAKER: mistral-medium_mas_rag, DIALOGUE TURN NUM = 20.
[2025-10-08 20:35:48,449] [INFO] ENTER: 'GraphRAG' calling 'query_graph'; CURRENT SPEAKER: mistral-medium_mas_rag, DIALOGUE TURN NUM = 20.
[2025-10-08 20:35:48,574] [INFO] EXIT: 'GraphRAG' calling 'query_graph' (0.1244192123413086 secs).
[2025-10-08 20:35:48,574] [INFO] EXIT: 'GraphRAG' calling 'question' (0.12480354309082031 secs).
[2025-10-08 20:35:48,590] [INFO] ENTER: 'GraphRAG' calling 'why'; CURRENT SPEAKER: mistral-medium_mas_rag, DIALOGUE TURN NUM = 20.
[2025-10-08 20:35:48,590] [INFO] ENTER: 'GraphRAG' calling 'query_graph'; CURRENT SPEAKER: mistral-medium_mas_rag, DIALOGUE TURN NUM = 20.
[2025-10-08 20:35:49,329] [INFO] EXIT: 'GraphRAG' calling 'query_graph' (0.738882303237915 secs).
[2025-10-08 20:35:49,329] [INFO] EXIT: 'GraphRAG' calling 'why' (0.73927903175354 secs).
[2025-10-08 20:35:49,329] [INFO] ENTER: 'GraphRAG' calling 'concede'; CURRENT SPEAKER: mistral-medium_mas_rag, DIALOGUE TURN NUM = 20.
[2025-10-08 20:35:49,330] [INFO] ENTER: 'GraphRAG' calling 'query_graph'; CURRENT SPEAKER: mistral-medium_mas_rag, DIALOGUE TURN NUM = 20.
[2025-10-08 20:35:50,032] [INFO] EXIT: 'GraphRAG' calling 'query_graph' (0.7024216651916504 secs).
[2025-10-08 20:35:50,032] [INFO] EXIT: 'GraphRAG' calling 'concede' (0.7027876377105713 secs).
[2025-10-08 20:35:50,032] [INFO] ENTER: 'GraphRAG' calling 'question'; CURRENT SPEAKER: mistral-medium_mas_rag, DIALOGUE TURN NUM = 20.
[2025-10-08 20:35:50,032] [INFO] ENTER: 'GraphRAG' calling 'query_graph'; CURRENT SPEAKER: mistral-medium_mas_rag, DIALOGUE TURN NUM = 20.
[2025-10-08 20:35:50,720] [INFO] EXIT: 'GraphRAG' calling 'query_graph' (0.6879289150238037 secs).
[2025-10-08 20:35:50,721] [INFO] EXIT: 'GraphRAG' calling 'question' (0.6883702278137207 secs).
[2025-10-08 20:35:50,738] [INFO] ENTER: 'GraphRAG' calling 'why'; CURRENT SPEAKER: mistral-medium_mas_rag, DIALOGUE TURN NUM = 20.
[2025-10-08 20:35:50,738] [INFO] ENTER: 'GraphRAG' calling 'query_graph'; CURRENT SPEAKER: mistral-medium_mas_rag, DIALOGUE TURN NUM = 20.
[2025-10-08 20:35:51,484] [INFO] EXIT: 'GraphRAG' calling 'query_graph' (0.7453603744506836 secs).
[2025-10-08 20:35:51,484] [INFO] EXIT: 'GraphRAG' calling 'why' (0.7457435131072998 secs).
[2025-10-08 20:35:51,484] [INFO] ENTER: 'GraphRAG' calling 'concede'; CURRENT SPEAKER: mistral-medium_mas_rag, DIALOGUE TURN NUM = 20.
[2025-10-08 20:35:51,484] [INFO] ENTER: 'GraphRAG' calling 'query_graph'; CURRENT SPEAKER: mistral-medium_mas_rag, DIALOGUE TURN NUM = 20.
[2025-10-08 20:35:52,188] [INFO] EXIT: 'GraphRAG' calling 'query_graph' (0.7032840251922607 secs).
[2025-10-08 20:35:52,188] [INFO] EXIT: 'GraphRAG' calling 'concede' (0.7036769390106201 secs).
[2025-10-08 20:35:52,188] [INFO] ENTER: 'GraphRAG' calling 'question'; CURRENT SPEAKER: mistral-medium_mas_rag, DIALOGUE TURN NUM = 20.
[2025-10-08 20:35:52,188] [INFO] ENTER: 'GraphRAG' calling 'query_graph'; CURRENT SPEAKER: mistral-medium_mas_rag, DIALOGUE TURN NUM = 20.
[2025-10-08 20:35:52,870] [INFO] EXIT: 'GraphRAG' calling 'query_graph' (0.6815617084503174 secs).
[2025-10-08 20:35:52,870] [INFO] EXIT: 'GraphRAG' calling 'question' (0.6819987297058105 secs).
[2025-10-08 20:35:52,886] [INFO] ENTER: 'GraphRAG' calling 'why'; CURRENT SPEAKER: mistral-medium_mas_rag, DIALOGUE TURN NUM = 20.
[2025-10-08 20:35:52,886] [INFO] ENTER: 'GraphRAG' calling 'query_graph'; CURRENT SPEAKER: mistral-medium_mas_rag, DIALOGUE TURN NUM = 20.
[2025-10-08 20:35:53,586] [INFO] EXIT: 'GraphRAG' calling 'query_graph' (0.6997025012969971 secs).
[2025-10-08 20:35:53,586] [INFO] EXIT: 'GraphRAG' calling 'why' (0.7000975608825684 secs).
[2025-10-08 20:35:53,586] [INFO] ENTER: 'GraphRAG' calling 'claim_negation'; CURRENT SPEAKER: mistral-medium_mas_rag, DIALOGUE TURN NUM = 20.
[2025-10-08 20:35:53,586] [INFO] ENTER: 'GraphRAG' calling 'query_graph'; CURRENT SPEAKER: mistral-medium_mas_rag, DIALOGUE TURN NUM = 20.
[2025-10-08 20:35:54,256] [INFO] EXIT: 'GraphRAG' calling 'query_graph' (0.6695947647094727 secs).
[2025-10-08 20:35:54,256] [INFO] EXIT: 'GraphRAG' calling 'claim_negation' (0.6699941158294678 secs).
[2025-10-08 20:35:54,256] [INFO] ENTER: 'GraphRAG' calling 'concede'; CURRENT SPEAKER: mistral-medium_mas_rag, DIALOGUE TURN NUM = 20.
[2025-10-08 20:35:54,256] [INFO] ENTER: 'GraphRAG' calling 'query_graph'; CURRENT SPEAKER: mistral-medium_mas_rag, DIALOGUE TURN NUM = 20.
[2025-10-08 20:35:54,975] [INFO] EXIT: 'GraphRAG' calling 'query_graph' (0.7188282012939453 secs).
[2025-10-08 20:35:54,975] [INFO] EXIT: 'GraphRAG' calling 'concede' (0.719214677810669 secs).
[2025-10-08 20:35:54,975] [INFO] ENTER: 'GraphRAG' calling 'question'; CURRENT SPEAKER: mistral-medium_mas_rag, DIALOGUE TURN NUM = 20.
[2025-10-08 20:35:54,976] [INFO] ENTER: 'GraphRAG' calling 'query_graph'; CURRENT SPEAKER: mistral-medium_mas_rag, DIALOGUE TURN NUM = 20.
[2025-10-08 20:35:55,100] [INFO] EXIT: 'GraphRAG' calling 'query_graph' (0.12432289123535156 secs).
[2025-10-08 20:35:55,100] [INFO] EXIT: 'GraphRAG' calling 'question' (0.12469100952148438 secs).
[2025-10-08 20:35:55,100] [INFO] ENTER: 'GraphRAG' calling 'return_rag_examples'; CURRENT SPEAKER: mistral-medium_mas_rag, DIALOGUE TURN NUM = 20.
[2025-10-08 20:35:55,100] [INFO] EXIT: 'GraphRAG' calling 'return_rag_examples' (1.6689300537109375e-06 secs).
[2025-10-08 20:35:55,103] [INFO] ENTER: 'DialogueMoveGenerator' calling 'generate'; CURRENT SPEAKER: mistral-medium_mas_rag, DIALOGUE TURN NUM = 20.
[2025-10-08 20:35:55,103] [INFO] ENTER: 'MASPromptGenerator' calling 'claim_negation'; CURRENT SPEAKER: mistral-medium_mas_rag, DIALOGUE TURN NUM = 20.
[2025-10-08 20:35:55,103] [INFO] EXIT: 'MASPromptGenerator' calling 'claim_negation' (6.198883056640625e-05 secs).
[2025-10-08 20:35:55,103] [INFO] ENTER: 'DialogueMoveGenerator' calling 'generate'; CURRENT SPEAKER: mistral-medium_mas_rag, DIALOGUE TURN NUM = 20.
[2025-10-08 20:35:55,104] [INFO] ENTER: 'MASPromptGenerator' calling 'concede_claim'; CURRENT SPEAKER: mistral-medium_mas_rag, DIALOGUE TURN NUM = 20.
[2025-10-08 20:35:55,104] [INFO] EXIT: 'MASPromptGenerator' calling 'concede_claim' (6.747245788574219e-05 secs).
[2025-10-08 20:35:55,104] [INFO] ENTER: 'DialogueMoveGenerator' calling 'generate'; CURRENT SPEAKER: mistral-medium_mas_rag, DIALOGUE TURN NUM = 20.
[2025-10-08 20:35:55,104] [INFO] ENTER: 'MASPromptGenerator' calling 'question_claim'; CURRENT SPEAKER: mistral-medium_mas_rag, DIALOGUE TURN NUM = 20.
[2025-10-08 20:35:55,104] [INFO] EXIT: 'MASPromptGenerator' calling 'question_claim' (6.246566772460938e-05 secs).
[2025-10-08 20:35:55,105] [INFO] ENTER: 'DialogueMoveGenerator' calling 'generate'; CURRENT SPEAKER: mistral-medium_mas_rag, DIALOGUE TURN NUM = 20.
[2025-10-08 20:35:55,105] [INFO] ENTER: 'MASPromptGenerator' calling 'why_claim'; CURRENT SPEAKER: mistral-medium_mas_rag, DIALOGUE TURN NUM = 20.
[2025-10-08 20:35:55,106] [INFO] EXIT: 'MASPromptGenerator' calling 'why_claim' (5.340576171875e-05 secs).
[2025-10-08 20:35:57,230] [INFO] Completion returned and validated from MODEL = 'mistral-medium'.
[2025-10-08 20:35:57,245] [INFO] Completion returned and validated from MODEL = 'mistral-medium'.
[2025-10-08 20:35:57,345] [INFO] Completion returned and validated from MODEL = 'mistral-medium'.
[2025-10-08 20:35:57,483] [INFO] Completion returned and validated from MODEL = 'mistral-medium'.
[2025-10-08 20:35:59,168] [INFO] Completion returned and validated from MODEL = 'mistral-medium'.
[2025-10-08 20:35:59,385] [INFO] Completion returned and validated from MODEL = 'mistral-medium'.
[2025-10-08 20:35:59,446] [INFO] Completion returned and validated from MODEL = 'mistral-medium'.
[2025-10-08 20:35:59,465] [INFO] Completion returned and validated from MODEL = 'mistral-medium'.
[2025-10-08 20:36:01,456] [INFO] Completion returned and validated from MODEL = 'mistral-medium'.
[2025-10-08 20:36:01,979] [INFO] Completion returned and validated from MODEL = 'mistral-medium'.
[2025-10-08 20:36:01,979] [INFO] EXIT: 'DialogueMoveGenerator' calling 'generate' (6.876713037490845 secs).
[2025-10-08 20:36:17,406] [INFO] Completion returned and validated from MODEL = 'mistral-medium'.
[2025-10-08 20:36:19,486] [INFO] Completion returned and validated from MODEL = 'mistral-medium'.
[2025-10-08 20:36:21,659] [INFO] Completion returned and validated from MODEL = 'mistral-medium'.
[2025-10-08 20:36:21,659] [INFO] EXIT: 'DialogueMoveGenerator' calling 'generate' (26.554540634155273 secs).
[2025-10-08 20:36:59,489] [INFO] Completion returned and validated from MODEL = 'mistral-medium'.
[2025-10-08 20:37:01,661] [INFO] Completion returned and validated from MODEL = 'mistral-medium'.
[2025-10-08 20:37:01,661] [INFO] EXIT: 'DialogueMoveGenerator' calling 'generate' (66.55758213996887 secs).
[2025-10-08 20:37:38,574] [INFO] Completion returned and validated from MODEL = 'mistral-medium'.
[2025-10-08 20:37:41,376] [INFO] Completion returned and validated from MODEL = 'mistral-medium'.
[2025-10-08 20:38:33,613] [INFO] Completion returned and validated from MODEL = 'mistral-medium'.
[2025-10-08 20:38:33,613] [INFO] EXIT: 'DialogueMoveGenerator' calling 'generate' (158.50744938850403 secs).
[2025-10-08 20:38:33,614] [INFO] ENTER: 'MASPromptGenerator' calling 'persuasiveness_choice'; CURRENT SPEAKER: mistral-medium_mas_rag, DIALOGUE TURN NUM = 20.
[2025-10-08 20:38:33,614] [INFO] EXIT: 'MASPromptGenerator' calling 'persuasiveness_choice' (0.00021600723266601562 secs).
[2025-10-08 20:39:07,873] [INFO] Completion returned and validated within 'PersuasivenessChoiceAgent'; MODEL = 'mistral-medium'; DIALOGUE TURN NUM = 20.
[2025-10-08 20:39:10,988] [INFO] Completion returned and validated within 'PersuasivenessChoiceAgent'; MODEL = 'mistral-medium'; DIALOGUE TURN NUM = 20.
[2025-10-08 20:39:13,809] [INFO] Completion returned and validated within 'PersuasivenessChoiceAgent'; MODEL = 'mistral-medium'; DIALOGUE TURN NUM = 20.
[2025-10-08 20:39:17,001] [INFO] Completion returned and validated within 'PersuasivenessChoiceAgent'; MODEL = 'mistral-medium'; DIALOGUE TURN NUM = 20.
[2025-10-08 20:39:20,652] [INFO] Completion returned and validated within 'PersuasivenessChoiceAgent'; MODEL = 'mistral-medium'; DIALOGUE TURN NUM = 20.
[2025-10-08 20:39:20,653] [INFO] ENTER: 'DisambiguationAgent' calling '_grouping_similar_utterance_types'; CURRENT SPEAKER: mistral-medium_mas_rag, DIALOGUE TURN NUM = 20.
[2025-10-08 20:39:20,653] [INFO] EXIT: 'DisambiguationAgent' calling '_grouping_similar_utterance_types' (1.2636184692382812e-05 secs).
[2025-10-08 20:39:20,653] [INFO] ENTER: 'DisambiguationAgent' calling '_identifying_similar_sentences_and_choosing_one_to_return_to_user'; CURRENT SPEAKER: mistral-medium_mas_rag, DIALOGUE TURN NUM = 20.
[2025-10-08 20:39:24,511] [INFO] 'DisambiguationAgent' grouped similar sentences, completion returned and validated; MODEL = 'mistral-medium'.
[2025-10-08 20:39:25,915] [INFO] 'DisambiguationAgent' chose sentences to remove, completion returned and validated from MODEL = 'mistral-medium'.
[2025-10-08 20:39:26,838] [INFO] 'DisambiguationAgent' chose sentences to remove, completion returned and validated from MODEL = 'mistral-medium'.
[2025-10-08 20:39:27,698] [INFO] 'DisambiguationAgent' chose sentences to remove, completion returned and validated from MODEL = 'mistral-medium'.
[2025-10-08 20:39:27,698] [INFO] EXIT: 'DisambiguationAgent' calling '_identifying_similar_sentences_and_choosing_one_to_return_to_user' (7.04533839225769 secs).
[2025-10-08 20:39:27,698] [INFO] ENTER: 'DisambiguationAgent' calling '_identifying_similar_sentences_and_choosing_one_to_return_to_user'; CURRENT SPEAKER: mistral-medium_mas_rag, DIALOGUE TURN NUM = 20.
[2025-10-08 20:39:33,520] [INFO] 'DisambiguationAgent' grouped similar sentences, completion returned and validated; MODEL = 'mistral-medium'.
[2025-10-08 20:39:34,404] [INFO] 'DisambiguationAgent' chose sentences to remove, completion returned and validated from MODEL = 'mistral-medium'.
[2025-10-08 20:39:35,312] [INFO] 'DisambiguationAgent' chose sentences to remove, completion returned and validated from MODEL = 'mistral-medium'.
[2025-10-08 20:39:36,289] [INFO] 'DisambiguationAgent' chose sentences to remove, completion returned and validated from MODEL = 'mistral-medium'.
[2025-10-08 20:39:37,258] [INFO] 'DisambiguationAgent' chose sentences to remove, completion returned and validated from MODEL = 'mistral-medium'.
[2025-10-08 20:39:37,258] [INFO] EXIT: 'DisambiguationAgent' calling '_identifying_similar_sentences_and_choosing_one_to_return_to_user' (9.559960842132568 secs).
[2025-10-08 20:39:37,258] [INFO] ENTER: 'DisambiguationAgent' calling '_removing_repetitive_sentences'; CURRENT SPEAKER: mistral-medium_mas_rag, DIALOGUE TURN NUM = 20.
[2025-10-08 20:39:37,258] [INFO] EXIT: 'DisambiguationAgent' calling '_removing_repetitive_sentences' (1.9311904907226562e-05 secs).
[2025-10-08 20:39:37,258] [INFO] ENTER: 'DisambiguationAgent' calling '_choose_the_most_persuasive_sentences'; CURRENT SPEAKER: mistral-medium_mas_rag, DIALOGUE TURN NUM = 20.
[2025-10-08 20:39:40,322] [INFO] 'DisambiguationAgent': reached maximum allowed sentences, succussfully chose most persuasive sentences, completion returned and validated from MODEL = 'mistral-medium'.
[2025-10-08 20:39:40,323] [INFO] EXIT: 'DisambiguationAgent' calling '_choose_the_most_persuasive_sentences' (3.064194917678833 secs).
[2025-10-08 20:39:40,323] [INFO] ENTER: 'DisambiguationAgent' calling 'return_disambiguated_sentences'; CURRENT SPEAKER: mistral-medium_mas_rag, DIALOGUE TURN NUM = 20.
[2025-10-08 20:39:40,323] [INFO] EXIT: 'DisambiguationAgent' calling 'return_disambiguated_sentences' (2.86102294921875e-06 secs).
[2025-10-08 20:39:40,323] [ERROR] Wrong state used; State of type HumanState; error message: dict has unexpected extra key(s): "graph_rag_examples", "intermediate_generations", "knowledge_base_ensemble_or_model_name", "model_seed", "model_temp", "model_top_p", "number_of_graph_rag_examples", "number_of_vector_based_rag_examples", "political_position_prob_of_na", "political_position_range", "political_position_std", "speaker_model_name", "speaker_type", "vector_based_persona_string", "vector_based_persona_sys_prompt"
[2025-10-08 20:39:40,323] [INFO] Correct state used; State of type GenerationAgentsState; 'IGNORE THE ABOVE ERRORS'.
[2025-10-08 20:39:41,406] [INFO] 'commitment_update' completed '___Claim___' update for current speaker's commitments; MODEL = 'mistral-medium'.
[2025-10-08 20:39:41,815] [INFO] 'commitment_update' completed '___Claim___' update for current speaker's commitments; MODEL = 'mistral-medium'.
[2025-10-08 20:39:42,263] [INFO] 'commitment_update' completed '___Claim___' update for current speaker's commitments; MODEL = 'mistral-medium'.
[2025-10-08 20:39:42,674] [INFO] 'commitment_update' completed '___Claim___' update for current speaker's commitments; MODEL = 'mistral-medium'.
[2025-10-08 20:39:43,216] [INFO] 'commitment_update' completed '___Claim___' update for current speaker's commitments; MODEL = 'mistral-medium'.
[2025-10-08 20:39:43,317] [ERROR] Wrong state used; State of type HumanState; error message: dict has unexpected extra key(s): "graph_rag_examples", "intermediate_generations", "knowledge_base_ensemble_or_model_name", "model_seed", "model_temp", "model_top_p", "number_of_graph_rag_examples", "number_of_vector_based_rag_examples", "political_position_prob_of_na", "political_position_range", "political_position_std", "speaker_model_name", "speaker_type", "vector_based_persona_string", "vector_based_persona_sys_prompt"
[2025-10-08 20:39:43,317] [INFO] Correct state used; State of type GenerationAgentsState; 'IGNORE THE ABOVE ERRORS'.
[2025-10-08 20:39:43,317] [INFO] ENTER: 'UtteranceClassificationAgent' calling '_classify_sentence_utterance_types'; CURRENT SPEAKER: grok-3_mas, DIALOGUE TURN NUM = 21.
[2025-10-08 20:41:44,578] [INFO] 'UtteranceClassificationAgent' completion returned and validated from MODEL = 'ModelName.GROK_3'.
[2025-10-08 20:41:45,927] [INFO] 'UtteranceClassificationAgent' completion returned and validated from MODEL = 'ModelName.GROK_3'.
[2025-10-08 20:41:46,540] [INFO] 'UtteranceClassificationAgent' completion returned and validated from MODEL = 'ModelName.GROK_3'.
[2025-10-08 20:41:47,172] [INFO] 'UtteranceClassificationAgent' completion returned and validated from MODEL = 'ModelName.GROK_3'.
[2025-10-08 20:41:47,817] [INFO] 'UtteranceClassificationAgent' completion returned and validated from MODEL = 'ModelName.GROK_3'.
[2025-10-08 20:41:47,817] [INFO] EXIT: 'UtteranceClassificationAgent' calling '_classify_sentence_utterance_types' (124.49965357780457 secs).
[2025-10-08 20:41:47,817] [INFO] ENTER: 'UtteranceClassificationAgent' calling 'return_classified_sentences'; CURRENT SPEAKER: grok-3_mas, DIALOGUE TURN NUM = 21.
[2025-10-08 20:41:47,817] [INFO] EXIT: 'UtteranceClassificationAgent' calling 'return_classified_sentences' (2.384185791015625e-06 secs).
[2025-10-08 20:41:47,819] [INFO] ENTER: 'DialogueMoveGenerator' calling 'generate'; CURRENT SPEAKER: grok-3_mas, DIALOGUE TURN NUM = 21.
[2025-10-08 20:41:47,819] [INFO] ENTER: 'MASPromptGenerator' calling 'claim_negation'; CURRENT SPEAKER: grok-3_mas, DIALOGUE TURN NUM = 21.
[2025-10-08 20:41:47,820] [INFO] EXIT: 'MASPromptGenerator' calling 'claim_negation' (5.245208740234375e-05 secs).
[2025-10-08 20:41:47,820] [INFO] ENTER: 'DialogueMoveGenerator' calling 'generate'; CURRENT SPEAKER: grok-3_mas, DIALOGUE TURN NUM = 21.
[2025-10-08 20:41:47,820] [INFO] ENTER: 'MASPromptGenerator' calling 'concede_claim'; CURRENT SPEAKER: grok-3_mas, DIALOGUE TURN NUM = 21.
[2025-10-08 20:41:47,821] [INFO] EXIT: 'MASPromptGenerator' calling 'concede_claim' (5.53131103515625e-05 secs).
[2025-10-08 20:41:47,823] [INFO] ENTER: 'DialogueMoveGenerator' calling 'generate'; CURRENT SPEAKER: grok-3_mas, DIALOGUE TURN NUM = 21.
[2025-10-08 20:41:47,823] [INFO] ENTER: 'MASPromptGenerator' calling 'question_claim'; CURRENT SPEAKER: grok-3_mas, DIALOGUE TURN NUM = 21.
[2025-10-08 20:41:47,823] [INFO] EXIT: 'MASPromptGenerator' calling 'question_claim' (6.008148193359375e-05 secs).
[2025-10-08 20:41:47,824] [INFO] ENTER: 'DialogueMoveGenerator' calling 'generate'; CURRENT SPEAKER: grok-3_mas, DIALOGUE TURN NUM = 21.
[2025-10-08 20:41:47,824] [INFO] ENTER: 'MASPromptGenerator' calling 'why_claim'; CURRENT SPEAKER: grok-3_mas, DIALOGUE TURN NUM = 21.
[2025-10-08 20:41:47,824] [INFO] EXIT: 'MASPromptGenerator' calling 'why_claim' (4.673004150390625e-05 secs).
[2025-10-08 20:41:50,330] [INFO] Completion returned and validated from MODEL = 'grok-3'.
[2025-10-08 20:41:51,153] [INFO] Completion returned and validated from MODEL = 'grok-3'.
[2025-10-08 20:41:53,011] [INFO] Completion returned and validated from MODEL = 'grok-3'.
[2025-10-08 20:41:53,369] [INFO] Completion returned and validated from MODEL = 'grok-3'.
[2025-10-08 20:41:53,609] [INFO] Completion returned and validated from MODEL = 'grok-3'.
[2025-10-08 20:41:56,657] [INFO] Completion returned and validated from MODEL = 'grok-3'.
[2025-10-08 20:41:57,015] [INFO] Completion returned and validated from MODEL = 'grok-3'.
[2025-10-08 20:41:57,151] [INFO] Completion returned and validated from MODEL = 'grok-3'.
[2025-10-08 20:42:00,098] [INFO] Completion returned and validated from MODEL = 'grok-3'.
[2025-10-08 20:42:02,315] [INFO] Completion returned and validated from MODEL = 'grok-3'.
[2025-10-08 20:42:03,877] [INFO] Completion returned and validated from MODEL = 'grok-3'.
[2025-10-08 20:42:04,981] [INFO] Completion returned and validated from MODEL = 'grok-3'.
[2025-10-08 20:42:04,981] [INFO] EXIT: 'DialogueMoveGenerator' calling 'generate' (17.160478115081787 secs).
[2025-10-08 20:42:07,619] [INFO] Completion returned and validated from MODEL = 'grok-3'.
[2025-10-08 20:42:11,170] [INFO] Completion returned and validated from MODEL = 'grok-3'.
[2025-10-08 20:42:11,171] [INFO] EXIT: 'DialogueMoveGenerator' calling 'generate' (23.34787130355835 secs).
[2025-10-08 20:42:13,692] [INFO] Completion returned and validated from MODEL = 'grok-3'.
[2025-10-08 20:42:16,883] [INFO] Completion returned and validated from MODEL = 'grok-3'.
[2025-10-08 20:42:19,645] [INFO] Completion returned and validated from MODEL = 'grok-3'.
[2025-10-08 20:42:19,645] [INFO] EXIT: 'DialogueMoveGenerator' calling 'generate' (31.821076154708862 secs).
[2025-10-08 20:42:41,755] [INFO] Completion returned and validated from MODEL = 'grok-3'.
[2025-10-08 20:42:44,425] [INFO] Completion returned and validated from MODEL = 'grok-3'.
[2025-10-08 20:42:47,231] [INFO] Completion returned and validated from MODEL = 'grok-3'.
[2025-10-08 20:42:47,231] [INFO] EXIT: 'DialogueMoveGenerator' calling 'generate' (59.411824226379395 secs).
[2025-10-08 20:42:47,232] [INFO] ENTER: 'MASPromptGenerator' calling 'persuasiveness_choice'; CURRENT SPEAKER: grok-3_mas, DIALOGUE TURN NUM = 21.
[2025-10-08 20:42:47,232] [INFO] EXIT: 'MASPromptGenerator' calling 'persuasiveness_choice' (0.0002067089080810547 secs).
[2025-10-08 20:42:49,434] [INFO] Completion returned and validated within 'PersuasivenessChoiceAgent'; MODEL = 'grok-3'; DIALOGUE TURN NUM = 21.
[2025-10-08 20:42:51,489] [INFO] Completion returned and validated within 'PersuasivenessChoiceAgent'; MODEL = 'grok-3'; DIALOGUE TURN NUM = 21.
[2025-10-08 20:42:53,367] [INFO] Completion returned and validated within 'PersuasivenessChoiceAgent'; MODEL = 'grok-3'; DIALOGUE TURN NUM = 21.
[2025-10-08 20:42:55,213] [INFO] Completion returned and validated within 'PersuasivenessChoiceAgent'; MODEL = 'grok-3'; DIALOGUE TURN NUM = 21.
[2025-10-08 20:42:57,221] [INFO] Completion returned and validated within 'PersuasivenessChoiceAgent'; MODEL = 'grok-3'; DIALOGUE TURN NUM = 21.
[2025-10-08 20:42:57,222] [INFO] ENTER: 'DisambiguationAgent' calling '_grouping_similar_utterance_types'; CURRENT SPEAKER: grok-3_mas, DIALOGUE TURN NUM = 21.
[2025-10-08 20:42:57,222] [INFO] EXIT: 'DisambiguationAgent' calling '_grouping_similar_utterance_types' (9.059906005859375e-06 secs).
[2025-10-08 20:42:57,222] [INFO] ENTER: 'DisambiguationAgent' calling '_identifying_similar_sentences_and_choosing_one_to_return_to_user'; CURRENT SPEAKER: grok-3_mas, DIALOGUE TURN NUM = 21.
[2025-10-08 20:43:04,187] [INFO] 'DisambiguationAgent' grouped similar sentences, completion returned and validated; MODEL = 'grok-3'.
[2025-10-08 20:43:05,108] [INFO] 'DisambiguationAgent' chose sentences to remove, completion returned and validated from MODEL = 'grok-3'.
[2025-10-08 20:43:06,324] [INFO] 'DisambiguationAgent' chose sentences to remove, completion returned and validated from MODEL = 'grok-3'.
[2025-10-08 20:43:07,261] [INFO] 'DisambiguationAgent' chose sentences to remove, completion returned and validated from MODEL = 'grok-3'.
[2025-10-08 20:43:08,101] [INFO] 'DisambiguationAgent' chose sentences to remove, completion returned and validated from MODEL = 'grok-3'.
[2025-10-08 20:43:09,760] [INFO] 'DisambiguationAgent' chose sentences to remove, completion returned and validated from MODEL = 'grok-3'.
[2025-10-08 20:43:09,760] [INFO] EXIT: 'DisambiguationAgent' calling '_identifying_similar_sentences_and_choosing_one_to_return_to_user' (12.538047552108765 secs).
[2025-10-08 20:43:09,760] [INFO] ENTER: 'DisambiguationAgent' calling '_removing_repetitive_sentences'; CURRENT SPEAKER: grok-3_mas, DIALOGUE TURN NUM = 21.
[2025-10-08 20:43:09,760] [INFO] EXIT: 'DisambiguationAgent' calling '_removing_repetitive_sentences' (1.7404556274414062e-05 secs).
[2025-10-08 20:43:09,760] [INFO] ENTER: 'DisambiguationAgent' calling '_choose_the_most_persuasive_sentences'; CURRENT SPEAKER: grok-3_mas, DIALOGUE TURN NUM = 21.
[2025-10-08 20:43:12,941] [INFO] 'DisambiguationAgent': reached maximum allowed sentences, succussfully chose most persuasive sentences, completion returned and validated from MODEL = 'grok-3'.
[2025-10-08 20:43:12,941] [INFO] EXIT: 'DisambiguationAgent' calling '_choose_the_most_persuasive_sentences' (3.1812736988067627 secs).
[2025-10-08 20:43:12,941] [INFO] ENTER: 'DisambiguationAgent' calling 'return_disambiguated_sentences'; CURRENT SPEAKER: grok-3_mas, DIALOGUE TURN NUM = 21.
[2025-10-08 20:43:12,941] [INFO] EXIT: 'DisambiguationAgent' calling 'return_disambiguated_sentences' (2.6226043701171875e-06 secs).
[2025-10-08 20:43:12,942] [ERROR] Wrong state used; State of type HumanState; error message: dict has unexpected extra key(s): "graph_rag_examples", "intermediate_generations", "knowledge_base_ensemble_or_model_name", "model_seed", "model_temp", "model_top_p", "number_of_graph_rag_examples", "number_of_vector_based_rag_examples", "political_position_prob_of_na", "political_position_range", "political_position_std", "speaker_model_name", "speaker_type", "vector_based_persona_string", "vector_based_persona_sys_prompt"
[2025-10-08 20:43:12,942] [INFO] Correct state used; State of type GenerationAgentsState; 'IGNORE THE ABOVE ERRORS'.
[2025-10-08 20:43:13,606] [INFO] 'commitment_update' completed '___Claim___' update for current speaker's commitments; MODEL = 'grok-3'.
[2025-10-08 20:43:14,229] [INFO] 'commitment_update' completed '___Claim___' update for current speaker's commitments; MODEL = 'grok-3'.
[2025-10-08 20:43:14,993] [INFO] 'commitment_update' completed '___Claim___' update for current speaker's commitments; MODEL = 'grok-3'.
[2025-10-08 20:43:15,627] [INFO] 'commitment_update' completed '___Claim___' update for current speaker's commitments; MODEL = 'grok-3'.
[2025-10-08 20:43:16,260] [INFO] 'commitment_update' completed '___Claim___' update for current speaker's commitments; MODEL = 'grok-3'.
[2025-10-08 20:43:16,339] [ERROR] Wrong state used; State of type HumanState; error message: dict has unexpected extra key(s): "graph_rag_examples", "intermediate_generations", "knowledge_base_ensemble_or_model_name", "model_seed", "model_temp", "model_top_p", "number_of_graph_rag_examples", "number_of_vector_based_rag_examples", "political_position_prob_of_na", "political_position_range", "political_position_std", "speaker_model_name", "speaker_type", "vector_based_persona_string", "vector_based_persona_sys_prompt"
[2025-10-08 20:43:16,340] [INFO] Correct state used; State of type GenerationAgentsState; 'IGNORE THE ABOVE ERRORS'.
[2025-10-08 20:43:16,340] [INFO] ENTER: 'UtteranceClassificationAgent' calling '_classify_sentence_utterance_types'; CURRENT SPEAKER: mistral-medium_mas_rag, DIALOGUE TURN NUM = 22.
[2025-10-08 20:43:16,783] [INFO] 'UtteranceClassificationAgent' completion returned and validated from MODEL = 'ModelName.MISTRAL_MEDIUM'.
[2025-10-08 20:43:17,622] [INFO] 'UtteranceClassificationAgent' completion returned and validated from MODEL = 'ModelName.MISTRAL_MEDIUM'.
[2025-10-08 20:43:18,049] [INFO] 'UtteranceClassificationAgent' completion returned and validated from MODEL = 'ModelName.MISTRAL_MEDIUM'.
[2025-10-08 20:43:18,486] [INFO] 'UtteranceClassificationAgent' completion returned and validated from MODEL = 'ModelName.MISTRAL_MEDIUM'.
[2025-10-08 20:43:18,981] [INFO] 'UtteranceClassificationAgent' completion returned and validated from MODEL = 'ModelName.MISTRAL_MEDIUM'.
[2025-10-08 20:43:18,982] [INFO] EXIT: 'UtteranceClassificationAgent' calling '_classify_sentence_utterance_types' (2.6416683197021484 secs).
[2025-10-08 20:43:18,982] [INFO] ENTER: 'UtteranceClassificationAgent' calling 'return_classified_sentences'; CURRENT SPEAKER: mistral-medium_mas_rag, DIALOGUE TURN NUM = 22.
[2025-10-08 20:43:18,982] [INFO] EXIT: 'UtteranceClassificationAgent' calling 'return_classified_sentences' (2.1457672119140625e-06 secs).
[2025-10-08 20:43:19,001] [INFO] ENTER: 'GraphRAG' calling 'why'; CURRENT SPEAKER: mistral-medium_mas_rag, DIALOGUE TURN NUM = 22.
[2025-10-08 20:43:19,002] [INFO] ENTER: 'GraphRAG' calling 'query_graph'; CURRENT SPEAKER: mistral-medium_mas_rag, DIALOGUE TURN NUM = 22.
[2025-10-08 20:43:19,691] [INFO] EXIT: 'GraphRAG' calling 'query_graph' (0.689119815826416 secs).
[2025-10-08 20:43:19,691] [INFO] EXIT: 'GraphRAG' calling 'why' (0.6895287036895752 secs).
[2025-10-08 20:43:19,691] [INFO] ENTER: 'GraphRAG' calling 'claim_negation'; CURRENT SPEAKER: mistral-medium_mas_rag, DIALOGUE TURN NUM = 22.
[2025-10-08 20:43:19,691] [INFO] ENTER: 'GraphRAG' calling 'query_graph'; CURRENT SPEAKER: mistral-medium_mas_rag, DIALOGUE TURN NUM = 22.
[2025-10-08 20:43:20,355] [INFO] EXIT: 'GraphRAG' calling 'query_graph' (0.6638517379760742 secs).
[2025-10-08 20:43:20,355] [INFO] EXIT: 'GraphRAG' calling 'claim_negation' (0.664283275604248 secs).
[2025-10-08 20:43:20,355] [INFO] ENTER: 'GraphRAG' calling 'concede'; CURRENT SPEAKER: mistral-medium_mas_rag, DIALOGUE TURN NUM = 22.
[2025-10-08 20:43:20,356] [INFO] ENTER: 'GraphRAG' calling 'query_graph'; CURRENT SPEAKER: mistral-medium_mas_rag, DIALOGUE TURN NUM = 22.
[2025-10-08 20:43:21,037] [INFO] EXIT: 'GraphRAG' calling 'query_graph' (0.6817128658294678 secs).
[2025-10-08 20:43:21,038] [INFO] EXIT: 'GraphRAG' calling 'concede' (0.6821298599243164 secs).
[2025-10-08 20:43:21,038] [INFO] ENTER: 'GraphRAG' calling 'question'; CURRENT SPEAKER: mistral-medium_mas_rag, DIALOGUE TURN NUM = 22.
[2025-10-08 20:43:21,038] [INFO] ENTER: 'GraphRAG' calling 'query_graph'; CURRENT SPEAKER: mistral-medium_mas_rag, DIALOGUE TURN NUM = 22.
[2025-10-08 20:43:21,163] [INFO] EXIT: 'GraphRAG' calling 'query_graph' (0.12473011016845703 secs).
[2025-10-08 20:43:21,163] [INFO] EXIT: 'GraphRAG' calling 'question' (0.12520456314086914 secs).
[2025-10-08 20:43:21,179] [INFO] ENTER: 'GraphRAG' calling 'why'; CURRENT SPEAKER: mistral-medium_mas_rag, DIALOGUE TURN NUM = 22.
[2025-10-08 20:43:21,179] [INFO] ENTER: 'GraphRAG' calling 'query_graph'; CURRENT SPEAKER: mistral-medium_mas_rag, DIALOGUE TURN NUM = 22.
[2025-10-08 20:43:21,864] [INFO] EXIT: 'GraphRAG' calling 'query_graph' (0.6844704151153564 secs).
[2025-10-08 20:43:21,864] [INFO] EXIT: 'GraphRAG' calling 'why' (0.684948205947876 secs).
[2025-10-08 20:43:21,864] [INFO] ENTER: 'GraphRAG' calling 'claim_negation'; CURRENT SPEAKER: mistral-medium_mas_rag, DIALOGUE TURN NUM = 22.
[2025-10-08 20:43:21,864] [INFO] ENTER: 'GraphRAG' calling 'query_graph'; CURRENT SPEAKER: mistral-medium_mas_rag, DIALOGUE TURN NUM = 22.
[2025-10-08 20:43:22,532] [INFO] EXIT: 'GraphRAG' calling 'query_graph' (0.667757511138916 secs).
[2025-10-08 20:43:22,532] [INFO] EXIT: 'GraphRAG' calling 'claim_negation' (0.6682100296020508 secs).
[2025-10-08 20:43:22,532] [INFO] ENTER: 'GraphRAG' calling 'concede'; CURRENT SPEAKER: mistral-medium_mas_rag, DIALOGUE TURN NUM = 22.
[2025-10-08 20:43:22,532] [INFO] ENTER: 'GraphRAG' calling 'query_graph'; CURRENT SPEAKER: mistral-medium_mas_rag, DIALOGUE TURN NUM = 22.
[2025-10-08 20:43:23,221] [INFO] EXIT: 'GraphRAG' calling 'query_graph' (0.6883745193481445 secs).
[2025-10-08 20:43:23,221] [INFO] EXIT: 'GraphRAG' calling 'concede' (0.6887619495391846 secs).
[2025-10-08 20:43:23,221] [INFO] ENTER: 'GraphRAG' calling 'question'; CURRENT SPEAKER: mistral-medium_mas_rag, DIALOGUE TURN NUM = 22.
[2025-10-08 20:43:23,221] [INFO] ENTER: 'GraphRAG' calling 'query_graph'; CURRENT SPEAKER: mistral-medium_mas_rag, DIALOGUE TURN NUM = 22.
[2025-10-08 20:43:23,345] [INFO] EXIT: 'GraphRAG' calling 'query_graph' (0.12398600578308105 secs).
[2025-10-08 20:43:23,345] [INFO] EXIT: 'GraphRAG' calling 'question' (0.12439870834350586 secs).
[2025-10-08 20:43:23,362] [INFO] ENTER: 'GraphRAG' calling 'why'; CURRENT SPEAKER: mistral-medium_mas_rag, DIALOGUE TURN NUM = 22.
[2025-10-08 20:43:23,362] [INFO] ENTER: 'GraphRAG' calling 'query_graph'; CURRENT SPEAKER: mistral-medium_mas_rag, DIALOGUE TURN NUM = 22.
[2025-10-08 20:43:24,064] [INFO] EXIT: 'GraphRAG' calling 'query_graph' (0.7014813423156738 secs).
[2025-10-08 20:43:24,064] [INFO] EXIT: 'GraphRAG' calling 'why' (0.7018864154815674 secs).
[2025-10-08 20:43:24,064] [INFO] ENTER: 'GraphRAG' calling 'claim_negation'; CURRENT SPEAKER: mistral-medium_mas_rag, DIALOGUE TURN NUM = 22.
[2025-10-08 20:43:24,064] [INFO] ENTER: 'GraphRAG' calling 'query_graph'; CURRENT SPEAKER: mistral-medium_mas_rag, DIALOGUE TURN NUM = 22.
[2025-10-08 20:43:24,736] [INFO] EXIT: 'GraphRAG' calling 'query_graph' (0.6720373630523682 secs).
[2025-10-08 20:43:24,737] [INFO] EXIT: 'GraphRAG' calling 'claim_negation' (0.6724874973297119 secs).
[2025-10-08 20:43:24,737] [INFO] ENTER: 'GraphRAG' calling 'concede'; CURRENT SPEAKER: mistral-medium_mas_rag, DIALOGUE TURN NUM = 22.
[2025-10-08 20:43:24,737] [INFO] ENTER: 'GraphRAG' calling 'query_graph'; CURRENT SPEAKER: mistral-medium_mas_rag, DIALOGUE TURN NUM = 22.
[2025-10-08 20:43:25,425] [INFO] EXIT: 'GraphRAG' calling 'query_graph' (0.6875696182250977 secs).
[2025-10-08 20:43:25,425] [INFO] EXIT: 'GraphRAG' calling 'concede' (0.6880555152893066 secs).
[2025-10-08 20:43:25,425] [INFO] ENTER: 'GraphRAG' calling 'question'; CURRENT SPEAKER: mistral-medium_mas_rag, DIALOGUE TURN NUM = 22.
[2025-10-08 20:43:25,425] [INFO] ENTER: 'GraphRAG' calling 'query_graph'; CURRENT SPEAKER: mistral-medium_mas_rag, DIALOGUE TURN NUM = 22.
[2025-10-08 20:43:25,547] [INFO] EXIT: 'GraphRAG' calling 'query_graph' (0.12214040756225586 secs).
[2025-10-08 20:43:25,547] [INFO] EXIT: 'GraphRAG' calling 'question' (0.12254691123962402 secs).
[2025-10-08 20:43:25,564] [INFO] ENTER: 'GraphRAG' calling 'why'; CURRENT SPEAKER: mistral-medium_mas_rag, DIALOGUE TURN NUM = 22.
[2025-10-08 20:43:25,564] [INFO] ENTER: 'GraphRAG' calling 'query_graph'; CURRENT SPEAKER: mistral-medium_mas_rag, DIALOGUE TURN NUM = 22.
[2025-10-08 20:43:26,256] [INFO] EXIT: 'GraphRAG' calling 'query_graph' (0.692486047744751 secs).
[2025-10-08 20:43:26,257] [INFO] EXIT: 'GraphRAG' calling 'why' (0.6929280757904053 secs).
[2025-10-08 20:43:26,257] [INFO] ENTER: 'GraphRAG' calling 'claim_negation'; CURRENT SPEAKER: mistral-medium_mas_rag, DIALOGUE TURN NUM = 22.
[2025-10-08 20:43:26,257] [INFO] ENTER: 'GraphRAG' calling 'query_graph'; CURRENT SPEAKER: mistral-medium_mas_rag, DIALOGUE TURN NUM = 22.
[2025-10-08 20:43:26,923] [INFO] EXIT: 'GraphRAG' calling 'query_graph' (0.6658179759979248 secs).
[2025-10-08 20:43:26,923] [INFO] EXIT: 'GraphRAG' calling 'claim_negation' (0.6662750244140625 secs).
[2025-10-08 20:43:26,923] [INFO] ENTER: 'GraphRAG' calling 'concede'; CURRENT SPEAKER: mistral-medium_mas_rag, DIALOGUE TURN NUM = 22.
[2025-10-08 20:43:26,923] [INFO] ENTER: 'GraphRAG' calling 'query_graph'; CURRENT SPEAKER: mistral-medium_mas_rag, DIALOGUE TURN NUM = 22.
[2025-10-08 20:43:27,612] [INFO] EXIT: 'GraphRAG' calling 'query_graph' (0.6889386177062988 secs).
[2025-10-08 20:43:27,612] [INFO] EXIT: 'GraphRAG' calling 'concede' (0.6893253326416016 secs).
[2025-10-08 20:43:27,612] [INFO] ENTER: 'GraphRAG' calling 'question'; CURRENT SPEAKER: mistral-medium_mas_rag, DIALOGUE TURN NUM = 22.
[2025-10-08 20:43:27,613] [INFO] ENTER: 'GraphRAG' calling 'query_graph'; CURRENT SPEAKER: mistral-medium_mas_rag, DIALOGUE TURN NUM = 22.
[2025-10-08 20:43:27,736] [INFO] EXIT: 'GraphRAG' calling 'query_graph' (0.12336969375610352 secs).
[2025-10-08 20:43:27,736] [INFO] EXIT: 'GraphRAG' calling 'question' (0.1237642765045166 secs).
[2025-10-08 20:43:27,752] [INFO] ENTER: 'GraphRAG' calling 'why'; CURRENT SPEAKER: mistral-medium_mas_rag, DIALOGUE TURN NUM = 22.
[2025-10-08 20:43:27,753] [INFO] ENTER: 'GraphRAG' calling 'query_graph'; CURRENT SPEAKER: mistral-medium_mas_rag, DIALOGUE TURN NUM = 22.
[2025-10-08 20:43:28,454] [INFO] EXIT: 'GraphRAG' calling 'query_graph' (0.7010960578918457 secs).
[2025-10-08 20:43:28,454] [INFO] EXIT: 'GraphRAG' calling 'why' (0.701519250869751 secs).
[2025-10-08 20:43:28,454] [INFO] ENTER: 'GraphRAG' calling 'claim_negation'; CURRENT SPEAKER: mistral-medium_mas_rag, DIALOGUE TURN NUM = 22.
[2025-10-08 20:43:28,454] [INFO] ENTER: 'GraphRAG' calling 'query_graph'; CURRENT SPEAKER: mistral-medium_mas_rag, DIALOGUE TURN NUM = 22.
[2025-10-08 20:43:29,130] [INFO] EXIT: 'GraphRAG' calling 'query_graph' (0.6753292083740234 secs).
[2025-10-08 20:43:29,130] [INFO] EXIT: 'GraphRAG' calling 'claim_negation' (0.6757502555847168 secs).
[2025-10-08 20:43:29,130] [INFO] ENTER: 'GraphRAG' calling 'concede'; CURRENT SPEAKER: mistral-medium_mas_rag, DIALOGUE TURN NUM = 22.
[2025-10-08 20:43:29,130] [INFO] ENTER: 'GraphRAG' calling 'query_graph'; CURRENT SPEAKER: mistral-medium_mas_rag, DIALOGUE TURN NUM = 22.
[2025-10-08 20:43:29,830] [INFO] EXIT: 'GraphRAG' calling 'query_graph' (0.6996099948883057 secs).
[2025-10-08 20:43:29,830] [INFO] EXIT: 'GraphRAG' calling 'concede' (0.7000846862792969 secs).
[2025-10-08 20:43:29,830] [INFO] ENTER: 'GraphRAG' calling 'question'; CURRENT SPEAKER: mistral-medium_mas_rag, DIALOGUE TURN NUM = 22.
[2025-10-08 20:43:29,830] [INFO] ENTER: 'GraphRAG' calling 'query_graph'; CURRENT SPEAKER: mistral-medium_mas_rag, DIALOGUE TURN NUM = 22.
[2025-10-08 20:43:29,954] [INFO] EXIT: 'GraphRAG' calling 'query_graph' (0.12423992156982422 secs).
[2025-10-08 20:43:29,955] [INFO] EXIT: 'GraphRAG' calling 'question' (0.12467265129089355 secs).
[2025-10-08 20:43:29,955] [INFO] ENTER: 'GraphRAG' calling 'return_rag_examples'; CURRENT SPEAKER: mistral-medium_mas_rag, DIALOGUE TURN NUM = 22.
[2025-10-08 20:43:29,955] [INFO] EXIT: 'GraphRAG' calling 'return_rag_examples' (1.9073486328125e-06 secs).
[2025-10-08 20:43:29,957] [INFO] ENTER: 'DialogueMoveGenerator' calling 'generate'; CURRENT SPEAKER: mistral-medium_mas_rag, DIALOGUE TURN NUM = 22.
[2025-10-08 20:43:29,957] [INFO] ENTER: 'MASPromptGenerator' calling 'claim_negation'; CURRENT SPEAKER: mistral-medium_mas_rag, DIALOGUE TURN NUM = 22.
[2025-10-08 20:43:29,958] [INFO] EXIT: 'MASPromptGenerator' calling 'claim_negation' (7.390975952148438e-05 secs).
[2025-10-08 20:43:29,958] [INFO] ENTER: 'DialogueMoveGenerator' calling 'generate'; CURRENT SPEAKER: mistral-medium_mas_rag, DIALOGUE TURN NUM = 22.
[2025-10-08 20:43:29,958] [INFO] ENTER: 'MASPromptGenerator' calling 'concede_claim'; CURRENT SPEAKER: mistral-medium_mas_rag, DIALOGUE TURN NUM = 22.
[2025-10-08 20:43:29,959] [INFO] EXIT: 'MASPromptGenerator' calling 'concede_claim' (0.0002837181091308594 secs).
[2025-10-08 20:43:29,960] [INFO] ENTER: 'DialogueMoveGenerator' calling 'generate'; CURRENT SPEAKER: mistral-medium_mas_rag, DIALOGUE TURN NUM = 22.
[2025-10-08 20:43:29,960] [INFO] ENTER: 'MASPromptGenerator' calling 'question_claim'; CURRENT SPEAKER: mistral-medium_mas_rag, DIALOGUE TURN NUM = 22.
[2025-10-08 20:43:29,961] [INFO] EXIT: 'MASPromptGenerator' calling 'question_claim' (6.604194641113281e-05 secs).
[2025-10-08 20:43:29,961] [INFO] ENTER: 'DialogueMoveGenerator' calling 'generate'; CURRENT SPEAKER: mistral-medium_mas_rag, DIALOGUE TURN NUM = 22.
[2025-10-08 20:43:29,961] [INFO] ENTER: 'MASPromptGenerator' calling 'why_claim'; CURRENT SPEAKER: mistral-medium_mas_rag, DIALOGUE TURN NUM = 22.
[2025-10-08 20:43:29,961] [INFO] EXIT: 'MASPromptGenerator' calling 'why_claim' (6.318092346191406e-05 secs).
[2025-10-08 20:43:32,216] [INFO] Completion returned and validated from MODEL = 'mistral-medium'.
[2025-10-08 20:43:32,295] [INFO] Completion returned and validated from MODEL = 'mistral-medium'.
[2025-10-08 20:43:32,520] [INFO] Completion returned and validated from MODEL = 'mistral-medium'.
[2025-10-08 20:43:32,642] [INFO] Completion returned and validated from MODEL = 'mistral-medium'.
[2025-10-08 20:43:34,068] [INFO] Completion returned and validated from MODEL = 'mistral-medium'.
[2025-10-08 20:43:34,628] [INFO] Completion returned and validated from MODEL = 'mistral-medium'.
[2025-10-08 20:43:35,107] [INFO] Completion returned and validated from MODEL = 'mistral-medium'.
[2025-10-08 20:43:35,369] [INFO] Completion returned and validated from MODEL = 'mistral-medium'.
[2025-10-08 20:43:36,394] [INFO] Completion returned and validated from MODEL = 'mistral-medium'.
[2025-10-08 20:43:36,672] [INFO] Completion returned and validated from MODEL = 'mistral-medium'.
[2025-10-08 20:43:37,529] [INFO] Completion returned and validated from MODEL = 'mistral-medium'.
[2025-10-08 20:43:38,314] [INFO] Completion returned and validated from MODEL = 'mistral-medium'.
[2025-10-08 20:43:38,430] [INFO] Completion returned and validated from MODEL = 'mistral-medium'.
[2025-10-08 20:43:39,037] [INFO] Completion returned and validated from MODEL = 'mistral-medium'.
[2025-10-08 20:43:40,342] [INFO] Completion returned and validated from MODEL = 'mistral-medium'.
[2025-10-08 20:43:40,353] [INFO] Completion returned and validated from MODEL = 'mistral-medium'.
[2025-10-08 20:43:40,353] [INFO] EXIT: 'DialogueMoveGenerator' calling 'generate' (10.394847393035889 secs).
[2025-10-08 20:43:41,515] [INFO] Completion returned and validated from MODEL = 'mistral-medium'.
[2025-10-08 20:43:41,515] [INFO] EXIT: 'DialogueMoveGenerator' calling 'generate' (11.55378532409668 secs).
[2025-10-08 20:43:48,254] [INFO] Completion returned and validated from MODEL = 'mistral-medium'.
[2025-10-08 20:43:48,254] [INFO] EXIT: 'DialogueMoveGenerator' calling 'generate' (18.297102689743042 secs).
[2025-10-08 20:43:59,177] [INFO] Completion returned and validated from MODEL = 'mistral-medium'.
[2025-10-08 20:44:01,426] [INFO] Completion returned and validated from MODEL = 'mistral-medium'.
[2025-10-08 20:44:01,426] [INFO] EXIT: 'DialogueMoveGenerator' calling 'generate' (31.46562910079956 secs).
[2025-10-08 20:44:01,427] [INFO] ENTER: 'MASPromptGenerator' calling 'persuasiveness_choice'; CURRENT SPEAKER: mistral-medium_mas_rag, DIALOGUE TURN NUM = 22.
[2025-10-08 20:44:01,427] [INFO] EXIT: 'MASPromptGenerator' calling 'persuasiveness_choice' (0.0002524852752685547 secs).
[2025-10-08 20:44:05,673] [INFO] Completion returned and validated within 'PersuasivenessChoiceAgent'; MODEL = 'mistral-medium'; DIALOGUE TURN NUM = 22.
[2025-10-08 20:44:10,751] [INFO] Completion returned and validated within 'PersuasivenessChoiceAgent'; MODEL = 'mistral-medium'; DIALOGUE TURN NUM = 22.
[2025-10-08 20:44:14,346] [INFO] Completion returned and validated within 'PersuasivenessChoiceAgent'; MODEL = 'mistral-medium'; DIALOGUE TURN NUM = 22.
[2025-10-08 20:44:17,782] [INFO] Completion returned and validated within 'PersuasivenessChoiceAgent'; MODEL = 'mistral-medium'; DIALOGUE TURN NUM = 22.
[2025-10-08 20:44:20,438] [INFO] Completion returned and validated within 'PersuasivenessChoiceAgent'; MODEL = 'mistral-medium'; DIALOGUE TURN NUM = 22.
[2025-10-08 20:44:20,439] [INFO] ENTER: 'DisambiguationAgent' calling '_grouping_similar_utterance_types'; CURRENT SPEAKER: mistral-medium_mas_rag, DIALOGUE TURN NUM = 22.
[2025-10-08 20:44:20,439] [INFO] EXIT: 'DisambiguationAgent' calling '_grouping_similar_utterance_types' (1.33514404296875e-05 secs).
[2025-10-08 20:44:20,439] [INFO] ENTER: 'DisambiguationAgent' calling '_identifying_similar_sentences_and_choosing_one_to_return_to_user'; CURRENT SPEAKER: mistral-medium_mas_rag, DIALOGUE TURN NUM = 22.
[2025-10-08 20:44:25,099] [INFO] 'DisambiguationAgent' grouped similar sentences, completion returned and validated; MODEL = 'mistral-medium'.
[2025-10-08 20:44:26,432] [INFO] 'DisambiguationAgent' chose sentences to remove, completion returned and validated from MODEL = 'mistral-medium'.
[2025-10-08 20:44:27,761] [INFO] 'DisambiguationAgent' chose sentences to remove, completion returned and validated from MODEL = 'mistral-medium'.
[2025-10-08 20:44:27,761] [INFO] EXIT: 'DisambiguationAgent' calling '_identifying_similar_sentences_and_choosing_one_to_return_to_user' (7.3226213455200195 secs).
[2025-10-08 20:44:27,761] [INFO] ENTER: 'DisambiguationAgent' calling '_identifying_similar_sentences_and_choosing_one_to_return_to_user'; CURRENT SPEAKER: mistral-medium_mas_rag, DIALOGUE TURN NUM = 22.
[2025-10-08 20:44:34,898] [INFO] 'DisambiguationAgent' grouped similar sentences, completion returned and validated; MODEL = 'mistral-medium'.
[2025-10-08 20:44:35,890] [INFO] 'DisambiguationAgent' chose sentences to remove, completion returned and validated from MODEL = 'mistral-medium'.
[2025-10-08 20:44:36,748] [INFO] 'DisambiguationAgent' chose sentences to remove, completion returned and validated from MODEL = 'mistral-medium'.
[2025-10-08 20:44:37,595] [INFO] 'DisambiguationAgent' chose sentences to remove, completion returned and validated from MODEL = 'mistral-medium'.
[2025-10-08 20:44:38,882] [INFO] 'DisambiguationAgent' chose sentences to remove, completion returned and validated from MODEL = 'mistral-medium'.
[2025-10-08 20:44:38,882] [INFO] EXIT: 'DisambiguationAgent' calling '_identifying_similar_sentences_and_choosing_one_to_return_to_user' (11.120654582977295 secs).
[2025-10-08 20:44:38,882] [INFO] ENTER: 'DisambiguationAgent' calling '_removing_repetitive_sentences'; CURRENT SPEAKER: mistral-medium_mas_rag, DIALOGUE TURN NUM = 22.
[2025-10-08 20:44:38,882] [INFO] EXIT: 'DisambiguationAgent' calling '_removing_repetitive_sentences' (2.1219253540039062e-05 secs).
[2025-10-08 20:44:38,882] [INFO] ENTER: 'DisambiguationAgent' calling '_choose_the_most_persuasive_sentences'; CURRENT SPEAKER: mistral-medium_mas_rag, DIALOGUE TURN NUM = 22.
[2025-10-08 20:44:42,416] [INFO] 'DisambiguationAgent': reached maximum allowed sentences, succussfully chose most persuasive sentences, completion returned and validated from MODEL = 'mistral-medium'.
[2025-10-08 20:44:42,416] [INFO] EXIT: 'DisambiguationAgent' calling '_choose_the_most_persuasive_sentences' (3.533787727355957 secs).
[2025-10-08 20:44:42,416] [INFO] ENTER: 'DisambiguationAgent' calling 'return_disambiguated_sentences'; CURRENT SPEAKER: mistral-medium_mas_rag, DIALOGUE TURN NUM = 22.
[2025-10-08 20:44:42,416] [INFO] EXIT: 'DisambiguationAgent' calling 'return_disambiguated_sentences' (2.6226043701171875e-06 secs).
[2025-10-08 20:44:42,417] [ERROR] Wrong state used; State of type HumanState; error message: dict has unexpected extra key(s): "graph_rag_examples", "intermediate_generations", "knowledge_base_ensemble_or_model_name", "model_seed", "model_temp", "model_top_p", "number_of_graph_rag_examples", "number_of_vector_based_rag_examples", "political_position_prob_of_na", "political_position_range", "political_position_std", "speaker_model_name", "speaker_type", "vector_based_persona_string", "vector_based_persona_sys_prompt"
[2025-10-08 20:44:42,417] [INFO] Correct state used; State of type GenerationAgentsState; 'IGNORE THE ABOVE ERRORS'.
[2025-10-08 20:44:42,891] [INFO] 'commitment_update' completed '___Claim___' update for current speaker's commitments; MODEL = 'mistral-medium'.
[2025-10-08 20:44:43,335] [INFO] 'commitment_update' completed '___Claim___' update for current speaker's commitments; MODEL = 'mistral-medium'.
[2025-10-08 20:44:44,129] [INFO] 'commitment_update' completed '___Claim___' update for current speaker's commitments; MODEL = 'mistral-medium'.
[2025-10-08 20:45:51,706] [INFO] 'commitment_update' completed '___Claim___' update for current speaker's commitments; MODEL = 'mistral-medium'.
[2025-10-08 20:45:52,219] [INFO] 'commitment_update' completed '___Claim___' update for current speaker's commitments; MODEL = 'mistral-medium'.
[2025-10-08 20:45:52,445] [ERROR] Wrong state used; State of type HumanState; error message: dict has unexpected extra key(s): "graph_rag_examples", "intermediate_generations", "knowledge_base_ensemble_or_model_name", "model_seed", "model_temp", "model_top_p", "number_of_graph_rag_examples", "number_of_vector_based_rag_examples", "political_position_prob_of_na", "political_position_range", "political_position_std", "speaker_model_name", "speaker_type", "vector_based_persona_string", "vector_based_persona_sys_prompt"
[2025-10-08 20:45:52,445] [INFO] Correct state used; State of type GenerationAgentsState; 'IGNORE THE ABOVE ERRORS'.
[2025-10-08 20:45:52,445] [INFO] ENTER: 'UtteranceClassificationAgent' calling '_classify_sentence_utterance_types'; CURRENT SPEAKER: grok-3_mas, DIALOGUE TURN NUM = 23.
[2025-10-08 20:45:53,159] [INFO] 'UtteranceClassificationAgent' completion returned and validated from MODEL = 'ModelName.GROK_3'.
[2025-10-08 20:45:53,820] [INFO] 'UtteranceClassificationAgent' completion returned and validated from MODEL = 'ModelName.GROK_3'.
[2025-10-08 20:45:54,509] [INFO] 'UtteranceClassificationAgent' completion returned and validated from MODEL = 'ModelName.GROK_3'.
[2025-10-08 20:45:55,126] [INFO] 'UtteranceClassificationAgent' completion returned and validated from MODEL = 'ModelName.GROK_3'.
[2025-10-08 20:45:55,810] [INFO] 'UtteranceClassificationAgent' completion returned and validated from MODEL = 'ModelName.GROK_3'.
[2025-10-08 20:45:55,810] [INFO] EXIT: 'UtteranceClassificationAgent' calling '_classify_sentence_utterance_types' (3.36533522605896 secs).
[2025-10-08 20:45:55,810] [INFO] ENTER: 'UtteranceClassificationAgent' calling 'return_classified_sentences'; CURRENT SPEAKER: grok-3_mas, DIALOGUE TURN NUM = 23.
[2025-10-08 20:45:55,811] [INFO] EXIT: 'UtteranceClassificationAgent' calling 'return_classified_sentences' (2.384185791015625e-06 secs).
[2025-10-08 20:45:55,813] [INFO] ENTER: 'DialogueMoveGenerator' calling 'generate'; CURRENT SPEAKER: grok-3_mas, DIALOGUE TURN NUM = 23.
[2025-10-08 20:45:55,813] [INFO] ENTER: 'MASPromptGenerator' calling 'claim_negation'; CURRENT SPEAKER: grok-3_mas, DIALOGUE TURN NUM = 23.
[2025-10-08 20:45:55,813] [INFO] EXIT: 'MASPromptGenerator' calling 'claim_negation' (5.888938903808594e-05 secs).
[2025-10-08 20:45:55,813] [INFO] ENTER: 'DialogueMoveGenerator' calling 'generate'; CURRENT SPEAKER: grok-3_mas, DIALOGUE TURN NUM = 23.
[2025-10-08 20:45:55,814] [INFO] ENTER: 'DialogueMoveGenerator' calling 'generate'; CURRENT SPEAKER: grok-3_mas, DIALOGUE TURN NUM = 23.
[2025-10-08 20:45:55,814] [INFO] ENTER: 'MASPromptGenerator' calling 'concede_claim'; CURRENT SPEAKER: grok-3_mas, DIALOGUE TURN NUM = 23.
[2025-10-08 20:45:55,814] [INFO] ENTER: 'DialogueMoveGenerator' calling 'generate'; CURRENT SPEAKER: grok-3_mas, DIALOGUE TURN NUM = 23.
[2025-10-08 20:45:55,815] [INFO] ENTER: 'MASPromptGenerator' calling 'question_claim'; CURRENT SPEAKER: grok-3_mas, DIALOGUE TURN NUM = 23.
[2025-10-08 20:45:55,815] [INFO] EXIT: 'MASPromptGenerator' calling 'concede_claim' (5.8650970458984375e-05 secs).
[2025-10-08 20:45:55,816] [INFO] ENTER: 'MASPromptGenerator' calling 'why_claim'; CURRENT SPEAKER: grok-3_mas, DIALOGUE TURN NUM = 23.
[2025-10-08 20:45:55,817] [INFO] EXIT: 'MASPromptGenerator' calling 'question_claim' (4.649162292480469e-05 secs).
[2025-10-08 20:45:55,817] [INFO] EXIT: 'MASPromptGenerator' calling 'why_claim' (4.1484832763671875e-05 secs).
[2025-10-08 20:45:59,158] [INFO] Completion returned and validated from MODEL = 'grok-3'.
[2025-10-08 20:45:59,237] [INFO] Completion returned and validated from MODEL = 'grok-3'.
[2025-10-08 20:45:59,436] [INFO] Completion returned and validated from MODEL = 'grok-3'.
[2025-10-08 20:45:59,712] [INFO] Completion returned and validated from MODEL = 'grok-3'.
[2025-10-08 20:46:01,781] [INFO] Completion returned and validated from MODEL = 'grok-3'.
[2025-10-08 20:46:02,351] [INFO] Completion returned and validated from MODEL = 'grok-3'.
[2025-10-08 20:46:02,526] [INFO] Completion returned and validated from MODEL = 'grok-3'.
[2025-10-08 20:46:03,890] [INFO] Completion returned and validated from MODEL = 'grok-3'.
[2025-10-08 20:46:05,090] [INFO] Completion returned and validated from MODEL = 'grok-3'.
[2025-10-08 20:46:06,110] [INFO] Completion returned and validated from MODEL = 'grok-3'.
[2025-10-08 20:46:06,398] [INFO] Completion returned and validated from MODEL = 'grok-3'.
[2025-10-08 20:46:06,935] [INFO] Completion returned and validated from MODEL = 'grok-3'.
[2025-10-08 20:46:07,620] [INFO] Completion returned and validated from MODEL = 'grok-3'.
[2025-10-08 20:46:08,965] [INFO] Completion returned and validated from MODEL = 'grok-3'.
[2025-10-08 20:46:09,486] [INFO] Completion returned and validated from MODEL = 'grok-3'.
[2025-10-08 20:46:10,443] [INFO] Completion returned and validated from MODEL = 'grok-3'.
[2025-10-08 20:46:10,443] [INFO] EXIT: 'DialogueMoveGenerator' calling 'generate' (14.629169702529907 secs).
[2025-10-08 20:46:10,577] [INFO] Completion returned and validated from MODEL = 'grok-3'.
[2025-10-08 20:46:11,860] [INFO] Completion returned and validated from MODEL = 'grok-3'.
[2025-10-08 20:46:11,860] [INFO] EXIT: 'DialogueMoveGenerator' calling 'generate' (16.044118404388428 secs).
[2025-10-08 20:46:12,819] [INFO] Completion returned and validated from MODEL = 'grok-3'.
[2025-10-08 20:46:12,819] [INFO] EXIT: 'DialogueMoveGenerator' calling 'generate' (17.00679898262024 secs).
[2025-10-08 20:46:13,611] [INFO] Completion returned and validated from MODEL = 'grok-3'.
[2025-10-08 20:46:13,611] [INFO] EXIT: 'DialogueMoveGenerator' calling 'generate' (17.796179056167603 secs).
[2025-10-08 20:46:13,612] [INFO] ENTER: 'MASPromptGenerator' calling 'persuasiveness_choice'; CURRENT SPEAKER: grok-3_mas, DIALOGUE TURN NUM = 23.
[2025-10-08 20:46:13,612] [INFO] EXIT: 'MASPromptGenerator' calling 'persuasiveness_choice' (0.00027108192443847656 secs).
[2025-10-08 20:46:16,550] [INFO] Completion returned and validated within 'PersuasivenessChoiceAgent'; MODEL = 'grok-3'; DIALOGUE TURN NUM = 23.
[2025-10-08 20:46:19,061] [INFO] Completion returned and validated within 'PersuasivenessChoiceAgent'; MODEL = 'grok-3'; DIALOGUE TURN NUM = 23.
[2025-10-08 20:46:21,314] [INFO] Completion returned and validated within 'PersuasivenessChoiceAgent'; MODEL = 'grok-3'; DIALOGUE TURN NUM = 23.
[2025-10-08 20:46:23,557] [INFO] Completion returned and validated within 'PersuasivenessChoiceAgent'; MODEL = 'grok-3'; DIALOGUE TURN NUM = 23.
[2025-10-08 20:46:25,972] [INFO] Completion returned and validated within 'PersuasivenessChoiceAgent'; MODEL = 'grok-3'; DIALOGUE TURN NUM = 23.
[2025-10-08 20:46:25,973] [INFO] ENTER: 'DisambiguationAgent' calling '_grouping_similar_utterance_types'; CURRENT SPEAKER: grok-3_mas, DIALOGUE TURN NUM = 23.
[2025-10-08 20:46:25,973] [INFO] EXIT: 'DisambiguationAgent' calling '_grouping_similar_utterance_types' (8.344650268554688e-06 secs).
[2025-10-08 20:46:25,973] [INFO] ENTER: 'DisambiguationAgent' calling '_identifying_similar_sentences_and_choosing_one_to_return_to_user'; CURRENT SPEAKER: grok-3_mas, DIALOGUE TURN NUM = 23.
[2025-10-08 20:46:32,114] [INFO] 'DisambiguationAgent' grouped similar sentences, completion returned and validated; MODEL = 'grok-3'.
[2025-10-08 20:46:33,388] [INFO] 'DisambiguationAgent' chose sentences to remove, completion returned and validated from MODEL = 'grok-3'.
[2025-10-08 20:46:34,302] [INFO] 'DisambiguationAgent' chose sentences to remove, completion returned and validated from MODEL = 'grok-3'.
[2025-10-08 20:46:35,253] [INFO] 'DisambiguationAgent' chose sentences to remove, completion returned and validated from MODEL = 'grok-3'.
[2025-10-08 20:46:36,160] [INFO] 'DisambiguationAgent' chose sentences to remove, completion returned and validated from MODEL = 'grok-3'.
[2025-10-08 20:46:36,160] [INFO] EXIT: 'DisambiguationAgent' calling '_identifying_similar_sentences_and_choosing_one_to_return_to_user' (10.186803102493286 secs).
[2025-10-08 20:46:36,160] [INFO] ENTER: 'DisambiguationAgent' calling '_removing_repetitive_sentences'; CURRENT SPEAKER: grok-3_mas, DIALOGUE TURN NUM = 23.
[2025-10-08 20:46:36,160] [INFO] EXIT: 'DisambiguationAgent' calling '_removing_repetitive_sentences' (1.6450881958007812e-05 secs).
[2025-10-08 20:46:36,160] [INFO] ENTER: 'DisambiguationAgent' calling '_choose_the_most_persuasive_sentences'; CURRENT SPEAKER: grok-3_mas, DIALOGUE TURN NUM = 23.
[2025-10-08 20:46:38,599] [INFO] 'DisambiguationAgent': reached maximum allowed sentences, succussfully chose most persuasive sentences, completion returned and validated from MODEL = 'grok-3'.
[2025-10-08 20:46:38,599] [INFO] EXIT: 'DisambiguationAgent' calling '_choose_the_most_persuasive_sentences' (2.43910551071167 secs).
[2025-10-08 20:46:38,599] [INFO] ENTER: 'DisambiguationAgent' calling 'return_disambiguated_sentences'; CURRENT SPEAKER: grok-3_mas, DIALOGUE TURN NUM = 23.
[2025-10-08 20:46:38,599] [INFO] EXIT: 'DisambiguationAgent' calling 'return_disambiguated_sentences' (2.86102294921875e-06 secs).
[2025-10-08 20:46:38,600] [ERROR] Wrong state used; State of type HumanState; error message: dict has unexpected extra key(s): "graph_rag_examples", "intermediate_generations", "knowledge_base_ensemble_or_model_name", "model_seed", "model_temp", "model_top_p", "number_of_graph_rag_examples", "number_of_vector_based_rag_examples", "political_position_prob_of_na", "political_position_range", "political_position_std", "speaker_model_name", "speaker_type", "vector_based_persona_string", "vector_based_persona_sys_prompt"
[2025-10-08 20:46:38,600] [INFO] Correct state used; State of type GenerationAgentsState; 'IGNORE THE ABOVE ERRORS'.
[2025-10-08 20:46:39,326] [INFO] 'commitment_update' completed '___Claim___' update for current speaker's commitments; MODEL = 'grok-3'.
[2025-10-08 20:46:39,993] [INFO] 'commitment_update' completed '___Claim___' update for current speaker's commitments; MODEL = 'grok-3'.
[2025-10-08 20:46:40,667] [INFO] 'commitment_update' completed '___Claim___' update for current speaker's commitments; MODEL = 'grok-3'.
[2025-10-08 20:46:41,342] [INFO] 'commitment_update' completed '___Claim___' update for current speaker's commitments; MODEL = 'grok-3'.
[2025-10-08 20:46:41,493] [ERROR] Wrong state used; State of type HumanState; error message: dict has unexpected extra key(s): "graph_rag_examples", "intermediate_generations", "knowledge_base_ensemble_or_model_name", "model_seed", "model_temp", "model_top_p", "number_of_graph_rag_examples", "number_of_vector_based_rag_examples", "political_position_prob_of_na", "political_position_range", "political_position_std", "speaker_model_name", "speaker_type", "vector_based_persona_string", "vector_based_persona_sys_prompt"
[2025-10-08 20:46:41,493] [INFO] Correct state used; State of type GenerationAgentsState; 'IGNORE THE ABOVE ERRORS'.
[2025-10-08 20:46:41,494] [INFO] ENTER: 'UtteranceClassificationAgent' calling '_classify_sentence_utterance_types'; CURRENT SPEAKER: mistral-medium_mas_rag, DIALOGUE TURN NUM = 24.
[2025-10-08 20:46:42,031] [INFO] 'UtteranceClassificationAgent' completion returned and validated from MODEL = 'ModelName.MISTRAL_MEDIUM'.
[2025-10-08 20:46:42,490] [INFO] 'UtteranceClassificationAgent' completion returned and validated from MODEL = 'ModelName.MISTRAL_MEDIUM'.
[2025-10-08 20:47:10,869] [INFO] 'UtteranceClassificationAgent' completion returned and validated from MODEL = 'ModelName.MISTRAL_MEDIUM'.
[2025-10-08 20:47:11,426] [INFO] 'UtteranceClassificationAgent' completion returned and validated from MODEL = 'ModelName.MISTRAL_MEDIUM'.
[2025-10-08 20:47:11,842] [INFO] 'UtteranceClassificationAgent' completion returned and validated from MODEL = 'ModelName.MISTRAL_MEDIUM'.
[2025-10-08 20:47:11,842] [INFO] EXIT: 'UtteranceClassificationAgent' calling '_classify_sentence_utterance_types' (30.3483567237854 secs).
[2025-10-08 20:47:11,842] [INFO] ENTER: 'UtteranceClassificationAgent' calling 'return_classified_sentences'; CURRENT SPEAKER: mistral-medium_mas_rag, DIALOGUE TURN NUM = 24.
[2025-10-08 20:47:11,842] [INFO] EXIT: 'UtteranceClassificationAgent' calling 'return_classified_sentences' (1.9073486328125e-06 secs).
[2025-10-08 20:47:11,862] [INFO] ENTER: 'GraphRAG' calling 'why'; CURRENT SPEAKER: mistral-medium_mas_rag, DIALOGUE TURN NUM = 24.
[2025-10-08 20:47:11,863] [INFO] ENTER: 'GraphRAG' calling 'query_graph'; CURRENT SPEAKER: mistral-medium_mas_rag, DIALOGUE TURN NUM = 24.
[2025-10-08 20:47:12,551] [INFO] EXIT: 'GraphRAG' calling 'query_graph' (0.6880261898040771 secs).
[2025-10-08 20:47:12,551] [INFO] EXIT: 'GraphRAG' calling 'why' (0.688441276550293 secs).
[2025-10-08 20:47:12,551] [INFO] ENTER: 'GraphRAG' calling 'claim_negation'; CURRENT SPEAKER: mistral-medium_mas_rag, DIALOGUE TURN NUM = 24.
[2025-10-08 20:47:12,551] [INFO] ENTER: 'GraphRAG' calling 'query_graph'; CURRENT SPEAKER: mistral-medium_mas_rag, DIALOGUE TURN NUM = 24.
[2025-10-08 20:47:13,208] [INFO] EXIT: 'GraphRAG' calling 'query_graph' (0.6568760871887207 secs).
[2025-10-08 20:47:13,208] [INFO] EXIT: 'GraphRAG' calling 'claim_negation' (0.6572747230529785 secs).
[2025-10-08 20:47:13,208] [INFO] ENTER: 'GraphRAG' calling 'concede'; CURRENT SPEAKER: mistral-medium_mas_rag, DIALOGUE TURN NUM = 24.
[2025-10-08 20:47:13,209] [INFO] ENTER: 'GraphRAG' calling 'query_graph'; CURRENT SPEAKER: mistral-medium_mas_rag, DIALOGUE TURN NUM = 24.
[2025-10-08 20:47:13,902] [INFO] EXIT: 'GraphRAG' calling 'query_graph' (0.6936824321746826 secs).
[2025-10-08 20:47:13,902] [INFO] EXIT: 'GraphRAG' calling 'concede' (0.6940727233886719 secs).
[2025-10-08 20:47:13,902] [INFO] ENTER: 'GraphRAG' calling 'question'; CURRENT SPEAKER: mistral-medium_mas_rag, DIALOGUE TURN NUM = 24.
[2025-10-08 20:47:13,903] [INFO] ENTER: 'GraphRAG' calling 'query_graph'; CURRENT SPEAKER: mistral-medium_mas_rag, DIALOGUE TURN NUM = 24.
[2025-10-08 20:47:14,024] [INFO] EXIT: 'GraphRAG' calling 'query_graph' (0.1209416389465332 secs).
[2025-10-08 20:47:14,024] [INFO] EXIT: 'GraphRAG' calling 'question' (0.12132740020751953 secs).
[2025-10-08 20:47:14,039] [INFO] ENTER: 'GraphRAG' calling 'why'; CURRENT SPEAKER: mistral-medium_mas_rag, DIALOGUE TURN NUM = 24.
[2025-10-08 20:47:14,039] [INFO] ENTER: 'GraphRAG' calling 'query_graph'; CURRENT SPEAKER: mistral-medium_mas_rag, DIALOGUE TURN NUM = 24.
[2025-10-08 20:47:14,733] [INFO] EXIT: 'GraphRAG' calling 'query_graph' (0.6930580139160156 secs).
[2025-10-08 20:47:14,733] [INFO] EXIT: 'GraphRAG' calling 'why' (0.6934432983398438 secs).
[2025-10-08 20:47:14,733] [INFO] ENTER: 'GraphRAG' calling 'claim_negation'; CURRENT SPEAKER: mistral-medium_mas_rag, DIALOGUE TURN NUM = 24.
[2025-10-08 20:47:14,733] [INFO] ENTER: 'GraphRAG' calling 'query_graph'; CURRENT SPEAKER: mistral-medium_mas_rag, DIALOGUE TURN NUM = 24.
[2025-10-08 20:47:15,401] [INFO] EXIT: 'GraphRAG' calling 'query_graph' (0.6678617000579834 secs).
[2025-10-08 20:47:15,401] [INFO] EXIT: 'GraphRAG' calling 'claim_negation' (0.6682724952697754 secs).
[2025-10-08 20:47:15,401] [INFO] ENTER: 'GraphRAG' calling 'concede'; CURRENT SPEAKER: mistral-medium_mas_rag, DIALOGUE TURN NUM = 24.
[2025-10-08 20:47:15,401] [INFO] ENTER: 'GraphRAG' calling 'query_graph'; CURRENT SPEAKER: mistral-medium_mas_rag, DIALOGUE TURN NUM = 24.
[2025-10-08 20:47:16,100] [INFO] EXIT: 'GraphRAG' calling 'query_graph' (0.6981592178344727 secs).
[2025-10-08 20:47:16,100] [INFO] EXIT: 'GraphRAG' calling 'concede' (0.698540449142456 secs).
[2025-10-08 20:47:16,100] [INFO] ENTER: 'GraphRAG' calling 'question'; CURRENT SPEAKER: mistral-medium_mas_rag, DIALOGUE TURN NUM = 24.
[2025-10-08 20:47:16,100] [INFO] ENTER: 'GraphRAG' calling 'query_graph'; CURRENT SPEAKER: mistral-medium_mas_rag, DIALOGUE TURN NUM = 24.
[2025-10-08 20:47:16,224] [INFO] EXIT: 'GraphRAG' calling 'query_graph' (0.1243600845336914 secs).
[2025-10-08 20:47:16,224] [INFO] EXIT: 'GraphRAG' calling 'question' (0.12477397918701172 secs).
[2025-10-08 20:47:16,239] [INFO] ENTER: 'GraphRAG' calling 'why'; CURRENT SPEAKER: mistral-medium_mas_rag, DIALOGUE TURN NUM = 24.
[2025-10-08 20:47:16,239] [INFO] ENTER: 'GraphRAG' calling 'query_graph'; CURRENT SPEAKER: mistral-medium_mas_rag, DIALOGUE TURN NUM = 24.
[2025-10-08 20:47:16,936] [INFO] EXIT: 'GraphRAG' calling 'query_graph' (0.6964528560638428 secs).
[2025-10-08 20:47:16,936] [INFO] EXIT: 'GraphRAG' calling 'why' (0.6968481540679932 secs).
[2025-10-08 20:47:16,936] [INFO] ENTER: 'GraphRAG' calling 'claim_negation'; CURRENT SPEAKER: mistral-medium_mas_rag, DIALOGUE TURN NUM = 24.
[2025-10-08 20:47:16,936] [INFO] ENTER: 'GraphRAG' calling 'query_graph'; CURRENT SPEAKER: mistral-medium_mas_rag, DIALOGUE TURN NUM = 24.
[2025-10-08 20:47:17,599] [INFO] EXIT: 'GraphRAG' calling 'query_graph' (0.663177490234375 secs).
[2025-10-08 20:47:17,599] [INFO] EXIT: 'GraphRAG' calling 'claim_negation' (0.6636428833007812 secs).
[2025-10-08 20:47:17,599] [INFO] ENTER: 'GraphRAG' calling 'concede'; CURRENT SPEAKER: mistral-medium_mas_rag, DIALOGUE TURN NUM = 24.
[2025-10-08 20:47:17,600] [INFO] ENTER: 'GraphRAG' calling 'query_graph'; CURRENT SPEAKER: mistral-medium_mas_rag, DIALOGUE TURN NUM = 24.
[2025-10-08 20:47:18,290] [INFO] EXIT: 'GraphRAG' calling 'query_graph' (0.690619707107544 secs).
[2025-10-08 20:47:18,290] [INFO] EXIT: 'GraphRAG' calling 'concede' (0.6909921169281006 secs).
[2025-10-08 20:47:18,290] [INFO] ENTER: 'GraphRAG' calling 'question'; CURRENT SPEAKER: mistral-medium_mas_rag, DIALOGUE TURN NUM = 24.
[2025-10-08 20:47:18,291] [INFO] ENTER: 'GraphRAG' calling 'query_graph'; CURRENT SPEAKER: mistral-medium_mas_rag, DIALOGUE TURN NUM = 24.
[2025-10-08 20:47:18,411] [INFO] EXIT: 'GraphRAG' calling 'query_graph' (0.12012171745300293 secs).
[2025-10-08 20:47:18,411] [INFO] EXIT: 'GraphRAG' calling 'question' (0.12049627304077148 secs).
[2025-10-08 20:47:18,426] [INFO] ENTER: 'GraphRAG' calling 'since'; CURRENT SPEAKER: mistral-medium_mas_rag, DIALOGUE TURN NUM = 24.
[2025-10-08 20:47:18,426] [INFO] ENTER: 'GraphRAG' calling 'query_graph'; CURRENT SPEAKER: mistral-medium_mas_rag, DIALOGUE TURN NUM = 24.
[2025-10-08 20:47:18,446] [INFO] EXIT: 'GraphRAG' calling 'query_graph' (0.020270586013793945 secs).
[2025-10-08 20:47:18,446] [INFO] EXIT: 'GraphRAG' calling 'since' (0.02064800262451172 secs).
[2025-10-08 20:47:18,446] [INFO] ENTER: 'GraphRAG' calling 'claim'; CURRENT SPEAKER: mistral-medium_mas_rag, DIALOGUE TURN NUM = 24.
[2025-10-08 20:47:18,447] [INFO] ENTER: 'GraphRAG' calling 'query_graph'; CURRENT SPEAKER: mistral-medium_mas_rag, DIALOGUE TURN NUM = 24.
[2025-10-08 20:47:18,461] [INFO] EXIT: 'GraphRAG' calling 'query_graph' (0.014576196670532227 secs).
[2025-10-08 20:47:18,461] [INFO] EXIT: 'GraphRAG' calling 'claim' (0.014906883239746094 secs).
[2025-10-08 20:47:18,476] [INFO] ENTER: 'GraphRAG' calling 'why'; CURRENT SPEAKER: mistral-medium_mas_rag, DIALOGUE TURN NUM = 24.
[2025-10-08 20:47:18,477] [INFO] ENTER: 'GraphRAG' calling 'query_graph'; CURRENT SPEAKER: mistral-medium_mas_rag, DIALOGUE TURN NUM = 24.
[2025-10-08 20:47:19,173] [INFO] EXIT: 'GraphRAG' calling 'query_graph' (0.6967804431915283 secs).
[2025-10-08 20:47:19,174] [INFO] EXIT: 'GraphRAG' calling 'why' (0.6971697807312012 secs).
[2025-10-08 20:47:19,174] [INFO] ENTER: 'GraphRAG' calling 'claim_negation'; CURRENT SPEAKER: mistral-medium_mas_rag, DIALOGUE TURN NUM = 24.
[2025-10-08 20:47:19,174] [INFO] ENTER: 'GraphRAG' calling 'query_graph'; CURRENT SPEAKER: mistral-medium_mas_rag, DIALOGUE TURN NUM = 24.
[2025-10-08 20:47:19,847] [INFO] EXIT: 'GraphRAG' calling 'query_graph' (0.6731677055358887 secs).
[2025-10-08 20:47:19,847] [INFO] EXIT: 'GraphRAG' calling 'claim_negation' (0.6735868453979492 secs).
[2025-10-08 20:47:19,847] [INFO] ENTER: 'GraphRAG' calling 'concede'; CURRENT SPEAKER: mistral-medium_mas_rag, DIALOGUE TURN NUM = 24.
[2025-10-08 20:47:19,848] [INFO] ENTER: 'GraphRAG' calling 'query_graph'; CURRENT SPEAKER: mistral-medium_mas_rag, DIALOGUE TURN NUM = 24.
[2025-10-08 20:47:20,536] [INFO] EXIT: 'GraphRAG' calling 'query_graph' (0.6882495880126953 secs).
[2025-10-08 20:47:20,536] [INFO] EXIT: 'GraphRAG' calling 'concede' (0.6886365413665771 secs).
[2025-10-08 20:47:20,536] [INFO] ENTER: 'GraphRAG' calling 'question'; CURRENT SPEAKER: mistral-medium_mas_rag, DIALOGUE TURN NUM = 24.
[2025-10-08 20:47:20,536] [INFO] ENTER: 'GraphRAG' calling 'query_graph'; CURRENT SPEAKER: mistral-medium_mas_rag, DIALOGUE TURN NUM = 24.
[2025-10-08 20:47:20,662] [INFO] EXIT: 'GraphRAG' calling 'query_graph' (0.12589216232299805 secs).
[2025-10-08 20:47:20,662] [INFO] EXIT: 'GraphRAG' calling 'question' (0.12633800506591797 secs).
[2025-10-08 20:47:20,662] [INFO] ENTER: 'GraphRAG' calling 'return_rag_examples'; CURRENT SPEAKER: mistral-medium_mas_rag, DIALOGUE TURN NUM = 24.
[2025-10-08 20:47:20,662] [INFO] EXIT: 'GraphRAG' calling 'return_rag_examples' (2.1457672119140625e-06 secs).
[2025-10-08 20:47:20,664] [INFO] ENTER: 'DialogueMoveGenerator' calling 'generate'; CURRENT SPEAKER: mistral-medium_mas_rag, DIALOGUE TURN NUM = 24.
[2025-10-08 20:47:20,665] [INFO] ENTER: 'MASPromptGenerator' calling 'claim'; CURRENT SPEAKER: mistral-medium_mas_rag, DIALOGUE TURN NUM = 24.
[2025-10-08 20:47:20,665] [INFO] EXIT: 'MASPromptGenerator' calling 'claim' (5.14984130859375e-05 secs).
[2025-10-08 20:47:20,665] [INFO] ENTER: 'DialogueMoveGenerator' calling 'generate'; CURRENT SPEAKER: mistral-medium_mas_rag, DIALOGUE TURN NUM = 24.
[2025-10-08 20:47:20,666] [INFO] ENTER: 'MASPromptGenerator' calling 'claim_negation'; CURRENT SPEAKER: mistral-medium_mas_rag, DIALOGUE TURN NUM = 24.
[2025-10-08 20:47:20,666] [INFO] EXIT: 'MASPromptGenerator' calling 'claim_negation' (7.367134094238281e-05 secs).
[2025-10-08 20:47:20,666] [INFO] ENTER: 'DialogueMoveGenerator' calling 'generate'; CURRENT SPEAKER: mistral-medium_mas_rag, DIALOGUE TURN NUM = 24.
[2025-10-08 20:47:20,667] [INFO] ENTER: 'MASPromptGenerator' calling 'concede_claim'; CURRENT SPEAKER: mistral-medium_mas_rag, DIALOGUE TURN NUM = 24.
[2025-10-08 20:47:20,667] [INFO] EXIT: 'MASPromptGenerator' calling 'concede_claim' (5.435943603515625e-05 secs).
[2025-10-08 20:47:20,668] [INFO] ENTER: 'DialogueMoveGenerator' calling 'generate'; CURRENT SPEAKER: mistral-medium_mas_rag, DIALOGUE TURN NUM = 24.
[2025-10-08 20:47:20,668] [INFO] ENTER: 'MASPromptGenerator' calling 'question_claim'; CURRENT SPEAKER: mistral-medium_mas_rag, DIALOGUE TURN NUM = 24.
[2025-10-08 20:47:20,668] [INFO] EXIT: 'MASPromptGenerator' calling 'question_claim' (5.507469177246094e-05 secs).
[2025-10-08 20:47:20,669] [INFO] ENTER: 'DialogueMoveGenerator' calling 'generate'; CURRENT SPEAKER: mistral-medium_mas_rag, DIALOGUE TURN NUM = 24.
[2025-10-08 20:47:20,670] [INFO] ENTER: 'DialogueMoveGenerator' calling 'generate'; CURRENT SPEAKER: mistral-medium_mas_rag, DIALOGUE TURN NUM = 24.
[2025-10-08 20:47:20,670] [INFO] ENTER: 'MASPromptGenerator' calling 'retract_claim'; CURRENT SPEAKER: mistral-medium_mas_rag, DIALOGUE TURN NUM = 24.
[2025-10-08 20:47:20,670] [INFO] ENTER: 'DialogueMoveGenerator' calling 'generate'; CURRENT SPEAKER: mistral-medium_mas_rag, DIALOGUE TURN NUM = 24.
[2025-10-08 20:47:20,670] [INFO] ENTER: 'MASPromptGenerator' calling 'since_claim'; CURRENT SPEAKER: mistral-medium_mas_rag, DIALOGUE TURN NUM = 24.
[2025-10-08 20:47:20,670] [INFO] EXIT: 'MASPromptGenerator' calling 'retract_claim' (4.935264587402344e-05 secs).
[2025-10-08 20:47:20,671] [INFO] ENTER: 'MASPromptGenerator' calling 'why_claim'; CURRENT SPEAKER: mistral-medium_mas_rag, DIALOGUE TURN NUM = 24.
[2025-10-08 20:47:20,671] [INFO] EXIT: 'MASPromptGenerator' calling 'since_claim' (4.315376281738281e-05 secs).
[2025-10-08 20:47:20,671] [INFO] EXIT: 'MASPromptGenerator' calling 'why_claim' (5.53131103515625e-05 secs).
[2025-10-08 20:47:23,091] [INFO] Completion returned and validated from MODEL = 'mistral-medium'.
[2025-10-08 20:47:23,477] [INFO] Completion returned and validated from MODEL = 'mistral-medium'.
[2025-10-08 20:47:23,990] [INFO] Completion returned and validated from MODEL = 'mistral-medium'.
[2025-10-08 20:47:23,990] [INFO] EXIT: 'DialogueMoveGenerator' calling 'generate' (3.3202996253967285 secs).
[2025-10-08 20:47:23,992] [INFO] Completion returned and validated from MODEL = 'mistral-medium'.
[2025-10-08 20:47:24,140] [INFO] Completion returned and validated from MODEL = 'mistral-medium'.
[2025-10-08 20:47:24,140] [INFO] EXIT: 'DialogueMoveGenerator' calling 'generate' (3.475546360015869 secs).
[2025-10-08 20:47:24,181] [INFO] Completion returned and validated from MODEL = 'mistral-medium'.
[2025-10-08 20:47:25,157] [INFO] Completion returned and validated from MODEL = 'mistral-medium'.
[2025-10-08 20:47:25,633] [INFO] Completion returned and validated from MODEL = 'mistral-medium'.
[2025-10-08 20:47:25,738] [INFO] Completion returned and validated from MODEL = 'mistral-medium'.
[2025-10-08 20:47:26,564] [INFO] Completion returned and validated from MODEL = 'mistral-medium'.
[2025-10-08 20:47:26,996] [INFO] Completion returned and validated from MODEL = 'mistral-medium'.
[2025-10-08 20:47:27,529] [INFO] Completion returned and validated from MODEL = 'mistral-medium'.
[2025-10-08 20:47:28,818] [INFO] Completion returned and validated from MODEL = 'mistral-medium'.
[2025-10-08 20:47:28,818] [INFO] EXIT: 'DialogueMoveGenerator' calling 'generate' (8.15201473236084 secs).
[2025-10-08 20:47:29,147] [INFO] Completion returned and validated from MODEL = 'mistral-medium'.
[2025-10-08 20:47:30,548] [INFO] Completion returned and validated from MODEL = 'mistral-medium'.
[2025-10-08 20:47:30,548] [INFO] EXIT: 'DialogueMoveGenerator' calling 'generate' (9.877195358276367 secs).
[2025-10-08 20:47:31,796] [INFO] Completion returned and validated from MODEL = 'mistral-medium'.
[2025-10-08 20:47:31,796] [INFO] EXIT: 'DialogueMoveGenerator' calling 'generate' (11.12805724143982 secs).
[2025-10-08 20:47:35,827] [INFO] Completion returned and validated from MODEL = 'mistral-medium'.
[2025-10-08 20:47:38,028] [INFO] Completion returned and validated from MODEL = 'mistral-medium'.
[2025-10-08 20:47:38,029] [INFO] EXIT: 'DialogueMoveGenerator' calling 'generate' (17.36302375793457 secs).
[2025-10-08 20:47:38,940] [INFO] Completion returned and validated from MODEL = 'mistral-medium'.
[2025-10-08 20:47:38,940] [INFO] EXIT: 'DialogueMoveGenerator' calling 'generate' (18.270731449127197 secs).
[2025-10-08 20:47:38,941] [INFO] ENTER: 'MASPromptGenerator' calling 'persuasiveness_choice'; CURRENT SPEAKER: mistral-medium_mas_rag, DIALOGUE TURN NUM = 24.
[2025-10-08 20:47:38,942] [INFO] EXIT: 'MASPromptGenerator' calling 'persuasiveness_choice' (0.00022554397583007812 secs).
[2025-10-08 20:47:42,487] [INFO] Completion returned and validated within 'PersuasivenessChoiceAgent'; MODEL = 'mistral-medium'; DIALOGUE TURN NUM = 24.
[2025-10-08 20:47:45,624] [INFO] Completion returned and validated within 'PersuasivenessChoiceAgent'; MODEL = 'mistral-medium'; DIALOGUE TURN NUM = 24.
[2025-10-08 20:47:48,363] [INFO] Completion returned and validated within 'PersuasivenessChoiceAgent'; MODEL = 'mistral-medium'; DIALOGUE TURN NUM = 24.
[2025-10-08 20:47:51,744] [INFO] Completion returned and validated within 'PersuasivenessChoiceAgent'; MODEL = 'mistral-medium'; DIALOGUE TURN NUM = 24.
[2025-10-08 20:47:55,200] [INFO] Completion returned and validated within 'PersuasivenessChoiceAgent'; MODEL = 'mistral-medium'; DIALOGUE TURN NUM = 24.
[2025-10-08 20:47:55,200] [INFO] ENTER: 'DisambiguationAgent' calling '_grouping_similar_utterance_types'; CURRENT SPEAKER: mistral-medium_mas_rag, DIALOGUE TURN NUM = 24.
[2025-10-08 20:47:55,201] [INFO] EXIT: 'DisambiguationAgent' calling '_grouping_similar_utterance_types' (1.2636184692382812e-05 secs).
[2025-10-08 20:47:55,201] [INFO] ENTER: 'DisambiguationAgent' calling '_identifying_similar_sentences_and_choosing_one_to_return_to_user'; CURRENT SPEAKER: mistral-medium_mas_rag, DIALOGUE TURN NUM = 24.
[2025-10-08 20:48:04,142] [INFO] 'DisambiguationAgent' grouped similar sentences, completion returned and validated; MODEL = 'mistral-medium'.
[2025-10-08 20:48:05,135] [INFO] 'DisambiguationAgent' chose sentences to remove, completion returned and validated from MODEL = 'mistral-medium'.
[2025-10-08 20:48:18,269] [INFO] 'DisambiguationAgent' chose sentences to remove, completion returned and validated from MODEL = 'mistral-medium'.
[2025-10-08 20:48:19,192] [INFO] 'DisambiguationAgent' chose sentences to remove, completion returned and validated from MODEL = 'mistral-medium'.
[2025-10-08 20:48:20,125] [INFO] 'DisambiguationAgent' chose sentences to remove, completion returned and validated from MODEL = 'mistral-medium'.
[2025-10-08 20:48:20,943] [INFO] 'DisambiguationAgent' chose sentences to remove, completion returned and validated from MODEL = 'mistral-medium'.
[2025-10-08 20:48:21,834] [INFO] 'DisambiguationAgent' chose sentences to remove, completion returned and validated from MODEL = 'mistral-medium'.
[2025-10-08 20:48:21,834] [INFO] EXIT: 'DisambiguationAgent' calling '_identifying_similar_sentences_and_choosing_one_to_return_to_user' (26.633355140686035 secs).
[2025-10-08 20:48:21,834] [INFO] ENTER: 'DisambiguationAgent' calling '_identifying_similar_sentences_and_choosing_one_to_return_to_user'; CURRENT SPEAKER: mistral-medium_mas_rag, DIALOGUE TURN NUM = 24.
[2025-10-08 20:48:27,725] [INFO] 'DisambiguationAgent' grouped similar sentences, completion returned and validated; MODEL = 'mistral-medium'.
[2025-10-08 20:48:28,779] [INFO] 'DisambiguationAgent' chose sentences to remove, completion returned and validated from MODEL = 'mistral-medium'.
[2025-10-08 20:48:29,719] [INFO] 'DisambiguationAgent' chose sentences to remove, completion returned and validated from MODEL = 'mistral-medium'.
[2025-10-08 20:48:30,721] [INFO] 'DisambiguationAgent' chose sentences to remove, completion returned and validated from MODEL = 'mistral-medium'.
[2025-10-08 20:48:31,620] [INFO] 'DisambiguationAgent' chose sentences to remove, completion returned and validated from MODEL = 'mistral-medium'.
[2025-10-08 20:48:31,620] [INFO] EXIT: 'DisambiguationAgent' calling '_identifying_similar_sentences_and_choosing_one_to_return_to_user' (9.78602123260498 secs).
[2025-10-08 20:48:31,620] [INFO] ENTER: 'DisambiguationAgent' calling '_removing_repetitive_sentences'; CURRENT SPEAKER: mistral-medium_mas_rag, DIALOGUE TURN NUM = 24.
[2025-10-08 20:48:31,620] [INFO] EXIT: 'DisambiguationAgent' calling '_removing_repetitive_sentences' (2.384185791015625e-05 secs).
[2025-10-08 20:48:31,620] [INFO] ENTER: 'DisambiguationAgent' calling '_choose_the_most_persuasive_sentences'; CURRENT SPEAKER: mistral-medium_mas_rag, DIALOGUE TURN NUM = 24.
[2025-10-08 20:48:35,178] [INFO] 'DisambiguationAgent': reached maximum allowed sentences, succussfully chose most persuasive sentences, completion returned and validated from MODEL = 'mistral-medium'.
[2025-10-08 20:48:35,178] [INFO] EXIT: 'DisambiguationAgent' calling '_choose_the_most_persuasive_sentences' (3.557453155517578 secs).
[2025-10-08 20:48:35,178] [INFO] ENTER: 'DisambiguationAgent' calling 'return_disambiguated_sentences'; CURRENT SPEAKER: mistral-medium_mas_rag, DIALOGUE TURN NUM = 24.
[2025-10-08 20:48:35,178] [INFO] EXIT: 'DisambiguationAgent' calling 'return_disambiguated_sentences' (2.384185791015625e-06 secs).
[2025-10-08 20:48:35,178] [ERROR] Wrong state used; State of type HumanState; error message: dict has unexpected extra key(s): "graph_rag_examples", "intermediate_generations", "knowledge_base_ensemble_or_model_name", "model_seed", "model_temp", "model_top_p", "number_of_graph_rag_examples", "number_of_vector_based_rag_examples", "political_position_prob_of_na", "political_position_range", "political_position_std", "speaker_model_name", "speaker_type", "vector_based_persona_string", "vector_based_persona_sys_prompt"
[2025-10-08 20:48:35,179] [INFO] Correct state used; State of type GenerationAgentsState; 'IGNORE THE ABOVE ERRORS'.
[2025-10-08 20:48:38,005] [INFO] 'commitment_update' completed '___Claim___' update for current speaker's commitments; MODEL = 'mistral-medium'.
[2025-10-08 20:48:38,529] [INFO] 'commitment_update' completed '___Claim___' update for current speaker's commitments; MODEL = 'mistral-medium'.
[2025-10-08 20:48:38,925] [INFO] 'commitment_update' completed '___Claim___' update for current speaker's commitments; MODEL = 'mistral-medium'.
[2025-10-08 20:48:39,342] [INFO] 'commitment_update' completed '___Claim___' update for current speaker's commitments; MODEL = 'mistral-medium'.
[2025-10-08 20:48:39,470] [ERROR] Wrong state used; State of type HumanState; error message: dict has unexpected extra key(s): "graph_rag_examples", "intermediate_generations", "knowledge_base_ensemble_or_model_name", "model_seed", "model_temp", "model_top_p", "number_of_graph_rag_examples", "number_of_vector_based_rag_examples", "political_position_prob_of_na", "political_position_range", "political_position_std", "speaker_model_name", "speaker_type", "vector_based_persona_string", "vector_based_persona_sys_prompt"
[2025-10-08 20:48:39,470] [INFO] Correct state used; State of type GenerationAgentsState; 'IGNORE THE ABOVE ERRORS'.
[2025-10-08 20:48:39,470] [INFO] ENTER: 'UtteranceClassificationAgent' calling '_classify_sentence_utterance_types'; CURRENT SPEAKER: grok-3_mas, DIALOGUE TURN NUM = 25.
[2025-10-08 20:48:40,158] [INFO] 'UtteranceClassificationAgent' completion returned and validated from MODEL = 'ModelName.GROK_3'.
[2025-10-08 20:48:40,836] [INFO] 'UtteranceClassificationAgent' completion returned and validated from MODEL = 'ModelName.GROK_3'.
[2025-10-08 20:48:41,481] [INFO] 'UtteranceClassificationAgent' completion returned and validated from MODEL = 'ModelName.GROK_3'.
[2025-10-08 20:48:42,196] [INFO] 'UtteranceClassificationAgent' completion returned and validated from MODEL = 'ModelName.GROK_3'.
[2025-10-08 20:48:42,874] [INFO] 'UtteranceClassificationAgent' completion returned and validated from MODEL = 'ModelName.GROK_3'.
[2025-10-08 20:48:42,875] [INFO] EXIT: 'UtteranceClassificationAgent' calling '_classify_sentence_utterance_types' (3.404625177383423 secs).
[2025-10-08 20:48:42,875] [INFO] ENTER: 'UtteranceClassificationAgent' calling 'return_classified_sentences'; CURRENT SPEAKER: grok-3_mas, DIALOGUE TURN NUM = 25.
[2025-10-08 20:48:42,875] [INFO] EXIT: 'UtteranceClassificationAgent' calling 'return_classified_sentences' (2.1457672119140625e-06 secs).
[2025-10-08 20:48:42,877] [INFO] ENTER: 'DialogueMoveGenerator' calling 'generate'; CURRENT SPEAKER: grok-3_mas, DIALOGUE TURN NUM = 25.
[2025-10-08 20:48:42,877] [INFO] ENTER: 'MASPromptGenerator' calling 'claim'; CURRENT SPEAKER: grok-3_mas, DIALOGUE TURN NUM = 25.
[2025-10-08 20:48:42,877] [INFO] EXIT: 'MASPromptGenerator' calling 'claim' (5.054473876953125e-05 secs).
[2025-10-08 20:48:42,878] [INFO] ENTER: 'DialogueMoveGenerator' calling 'generate'; CURRENT SPEAKER: grok-3_mas, DIALOGUE TURN NUM = 25.
[2025-10-08 20:48:42,878] [INFO] ENTER: 'MASPromptGenerator' calling 'claim_negation'; CURRENT SPEAKER: grok-3_mas, DIALOGUE TURN NUM = 25.
[2025-10-08 20:48:42,878] [INFO] EXIT: 'MASPromptGenerator' calling 'claim_negation' (5.054473876953125e-05 secs).
[2025-10-08 20:48:42,879] [INFO] ENTER: 'DialogueMoveGenerator' calling 'generate'; CURRENT SPEAKER: grok-3_mas, DIALOGUE TURN NUM = 25.
[2025-10-08 20:48:42,879] [INFO] ENTER: 'MASPromptGenerator' calling 'concede_claim'; CURRENT SPEAKER: grok-3_mas, DIALOGUE TURN NUM = 25.
[2025-10-08 20:48:42,879] [INFO] EXIT: 'MASPromptGenerator' calling 'concede_claim' (7.319450378417969e-05 secs).
[2025-10-08 20:48:42,880] [INFO] ENTER: 'DialogueMoveGenerator' calling 'generate'; CURRENT SPEAKER: grok-3_mas, DIALOGUE TURN NUM = 25.
[2025-10-08 20:48:42,880] [INFO] ENTER: 'DialogueMoveGenerator' calling 'generate'; CURRENT SPEAKER: grok-3_mas, DIALOGUE TURN NUM = 25.
[2025-10-08 20:48:42,880] [INFO] ENTER: 'MASPromptGenerator' calling 'question_claim'; CURRENT SPEAKER: grok-3_mas, DIALOGUE TURN NUM = 25.
[2025-10-08 20:48:42,880] [INFO] ENTER: 'MASPromptGenerator' calling 'retract_claim'; CURRENT SPEAKER: grok-3_mas, DIALOGUE TURN NUM = 25.
[2025-10-08 20:48:42,881] [INFO] ENTER: 'DialogueMoveGenerator' calling 'generate'; CURRENT SPEAKER: grok-3_mas, DIALOGUE TURN NUM = 25.
[2025-10-08 20:48:42,881] [INFO] ENTER: 'DialogueMoveGenerator' calling 'generate'; CURRENT SPEAKER: grok-3_mas, DIALOGUE TURN NUM = 25.
[2025-10-08 20:48:42,881] [INFO] EXIT: 'MASPromptGenerator' calling 'question_claim' (4.458427429199219e-05 secs).
[2025-10-08 20:48:42,881] [INFO] EXIT: 'MASPromptGenerator' calling 'retract_claim' (4.172325134277344e-05 secs).
[2025-10-08 20:48:42,883] [INFO] ENTER: 'MASPromptGenerator' calling 'since_claim'; CURRENT SPEAKER: grok-3_mas, DIALOGUE TURN NUM = 25.
[2025-10-08 20:48:42,883] [INFO] ENTER: 'MASPromptGenerator' calling 'why_claim'; CURRENT SPEAKER: grok-3_mas, DIALOGUE TURN NUM = 25.
[2025-10-08 20:48:42,883] [INFO] EXIT: 'MASPromptGenerator' calling 'since_claim' (3.814697265625e-05 secs).
[2025-10-08 20:48:42,883] [INFO] EXIT: 'MASPromptGenerator' calling 'why_claim' (3.933906555175781e-05 secs).
[2025-10-08 20:48:46,181] [INFO] Completion returned and validated from MODEL = 'grok-3'.
[2025-10-08 20:48:46,181] [INFO] EXIT: 'DialogueMoveGenerator' calling 'generate' (3.3045847415924072 secs).
[2025-10-08 20:48:46,566] [INFO] Completion returned and validated from MODEL = 'grok-3'.
[2025-10-08 20:48:47,201] [INFO] Completion returned and validated from MODEL = 'grok-3'.
[2025-10-08 20:48:47,391] [INFO] Completion returned and validated from MODEL = 'grok-3'.
[2025-10-08 20:48:47,921] [INFO] Completion returned and validated from MODEL = 'grok-3'.
[2025-10-08 20:48:48,267] [INFO] Completion returned and validated from MODEL = 'grok-3'.
[2025-10-08 20:48:48,267] [INFO] EXIT: 'DialogueMoveGenerator' calling 'generate' (5.38682222366333 secs).
[2025-10-08 20:48:48,599] [INFO] Completion returned and validated from MODEL = 'grok-3'.
[2025-10-08 20:48:48,599] [INFO] EXIT: 'DialogueMoveGenerator' calling 'generate' (5.716148853302002 secs).
[2025-10-08 20:48:49,800] [INFO] Completion returned and validated from MODEL = 'grok-3'.
[2025-10-08 20:48:50,183] [INFO] Completion returned and validated from MODEL = 'grok-3'.
[2025-10-08 20:48:50,376] [INFO] Completion returned and validated from MODEL = 'grok-3'.
[2025-10-08 20:48:51,147] [INFO] Completion returned and validated from MODEL = 'grok-3'.
[2025-10-08 20:48:51,782] [INFO] Completion returned and validated from MODEL = 'grok-3'.
[2025-10-08 20:48:52,673] [INFO] Completion returned and validated from MODEL = 'grok-3'.
[2025-10-08 20:48:52,970] [INFO] Completion returned and validated from MODEL = 'grok-3'.
[2025-10-08 20:48:54,429] [INFO] Completion returned and validated from MODEL = 'grok-3'.
[2025-10-08 20:48:54,752] [INFO] Completion returned and validated from MODEL = 'grok-3'.
[2025-10-08 20:48:54,752] [INFO] EXIT: 'DialogueMoveGenerator' calling 'generate' (11.872945547103882 secs).
[2025-10-08 20:48:56,052] [INFO] Completion returned and validated from MODEL = 'grok-3'.
[2025-10-08 20:48:56,052] [INFO] EXIT: 'DialogueMoveGenerator' calling 'generate' (13.16940951347351 secs).
[2025-10-08 20:48:56,060] [INFO] Completion returned and validated from MODEL = 'grok-3'.
[2025-10-08 20:48:56,060] [INFO] EXIT: 'DialogueMoveGenerator' calling 'generate' (13.18222975730896 secs).
[2025-10-08 20:48:57,569] [INFO] Completion returned and validated from MODEL = 'grok-3'.
[2025-10-08 20:48:57,569] [INFO] EXIT: 'DialogueMoveGenerator' calling 'generate' (14.688915729522705 secs).
[2025-10-08 20:48:57,570] [INFO] ENTER: 'MASPromptGenerator' calling 'persuasiveness_choice'; CURRENT SPEAKER: grok-3_mas, DIALOGUE TURN NUM = 25.
[2025-10-08 20:48:57,571] [INFO] EXIT: 'MASPromptGenerator' calling 'persuasiveness_choice' (0.00021314620971679688 secs).
[2025-10-08 20:48:59,354] [INFO] Completion returned and validated within 'PersuasivenessChoiceAgent'; MODEL = 'grok-3'; DIALOGUE TURN NUM = 25.
[2025-10-08 20:49:01,370] [INFO] Completion returned and validated within 'PersuasivenessChoiceAgent'; MODEL = 'grok-3'; DIALOGUE TURN NUM = 25.
[2025-10-08 20:49:04,402] [INFO] Completion returned and validated within 'PersuasivenessChoiceAgent'; MODEL = 'grok-3'; DIALOGUE TURN NUM = 25.
[2025-10-08 20:49:06,276] [INFO] Completion returned and validated within 'PersuasivenessChoiceAgent'; MODEL = 'grok-3'; DIALOGUE TURN NUM = 25.
[2025-10-08 20:51:08,790] [INFO] Completion returned and validated within 'PersuasivenessChoiceAgent'; MODEL = 'grok-3'; DIALOGUE TURN NUM = 25.
[2025-10-08 20:51:08,791] [INFO] ENTER: 'DisambiguationAgent' calling '_grouping_similar_utterance_types'; CURRENT SPEAKER: grok-3_mas, DIALOGUE TURN NUM = 25.
[2025-10-08 20:51:08,791] [INFO] EXIT: 'DisambiguationAgent' calling '_grouping_similar_utterance_types' (1.0967254638671875e-05 secs).
[2025-10-08 20:51:08,791] [INFO] ENTER: 'DisambiguationAgent' calling '_identifying_similar_sentences_and_choosing_one_to_return_to_user'; CURRENT SPEAKER: grok-3_mas, DIALOGUE TURN NUM = 25.
[2025-10-08 20:51:16,368] [INFO] 'DisambiguationAgent' grouped similar sentences, completion returned and validated; MODEL = 'grok-3'.
[2025-10-08 20:51:18,587] [INFO] 'DisambiguationAgent' chose sentences to remove, completion returned and validated from MODEL = 'grok-3'.
[2025-10-08 20:51:19,574] [INFO] 'DisambiguationAgent' chose sentences to remove, completion returned and validated from MODEL = 'grok-3'.
[2025-10-08 20:51:19,574] [INFO] EXIT: 'DisambiguationAgent' calling '_identifying_similar_sentences_and_choosing_one_to_return_to_user' (10.783252477645874 secs).
[2025-10-08 20:51:19,574] [INFO] ENTER: 'DisambiguationAgent' calling '_removing_repetitive_sentences'; CURRENT SPEAKER: grok-3_mas, DIALOGUE TURN NUM = 25.
[2025-10-08 20:51:19,574] [INFO] EXIT: 'DisambiguationAgent' calling '_removing_repetitive_sentences' (1.7881393432617188e-05 secs).
[2025-10-08 20:51:19,574] [INFO] ENTER: 'DisambiguationAgent' calling 'return_disambiguated_sentences'; CURRENT SPEAKER: grok-3_mas, DIALOGUE TURN NUM = 25.
[2025-10-08 20:51:19,574] [INFO] EXIT: 'DisambiguationAgent' calling 'return_disambiguated_sentences' (1.6689300537109375e-06 secs).
[2025-10-08 20:51:19,575] [ERROR] Wrong state used; State of type HumanState; error message: dict has unexpected extra key(s): "graph_rag_examples", "intermediate_generations", "knowledge_base_ensemble_or_model_name", "model_seed", "model_temp", "model_top_p", "number_of_graph_rag_examples", "number_of_vector_based_rag_examples", "political_position_prob_of_na", "political_position_range", "political_position_std", "speaker_model_name", "speaker_type", "vector_based_persona_string", "vector_based_persona_sys_prompt"
[2025-10-08 20:51:19,575] [INFO] Correct state used; State of type GenerationAgentsState; 'IGNORE THE ABOVE ERRORS'.
[2025-10-08 20:51:20,405] [INFO] 'commitment_update' completed '___Claim___' update for current speaker's commitments; MODEL = 'grok-3'.
[2025-10-08 20:51:21,026] [INFO] 'commitment_update' completed '___Claim___' update for current speaker's commitments; MODEL = 'grok-3'.
[2025-10-08 20:51:21,630] [INFO] 'commitment_update' completed '___Claim___' update for current speaker's commitments; MODEL = 'grok-3'.
[2025-10-08 20:51:22,256] [INFO] 'commitment_update' completed '___Since___' update; MODEL = 'grok-3'.
[2025-10-08 20:51:22,341] [ERROR] Wrong state used; State of type HumanState; error message: dict has unexpected extra key(s): "graph_rag_examples", "intermediate_generations", "knowledge_base_ensemble_or_model_name", "model_seed", "model_temp", "model_top_p", "number_of_graph_rag_examples", "number_of_vector_based_rag_examples", "political_position_prob_of_na", "political_position_range", "political_position_std", "speaker_model_name", "speaker_type", "vector_based_persona_string", "vector_based_persona_sys_prompt"
[2025-10-08 20:51:22,342] [INFO] Correct state used; State of type GenerationAgentsState; 'IGNORE THE ABOVE ERRORS'.
[2025-10-08 20:51:22,342] [INFO] ENTER: 'UtteranceClassificationAgent' calling '_classify_sentence_utterance_types'; CURRENT SPEAKER: mistral-medium_mas_rag, DIALOGUE TURN NUM = 26.
[2025-10-08 20:51:23,251] [INFO] 'UtteranceClassificationAgent' completion returned and validated from MODEL = 'ModelName.MISTRAL_MEDIUM'.
[2025-10-08 20:51:23,849] [INFO] 'UtteranceClassificationAgent' completion returned and validated from MODEL = 'ModelName.MISTRAL_MEDIUM'.
[2025-10-08 20:51:24,718] [INFO] 'UtteranceClassificationAgent' completion returned and validated from MODEL = 'ModelName.MISTRAL_MEDIUM'.
[2025-10-08 20:51:25,549] [INFO] 'UtteranceClassificationAgent' completion returned and validated from MODEL = 'ModelName.MISTRAL_MEDIUM'.
[2025-10-08 20:51:25,549] [INFO] EXIT: 'UtteranceClassificationAgent' calling '_classify_sentence_utterance_types' (3.2076263427734375 secs).
[2025-10-08 20:51:25,549] [INFO] ENTER: 'UtteranceClassificationAgent' calling 'return_classified_sentences'; CURRENT SPEAKER: mistral-medium_mas_rag, DIALOGUE TURN NUM = 26.
[2025-10-08 20:51:25,549] [INFO] EXIT: 'UtteranceClassificationAgent' calling 'return_classified_sentences' (2.384185791015625e-06 secs).
[2025-10-08 20:51:25,572] [INFO] ENTER: 'GraphRAG' calling 'why'; CURRENT SPEAKER: mistral-medium_mas_rag, DIALOGUE TURN NUM = 26.
[2025-10-08 20:51:25,573] [INFO] ENTER: 'GraphRAG' calling 'query_graph'; CURRENT SPEAKER: mistral-medium_mas_rag, DIALOGUE TURN NUM = 26.
[2025-10-08 20:51:26,264] [INFO] EXIT: 'GraphRAG' calling 'query_graph' (0.6918544769287109 secs).
[2025-10-08 20:51:26,265] [INFO] EXIT: 'GraphRAG' calling 'why' (0.6922588348388672 secs).
[2025-10-08 20:51:26,265] [INFO] ENTER: 'GraphRAG' calling 'claim_negation'; CURRENT SPEAKER: mistral-medium_mas_rag, DIALOGUE TURN NUM = 26.
[2025-10-08 20:51:26,265] [INFO] ENTER: 'GraphRAG' calling 'query_graph'; CURRENT SPEAKER: mistral-medium_mas_rag, DIALOGUE TURN NUM = 26.
[2025-10-08 20:51:26,928] [INFO] EXIT: 'GraphRAG' calling 'query_graph' (0.6632354259490967 secs).
[2025-10-08 20:51:26,928] [INFO] EXIT: 'GraphRAG' calling 'claim_negation' (0.66371750831604 secs).
[2025-10-08 20:51:26,928] [INFO] ENTER: 'GraphRAG' calling 'concede'; CURRENT SPEAKER: mistral-medium_mas_rag, DIALOGUE TURN NUM = 26.
[2025-10-08 20:51:26,929] [INFO] ENTER: 'GraphRAG' calling 'query_graph'; CURRENT SPEAKER: mistral-medium_mas_rag, DIALOGUE TURN NUM = 26.
[2025-10-08 20:51:27,629] [INFO] EXIT: 'GraphRAG' calling 'query_graph' (0.6998732089996338 secs).
[2025-10-08 20:51:27,629] [INFO] EXIT: 'GraphRAG' calling 'concede' (0.7002499103546143 secs).
[2025-10-08 20:51:27,629] [INFO] ENTER: 'GraphRAG' calling 'question'; CURRENT SPEAKER: mistral-medium_mas_rag, DIALOGUE TURN NUM = 26.
[2025-10-08 20:51:27,629] [INFO] ENTER: 'GraphRAG' calling 'query_graph'; CURRENT SPEAKER: mistral-medium_mas_rag, DIALOGUE TURN NUM = 26.
[2025-10-08 20:51:27,755] [INFO] EXIT: 'GraphRAG' calling 'query_graph' (0.12615203857421875 secs).
[2025-10-08 20:51:27,755] [INFO] EXIT: 'GraphRAG' calling 'question' (0.12657642364501953 secs).
[2025-10-08 20:51:27,771] [INFO] ENTER: 'GraphRAG' calling 'why'; CURRENT SPEAKER: mistral-medium_mas_rag, DIALOGUE TURN NUM = 26.
[2025-10-08 20:51:27,771] [INFO] ENTER: 'GraphRAG' calling 'query_graph'; CURRENT SPEAKER: mistral-medium_mas_rag, DIALOGUE TURN NUM = 26.
[2025-10-08 20:51:28,458] [INFO] EXIT: 'GraphRAG' calling 'query_graph' (0.6869726181030273 secs).
[2025-10-08 20:51:28,459] [INFO] EXIT: 'GraphRAG' calling 'why' (0.6873621940612793 secs).
[2025-10-08 20:51:28,459] [INFO] ENTER: 'GraphRAG' calling 'claim_negation'; CURRENT SPEAKER: mistral-medium_mas_rag, DIALOGUE TURN NUM = 26.
[2025-10-08 20:51:28,459] [INFO] ENTER: 'GraphRAG' calling 'query_graph'; CURRENT SPEAKER: mistral-medium_mas_rag, DIALOGUE TURN NUM = 26.
[2025-10-08 20:51:29,123] [INFO] EXIT: 'GraphRAG' calling 'query_graph' (0.6637969017028809 secs).
[2025-10-08 20:51:29,123] [INFO] EXIT: 'GraphRAG' calling 'claim_negation' (0.6642417907714844 secs).
[2025-10-08 20:51:29,123] [INFO] ENTER: 'GraphRAG' calling 'concede'; CURRENT SPEAKER: mistral-medium_mas_rag, DIALOGUE TURN NUM = 26.
[2025-10-08 20:51:29,123] [INFO] ENTER: 'GraphRAG' calling 'query_graph'; CURRENT SPEAKER: mistral-medium_mas_rag, DIALOGUE TURN NUM = 26.
[2025-10-08 20:51:29,820] [INFO] EXIT: 'GraphRAG' calling 'query_graph' (0.6963071823120117 secs).
[2025-10-08 20:51:29,820] [INFO] EXIT: 'GraphRAG' calling 'concede' (0.6966824531555176 secs).
[2025-10-08 20:51:29,820] [INFO] ENTER: 'GraphRAG' calling 'question'; CURRENT SPEAKER: mistral-medium_mas_rag, DIALOGUE TURN NUM = 26.
[2025-10-08 20:51:29,820] [INFO] ENTER: 'GraphRAG' calling 'query_graph'; CURRENT SPEAKER: mistral-medium_mas_rag, DIALOGUE TURN NUM = 26.
[2025-10-08 20:51:29,943] [INFO] EXIT: 'GraphRAG' calling 'query_graph' (0.1234750747680664 secs).
[2025-10-08 20:51:29,944] [INFO] EXIT: 'GraphRAG' calling 'question' (0.12390446662902832 secs).
[2025-10-08 20:51:29,960] [INFO] ENTER: 'GraphRAG' calling 'why'; CURRENT SPEAKER: mistral-medium_mas_rag, DIALOGUE TURN NUM = 26.
[2025-10-08 20:51:29,960] [INFO] ENTER: 'GraphRAG' calling 'query_graph'; CURRENT SPEAKER: mistral-medium_mas_rag, DIALOGUE TURN NUM = 26.
[2025-10-08 20:51:30,655] [INFO] EXIT: 'GraphRAG' calling 'query_graph' (0.6950435638427734 secs).
[2025-10-08 20:51:30,655] [INFO] EXIT: 'GraphRAG' calling 'why' (0.695462703704834 secs).
[2025-10-08 20:51:30,655] [INFO] ENTER: 'GraphRAG' calling 'claim_negation'; CURRENT SPEAKER: mistral-medium_mas_rag, DIALOGUE TURN NUM = 26.
[2025-10-08 20:51:30,655] [INFO] ENTER: 'GraphRAG' calling 'query_graph'; CURRENT SPEAKER: mistral-medium_mas_rag, DIALOGUE TURN NUM = 26.
[2025-10-08 20:51:31,320] [INFO] EXIT: 'GraphRAG' calling 'query_graph' (0.6649966239929199 secs).
[2025-10-08 20:51:31,321] [INFO] EXIT: 'GraphRAG' calling 'claim_negation' (0.6654107570648193 secs).
[2025-10-08 20:51:31,321] [INFO] ENTER: 'GraphRAG' calling 'concede'; CURRENT SPEAKER: mistral-medium_mas_rag, DIALOGUE TURN NUM = 26.
[2025-10-08 20:51:31,321] [INFO] ENTER: 'GraphRAG' calling 'query_graph'; CURRENT SPEAKER: mistral-medium_mas_rag, DIALOGUE TURN NUM = 26.
[2025-10-08 20:51:31,999] [INFO] EXIT: 'GraphRAG' calling 'query_graph' (0.6782505512237549 secs).
[2025-10-08 20:51:31,999] [INFO] EXIT: 'GraphRAG' calling 'concede' (0.678640604019165 secs).
[2025-10-08 20:51:31,999] [INFO] ENTER: 'GraphRAG' calling 'question'; CURRENT SPEAKER: mistral-medium_mas_rag, DIALOGUE TURN NUM = 26.
[2025-10-08 20:51:32,000] [INFO] ENTER: 'GraphRAG' calling 'query_graph'; CURRENT SPEAKER: mistral-medium_mas_rag, DIALOGUE TURN NUM = 26.
[2025-10-08 20:51:32,124] [INFO] EXIT: 'GraphRAG' calling 'query_graph' (0.12475776672363281 secs).
[2025-10-08 20:51:32,124] [INFO] EXIT: 'GraphRAG' calling 'question' (0.12511920928955078 secs).
[2025-10-08 20:51:32,140] [INFO] ENTER: 'GraphRAG' calling 'why'; CURRENT SPEAKER: mistral-medium_mas_rag, DIALOGUE TURN NUM = 26.
[2025-10-08 20:51:32,140] [INFO] ENTER: 'GraphRAG' calling 'query_graph'; CURRENT SPEAKER: mistral-medium_mas_rag, DIALOGUE TURN NUM = 26.
[2025-10-08 20:51:32,847] [INFO] EXIT: 'GraphRAG' calling 'query_graph' (0.7068233489990234 secs).
[2025-10-08 20:51:32,847] [INFO] EXIT: 'GraphRAG' calling 'why' (0.707310676574707 secs).
[2025-10-08 20:51:32,847] [INFO] ENTER: 'GraphRAG' calling 'claim_negation'; CURRENT SPEAKER: mistral-medium_mas_rag, DIALOGUE TURN NUM = 26.
[2025-10-08 20:51:32,848] [INFO] ENTER: 'GraphRAG' calling 'query_graph'; CURRENT SPEAKER: mistral-medium_mas_rag, DIALOGUE TURN NUM = 26.
[2025-10-08 20:51:33,513] [INFO] EXIT: 'GraphRAG' calling 'query_graph' (0.6648311614990234 secs).
[2025-10-08 20:51:33,514] [INFO] EXIT: 'GraphRAG' calling 'claim_negation' (0.666313648223877 secs).
[2025-10-08 20:51:33,514] [INFO] ENTER: 'GraphRAG' calling 'concede'; CURRENT SPEAKER: mistral-medium_mas_rag, DIALOGUE TURN NUM = 26.
[2025-10-08 20:51:33,514] [INFO] ENTER: 'GraphRAG' calling 'query_graph'; CURRENT SPEAKER: mistral-medium_mas_rag, DIALOGUE TURN NUM = 26.
[2025-10-08 20:51:34,208] [INFO] EXIT: 'GraphRAG' calling 'query_graph' (0.6942687034606934 secs).
[2025-10-08 20:51:34,209] [INFO] EXIT: 'GraphRAG' calling 'concede' (0.6946620941162109 secs).
[2025-10-08 20:51:34,209] [INFO] ENTER: 'GraphRAG' calling 'question'; CURRENT SPEAKER: mistral-medium_mas_rag, DIALOGUE TURN NUM = 26.
[2025-10-08 20:51:34,209] [INFO] ENTER: 'GraphRAG' calling 'query_graph'; CURRENT SPEAKER: mistral-medium_mas_rag, DIALOGUE TURN NUM = 26.
[2025-10-08 20:51:34,335] [INFO] EXIT: 'GraphRAG' calling 'query_graph' (0.12555551528930664 secs).
[2025-10-08 20:51:34,335] [INFO] EXIT: 'GraphRAG' calling 'question' (0.12601876258850098 secs).
[2025-10-08 20:51:34,335] [INFO] ENTER: 'GraphRAG' calling 'return_rag_examples'; CURRENT SPEAKER: mistral-medium_mas_rag, DIALOGUE TURN NUM = 26.
[2025-10-08 20:51:34,335] [INFO] EXIT: 'GraphRAG' calling 'return_rag_examples' (2.1457672119140625e-06 secs).
[2025-10-08 20:51:34,337] [INFO] ENTER: 'DialogueMoveGenerator' calling 'generate'; CURRENT SPEAKER: mistral-medium_mas_rag, DIALOGUE TURN NUM = 26.
[2025-10-08 20:51:34,337] [INFO] ENTER: 'MASPromptGenerator' calling 'claim_negation'; CURRENT SPEAKER: mistral-medium_mas_rag, DIALOGUE TURN NUM = 26.
[2025-10-08 20:51:34,337] [INFO] EXIT: 'MASPromptGenerator' calling 'claim_negation' (7.534027099609375e-05 secs).
[2025-10-08 20:51:34,338] [INFO] ENTER: 'DialogueMoveGenerator' calling 'generate'; CURRENT SPEAKER: mistral-medium_mas_rag, DIALOGUE TURN NUM = 26.
[2025-10-08 20:51:34,338] [INFO] ENTER: 'MASPromptGenerator' calling 'concede_claim'; CURRENT SPEAKER: mistral-medium_mas_rag, DIALOGUE TURN NUM = 26.
[2025-10-08 20:51:34,338] [INFO] EXIT: 'MASPromptGenerator' calling 'concede_claim' (5.626678466796875e-05 secs).
[2025-10-08 20:51:34,339] [INFO] ENTER: 'DialogueMoveGenerator' calling 'generate'; CURRENT SPEAKER: mistral-medium_mas_rag, DIALOGUE TURN NUM = 26.
[2025-10-08 20:51:34,340] [INFO] ENTER: 'MASPromptGenerator' calling 'question_claim'; CURRENT SPEAKER: mistral-medium_mas_rag, DIALOGUE TURN NUM = 26.
[2025-10-08 20:51:34,340] [INFO] EXIT: 'MASPromptGenerator' calling 'question_claim' (6.532669067382812e-05 secs).
[2025-10-08 20:51:34,341] [INFO] ENTER: 'DialogueMoveGenerator' calling 'generate'; CURRENT SPEAKER: mistral-medium_mas_rag, DIALOGUE TURN NUM = 26.
[2025-10-08 20:51:34,341] [INFO] ENTER: 'MASPromptGenerator' calling 'why_claim'; CURRENT SPEAKER: mistral-medium_mas_rag, DIALOGUE TURN NUM = 26.
[2025-10-08 20:51:34,341] [INFO] EXIT: 'MASPromptGenerator' calling 'why_claim' (6.341934204101562e-05 secs).
[2025-10-08 20:51:36,457] [INFO] Completion returned and validated from MODEL = 'mistral-medium'.
[2025-10-08 20:51:36,676] [INFO] Completion returned and validated from MODEL = 'mistral-medium'.
[2025-10-08 20:51:36,782] [INFO] Completion returned and validated from MODEL = 'mistral-medium'.
[2025-10-08 20:51:36,880] [INFO] Completion returned and validated from MODEL = 'mistral-medium'.
[2025-10-08 20:51:38,899] [INFO] Completion returned and validated from MODEL = 'mistral-medium'.
[2025-10-08 20:51:40,388] [INFO] Completion returned and validated from MODEL = 'mistral-medium'.
[2025-10-08 20:51:41,493] [INFO] Completion returned and validated from MODEL = 'mistral-medium'.
[2025-10-08 20:51:41,577] [INFO] Completion returned and validated from MODEL = 'mistral-medium'.
[2025-10-08 20:51:41,884] [INFO] Completion returned and validated from MODEL = 'mistral-medium'.
[2025-10-08 20:51:42,696] [INFO] Completion returned and validated from MODEL = 'mistral-medium'.
[2025-10-08 20:51:43,790] [INFO] Completion returned and validated from MODEL = 'mistral-medium'.
[2025-10-08 20:51:43,790] [INFO] EXIT: 'DialogueMoveGenerator' calling 'generate' (9.452434301376343 secs).
[2025-10-08 20:51:44,291] [INFO] Completion returned and validated from MODEL = 'mistral-medium'.
[2025-10-08 20:52:01,067] [INFO] Completion returned and validated from MODEL = 'mistral-medium'.
[2025-10-08 20:52:01,520] [INFO] Completion returned and validated from MODEL = 'mistral-medium'.
[2025-10-08 20:52:01,520] [INFO] EXIT: 'DialogueMoveGenerator' calling 'generate' (27.17989754676819 secs).
[2025-10-08 20:52:01,597] [INFO] Completion returned and validated from MODEL = 'mistral-medium'.
[2025-10-08 20:52:01,597] [INFO] EXIT: 'DialogueMoveGenerator' calling 'generate' (27.255890607833862 secs).
[2025-10-08 20:52:03,477] [INFO] Completion returned and validated from MODEL = 'mistral-medium'.
[2025-10-08 20:52:03,477] [INFO] EXIT: 'DialogueMoveGenerator' calling 'generate' (29.140356302261353 secs).
[2025-10-08 20:52:03,479] [INFO] ENTER: 'MASPromptGenerator' calling 'persuasiveness_choice'; CURRENT SPEAKER: mistral-medium_mas_rag, DIALOGUE TURN NUM = 26.
[2025-10-08 20:52:03,479] [INFO] EXIT: 'MASPromptGenerator' calling 'persuasiveness_choice' (0.00023412704467773438 secs).
[2025-10-08 20:53:03,667] [INFO] Completion returned and validated within 'PersuasivenessChoiceAgent'; MODEL = 'mistral-medium'; DIALOGUE TURN NUM = 26.
[2025-10-08 20:53:42,969] [INFO] Completion returned and validated within 'PersuasivenessChoiceAgent'; MODEL = 'mistral-medium'; DIALOGUE TURN NUM = 26.
[2025-10-08 20:53:46,482] [INFO] Completion returned and validated within 'PersuasivenessChoiceAgent'; MODEL = 'mistral-medium'; DIALOGUE TURN NUM = 26.
[2025-10-08 20:54:12,049] [INFO] Completion returned and validated within 'PersuasivenessChoiceAgent'; MODEL = 'mistral-medium'; DIALOGUE TURN NUM = 26.
[2025-10-08 20:54:12,050] [INFO] ENTER: 'DisambiguationAgent' calling '_grouping_similar_utterance_types'; CURRENT SPEAKER: mistral-medium_mas_rag, DIALOGUE TURN NUM = 26.
[2025-10-08 20:54:12,050] [INFO] EXIT: 'DisambiguationAgent' calling '_grouping_similar_utterance_types' (1.0967254638671875e-05 secs).
[2025-10-08 20:54:12,050] [INFO] ENTER: 'DisambiguationAgent' calling '_identifying_similar_sentences_and_choosing_one_to_return_to_user'; CURRENT SPEAKER: mistral-medium_mas_rag, DIALOGUE TURN NUM = 26.
[2025-10-08 20:54:17,728] [INFO] 'DisambiguationAgent' grouped similar sentences, completion returned and validated; MODEL = 'mistral-medium'.
[2025-10-08 20:54:18,601] [INFO] 'DisambiguationAgent' chose sentences to remove, completion returned and validated from MODEL = 'mistral-medium'.
[2025-10-08 20:54:20,040] [INFO] 'DisambiguationAgent' chose sentences to remove, completion returned and validated from MODEL = 'mistral-medium'.
[2025-10-08 20:54:20,953] [INFO] 'DisambiguationAgent' chose sentences to remove, completion returned and validated from MODEL = 'mistral-medium'.
[2025-10-08 20:54:20,953] [INFO] EXIT: 'DisambiguationAgent' calling '_identifying_similar_sentences_and_choosing_one_to_return_to_user' (8.902961015701294 secs).
[2025-10-08 20:54:20,953] [INFO] ENTER: 'DisambiguationAgent' calling '_identifying_similar_sentences_and_choosing_one_to_return_to_user'; CURRENT SPEAKER: mistral-medium_mas_rag, DIALOGUE TURN NUM = 26.
[2025-10-08 20:56:41,702] [INFO] 'DisambiguationAgent' grouped similar sentences, completion returned and validated; MODEL = 'mistral-medium'.
[2025-10-08 20:56:43,248] [INFO] 'DisambiguationAgent' chose sentences to remove, completion returned and validated from MODEL = 'mistral-medium'.
[2025-10-08 20:56:44,629] [INFO] 'DisambiguationAgent' chose sentences to remove, completion returned and validated from MODEL = 'mistral-medium'.
[2025-10-08 20:57:45,342] [INFO] 'DisambiguationAgent' chose sentences to remove, completion returned and validated from MODEL = 'mistral-medium'.
[2025-10-08 20:57:45,342] [INFO] EXIT: 'DisambiguationAgent' calling '_identifying_similar_sentences_and_choosing_one_to_return_to_user' (204.38917064666748 secs).
[2025-10-08 20:57:45,342] [INFO] ENTER: 'DisambiguationAgent' calling '_removing_repetitive_sentences'; CURRENT SPEAKER: mistral-medium_mas_rag, DIALOGUE TURN NUM = 26.
[2025-10-08 20:57:45,342] [INFO] EXIT: 'DisambiguationAgent' calling '_removing_repetitive_sentences' (1.8835067749023438e-05 secs).
[2025-10-08 20:57:45,342] [INFO] ENTER: 'DisambiguationAgent' calling '_choose_the_most_persuasive_sentences'; CURRENT SPEAKER: mistral-medium_mas_rag, DIALOGUE TURN NUM = 26.
[2025-10-08 20:58:50,425] [INFO] 'DisambiguationAgent': reached maximum allowed sentences, succussfully chose most persuasive sentences, completion returned and validated from MODEL = 'mistral-medium'.
[2025-10-08 20:58:50,425] [INFO] EXIT: 'DisambiguationAgent' calling '_choose_the_most_persuasive_sentences' (65.08283233642578 secs).
[2025-10-08 20:58:50,425] [INFO] ENTER: 'DisambiguationAgent' calling 'return_disambiguated_sentences'; CURRENT SPEAKER: mistral-medium_mas_rag, DIALOGUE TURN NUM = 26.
[2025-10-08 20:58:50,425] [INFO] EXIT: 'DisambiguationAgent' calling 'return_disambiguated_sentences' (2.6226043701171875e-06 secs).
[2025-10-08 20:58:50,426] [ERROR] Wrong state used; State of type HumanState; error message: dict has unexpected extra key(s): "graph_rag_examples", "intermediate_generations", "knowledge_base_ensemble_or_model_name", "model_seed", "model_temp", "model_top_p", "number_of_graph_rag_examples", "number_of_vector_based_rag_examples", "political_position_prob_of_na", "political_position_range", "political_position_std", "speaker_model_name", "speaker_type", "vector_based_persona_string", "vector_based_persona_sys_prompt"
[2025-10-08 20:58:50,426] [INFO] Correct state used; State of type GenerationAgentsState; 'IGNORE THE ABOVE ERRORS'.
[2025-10-08 20:58:51,632] [INFO] 'commitment_update' completed '___Claim___' update for current speaker's commitments; MODEL = 'mistral-medium'.
[2025-10-08 20:58:52,670] [INFO] 'commitment_update' completed '___Claim___' update for current speaker's commitments; MODEL = 'mistral-medium'.
[2025-10-08 20:58:52,790] [ERROR] Wrong state used; State of type HumanState; error message: dict has unexpected extra key(s): "graph_rag_examples", "intermediate_generations", "knowledge_base_ensemble_or_model_name", "model_seed", "model_temp", "model_top_p", "number_of_graph_rag_examples", "number_of_vector_based_rag_examples", "political_position_prob_of_na", "political_position_range", "political_position_std", "speaker_model_name", "speaker_type", "vector_based_persona_string", "vector_based_persona_sys_prompt"
[2025-10-08 20:58:52,790] [INFO] Correct state used; State of type GenerationAgentsState; 'IGNORE THE ABOVE ERRORS'.
[2025-10-08 20:58:52,790] [INFO] ENTER: 'UtteranceClassificationAgent' calling '_classify_sentence_utterance_types'; CURRENT SPEAKER: grok-3_mas, DIALOGUE TURN NUM = 27.
[2025-10-08 20:58:53,829] [INFO] 'UtteranceClassificationAgent' completion returned and validated from MODEL = 'ModelName.GROK_3'.
[2025-10-08 20:58:54,443] [INFO] 'UtteranceClassificationAgent' completion returned and validated from MODEL = 'ModelName.GROK_3'.
[2025-10-08 20:58:55,058] [INFO] 'UtteranceClassificationAgent' completion returned and validated from MODEL = 'ModelName.GROK_3'.
[2025-10-08 20:58:55,743] [INFO] 'UtteranceClassificationAgent' completion returned and validated from MODEL = 'ModelName.GROK_3'.
[2025-10-08 20:58:56,400] [INFO] 'UtteranceClassificationAgent' completion returned and validated from MODEL = 'ModelName.GROK_3'.
[2025-10-08 20:58:57,029] [INFO] 'UtteranceClassificationAgent' completion returned and validated from MODEL = 'ModelName.GROK_3'.
[2025-10-08 20:58:57,029] [INFO] EXIT: 'UtteranceClassificationAgent' calling '_classify_sentence_utterance_types' (4.2393457889556885 secs).
[2025-10-08 20:58:57,029] [INFO] ENTER: 'UtteranceClassificationAgent' calling 'return_classified_sentences'; CURRENT SPEAKER: grok-3_mas, DIALOGUE TURN NUM = 27.
[2025-10-08 20:58:57,030] [INFO] EXIT: 'UtteranceClassificationAgent' calling 'return_classified_sentences' (2.86102294921875e-06 secs).
[2025-10-08 20:58:57,032] [INFO] ENTER: 'DialogueMoveGenerator' calling 'generate'; CURRENT SPEAKER: grok-3_mas, DIALOGUE TURN NUM = 27.
[2025-10-08 20:58:57,032] [INFO] ENTER: 'MASPromptGenerator' calling 'claim'; CURRENT SPEAKER: grok-3_mas, DIALOGUE TURN NUM = 27.
[2025-10-08 20:58:57,032] [INFO] EXIT: 'MASPromptGenerator' calling 'claim' (5.91278076171875e-05 secs).
[2025-10-08 20:58:57,033] [INFO] ENTER: 'DialogueMoveGenerator' calling 'generate'; CURRENT SPEAKER: grok-3_mas, DIALOGUE TURN NUM = 27.
[2025-10-08 20:58:57,033] [INFO] ENTER: 'MASPromptGenerator' calling 'concede_claim'; CURRENT SPEAKER: grok-3_mas, DIALOGUE TURN NUM = 27.
[2025-10-08 20:58:57,033] [INFO] EXIT: 'MASPromptGenerator' calling 'concede_claim' (3.981590270996094e-05 secs).
[2025-10-08 20:58:57,035] [INFO] ENTER: 'DialogueMoveGenerator' calling 'generate'; CURRENT SPEAKER: grok-3_mas, DIALOGUE TURN NUM = 27.
[2025-10-08 20:58:57,036] [INFO] ENTER: 'MASPromptGenerator' calling 'claim_negation'; CURRENT SPEAKER: grok-3_mas, DIALOGUE TURN NUM = 27.
[2025-10-08 20:58:57,036] [INFO] EXIT: 'MASPromptGenerator' calling 'claim_negation' (5.078315734863281e-05 secs).
[2025-10-08 20:58:57,037] [INFO] ENTER: 'DialogueMoveGenerator' calling 'generate'; CURRENT SPEAKER: grok-3_mas, DIALOGUE TURN NUM = 27.
[2025-10-08 20:58:57,037] [INFO] ENTER: 'MASPromptGenerator' calling 'question_claim'; CURRENT SPEAKER: grok-3_mas, DIALOGUE TURN NUM = 27.
[2025-10-08 20:58:57,037] [INFO] EXIT: 'MASPromptGenerator' calling 'question_claim' (4.291534423828125e-05 secs).
[2025-10-08 20:58:57,037] [INFO] ENTER: 'DialogueMoveGenerator' calling 'generate'; CURRENT SPEAKER: grok-3_mas, DIALOGUE TURN NUM = 27.
[2025-10-08 20:58:57,038] [INFO] ENTER: 'MASPromptGenerator' calling 'retract_claim'; CURRENT SPEAKER: grok-3_mas, DIALOGUE TURN NUM = 27.
[2025-10-08 20:58:57,038] [INFO] EXIT: 'MASPromptGenerator' calling 'retract_claim' (5.5789947509765625e-05 secs).
[2025-10-08 20:58:57,038] [INFO] ENTER: 'DialogueMoveGenerator' calling 'generate'; CURRENT SPEAKER: grok-3_mas, DIALOGUE TURN NUM = 27.
[2025-10-08 20:58:57,038] [INFO] ENTER: 'MASPromptGenerator' calling 'since_claim'; CURRENT SPEAKER: grok-3_mas, DIALOGUE TURN NUM = 27.
[2025-10-08 20:58:57,039] [INFO] EXIT: 'MASPromptGenerator' calling 'since_claim' (5.221366882324219e-05 secs).
[2025-10-08 20:58:57,039] [INFO] ENTER: 'DialogueMoveGenerator' calling 'generate'; CURRENT SPEAKER: grok-3_mas, DIALOGUE TURN NUM = 27.
[2025-10-08 20:58:57,039] [INFO] ENTER: 'MASPromptGenerator' calling 'why_claim'; CURRENT SPEAKER: grok-3_mas, DIALOGUE TURN NUM = 27.
[2025-10-08 20:58:57,040] [INFO] EXIT: 'MASPromptGenerator' calling 'why_claim' (4.3392181396484375e-05 secs).
[2025-10-08 20:59:00,234] [INFO] Completion returned and validated from MODEL = 'grok-3'.
[2025-10-08 20:59:00,554] [INFO] Completion returned and validated from MODEL = 'grok-3'.
[2025-10-08 20:59:00,556] [INFO] Completion returned and validated from MODEL = 'grok-3'.
[2025-10-08 20:59:00,626] [INFO] Completion returned and validated from MODEL = 'grok-3'.
[2025-10-08 20:59:01,525] [INFO] Completion returned and validated from MODEL = 'grok-3'.
[2025-10-08 20:59:01,943] [INFO] Completion returned and validated from MODEL = 'grok-3'.
[2025-10-08 20:59:03,667] [INFO] Completion returned and validated from MODEL = 'grok-3'.
[2025-10-08 20:59:03,667] [INFO] EXIT: 'DialogueMoveGenerator' calling 'generate' (6.633572340011597 secs).
[2025-10-08 20:59:04,183] [INFO] Completion returned and validated from MODEL = 'grok-3'.
[2025-10-08 20:59:04,183] [INFO] EXIT: 'DialogueMoveGenerator' calling 'generate' (7.144149541854858 secs).
[2025-10-08 20:59:04,455] [INFO] Completion returned and validated from MODEL = 'grok-3'.
[2025-10-08 20:59:04,455] [INFO] EXIT: 'DialogueMoveGenerator' calling 'generate' (7.4190144538879395 secs).
[2025-10-08 20:59:05,012] [INFO] Completion returned and validated from MODEL = 'grok-3'.
[2025-10-08 20:59:05,012] [INFO] EXIT: 'DialogueMoveGenerator' calling 'generate' (7.975033760070801 secs).
[2025-10-08 20:59:05,014] [INFO] Completion returned and validated from MODEL = 'grok-3'.
[2025-10-08 20:59:05,364] [INFO] Completion returned and validated from MODEL = 'grok-3'.
[2025-10-08 20:59:08,642] [INFO] Completion returned and validated from MODEL = 'grok-3'.
[2025-10-08 20:59:09,151] [INFO] Completion returned and validated from MODEL = 'grok-3'.
[2025-10-08 20:59:11,611] [INFO] Completion returned and validated from MODEL = 'grok-3'.
[2025-10-08 20:59:11,611] [INFO] EXIT: 'DialogueMoveGenerator' calling 'generate' (14.573271036148071 secs).
[2025-10-08 20:59:13,101] [INFO] Completion returned and validated from MODEL = 'grok-3'.
[2025-10-08 20:59:13,101] [INFO] EXIT: 'DialogueMoveGenerator' calling 'generate' (16.068819284439087 secs).
[2025-10-08 21:01:01,348] [INFO] Completion returned and validated from MODEL = 'grok-3'.
[2025-10-08 21:01:04,840] [INFO] Completion returned and validated from MODEL = 'grok-3'.
[2025-10-08 21:01:08,329] [INFO] Completion returned and validated from MODEL = 'grok-3'.
[2025-10-08 21:01:11,814] [INFO] Completion returned and validated from MODEL = 'grok-3'.
[2025-10-08 21:01:11,814] [INFO] EXIT: 'DialogueMoveGenerator' calling 'generate' (134.77580547332764 secs).
[2025-10-08 21:01:11,815] [INFO] ENTER: 'MASPromptGenerator' calling 'persuasiveness_choice'; CURRENT SPEAKER: grok-3_mas, DIALOGUE TURN NUM = 27.
[2025-10-08 21:01:11,816] [INFO] EXIT: 'MASPromptGenerator' calling 'persuasiveness_choice' (0.0002567768096923828 secs).
[2025-10-08 21:01:15,664] [INFO] Completion returned and validated within 'PersuasivenessChoiceAgent'; MODEL = 'grok-3'; DIALOGUE TURN NUM = 27.
[2025-10-08 21:01:18,540] [INFO] Completion returned and validated within 'PersuasivenessChoiceAgent'; MODEL = 'grok-3'; DIALOGUE TURN NUM = 27.
[2025-10-08 21:01:21,481] [INFO] Completion returned and validated within 'PersuasivenessChoiceAgent'; MODEL = 'grok-3'; DIALOGUE TURN NUM = 27.
[2025-10-08 21:01:23,483] [INFO] Completion returned and validated within 'PersuasivenessChoiceAgent'; MODEL = 'grok-3'; DIALOGUE TURN NUM = 27.
[2025-10-08 21:01:25,768] [INFO] Completion returned and validated within 'PersuasivenessChoiceAgent'; MODEL = 'grok-3'; DIALOGUE TURN NUM = 27.
[2025-10-08 21:01:28,669] [INFO] Completion returned and validated within 'PersuasivenessChoiceAgent'; MODEL = 'grok-3'; DIALOGUE TURN NUM = 27.
[2025-10-08 21:01:28,670] [INFO] ENTER: 'DisambiguationAgent' calling '_grouping_similar_utterance_types'; CURRENT SPEAKER: grok-3_mas, DIALOGUE TURN NUM = 27.
[2025-10-08 21:01:28,670] [INFO] EXIT: 'DisambiguationAgent' calling '_grouping_similar_utterance_types' (1.2636184692382812e-05 secs).
[2025-10-08 21:01:28,670] [INFO] ENTER: 'DisambiguationAgent' calling '_identifying_similar_sentences_and_choosing_one_to_return_to_user'; CURRENT SPEAKER: grok-3_mas, DIALOGUE TURN NUM = 27.
[2025-10-08 21:01:40,941] [INFO] 'DisambiguationAgent' grouped similar sentences, completion returned and validated; MODEL = 'grok-3'.
[2025-10-08 21:01:42,187] [INFO] 'DisambiguationAgent' chose sentences to remove, completion returned and validated from MODEL = 'grok-3'.
[2025-10-08 21:01:43,416] [INFO] 'DisambiguationAgent' chose sentences to remove, completion returned and validated from MODEL = 'grok-3'.
[2025-10-08 21:01:44,721] [INFO] 'DisambiguationAgent' chose sentences to remove, completion returned and validated from MODEL = 'grok-3'.
[2025-10-08 21:01:45,855] [INFO] 'DisambiguationAgent' chose sentences to remove, completion returned and validated from MODEL = 'grok-3'.
[2025-10-08 21:01:45,855] [INFO] EXIT: 'DisambiguationAgent' calling '_identifying_similar_sentences_and_choosing_one_to_return_to_user' (17.18508744239807 secs).
[2025-10-08 21:01:45,855] [INFO] ENTER: 'DisambiguationAgent' calling '_removing_repetitive_sentences'; CURRENT SPEAKER: grok-3_mas, DIALOGUE TURN NUM = 27.
[2025-10-08 21:01:45,855] [INFO] EXIT: 'DisambiguationAgent' calling '_removing_repetitive_sentences' (2.574920654296875e-05 secs).
[2025-10-08 21:01:45,855] [INFO] ENTER: 'DisambiguationAgent' calling 'return_disambiguated_sentences'; CURRENT SPEAKER: grok-3_mas, DIALOGUE TURN NUM = 27.
[2025-10-08 21:01:45,855] [INFO] EXIT: 'DisambiguationAgent' calling 'return_disambiguated_sentences' (2.384185791015625e-06 secs).
[2025-10-08 21:01:45,856] [ERROR] Wrong state used; State of type HumanState; error message: dict has unexpected extra key(s): "graph_rag_examples", "intermediate_generations", "knowledge_base_ensemble_or_model_name", "model_seed", "model_temp", "model_top_p", "number_of_graph_rag_examples", "number_of_vector_based_rag_examples", "political_position_prob_of_na", "political_position_range", "political_position_std", "speaker_model_name", "speaker_type", "vector_based_persona_string", "vector_based_persona_sys_prompt"
[2025-10-08 21:01:45,856] [INFO] Correct state used; State of type GenerationAgentsState; 'IGNORE THE ABOVE ERRORS'.
[2025-10-08 21:01:46,518] [INFO] 'commitment_update' completed '___Since___' update; MODEL = 'grok-3'.
[2025-10-08 21:01:47,116] [INFO] 'commitment_update' completed '___Claim___' update for current speaker's commitments; MODEL = 'grok-3'.
[2025-10-08 21:01:47,717] [INFO] 'commitment_update' completed '___Claim___' update for current speaker's commitments; MODEL = 'grok-3'.
[2025-10-08 21:01:48,337] [INFO] 'commitment_update' completed '___Since___' update; MODEL = 'grok-3'.
[2025-10-08 21:01:49,288] [INFO] 'commitment_update' completed '___Claim___' update for current speaker's commitments; MODEL = 'grok-3'.
[2025-10-08 21:01:49,367] [ERROR] Wrong state used; State of type HumanState; error message: dict has unexpected extra key(s): "graph_rag_examples", "intermediate_generations", "knowledge_base_ensemble_or_model_name", "model_seed", "model_temp", "model_top_p", "number_of_graph_rag_examples", "number_of_vector_based_rag_examples", "political_position_prob_of_na", "political_position_range", "political_position_std", "speaker_model_name", "speaker_type", "vector_based_persona_string", "vector_based_persona_sys_prompt"
[2025-10-08 21:01:49,368] [INFO] Correct state used; State of type GenerationAgentsState; 'IGNORE THE ABOVE ERRORS'.
[2025-10-08 21:01:49,368] [INFO] ENTER: 'UtteranceClassificationAgent' calling '_classify_sentence_utterance_types'; CURRENT SPEAKER: mistral-medium_mas_rag, DIALOGUE TURN NUM = 28.
[2025-10-08 21:01:50,229] [INFO] 'UtteranceClassificationAgent' completion returned and validated from MODEL = 'ModelName.MISTRAL_MEDIUM'.
[2025-10-08 21:02:46,906] [INFO] 'UtteranceClassificationAgent' completion returned and validated from MODEL = 'ModelName.MISTRAL_MEDIUM'.
[2025-10-08 21:03:05,945] [INFO] 'UtteranceClassificationAgent' completion returned and validated from MODEL = 'ModelName.MISTRAL_MEDIUM'.
[2025-10-08 21:03:07,916] [INFO] 'UtteranceClassificationAgent' completion returned and validated from MODEL = 'ModelName.MISTRAL_MEDIUM'.
[2025-10-08 21:03:08,357] [INFO] 'UtteranceClassificationAgent' completion returned and validated from MODEL = 'ModelName.MISTRAL_MEDIUM'.
[2025-10-08 21:03:08,357] [INFO] EXIT: 'UtteranceClassificationAgent' calling '_classify_sentence_utterance_types' (78.98943734169006 secs).
[2025-10-08 21:03:08,357] [INFO] ENTER: 'UtteranceClassificationAgent' calling 'return_classified_sentences'; CURRENT SPEAKER: mistral-medium_mas_rag, DIALOGUE TURN NUM = 28.
[2025-10-08 21:03:08,357] [INFO] EXIT: 'UtteranceClassificationAgent' calling 'return_classified_sentences' (2.384185791015625e-06 secs).
[2025-10-08 21:03:08,377] [INFO] ENTER: 'GraphRAG' calling 'why'; CURRENT SPEAKER: mistral-medium_mas_rag, DIALOGUE TURN NUM = 28.
[2025-10-08 21:03:08,377] [INFO] ENTER: 'GraphRAG' calling 'query_graph'; CURRENT SPEAKER: mistral-medium_mas_rag, DIALOGUE TURN NUM = 28.
[2025-10-08 21:03:09,074] [INFO] EXIT: 'GraphRAG' calling 'query_graph' (0.6969211101531982 secs).
[2025-10-08 21:03:09,074] [INFO] EXIT: 'GraphRAG' calling 'why' (0.6973168849945068 secs).
[2025-10-08 21:03:09,075] [INFO] ENTER: 'GraphRAG' calling 'claim_negation'; CURRENT SPEAKER: mistral-medium_mas_rag, DIALOGUE TURN NUM = 28.
[2025-10-08 21:03:09,075] [INFO] ENTER: 'GraphRAG' calling 'query_graph'; CURRENT SPEAKER: mistral-medium_mas_rag, DIALOGUE TURN NUM = 28.
[2025-10-08 21:03:09,737] [INFO] EXIT: 'GraphRAG' calling 'query_graph' (0.6625087261199951 secs).
[2025-10-08 21:03:09,738] [INFO] EXIT: 'GraphRAG' calling 'claim_negation' (0.6629431247711182 secs).
[2025-10-08 21:03:09,738] [INFO] ENTER: 'GraphRAG' calling 'concede'; CURRENT SPEAKER: mistral-medium_mas_rag, DIALOGUE TURN NUM = 28.
[2025-10-08 21:03:09,738] [INFO] ENTER: 'GraphRAG' calling 'query_graph'; CURRENT SPEAKER: mistral-medium_mas_rag, DIALOGUE TURN NUM = 28.
[2025-10-08 21:03:10,435] [INFO] EXIT: 'GraphRAG' calling 'query_graph' (0.6974079608917236 secs).
[2025-10-08 21:03:10,435] [INFO] EXIT: 'GraphRAG' calling 'concede' (0.6978075504302979 secs).
[2025-10-08 21:03:10,435] [INFO] ENTER: 'GraphRAG' calling 'question'; CURRENT SPEAKER: mistral-medium_mas_rag, DIALOGUE TURN NUM = 28.
[2025-10-08 21:03:10,436] [INFO] ENTER: 'GraphRAG' calling 'query_graph'; CURRENT SPEAKER: mistral-medium_mas_rag, DIALOGUE TURN NUM = 28.
[2025-10-08 21:03:10,562] [INFO] EXIT: 'GraphRAG' calling 'query_graph' (0.12585091590881348 secs).
[2025-10-08 21:03:10,562] [INFO] EXIT: 'GraphRAG' calling 'question' (0.1262345314025879 secs).
[2025-10-08 21:03:10,578] [INFO] ENTER: 'GraphRAG' calling 'why'; CURRENT SPEAKER: mistral-medium_mas_rag, DIALOGUE TURN NUM = 28.
[2025-10-08 21:03:10,578] [INFO] ENTER: 'GraphRAG' calling 'query_graph'; CURRENT SPEAKER: mistral-medium_mas_rag, DIALOGUE TURN NUM = 28.
[2025-10-08 21:03:11,265] [INFO] EXIT: 'GraphRAG' calling 'query_graph' (0.6866307258605957 secs).
[2025-10-08 21:03:11,265] [INFO] EXIT: 'GraphRAG' calling 'why' (0.6870148181915283 secs).
[2025-10-08 21:03:11,265] [INFO] ENTER: 'GraphRAG' calling 'claim_negation'; CURRENT SPEAKER: mistral-medium_mas_rag, DIALOGUE TURN NUM = 28.
[2025-10-08 21:03:11,266] [INFO] ENTER: 'GraphRAG' calling 'query_graph'; CURRENT SPEAKER: mistral-medium_mas_rag, DIALOGUE TURN NUM = 28.
[2025-10-08 21:03:11,926] [INFO] EXIT: 'GraphRAG' calling 'query_graph' (0.6607999801635742 secs).
[2025-10-08 21:03:11,926] [INFO] EXIT: 'GraphRAG' calling 'claim_negation' (0.661175012588501 secs).
[2025-10-08 21:03:11,926] [INFO] ENTER: 'GraphRAG' calling 'concede'; CURRENT SPEAKER: mistral-medium_mas_rag, DIALOGUE TURN NUM = 28.
[2025-10-08 21:03:11,927] [INFO] ENTER: 'GraphRAG' calling 'query_graph'; CURRENT SPEAKER: mistral-medium_mas_rag, DIALOGUE TURN NUM = 28.
[2025-10-08 21:03:12,618] [INFO] EXIT: 'GraphRAG' calling 'query_graph' (0.6911754608154297 secs).
[2025-10-08 21:03:12,618] [INFO] EXIT: 'GraphRAG' calling 'concede' (0.6915535926818848 secs).
[2025-10-08 21:03:12,618] [INFO] ENTER: 'GraphRAG' calling 'question'; CURRENT SPEAKER: mistral-medium_mas_rag, DIALOGUE TURN NUM = 28.
[2025-10-08 21:03:12,618] [INFO] ENTER: 'GraphRAG' calling 'query_graph'; CURRENT SPEAKER: mistral-medium_mas_rag, DIALOGUE TURN NUM = 28.
[2025-10-08 21:03:12,741] [INFO] EXIT: 'GraphRAG' calling 'query_graph' (0.12213516235351562 secs).
[2025-10-08 21:03:12,741] [INFO] EXIT: 'GraphRAG' calling 'question' (0.12252569198608398 secs).
[2025-10-08 21:03:12,757] [INFO] ENTER: 'GraphRAG' calling 'why'; CURRENT SPEAKER: mistral-medium_mas_rag, DIALOGUE TURN NUM = 28.
[2025-10-08 21:03:12,757] [INFO] ENTER: 'GraphRAG' calling 'query_graph'; CURRENT SPEAKER: mistral-medium_mas_rag, DIALOGUE TURN NUM = 28.
[2025-10-08 21:03:13,452] [INFO] EXIT: 'GraphRAG' calling 'query_graph' (0.6951007843017578 secs).
[2025-10-08 21:03:13,452] [INFO] EXIT: 'GraphRAG' calling 'why' (0.6954755783081055 secs).
[2025-10-08 21:03:13,452] [INFO] ENTER: 'GraphRAG' calling 'claim_negation'; CURRENT SPEAKER: mistral-medium_mas_rag, DIALOGUE TURN NUM = 28.
[2025-10-08 21:03:13,453] [INFO] ENTER: 'GraphRAG' calling 'query_graph'; CURRENT SPEAKER: mistral-medium_mas_rag, DIALOGUE TURN NUM = 28.
[2025-10-08 21:03:14,124] [INFO] EXIT: 'GraphRAG' calling 'query_graph' (0.6715400218963623 secs).
[2025-10-08 21:03:14,124] [INFO] EXIT: 'GraphRAG' calling 'claim_negation' (0.672020673751831 secs).
[2025-10-08 21:03:14,125] [INFO] ENTER: 'GraphRAG' calling 'concede'; CURRENT SPEAKER: mistral-medium_mas_rag, DIALOGUE TURN NUM = 28.
[2025-10-08 21:03:14,125] [INFO] ENTER: 'GraphRAG' calling 'query_graph'; CURRENT SPEAKER: mistral-medium_mas_rag, DIALOGUE TURN NUM = 28.
[2025-10-08 21:03:14,818] [INFO] EXIT: 'GraphRAG' calling 'query_graph' (0.6926274299621582 secs).
[2025-10-08 21:03:14,818] [INFO] EXIT: 'GraphRAG' calling 'concede' (0.6930296421051025 secs).
[2025-10-08 21:03:14,818] [INFO] ENTER: 'GraphRAG' calling 'question'; CURRENT SPEAKER: mistral-medium_mas_rag, DIALOGUE TURN NUM = 28.
[2025-10-08 21:03:14,818] [INFO] ENTER: 'GraphRAG' calling 'query_graph'; CURRENT SPEAKER: mistral-medium_mas_rag, DIALOGUE TURN NUM = 28.
[2025-10-08 21:03:14,941] [INFO] EXIT: 'GraphRAG' calling 'query_graph' (0.12266826629638672 secs).
[2025-10-08 21:03:14,941] [INFO] EXIT: 'GraphRAG' calling 'question' (0.12307572364807129 secs).
[2025-10-08 21:03:14,957] [INFO] ENTER: 'GraphRAG' calling 'why'; CURRENT SPEAKER: mistral-medium_mas_rag, DIALOGUE TURN NUM = 28.
[2025-10-08 21:03:14,957] [INFO] ENTER: 'GraphRAG' calling 'query_graph'; CURRENT SPEAKER: mistral-medium_mas_rag, DIALOGUE TURN NUM = 28.
[2025-10-08 21:03:15,693] [INFO] EXIT: 'GraphRAG' calling 'query_graph' (0.7364261150360107 secs).
[2025-10-08 21:03:15,694] [INFO] EXIT: 'GraphRAG' calling 'why' (0.7368478775024414 secs).
[2025-10-08 21:03:15,694] [INFO] ENTER: 'GraphRAG' calling 'concede'; CURRENT SPEAKER: mistral-medium_mas_rag, DIALOGUE TURN NUM = 28.
[2025-10-08 21:03:15,694] [INFO] ENTER: 'GraphRAG' calling 'query_graph'; CURRENT SPEAKER: mistral-medium_mas_rag, DIALOGUE TURN NUM = 28.
[2025-10-08 21:03:16,390] [INFO] EXIT: 'GraphRAG' calling 'query_graph' (0.6962032318115234 secs).
[2025-10-08 21:03:16,390] [INFO] EXIT: 'GraphRAG' calling 'concede' (0.6966190338134766 secs).
[2025-10-08 21:03:16,390] [INFO] ENTER: 'GraphRAG' calling 'question'; CURRENT SPEAKER: mistral-medium_mas_rag, DIALOGUE TURN NUM = 28.
[2025-10-08 21:03:16,391] [INFO] ENTER: 'GraphRAG' calling 'query_graph'; CURRENT SPEAKER: mistral-medium_mas_rag, DIALOGUE TURN NUM = 28.
[2025-10-08 21:03:17,059] [INFO] EXIT: 'GraphRAG' calling 'query_graph' (0.6679694652557373 secs).
[2025-10-08 21:03:17,059] [INFO] EXIT: 'GraphRAG' calling 'question' (0.6683876514434814 secs).
[2025-10-08 21:03:17,075] [INFO] ENTER: 'GraphRAG' calling 'why'; CURRENT SPEAKER: mistral-medium_mas_rag, DIALOGUE TURN NUM = 28.
[2025-10-08 21:03:17,075] [INFO] ENTER: 'GraphRAG' calling 'query_graph'; CURRENT SPEAKER: mistral-medium_mas_rag, DIALOGUE TURN NUM = 28.
[2025-10-08 21:03:17,766] [INFO] EXIT: 'GraphRAG' calling 'query_graph' (0.6911401748657227 secs).
[2025-10-08 21:03:17,767] [INFO] EXIT: 'GraphRAG' calling 'why' (0.6915283203125 secs).
[2025-10-08 21:03:17,767] [INFO] ENTER: 'GraphRAG' calling 'claim_negation'; CURRENT SPEAKER: mistral-medium_mas_rag, DIALOGUE TURN NUM = 28.
[2025-10-08 21:03:17,767] [INFO] ENTER: 'GraphRAG' calling 'query_graph'; CURRENT SPEAKER: mistral-medium_mas_rag, DIALOGUE TURN NUM = 28.
[2025-10-08 21:03:18,433] [INFO] EXIT: 'GraphRAG' calling 'query_graph' (0.6657977104187012 secs).
[2025-10-08 21:03:18,433] [INFO] EXIT: 'GraphRAG' calling 'claim_negation' (0.6662850379943848 secs).
[2025-10-08 21:03:18,433] [INFO] ENTER: 'GraphRAG' calling 'concede'; CURRENT SPEAKER: mistral-medium_mas_rag, DIALOGUE TURN NUM = 28.
[2025-10-08 21:03:18,433] [INFO] ENTER: 'GraphRAG' calling 'query_graph'; CURRENT SPEAKER: mistral-medium_mas_rag, DIALOGUE TURN NUM = 28.
[2025-10-08 21:03:19,112] [INFO] EXIT: 'GraphRAG' calling 'query_graph' (0.6790482997894287 secs).
[2025-10-08 21:03:19,112] [INFO] EXIT: 'GraphRAG' calling 'concede' (0.6794874668121338 secs).
[2025-10-08 21:03:19,112] [INFO] ENTER: 'GraphRAG' calling 'question'; CURRENT SPEAKER: mistral-medium_mas_rag, DIALOGUE TURN NUM = 28.
[2025-10-08 21:03:19,113] [INFO] ENTER: 'GraphRAG' calling 'query_graph'; CURRENT SPEAKER: mistral-medium_mas_rag, DIALOGUE TURN NUM = 28.
[2025-10-08 21:03:19,236] [INFO] EXIT: 'GraphRAG' calling 'query_graph' (0.12350749969482422 secs).
[2025-10-08 21:03:19,236] [INFO] EXIT: 'GraphRAG' calling 'question' (0.12391519546508789 secs).
[2025-10-08 21:03:19,236] [INFO] ENTER: 'GraphRAG' calling 'return_rag_examples'; CURRENT SPEAKER: mistral-medium_mas_rag, DIALOGUE TURN NUM = 28.
[2025-10-08 21:03:19,236] [INFO] EXIT: 'GraphRAG' calling 'return_rag_examples' (1.9073486328125e-06 secs).
[2025-10-08 21:03:19,239] [INFO] ENTER: 'DialogueMoveGenerator' calling 'generate'; CURRENT SPEAKER: mistral-medium_mas_rag, DIALOGUE TURN NUM = 28.
[2025-10-08 21:03:19,239] [INFO] ENTER: 'MASPromptGenerator' calling 'claim_negation'; CURRENT SPEAKER: mistral-medium_mas_rag, DIALOGUE TURN NUM = 28.
[2025-10-08 21:03:19,239] [INFO] EXIT: 'MASPromptGenerator' calling 'claim_negation' (7.534027099609375e-05 secs).
[2025-10-08 21:03:19,240] [INFO] ENTER: 'DialogueMoveGenerator' calling 'generate'; CURRENT SPEAKER: mistral-medium_mas_rag, DIALOGUE TURN NUM = 28.
[2025-10-08 21:03:19,240] [INFO] ENTER: 'MASPromptGenerator' calling 'concede_claim'; CURRENT SPEAKER: mistral-medium_mas_rag, DIALOGUE TURN NUM = 28.
[2025-10-08 21:03:19,240] [INFO] EXIT: 'MASPromptGenerator' calling 'concede_claim' (0.00010991096496582031 secs).
[2025-10-08 21:03:19,241] [INFO] ENTER: 'DialogueMoveGenerator' calling 'generate'; CURRENT SPEAKER: mistral-medium_mas_rag, DIALOGUE TURN NUM = 28.
[2025-10-08 21:03:19,242] [INFO] ENTER: 'MASPromptGenerator' calling 'question_claim'; CURRENT SPEAKER: mistral-medium_mas_rag, DIALOGUE TURN NUM = 28.
[2025-10-08 21:03:19,242] [INFO] EXIT: 'MASPromptGenerator' calling 'question_claim' (6.794929504394531e-05 secs).
[2025-10-08 21:03:19,243] [INFO] ENTER: 'DialogueMoveGenerator' calling 'generate'; CURRENT SPEAKER: mistral-medium_mas_rag, DIALOGUE TURN NUM = 28.
[2025-10-08 21:03:19,243] [INFO] ENTER: 'MASPromptGenerator' calling 'why_claim'; CURRENT SPEAKER: mistral-medium_mas_rag, DIALOGUE TURN NUM = 28.
[2025-10-08 21:03:19,243] [INFO] EXIT: 'MASPromptGenerator' calling 'why_claim' (6.771087646484375e-05 secs).
[2025-10-08 21:03:21,492] [INFO] Completion returned and validated from MODEL = 'mistral-medium'.
[2025-10-08 21:03:21,617] [INFO] Completion returned and validated from MODEL = 'mistral-medium'.
[2025-10-08 21:03:36,518] [INFO] Completion returned and validated from MODEL = 'mistral-medium'.
[2025-10-08 21:03:36,717] [INFO] Completion returned and validated from MODEL = 'mistral-medium'.
[2025-10-08 21:03:41,692] [INFO] Completion returned and validated from MODEL = 'mistral-medium'.
[2025-10-08 21:03:52,895] [INFO] Completion returned and validated from MODEL = 'mistral-medium'.
[2025-10-08 21:03:58,447] [INFO] Completion returned and validated from MODEL = 'mistral-medium'.
[2025-10-08 21:03:58,722] [INFO] Completion returned and validated from MODEL = 'mistral-medium'.
[2025-10-08 21:03:58,746] [INFO] Completion returned and validated from MODEL = 'mistral-medium'.
[2025-10-08 21:03:59,004] [INFO] Completion returned and validated from MODEL = 'mistral-medium'.
[2025-10-08 21:04:01,535] [INFO] Completion returned and validated from MODEL = 'mistral-medium'.
[2025-10-08 21:04:02,149] [INFO] Completion returned and validated from MODEL = 'mistral-medium'.
[2025-10-08 21:04:04,640] [INFO] Completion returned and validated from MODEL = 'mistral-medium'.
[2025-10-08 21:04:04,640] [INFO] EXIT: 'DialogueMoveGenerator' calling 'generate' (45.398357629776 secs).
[2025-10-08 21:04:08,798] [INFO] Completion returned and validated from MODEL = 'mistral-medium'.
[2025-10-08 21:04:08,808] [INFO] Completion returned and validated from MODEL = 'mistral-medium'.
[2025-10-08 21:04:08,880] [INFO] Completion returned and validated from MODEL = 'mistral-medium'.
[2025-10-08 21:04:08,880] [INFO] EXIT: 'DialogueMoveGenerator' calling 'generate' (49.64123344421387 secs).
[2025-10-08 21:04:11,075] [INFO] Completion returned and validated from MODEL = 'mistral-medium'.
[2025-10-08 21:04:11,075] [INFO] EXIT: 'DialogueMoveGenerator' calling 'generate' (51.8321316242218 secs).
[2025-10-08 21:04:12,599] [INFO] Completion returned and validated from MODEL = 'mistral-medium'.
[2025-10-08 21:04:14,248] [INFO] Completion returned and validated from MODEL = 'mistral-medium'.
[2025-10-08 21:04:14,248] [INFO] EXIT: 'DialogueMoveGenerator' calling 'generate' (55.00831365585327 secs).
[2025-10-08 21:04:14,250] [INFO] ENTER: 'MASPromptGenerator' calling 'persuasiveness_choice'; CURRENT SPEAKER: mistral-medium_mas_rag, DIALOGUE TURN NUM = 28.
[2025-10-08 21:04:14,251] [INFO] EXIT: 'MASPromptGenerator' calling 'persuasiveness_choice' (0.0002315044403076172 secs).
[2025-10-08 21:04:18,517] [INFO] Completion returned and validated within 'PersuasivenessChoiceAgent'; MODEL = 'mistral-medium'; DIALOGUE TURN NUM = 28.
[2025-10-08 21:06:23,365] [INFO] Completion returned and validated within 'PersuasivenessChoiceAgent'; MODEL = 'mistral-medium'; DIALOGUE TURN NUM = 28.
[2025-10-08 21:08:27,591] [INFO] Completion returned and validated within 'PersuasivenessChoiceAgent'; MODEL = 'mistral-medium'; DIALOGUE TURN NUM = 28.
[2025-10-08 21:08:30,258] [INFO] Completion returned and validated within 'PersuasivenessChoiceAgent'; MODEL = 'mistral-medium'; DIALOGUE TURN NUM = 28.
[2025-10-08 21:08:34,044] [INFO] Completion returned and validated within 'PersuasivenessChoiceAgent'; MODEL = 'mistral-medium'; DIALOGUE TURN NUM = 28.
[2025-10-08 21:08:34,045] [INFO] ENTER: 'DisambiguationAgent' calling '_grouping_similar_utterance_types'; CURRENT SPEAKER: mistral-medium_mas_rag, DIALOGUE TURN NUM = 28.
[2025-10-08 21:08:34,045] [INFO] EXIT: 'DisambiguationAgent' calling '_grouping_similar_utterance_types' (1.1444091796875e-05 secs).
[2025-10-08 21:08:34,045] [INFO] ENTER: 'DisambiguationAgent' calling '_identifying_similar_sentences_and_choosing_one_to_return_to_user'; CURRENT SPEAKER: mistral-medium_mas_rag, DIALOGUE TURN NUM = 28.
[2025-10-08 21:08:40,072] [INFO] 'DisambiguationAgent' grouped similar sentences, completion returned and validated; MODEL = 'mistral-medium'.
[2025-10-08 21:08:41,093] [INFO] 'DisambiguationAgent' chose sentences to remove, completion returned and validated from MODEL = 'mistral-medium'.
[2025-10-08 21:08:41,093] [INFO] EXIT: 'DisambiguationAgent' calling '_identifying_similar_sentences_and_choosing_one_to_return_to_user' (7.047742128372192 secs).
[2025-10-08 21:08:41,093] [INFO] ENTER: 'DisambiguationAgent' calling '_identifying_similar_sentences_and_choosing_one_to_return_to_user'; CURRENT SPEAKER: mistral-medium_mas_rag, DIALOGUE TURN NUM = 28.
[2025-10-08 21:08:45,955] [INFO] 'DisambiguationAgent' grouped similar sentences, completion returned and validated; MODEL = 'mistral-medium'.
[2025-10-08 21:08:47,863] [INFO] 'DisambiguationAgent' chose sentences to remove, completion returned and validated from MODEL = 'mistral-medium'.
[2025-10-08 21:08:48,702] [INFO] 'DisambiguationAgent' chose sentences to remove, completion returned and validated from MODEL = 'mistral-medium'.
[2025-10-08 21:08:48,703] [INFO] EXIT: 'DisambiguationAgent' calling '_identifying_similar_sentences_and_choosing_one_to_return_to_user' (7.609804153442383 secs).
[2025-10-08 21:08:48,703] [INFO] ENTER: 'DisambiguationAgent' calling '_removing_repetitive_sentences'; CURRENT SPEAKER: mistral-medium_mas_rag, DIALOGUE TURN NUM = 28.
[2025-10-08 21:08:48,703] [INFO] EXIT: 'DisambiguationAgent' calling '_removing_repetitive_sentences' (2.2411346435546875e-05 secs).
[2025-10-08 21:08:48,703] [INFO] ENTER: 'DisambiguationAgent' calling '_choose_the_most_persuasive_sentences'; CURRENT SPEAKER: mistral-medium_mas_rag, DIALOGUE TURN NUM = 28.
[2025-10-08 21:08:52,485] [INFO] 'DisambiguationAgent': reached maximum allowed sentences, succussfully chose most persuasive sentences, completion returned and validated from MODEL = 'mistral-medium'.
[2025-10-08 21:08:52,485] [INFO] EXIT: 'DisambiguationAgent' calling '_choose_the_most_persuasive_sentences' (3.782304048538208 secs).
[2025-10-08 21:08:52,485] [INFO] ENTER: 'DisambiguationAgent' calling 'return_disambiguated_sentences'; CURRENT SPEAKER: mistral-medium_mas_rag, DIALOGUE TURN NUM = 28.
[2025-10-08 21:08:52,485] [INFO] EXIT: 'DisambiguationAgent' calling 'return_disambiguated_sentences' (2.384185791015625e-06 secs).
[2025-10-08 21:08:52,486] [ERROR] Wrong state used; State of type HumanState; error message: dict has unexpected extra key(s): "graph_rag_examples", "intermediate_generations", "knowledge_base_ensemble_or_model_name", "model_seed", "model_temp", "model_top_p", "number_of_graph_rag_examples", "number_of_vector_based_rag_examples", "political_position_prob_of_na", "political_position_range", "political_position_std", "speaker_model_name", "speaker_type", "vector_based_persona_string", "vector_based_persona_sys_prompt"
[2025-10-08 21:08:52,486] [INFO] Correct state used; State of type GenerationAgentsState; 'IGNORE THE ABOVE ERRORS'.
[2025-10-08 21:08:53,838] [INFO] 'commitment_update' completed '___Claim___' update for current speaker's commitments; MODEL = 'mistral-medium'.
[2025-10-08 21:08:54,311] [INFO] 'commitment_update' completed '___Claim___' update for current speaker's commitments; MODEL = 'mistral-medium'.
[2025-10-08 21:08:54,434] [ERROR] Wrong state used; State of type HumanState; error message: dict has unexpected extra key(s): "graph_rag_examples", "intermediate_generations", "knowledge_base_ensemble_or_model_name", "model_seed", "model_temp", "model_top_p", "number_of_graph_rag_examples", "number_of_vector_based_rag_examples", "political_position_prob_of_na", "political_position_range", "political_position_std", "speaker_model_name", "speaker_type", "vector_based_persona_string", "vector_based_persona_sys_prompt"
[2025-10-08 21:08:54,434] [INFO] Correct state used; State of type GenerationAgentsState; 'IGNORE THE ABOVE ERRORS'.
[2025-10-08 21:08:54,434] [INFO] ENTER: 'UtteranceClassificationAgent' calling '_classify_sentence_utterance_types'; CURRENT SPEAKER: grok-3_mas, DIALOGUE TURN NUM = 29.
[2025-10-08 21:08:55,095] [INFO] 'UtteranceClassificationAgent' completion returned and validated from MODEL = 'ModelName.GROK_3'.
[2025-10-08 21:08:55,730] [INFO] 'UtteranceClassificationAgent' completion returned and validated from MODEL = 'ModelName.GROK_3'.
[2025-10-08 21:08:56,343] [INFO] 'UtteranceClassificationAgent' completion returned and validated from MODEL = 'ModelName.GROK_3'.
[2025-10-08 21:08:56,957] [INFO] 'UtteranceClassificationAgent' completion returned and validated from MODEL = 'ModelName.GROK_3'.
[2025-10-08 21:08:57,608] [INFO] 'UtteranceClassificationAgent' completion returned and validated from MODEL = 'ModelName.GROK_3'.
[2025-10-08 21:08:57,608] [INFO] EXIT: 'UtteranceClassificationAgent' calling '_classify_sentence_utterance_types' (3.1737470626831055 secs).
[2025-10-08 21:08:57,608] [INFO] ENTER: 'UtteranceClassificationAgent' calling 'return_classified_sentences'; CURRENT SPEAKER: grok-3_mas, DIALOGUE TURN NUM = 29.
[2025-10-08 21:08:57,608] [INFO] EXIT: 'UtteranceClassificationAgent' calling 'return_classified_sentences' (2.6226043701171875e-06 secs).
[2025-10-08 21:08:57,610] [INFO] ENTER: 'DialogueMoveGenerator' calling 'generate'; CURRENT SPEAKER: grok-3_mas, DIALOGUE TURN NUM = 29.
[2025-10-08 21:08:57,610] [INFO] ENTER: 'MASPromptGenerator' calling 'claim'; CURRENT SPEAKER: grok-3_mas, DIALOGUE TURN NUM = 29.
[2025-10-08 21:08:57,610] [INFO] EXIT: 'MASPromptGenerator' calling 'claim' (5.507469177246094e-05 secs).
[2025-10-08 21:08:57,611] [INFO] ENTER: 'DialogueMoveGenerator' calling 'generate'; CURRENT SPEAKER: grok-3_mas, DIALOGUE TURN NUM = 29.
[2025-10-08 21:08:57,611] [INFO] ENTER: 'MASPromptGenerator' calling 'claim_negation'; CURRENT SPEAKER: grok-3_mas, DIALOGUE TURN NUM = 29.
[2025-10-08 21:08:57,611] [INFO] EXIT: 'MASPromptGenerator' calling 'claim_negation' (5.984306335449219e-05 secs).
[2025-10-08 21:08:57,612] [INFO] ENTER: 'DialogueMoveGenerator' calling 'generate'; CURRENT SPEAKER: grok-3_mas, DIALOGUE TURN NUM = 29.
[2025-10-08 21:08:57,612] [INFO] ENTER: 'MASPromptGenerator' calling 'concede_claim'; CURRENT SPEAKER: grok-3_mas, DIALOGUE TURN NUM = 29.
[2025-10-08 21:08:57,612] [INFO] EXIT: 'MASPromptGenerator' calling 'concede_claim' (5.626678466796875e-05 secs).
[2025-10-08 21:08:57,612] [INFO] ENTER: 'DialogueMoveGenerator' calling 'generate'; CURRENT SPEAKER: grok-3_mas, DIALOGUE TURN NUM = 29.
[2025-10-08 21:08:57,612] [INFO] ENTER: 'MASPromptGenerator' calling 'question_claim'; CURRENT SPEAKER: grok-3_mas, DIALOGUE TURN NUM = 29.
[2025-10-08 21:08:57,613] [INFO] EXIT: 'MASPromptGenerator' calling 'question_claim' (4.458427429199219e-05 secs).
[2025-10-08 21:08:57,613] [INFO] ENTER: 'DialogueMoveGenerator' calling 'generate'; CURRENT SPEAKER: grok-3_mas, DIALOGUE TURN NUM = 29.
[2025-10-08 21:08:57,614] [INFO] ENTER: 'MASPromptGenerator' calling 'retract_claim'; CURRENT SPEAKER: grok-3_mas, DIALOGUE TURN NUM = 29.
[2025-10-08 21:08:57,614] [INFO] EXIT: 'MASPromptGenerator' calling 'retract_claim' (5.602836608886719e-05 secs).
[2025-10-08 21:08:57,614] [INFO] ENTER: 'DialogueMoveGenerator' calling 'generate'; CURRENT SPEAKER: grok-3_mas, DIALOGUE TURN NUM = 29.
[2025-10-08 21:08:57,614] [INFO] ENTER: 'MASPromptGenerator' calling 'since_claim'; CURRENT SPEAKER: grok-3_mas, DIALOGUE TURN NUM = 29.
[2025-10-08 21:08:57,614] [INFO] EXIT: 'MASPromptGenerator' calling 'since_claim' (4.482269287109375e-05 secs).
[2025-10-08 21:08:57,615] [INFO] ENTER: 'DialogueMoveGenerator' calling 'generate'; CURRENT SPEAKER: grok-3_mas, DIALOGUE TURN NUM = 29.
[2025-10-08 21:08:57,615] [INFO] ENTER: 'MASPromptGenerator' calling 'why_claim'; CURRENT SPEAKER: grok-3_mas, DIALOGUE TURN NUM = 29.
[2025-10-08 21:08:57,615] [INFO] EXIT: 'MASPromptGenerator' calling 'why_claim' (4.673004150390625e-05 secs).
[2025-10-08 21:09:00,573] [INFO] Completion returned and validated from MODEL = 'grok-3'.
[2025-10-08 21:09:00,573] [INFO] EXIT: 'DialogueMoveGenerator' calling 'generate' (2.958636522293091 secs).
[2025-10-08 21:09:01,221] [INFO] Completion returned and validated from MODEL = 'grok-3'.
[2025-10-08 21:09:02,210] [INFO] Completion returned and validated from MODEL = 'grok-3'.
[2025-10-08 21:09:02,286] [INFO] Completion returned and validated from MODEL = 'grok-3'.
[2025-10-08 21:09:02,361] [INFO] Completion returned and validated from MODEL = 'grok-3'.
[2025-10-08 21:09:02,574] [INFO] Completion returned and validated from MODEL = 'grok-3'.
[2025-10-08 21:09:03,052] [INFO] Completion returned and validated from MODEL = 'grok-3'.
[2025-10-08 21:09:04,783] [INFO] Completion returned and validated from MODEL = 'grok-3'.
[2025-10-08 21:09:04,783] [INFO] EXIT: 'DialogueMoveGenerator' calling 'generate' (7.17103910446167 secs).
[2025-10-08 21:09:05,392] [INFO] Completion returned and validated from MODEL = 'grok-3'.
[2025-10-08 21:09:05,392] [INFO] EXIT: 'DialogueMoveGenerator' calling 'generate' (7.7796947956085205 secs).
[2025-10-08 21:09:06,027] [INFO] Completion returned and validated from MODEL = 'grok-3'.
[2025-10-08 21:09:06,062] [INFO] Completion returned and validated from MODEL = 'grok-3'.
[2025-10-08 21:09:06,399] [INFO] Completion returned and validated from MODEL = 'grok-3'.
[2025-10-08 21:09:06,850] [INFO] Completion returned and validated from MODEL = 'grok-3'.
[2025-10-08 21:09:06,850] [INFO] EXIT: 'DialogueMoveGenerator' calling 'generate' (9.235163688659668 secs).
[2025-10-08 21:09:09,020] [INFO] Completion returned and validated from MODEL = 'grok-3'.
[2025-10-08 21:09:09,020] [INFO] EXIT: 'DialogueMoveGenerator' calling 'generate' (11.406169414520264 secs).
[2025-10-08 21:09:09,479] [INFO] Completion returned and validated from MODEL = 'grok-3'.
[2025-10-08 21:09:10,837] [INFO] Completion returned and validated from MODEL = 'grok-3'.
[2025-10-08 21:09:10,837] [INFO] EXIT: 'DialogueMoveGenerator' calling 'generate' (13.22710108757019 secs).
[2025-10-08 21:09:12,695] [INFO] Completion returned and validated from MODEL = 'grok-3'.
[2025-10-08 21:09:12,695] [INFO] EXIT: 'DialogueMoveGenerator' calling 'generate' (15.084456205368042 secs).
[2025-10-08 21:09:12,697] [INFO] ENTER: 'MASPromptGenerator' calling 'persuasiveness_choice'; CURRENT SPEAKER: grok-3_mas, DIALOGUE TURN NUM = 29.
[2025-10-08 21:09:12,697] [INFO] EXIT: 'MASPromptGenerator' calling 'persuasiveness_choice' (0.00026226043701171875 secs).
[2025-10-08 21:09:15,520] [INFO] Completion returned and validated within 'PersuasivenessChoiceAgent'; MODEL = 'grok-3'; DIALOGUE TURN NUM = 29.
[2025-10-08 21:09:17,487] [INFO] Completion returned and validated within 'PersuasivenessChoiceAgent'; MODEL = 'grok-3'; DIALOGUE TURN NUM = 29.
[2025-10-08 21:09:19,581] [INFO] Completion returned and validated within 'PersuasivenessChoiceAgent'; MODEL = 'grok-3'; DIALOGUE TURN NUM = 29.
[2025-10-08 21:09:22,314] [INFO] Completion returned and validated within 'PersuasivenessChoiceAgent'; MODEL = 'grok-3'; DIALOGUE TURN NUM = 29.
[2025-10-08 21:09:24,252] [INFO] Completion returned and validated within 'PersuasivenessChoiceAgent'; MODEL = 'grok-3'; DIALOGUE TURN NUM = 29.
[2025-10-08 21:09:24,253] [INFO] ENTER: 'DisambiguationAgent' calling '_grouping_similar_utterance_types'; CURRENT SPEAKER: grok-3_mas, DIALOGUE TURN NUM = 29.
[2025-10-08 21:09:24,253] [INFO] EXIT: 'DisambiguationAgent' calling '_grouping_similar_utterance_types' (1.0013580322265625e-05 secs).
[2025-10-08 21:09:24,253] [INFO] ENTER: 'DisambiguationAgent' calling '_identifying_similar_sentences_and_choosing_one_to_return_to_user'; CURRENT SPEAKER: grok-3_mas, DIALOGUE TURN NUM = 29.
[2025-10-08 21:09:33,026] [INFO] 'DisambiguationAgent' grouped similar sentences, completion returned and validated; MODEL = 'grok-3'.
[2025-10-08 21:09:34,014] [INFO] 'DisambiguationAgent' chose sentences to remove, completion returned and validated from MODEL = 'grok-3'.
[2025-10-08 21:09:35,040] [INFO] 'DisambiguationAgent' chose sentences to remove, completion returned and validated from MODEL = 'grok-3'.
[2025-10-08 21:09:36,083] [INFO] 'DisambiguationAgent' chose sentences to remove, completion returned and validated from MODEL = 'grok-3'.
[2025-10-08 21:09:37,248] [INFO] 'DisambiguationAgent' chose sentences to remove, completion returned and validated from MODEL = 'grok-3'.
[2025-10-08 21:09:37,248] [INFO] EXIT: 'DisambiguationAgent' calling '_identifying_similar_sentences_and_choosing_one_to_return_to_user' (12.994809627532959 secs).
[2025-10-08 21:09:37,248] [INFO] ENTER: 'DisambiguationAgent' calling '_removing_repetitive_sentences'; CURRENT SPEAKER: grok-3_mas, DIALOGUE TURN NUM = 29.
[2025-10-08 21:09:37,248] [INFO] EXIT: 'DisambiguationAgent' calling '_removing_repetitive_sentences' (1.621246337890625e-05 secs).
[2025-10-08 21:09:37,248] [INFO] ENTER: 'DisambiguationAgent' calling 'return_disambiguated_sentences'; CURRENT SPEAKER: grok-3_mas, DIALOGUE TURN NUM = 29.
[2025-10-08 21:09:37,248] [INFO] EXIT: 'DisambiguationAgent' calling 'return_disambiguated_sentences' (2.1457672119140625e-06 secs).
[2025-10-08 21:09:37,249] [ERROR] Wrong state used; State of type HumanState; error message: dict has unexpected extra key(s): "graph_rag_examples", "intermediate_generations", "knowledge_base_ensemble_or_model_name", "model_seed", "model_temp", "model_top_p", "number_of_graph_rag_examples", "number_of_vector_based_rag_examples", "political_position_prob_of_na", "political_position_range", "political_position_std", "speaker_model_name", "speaker_type", "vector_based_persona_string", "vector_based_persona_sys_prompt"
[2025-10-08 21:09:37,249] [INFO] Correct state used; State of type GenerationAgentsState; 'IGNORE THE ABOVE ERRORS'.
[2025-10-08 21:09:37,864] [INFO] 'commitment_update' completed '___Claim___' update for current speaker's commitments; MODEL = 'grok-3'.
[2025-10-08 21:09:38,474] [INFO] 'commitment_update' completed '___Claim___' update for current speaker's commitments; MODEL = 'grok-3'.
[2025-10-08 21:09:39,129] [INFO] 'commitment_update' completed '___Claim___' update for current speaker's commitments; MODEL = 'grok-3'.
[2025-10-08 21:09:39,757] [INFO] 'commitment_update' completed '___Claim___' update for current speaker's commitments; MODEL = 'grok-3'.
[2025-10-08 21:09:39,842] [ERROR] Wrong state used; State of type HumanState; error message: dict has unexpected extra key(s): "graph_rag_examples", "intermediate_generations", "knowledge_base_ensemble_or_model_name", "model_seed", "model_temp", "model_top_p", "number_of_graph_rag_examples", "number_of_vector_based_rag_examples", "political_position_prob_of_na", "political_position_range", "political_position_std", "speaker_model_name", "speaker_type", "vector_based_persona_string", "vector_based_persona_sys_prompt"
[2025-10-08 21:09:39,842] [INFO] Correct state used; State of type GenerationAgentsState; 'IGNORE THE ABOVE ERRORS'.
[2025-10-08 21:09:39,842] [INFO] ENTER: 'UtteranceClassificationAgent' calling '_classify_sentence_utterance_types'; CURRENT SPEAKER: mistral-medium_mas_rag, DIALOGUE TURN NUM = 30.
[2025-10-08 21:09:40,713] [INFO] 'UtteranceClassificationAgent' completion returned and validated from MODEL = 'ModelName.MISTRAL_MEDIUM'.
[2025-10-08 21:09:41,241] [INFO] 'UtteranceClassificationAgent' completion returned and validated from MODEL = 'ModelName.MISTRAL_MEDIUM'.
[2025-10-08 21:09:41,693] [INFO] 'UtteranceClassificationAgent' completion returned and validated from MODEL = 'ModelName.MISTRAL_MEDIUM'.
[2025-10-08 21:09:42,114] [INFO] 'UtteranceClassificationAgent' completion returned and validated from MODEL = 'ModelName.MISTRAL_MEDIUM'.
[2025-10-08 21:09:42,114] [INFO] EXIT: 'UtteranceClassificationAgent' calling '_classify_sentence_utterance_types' (2.271437883377075 secs).
[2025-10-08 21:09:42,114] [INFO] ENTER: 'UtteranceClassificationAgent' calling 'return_classified_sentences'; CURRENT SPEAKER: mistral-medium_mas_rag, DIALOGUE TURN NUM = 30.
[2025-10-08 21:09:42,114] [INFO] EXIT: 'UtteranceClassificationAgent' calling 'return_classified_sentences' (2.384185791015625e-06 secs).
[2025-10-08 21:09:42,137] [INFO] ENTER: 'GraphRAG' calling 'why'; CURRENT SPEAKER: mistral-medium_mas_rag, DIALOGUE TURN NUM = 30.
[2025-10-08 21:09:42,137] [INFO] ENTER: 'GraphRAG' calling 'query_graph'; CURRENT SPEAKER: mistral-medium_mas_rag, DIALOGUE TURN NUM = 30.
[2025-10-08 21:09:42,820] [INFO] EXIT: 'GraphRAG' calling 'query_graph' (0.6826541423797607 secs).
[2025-10-08 21:09:42,820] [INFO] EXIT: 'GraphRAG' calling 'why' (0.6830344200134277 secs).
[2025-10-08 21:09:42,820] [INFO] ENTER: 'GraphRAG' calling 'claim_negation'; CURRENT SPEAKER: mistral-medium_mas_rag, DIALOGUE TURN NUM = 30.
[2025-10-08 21:09:42,821] [INFO] ENTER: 'GraphRAG' calling 'query_graph'; CURRENT SPEAKER: mistral-medium_mas_rag, DIALOGUE TURN NUM = 30.
[2025-10-08 21:09:43,489] [INFO] EXIT: 'GraphRAG' calling 'query_graph' (0.668604850769043 secs).
[2025-10-08 21:09:43,489] [INFO] EXIT: 'GraphRAG' calling 'claim_negation' (0.668982982635498 secs).
[2025-10-08 21:09:43,489] [INFO] ENTER: 'GraphRAG' calling 'concede'; CURRENT SPEAKER: mistral-medium_mas_rag, DIALOGUE TURN NUM = 30.
[2025-10-08 21:09:43,490] [INFO] ENTER: 'GraphRAG' calling 'query_graph'; CURRENT SPEAKER: mistral-medium_mas_rag, DIALOGUE TURN NUM = 30.
[2025-10-08 21:09:44,178] [INFO] EXIT: 'GraphRAG' calling 'query_graph' (0.6884348392486572 secs).
[2025-10-08 21:09:44,178] [INFO] EXIT: 'GraphRAG' calling 'concede' (0.6888127326965332 secs).
[2025-10-08 21:09:44,178] [INFO] ENTER: 'GraphRAG' calling 'question'; CURRENT SPEAKER: mistral-medium_mas_rag, DIALOGUE TURN NUM = 30.
[2025-10-08 21:09:44,178] [INFO] ENTER: 'GraphRAG' calling 'query_graph'; CURRENT SPEAKER: mistral-medium_mas_rag, DIALOGUE TURN NUM = 30.
[2025-10-08 21:09:44,302] [INFO] EXIT: 'GraphRAG' calling 'query_graph' (0.12400460243225098 secs).
[2025-10-08 21:09:44,303] [INFO] EXIT: 'GraphRAG' calling 'question' (0.12437915802001953 secs).
[2025-10-08 21:09:44,319] [INFO] ENTER: 'GraphRAG' calling 'why'; CURRENT SPEAKER: mistral-medium_mas_rag, DIALOGUE TURN NUM = 30.
[2025-10-08 21:09:44,319] [INFO] ENTER: 'GraphRAG' calling 'query_graph'; CURRENT SPEAKER: mistral-medium_mas_rag, DIALOGUE TURN NUM = 30.
[2025-10-08 21:09:45,013] [INFO] EXIT: 'GraphRAG' calling 'query_graph' (0.6939384937286377 secs).
[2025-10-08 21:09:45,013] [INFO] EXIT: 'GraphRAG' calling 'why' (0.6943490505218506 secs).
[2025-10-08 21:09:45,013] [INFO] ENTER: 'GraphRAG' calling 'claim_negation'; CURRENT SPEAKER: mistral-medium_mas_rag, DIALOGUE TURN NUM = 30.
[2025-10-08 21:09:45,013] [INFO] ENTER: 'GraphRAG' calling 'query_graph'; CURRENT SPEAKER: mistral-medium_mas_rag, DIALOGUE TURN NUM = 30.
[2025-10-08 21:09:45,676] [INFO] EXIT: 'GraphRAG' calling 'query_graph' (0.6629600524902344 secs).
[2025-10-08 21:09:45,677] [INFO] EXIT: 'GraphRAG' calling 'claim_negation' (0.6633474826812744 secs).
[2025-10-08 21:09:45,677] [INFO] ENTER: 'GraphRAG' calling 'concede'; CURRENT SPEAKER: mistral-medium_mas_rag, DIALOGUE TURN NUM = 30.
[2025-10-08 21:09:45,677] [INFO] ENTER: 'GraphRAG' calling 'query_graph'; CURRENT SPEAKER: mistral-medium_mas_rag, DIALOGUE TURN NUM = 30.
[2025-10-08 21:09:46,361] [INFO] EXIT: 'GraphRAG' calling 'query_graph' (0.6845643520355225 secs).
[2025-10-08 21:09:46,362] [INFO] EXIT: 'GraphRAG' calling 'concede' (0.6849441528320312 secs).
[2025-10-08 21:09:46,362] [INFO] ENTER: 'GraphRAG' calling 'question'; CURRENT SPEAKER: mistral-medium_mas_rag, DIALOGUE TURN NUM = 30.
[2025-10-08 21:09:46,362] [INFO] ENTER: 'GraphRAG' calling 'query_graph'; CURRENT SPEAKER: mistral-medium_mas_rag, DIALOGUE TURN NUM = 30.
[2025-10-08 21:09:46,486] [INFO] EXIT: 'GraphRAG' calling 'query_graph' (0.12379717826843262 secs).
[2025-10-08 21:09:46,486] [INFO] EXIT: 'GraphRAG' calling 'question' (0.12416434288024902 secs).
[2025-10-08 21:09:46,502] [INFO] ENTER: 'GraphRAG' calling 'why'; CURRENT SPEAKER: mistral-medium_mas_rag, DIALOGUE TURN NUM = 30.
[2025-10-08 21:09:46,502] [INFO] ENTER: 'GraphRAG' calling 'query_graph'; CURRENT SPEAKER: mistral-medium_mas_rag, DIALOGUE TURN NUM = 30.
[2025-10-08 21:09:47,245] [INFO] EXIT: 'GraphRAG' calling 'query_graph' (0.7429485321044922 secs).
[2025-10-08 21:09:47,245] [INFO] EXIT: 'GraphRAG' calling 'why' (0.7433302402496338 secs).
[2025-10-08 21:09:47,245] [INFO] ENTER: 'GraphRAG' calling 'concede'; CURRENT SPEAKER: mistral-medium_mas_rag, DIALOGUE TURN NUM = 30.
[2025-10-08 21:09:47,246] [INFO] ENTER: 'GraphRAG' calling 'query_graph'; CURRENT SPEAKER: mistral-medium_mas_rag, DIALOGUE TURN NUM = 30.
[2025-10-08 21:09:47,944] [INFO] EXIT: 'GraphRAG' calling 'query_graph' (0.6981396675109863 secs).
[2025-10-08 21:09:47,944] [INFO] EXIT: 'GraphRAG' calling 'concede' (0.698509931564331 secs).
[2025-10-08 21:09:47,944] [INFO] ENTER: 'GraphRAG' calling 'question'; CURRENT SPEAKER: mistral-medium_mas_rag, DIALOGUE TURN NUM = 30.
[2025-10-08 21:09:47,944] [INFO] ENTER: 'GraphRAG' calling 'query_graph'; CURRENT SPEAKER: mistral-medium_mas_rag, DIALOGUE TURN NUM = 30.
[2025-10-08 21:09:48,618] [INFO] EXIT: 'GraphRAG' calling 'query_graph' (0.673264741897583 secs).
[2025-10-08 21:09:48,618] [INFO] EXIT: 'GraphRAG' calling 'question' (0.6736388206481934 secs).
[2025-10-08 21:09:48,635] [INFO] ENTER: 'GraphRAG' calling 'why'; CURRENT SPEAKER: mistral-medium_mas_rag, DIALOGUE TURN NUM = 30.
[2025-10-08 21:09:48,635] [INFO] ENTER: 'GraphRAG' calling 'query_graph'; CURRENT SPEAKER: mistral-medium_mas_rag, DIALOGUE TURN NUM = 30.
[2025-10-08 21:09:49,317] [INFO] EXIT: 'GraphRAG' calling 'query_graph' (0.6822175979614258 secs).
[2025-10-08 21:09:49,317] [INFO] EXIT: 'GraphRAG' calling 'why' (0.6825933456420898 secs).
[2025-10-08 21:09:49,317] [INFO] ENTER: 'GraphRAG' calling 'claim_negation'; CURRENT SPEAKER: mistral-medium_mas_rag, DIALOGUE TURN NUM = 30.
[2025-10-08 21:09:49,318] [INFO] ENTER: 'GraphRAG' calling 'query_graph'; CURRENT SPEAKER: mistral-medium_mas_rag, DIALOGUE TURN NUM = 30.
[2025-10-08 21:09:49,972] [INFO] EXIT: 'GraphRAG' calling 'query_graph' (0.6540446281433105 secs).
[2025-10-08 21:09:49,972] [INFO] EXIT: 'GraphRAG' calling 'claim_negation' (0.6545116901397705 secs).
[2025-10-08 21:09:49,972] [INFO] ENTER: 'GraphRAG' calling 'concede'; CURRENT SPEAKER: mistral-medium_mas_rag, DIALOGUE TURN NUM = 30.
[2025-10-08 21:09:49,972] [INFO] ENTER: 'GraphRAG' calling 'query_graph'; CURRENT SPEAKER: mistral-medium_mas_rag, DIALOGUE TURN NUM = 30.
[2025-10-08 21:09:50,659] [INFO] EXIT: 'GraphRAG' calling 'query_graph' (0.6862151622772217 secs).
[2025-10-08 21:09:50,659] [INFO] EXIT: 'GraphRAG' calling 'concede' (0.6865787506103516 secs).
[2025-10-08 21:09:50,659] [INFO] ENTER: 'GraphRAG' calling 'question'; CURRENT SPEAKER: mistral-medium_mas_rag, DIALOGUE TURN NUM = 30.
[2025-10-08 21:09:50,659] [INFO] ENTER: 'GraphRAG' calling 'query_graph'; CURRENT SPEAKER: mistral-medium_mas_rag, DIALOGUE TURN NUM = 30.
[2025-10-08 21:09:50,783] [INFO] EXIT: 'GraphRAG' calling 'query_graph' (0.12404894828796387 secs).
[2025-10-08 21:09:50,783] [INFO] EXIT: 'GraphRAG' calling 'question' (0.12442612648010254 secs).
[2025-10-08 21:09:50,783] [INFO] ENTER: 'GraphRAG' calling 'return_rag_examples'; CURRENT SPEAKER: mistral-medium_mas_rag, DIALOGUE TURN NUM = 30.
[2025-10-08 21:09:50,783] [INFO] EXIT: 'GraphRAG' calling 'return_rag_examples' (2.384185791015625e-06 secs).
[2025-10-08 21:09:50,785] [INFO] ENTER: 'DialogueMoveGenerator' calling 'generate'; CURRENT SPEAKER: mistral-medium_mas_rag, DIALOGUE TURN NUM = 30.
[2025-10-08 21:09:50,786] [INFO] ENTER: 'MASPromptGenerator' calling 'claim_negation'; CURRENT SPEAKER: mistral-medium_mas_rag, DIALOGUE TURN NUM = 30.
[2025-10-08 21:09:50,786] [INFO] EXIT: 'MASPromptGenerator' calling 'claim_negation' (7.176399230957031e-05 secs).
[2025-10-08 21:09:50,786] [INFO] ENTER: 'DialogueMoveGenerator' calling 'generate'; CURRENT SPEAKER: mistral-medium_mas_rag, DIALOGUE TURN NUM = 30.
[2025-10-08 21:09:50,787] [INFO] ENTER: 'MASPromptGenerator' calling 'concede_claim'; CURRENT SPEAKER: mistral-medium_mas_rag, DIALOGUE TURN NUM = 30.
[2025-10-08 21:09:50,787] [INFO] EXIT: 'MASPromptGenerator' calling 'concede_claim' (8.7738037109375e-05 secs).
[2025-10-08 21:09:50,788] [INFO] ENTER: 'DialogueMoveGenerator' calling 'generate'; CURRENT SPEAKER: mistral-medium_mas_rag, DIALOGUE TURN NUM = 30.
[2025-10-08 21:09:50,788] [INFO] ENTER: 'MASPromptGenerator' calling 'question_claim'; CURRENT SPEAKER: mistral-medium_mas_rag, DIALOGUE TURN NUM = 30.
[2025-10-08 21:09:50,788] [INFO] EXIT: 'MASPromptGenerator' calling 'question_claim' (7.867813110351562e-05 secs).
[2025-10-08 21:09:50,789] [INFO] ENTER: 'DialogueMoveGenerator' calling 'generate'; CURRENT SPEAKER: mistral-medium_mas_rag, DIALOGUE TURN NUM = 30.
[2025-10-08 21:09:50,790] [INFO] ENTER: 'MASPromptGenerator' calling 'why_claim'; CURRENT SPEAKER: mistral-medium_mas_rag, DIALOGUE TURN NUM = 30.
[2025-10-08 21:09:50,790] [INFO] EXIT: 'MASPromptGenerator' calling 'why_claim' (5.888938903808594e-05 secs).
[2025-10-08 21:09:52,819] [INFO] Completion returned and validated from MODEL = 'mistral-medium'.
[2025-10-08 21:09:53,283] [INFO] Completion returned and validated from MODEL = 'mistral-medium'.
[2025-10-08 21:09:53,818] [INFO] Completion returned and validated from MODEL = 'mistral-medium'.
[2025-10-08 21:09:53,824] [INFO] Completion returned and validated from MODEL = 'mistral-medium'.
[2025-10-08 21:09:55,148] [INFO] Completion returned and validated from MODEL = 'mistral-medium'.
[2025-10-08 21:09:55,829] [INFO] Completion returned and validated from MODEL = 'mistral-medium'.
[2025-10-08 21:09:56,332] [INFO] Completion returned and validated from MODEL = 'mistral-medium'.
[2025-10-08 21:09:56,347] [INFO] Completion returned and validated from MODEL = 'mistral-medium'.
[2025-10-08 21:09:57,111] [INFO] Completion returned and validated from MODEL = 'mistral-medium'.
[2025-10-08 21:09:58,572] [INFO] Completion returned and validated from MODEL = 'mistral-medium'.
[2025-10-08 21:09:58,572] [INFO] EXIT: 'DialogueMoveGenerator' calling 'generate' (7.786976099014282 secs).
[2025-10-08 21:09:58,876] [INFO] Completion returned and validated from MODEL = 'mistral-medium'.
[2025-10-08 21:09:58,928] [INFO] Completion returned and validated from MODEL = 'mistral-medium'.
[2025-10-08 21:09:59,287] [INFO] Completion returned and validated from MODEL = 'mistral-medium'.
[2025-10-08 21:09:59,287] [INFO] EXIT: 'DialogueMoveGenerator' calling 'generate' (8.500249862670898 secs).
[2025-10-08 21:10:01,590] [INFO] Completion returned and validated from MODEL = 'mistral-medium'.
[2025-10-08 21:10:01,590] [INFO] EXIT: 'DialogueMoveGenerator' calling 'generate' (10.800541400909424 secs).
[2025-10-08 21:10:01,656] [INFO] Completion returned and validated from MODEL = 'mistral-medium'.
[2025-10-08 21:10:01,656] [INFO] EXIT: 'DialogueMoveGenerator' calling 'generate' (10.86814022064209 secs).
[2025-10-08 21:10:01,657] [INFO] ENTER: 'MASPromptGenerator' calling 'persuasiveness_choice'; CURRENT SPEAKER: mistral-medium_mas_rag, DIALOGUE TURN NUM = 30.
[2025-10-08 21:10:01,657] [INFO] EXIT: 'MASPromptGenerator' calling 'persuasiveness_choice' (0.00021386146545410156 secs).
[2025-10-08 21:10:05,041] [INFO] Completion returned and validated within 'PersuasivenessChoiceAgent'; MODEL = 'mistral-medium'; DIALOGUE TURN NUM = 30.
[2025-10-08 21:10:07,804] [INFO] Completion returned and validated within 'PersuasivenessChoiceAgent'; MODEL = 'mistral-medium'; DIALOGUE TURN NUM = 30.
[2025-10-08 21:10:10,683] [INFO] Completion returned and validated within 'PersuasivenessChoiceAgent'; MODEL = 'mistral-medium'; DIALOGUE TURN NUM = 30.
[2025-10-08 21:12:13,756] [INFO] Completion returned and validated within 'PersuasivenessChoiceAgent'; MODEL = 'mistral-medium'; DIALOGUE TURN NUM = 30.
[2025-10-08 21:12:13,759] [INFO] ENTER: 'DisambiguationAgent' calling '_grouping_similar_utterance_types'; CURRENT SPEAKER: mistral-medium_mas_rag, DIALOGUE TURN NUM = 30.
[2025-10-08 21:12:13,759] [INFO] EXIT: 'DisambiguationAgent' calling '_grouping_similar_utterance_types' (9.5367431640625e-06 secs).
[2025-10-08 21:12:13,760] [INFO] ENTER: 'DisambiguationAgent' calling '_identifying_similar_sentences_and_choosing_one_to_return_to_user'; CURRENT SPEAKER: mistral-medium_mas_rag, DIALOGUE TURN NUM = 30.
[2025-10-08 21:12:16,563] [INFO] 'DisambiguationAgent' grouped similar sentences, completion returned and validated; MODEL = 'mistral-medium'.
[2025-10-08 21:12:17,920] [INFO] 'DisambiguationAgent' chose sentences to remove, completion returned and validated from MODEL = 'mistral-medium'.
[2025-10-08 21:12:19,307] [INFO] 'DisambiguationAgent' chose sentences to remove, completion returned and validated from MODEL = 'mistral-medium'.
[2025-10-08 21:12:19,308] [INFO] EXIT: 'DisambiguationAgent' calling '_identifying_similar_sentences_and_choosing_one_to_return_to_user' (5.548013925552368 secs).
[2025-10-08 21:12:19,308] [INFO] ENTER: 'DisambiguationAgent' calling '_identifying_similar_sentences_and_choosing_one_to_return_to_user'; CURRENT SPEAKER: mistral-medium_mas_rag, DIALOGUE TURN NUM = 30.
[2025-10-08 21:12:26,374] [INFO] 'DisambiguationAgent' grouped similar sentences, completion returned and validated; MODEL = 'mistral-medium'.
[2025-10-08 21:14:27,936] [INFO] 'DisambiguationAgent' chose sentences to remove, completion returned and validated from MODEL = 'mistral-medium'.
[2025-10-08 21:14:37,641] [INFO] 'DisambiguationAgent' chose sentences to remove, completion returned and validated from MODEL = 'mistral-medium'.
[2025-10-08 21:14:39,040] [INFO] 'DisambiguationAgent' chose sentences to remove, completion returned and validated from MODEL = 'mistral-medium'.
[2025-10-08 21:14:41,135] [INFO] 'DisambiguationAgent' chose sentences to remove, completion returned and validated from MODEL = 'mistral-medium'.
[2025-10-08 21:14:41,135] [INFO] EXIT: 'DisambiguationAgent' calling '_identifying_similar_sentences_and_choosing_one_to_return_to_user' (141.82749128341675 secs).
[2025-10-08 21:14:41,135] [INFO] ENTER: 'DisambiguationAgent' calling '_removing_repetitive_sentences'; CURRENT SPEAKER: mistral-medium_mas_rag, DIALOGUE TURN NUM = 30.
[2025-10-08 21:14:41,135] [INFO] EXIT: 'DisambiguationAgent' calling '_removing_repetitive_sentences' (1.5974044799804688e-05 secs).
[2025-10-08 21:14:41,135] [INFO] ENTER: 'DisambiguationAgent' calling '_choose_the_most_persuasive_sentences'; CURRENT SPEAKER: mistral-medium_mas_rag, DIALOGUE TURN NUM = 30.
[2025-10-08 21:14:44,734] [INFO] 'DisambiguationAgent': reached maximum allowed sentences, succussfully chose most persuasive sentences, completion returned and validated from MODEL = 'mistral-medium'.
[2025-10-08 21:14:44,734] [INFO] EXIT: 'DisambiguationAgent' calling '_choose_the_most_persuasive_sentences' (3.5989787578582764 secs).
[2025-10-08 21:14:44,734] [INFO] ENTER: 'DisambiguationAgent' calling 'return_disambiguated_sentences'; CURRENT SPEAKER: mistral-medium_mas_rag, DIALOGUE TURN NUM = 30.
[2025-10-08 21:14:44,734] [INFO] EXIT: 'DisambiguationAgent' calling 'return_disambiguated_sentences' (2.6226043701171875e-06 secs).
[2025-10-08 21:14:44,735] [ERROR] Wrong state used; State of type HumanState; error message: dict has unexpected extra key(s): "graph_rag_examples", "intermediate_generations", "knowledge_base_ensemble_or_model_name", "model_seed", "model_temp", "model_top_p", "number_of_graph_rag_examples", "number_of_vector_based_rag_examples", "political_position_prob_of_na", "political_position_range", "political_position_std", "speaker_model_name", "speaker_type", "vector_based_persona_string", "vector_based_persona_sys_prompt"
[2025-10-08 21:14:44,735] [INFO] Correct state used; State of type GenerationAgentsState; 'IGNORE THE ABOVE ERRORS'.
[2025-10-08 21:15:04,983] [INFO] 'commitment_update' completed '___Claim___' update for current speaker's commitments; MODEL = 'mistral-medium'.
[2025-10-08 21:15:05,559] [INFO] 'commitment_update' completed '___Claim___' update for current speaker's commitments; MODEL = 'mistral-medium'.
[2025-10-08 21:15:05,706] [ERROR] Wrong state used; State of type HumanState; error message: dict has unexpected extra key(s): "graph_rag_examples", "intermediate_generations", "knowledge_base_ensemble_or_model_name", "model_seed", "model_temp", "model_top_p", "number_of_graph_rag_examples", "number_of_vector_based_rag_examples", "political_position_prob_of_na", "political_position_range", "political_position_std", "speaker_model_name", "speaker_type", "vector_based_persona_string", "vector_based_persona_sys_prompt"
[2025-10-08 21:15:05,707] [INFO] Correct state used; State of type GenerationAgentsState; 'IGNORE THE ABOVE ERRORS'.
[2025-10-08 21:15:05,707] [INFO] ENTER: 'UtteranceClassificationAgent' calling '_classify_sentence_utterance_types'; CURRENT SPEAKER: grok-3_mas, DIALOGUE TURN NUM = 31.
[2025-10-08 21:15:06,392] [INFO] 'UtteranceClassificationAgent' completion returned and validated from MODEL = 'ModelName.GROK_3'.
[2025-10-08 21:15:07,204] [INFO] 'UtteranceClassificationAgent' completion returned and validated from MODEL = 'ModelName.GROK_3'.
[2025-10-08 21:15:07,997] [INFO] 'UtteranceClassificationAgent' completion returned and validated from MODEL = 'ModelName.GROK_3'.
[2025-10-08 21:15:08,804] [INFO] 'UtteranceClassificationAgent' completion returned and validated from MODEL = 'ModelName.GROK_3'.
[2025-10-08 21:15:09,607] [INFO] 'UtteranceClassificationAgent' completion returned and validated from MODEL = 'ModelName.GROK_3'.
[2025-10-08 21:15:09,607] [INFO] EXIT: 'UtteranceClassificationAgent' calling '_classify_sentence_utterance_types' (3.899935483932495 secs).
[2025-10-08 21:15:09,607] [INFO] ENTER: 'UtteranceClassificationAgent' calling 'return_classified_sentences'; CURRENT SPEAKER: grok-3_mas, DIALOGUE TURN NUM = 31.
[2025-10-08 21:15:09,607] [INFO] EXIT: 'UtteranceClassificationAgent' calling 'return_classified_sentences' (2.384185791015625e-06 secs).
[2025-10-08 21:15:09,609] [INFO] ENTER: 'DialogueMoveGenerator' calling 'generate'; CURRENT SPEAKER: grok-3_mas, DIALOGUE TURN NUM = 31.
[2025-10-08 21:15:09,609] [INFO] ENTER: 'MASPromptGenerator' calling 'claim'; CURRENT SPEAKER: grok-3_mas, DIALOGUE TURN NUM = 31.
[2025-10-08 21:15:09,609] [INFO] EXIT: 'MASPromptGenerator' calling 'claim' (6.818771362304688e-05 secs).
[2025-10-08 21:15:09,610] [INFO] ENTER: 'DialogueMoveGenerator' calling 'generate'; CURRENT SPEAKER: grok-3_mas, DIALOGUE TURN NUM = 31.
[2025-10-08 21:15:09,610] [INFO] ENTER: 'MASPromptGenerator' calling 'claim_negation'; CURRENT SPEAKER: grok-3_mas, DIALOGUE TURN NUM = 31.
[2025-10-08 21:15:09,610] [INFO] EXIT: 'MASPromptGenerator' calling 'claim_negation' (4.100799560546875e-05 secs).
[2025-10-08 21:15:09,611] [INFO] ENTER: 'DialogueMoveGenerator' calling 'generate'; CURRENT SPEAKER: grok-3_mas, DIALOGUE TURN NUM = 31.
[2025-10-08 21:15:09,611] [INFO] ENTER: 'MASPromptGenerator' calling 'concede_claim'; CURRENT SPEAKER: grok-3_mas, DIALOGUE TURN NUM = 31.
[2025-10-08 21:15:09,611] [INFO] EXIT: 'MASPromptGenerator' calling 'concede_claim' (4.5299530029296875e-05 secs).
[2025-10-08 21:15:09,612] [INFO] ENTER: 'DialogueMoveGenerator' calling 'generate'; CURRENT SPEAKER: grok-3_mas, DIALOGUE TURN NUM = 31.
[2025-10-08 21:15:09,612] [INFO] ENTER: 'MASPromptGenerator' calling 'question_claim'; CURRENT SPEAKER: grok-3_mas, DIALOGUE TURN NUM = 31.
[2025-10-08 21:15:09,612] [INFO] EXIT: 'MASPromptGenerator' calling 'question_claim' (5.5789947509765625e-05 secs).
[2025-10-08 21:15:09,613] [INFO] ENTER: 'DialogueMoveGenerator' calling 'generate'; CURRENT SPEAKER: grok-3_mas, DIALOGUE TURN NUM = 31.
[2025-10-08 21:15:09,613] [INFO] ENTER: 'MASPromptGenerator' calling 'retract_claim'; CURRENT SPEAKER: grok-3_mas, DIALOGUE TURN NUM = 31.
[2025-10-08 21:15:09,613] [INFO] EXIT: 'MASPromptGenerator' calling 'retract_claim' (5.173683166503906e-05 secs).
[2025-10-08 21:15:09,614] [INFO] ENTER: 'DialogueMoveGenerator' calling 'generate'; CURRENT SPEAKER: grok-3_mas, DIALOGUE TURN NUM = 31.
[2025-10-08 21:15:09,614] [INFO] ENTER: 'MASPromptGenerator' calling 'since_claim'; CURRENT SPEAKER: grok-3_mas, DIALOGUE TURN NUM = 31.
[2025-10-08 21:15:09,614] [INFO] EXIT: 'MASPromptGenerator' calling 'since_claim' (4.1484832763671875e-05 secs).
[2025-10-08 21:15:09,615] [INFO] ENTER: 'DialogueMoveGenerator' calling 'generate'; CURRENT SPEAKER: grok-3_mas, DIALOGUE TURN NUM = 31.
[2025-10-08 21:15:09,615] [INFO] ENTER: 'MASPromptGenerator' calling 'why_claim'; CURRENT SPEAKER: grok-3_mas, DIALOGUE TURN NUM = 31.
[2025-10-08 21:15:09,615] [INFO] EXIT: 'MASPromptGenerator' calling 'why_claim' (4.696846008300781e-05 secs).
[2025-10-08 21:15:12,881] [INFO] Completion returned and validated from MODEL = 'grok-3'.
[2025-10-08 21:15:13,093] [INFO] Completion returned and validated from MODEL = 'grok-3'.
[2025-10-08 21:15:13,615] [INFO] Completion returned and validated from MODEL = 'grok-3'.
[2025-10-08 21:15:14,284] [INFO] Completion returned and validated from MODEL = 'grok-3'.
[2025-10-08 21:15:14,761] [INFO] Completion returned and validated from MODEL = 'grok-3'.
[2025-10-08 21:15:15,038] [INFO] Completion returned and validated from MODEL = 'grok-3'.
[2025-10-08 21:15:16,421] [INFO] Completion returned and validated from MODEL = 'grok-3'.
[2025-10-08 21:15:16,421] [INFO] EXIT: 'DialogueMoveGenerator' calling 'generate' (6.806469202041626 secs).
[2025-10-08 21:15:16,780] [INFO] Completion returned and validated from MODEL = 'grok-3'.
[2025-10-08 21:15:16,780] [INFO] EXIT: 'DialogueMoveGenerator' calling 'generate' (7.169678211212158 secs).
[2025-10-08 21:15:17,211] [INFO] Completion returned and validated from MODEL = 'grok-3'.
[2025-10-08 21:15:17,211] [INFO] EXIT: 'DialogueMoveGenerator' calling 'generate' (7.599376916885376 secs).
[2025-10-08 21:15:17,869] [INFO] Completion returned and validated from MODEL = 'grok-3'.
[2025-10-08 21:15:19,054] [INFO] Completion returned and validated from MODEL = 'grok-3'.
[2025-10-08 21:15:21,127] [INFO] Completion returned and validated from MODEL = 'grok-3'.
[2025-10-08 21:15:21,127] [INFO] EXIT: 'DialogueMoveGenerator' calling 'generate' (11.513644695281982 secs).
[2025-10-08 21:15:22,221] [INFO] Completion returned and validated from MODEL = 'grok-3'.
[2025-10-08 21:15:22,221] [INFO] EXIT: 'DialogueMoveGenerator' calling 'generate' (12.607123851776123 secs).
[2025-10-08 21:15:42,998] [INFO] Completion returned and validated from MODEL = 'grok-3'.
[2025-10-08 21:15:46,684] [INFO] Completion returned and validated from MODEL = 'grok-3'.
[2025-10-08 21:15:46,684] [INFO] EXIT: 'DialogueMoveGenerator' calling 'generate' (37.07457184791565 secs).
[2025-10-08 21:17:13,746] [INFO] Completion returned and validated from MODEL = 'grok-3'.
[2025-10-08 21:17:15,836] [INFO] Completion returned and validated from MODEL = 'grok-3'.
[2025-10-08 21:17:15,836] [INFO] EXIT: 'DialogueMoveGenerator' calling 'generate' (126.22508645057678 secs).
[2025-10-08 21:17:15,837] [INFO] ENTER: 'MASPromptGenerator' calling 'persuasiveness_choice'; CURRENT SPEAKER: grok-3_mas, DIALOGUE TURN NUM = 31.
[2025-10-08 21:17:15,838] [INFO] EXIT: 'MASPromptGenerator' calling 'persuasiveness_choice' (0.000244140625 secs).
[2025-10-08 21:17:17,884] [INFO] Completion returned and validated within 'PersuasivenessChoiceAgent'; MODEL = 'grok-3'; DIALOGUE TURN NUM = 31.
[2025-10-08 21:17:21,067] [INFO] Completion returned and validated within 'PersuasivenessChoiceAgent'; MODEL = 'grok-3'; DIALOGUE TURN NUM = 31.
[2025-10-08 21:17:23,688] [INFO] Completion returned and validated within 'PersuasivenessChoiceAgent'; MODEL = 'grok-3'; DIALOGUE TURN NUM = 31.
[2025-10-08 21:17:27,250] [INFO] Completion returned and validated within 'PersuasivenessChoiceAgent'; MODEL = 'grok-3'; DIALOGUE TURN NUM = 31.
[2025-10-08 21:17:31,138] [INFO] Completion returned and validated within 'PersuasivenessChoiceAgent'; MODEL = 'grok-3'; DIALOGUE TURN NUM = 31.
[2025-10-08 21:17:31,138] [INFO] ENTER: 'DisambiguationAgent' calling '_grouping_similar_utterance_types'; CURRENT SPEAKER: grok-3_mas, DIALOGUE TURN NUM = 31.
[2025-10-08 21:17:31,138] [INFO] EXIT: 'DisambiguationAgent' calling '_grouping_similar_utterance_types' (1.1682510375976562e-05 secs).
[2025-10-08 21:17:31,138] [INFO] ENTER: 'DisambiguationAgent' calling '_identifying_similar_sentences_and_choosing_one_to_return_to_user'; CURRENT SPEAKER: grok-3_mas, DIALOGUE TURN NUM = 31.
[2025-10-08 21:17:41,777] [INFO] 'DisambiguationAgent' grouped similar sentences, completion returned and validated; MODEL = 'grok-3'.
[2025-10-08 21:17:42,757] [INFO] 'DisambiguationAgent' chose sentences to remove, completion returned and validated from MODEL = 'grok-3'.
[2025-10-08 21:17:43,735] [INFO] 'DisambiguationAgent' chose sentences to remove, completion returned and validated from MODEL = 'grok-3'.
[2025-10-08 21:17:44,866] [INFO] 'DisambiguationAgent' chose sentences to remove, completion returned and validated from MODEL = 'grok-3'.
[2025-10-08 21:17:45,890] [INFO] 'DisambiguationAgent' chose sentences to remove, completion returned and validated from MODEL = 'grok-3'.
[2025-10-08 21:17:47,087] [INFO] 'DisambiguationAgent' chose sentences to remove, completion returned and validated from MODEL = 'grok-3'.
[2025-10-08 21:17:48,160] [INFO] 'DisambiguationAgent' chose sentences to remove, completion returned and validated from MODEL = 'grok-3'.
[2025-10-08 21:17:48,160] [INFO] EXIT: 'DisambiguationAgent' calling '_identifying_similar_sentences_and_choosing_one_to_return_to_user' (17.021573066711426 secs).
[2025-10-08 21:17:48,160] [INFO] ENTER: 'DisambiguationAgent' calling '_removing_repetitive_sentences'; CURRENT SPEAKER: grok-3_mas, DIALOGUE TURN NUM = 31.
[2025-10-08 21:17:48,160] [INFO] EXIT: 'DisambiguationAgent' calling '_removing_repetitive_sentences' (1.9550323486328125e-05 secs).
[2025-10-08 21:17:48,160] [INFO] ENTER: 'DisambiguationAgent' calling '_choose_the_most_persuasive_sentences'; CURRENT SPEAKER: grok-3_mas, DIALOGUE TURN NUM = 31.
[2025-10-08 21:17:51,625] [INFO] 'DisambiguationAgent': reached maximum allowed sentences, succussfully chose most persuasive sentences, completion returned and validated from MODEL = 'grok-3'.
[2025-10-08 21:17:51,626] [INFO] EXIT: 'DisambiguationAgent' calling '_choose_the_most_persuasive_sentences' (3.4655447006225586 secs).
[2025-10-08 21:17:51,626] [INFO] ENTER: 'DisambiguationAgent' calling 'return_disambiguated_sentences'; CURRENT SPEAKER: grok-3_mas, DIALOGUE TURN NUM = 31.
[2025-10-08 21:17:51,626] [INFO] EXIT: 'DisambiguationAgent' calling 'return_disambiguated_sentences' (2.6226043701171875e-06 secs).
[2025-10-08 21:17:51,626] [ERROR] Wrong state used; State of type HumanState; error message: dict has unexpected extra key(s): "graph_rag_examples", "intermediate_generations", "knowledge_base_ensemble_or_model_name", "model_seed", "model_temp", "model_top_p", "number_of_graph_rag_examples", "number_of_vector_based_rag_examples", "political_position_prob_of_na", "political_position_range", "political_position_std", "speaker_model_name", "speaker_type", "vector_based_persona_string", "vector_based_persona_sys_prompt"
[2025-10-08 21:17:51,626] [INFO] Correct state used; State of type GenerationAgentsState; 'IGNORE THE ABOVE ERRORS'.
[2025-10-08 21:17:52,268] [INFO] 'commitment_update' completed '___Since___' update; MODEL = 'grok-3'.
[2025-10-08 21:17:52,890] [INFO] 'commitment_update' completed '___Claim___' update for current speaker's commitments; MODEL = 'grok-3'.
[2025-10-08 21:17:53,490] [INFO] 'commitment_update' completed '___Since___' update; MODEL = 'grok-3'.
[2025-10-08 21:17:54,138] [INFO] 'commitment_update' completed '___Since___' update; MODEL = 'grok-3'.
[2025-10-08 21:17:54,748] [INFO] 'commitment_update' completed '___Claim___' update for current speaker's commitments; MODEL = 'grok-3'.
[2025-10-08 21:17:54,829] [ERROR] Wrong state used; State of type HumanState; error message: dict has unexpected extra key(s): "graph_rag_examples", "intermediate_generations", "knowledge_base_ensemble_or_model_name", "model_seed", "model_temp", "model_top_p", "number_of_graph_rag_examples", "number_of_vector_based_rag_examples", "political_position_prob_of_na", "political_position_range", "political_position_std", "speaker_model_name", "speaker_type", "vector_based_persona_string", "vector_based_persona_sys_prompt"
[2025-10-08 21:17:54,829] [INFO] Correct state used; State of type GenerationAgentsState; 'IGNORE THE ABOVE ERRORS'.
[2025-10-08 21:17:54,829] [INFO] ENTER: 'UtteranceClassificationAgent' calling '_classify_sentence_utterance_types'; CURRENT SPEAKER: mistral-medium_mas_rag, DIALOGUE TURN NUM = 32.
[2025-10-08 21:17:55,762] [INFO] 'UtteranceClassificationAgent' completion returned and validated from MODEL = 'ModelName.MISTRAL_MEDIUM'.
[2025-10-08 21:17:56,180] [INFO] 'UtteranceClassificationAgent' completion returned and validated from MODEL = 'ModelName.MISTRAL_MEDIUM'.
[2025-10-08 21:17:57,011] [INFO] 'UtteranceClassificationAgent' completion returned and validated from MODEL = 'ModelName.MISTRAL_MEDIUM'.
[2025-10-08 21:17:57,446] [INFO] 'UtteranceClassificationAgent' completion returned and validated from MODEL = 'ModelName.MISTRAL_MEDIUM'.
[2025-10-08 21:17:57,954] [INFO] 'UtteranceClassificationAgent' completion returned and validated from MODEL = 'ModelName.MISTRAL_MEDIUM'.
[2025-10-08 21:17:57,954] [INFO] EXIT: 'UtteranceClassificationAgent' calling '_classify_sentence_utterance_types' (3.1250457763671875 secs).
[2025-10-08 21:17:57,954] [INFO] ENTER: 'UtteranceClassificationAgent' calling 'return_classified_sentences'; CURRENT SPEAKER: mistral-medium_mas_rag, DIALOGUE TURN NUM = 32.
[2025-10-08 21:17:57,954] [INFO] EXIT: 'UtteranceClassificationAgent' calling 'return_classified_sentences' (2.86102294921875e-06 secs).
[2025-10-08 21:17:57,975] [INFO] ENTER: 'GraphRAG' calling 'why'; CURRENT SPEAKER: mistral-medium_mas_rag, DIALOGUE TURN NUM = 32.
[2025-10-08 21:17:57,976] [INFO] ENTER: 'GraphRAG' calling 'query_graph'; CURRENT SPEAKER: mistral-medium_mas_rag, DIALOGUE TURN NUM = 32.
[2025-10-08 21:17:58,664] [INFO] EXIT: 'GraphRAG' calling 'query_graph' (0.6885998249053955 secs).
[2025-10-08 21:17:58,664] [INFO] EXIT: 'GraphRAG' calling 'why' (0.6889870166778564 secs).
[2025-10-08 21:17:58,664] [INFO] ENTER: 'GraphRAG' calling 'claim_negation'; CURRENT SPEAKER: mistral-medium_mas_rag, DIALOGUE TURN NUM = 32.
[2025-10-08 21:17:58,665] [INFO] ENTER: 'GraphRAG' calling 'query_graph'; CURRENT SPEAKER: mistral-medium_mas_rag, DIALOGUE TURN NUM = 32.
[2025-10-08 21:17:59,326] [INFO] EXIT: 'GraphRAG' calling 'query_graph' (0.6611616611480713 secs).
[2025-10-08 21:17:59,326] [INFO] EXIT: 'GraphRAG' calling 'claim_negation' (0.661545991897583 secs).
[2025-10-08 21:17:59,326] [INFO] ENTER: 'GraphRAG' calling 'concede'; CURRENT SPEAKER: mistral-medium_mas_rag, DIALOGUE TURN NUM = 32.
[2025-10-08 21:17:59,326] [INFO] ENTER: 'GraphRAG' calling 'query_graph'; CURRENT SPEAKER: mistral-medium_mas_rag, DIALOGUE TURN NUM = 32.
[2025-10-08 21:18:00,011] [INFO] EXIT: 'GraphRAG' calling 'query_graph' (0.6841483116149902 secs).
[2025-10-08 21:18:00,011] [INFO] EXIT: 'GraphRAG' calling 'concede' (0.6845674514770508 secs).
[2025-10-08 21:18:00,011] [INFO] ENTER: 'GraphRAG' calling 'question'; CURRENT SPEAKER: mistral-medium_mas_rag, DIALOGUE TURN NUM = 32.
[2025-10-08 21:18:00,011] [INFO] ENTER: 'GraphRAG' calling 'query_graph'; CURRENT SPEAKER: mistral-medium_mas_rag, DIALOGUE TURN NUM = 32.
[2025-10-08 21:18:00,136] [INFO] EXIT: 'GraphRAG' calling 'query_graph' (0.12482476234436035 secs).
[2025-10-08 21:18:00,136] [INFO] EXIT: 'GraphRAG' calling 'question' (0.12518644332885742 secs).
[2025-10-08 21:18:00,153] [INFO] ENTER: 'GraphRAG' calling 'why'; CURRENT SPEAKER: mistral-medium_mas_rag, DIALOGUE TURN NUM = 32.
[2025-10-08 21:18:00,153] [INFO] ENTER: 'GraphRAG' calling 'query_graph'; CURRENT SPEAKER: mistral-medium_mas_rag, DIALOGUE TURN NUM = 32.
[2025-10-08 21:18:00,890] [INFO] EXIT: 'GraphRAG' calling 'query_graph' (0.7364866733551025 secs).
[2025-10-08 21:18:00,890] [INFO] EXIT: 'GraphRAG' calling 'why' (0.7368795871734619 secs).
[2025-10-08 21:18:00,890] [INFO] ENTER: 'GraphRAG' calling 'concede'; CURRENT SPEAKER: mistral-medium_mas_rag, DIALOGUE TURN NUM = 32.
[2025-10-08 21:18:00,890] [INFO] ENTER: 'GraphRAG' calling 'query_graph'; CURRENT SPEAKER: mistral-medium_mas_rag, DIALOGUE TURN NUM = 32.
[2025-10-08 21:18:01,588] [INFO] EXIT: 'GraphRAG' calling 'query_graph' (0.6975274085998535 secs).
[2025-10-08 21:18:01,588] [INFO] EXIT: 'GraphRAG' calling 'concede' (0.697904109954834 secs).
[2025-10-08 21:18:01,588] [INFO] ENTER: 'GraphRAG' calling 'question'; CURRENT SPEAKER: mistral-medium_mas_rag, DIALOGUE TURN NUM = 32.
[2025-10-08 21:18:01,588] [INFO] ENTER: 'GraphRAG' calling 'query_graph'; CURRENT SPEAKER: mistral-medium_mas_rag, DIALOGUE TURN NUM = 32.
[2025-10-08 21:18:02,255] [INFO] EXIT: 'GraphRAG' calling 'query_graph' (0.6663477420806885 secs).
[2025-10-08 21:18:02,255] [INFO] EXIT: 'GraphRAG' calling 'question' (0.6667547225952148 secs).
[2025-10-08 21:18:02,272] [INFO] ENTER: 'GraphRAG' calling 'why'; CURRENT SPEAKER: mistral-medium_mas_rag, DIALOGUE TURN NUM = 32.
[2025-10-08 21:18:02,273] [INFO] ENTER: 'GraphRAG' calling 'query_graph'; CURRENT SPEAKER: mistral-medium_mas_rag, DIALOGUE TURN NUM = 32.
[2025-10-08 21:18:02,966] [INFO] EXIT: 'GraphRAG' calling 'query_graph' (0.6937236785888672 secs).
[2025-10-08 21:18:02,967] [INFO] EXIT: 'GraphRAG' calling 'why' (0.6941170692443848 secs).
[2025-10-08 21:18:02,967] [INFO] ENTER: 'GraphRAG' calling 'claim_negation'; CURRENT SPEAKER: mistral-medium_mas_rag, DIALOGUE TURN NUM = 32.
[2025-10-08 21:18:02,967] [INFO] ENTER: 'GraphRAG' calling 'query_graph'; CURRENT SPEAKER: mistral-medium_mas_rag, DIALOGUE TURN NUM = 32.
[2025-10-08 21:18:03,638] [INFO] EXIT: 'GraphRAG' calling 'query_graph' (0.6709282398223877 secs).
[2025-10-08 21:18:03,638] [INFO] EXIT: 'GraphRAG' calling 'claim_negation' (0.6713588237762451 secs).
[2025-10-08 21:18:03,638] [INFO] ENTER: 'GraphRAG' calling 'concede'; CURRENT SPEAKER: mistral-medium_mas_rag, DIALOGUE TURN NUM = 32.
[2025-10-08 21:18:03,638] [INFO] ENTER: 'GraphRAG' calling 'query_graph'; CURRENT SPEAKER: mistral-medium_mas_rag, DIALOGUE TURN NUM = 32.
[2025-10-08 21:18:04,320] [INFO] EXIT: 'GraphRAG' calling 'query_graph' (0.6820950508117676 secs).
[2025-10-08 21:18:04,320] [INFO] EXIT: 'GraphRAG' calling 'concede' (0.6824748516082764 secs).
[2025-10-08 21:18:04,321] [INFO] ENTER: 'GraphRAG' calling 'question'; CURRENT SPEAKER: mistral-medium_mas_rag, DIALOGUE TURN NUM = 32.
[2025-10-08 21:18:04,321] [INFO] ENTER: 'GraphRAG' calling 'query_graph'; CURRENT SPEAKER: mistral-medium_mas_rag, DIALOGUE TURN NUM = 32.
[2025-10-08 21:18:04,460] [INFO] EXIT: 'GraphRAG' calling 'query_graph' (0.1390526294708252 secs).
[2025-10-08 21:18:04,460] [INFO] EXIT: 'GraphRAG' calling 'question' (0.13947677612304688 secs).
[2025-10-08 21:18:04,477] [INFO] ENTER: 'GraphRAG' calling 'why'; CURRENT SPEAKER: mistral-medium_mas_rag, DIALOGUE TURN NUM = 32.
[2025-10-08 21:18:04,478] [INFO] ENTER: 'GraphRAG' calling 'query_graph'; CURRENT SPEAKER: mistral-medium_mas_rag, DIALOGUE TURN NUM = 32.
[2025-10-08 21:18:05,214] [INFO] EXIT: 'GraphRAG' calling 'query_graph' (0.7359046936035156 secs).
[2025-10-08 21:18:05,214] [INFO] EXIT: 'GraphRAG' calling 'why' (0.736311674118042 secs).
[2025-10-08 21:18:05,214] [INFO] ENTER: 'GraphRAG' calling 'concede'; CURRENT SPEAKER: mistral-medium_mas_rag, DIALOGUE TURN NUM = 32.
[2025-10-08 21:18:05,214] [INFO] ENTER: 'GraphRAG' calling 'query_graph'; CURRENT SPEAKER: mistral-medium_mas_rag, DIALOGUE TURN NUM = 32.
[2025-10-08 21:18:05,903] [INFO] EXIT: 'GraphRAG' calling 'query_graph' (0.6887927055358887 secs).
[2025-10-08 21:18:05,903] [INFO] EXIT: 'GraphRAG' calling 'concede' (0.6891875267028809 secs).
[2025-10-08 21:18:05,903] [INFO] ENTER: 'GraphRAG' calling 'question'; CURRENT SPEAKER: mistral-medium_mas_rag, DIALOGUE TURN NUM = 32.
[2025-10-08 21:18:05,903] [INFO] ENTER: 'GraphRAG' calling 'query_graph'; CURRENT SPEAKER: mistral-medium_mas_rag, DIALOGUE TURN NUM = 32.
[2025-10-08 21:18:06,584] [INFO] EXIT: 'GraphRAG' calling 'query_graph' (0.6808550357818604 secs).
[2025-10-08 21:18:06,584] [INFO] EXIT: 'GraphRAG' calling 'question' (0.681260347366333 secs).
[2025-10-08 21:18:06,601] [INFO] ENTER: 'GraphRAG' calling 'why'; CURRENT SPEAKER: mistral-medium_mas_rag, DIALOGUE TURN NUM = 32.
[2025-10-08 21:18:06,601] [INFO] ENTER: 'GraphRAG' calling 'query_graph'; CURRENT SPEAKER: mistral-medium_mas_rag, DIALOGUE TURN NUM = 32.
[2025-10-08 21:18:07,302] [INFO] EXIT: 'GraphRAG' calling 'query_graph' (0.7000503540039062 secs).
[2025-10-08 21:18:07,302] [INFO] EXIT: 'GraphRAG' calling 'why' (0.7004454135894775 secs).
[2025-10-08 21:18:07,302] [INFO] ENTER: 'GraphRAG' calling 'claim_negation'; CURRENT SPEAKER: mistral-medium_mas_rag, DIALOGUE TURN NUM = 32.
[2025-10-08 21:18:07,302] [INFO] ENTER: 'GraphRAG' calling 'query_graph'; CURRENT SPEAKER: mistral-medium_mas_rag, DIALOGUE TURN NUM = 32.
[2025-10-08 21:18:07,966] [INFO] EXIT: 'GraphRAG' calling 'query_graph' (0.6642005443572998 secs).
[2025-10-08 21:18:07,966] [INFO] EXIT: 'GraphRAG' calling 'claim_negation' (0.6646275520324707 secs).
[2025-10-08 21:18:07,966] [INFO] ENTER: 'GraphRAG' calling 'concede'; CURRENT SPEAKER: mistral-medium_mas_rag, DIALOGUE TURN NUM = 32.
[2025-10-08 21:18:07,967] [INFO] ENTER: 'GraphRAG' calling 'query_graph'; CURRENT SPEAKER: mistral-medium_mas_rag, DIALOGUE TURN NUM = 32.
[2025-10-08 21:18:08,656] [INFO] EXIT: 'GraphRAG' calling 'query_graph' (0.6893999576568604 secs).
[2025-10-08 21:18:08,656] [INFO] EXIT: 'GraphRAG' calling 'concede' (0.689781904220581 secs).
[2025-10-08 21:18:08,656] [INFO] ENTER: 'GraphRAG' calling 'question'; CURRENT SPEAKER: mistral-medium_mas_rag, DIALOGUE TURN NUM = 32.
[2025-10-08 21:18:08,657] [INFO] ENTER: 'GraphRAG' calling 'query_graph'; CURRENT SPEAKER: mistral-medium_mas_rag, DIALOGUE TURN NUM = 32.
[2025-10-08 21:18:08,778] [INFO] EXIT: 'GraphRAG' calling 'query_graph' (0.12101387977600098 secs).
[2025-10-08 21:18:08,778] [INFO] EXIT: 'GraphRAG' calling 'question' (0.12135076522827148 secs).
[2025-10-08 21:18:08,778] [INFO] ENTER: 'GraphRAG' calling 'return_rag_examples'; CURRENT SPEAKER: mistral-medium_mas_rag, DIALOGUE TURN NUM = 32.
[2025-10-08 21:18:08,778] [INFO] EXIT: 'GraphRAG' calling 'return_rag_examples' (1.9073486328125e-06 secs).
[2025-10-08 21:18:08,780] [INFO] ENTER: 'DialogueMoveGenerator' calling 'generate'; CURRENT SPEAKER: mistral-medium_mas_rag, DIALOGUE TURN NUM = 32.
[2025-10-08 21:18:08,781] [INFO] ENTER: 'DialogueMoveGenerator' calling 'generate'; CURRENT SPEAKER: mistral-medium_mas_rag, DIALOGUE TURN NUM = 32.
[2025-10-08 21:18:08,781] [INFO] ENTER: 'MASPromptGenerator' calling 'claim_negation'; CURRENT SPEAKER: mistral-medium_mas_rag, DIALOGUE TURN NUM = 32.
[2025-10-08 21:18:08,782] [INFO] ENTER: 'DialogueMoveGenerator' calling 'generate'; CURRENT SPEAKER: mistral-medium_mas_rag, DIALOGUE TURN NUM = 32.
[2025-10-08 21:18:08,782] [INFO] ENTER: 'MASPromptGenerator' calling 'concede_claim'; CURRENT SPEAKER: mistral-medium_mas_rag, DIALOGUE TURN NUM = 32.
[2025-10-08 21:18:08,782] [INFO] EXIT: 'MASPromptGenerator' calling 'claim_negation' (8.678436279296875e-05 secs).
[2025-10-08 21:18:08,782] [INFO] ENTER: 'DialogueMoveGenerator' calling 'generate'; CURRENT SPEAKER: mistral-medium_mas_rag, DIALOGUE TURN NUM = 32.
[2025-10-08 21:18:08,783] [INFO] ENTER: 'MASPromptGenerator' calling 'question_claim'; CURRENT SPEAKER: mistral-medium_mas_rag, DIALOGUE TURN NUM = 32.
[2025-10-08 21:18:08,783] [INFO] EXIT: 'MASPromptGenerator' calling 'concede_claim' (9.799003601074219e-05 secs).
[2025-10-08 21:18:08,785] [INFO] ENTER: 'MASPromptGenerator' calling 'why_claim'; CURRENT SPEAKER: mistral-medium_mas_rag, DIALOGUE TURN NUM = 32.
[2025-10-08 21:18:08,785] [INFO] EXIT: 'MASPromptGenerator' calling 'question_claim' (9.369850158691406e-05 secs).
[2025-10-08 21:18:08,785] [INFO] EXIT: 'MASPromptGenerator' calling 'why_claim' (7.271766662597656e-05 secs).
[2025-10-08 21:18:10,960] [INFO] Completion returned and validated from MODEL = 'mistral-medium'.
[2025-10-08 21:18:11,599] [INFO] Completion returned and validated from MODEL = 'mistral-medium'.
[2025-10-08 21:18:11,872] [INFO] Completion returned and validated from MODEL = 'mistral-medium'.
[2025-10-08 21:18:11,900] [INFO] Completion returned and validated from MODEL = 'mistral-medium'.
[2025-10-08 21:18:13,332] [INFO] Completion returned and validated from MODEL = 'mistral-medium'.
[2025-10-08 21:18:14,579] [INFO] Completion returned and validated from MODEL = 'mistral-medium'.
[2025-10-08 21:18:14,612] [INFO] Completion returned and validated from MODEL = 'mistral-medium'.
[2025-10-08 21:18:14,941] [INFO] Completion returned and validated from MODEL = 'mistral-medium'.
[2025-10-08 21:18:15,293] [INFO] Completion returned and validated from MODEL = 'mistral-medium'.
[2025-10-08 21:18:17,316] [INFO] Completion returned and validated from MODEL = 'mistral-medium'.
[2025-10-08 21:18:17,433] [INFO] Completion returned and validated from MODEL = 'mistral-medium'.
[2025-10-08 21:18:17,433] [INFO] EXIT: 'DialogueMoveGenerator' calling 'generate' (8.651314973831177 secs).
[2025-10-08 21:18:17,442] [INFO] Completion returned and validated from MODEL = 'mistral-medium'.
[2025-10-08 21:18:17,459] [INFO] Completion returned and validated from MODEL = 'mistral-medium'.
[2025-10-08 21:18:18,803] [INFO] Completion returned and validated from MODEL = 'mistral-medium'.
[2025-10-08 21:18:18,803] [INFO] EXIT: 'DialogueMoveGenerator' calling 'generate' (10.021057367324829 secs).
[2025-10-08 21:18:19,980] [INFO] Completion returned and validated from MODEL = 'mistral-medium'.
[2025-10-08 21:18:20,024] [INFO] Completion returned and validated from MODEL = 'mistral-medium'.
[2025-10-08 21:18:22,122] [INFO] Completion returned and validated from MODEL = 'mistral-medium'.
[2025-10-08 21:18:22,122] [INFO] EXIT: 'DialogueMoveGenerator' calling 'generate' (13.337657690048218 secs).
[2025-10-08 21:18:22,520] [INFO] Completion returned and validated from MODEL = 'mistral-medium'.
[2025-10-08 21:18:22,520] [INFO] EXIT: 'DialogueMoveGenerator' calling 'generate' (13.737440824508667 secs).
[2025-10-08 21:18:22,521] [INFO] ENTER: 'MASPromptGenerator' calling 'persuasiveness_choice'; CURRENT SPEAKER: mistral-medium_mas_rag, DIALOGUE TURN NUM = 32.
[2025-10-08 21:18:22,521] [INFO] EXIT: 'MASPromptGenerator' calling 'persuasiveness_choice' (0.00028777122497558594 secs).
[2025-10-08 21:18:26,354] [INFO] Completion returned and validated within 'PersuasivenessChoiceAgent'; MODEL = 'mistral-medium'; DIALOGUE TURN NUM = 32.
[2025-10-08 21:18:49,701] [INFO] Completion returned and validated within 'PersuasivenessChoiceAgent'; MODEL = 'mistral-medium'; DIALOGUE TURN NUM = 32.
[2025-10-08 21:18:52,849] [INFO] Completion returned and validated within 'PersuasivenessChoiceAgent'; MODEL = 'mistral-medium'; DIALOGUE TURN NUM = 32.
[2025-10-08 21:18:55,875] [INFO] Completion returned and validated within 'PersuasivenessChoiceAgent'; MODEL = 'mistral-medium'; DIALOGUE TURN NUM = 32.
[2025-10-08 21:18:59,419] [INFO] Completion returned and validated within 'PersuasivenessChoiceAgent'; MODEL = 'mistral-medium'; DIALOGUE TURN NUM = 32.
[2025-10-08 21:18:59,420] [INFO] ENTER: 'DisambiguationAgent' calling '_grouping_similar_utterance_types'; CURRENT SPEAKER: mistral-medium_mas_rag, DIALOGUE TURN NUM = 32.
[2025-10-08 21:18:59,420] [INFO] EXIT: 'DisambiguationAgent' calling '_grouping_similar_utterance_types' (1.1444091796875e-05 secs).
[2025-10-08 21:18:59,420] [INFO] ENTER: 'DisambiguationAgent' calling '_identifying_similar_sentences_and_choosing_one_to_return_to_user'; CURRENT SPEAKER: mistral-medium_mas_rag, DIALOGUE TURN NUM = 32.
[2025-10-08 21:19:38,804] [INFO] 'DisambiguationAgent' grouped similar sentences, completion returned and validated; MODEL = 'mistral-medium'.
[2025-10-08 21:19:40,222] [INFO] 'DisambiguationAgent' chose sentences to remove, completion returned and validated from MODEL = 'mistral-medium'.
[2025-10-08 21:20:17,273] [INFO] 'DisambiguationAgent' chose sentences to remove, completion returned and validated from MODEL = 'mistral-medium'.
[2025-10-08 21:20:17,273] [INFO] EXIT: 'DisambiguationAgent' calling '_identifying_similar_sentences_and_choosing_one_to_return_to_user' (77.85281348228455 secs).
[2025-10-08 21:20:17,273] [INFO] ENTER: 'DisambiguationAgent' calling '_identifying_similar_sentences_and_choosing_one_to_return_to_user'; CURRENT SPEAKER: mistral-medium_mas_rag, DIALOGUE TURN NUM = 32.
[2025-10-08 21:20:24,956] [INFO] 'DisambiguationAgent' grouped similar sentences, completion returned and validated; MODEL = 'mistral-medium'.
[2025-10-08 21:20:26,522] [INFO] 'DisambiguationAgent' chose sentences to remove, completion returned and validated from MODEL = 'mistral-medium'.
[2025-10-08 21:20:27,992] [INFO] 'DisambiguationAgent' chose sentences to remove, completion returned and validated from MODEL = 'mistral-medium'.
[2025-10-08 21:20:28,872] [INFO] 'DisambiguationAgent' chose sentences to remove, completion returned and validated from MODEL = 'mistral-medium'.
[2025-10-08 21:20:28,872] [INFO] EXIT: 'DisambiguationAgent' calling '_identifying_similar_sentences_and_choosing_one_to_return_to_user' (11.599651098251343 secs).
[2025-10-08 21:20:28,872] [INFO] ENTER: 'DisambiguationAgent' calling '_removing_repetitive_sentences'; CURRENT SPEAKER: mistral-medium_mas_rag, DIALOGUE TURN NUM = 32.
[2025-10-08 21:20:28,872] [INFO] EXIT: 'DisambiguationAgent' calling '_removing_repetitive_sentences' (1.8358230590820312e-05 secs).
[2025-10-08 21:20:28,872] [INFO] ENTER: 'DisambiguationAgent' calling '_choose_the_most_persuasive_sentences'; CURRENT SPEAKER: mistral-medium_mas_rag, DIALOGUE TURN NUM = 32.
[2025-10-08 21:20:32,256] [INFO] 'DisambiguationAgent': reached maximum allowed sentences, succussfully chose most persuasive sentences, completion returned and validated from MODEL = 'mistral-medium'.
[2025-10-08 21:20:32,257] [INFO] EXIT: 'DisambiguationAgent' calling '_choose_the_most_persuasive_sentences' (3.3840372562408447 secs).
[2025-10-08 21:20:32,257] [INFO] ENTER: 'DisambiguationAgent' calling 'return_disambiguated_sentences'; CURRENT SPEAKER: mistral-medium_mas_rag, DIALOGUE TURN NUM = 32.
[2025-10-08 21:20:32,257] [INFO] EXIT: 'DisambiguationAgent' calling 'return_disambiguated_sentences' (2.384185791015625e-06 secs).
[2025-10-08 21:20:32,257] [ERROR] Wrong state used; State of type HumanState; error message: dict has unexpected extra key(s): "graph_rag_examples", "intermediate_generations", "knowledge_base_ensemble_or_model_name", "model_seed", "model_temp", "model_top_p", "number_of_graph_rag_examples", "number_of_vector_based_rag_examples", "political_position_prob_of_na", "political_position_range", "political_position_std", "speaker_model_name", "speaker_type", "vector_based_persona_string", "vector_based_persona_sys_prompt"
[2025-10-08 21:20:32,257] [INFO] Correct state used; State of type GenerationAgentsState; 'IGNORE THE ABOVE ERRORS'.
[2025-10-08 21:20:32,756] [INFO] 'commitment_update' completed '___Claim___' update for current speaker's commitments; MODEL = 'mistral-medium'.
[2025-10-08 21:20:33,225] [INFO] 'commitment_update' completed '___Claim___' update for current speaker's commitments; MODEL = 'mistral-medium'.
[2025-10-08 21:20:33,643] [INFO] 'commitment_update' completed '___Claim___' update for current speaker's commitments; MODEL = 'mistral-medium'.
[2025-10-08 21:20:34,150] [INFO] 'commitment_update' completed '___Claim___' update for current speaker's commitments; MODEL = 'mistral-medium'.
[2025-10-08 21:20:34,283] [ERROR] Wrong state used; State of type HumanState; error message: dict has unexpected extra key(s): "graph_rag_examples", "intermediate_generations", "knowledge_base_ensemble_or_model_name", "model_seed", "model_temp", "model_top_p", "number_of_graph_rag_examples", "number_of_vector_based_rag_examples", "political_position_prob_of_na", "political_position_range", "political_position_std", "speaker_model_name", "speaker_type", "vector_based_persona_string", "vector_based_persona_sys_prompt"
[2025-10-08 21:20:34,283] [INFO] Correct state used; State of type GenerationAgentsState; 'IGNORE THE ABOVE ERRORS'.
[2025-10-08 21:20:34,284] [INFO] ENTER: 'UtteranceClassificationAgent' calling '_classify_sentence_utterance_types'; CURRENT SPEAKER: grok-3_mas, DIALOGUE TURN NUM = 33.
[2025-10-08 21:20:34,991] [INFO] 'UtteranceClassificationAgent' completion returned and validated from MODEL = 'ModelName.GROK_3'.
[2025-10-08 21:20:35,724] [INFO] 'UtteranceClassificationAgent' completion returned and validated from MODEL = 'ModelName.GROK_3'.
[2025-10-08 21:20:36,492] [INFO] 'UtteranceClassificationAgent' completion returned and validated from MODEL = 'ModelName.GROK_3'.
[2025-10-08 21:20:37,517] [INFO] 'UtteranceClassificationAgent' completion returned and validated from MODEL = 'ModelName.GROK_3'.
[2025-10-08 21:20:38,132] [INFO] 'UtteranceClassificationAgent' completion returned and validated from MODEL = 'ModelName.GROK_3'.
[2025-10-08 21:20:38,132] [INFO] EXIT: 'UtteranceClassificationAgent' calling '_classify_sentence_utterance_types' (3.8484654426574707 secs).
[2025-10-08 21:20:38,132] [INFO] ENTER: 'UtteranceClassificationAgent' calling 'return_classified_sentences'; CURRENT SPEAKER: grok-3_mas, DIALOGUE TURN NUM = 33.
[2025-10-08 21:20:38,132] [INFO] EXIT: 'UtteranceClassificationAgent' calling 'return_classified_sentences' (2.1457672119140625e-06 secs).
[2025-10-08 21:20:38,134] [INFO] ENTER: 'DialogueMoveGenerator' calling 'generate'; CURRENT SPEAKER: grok-3_mas, DIALOGUE TURN NUM = 33.
[2025-10-08 21:20:38,135] [INFO] ENTER: 'MASPromptGenerator' calling 'claim'; CURRENT SPEAKER: grok-3_mas, DIALOGUE TURN NUM = 33.
[2025-10-08 21:20:38,135] [INFO] EXIT: 'MASPromptGenerator' calling 'claim' (5.984306335449219e-05 secs).
[2025-10-08 21:20:38,135] [INFO] ENTER: 'DialogueMoveGenerator' calling 'generate'; CURRENT SPEAKER: grok-3_mas, DIALOGUE TURN NUM = 33.
[2025-10-08 21:20:38,135] [INFO] ENTER: 'MASPromptGenerator' calling 'claim_negation'; CURRENT SPEAKER: grok-3_mas, DIALOGUE TURN NUM = 33.
[2025-10-08 21:20:38,135] [INFO] EXIT: 'MASPromptGenerator' calling 'claim_negation' (4.3392181396484375e-05 secs).
[2025-10-08 21:20:38,136] [INFO] ENTER: 'DialogueMoveGenerator' calling 'generate'; CURRENT SPEAKER: grok-3_mas, DIALOGUE TURN NUM = 33.
[2025-10-08 21:20:38,136] [INFO] ENTER: 'MASPromptGenerator' calling 'concede_claim'; CURRENT SPEAKER: grok-3_mas, DIALOGUE TURN NUM = 33.
[2025-10-08 21:20:38,136] [INFO] EXIT: 'MASPromptGenerator' calling 'concede_claim' (6.198883056640625e-05 secs).
[2025-10-08 21:20:38,137] [INFO] ENTER: 'DialogueMoveGenerator' calling 'generate'; CURRENT SPEAKER: grok-3_mas, DIALOGUE TURN NUM = 33.
[2025-10-08 21:20:38,137] [INFO] ENTER: 'MASPromptGenerator' calling 'question_claim'; CURRENT SPEAKER: grok-3_mas, DIALOGUE TURN NUM = 33.
[2025-10-08 21:20:38,137] [INFO] EXIT: 'MASPromptGenerator' calling 'question_claim' (6.198883056640625e-05 secs).
[2025-10-08 21:20:38,138] [INFO] ENTER: 'DialogueMoveGenerator' calling 'generate'; CURRENT SPEAKER: grok-3_mas, DIALOGUE TURN NUM = 33.
[2025-10-08 21:20:38,138] [INFO] ENTER: 'MASPromptGenerator' calling 'retract_claim'; CURRENT SPEAKER: grok-3_mas, DIALOGUE TURN NUM = 33.
[2025-10-08 21:20:38,138] [INFO] EXIT: 'MASPromptGenerator' calling 'retract_claim' (5.555152893066406e-05 secs).
[2025-10-08 21:20:38,139] [INFO] ENTER: 'DialogueMoveGenerator' calling 'generate'; CURRENT SPEAKER: grok-3_mas, DIALOGUE TURN NUM = 33.
[2025-10-08 21:20:38,139] [INFO] ENTER: 'MASPromptGenerator' calling 'since_claim'; CURRENT SPEAKER: grok-3_mas, DIALOGUE TURN NUM = 33.
[2025-10-08 21:20:38,139] [INFO] EXIT: 'MASPromptGenerator' calling 'since_claim' (4.172325134277344e-05 secs).
[2025-10-08 21:20:38,139] [INFO] ENTER: 'DialogueMoveGenerator' calling 'generate'; CURRENT SPEAKER: grok-3_mas, DIALOGUE TURN NUM = 33.
[2025-10-08 21:20:38,139] [INFO] ENTER: 'MASPromptGenerator' calling 'why_claim'; CURRENT SPEAKER: grok-3_mas, DIALOGUE TURN NUM = 33.
[2025-10-08 21:20:38,140] [INFO] EXIT: 'MASPromptGenerator' calling 'why_claim' (4.887580871582031e-05 secs).
[2025-10-08 21:20:41,453] [INFO] Completion returned and validated from MODEL = 'grok-3'.
[2025-10-08 21:20:41,453] [INFO] EXIT: 'DialogueMoveGenerator' calling 'generate' (3.3189244270324707 secs).
[2025-10-08 21:20:41,747] [INFO] Completion returned and validated from MODEL = 'grok-3'.
[2025-10-08 21:20:42,448] [INFO] Completion returned and validated from MODEL = 'grok-3'.
[2025-10-08 21:20:42,713] [INFO] Completion returned and validated from MODEL = 'grok-3'.
[2025-10-08 21:20:42,713] [INFO] EXIT: 'DialogueMoveGenerator' calling 'generate' (4.574617385864258 secs).
[2025-10-08 21:20:42,773] [INFO] Completion returned and validated from MODEL = 'grok-3'.
[2025-10-08 21:20:42,799] [INFO] Completion returned and validated from MODEL = 'grok-3'.
[2025-10-08 21:20:43,238] [INFO] Completion returned and validated from MODEL = 'grok-3'.
[2025-10-08 21:20:43,238] [INFO] EXIT: 'DialogueMoveGenerator' calling 'generate' (5.099353075027466 secs).
[2025-10-08 21:20:44,036] [INFO] Completion returned and validated from MODEL = 'grok-3'.
[2025-10-08 21:20:45,585] [INFO] Completion returned and validated from MODEL = 'grok-3'.
[2025-10-08 21:20:45,978] [INFO] Completion returned and validated from MODEL = 'grok-3'.
[2025-10-08 21:20:46,142] [INFO] Completion returned and validated from MODEL = 'grok-3'.
[2025-10-08 21:20:47,922] [INFO] Completion returned and validated from MODEL = 'grok-3'.
[2025-10-08 21:20:48,460] [INFO] Completion returned and validated from MODEL = 'grok-3'.
[2025-10-08 21:20:49,545] [INFO] Completion returned and validated from MODEL = 'grok-3'.
[2025-10-08 21:20:50,404] [INFO] Completion returned and validated from MODEL = 'grok-3'.
[2025-10-08 21:20:50,404] [INFO] EXIT: 'DialogueMoveGenerator' calling 'generate' (12.267845153808594 secs).
[2025-10-08 21:20:54,142] [INFO] Completion returned and validated from MODEL = 'grok-3'.
[2025-10-08 21:20:55,340] [INFO] Completion returned and validated from MODEL = 'grok-3'.
[2025-10-08 21:20:55,340] [INFO] EXIT: 'DialogueMoveGenerator' calling 'generate' (17.203288316726685 secs).
[2025-10-08 21:20:55,343] [INFO] Completion returned and validated from MODEL = 'grok-3'.
[2025-10-08 21:20:55,343] [INFO] EXIT: 'DialogueMoveGenerator' calling 'generate' (17.20394229888916 secs).
[2025-10-08 21:20:57,924] [INFO] Completion returned and validated from MODEL = 'grok-3'.
[2025-10-08 21:20:57,924] [INFO] EXIT: 'DialogueMoveGenerator' calling 'generate' (19.7890841960907 secs).
[2025-10-08 21:20:57,925] [INFO] ENTER: 'MASPromptGenerator' calling 'persuasiveness_choice'; CURRENT SPEAKER: grok-3_mas, DIALOGUE TURN NUM = 33.
[2025-10-08 21:20:57,926] [INFO] EXIT: 'MASPromptGenerator' calling 'persuasiveness_choice' (0.00025200843811035156 secs).
[2025-10-08 21:21:00,079] [INFO] Completion returned and validated within 'PersuasivenessChoiceAgent'; MODEL = 'grok-3'; DIALOGUE TURN NUM = 33.
[2025-10-08 21:21:01,942] [INFO] Completion returned and validated within 'PersuasivenessChoiceAgent'; MODEL = 'grok-3'; DIALOGUE TURN NUM = 33.
[2025-10-08 21:21:04,007] [INFO] Completion returned and validated within 'PersuasivenessChoiceAgent'; MODEL = 'grok-3'; DIALOGUE TURN NUM = 33.
[2025-10-08 21:21:07,621] [INFO] Completion returned and validated within 'PersuasivenessChoiceAgent'; MODEL = 'grok-3'; DIALOGUE TURN NUM = 33.
[2025-10-08 21:21:09,874] [INFO] Completion returned and validated within 'PersuasivenessChoiceAgent'; MODEL = 'grok-3'; DIALOGUE TURN NUM = 33.
[2025-10-08 21:21:09,875] [INFO] ENTER: 'DisambiguationAgent' calling '_grouping_similar_utterance_types'; CURRENT SPEAKER: grok-3_mas, DIALOGUE TURN NUM = 33.
[2025-10-08 21:21:09,875] [INFO] EXIT: 'DisambiguationAgent' calling '_grouping_similar_utterance_types' (9.5367431640625e-06 secs).
[2025-10-08 21:21:09,875] [INFO] ENTER: 'DisambiguationAgent' calling '_identifying_similar_sentences_and_choosing_one_to_return_to_user'; CURRENT SPEAKER: grok-3_mas, DIALOGUE TURN NUM = 33.
[2025-10-08 21:21:20,432] [INFO] 'DisambiguationAgent' grouped similar sentences, completion returned and validated; MODEL = 'grok-3'.
[2025-10-08 21:23:22,544] [INFO] 'DisambiguationAgent' chose sentences to remove, completion returned and validated from MODEL = 'grok-3'.
[2025-10-08 21:23:23,540] [INFO] 'DisambiguationAgent' chose sentences to remove, completion returned and validated from MODEL = 'grok-3'.
[2025-10-08 21:23:24,599] [INFO] 'DisambiguationAgent' chose sentences to remove, completion returned and validated from MODEL = 'grok-3'.
[2025-10-08 21:23:25,580] [INFO] 'DisambiguationAgent' chose sentences to remove, completion returned and validated from MODEL = 'grok-3'.
[2025-10-08 21:23:26,840] [INFO] 'DisambiguationAgent' chose sentences to remove, completion returned and validated from MODEL = 'grok-3'.
[2025-10-08 21:23:28,043] [INFO] 'DisambiguationAgent' chose sentences to remove, completion returned and validated from MODEL = 'grok-3'.
[2025-10-08 21:23:29,298] [INFO] 'DisambiguationAgent' chose sentences to remove, completion returned and validated from MODEL = 'grok-3'.
[2025-10-08 21:23:29,298] [INFO] EXIT: 'DisambiguationAgent' calling '_identifying_similar_sentences_and_choosing_one_to_return_to_user' (139.4234640598297 secs).
[2025-10-08 21:23:29,298] [INFO] ENTER: 'DisambiguationAgent' calling '_removing_repetitive_sentences'; CURRENT SPEAKER: grok-3_mas, DIALOGUE TURN NUM = 33.
[2025-10-08 21:23:29,298] [INFO] EXIT: 'DisambiguationAgent' calling '_removing_repetitive_sentences' (1.6927719116210938e-05 secs).
[2025-10-08 21:23:29,298] [INFO] ENTER: 'DisambiguationAgent' calling '_choose_the_most_persuasive_sentences'; CURRENT SPEAKER: grok-3_mas, DIALOGUE TURN NUM = 33.
[2025-10-08 21:23:32,394] [INFO] 'DisambiguationAgent': reached maximum allowed sentences, succussfully chose most persuasive sentences, completion returned and validated from MODEL = 'grok-3'.
[2025-10-08 21:23:32,394] [INFO] EXIT: 'DisambiguationAgent' calling '_choose_the_most_persuasive_sentences' (3.095480442047119 secs).
[2025-10-08 21:23:32,394] [INFO] ENTER: 'DisambiguationAgent' calling 'return_disambiguated_sentences'; CURRENT SPEAKER: grok-3_mas, DIALOGUE TURN NUM = 33.
[2025-10-08 21:23:32,394] [INFO] EXIT: 'DisambiguationAgent' calling 'return_disambiguated_sentences' (2.86102294921875e-06 secs).
[2025-10-08 21:23:32,394] [ERROR] Wrong state used; State of type HumanState; error message: dict has unexpected extra key(s): "graph_rag_examples", "intermediate_generations", "knowledge_base_ensemble_or_model_name", "model_seed", "model_temp", "model_top_p", "number_of_graph_rag_examples", "number_of_vector_based_rag_examples", "political_position_prob_of_na", "political_position_range", "political_position_std", "speaker_model_name", "speaker_type", "vector_based_persona_string", "vector_based_persona_sys_prompt"
[2025-10-08 21:23:32,395] [INFO] Correct state used; State of type GenerationAgentsState; 'IGNORE THE ABOVE ERRORS'.
[2025-10-08 21:23:33,097] [INFO] 'commitment_update' completed '___Claim___' update for current speaker's commitments; MODEL = 'grok-3'.
[2025-10-08 21:23:34,071] [INFO] 'commitment_update' completed '___Claim___' update for current speaker's commitments; MODEL = 'grok-3'.
[2025-10-08 21:23:34,740] [INFO] 'commitment_update' completed '___Claim___' update for current speaker's commitments; MODEL = 'grok-3'.
[2025-10-08 21:23:35,368] [INFO] 'commitment_update' completed '___Claim___' update for current speaker's commitments; MODEL = 'grok-3'.
[2025-10-08 21:23:36,000] [INFO] 'commitment_update' completed '___Claim___' update for current speaker's commitments; MODEL = 'grok-3'.
[2025-10-08 21:23:36,087] [ERROR] Wrong state used; State of type HumanState; error message: dict has unexpected extra key(s): "graph_rag_examples", "intermediate_generations", "knowledge_base_ensemble_or_model_name", "model_seed", "model_temp", "model_top_p", "number_of_graph_rag_examples", "number_of_vector_based_rag_examples", "political_position_prob_of_na", "political_position_range", "political_position_std", "speaker_model_name", "speaker_type", "vector_based_persona_string", "vector_based_persona_sys_prompt"
[2025-10-08 21:23:36,088] [INFO] Correct state used; State of type GenerationAgentsState; 'IGNORE THE ABOVE ERRORS'.
[2025-10-08 21:23:36,088] [INFO] ENTER: 'UtteranceClassificationAgent' calling '_classify_sentence_utterance_types'; CURRENT SPEAKER: mistral-medium_mas_rag, DIALOGUE TURN NUM = 34.
[2025-10-08 21:23:36,575] [INFO] 'UtteranceClassificationAgent' completion returned and validated from MODEL = 'ModelName.MISTRAL_MEDIUM'.
[2025-10-08 21:23:37,016] [INFO] 'UtteranceClassificationAgent' completion returned and validated from MODEL = 'ModelName.MISTRAL_MEDIUM'.
[2025-10-08 21:23:37,410] [INFO] 'UtteranceClassificationAgent' completion returned and validated from MODEL = 'ModelName.MISTRAL_MEDIUM'.
[2025-10-08 21:23:38,315] [INFO] 'UtteranceClassificationAgent' completion returned and validated from MODEL = 'ModelName.MISTRAL_MEDIUM'.
[2025-10-08 21:23:38,706] [INFO] 'UtteranceClassificationAgent' completion returned and validated from MODEL = 'ModelName.MISTRAL_MEDIUM'.
[2025-10-08 21:23:38,706] [INFO] EXIT: 'UtteranceClassificationAgent' calling '_classify_sentence_utterance_types' (2.6176488399505615 secs).
[2025-10-08 21:23:38,706] [INFO] ENTER: 'UtteranceClassificationAgent' calling 'return_classified_sentences'; CURRENT SPEAKER: mistral-medium_mas_rag, DIALOGUE TURN NUM = 34.
[2025-10-08 21:23:38,706] [INFO] EXIT: 'UtteranceClassificationAgent' calling 'return_classified_sentences' (2.6226043701171875e-06 secs).
[2025-10-08 21:23:38,727] [INFO] ENTER: 'GraphRAG' calling 'why'; CURRENT SPEAKER: mistral-medium_mas_rag, DIALOGUE TURN NUM = 34.
[2025-10-08 21:23:38,727] [INFO] ENTER: 'GraphRAG' calling 'query_graph'; CURRENT SPEAKER: mistral-medium_mas_rag, DIALOGUE TURN NUM = 34.
[2025-10-08 21:23:39,413] [INFO] EXIT: 'GraphRAG' calling 'query_graph' (0.6854720115661621 secs).
[2025-10-08 21:23:39,413] [INFO] EXIT: 'GraphRAG' calling 'why' (0.6858832836151123 secs).
[2025-10-08 21:23:39,413] [INFO] ENTER: 'GraphRAG' calling 'claim_negation'; CURRENT SPEAKER: mistral-medium_mas_rag, DIALOGUE TURN NUM = 34.
[2025-10-08 21:23:39,413] [INFO] ENTER: 'GraphRAG' calling 'query_graph'; CURRENT SPEAKER: mistral-medium_mas_rag, DIALOGUE TURN NUM = 34.
[2025-10-08 21:23:40,074] [INFO] EXIT: 'GraphRAG' calling 'query_graph' (0.6609508991241455 secs).
[2025-10-08 21:23:40,074] [INFO] EXIT: 'GraphRAG' calling 'claim_negation' (0.6614267826080322 secs).
[2025-10-08 21:23:40,074] [INFO] ENTER: 'GraphRAG' calling 'concede'; CURRENT SPEAKER: mistral-medium_mas_rag, DIALOGUE TURN NUM = 34.
[2025-10-08 21:23:40,075] [INFO] ENTER: 'GraphRAG' calling 'query_graph'; CURRENT SPEAKER: mistral-medium_mas_rag, DIALOGUE TURN NUM = 34.
[2025-10-08 21:23:40,747] [INFO] EXIT: 'GraphRAG' calling 'query_graph' (0.6725544929504395 secs).
[2025-10-08 21:23:40,747] [INFO] EXIT: 'GraphRAG' calling 'concede' (0.672957181930542 secs).
[2025-10-08 21:23:40,747] [INFO] ENTER: 'GraphRAG' calling 'question'; CURRENT SPEAKER: mistral-medium_mas_rag, DIALOGUE TURN NUM = 34.
[2025-10-08 21:23:40,748] [INFO] ENTER: 'GraphRAG' calling 'query_graph'; CURRENT SPEAKER: mistral-medium_mas_rag, DIALOGUE TURN NUM = 34.
[2025-10-08 21:23:40,869] [INFO] EXIT: 'GraphRAG' calling 'query_graph' (0.12093138694763184 secs).
[2025-10-08 21:23:40,869] [INFO] EXIT: 'GraphRAG' calling 'question' (0.1213674545288086 secs).
[2025-10-08 21:23:40,885] [INFO] ENTER: 'GraphRAG' calling 'why'; CURRENT SPEAKER: mistral-medium_mas_rag, DIALOGUE TURN NUM = 34.
[2025-10-08 21:23:40,885] [INFO] ENTER: 'GraphRAG' calling 'query_graph'; CURRENT SPEAKER: mistral-medium_mas_rag, DIALOGUE TURN NUM = 34.
[2025-10-08 21:23:41,574] [INFO] EXIT: 'GraphRAG' calling 'query_graph' (0.6892979145050049 secs).
[2025-10-08 21:23:41,575] [INFO] EXIT: 'GraphRAG' calling 'why' (0.6897015571594238 secs).
[2025-10-08 21:23:41,575] [INFO] ENTER: 'GraphRAG' calling 'claim_negation'; CURRENT SPEAKER: mistral-medium_mas_rag, DIALOGUE TURN NUM = 34.
[2025-10-08 21:23:41,575] [INFO] ENTER: 'GraphRAG' calling 'query_graph'; CURRENT SPEAKER: mistral-medium_mas_rag, DIALOGUE TURN NUM = 34.
[2025-10-08 21:23:42,235] [INFO] EXIT: 'GraphRAG' calling 'query_graph' (0.6600069999694824 secs).
[2025-10-08 21:23:42,235] [INFO] EXIT: 'GraphRAG' calling 'claim_negation' (0.6604304313659668 secs).
[2025-10-08 21:23:42,235] [INFO] ENTER: 'GraphRAG' calling 'concede'; CURRENT SPEAKER: mistral-medium_mas_rag, DIALOGUE TURN NUM = 34.
[2025-10-08 21:23:42,235] [INFO] ENTER: 'GraphRAG' calling 'query_graph'; CURRENT SPEAKER: mistral-medium_mas_rag, DIALOGUE TURN NUM = 34.
[2025-10-08 21:23:42,916] [INFO] EXIT: 'GraphRAG' calling 'query_graph' (0.6809239387512207 secs).
[2025-10-08 21:23:42,917] [INFO] EXIT: 'GraphRAG' calling 'concede' (0.6814813613891602 secs).
[2025-10-08 21:23:42,917] [INFO] ENTER: 'GraphRAG' calling 'question'; CURRENT SPEAKER: mistral-medium_mas_rag, DIALOGUE TURN NUM = 34.
[2025-10-08 21:23:42,917] [INFO] ENTER: 'GraphRAG' calling 'query_graph'; CURRENT SPEAKER: mistral-medium_mas_rag, DIALOGUE TURN NUM = 34.
[2025-10-08 21:23:43,037] [INFO] EXIT: 'GraphRAG' calling 'query_graph' (0.1200253963470459 secs).
[2025-10-08 21:23:43,037] [INFO] EXIT: 'GraphRAG' calling 'question' (0.12040042877197266 secs).
[2025-10-08 21:23:43,053] [INFO] ENTER: 'GraphRAG' calling 'why'; CURRENT SPEAKER: mistral-medium_mas_rag, DIALOGUE TURN NUM = 34.
[2025-10-08 21:23:43,053] [INFO] ENTER: 'GraphRAG' calling 'query_graph'; CURRENT SPEAKER: mistral-medium_mas_rag, DIALOGUE TURN NUM = 34.
[2025-10-08 21:23:43,743] [INFO] EXIT: 'GraphRAG' calling 'query_graph' (0.6902439594268799 secs).
[2025-10-08 21:23:43,743] [INFO] EXIT: 'GraphRAG' calling 'why' (0.6906297206878662 secs).
[2025-10-08 21:23:43,744] [INFO] ENTER: 'GraphRAG' calling 'claim_negation'; CURRENT SPEAKER: mistral-medium_mas_rag, DIALOGUE TURN NUM = 34.
[2025-10-08 21:23:43,744] [INFO] ENTER: 'GraphRAG' calling 'query_graph'; CURRENT SPEAKER: mistral-medium_mas_rag, DIALOGUE TURN NUM = 34.
[2025-10-08 21:23:44,410] [INFO] EXIT: 'GraphRAG' calling 'query_graph' (0.6656439304351807 secs).
[2025-10-08 21:23:44,410] [INFO] EXIT: 'GraphRAG' calling 'claim_negation' (0.6660764217376709 secs).
[2025-10-08 21:23:44,410] [INFO] ENTER: 'GraphRAG' calling 'concede'; CURRENT SPEAKER: mistral-medium_mas_rag, DIALOGUE TURN NUM = 34.
[2025-10-08 21:23:44,410] [INFO] ENTER: 'GraphRAG' calling 'query_graph'; CURRENT SPEAKER: mistral-medium_mas_rag, DIALOGUE TURN NUM = 34.
[2025-10-08 21:23:45,101] [INFO] EXIT: 'GraphRAG' calling 'query_graph' (0.6909661293029785 secs).
[2025-10-08 21:23:45,101] [INFO] EXIT: 'GraphRAG' calling 'concede' (0.6913876533508301 secs).
[2025-10-08 21:23:45,101] [INFO] ENTER: 'GraphRAG' calling 'question'; CURRENT SPEAKER: mistral-medium_mas_rag, DIALOGUE TURN NUM = 34.
[2025-10-08 21:23:45,101] [INFO] ENTER: 'GraphRAG' calling 'query_graph'; CURRENT SPEAKER: mistral-medium_mas_rag, DIALOGUE TURN NUM = 34.
[2025-10-08 21:23:45,225] [INFO] EXIT: 'GraphRAG' calling 'query_graph' (0.12380599975585938 secs).
[2025-10-08 21:23:45,225] [INFO] EXIT: 'GraphRAG' calling 'question' (0.12416458129882812 secs).
[2025-10-08 21:23:45,241] [INFO] ENTER: 'GraphRAG' calling 'why'; CURRENT SPEAKER: mistral-medium_mas_rag, DIALOGUE TURN NUM = 34.
[2025-10-08 21:23:45,241] [INFO] ENTER: 'GraphRAG' calling 'query_graph'; CURRENT SPEAKER: mistral-medium_mas_rag, DIALOGUE TURN NUM = 34.
[2025-10-08 21:23:45,926] [INFO] EXIT: 'GraphRAG' calling 'query_graph' (0.6840152740478516 secs).
[2025-10-08 21:23:45,926] [INFO] EXIT: 'GraphRAG' calling 'why' (0.6844077110290527 secs).
[2025-10-08 21:23:45,926] [INFO] ENTER: 'GraphRAG' calling 'claim_negation'; CURRENT SPEAKER: mistral-medium_mas_rag, DIALOGUE TURN NUM = 34.
[2025-10-08 21:23:45,926] [INFO] ENTER: 'GraphRAG' calling 'query_graph'; CURRENT SPEAKER: mistral-medium_mas_rag, DIALOGUE TURN NUM = 34.
[2025-10-08 21:23:46,583] [INFO] EXIT: 'GraphRAG' calling 'query_graph' (0.6573994159698486 secs).
[2025-10-08 21:23:46,584] [INFO] EXIT: 'GraphRAG' calling 'claim_negation' (0.6578335762023926 secs).
[2025-10-08 21:23:46,584] [INFO] ENTER: 'GraphRAG' calling 'concede'; CURRENT SPEAKER: mistral-medium_mas_rag, DIALOGUE TURN NUM = 34.
[2025-10-08 21:23:46,584] [INFO] ENTER: 'GraphRAG' calling 'query_graph'; CURRENT SPEAKER: mistral-medium_mas_rag, DIALOGUE TURN NUM = 34.
[2025-10-08 21:23:47,262] [INFO] EXIT: 'GraphRAG' calling 'query_graph' (0.6779844760894775 secs).
[2025-10-08 21:23:47,262] [INFO] EXIT: 'GraphRAG' calling 'concede' (0.6783978939056396 secs).
[2025-10-08 21:23:47,262] [INFO] ENTER: 'GraphRAG' calling 'question'; CURRENT SPEAKER: mistral-medium_mas_rag, DIALOGUE TURN NUM = 34.
[2025-10-08 21:23:47,262] [INFO] ENTER: 'GraphRAG' calling 'query_graph'; CURRENT SPEAKER: mistral-medium_mas_rag, DIALOGUE TURN NUM = 34.
[2025-10-08 21:23:47,386] [INFO] EXIT: 'GraphRAG' calling 'query_graph' (0.12392306327819824 secs).
[2025-10-08 21:23:47,386] [INFO] EXIT: 'GraphRAG' calling 'question' (0.12431788444519043 secs).
[2025-10-08 21:23:47,404] [INFO] ENTER: 'GraphRAG' calling 'why'; CURRENT SPEAKER: mistral-medium_mas_rag, DIALOGUE TURN NUM = 34.
[2025-10-08 21:23:47,404] [INFO] ENTER: 'GraphRAG' calling 'query_graph'; CURRENT SPEAKER: mistral-medium_mas_rag, DIALOGUE TURN NUM = 34.
[2025-10-08 21:23:48,096] [INFO] EXIT: 'GraphRAG' calling 'query_graph' (0.6922750473022461 secs).
[2025-10-08 21:23:48,097] [INFO] EXIT: 'GraphRAG' calling 'why' (0.6926653385162354 secs).
[2025-10-08 21:23:48,097] [INFO] ENTER: 'GraphRAG' calling 'claim_negation'; CURRENT SPEAKER: mistral-medium_mas_rag, DIALOGUE TURN NUM = 34.
[2025-10-08 21:23:48,097] [INFO] ENTER: 'GraphRAG' calling 'query_graph'; CURRENT SPEAKER: mistral-medium_mas_rag, DIALOGUE TURN NUM = 34.
[2025-10-08 21:23:48,763] [INFO] EXIT: 'GraphRAG' calling 'query_graph' (0.6655483245849609 secs).
[2025-10-08 21:23:48,763] [INFO] EXIT: 'GraphRAG' calling 'claim_negation' (0.665982723236084 secs).
[2025-10-08 21:23:48,763] [INFO] ENTER: 'GraphRAG' calling 'concede'; CURRENT SPEAKER: mistral-medium_mas_rag, DIALOGUE TURN NUM = 34.
[2025-10-08 21:23:48,763] [INFO] ENTER: 'GraphRAG' calling 'query_graph'; CURRENT SPEAKER: mistral-medium_mas_rag, DIALOGUE TURN NUM = 34.
[2025-10-08 21:23:49,457] [INFO] EXIT: 'GraphRAG' calling 'query_graph' (0.6935694217681885 secs).
[2025-10-08 21:23:49,457] [INFO] EXIT: 'GraphRAG' calling 'concede' (0.6940014362335205 secs).
[2025-10-08 21:23:49,457] [INFO] ENTER: 'GraphRAG' calling 'question'; CURRENT SPEAKER: mistral-medium_mas_rag, DIALOGUE TURN NUM = 34.
[2025-10-08 21:23:49,457] [INFO] ENTER: 'GraphRAG' calling 'query_graph'; CURRENT SPEAKER: mistral-medium_mas_rag, DIALOGUE TURN NUM = 34.
[2025-10-08 21:23:49,580] [INFO] EXIT: 'GraphRAG' calling 'query_graph' (0.12239480018615723 secs).
[2025-10-08 21:23:49,580] [INFO] EXIT: 'GraphRAG' calling 'question' (0.1228327751159668 secs).
[2025-10-08 21:23:49,580] [INFO] ENTER: 'GraphRAG' calling 'return_rag_examples'; CURRENT SPEAKER: mistral-medium_mas_rag, DIALOGUE TURN NUM = 34.
[2025-10-08 21:23:49,580] [INFO] EXIT: 'GraphRAG' calling 'return_rag_examples' (1.430511474609375e-06 secs).
[2025-10-08 21:23:49,582] [INFO] ENTER: 'DialogueMoveGenerator' calling 'generate'; CURRENT SPEAKER: mistral-medium_mas_rag, DIALOGUE TURN NUM = 34.
[2025-10-08 21:23:49,582] [INFO] ENTER: 'MASPromptGenerator' calling 'claim_negation'; CURRENT SPEAKER: mistral-medium_mas_rag, DIALOGUE TURN NUM = 34.
[2025-10-08 21:23:49,582] [INFO] EXIT: 'MASPromptGenerator' calling 'claim_negation' (0.00011134147644042969 secs).
[2025-10-08 21:23:49,583] [INFO] ENTER: 'DialogueMoveGenerator' calling 'generate'; CURRENT SPEAKER: mistral-medium_mas_rag, DIALOGUE TURN NUM = 34.
[2025-10-08 21:23:49,584] [INFO] ENTER: 'MASPromptGenerator' calling 'concede_claim'; CURRENT SPEAKER: mistral-medium_mas_rag, DIALOGUE TURN NUM = 34.
[2025-10-08 21:23:49,584] [INFO] EXIT: 'MASPromptGenerator' calling 'concede_claim' (9.560585021972656e-05 secs).
[2025-10-08 21:23:49,585] [INFO] ENTER: 'DialogueMoveGenerator' calling 'generate'; CURRENT SPEAKER: mistral-medium_mas_rag, DIALOGUE TURN NUM = 34.
[2025-10-08 21:23:49,585] [INFO] ENTER: 'MASPromptGenerator' calling 'question_claim'; CURRENT SPEAKER: mistral-medium_mas_rag, DIALOGUE TURN NUM = 34.
[2025-10-08 21:23:49,585] [INFO] EXIT: 'MASPromptGenerator' calling 'question_claim' (9.012222290039062e-05 secs).
[2025-10-08 21:23:49,586] [INFO] ENTER: 'DialogueMoveGenerator' calling 'generate'; CURRENT SPEAKER: mistral-medium_mas_rag, DIALOGUE TURN NUM = 34.
[2025-10-08 21:23:49,588] [INFO] ENTER: 'MASPromptGenerator' calling 'why_claim'; CURRENT SPEAKER: mistral-medium_mas_rag, DIALOGUE TURN NUM = 34.
[2025-10-08 21:23:49,588] [INFO] EXIT: 'MASPromptGenerator' calling 'why_claim' (7.033348083496094e-05 secs).
[2025-10-08 21:23:51,501] [INFO] Completion returned and validated from MODEL = 'mistral-medium'.
[2025-10-08 21:23:51,921] [INFO] Completion returned and validated from MODEL = 'mistral-medium'.
[2025-10-08 21:23:52,649] [INFO] Completion returned and validated from MODEL = 'mistral-medium'.
[2025-10-08 21:23:53,384] [INFO] Completion returned and validated from MODEL = 'mistral-medium'.
[2025-10-08 21:23:54,766] [INFO] Completion returned and validated from MODEL = 'mistral-medium'.
[2025-10-08 21:23:55,413] [INFO] Completion returned and validated from MODEL = 'mistral-medium'.
[2025-10-08 21:23:55,617] [INFO] Completion returned and validated from MODEL = 'mistral-medium'.
[2025-10-08 21:23:55,739] [INFO] Completion returned and validated from MODEL = 'mistral-medium'.
[2025-10-08 21:23:56,940] [INFO] Completion returned and validated from MODEL = 'mistral-medium'.
[2025-10-08 21:23:57,646] [INFO] Completion returned and validated from MODEL = 'mistral-medium'.
[2025-10-08 21:23:58,527] [INFO] Completion returned and validated from MODEL = 'mistral-medium'.
[2025-10-08 21:23:58,686] [INFO] Completion returned and validated from MODEL = 'mistral-medium'.
[2025-10-08 21:23:58,902] [INFO] Completion returned and validated from MODEL = 'mistral-medium'.
[2025-10-08 21:24:00,625] [INFO] Completion returned and validated from MODEL = 'mistral-medium'.
[2025-10-08 21:24:01,167] [INFO] Completion returned and validated from MODEL = 'mistral-medium'.
[2025-10-08 21:24:01,181] [INFO] Completion returned and validated from MODEL = 'mistral-medium'.
[2025-10-08 21:24:01,182] [INFO] EXIT: 'DialogueMoveGenerator' calling 'generate' (11.597933053970337 secs).
[2025-10-08 21:24:01,348] [INFO] Completion returned and validated from MODEL = 'mistral-medium'.
[2025-10-08 21:24:02,633] [INFO] Completion returned and validated from MODEL = 'mistral-medium'.
[2025-10-08 21:24:02,633] [INFO] EXIT: 'DialogueMoveGenerator' calling 'generate' (13.050813436508179 secs).
[2025-10-08 21:24:03,803] [INFO] Completion returned and validated from MODEL = 'mistral-medium'.
[2025-10-08 21:24:03,803] [INFO] EXIT: 'DialogueMoveGenerator' calling 'generate' (14.215380668640137 secs).
[2025-10-08 21:24:04,052] [INFO] Completion returned and validated from MODEL = 'mistral-medium'.
[2025-10-08 21:24:04,053] [INFO] EXIT: 'DialogueMoveGenerator' calling 'generate' (14.46772837638855 secs).
[2025-10-08 21:24:04,054] [INFO] ENTER: 'MASPromptGenerator' calling 'persuasiveness_choice'; CURRENT SPEAKER: mistral-medium_mas_rag, DIALOGUE TURN NUM = 34.
[2025-10-08 21:24:04,055] [INFO] EXIT: 'MASPromptGenerator' calling 'persuasiveness_choice' (0.00026297569274902344 secs).
[2025-10-08 21:24:07,830] [INFO] Completion returned and validated within 'PersuasivenessChoiceAgent'; MODEL = 'mistral-medium'; DIALOGUE TURN NUM = 34.
[2025-10-08 21:24:11,779] [INFO] Completion returned and validated within 'PersuasivenessChoiceAgent'; MODEL = 'mistral-medium'; DIALOGUE TURN NUM = 34.
[2025-10-08 21:24:15,455] [INFO] Completion returned and validated within 'PersuasivenessChoiceAgent'; MODEL = 'mistral-medium'; DIALOGUE TURN NUM = 34.
[2025-10-08 21:24:19,263] [INFO] Completion returned and validated within 'PersuasivenessChoiceAgent'; MODEL = 'mistral-medium'; DIALOGUE TURN NUM = 34.
[2025-10-08 21:24:22,114] [INFO] Completion returned and validated within 'PersuasivenessChoiceAgent'; MODEL = 'mistral-medium'; DIALOGUE TURN NUM = 34.
[2025-10-08 21:24:22,114] [INFO] ENTER: 'DisambiguationAgent' calling '_grouping_similar_utterance_types'; CURRENT SPEAKER: mistral-medium_mas_rag, DIALOGUE TURN NUM = 34.
[2025-10-08 21:24:22,114] [INFO] EXIT: 'DisambiguationAgent' calling '_grouping_similar_utterance_types' (1.2874603271484375e-05 secs).
[2025-10-08 21:24:22,115] [INFO] ENTER: 'DisambiguationAgent' calling '_identifying_similar_sentences_and_choosing_one_to_return_to_user'; CURRENT SPEAKER: mistral-medium_mas_rag, DIALOGUE TURN NUM = 34.
[2025-10-08 21:24:27,424] [INFO] 'DisambiguationAgent' grouped similar sentences, completion returned and validated; MODEL = 'mistral-medium'.
[2025-10-08 21:24:28,810] [INFO] 'DisambiguationAgent' chose sentences to remove, completion returned and validated from MODEL = 'mistral-medium'.
[2025-10-08 21:24:29,722] [INFO] 'DisambiguationAgent' chose sentences to remove, completion returned and validated from MODEL = 'mistral-medium'.
[2025-10-08 21:24:30,640] [INFO] 'DisambiguationAgent' chose sentences to remove, completion returned and validated from MODEL = 'mistral-medium'.
[2025-10-08 21:24:30,640] [INFO] EXIT: 'DisambiguationAgent' calling '_identifying_similar_sentences_and_choosing_one_to_return_to_user' (8.525495529174805 secs).
[2025-10-08 21:24:30,640] [INFO] ENTER: 'DisambiguationAgent' calling '_identifying_similar_sentences_and_choosing_one_to_return_to_user'; CURRENT SPEAKER: mistral-medium_mas_rag, DIALOGUE TURN NUM = 34.
[2025-10-08 21:24:40,114] [INFO] 'DisambiguationAgent' grouped similar sentences, completion returned and validated; MODEL = 'mistral-medium'.
[2025-10-08 21:26:42,314] [INFO] 'DisambiguationAgent' chose sentences to remove, completion returned and validated from MODEL = 'mistral-medium'.
[2025-10-08 21:26:46,048] [INFO] 'DisambiguationAgent' chose sentences to remove, completion returned and validated from MODEL = 'mistral-medium'.
[2025-10-08 21:26:46,945] [INFO] 'DisambiguationAgent' chose sentences to remove, completion returned and validated from MODEL = 'mistral-medium'.
[2025-10-08 21:26:47,939] [INFO] 'DisambiguationAgent' chose sentences to remove, completion returned and validated from MODEL = 'mistral-medium'.
[2025-10-08 21:26:47,939] [INFO] EXIT: 'DisambiguationAgent' calling '_identifying_similar_sentences_and_choosing_one_to_return_to_user' (137.29893159866333 secs).
[2025-10-08 21:26:47,939] [INFO] ENTER: 'DisambiguationAgent' calling '_removing_repetitive_sentences'; CURRENT SPEAKER: mistral-medium_mas_rag, DIALOGUE TURN NUM = 34.
[2025-10-08 21:26:47,939] [INFO] EXIT: 'DisambiguationAgent' calling '_removing_repetitive_sentences' (2.3603439331054688e-05 secs).
[2025-10-08 21:26:47,939] [INFO] ENTER: 'DisambiguationAgent' calling '_choose_the_most_persuasive_sentences'; CURRENT SPEAKER: mistral-medium_mas_rag, DIALOGUE TURN NUM = 34.
[2025-10-08 21:26:51,121] [INFO] 'DisambiguationAgent': reached maximum allowed sentences, succussfully chose most persuasive sentences, completion returned and validated from MODEL = 'mistral-medium'.
[2025-10-08 21:26:51,121] [INFO] EXIT: 'DisambiguationAgent' calling '_choose_the_most_persuasive_sentences' (3.1820149421691895 secs).
[2025-10-08 21:26:51,121] [INFO] ENTER: 'DisambiguationAgent' calling 'return_disambiguated_sentences'; CURRENT SPEAKER: mistral-medium_mas_rag, DIALOGUE TURN NUM = 34.
[2025-10-08 21:26:51,121] [INFO] EXIT: 'DisambiguationAgent' calling 'return_disambiguated_sentences' (3.337860107421875e-06 secs).
[2025-10-08 21:26:51,122] [ERROR] Wrong state used; State of type HumanState; error message: dict has unexpected extra key(s): "graph_rag_examples", "intermediate_generations", "knowledge_base_ensemble_or_model_name", "model_seed", "model_temp", "model_top_p", "number_of_graph_rag_examples", "number_of_vector_based_rag_examples", "political_position_prob_of_na", "political_position_range", "political_position_std", "speaker_model_name", "speaker_type", "vector_based_persona_string", "vector_based_persona_sys_prompt"
[2025-10-08 21:26:51,122] [INFO] Correct state used; State of type GenerationAgentsState; 'IGNORE THE ABOVE ERRORS'.
[2025-10-08 21:26:51,732] [INFO] 'commitment_update' completed '___Claim___' update for current speaker's commitments; MODEL = 'mistral-medium'.
[2025-10-08 21:26:52,148] [INFO] 'commitment_update' completed '___Claim___' update for current speaker's commitments; MODEL = 'mistral-medium'.
[2025-10-08 21:26:52,677] [INFO] 'commitment_update' completed '___Claim___' update for current speaker's commitments; MODEL = 'mistral-medium'.
[2025-10-08 21:26:52,818] [ERROR] Wrong state used; State of type HumanState; error message: dict has unexpected extra key(s): "graph_rag_examples", "intermediate_generations", "knowledge_base_ensemble_or_model_name", "model_seed", "model_temp", "model_top_p", "number_of_graph_rag_examples", "number_of_vector_based_rag_examples", "political_position_prob_of_na", "political_position_range", "political_position_std", "speaker_model_name", "speaker_type", "vector_based_persona_string", "vector_based_persona_sys_prompt"
[2025-10-08 21:26:52,818] [INFO] Correct state used; State of type GenerationAgentsState; 'IGNORE THE ABOVE ERRORS'.
[2025-10-08 21:26:52,818] [INFO] ENTER: 'UtteranceClassificationAgent' calling '_classify_sentence_utterance_types'; CURRENT SPEAKER: grok-3_mas, DIALOGUE TURN NUM = 35.
[2025-10-08 21:26:53,557] [INFO] 'UtteranceClassificationAgent' completion returned and validated from MODEL = 'ModelName.GROK_3'.
[2025-10-08 21:26:54,252] [INFO] 'UtteranceClassificationAgent' completion returned and validated from MODEL = 'ModelName.GROK_3'.
[2025-10-08 21:26:54,942] [INFO] 'UtteranceClassificationAgent' completion returned and validated from MODEL = 'ModelName.GROK_3'.
[2025-10-08 21:26:55,638] [INFO] 'UtteranceClassificationAgent' completion returned and validated from MODEL = 'ModelName.GROK_3'.
[2025-10-08 21:26:57,352] [INFO] 'UtteranceClassificationAgent' completion returned and validated from MODEL = 'ModelName.GROK_3'.
[2025-10-08 21:26:57,352] [INFO] EXIT: 'UtteranceClassificationAgent' calling '_classify_sentence_utterance_types' (4.533490896224976 secs).
[2025-10-08 21:26:57,352] [INFO] ENTER: 'UtteranceClassificationAgent' calling 'return_classified_sentences'; CURRENT SPEAKER: grok-3_mas, DIALOGUE TURN NUM = 35.
[2025-10-08 21:26:57,352] [INFO] EXIT: 'UtteranceClassificationAgent' calling 'return_classified_sentences' (2.384185791015625e-06 secs).
[2025-10-08 21:26:57,354] [INFO] ENTER: 'DialogueMoveGenerator' calling 'generate'; CURRENT SPEAKER: grok-3_mas, DIALOGUE TURN NUM = 35.
[2025-10-08 21:26:57,355] [INFO] ENTER: 'MASPromptGenerator' calling 'claim'; CURRENT SPEAKER: grok-3_mas, DIALOGUE TURN NUM = 35.
[2025-10-08 21:26:57,355] [INFO] EXIT: 'MASPromptGenerator' calling 'claim' (6.29425048828125e-05 secs).
[2025-10-08 21:26:57,355] [INFO] ENTER: 'DialogueMoveGenerator' calling 'generate'; CURRENT SPEAKER: grok-3_mas, DIALOGUE TURN NUM = 35.
[2025-10-08 21:26:57,355] [INFO] ENTER: 'MASPromptGenerator' calling 'claim_negation'; CURRENT SPEAKER: grok-3_mas, DIALOGUE TURN NUM = 35.
[2025-10-08 21:26:57,356] [INFO] EXIT: 'MASPromptGenerator' calling 'claim_negation' (6.079673767089844e-05 secs).
[2025-10-08 21:26:57,357] [INFO] ENTER: 'DialogueMoveGenerator' calling 'generate'; CURRENT SPEAKER: grok-3_mas, DIALOGUE TURN NUM = 35.
[2025-10-08 21:26:57,358] [INFO] ENTER: 'MASPromptGenerator' calling 'concede_claim'; CURRENT SPEAKER: grok-3_mas, DIALOGUE TURN NUM = 35.
[2025-10-08 21:26:57,358] [INFO] EXIT: 'MASPromptGenerator' calling 'concede_claim' (5.173683166503906e-05 secs).
[2025-10-08 21:26:57,378] [INFO] ENTER: 'DialogueMoveGenerator' calling 'generate'; CURRENT SPEAKER: grok-3_mas, DIALOGUE TURN NUM = 35.
[2025-10-08 21:26:57,379] [INFO] ENTER: 'DialogueMoveGenerator' calling 'generate'; CURRENT SPEAKER: grok-3_mas, DIALOGUE TURN NUM = 35.
[2025-10-08 21:26:57,379] [INFO] ENTER: 'MASPromptGenerator' calling 'question_claim'; CURRENT SPEAKER: grok-3_mas, DIALOGUE TURN NUM = 35.
[2025-10-08 21:26:57,380] [INFO] ENTER: 'MASPromptGenerator' calling 'retract_claim'; CURRENT SPEAKER: grok-3_mas, DIALOGUE TURN NUM = 35.
[2025-10-08 21:26:57,381] [INFO] ENTER: 'DialogueMoveGenerator' calling 'generate'; CURRENT SPEAKER: grok-3_mas, DIALOGUE TURN NUM = 35.
[2025-10-08 21:26:57,381] [INFO] ENTER: 'DialogueMoveGenerator' calling 'generate'; CURRENT SPEAKER: grok-3_mas, DIALOGUE TURN NUM = 35.
[2025-10-08 21:26:57,381] [INFO] EXIT: 'MASPromptGenerator' calling 'question_claim' (6.628036499023438e-05 secs).
[2025-10-08 21:26:57,381] [INFO] EXIT: 'MASPromptGenerator' calling 'retract_claim' (5.91278076171875e-05 secs).
[2025-10-08 21:26:57,381] [INFO] ENTER: 'MASPromptGenerator' calling 'since_claim'; CURRENT SPEAKER: grok-3_mas, DIALOGUE TURN NUM = 35.
[2025-10-08 21:26:57,383] [INFO] ENTER: 'MASPromptGenerator' calling 'why_claim'; CURRENT SPEAKER: grok-3_mas, DIALOGUE TURN NUM = 35.
[2025-10-08 21:26:57,384] [INFO] EXIT: 'MASPromptGenerator' calling 'since_claim' (5.602836608886719e-05 secs).
[2025-10-08 21:26:57,384] [INFO] EXIT: 'MASPromptGenerator' calling 'why_claim' (6.0558319091796875e-05 secs).
[2025-10-08 21:27:00,894] [INFO] Completion returned and validated from MODEL = 'grok-3'.
[2025-10-08 21:27:01,318] [INFO] Completion returned and validated from MODEL = 'grok-3'.
[2025-10-08 21:27:01,551] [INFO] Completion returned and validated from MODEL = 'grok-3'.
[2025-10-08 21:27:01,601] [INFO] Completion returned and validated from MODEL = 'grok-3'.
[2025-10-08 21:27:01,873] [INFO] Completion returned and validated from MODEL = 'grok-3'.
[2025-10-08 21:27:02,402] [INFO] Completion returned and validated from MODEL = 'grok-3'.
[2025-10-08 21:27:02,684] [INFO] Completion returned and validated from MODEL = 'grok-3'.
[2025-10-08 21:27:04,131] [INFO] Completion returned and validated from MODEL = 'grok-3'.
[2025-10-08 21:27:04,180] [INFO] Completion returned and validated from MODEL = 'grok-3'.
[2025-10-08 21:27:05,117] [INFO] Completion returned and validated from MODEL = 'grok-3'.
[2025-10-08 21:27:05,117] [INFO] EXIT: 'DialogueMoveGenerator' calling 'generate' (7.73604416847229 secs).
[2025-10-08 21:27:05,272] [INFO] Completion returned and validated from MODEL = 'grok-3'.
[2025-10-08 21:27:05,273] [INFO] EXIT: 'DialogueMoveGenerator' calling 'generate' (7.918094873428345 secs).
[2025-10-08 21:27:05,498] [INFO] Completion returned and validated from MODEL = 'grok-3'.
[2025-10-08 21:27:06,775] [INFO] Completion returned and validated from MODEL = 'grok-3'.
[2025-10-08 21:27:07,143] [INFO] Completion returned and validated from MODEL = 'grok-3'.
[2025-10-08 21:27:07,143] [INFO] EXIT: 'DialogueMoveGenerator' calling 'generate' (9.76249361038208 secs).
[2025-10-08 21:27:07,684] [INFO] Completion returned and validated from MODEL = 'grok-3'.
[2025-10-08 21:27:07,684] [INFO] EXIT: 'DialogueMoveGenerator' calling 'generate' (10.326290130615234 secs).
[2025-10-08 21:27:07,815] [INFO] Completion returned and validated from MODEL = 'grok-3'.
[2025-10-08 21:27:07,815] [INFO] EXIT: 'DialogueMoveGenerator' calling 'generate' (10.43576192855835 secs).
[2025-10-08 21:27:08,361] [INFO] Completion returned and validated from MODEL = 'grok-3'.
[2025-10-08 21:27:08,361] [INFO] EXIT: 'DialogueMoveGenerator' calling 'generate' (11.005952835083008 secs).
[2025-10-08 21:27:09,321] [INFO] Completion returned and validated from MODEL = 'grok-3'.
[2025-10-08 21:27:09,321] [INFO] EXIT: 'DialogueMoveGenerator' calling 'generate' (11.93820071220398 secs).
[2025-10-08 21:27:09,322] [INFO] ENTER: 'MASPromptGenerator' calling 'persuasiveness_choice'; CURRENT SPEAKER: grok-3_mas, DIALOGUE TURN NUM = 35.
[2025-10-08 21:27:09,323] [INFO] EXIT: 'MASPromptGenerator' calling 'persuasiveness_choice' (0.0002491474151611328 secs).
[2025-10-08 21:27:11,691] [INFO] Completion returned and validated within 'PersuasivenessChoiceAgent'; MODEL = 'grok-3'; DIALOGUE TURN NUM = 35.
[2025-10-08 21:27:13,964] [INFO] Completion returned and validated within 'PersuasivenessChoiceAgent'; MODEL = 'grok-3'; DIALOGUE TURN NUM = 35.
[2025-10-08 21:27:17,285] [INFO] Completion returned and validated within 'PersuasivenessChoiceAgent'; MODEL = 'grok-3'; DIALOGUE TURN NUM = 35.
[2025-10-08 21:27:19,866] [INFO] Completion returned and validated within 'PersuasivenessChoiceAgent'; MODEL = 'grok-3'; DIALOGUE TURN NUM = 35.
[2025-10-08 21:27:23,110] [INFO] Completion returned and validated within 'PersuasivenessChoiceAgent'; MODEL = 'grok-3'; DIALOGUE TURN NUM = 35.
[2025-10-08 21:27:23,111] [INFO] ENTER: 'DisambiguationAgent' calling '_grouping_similar_utterance_types'; CURRENT SPEAKER: grok-3_mas, DIALOGUE TURN NUM = 35.
[2025-10-08 21:27:23,111] [INFO] EXIT: 'DisambiguationAgent' calling '_grouping_similar_utterance_types' (1.0013580322265625e-05 secs).
[2025-10-08 21:27:23,111] [INFO] ENTER: 'DisambiguationAgent' calling '_identifying_similar_sentences_and_choosing_one_to_return_to_user'; CURRENT SPEAKER: grok-3_mas, DIALOGUE TURN NUM = 35.
[2025-10-08 21:27:32,956] [INFO] 'DisambiguationAgent' grouped similar sentences, completion returned and validated; MODEL = 'grok-3'.
[2025-10-08 21:27:34,434] [INFO] 'DisambiguationAgent' chose sentences to remove, completion returned and validated from MODEL = 'grok-3'.
[2025-10-08 21:27:35,512] [INFO] 'DisambiguationAgent' chose sentences to remove, completion returned and validated from MODEL = 'grok-3'.
[2025-10-08 21:27:36,801] [INFO] 'DisambiguationAgent' chose sentences to remove, completion returned and validated from MODEL = 'grok-3'.
[2025-10-08 21:27:37,898] [INFO] 'DisambiguationAgent' chose sentences to remove, completion returned and validated from MODEL = 'grok-3'.
[2025-10-08 21:27:38,954] [INFO] 'DisambiguationAgent' chose sentences to remove, completion returned and validated from MODEL = 'grok-3'.
[2025-10-08 21:27:38,954] [INFO] EXIT: 'DisambiguationAgent' calling '_identifying_similar_sentences_and_choosing_one_to_return_to_user' (15.842833042144775 secs).
[2025-10-08 21:27:38,954] [INFO] ENTER: 'DisambiguationAgent' calling '_removing_repetitive_sentences'; CURRENT SPEAKER: grok-3_mas, DIALOGUE TURN NUM = 35.
[2025-10-08 21:27:38,954] [INFO] EXIT: 'DisambiguationAgent' calling '_removing_repetitive_sentences' (2.09808349609375e-05 secs).
[2025-10-08 21:27:38,954] [INFO] ENTER: 'DisambiguationAgent' calling 'return_disambiguated_sentences'; CURRENT SPEAKER: grok-3_mas, DIALOGUE TURN NUM = 35.
[2025-10-08 21:27:38,954] [INFO] EXIT: 'DisambiguationAgent' calling 'return_disambiguated_sentences' (2.1457672119140625e-06 secs).
[2025-10-08 21:27:38,954] [ERROR] Wrong state used; State of type HumanState; error message: dict has unexpected extra key(s): "graph_rag_examples", "intermediate_generations", "knowledge_base_ensemble_or_model_name", "model_seed", "model_temp", "model_top_p", "number_of_graph_rag_examples", "number_of_vector_based_rag_examples", "political_position_prob_of_na", "political_position_range", "political_position_std", "speaker_model_name", "speaker_type", "vector_based_persona_string", "vector_based_persona_sys_prompt"
[2025-10-08 21:27:38,955] [INFO] Correct state used; State of type GenerationAgentsState; 'IGNORE THE ABOVE ERRORS'.
[2025-10-08 21:27:39,596] [INFO] 'commitment_update' completed '___Since___' update; MODEL = 'grok-3'.
[2025-10-08 21:27:40,252] [INFO] 'commitment_update' completed '___Claim___' update for current speaker's commitments; MODEL = 'grok-3'.
[2025-10-08 21:27:40,880] [INFO] 'commitment_update' completed '___Claim___' update for current speaker's commitments; MODEL = 'grok-3'.
[2025-10-08 21:27:41,484] [INFO] 'commitment_update' completed '___Claim___' update for current speaker's commitments; MODEL = 'grok-3'.
[2025-10-08 21:27:42,116] [INFO] 'commitment_update' completed '___Claim___' update for current speaker's commitments; MODEL = 'grok-3'.
[2025-10-08 21:27:42,202] [ERROR] Wrong state used; State of type HumanState; error message: dict has unexpected extra key(s): "graph_rag_examples", "intermediate_generations", "knowledge_base_ensemble_or_model_name", "model_seed", "model_temp", "model_top_p", "number_of_graph_rag_examples", "number_of_vector_based_rag_examples", "political_position_prob_of_na", "political_position_range", "political_position_std", "speaker_model_name", "speaker_type", "vector_based_persona_string", "vector_based_persona_sys_prompt"
[2025-10-08 21:27:42,202] [INFO] Correct state used; State of type GenerationAgentsState; 'IGNORE THE ABOVE ERRORS'.
[2025-10-08 21:27:42,202] [INFO] ENTER: 'UtteranceClassificationAgent' calling '_classify_sentence_utterance_types'; CURRENT SPEAKER: mistral-medium_mas_rag, DIALOGUE TURN NUM = 36.
[2025-10-08 21:27:42,660] [INFO] 'UtteranceClassificationAgent' completion returned and validated from MODEL = 'ModelName.MISTRAL_MEDIUM'.
[2025-10-08 21:27:47,086] [INFO] 'UtteranceClassificationAgent' completion returned and validated from MODEL = 'ModelName.MISTRAL_MEDIUM'.
[2025-10-08 21:27:47,984] [INFO] 'UtteranceClassificationAgent' completion returned and validated from MODEL = 'ModelName.MISTRAL_MEDIUM'.
[2025-10-08 21:27:48,382] [INFO] 'UtteranceClassificationAgent' completion returned and validated from MODEL = 'ModelName.MISTRAL_MEDIUM'.
[2025-10-08 21:27:48,867] [INFO] 'UtteranceClassificationAgent' completion returned and validated from MODEL = 'ModelName.MISTRAL_MEDIUM'.
[2025-10-08 21:27:48,867] [INFO] EXIT: 'UtteranceClassificationAgent' calling '_classify_sentence_utterance_types' (6.664733648300171 secs).
[2025-10-08 21:27:48,867] [INFO] ENTER: 'UtteranceClassificationAgent' calling 'return_classified_sentences'; CURRENT SPEAKER: mistral-medium_mas_rag, DIALOGUE TURN NUM = 36.
[2025-10-08 21:27:48,867] [INFO] EXIT: 'UtteranceClassificationAgent' calling 'return_classified_sentences' (2.86102294921875e-06 secs).
[2025-10-08 21:27:48,887] [INFO] ENTER: 'GraphRAG' calling 'why'; CURRENT SPEAKER: mistral-medium_mas_rag, DIALOGUE TURN NUM = 36.
[2025-10-08 21:27:48,887] [INFO] ENTER: 'GraphRAG' calling 'query_graph'; CURRENT SPEAKER: mistral-medium_mas_rag, DIALOGUE TURN NUM = 36.
[2025-10-08 21:27:49,567] [INFO] EXIT: 'GraphRAG' calling 'query_graph' (0.6792905330657959 secs).
[2025-10-08 21:27:49,567] [INFO] EXIT: 'GraphRAG' calling 'why' (0.6797037124633789 secs).
[2025-10-08 21:27:49,567] [INFO] ENTER: 'GraphRAG' calling 'claim_negation'; CURRENT SPEAKER: mistral-medium_mas_rag, DIALOGUE TURN NUM = 36.
[2025-10-08 21:27:49,567] [INFO] ENTER: 'GraphRAG' calling 'query_graph'; CURRENT SPEAKER: mistral-medium_mas_rag, DIALOGUE TURN NUM = 36.
[2025-10-08 21:27:50,229] [INFO] EXIT: 'GraphRAG' calling 'query_graph' (0.6616613864898682 secs).
[2025-10-08 21:27:50,229] [INFO] EXIT: 'GraphRAG' calling 'claim_negation' (0.6621067523956299 secs).
[2025-10-08 21:27:50,229] [INFO] ENTER: 'GraphRAG' calling 'concede'; CURRENT SPEAKER: mistral-medium_mas_rag, DIALOGUE TURN NUM = 36.
[2025-10-08 21:27:50,229] [INFO] ENTER: 'GraphRAG' calling 'query_graph'; CURRENT SPEAKER: mistral-medium_mas_rag, DIALOGUE TURN NUM = 36.
[2025-10-08 21:27:50,917] [INFO] EXIT: 'GraphRAG' calling 'query_graph' (0.6874217987060547 secs).
[2025-10-08 21:27:50,917] [INFO] EXIT: 'GraphRAG' calling 'concede' (0.6878316402435303 secs).
[2025-10-08 21:27:50,917] [INFO] ENTER: 'GraphRAG' calling 'question'; CURRENT SPEAKER: mistral-medium_mas_rag, DIALOGUE TURN NUM = 36.
[2025-10-08 21:27:50,917] [INFO] ENTER: 'GraphRAG' calling 'query_graph'; CURRENT SPEAKER: mistral-medium_mas_rag, DIALOGUE TURN NUM = 36.
[2025-10-08 21:27:51,036] [INFO] EXIT: 'GraphRAG' calling 'query_graph' (0.11882662773132324 secs).
[2025-10-08 21:27:51,036] [INFO] EXIT: 'GraphRAG' calling 'question' (0.11921930313110352 secs).
[2025-10-08 21:27:51,053] [INFO] ENTER: 'GraphRAG' calling 'why'; CURRENT SPEAKER: mistral-medium_mas_rag, DIALOGUE TURN NUM = 36.
[2025-10-08 21:27:51,053] [INFO] ENTER: 'GraphRAG' calling 'query_graph'; CURRENT SPEAKER: mistral-medium_mas_rag, DIALOGUE TURN NUM = 36.
[2025-10-08 21:27:51,733] [INFO] EXIT: 'GraphRAG' calling 'query_graph' (0.6799604892730713 secs).
[2025-10-08 21:27:51,733] [INFO] EXIT: 'GraphRAG' calling 'why' (0.6803872585296631 secs).
[2025-10-08 21:27:51,733] [INFO] ENTER: 'GraphRAG' calling 'claim_negation'; CURRENT SPEAKER: mistral-medium_mas_rag, DIALOGUE TURN NUM = 36.
[2025-10-08 21:27:51,734] [INFO] ENTER: 'GraphRAG' calling 'query_graph'; CURRENT SPEAKER: mistral-medium_mas_rag, DIALOGUE TURN NUM = 36.
[2025-10-08 21:27:52,399] [INFO] EXIT: 'GraphRAG' calling 'query_graph' (0.6648821830749512 secs).
[2025-10-08 21:27:52,399] [INFO] EXIT: 'GraphRAG' calling 'claim_negation' (0.6653447151184082 secs).
[2025-10-08 21:27:52,399] [INFO] ENTER: 'GraphRAG' calling 'concede'; CURRENT SPEAKER: mistral-medium_mas_rag, DIALOGUE TURN NUM = 36.
[2025-10-08 21:27:52,399] [INFO] ENTER: 'GraphRAG' calling 'query_graph'; CURRENT SPEAKER: mistral-medium_mas_rag, DIALOGUE TURN NUM = 36.
[2025-10-08 21:27:53,094] [INFO] EXIT: 'GraphRAG' calling 'query_graph' (0.6953761577606201 secs).
[2025-10-08 21:27:53,095] [INFO] EXIT: 'GraphRAG' calling 'concede' (0.6957848072052002 secs).
[2025-10-08 21:27:53,095] [INFO] ENTER: 'GraphRAG' calling 'question'; CURRENT SPEAKER: mistral-medium_mas_rag, DIALOGUE TURN NUM = 36.
[2025-10-08 21:27:53,095] [INFO] ENTER: 'GraphRAG' calling 'query_graph'; CURRENT SPEAKER: mistral-medium_mas_rag, DIALOGUE TURN NUM = 36.
[2025-10-08 21:27:53,216] [INFO] EXIT: 'GraphRAG' calling 'query_graph' (0.12136149406433105 secs).
[2025-10-08 21:27:53,216] [INFO] EXIT: 'GraphRAG' calling 'question' (0.12180137634277344 secs).
[2025-10-08 21:27:53,233] [INFO] ENTER: 'GraphRAG' calling 'why'; CURRENT SPEAKER: mistral-medium_mas_rag, DIALOGUE TURN NUM = 36.
[2025-10-08 21:27:53,234] [INFO] ENTER: 'GraphRAG' calling 'query_graph'; CURRENT SPEAKER: mistral-medium_mas_rag, DIALOGUE TURN NUM = 36.
[2025-10-08 21:27:53,949] [INFO] EXIT: 'GraphRAG' calling 'query_graph' (0.7152099609375 secs).
[2025-10-08 21:27:53,949] [INFO] EXIT: 'GraphRAG' calling 'why' (0.7156128883361816 secs).
[2025-10-08 21:27:53,949] [INFO] ENTER: 'GraphRAG' calling 'concede'; CURRENT SPEAKER: mistral-medium_mas_rag, DIALOGUE TURN NUM = 36.
[2025-10-08 21:27:53,949] [INFO] ENTER: 'GraphRAG' calling 'query_graph'; CURRENT SPEAKER: mistral-medium_mas_rag, DIALOGUE TURN NUM = 36.
[2025-10-08 21:27:54,637] [INFO] EXIT: 'GraphRAG' calling 'query_graph' (0.6881871223449707 secs).
[2025-10-08 21:27:54,638] [INFO] EXIT: 'GraphRAG' calling 'concede' (0.6885786056518555 secs).
[2025-10-08 21:27:54,638] [INFO] ENTER: 'GraphRAG' calling 'question'; CURRENT SPEAKER: mistral-medium_mas_rag, DIALOGUE TURN NUM = 36.
[2025-10-08 21:27:54,638] [INFO] ENTER: 'GraphRAG' calling 'query_graph'; CURRENT SPEAKER: mistral-medium_mas_rag, DIALOGUE TURN NUM = 36.
[2025-10-08 21:27:55,318] [INFO] EXIT: 'GraphRAG' calling 'query_graph' (0.6798005104064941 secs).
[2025-10-08 21:27:55,318] [INFO] EXIT: 'GraphRAG' calling 'question' (0.680281400680542 secs).
[2025-10-08 21:27:55,334] [INFO] ENTER: 'GraphRAG' calling 'why'; CURRENT SPEAKER: mistral-medium_mas_rag, DIALOGUE TURN NUM = 36.
[2025-10-08 21:27:55,335] [INFO] ENTER: 'GraphRAG' calling 'query_graph'; CURRENT SPEAKER: mistral-medium_mas_rag, DIALOGUE TURN NUM = 36.
[2025-10-08 21:27:56,024] [INFO] EXIT: 'GraphRAG' calling 'query_graph' (0.6886587142944336 secs).
[2025-10-08 21:27:56,024] [INFO] EXIT: 'GraphRAG' calling 'why' (0.6890833377838135 secs).
[2025-10-08 21:27:56,024] [INFO] ENTER: 'GraphRAG' calling 'claim_negation'; CURRENT SPEAKER: mistral-medium_mas_rag, DIALOGUE TURN NUM = 36.
[2025-10-08 21:27:56,024] [INFO] ENTER: 'GraphRAG' calling 'query_graph'; CURRENT SPEAKER: mistral-medium_mas_rag, DIALOGUE TURN NUM = 36.
[2025-10-08 21:27:56,686] [INFO] EXIT: 'GraphRAG' calling 'query_graph' (0.6619806289672852 secs).
[2025-10-08 21:27:56,686] [INFO] EXIT: 'GraphRAG' calling 'claim_negation' (0.662407398223877 secs).
[2025-10-08 21:27:56,686] [INFO] ENTER: 'GraphRAG' calling 'concede'; CURRENT SPEAKER: mistral-medium_mas_rag, DIALOGUE TURN NUM = 36.
[2025-10-08 21:27:56,686] [INFO] ENTER: 'GraphRAG' calling 'query_graph'; CURRENT SPEAKER: mistral-medium_mas_rag, DIALOGUE TURN NUM = 36.
[2025-10-08 21:27:57,373] [INFO] EXIT: 'GraphRAG' calling 'query_graph' (0.6864216327667236 secs).
[2025-10-08 21:27:57,373] [INFO] EXIT: 'GraphRAG' calling 'concede' (0.6868174076080322 secs).
[2025-10-08 21:27:57,373] [INFO] ENTER: 'GraphRAG' calling 'question'; CURRENT SPEAKER: mistral-medium_mas_rag, DIALOGUE TURN NUM = 36.
[2025-10-08 21:27:57,373] [INFO] ENTER: 'GraphRAG' calling 'query_graph'; CURRENT SPEAKER: mistral-medium_mas_rag, DIALOGUE TURN NUM = 36.
[2025-10-08 21:27:57,494] [INFO] EXIT: 'GraphRAG' calling 'query_graph' (0.12094616889953613 secs).
[2025-10-08 21:27:57,494] [INFO] EXIT: 'GraphRAG' calling 'question' (0.12133550643920898 secs).
[2025-10-08 21:27:57,511] [INFO] ENTER: 'GraphRAG' calling 'why'; CURRENT SPEAKER: mistral-medium_mas_rag, DIALOGUE TURN NUM = 36.
[2025-10-08 21:27:57,512] [INFO] ENTER: 'GraphRAG' calling 'query_graph'; CURRENT SPEAKER: mistral-medium_mas_rag, DIALOGUE TURN NUM = 36.
[2025-10-08 21:27:58,195] [INFO] EXIT: 'GraphRAG' calling 'query_graph' (0.6837410926818848 secs).
[2025-10-08 21:27:58,196] [INFO] EXIT: 'GraphRAG' calling 'why' (0.6841349601745605 secs).
[2025-10-08 21:27:58,196] [INFO] ENTER: 'GraphRAG' calling 'claim_negation'; CURRENT SPEAKER: mistral-medium_mas_rag, DIALOGUE TURN NUM = 36.
[2025-10-08 21:27:58,196] [INFO] ENTER: 'GraphRAG' calling 'query_graph'; CURRENT SPEAKER: mistral-medium_mas_rag, DIALOGUE TURN NUM = 36.
[2025-10-08 21:27:58,848] [INFO] EXIT: 'GraphRAG' calling 'query_graph' (0.652371883392334 secs).
[2025-10-08 21:27:58,848] [INFO] EXIT: 'GraphRAG' calling 'claim_negation' (0.6527881622314453 secs).
[2025-10-08 21:27:58,848] [INFO] ENTER: 'GraphRAG' calling 'concede'; CURRENT SPEAKER: mistral-medium_mas_rag, DIALOGUE TURN NUM = 36.
[2025-10-08 21:27:58,849] [INFO] ENTER: 'GraphRAG' calling 'query_graph'; CURRENT SPEAKER: mistral-medium_mas_rag, DIALOGUE TURN NUM = 36.
[2025-10-08 21:27:59,546] [INFO] EXIT: 'GraphRAG' calling 'query_graph' (0.6970844268798828 secs).
[2025-10-08 21:27:59,546] [INFO] EXIT: 'GraphRAG' calling 'concede' (0.6975104808807373 secs).
[2025-10-08 21:27:59,546] [INFO] ENTER: 'GraphRAG' calling 'question'; CURRENT SPEAKER: mistral-medium_mas_rag, DIALOGUE TURN NUM = 36.
[2025-10-08 21:27:59,546] [INFO] ENTER: 'GraphRAG' calling 'query_graph'; CURRENT SPEAKER: mistral-medium_mas_rag, DIALOGUE TURN NUM = 36.
[2025-10-08 21:27:59,672] [INFO] EXIT: 'GraphRAG' calling 'query_graph' (0.12580156326293945 secs).
[2025-10-08 21:27:59,672] [INFO] EXIT: 'GraphRAG' calling 'question' (0.12619352340698242 secs).
[2025-10-08 21:27:59,672] [INFO] ENTER: 'GraphRAG' calling 'return_rag_examples'; CURRENT SPEAKER: mistral-medium_mas_rag, DIALOGUE TURN NUM = 36.
[2025-10-08 21:27:59,672] [INFO] EXIT: 'GraphRAG' calling 'return_rag_examples' (2.1457672119140625e-06 secs).
[2025-10-08 21:27:59,675] [INFO] ENTER: 'DialogueMoveGenerator' calling 'generate'; CURRENT SPEAKER: mistral-medium_mas_rag, DIALOGUE TURN NUM = 36.
[2025-10-08 21:27:59,675] [INFO] ENTER: 'MASPromptGenerator' calling 'claim_negation'; CURRENT SPEAKER: mistral-medium_mas_rag, DIALOGUE TURN NUM = 36.
[2025-10-08 21:27:59,675] [INFO] EXIT: 'MASPromptGenerator' calling 'claim_negation' (9.298324584960938e-05 secs).
[2025-10-08 21:27:59,676] [INFO] ENTER: 'DialogueMoveGenerator' calling 'generate'; CURRENT SPEAKER: mistral-medium_mas_rag, DIALOGUE TURN NUM = 36.
[2025-10-08 21:27:59,677] [INFO] ENTER: 'MASPromptGenerator' calling 'concede_claim'; CURRENT SPEAKER: mistral-medium_mas_rag, DIALOGUE TURN NUM = 36.
[2025-10-08 21:27:59,677] [INFO] EXIT: 'MASPromptGenerator' calling 'concede_claim' (9.775161743164062e-05 secs).
[2025-10-08 21:27:59,678] [INFO] ENTER: 'DialogueMoveGenerator' calling 'generate'; CURRENT SPEAKER: mistral-medium_mas_rag, DIALOGUE TURN NUM = 36.
[2025-10-08 21:27:59,678] [INFO] ENTER: 'MASPromptGenerator' calling 'question_claim'; CURRENT SPEAKER: mistral-medium_mas_rag, DIALOGUE TURN NUM = 36.
[2025-10-08 21:27:59,678] [INFO] EXIT: 'MASPromptGenerator' calling 'question_claim' (8.058547973632812e-05 secs).
[2025-10-08 21:27:59,679] [INFO] ENTER: 'DialogueMoveGenerator' calling 'generate'; CURRENT SPEAKER: mistral-medium_mas_rag, DIALOGUE TURN NUM = 36.
[2025-10-08 21:27:59,680] [INFO] ENTER: 'MASPromptGenerator' calling 'why_claim'; CURRENT SPEAKER: mistral-medium_mas_rag, DIALOGUE TURN NUM = 36.
[2025-10-08 21:27:59,681] [INFO] EXIT: 'MASPromptGenerator' calling 'why_claim' (7.152557373046875e-05 secs).
[2025-10-08 21:28:02,037] [INFO] Completion returned and validated from MODEL = 'mistral-medium'.
[2025-10-08 21:28:02,100] [INFO] Completion returned and validated from MODEL = 'mistral-medium'.
[2025-10-08 21:28:03,032] [INFO] Completion returned and validated from MODEL = 'mistral-medium'.
[2025-10-08 21:28:04,051] [INFO] Completion returned and validated from MODEL = 'mistral-medium'.
[2025-10-08 21:28:04,162] [INFO] Completion returned and validated from MODEL = 'mistral-medium'.
[2025-10-08 21:28:04,340] [INFO] Completion returned and validated from MODEL = 'mistral-medium'.
[2025-10-08 21:28:05,697] [INFO] Completion returned and validated from MODEL = 'mistral-medium'.
[2025-10-08 21:28:06,041] [INFO] Completion returned and validated from MODEL = 'mistral-medium'.
[2025-10-08 21:28:06,294] [INFO] Completion returned and validated from MODEL = 'mistral-medium'.
[2025-10-08 21:28:06,857] [INFO] Completion returned and validated from MODEL = 'mistral-medium'.
[2025-10-08 21:28:07,669] [INFO] Completion returned and validated from MODEL = 'mistral-medium'.
[2025-10-08 21:28:08,370] [INFO] Completion returned and validated from MODEL = 'mistral-medium'.
[2025-10-08 21:28:08,758] [INFO] Completion returned and validated from MODEL = 'mistral-medium'.
[2025-10-08 21:28:08,759] [INFO] EXIT: 'DialogueMoveGenerator' calling 'generate' (9.083486080169678 secs).
[2025-10-08 21:28:09,076] [INFO] Completion returned and validated from MODEL = 'mistral-medium'.
[2025-10-08 21:28:09,677] [INFO] Completion returned and validated from MODEL = 'mistral-medium'.
[2025-10-08 21:28:09,677] [INFO] EXIT: 'DialogueMoveGenerator' calling 'generate' (9.99996018409729 secs).
[2025-10-08 21:28:10,870] [INFO] Completion returned and validated from MODEL = 'mistral-medium'.
[2025-10-08 21:28:11,560] [INFO] Completion returned and validated from MODEL = 'mistral-medium'.
[2025-10-08 21:28:24,261] [INFO] Completion returned and validated from MODEL = 'mistral-medium'.
[2025-10-08 21:28:24,261] [INFO] EXIT: 'DialogueMoveGenerator' calling 'generate' (24.58117175102234 secs).
[2025-10-08 21:28:24,390] [INFO] Completion returned and validated from MODEL = 'mistral-medium'.
[2025-10-08 21:28:24,390] [INFO] EXIT: 'DialogueMoveGenerator' calling 'generate' (24.712214708328247 secs).
[2025-10-08 21:28:24,391] [INFO] ENTER: 'MASPromptGenerator' calling 'persuasiveness_choice'; CURRENT SPEAKER: mistral-medium_mas_rag, DIALOGUE TURN NUM = 36.
[2025-10-08 21:28:24,392] [INFO] EXIT: 'MASPromptGenerator' calling 'persuasiveness_choice' (0.0002956390380859375 secs).
[2025-10-08 21:28:27,525] [INFO] Completion returned and validated within 'PersuasivenessChoiceAgent'; MODEL = 'mistral-medium'; DIALOGUE TURN NUM = 36.
[2025-10-08 21:28:40,780] [INFO] Completion returned and validated within 'PersuasivenessChoiceAgent'; MODEL = 'mistral-medium'; DIALOGUE TURN NUM = 36.
[2025-10-08 21:28:43,963] [INFO] Completion returned and validated within 'PersuasivenessChoiceAgent'; MODEL = 'mistral-medium'; DIALOGUE TURN NUM = 36.
[2025-10-08 21:28:46,900] [INFO] Completion returned and validated within 'PersuasivenessChoiceAgent'; MODEL = 'mistral-medium'; DIALOGUE TURN NUM = 36.
[2025-10-08 21:28:50,615] [INFO] Completion returned and validated within 'PersuasivenessChoiceAgent'; MODEL = 'mistral-medium'; DIALOGUE TURN NUM = 36.
[2025-10-08 21:28:50,615] [INFO] ENTER: 'DisambiguationAgent' calling '_grouping_similar_utterance_types'; CURRENT SPEAKER: mistral-medium_mas_rag, DIALOGUE TURN NUM = 36.
[2025-10-08 21:28:50,615] [INFO] EXIT: 'DisambiguationAgent' calling '_grouping_similar_utterance_types' (1.2159347534179688e-05 secs).
[2025-10-08 21:28:50,616] [INFO] ENTER: 'DisambiguationAgent' calling '_identifying_similar_sentences_and_choosing_one_to_return_to_user'; CURRENT SPEAKER: mistral-medium_mas_rag, DIALOGUE TURN NUM = 36.
[2025-10-08 21:28:55,657] [INFO] 'DisambiguationAgent' grouped similar sentences, completion returned and validated; MODEL = 'mistral-medium'.
[2025-10-08 21:28:56,814] [INFO] 'DisambiguationAgent' chose sentences to remove, completion returned and validated from MODEL = 'mistral-medium'.
[2025-10-08 21:28:57,775] [INFO] 'DisambiguationAgent' chose sentences to remove, completion returned and validated from MODEL = 'mistral-medium'.
[2025-10-08 21:29:07,899] [INFO] 'DisambiguationAgent' chose sentences to remove, completion returned and validated from MODEL = 'mistral-medium'.
[2025-10-08 21:29:07,899] [INFO] EXIT: 'DisambiguationAgent' calling '_identifying_similar_sentences_and_choosing_one_to_return_to_user' (17.283355951309204 secs).
[2025-10-08 21:29:07,899] [INFO] ENTER: 'DisambiguationAgent' calling '_identifying_similar_sentences_and_choosing_one_to_return_to_user'; CURRENT SPEAKER: mistral-medium_mas_rag, DIALOGUE TURN NUM = 36.
[2025-10-08 21:29:15,572] [INFO] 'DisambiguationAgent' grouped similar sentences, completion returned and validated; MODEL = 'mistral-medium'.
[2025-10-08 21:29:16,624] [INFO] 'DisambiguationAgent' chose sentences to remove, completion returned and validated from MODEL = 'mistral-medium'.
[2025-10-08 21:29:17,607] [INFO] 'DisambiguationAgent' chose sentences to remove, completion returned and validated from MODEL = 'mistral-medium'.
[2025-10-08 21:29:18,519] [INFO] 'DisambiguationAgent' chose sentences to remove, completion returned and validated from MODEL = 'mistral-medium'.
[2025-10-08 21:29:19,505] [INFO] 'DisambiguationAgent' chose sentences to remove, completion returned and validated from MODEL = 'mistral-medium'.
[2025-10-08 21:29:19,505] [INFO] EXIT: 'DisambiguationAgent' calling '_identifying_similar_sentences_and_choosing_one_to_return_to_user' (11.606111288070679 secs).
[2025-10-08 21:29:19,505] [INFO] ENTER: 'DisambiguationAgent' calling '_removing_repetitive_sentences'; CURRENT SPEAKER: mistral-medium_mas_rag, DIALOGUE TURN NUM = 36.
[2025-10-08 21:29:19,505] [INFO] EXIT: 'DisambiguationAgent' calling '_removing_repetitive_sentences' (2.09808349609375e-05 secs).
[2025-10-08 21:29:19,505] [INFO] ENTER: 'DisambiguationAgent' calling '_choose_the_most_persuasive_sentences'; CURRENT SPEAKER: mistral-medium_mas_rag, DIALOGUE TURN NUM = 36.
[2025-10-08 21:29:22,948] [INFO] 'DisambiguationAgent': reached maximum allowed sentences, succussfully chose most persuasive sentences, completion returned and validated from MODEL = 'mistral-medium'.
[2025-10-08 21:29:22,948] [INFO] EXIT: 'DisambiguationAgent' calling '_choose_the_most_persuasive_sentences' (3.442469596862793 secs).
[2025-10-08 21:29:22,948] [INFO] ENTER: 'DisambiguationAgent' calling 'return_disambiguated_sentences'; CURRENT SPEAKER: mistral-medium_mas_rag, DIALOGUE TURN NUM = 36.
[2025-10-08 21:29:22,948] [INFO] EXIT: 'DisambiguationAgent' calling 'return_disambiguated_sentences' (3.0994415283203125e-06 secs).
[2025-10-08 21:29:22,948] [ERROR] Wrong state used; State of type HumanState; error message: dict has unexpected extra key(s): "graph_rag_examples", "intermediate_generations", "knowledge_base_ensemble_or_model_name", "model_seed", "model_temp", "model_top_p", "number_of_graph_rag_examples", "number_of_vector_based_rag_examples", "political_position_prob_of_na", "political_position_range", "political_position_std", "speaker_model_name", "speaker_type", "vector_based_persona_string", "vector_based_persona_sys_prompt"
[2025-10-08 21:29:22,949] [INFO] Correct state used; State of type GenerationAgentsState; 'IGNORE THE ABOVE ERRORS'.
[2025-10-08 21:29:23,364] [INFO] 'commitment_update' completed '___Claim___' update for current speaker's commitments; MODEL = 'mistral-medium'.
[2025-10-08 21:29:23,800] [INFO] 'commitment_update' completed '___Claim___' update for current speaker's commitments; MODEL = 'mistral-medium'.
[2025-10-08 21:29:24,238] [INFO] 'commitment_update' completed '___Claim___' update for current speaker's commitments; MODEL = 'mistral-medium'.
[2025-10-08 21:29:24,382] [ERROR] Wrong state used; State of type HumanState; error message: dict has unexpected extra key(s): "graph_rag_examples", "intermediate_generations", "knowledge_base_ensemble_or_model_name", "model_seed", "model_temp", "model_top_p", "number_of_graph_rag_examples", "number_of_vector_based_rag_examples", "political_position_prob_of_na", "political_position_range", "political_position_std", "speaker_model_name", "speaker_type", "vector_based_persona_string", "vector_based_persona_sys_prompt"
[2025-10-08 21:29:24,384] [INFO] Correct state used; State of type GenerationAgentsState; 'IGNORE THE ABOVE ERRORS'.
[2025-10-08 21:29:24,384] [INFO] ENTER: 'UtteranceClassificationAgent' calling '_classify_sentence_utterance_types'; CURRENT SPEAKER: grok-3_mas, DIALOGUE TURN NUM = 37.
[2025-10-08 21:29:25,329] [INFO] 'UtteranceClassificationAgent' completion returned and validated from MODEL = 'ModelName.GROK_3'.
[2025-10-08 21:29:25,923] [INFO] 'UtteranceClassificationAgent' completion returned and validated from MODEL = 'ModelName.GROK_3'.
[2025-10-08 21:29:26,562] [INFO] 'UtteranceClassificationAgent' completion returned and validated from MODEL = 'ModelName.GROK_3'.
[2025-10-08 21:29:27,581] [INFO] 'UtteranceClassificationAgent' completion returned and validated from MODEL = 'ModelName.GROK_3'.
[2025-10-08 21:29:28,205] [INFO] 'UtteranceClassificationAgent' completion returned and validated from MODEL = 'ModelName.GROK_3'.
[2025-10-08 21:29:28,836] [INFO] 'UtteranceClassificationAgent' completion returned and validated from MODEL = 'ModelName.GROK_3'.
[2025-10-08 21:29:28,836] [INFO] EXIT: 'UtteranceClassificationAgent' calling '_classify_sentence_utterance_types' (4.4525134563446045 secs).
[2025-10-08 21:29:28,836] [INFO] ENTER: 'UtteranceClassificationAgent' calling 'return_classified_sentences'; CURRENT SPEAKER: grok-3_mas, DIALOGUE TURN NUM = 37.
[2025-10-08 21:29:28,836] [INFO] EXIT: 'UtteranceClassificationAgent' calling 'return_classified_sentences' (2.6226043701171875e-06 secs).
[2025-10-08 21:29:28,838] [INFO] ENTER: 'DialogueMoveGenerator' calling 'generate'; CURRENT SPEAKER: grok-3_mas, DIALOGUE TURN NUM = 37.
[2025-10-08 21:29:28,839] [INFO] ENTER: 'MASPromptGenerator' calling 'claim'; CURRENT SPEAKER: grok-3_mas, DIALOGUE TURN NUM = 37.
[2025-10-08 21:29:28,839] [INFO] EXIT: 'MASPromptGenerator' calling 'claim' (6.67572021484375e-05 secs).
[2025-10-08 21:29:28,839] [INFO] ENTER: 'DialogueMoveGenerator' calling 'generate'; CURRENT SPEAKER: grok-3_mas, DIALOGUE TURN NUM = 37.
[2025-10-08 21:29:28,841] [INFO] ENTER: 'MASPromptGenerator' calling 'claim_negation'; CURRENT SPEAKER: grok-3_mas, DIALOGUE TURN NUM = 37.
[2025-10-08 21:29:28,841] [INFO] EXIT: 'MASPromptGenerator' calling 'claim_negation' (6.4849853515625e-05 secs).
[2025-10-08 21:29:28,841] [INFO] ENTER: 'DialogueMoveGenerator' calling 'generate'; CURRENT SPEAKER: grok-3_mas, DIALOGUE TURN NUM = 37.
[2025-10-08 21:29:28,842] [INFO] ENTER: 'MASPromptGenerator' calling 'concede_claim'; CURRENT SPEAKER: grok-3_mas, DIALOGUE TURN NUM = 37.
[2025-10-08 21:29:28,842] [INFO] EXIT: 'MASPromptGenerator' calling 'concede_claim' (5.459785461425781e-05 secs).
[2025-10-08 21:29:28,843] [INFO] ENTER: 'DialogueMoveGenerator' calling 'generate'; CURRENT SPEAKER: grok-3_mas, DIALOGUE TURN NUM = 37.
[2025-10-08 21:29:28,843] [INFO] ENTER: 'MASPromptGenerator' calling 'question_claim'; CURRENT SPEAKER: grok-3_mas, DIALOGUE TURN NUM = 37.
[2025-10-08 21:29:28,843] [INFO] EXIT: 'MASPromptGenerator' calling 'question_claim' (4.410743713378906e-05 secs).
[2025-10-08 21:29:28,844] [INFO] ENTER: 'DialogueMoveGenerator' calling 'generate'; CURRENT SPEAKER: grok-3_mas, DIALOGUE TURN NUM = 37.
[2025-10-08 21:29:28,844] [INFO] ENTER: 'MASPromptGenerator' calling 'retract_claim'; CURRENT SPEAKER: grok-3_mas, DIALOGUE TURN NUM = 37.
[2025-10-08 21:29:28,844] [INFO] EXIT: 'MASPromptGenerator' calling 'retract_claim' (6.985664367675781e-05 secs).
[2025-10-08 21:29:28,844] [INFO] ENTER: 'DialogueMoveGenerator' calling 'generate'; CURRENT SPEAKER: grok-3_mas, DIALOGUE TURN NUM = 37.
[2025-10-08 21:29:28,845] [INFO] ENTER: 'DialogueMoveGenerator' calling 'generate'; CURRENT SPEAKER: grok-3_mas, DIALOGUE TURN NUM = 37.
[2025-10-08 21:29:28,845] [INFO] ENTER: 'MASPromptGenerator' calling 'since_claim'; CURRENT SPEAKER: grok-3_mas, DIALOGUE TURN NUM = 37.
[2025-10-08 21:29:28,845] [INFO] ENTER: 'MASPromptGenerator' calling 'why_claim'; CURRENT SPEAKER: grok-3_mas, DIALOGUE TURN NUM = 37.
[2025-10-08 21:29:28,847] [INFO] EXIT: 'MASPromptGenerator' calling 'since_claim' (5.745887756347656e-05 secs).
[2025-10-08 21:29:28,847] [INFO] EXIT: 'MASPromptGenerator' calling 'why_claim' (5.054473876953125e-05 secs).
[2025-10-08 21:29:32,150] [INFO] Completion returned and validated from MODEL = 'grok-3'.
[2025-10-08 21:29:32,380] [INFO] Completion returned and validated from MODEL = 'grok-3'.
[2025-10-08 21:29:32,408] [INFO] Completion returned and validated from MODEL = 'grok-3'.
[2025-10-08 21:29:32,733] [INFO] Completion returned and validated from MODEL = 'grok-3'.
[2025-10-08 21:29:32,751] [INFO] Completion returned and validated from MODEL = 'grok-3'.
[2025-10-08 21:29:32,934] [INFO] Completion returned and validated from MODEL = 'grok-3'.
[2025-10-08 21:29:33,349] [INFO] Completion returned and validated from MODEL = 'grok-3'.
[2025-10-08 21:29:35,286] [INFO] Completion returned and validated from MODEL = 'grok-3'.
[2025-10-08 21:29:35,930] [INFO] Completion returned and validated from MODEL = 'grok-3'.
[2025-10-08 21:29:37,453] [INFO] Completion returned and validated from MODEL = 'grok-3'.
[2025-10-08 21:29:37,929] [INFO] Completion returned and validated from MODEL = 'grok-3'.
[2025-10-08 21:29:38,311] [INFO] Completion returned and validated from MODEL = 'grok-3'.
[2025-10-08 21:29:38,312] [INFO] Completion returned and validated from MODEL = 'grok-3'.
[2025-10-08 21:29:38,595] [INFO] Completion returned and validated from MODEL = 'grok-3'.
[2025-10-08 21:29:38,733] [INFO] Completion returned and validated from MODEL = 'grok-3'.
[2025-10-08 21:29:38,733] [INFO] EXIT: 'DialogueMoveGenerator' calling 'generate' (9.891304016113281 secs).
[2025-10-08 21:29:38,986] [INFO] Completion returned and validated from MODEL = 'grok-3'.
[2025-10-08 21:29:38,986] [INFO] EXIT: 'DialogueMoveGenerator' calling 'generate' (10.14077091217041 secs).
[2025-10-08 21:29:41,280] [INFO] Completion returned and validated from MODEL = 'grok-3'.
[2025-10-08 21:29:41,280] [INFO] EXIT: 'DialogueMoveGenerator' calling 'generate' (12.439690113067627 secs).
[2025-10-08 21:29:41,688] [INFO] Completion returned and validated from MODEL = 'grok-3'.
[2025-10-08 21:29:41,688] [INFO] EXIT: 'DialogueMoveGenerator' calling 'generate' (12.845346689224243 secs).
[2025-10-08 21:29:42,356] [INFO] Completion returned and validated from MODEL = 'grok-3'.
[2025-10-08 21:29:42,356] [INFO] EXIT: 'DialogueMoveGenerator' calling 'generate' (13.511646747589111 secs).
[2025-10-08 21:29:42,645] [INFO] Completion returned and validated from MODEL = 'grok-3'.
[2025-10-08 21:29:42,645] [INFO] EXIT: 'DialogueMoveGenerator' calling 'generate' (13.801513195037842 secs).
[2025-10-08 21:29:42,700] [INFO] Completion returned and validated from MODEL = 'grok-3'.
[2025-10-08 21:29:42,700] [INFO] EXIT: 'DialogueMoveGenerator' calling 'generate' (13.861089944839478 secs).
[2025-10-08 21:29:42,702] [INFO] ENTER: 'MASPromptGenerator' calling 'persuasiveness_choice'; CURRENT SPEAKER: grok-3_mas, DIALOGUE TURN NUM = 37.
[2025-10-08 21:29:42,702] [INFO] EXIT: 'MASPromptGenerator' calling 'persuasiveness_choice' (0.0003173351287841797 secs).
[2025-10-08 21:29:46,152] [INFO] Completion returned and validated within 'PersuasivenessChoiceAgent'; MODEL = 'grok-3'; DIALOGUE TURN NUM = 37.
[2025-10-08 21:29:49,166] [INFO] Completion returned and validated within 'PersuasivenessChoiceAgent'; MODEL = 'grok-3'; DIALOGUE TURN NUM = 37.
[2025-10-08 21:29:51,195] [INFO] Completion returned and validated within 'PersuasivenessChoiceAgent'; MODEL = 'grok-3'; DIALOGUE TURN NUM = 37.
[2025-10-08 21:29:54,413] [INFO] Completion returned and validated within 'PersuasivenessChoiceAgent'; MODEL = 'grok-3'; DIALOGUE TURN NUM = 37.
[2025-10-08 21:29:56,885] [INFO] Completion returned and validated within 'PersuasivenessChoiceAgent'; MODEL = 'grok-3'; DIALOGUE TURN NUM = 37.
[2025-10-08 21:29:58,927] [INFO] Completion returned and validated within 'PersuasivenessChoiceAgent'; MODEL = 'grok-3'; DIALOGUE TURN NUM = 37.
[2025-10-08 21:29:58,927] [INFO] ENTER: 'DisambiguationAgent' calling '_grouping_similar_utterance_types'; CURRENT SPEAKER: grok-3_mas, DIALOGUE TURN NUM = 37.
[2025-10-08 21:29:58,927] [INFO] EXIT: 'DisambiguationAgent' calling '_grouping_similar_utterance_types' (1.0967254638671875e-05 secs).
[2025-10-08 21:29:58,927] [INFO] ENTER: 'DisambiguationAgent' calling '_identifying_similar_sentences_and_choosing_one_to_return_to_user'; CURRENT SPEAKER: grok-3_mas, DIALOGUE TURN NUM = 37.
[2025-10-08 21:30:08,529] [INFO] 'DisambiguationAgent' grouped similar sentences, completion returned and validated; MODEL = 'grok-3'.
[2025-10-08 21:30:09,489] [INFO] 'DisambiguationAgent' chose sentences to remove, completion returned and validated from MODEL = 'grok-3'.
[2025-10-08 21:30:12,427] [INFO] 'DisambiguationAgent' chose sentences to remove, completion returned and validated from MODEL = 'grok-3'.
[2025-10-08 21:30:13,468] [INFO] 'DisambiguationAgent' chose sentences to remove, completion returned and validated from MODEL = 'grok-3'.
[2025-10-08 21:30:14,519] [INFO] 'DisambiguationAgent' chose sentences to remove, completion returned and validated from MODEL = 'grok-3'.
[2025-10-08 21:30:15,649] [INFO] 'DisambiguationAgent' chose sentences to remove, completion returned and validated from MODEL = 'grok-3'.
[2025-10-08 21:30:16,694] [INFO] 'DisambiguationAgent' chose sentences to remove, completion returned and validated from MODEL = 'grok-3'.
[2025-10-08 21:30:16,694] [INFO] EXIT: 'DisambiguationAgent' calling '_identifying_similar_sentences_and_choosing_one_to_return_to_user' (17.766350746154785 secs).
[2025-10-08 21:30:16,694] [INFO] ENTER: 'DisambiguationAgent' calling '_removing_repetitive_sentences'; CURRENT SPEAKER: grok-3_mas, DIALOGUE TURN NUM = 37.
[2025-10-08 21:30:16,694] [INFO] EXIT: 'DisambiguationAgent' calling '_removing_repetitive_sentences' (1.9550323486328125e-05 secs).
[2025-10-08 21:30:16,694] [INFO] ENTER: 'DisambiguationAgent' calling '_choose_the_most_persuasive_sentences'; CURRENT SPEAKER: grok-3_mas, DIALOGUE TURN NUM = 37.
[2025-10-08 21:30:20,627] [INFO] 'DisambiguationAgent': reached maximum allowed sentences, succussfully chose most persuasive sentences, completion returned and validated from MODEL = 'grok-3'.
[2025-10-08 21:30:20,627] [INFO] EXIT: 'DisambiguationAgent' calling '_choose_the_most_persuasive_sentences' (3.93283748626709 secs).
[2025-10-08 21:30:20,627] [INFO] ENTER: 'DisambiguationAgent' calling 'return_disambiguated_sentences'; CURRENT SPEAKER: grok-3_mas, DIALOGUE TURN NUM = 37.
[2025-10-08 21:30:20,627] [INFO] EXIT: 'DisambiguationAgent' calling 'return_disambiguated_sentences' (2.86102294921875e-06 secs).
[2025-10-08 21:30:20,627] [ERROR] Wrong state used; State of type HumanState; error message: dict has unexpected extra key(s): "graph_rag_examples", "intermediate_generations", "knowledge_base_ensemble_or_model_name", "model_seed", "model_temp", "model_top_p", "number_of_graph_rag_examples", "number_of_vector_based_rag_examples", "political_position_prob_of_na", "political_position_range", "political_position_std", "speaker_model_name", "speaker_type", "vector_based_persona_string", "vector_based_persona_sys_prompt"
[2025-10-08 21:30:20,628] [INFO] Correct state used; State of type GenerationAgentsState; 'IGNORE THE ABOVE ERRORS'.
[2025-10-08 21:30:21,253] [INFO] 'commitment_update' completed '___Claim___' update for current speaker's commitments; MODEL = 'grok-3'.
[2025-10-08 21:30:21,883] [INFO] 'commitment_update' completed '___Since___' update; MODEL = 'grok-3'.
[2025-10-08 21:34:24,111] [INFO] 'commitment_update' completed '___Claim___' update for current speaker's commitments; MODEL = 'grok-3'.
[2025-10-08 21:34:24,810] [INFO] 'commitment_update' completed '___Since___' update; MODEL = 'grok-3'.
[2025-10-08 21:34:25,541] [INFO] 'commitment_update' completed '___Claim___' update for current speaker's commitments; MODEL = 'grok-3'.
[2025-10-08 21:34:25,629] [ERROR] Wrong state used; State of type HumanState; error message: dict has unexpected extra key(s): "graph_rag_examples", "intermediate_generations", "knowledge_base_ensemble_or_model_name", "model_seed", "model_temp", "model_top_p", "number_of_graph_rag_examples", "number_of_vector_based_rag_examples", "political_position_prob_of_na", "political_position_range", "political_position_std", "speaker_model_name", "speaker_type", "vector_based_persona_string", "vector_based_persona_sys_prompt"
[2025-10-08 21:34:25,629] [INFO] Correct state used; State of type GenerationAgentsState; 'IGNORE THE ABOVE ERRORS'.
[2025-10-08 21:34:25,629] [INFO] ENTER: 'UtteranceClassificationAgent' calling '_classify_sentence_utterance_types'; CURRENT SPEAKER: mistral-medium_mas_rag, DIALOGUE TURN NUM = 38.
[2025-10-08 21:34:26,479] [INFO] 'UtteranceClassificationAgent' completion returned and validated from MODEL = 'ModelName.MISTRAL_MEDIUM'.
[2025-10-08 21:34:27,430] [INFO] 'UtteranceClassificationAgent' completion returned and validated from MODEL = 'ModelName.MISTRAL_MEDIUM'.
[2025-10-08 21:34:27,935] [INFO] 'UtteranceClassificationAgent' completion returned and validated from MODEL = 'ModelName.MISTRAL_MEDIUM'.
[2025-10-08 21:34:28,378] [INFO] 'UtteranceClassificationAgent' completion returned and validated from MODEL = 'ModelName.MISTRAL_MEDIUM'.
[2025-10-08 21:34:28,787] [INFO] 'UtteranceClassificationAgent' completion returned and validated from MODEL = 'ModelName.MISTRAL_MEDIUM'.
[2025-10-08 21:34:28,787] [INFO] EXIT: 'UtteranceClassificationAgent' calling '_classify_sentence_utterance_types' (3.157238721847534 secs).
[2025-10-08 21:34:28,787] [INFO] ENTER: 'UtteranceClassificationAgent' calling 'return_classified_sentences'; CURRENT SPEAKER: mistral-medium_mas_rag, DIALOGUE TURN NUM = 38.
[2025-10-08 21:34:28,787] [INFO] EXIT: 'UtteranceClassificationAgent' calling 'return_classified_sentences' (2.6226043701171875e-06 secs).
[2025-10-08 21:34:28,808] [INFO] ENTER: 'GraphRAG' calling 'why'; CURRENT SPEAKER: mistral-medium_mas_rag, DIALOGUE TURN NUM = 38.
[2025-10-08 21:34:28,809] [INFO] ENTER: 'GraphRAG' calling 'query_graph'; CURRENT SPEAKER: mistral-medium_mas_rag, DIALOGUE TURN NUM = 38.
[2025-10-08 21:34:29,497] [INFO] EXIT: 'GraphRAG' calling 'query_graph' (0.6876535415649414 secs).
[2025-10-08 21:34:29,497] [INFO] EXIT: 'GraphRAG' calling 'why' (0.6880877017974854 secs).
[2025-10-08 21:34:29,497] [INFO] ENTER: 'GraphRAG' calling 'claim_negation'; CURRENT SPEAKER: mistral-medium_mas_rag, DIALOGUE TURN NUM = 38.
[2025-10-08 21:34:29,497] [INFO] ENTER: 'GraphRAG' calling 'query_graph'; CURRENT SPEAKER: mistral-medium_mas_rag, DIALOGUE TURN NUM = 38.
[2025-10-08 21:34:30,156] [INFO] EXIT: 'GraphRAG' calling 'query_graph' (0.6589367389678955 secs).
[2025-10-08 21:34:30,156] [INFO] EXIT: 'GraphRAG' calling 'claim_negation' (0.6594178676605225 secs).
[2025-10-08 21:34:30,156] [INFO] ENTER: 'GraphRAG' calling 'concede'; CURRENT SPEAKER: mistral-medium_mas_rag, DIALOGUE TURN NUM = 38.
[2025-10-08 21:34:30,156] [INFO] ENTER: 'GraphRAG' calling 'query_graph'; CURRENT SPEAKER: mistral-medium_mas_rag, DIALOGUE TURN NUM = 38.
[2025-10-08 21:34:30,842] [INFO] EXIT: 'GraphRAG' calling 'query_graph' (0.6852033138275146 secs).
[2025-10-08 21:34:30,842] [INFO] EXIT: 'GraphRAG' calling 'concede' (0.6856236457824707 secs).
[2025-10-08 21:34:30,842] [INFO] ENTER: 'GraphRAG' calling 'question'; CURRENT SPEAKER: mistral-medium_mas_rag, DIALOGUE TURN NUM = 38.
[2025-10-08 21:34:30,842] [INFO] ENTER: 'GraphRAG' calling 'query_graph'; CURRENT SPEAKER: mistral-medium_mas_rag, DIALOGUE TURN NUM = 38.
[2025-10-08 21:34:30,966] [INFO] EXIT: 'GraphRAG' calling 'query_graph' (0.12410974502563477 secs).
[2025-10-08 21:34:30,966] [INFO] EXIT: 'GraphRAG' calling 'question' (0.1245107650756836 secs).
[2025-10-08 21:34:30,984] [INFO] ENTER: 'GraphRAG' calling 'why'; CURRENT SPEAKER: mistral-medium_mas_rag, DIALOGUE TURN NUM = 38.
[2025-10-08 21:34:30,984] [INFO] ENTER: 'GraphRAG' calling 'query_graph'; CURRENT SPEAKER: mistral-medium_mas_rag, DIALOGUE TURN NUM = 38.
[2025-10-08 21:34:31,674] [INFO] EXIT: 'GraphRAG' calling 'query_graph' (0.6902890205383301 secs).
[2025-10-08 21:34:31,674] [INFO] EXIT: 'GraphRAG' calling 'why' (0.6907057762145996 secs).
[2025-10-08 21:34:31,674] [INFO] ENTER: 'GraphRAG' calling 'claim_negation'; CURRENT SPEAKER: mistral-medium_mas_rag, DIALOGUE TURN NUM = 38.
[2025-10-08 21:34:31,675] [INFO] ENTER: 'GraphRAG' calling 'query_graph'; CURRENT SPEAKER: mistral-medium_mas_rag, DIALOGUE TURN NUM = 38.
[2025-10-08 21:34:32,330] [INFO] EXIT: 'GraphRAG' calling 'query_graph' (0.6554174423217773 secs).
[2025-10-08 21:34:32,330] [INFO] EXIT: 'GraphRAG' calling 'claim_negation' (0.6558327674865723 secs).
[2025-10-08 21:34:32,330] [INFO] ENTER: 'GraphRAG' calling 'concede'; CURRENT SPEAKER: mistral-medium_mas_rag, DIALOGUE TURN NUM = 38.
[2025-10-08 21:34:32,331] [INFO] ENTER: 'GraphRAG' calling 'query_graph'; CURRENT SPEAKER: mistral-medium_mas_rag, DIALOGUE TURN NUM = 38.
[2025-10-08 21:34:33,021] [INFO] EXIT: 'GraphRAG' calling 'query_graph' (0.6902649402618408 secs).
[2025-10-08 21:34:33,021] [INFO] EXIT: 'GraphRAG' calling 'concede' (0.6906702518463135 secs).
[2025-10-08 21:34:33,021] [INFO] ENTER: 'GraphRAG' calling 'question'; CURRENT SPEAKER: mistral-medium_mas_rag, DIALOGUE TURN NUM = 38.
[2025-10-08 21:34:33,021] [INFO] ENTER: 'GraphRAG' calling 'query_graph'; CURRENT SPEAKER: mistral-medium_mas_rag, DIALOGUE TURN NUM = 38.
[2025-10-08 21:34:33,145] [INFO] EXIT: 'GraphRAG' calling 'query_graph' (0.12381625175476074 secs).
[2025-10-08 21:34:33,145] [INFO] EXIT: 'GraphRAG' calling 'question' (0.12423539161682129 secs).
[2025-10-08 21:34:33,161] [INFO] ENTER: 'GraphRAG' calling 'why'; CURRENT SPEAKER: mistral-medium_mas_rag, DIALOGUE TURN NUM = 38.
[2025-10-08 21:34:33,161] [INFO] ENTER: 'GraphRAG' calling 'query_graph'; CURRENT SPEAKER: mistral-medium_mas_rag, DIALOGUE TURN NUM = 38.
[2025-10-08 21:34:33,850] [INFO] EXIT: 'GraphRAG' calling 'query_graph' (0.6891765594482422 secs).
[2025-10-08 21:34:33,850] [INFO] EXIT: 'GraphRAG' calling 'why' (0.6895956993103027 secs).
[2025-10-08 21:34:33,850] [INFO] ENTER: 'GraphRAG' calling 'claim_negation'; CURRENT SPEAKER: mistral-medium_mas_rag, DIALOGUE TURN NUM = 38.
[2025-10-08 21:34:33,851] [INFO] ENTER: 'GraphRAG' calling 'query_graph'; CURRENT SPEAKER: mistral-medium_mas_rag, DIALOGUE TURN NUM = 38.
[2025-10-08 21:34:34,509] [INFO] EXIT: 'GraphRAG' calling 'query_graph' (0.6584820747375488 secs).
[2025-10-08 21:34:34,509] [INFO] EXIT: 'GraphRAG' calling 'claim_negation' (0.6589021682739258 secs).
[2025-10-08 21:34:34,509] [INFO] ENTER: 'GraphRAG' calling 'concede'; CURRENT SPEAKER: mistral-medium_mas_rag, DIALOGUE TURN NUM = 38.
[2025-10-08 21:34:34,510] [INFO] ENTER: 'GraphRAG' calling 'query_graph'; CURRENT SPEAKER: mistral-medium_mas_rag, DIALOGUE TURN NUM = 38.
[2025-10-08 21:34:35,187] [INFO] EXIT: 'GraphRAG' calling 'query_graph' (0.6778151988983154 secs).
[2025-10-08 21:34:35,188] [INFO] EXIT: 'GraphRAG' calling 'concede' (0.6781690120697021 secs).
[2025-10-08 21:34:35,188] [INFO] ENTER: 'GraphRAG' calling 'question'; CURRENT SPEAKER: mistral-medium_mas_rag, DIALOGUE TURN NUM = 38.
[2025-10-08 21:34:35,188] [INFO] ENTER: 'GraphRAG' calling 'query_graph'; CURRENT SPEAKER: mistral-medium_mas_rag, DIALOGUE TURN NUM = 38.
[2025-10-08 21:34:35,313] [INFO] EXIT: 'GraphRAG' calling 'query_graph' (0.12542724609375 secs).
[2025-10-08 21:34:35,313] [INFO] EXIT: 'GraphRAG' calling 'question' (0.12580323219299316 secs).
[2025-10-08 21:34:35,329] [INFO] ENTER: 'GraphRAG' calling 'why'; CURRENT SPEAKER: mistral-medium_mas_rag, DIALOGUE TURN NUM = 38.
[2025-10-08 21:34:35,329] [INFO] ENTER: 'GraphRAG' calling 'query_graph'; CURRENT SPEAKER: mistral-medium_mas_rag, DIALOGUE TURN NUM = 38.
[2025-10-08 21:34:36,011] [INFO] EXIT: 'GraphRAG' calling 'query_graph' (0.6817915439605713 secs).
[2025-10-08 21:34:36,011] [INFO] EXIT: 'GraphRAG' calling 'why' (0.6823742389678955 secs).
[2025-10-08 21:34:36,012] [INFO] ENTER: 'GraphRAG' calling 'claim_negation'; CURRENT SPEAKER: mistral-medium_mas_rag, DIALOGUE TURN NUM = 38.
[2025-10-08 21:34:36,012] [INFO] ENTER: 'GraphRAG' calling 'query_graph'; CURRENT SPEAKER: mistral-medium_mas_rag, DIALOGUE TURN NUM = 38.
[2025-10-08 21:34:36,669] [INFO] EXIT: 'GraphRAG' calling 'query_graph' (0.6566474437713623 secs).
[2025-10-08 21:34:36,669] [INFO] EXIT: 'GraphRAG' calling 'claim_negation' (0.6571176052093506 secs).
[2025-10-08 21:34:36,669] [INFO] ENTER: 'GraphRAG' calling 'concede'; CURRENT SPEAKER: mistral-medium_mas_rag, DIALOGUE TURN NUM = 38.
[2025-10-08 21:34:36,669] [INFO] ENTER: 'GraphRAG' calling 'query_graph'; CURRENT SPEAKER: mistral-medium_mas_rag, DIALOGUE TURN NUM = 38.
[2025-10-08 21:34:37,348] [INFO] EXIT: 'GraphRAG' calling 'query_graph' (0.6789984703063965 secs).
[2025-10-08 21:34:37,348] [INFO] EXIT: 'GraphRAG' calling 'concede' (0.6794009208679199 secs).
[2025-10-08 21:34:37,348] [INFO] ENTER: 'GraphRAG' calling 'question'; CURRENT SPEAKER: mistral-medium_mas_rag, DIALOGUE TURN NUM = 38.
[2025-10-08 21:34:37,348] [INFO] ENTER: 'GraphRAG' calling 'query_graph'; CURRENT SPEAKER: mistral-medium_mas_rag, DIALOGUE TURN NUM = 38.
[2025-10-08 21:34:37,470] [INFO] EXIT: 'GraphRAG' calling 'query_graph' (0.12140727043151855 secs).
[2025-10-08 21:34:37,470] [INFO] EXIT: 'GraphRAG' calling 'question' (0.12177228927612305 secs).
[2025-10-08 21:34:37,486] [INFO] ENTER: 'GraphRAG' calling 'why'; CURRENT SPEAKER: mistral-medium_mas_rag, DIALOGUE TURN NUM = 38.
[2025-10-08 21:34:37,486] [INFO] ENTER: 'GraphRAG' calling 'query_graph'; CURRENT SPEAKER: mistral-medium_mas_rag, DIALOGUE TURN NUM = 38.
[2025-10-08 21:34:38,173] [INFO] EXIT: 'GraphRAG' calling 'query_graph' (0.6873748302459717 secs).
[2025-10-08 21:34:38,173] [INFO] EXIT: 'GraphRAG' calling 'why' (0.6878008842468262 secs).
[2025-10-08 21:34:38,173] [INFO] ENTER: 'GraphRAG' calling 'claim_negation'; CURRENT SPEAKER: mistral-medium_mas_rag, DIALOGUE TURN NUM = 38.
[2025-10-08 21:34:38,174] [INFO] ENTER: 'GraphRAG' calling 'query_graph'; CURRENT SPEAKER: mistral-medium_mas_rag, DIALOGUE TURN NUM = 38.
[2025-10-08 21:34:38,844] [INFO] EXIT: 'GraphRAG' calling 'query_graph' (0.6702606678009033 secs).
[2025-10-08 21:34:38,844] [INFO] EXIT: 'GraphRAG' calling 'claim_negation' (0.6708300113677979 secs).
[2025-10-08 21:34:38,844] [INFO] ENTER: 'GraphRAG' calling 'concede'; CURRENT SPEAKER: mistral-medium_mas_rag, DIALOGUE TURN NUM = 38.
[2025-10-08 21:34:38,845] [INFO] ENTER: 'GraphRAG' calling 'query_graph'; CURRENT SPEAKER: mistral-medium_mas_rag, DIALOGUE TURN NUM = 38.
[2025-10-08 21:34:39,530] [INFO] EXIT: 'GraphRAG' calling 'query_graph' (0.6853535175323486 secs).
[2025-10-08 21:34:39,530] [INFO] EXIT: 'GraphRAG' calling 'concede' (0.6857359409332275 secs).
[2025-10-08 21:34:39,530] [INFO] ENTER: 'GraphRAG' calling 'question'; CURRENT SPEAKER: mistral-medium_mas_rag, DIALOGUE TURN NUM = 38.
[2025-10-08 21:34:39,530] [INFO] ENTER: 'GraphRAG' calling 'query_graph'; CURRENT SPEAKER: mistral-medium_mas_rag, DIALOGUE TURN NUM = 38.
[2025-10-08 21:34:39,656] [INFO] EXIT: 'GraphRAG' calling 'query_graph' (0.12535572052001953 secs).
[2025-10-08 21:34:39,656] [INFO] EXIT: 'GraphRAG' calling 'question' (0.12572884559631348 secs).
[2025-10-08 21:34:39,656] [INFO] ENTER: 'GraphRAG' calling 'return_rag_examples'; CURRENT SPEAKER: mistral-medium_mas_rag, DIALOGUE TURN NUM = 38.
[2025-10-08 21:34:39,656] [INFO] EXIT: 'GraphRAG' calling 'return_rag_examples' (1.9073486328125e-06 secs).
[2025-10-08 21:34:39,658] [INFO] ENTER: 'DialogueMoveGenerator' calling 'generate'; CURRENT SPEAKER: mistral-medium_mas_rag, DIALOGUE TURN NUM = 38.
[2025-10-08 21:34:39,658] [INFO] ENTER: 'MASPromptGenerator' calling 'claim_negation'; CURRENT SPEAKER: mistral-medium_mas_rag, DIALOGUE TURN NUM = 38.
[2025-10-08 21:34:39,658] [INFO] EXIT: 'MASPromptGenerator' calling 'claim_negation' (0.00011658668518066406 secs).
[2025-10-08 21:34:39,659] [INFO] ENTER: 'DialogueMoveGenerator' calling 'generate'; CURRENT SPEAKER: mistral-medium_mas_rag, DIALOGUE TURN NUM = 38.
[2025-10-08 21:34:39,660] [INFO] ENTER: 'MASPromptGenerator' calling 'concede_claim'; CURRENT SPEAKER: mistral-medium_mas_rag, DIALOGUE TURN NUM = 38.
[2025-10-08 21:34:39,660] [INFO] EXIT: 'MASPromptGenerator' calling 'concede_claim' (9.799003601074219e-05 secs).
[2025-10-08 21:34:39,660] [INFO] ENTER: 'DialogueMoveGenerator' calling 'generate'; CURRENT SPEAKER: mistral-medium_mas_rag, DIALOGUE TURN NUM = 38.
[2025-10-08 21:34:39,661] [INFO] ENTER: 'MASPromptGenerator' calling 'question_claim'; CURRENT SPEAKER: mistral-medium_mas_rag, DIALOGUE TURN NUM = 38.
[2025-10-08 21:34:39,661] [INFO] EXIT: 'MASPromptGenerator' calling 'question_claim' (0.00011920928955078125 secs).
[2025-10-08 21:34:39,661] [INFO] ENTER: 'DialogueMoveGenerator' calling 'generate'; CURRENT SPEAKER: mistral-medium_mas_rag, DIALOGUE TURN NUM = 38.
[2025-10-08 21:34:39,662] [INFO] ENTER: 'MASPromptGenerator' calling 'why_claim'; CURRENT SPEAKER: mistral-medium_mas_rag, DIALOGUE TURN NUM = 38.
[2025-10-08 21:34:39,662] [INFO] EXIT: 'MASPromptGenerator' calling 'why_claim' (0.0001010894775390625 secs).
[2025-10-08 21:34:41,932] [INFO] Completion returned and validated from MODEL = 'mistral-medium'.
[2025-10-08 21:34:42,502] [INFO] Completion returned and validated from MODEL = 'mistral-medium'.
[2025-10-08 21:34:42,529] [INFO] Completion returned and validated from MODEL = 'mistral-medium'.
[2025-10-08 21:34:42,967] [INFO] Completion returned and validated from MODEL = 'mistral-medium'.
[2025-10-08 21:34:43,662] [INFO] Completion returned and validated from MODEL = 'mistral-medium'.
[2025-10-08 21:34:45,111] [INFO] Completion returned and validated from MODEL = 'mistral-medium'.
[2025-10-08 21:34:45,207] [INFO] Completion returned and validated from MODEL = 'mistral-medium'.
[2025-10-08 21:34:45,233] [INFO] Completion returned and validated from MODEL = 'mistral-medium'.
[2025-10-08 21:34:46,984] [INFO] Completion returned and validated from MODEL = 'mistral-medium'.
[2025-10-08 21:34:47,736] [INFO] Completion returned and validated from MODEL = 'mistral-medium'.
[2025-10-08 21:34:47,795] [INFO] Completion returned and validated from MODEL = 'mistral-medium'.
[2025-10-08 21:34:49,320] [INFO] Completion returned and validated from MODEL = 'mistral-medium'.
[2025-10-08 21:34:49,320] [INFO] EXIT: 'DialogueMoveGenerator' calling 'generate' (9.660322189331055 secs).
[2025-10-08 21:34:50,258] [INFO] Completion returned and validated from MODEL = 'mistral-medium'.
[2025-10-08 21:34:50,438] [INFO] Completion returned and validated from MODEL = 'mistral-medium'.
[2025-10-08 21:34:52,699] [INFO] Completion returned and validated from MODEL = 'mistral-medium'.
[2025-10-08 21:34:52,699] [INFO] EXIT: 'DialogueMoveGenerator' calling 'generate' (13.03790807723999 secs).
[2025-10-08 21:34:53,438] [INFO] Completion returned and validated from MODEL = 'mistral-medium'.
[2025-10-08 21:34:53,438] [INFO] EXIT: 'DialogueMoveGenerator' calling 'generate' (13.777550220489502 secs).
[2025-10-08 21:36:45,579] [INFO] Completion returned and validated from MODEL = 'mistral-medium'.
[2025-10-08 21:36:48,530] [INFO] Completion returned and validated from MODEL = 'mistral-medium'.
[2025-10-08 21:36:51,593] [INFO] Completion returned and validated from MODEL = 'mistral-medium'.
[2025-10-08 21:36:54,502] [INFO] Completion returned and validated from MODEL = 'mistral-medium'.
[2025-10-08 21:36:54,502] [INFO] EXIT: 'DialogueMoveGenerator' calling 'generate' (134.84402775764465 secs).
[2025-10-08 21:36:54,503] [INFO] ENTER: 'MASPromptGenerator' calling 'persuasiveness_choice'; CURRENT SPEAKER: mistral-medium_mas_rag, DIALOGUE TURN NUM = 38.
[2025-10-08 21:36:54,504] [INFO] EXIT: 'MASPromptGenerator' calling 'persuasiveness_choice' (0.00027298927307128906 secs).
[2025-10-08 21:36:58,390] [INFO] Completion returned and validated within 'PersuasivenessChoiceAgent'; MODEL = 'mistral-medium'; DIALOGUE TURN NUM = 38.
[2025-10-08 21:37:02,030] [INFO] Completion returned and validated within 'PersuasivenessChoiceAgent'; MODEL = 'mistral-medium'; DIALOGUE TURN NUM = 38.
[2025-10-08 21:37:05,644] [INFO] Completion returned and validated within 'PersuasivenessChoiceAgent'; MODEL = 'mistral-medium'; DIALOGUE TURN NUM = 38.
[2025-10-08 21:37:09,543] [INFO] Completion returned and validated within 'PersuasivenessChoiceAgent'; MODEL = 'mistral-medium'; DIALOGUE TURN NUM = 38.
[2025-10-08 21:37:13,868] [INFO] Completion returned and validated within 'PersuasivenessChoiceAgent'; MODEL = 'mistral-medium'; DIALOGUE TURN NUM = 38.
[2025-10-08 21:37:13,868] [INFO] ENTER: 'DisambiguationAgent' calling '_grouping_similar_utterance_types'; CURRENT SPEAKER: mistral-medium_mas_rag, DIALOGUE TURN NUM = 38.
[2025-10-08 21:37:13,868] [INFO] EXIT: 'DisambiguationAgent' calling '_grouping_similar_utterance_types' (1.3589859008789062e-05 secs).
[2025-10-08 21:37:13,868] [INFO] ENTER: 'DisambiguationAgent' calling '_identifying_similar_sentences_and_choosing_one_to_return_to_user'; CURRENT SPEAKER: mistral-medium_mas_rag, DIALOGUE TURN NUM = 38.
[2025-10-08 21:37:29,323] [INFO] 'DisambiguationAgent' grouped similar sentences, completion returned and validated; MODEL = 'mistral-medium'.
[2025-10-08 21:37:30,783] [INFO] 'DisambiguationAgent' chose sentences to remove, completion returned and validated from MODEL = 'mistral-medium'.
[2025-10-08 21:37:31,877] [INFO] 'DisambiguationAgent' chose sentences to remove, completion returned and validated from MODEL = 'mistral-medium'.
[2025-10-08 21:37:32,783] [INFO] 'DisambiguationAgent' chose sentences to remove, completion returned and validated from MODEL = 'mistral-medium'.
[2025-10-08 21:37:32,783] [INFO] EXIT: 'DisambiguationAgent' calling '_identifying_similar_sentences_and_choosing_one_to_return_to_user' (18.914769411087036 secs).
[2025-10-08 21:37:32,783] [INFO] ENTER: 'DisambiguationAgent' calling '_identifying_similar_sentences_and_choosing_one_to_return_to_user'; CURRENT SPEAKER: mistral-medium_mas_rag, DIALOGUE TURN NUM = 38.
[2025-10-08 21:37:58,775] [INFO] 'DisambiguationAgent' grouped similar sentences, completion returned and validated; MODEL = 'mistral-medium'.
[2025-10-08 21:38:22,883] [INFO] 'DisambiguationAgent' chose sentences to remove, completion returned and validated from MODEL = 'mistral-medium'.
[2025-10-08 21:38:24,529] [INFO] 'DisambiguationAgent' chose sentences to remove, completion returned and validated from MODEL = 'mistral-medium'.
[2025-10-08 21:38:24,529] [INFO] EXIT: 'DisambiguationAgent' calling '_identifying_similar_sentences_and_choosing_one_to_return_to_user' (51.74575853347778 secs).
[2025-10-08 21:38:24,529] [INFO] ENTER: 'DisambiguationAgent' calling '_removing_repetitive_sentences'; CURRENT SPEAKER: mistral-medium_mas_rag, DIALOGUE TURN NUM = 38.
[2025-10-08 21:38:24,529] [INFO] EXIT: 'DisambiguationAgent' calling '_removing_repetitive_sentences' (2.47955322265625e-05 secs).
[2025-10-08 21:38:24,529] [INFO] ENTER: 'DisambiguationAgent' calling '_choose_the_most_persuasive_sentences'; CURRENT SPEAKER: mistral-medium_mas_rag, DIALOGUE TURN NUM = 38.
[2025-10-08 21:38:28,653] [INFO] 'DisambiguationAgent': reached maximum allowed sentences, succussfully chose most persuasive sentences, completion returned and validated from MODEL = 'mistral-medium'.
[2025-10-08 21:38:28,653] [INFO] EXIT: 'DisambiguationAgent' calling '_choose_the_most_persuasive_sentences' (4.123761177062988 secs).
[2025-10-08 21:38:28,653] [INFO] ENTER: 'DisambiguationAgent' calling 'return_disambiguated_sentences'; CURRENT SPEAKER: mistral-medium_mas_rag, DIALOGUE TURN NUM = 38.
[2025-10-08 21:38:28,653] [INFO] EXIT: 'DisambiguationAgent' calling 'return_disambiguated_sentences' (2.86102294921875e-06 secs).
[2025-10-08 21:38:28,653] [ERROR] Wrong state used; State of type HumanState; error message: dict has unexpected extra key(s): "graph_rag_examples", "intermediate_generations", "knowledge_base_ensemble_or_model_name", "model_seed", "model_temp", "model_top_p", "number_of_graph_rag_examples", "number_of_vector_based_rag_examples", "political_position_prob_of_na", "political_position_range", "political_position_std", "speaker_model_name", "speaker_type", "vector_based_persona_string", "vector_based_persona_sys_prompt"
[2025-10-08 21:38:28,654] [INFO] Correct state used; State of type GenerationAgentsState; 'IGNORE THE ABOVE ERRORS'.
[2025-10-08 21:38:29,137] [INFO] 'commitment_update' completed '___Claim___' update for current speaker's commitments; MODEL = 'mistral-medium'.
[2025-10-08 21:38:29,994] [INFO] 'commitment_update' completed '___Claim___' update for current speaker's commitments; MODEL = 'mistral-medium'.
[2025-10-08 21:38:30,564] [INFO] 'commitment_update' completed '___Claim___' update for current speaker's commitments; MODEL = 'mistral-medium'.
[2025-10-08 21:38:30,700] [ERROR] Wrong state used; State of type HumanState; error message: dict has unexpected extra key(s): "graph_rag_examples", "intermediate_generations", "knowledge_base_ensemble_or_model_name", "model_seed", "model_temp", "model_top_p", "number_of_graph_rag_examples", "number_of_vector_based_rag_examples", "political_position_prob_of_na", "political_position_range", "political_position_std", "speaker_model_name", "speaker_type", "vector_based_persona_string", "vector_based_persona_sys_prompt"
[2025-10-08 21:38:30,701] [INFO] Correct state used; State of type GenerationAgentsState; 'IGNORE THE ABOVE ERRORS'.
[2025-10-08 21:38:30,701] [INFO] ENTER: 'UtteranceClassificationAgent' calling '_classify_sentence_utterance_types'; CURRENT SPEAKER: grok-3_mas, DIALOGUE TURN NUM = 39.
[2025-10-08 21:38:31,751] [INFO] 'UtteranceClassificationAgent' completion returned and validated from MODEL = 'ModelName.GROK_3'.
[2025-10-08 21:38:32,699] [INFO] 'UtteranceClassificationAgent' completion returned and validated from MODEL = 'ModelName.GROK_3'.
[2025-10-08 21:38:33,338] [INFO] 'UtteranceClassificationAgent' completion returned and validated from MODEL = 'ModelName.GROK_3'.
[2025-10-08 21:38:34,039] [INFO] 'UtteranceClassificationAgent' completion returned and validated from MODEL = 'ModelName.GROK_3'.
[2025-10-08 21:38:34,847] [INFO] 'UtteranceClassificationAgent' completion returned and validated from MODEL = 'ModelName.GROK_3'.
[2025-10-08 21:38:34,847] [INFO] EXIT: 'UtteranceClassificationAgent' calling '_classify_sentence_utterance_types' (4.145855903625488 secs).
[2025-10-08 21:38:34,847] [INFO] ENTER: 'UtteranceClassificationAgent' calling 'return_classified_sentences'; CURRENT SPEAKER: grok-3_mas, DIALOGUE TURN NUM = 39.
[2025-10-08 21:38:34,847] [INFO] EXIT: 'UtteranceClassificationAgent' calling 'return_classified_sentences' (2.384185791015625e-06 secs).
[2025-10-08 21:38:34,849] [INFO] ENTER: 'DialogueMoveGenerator' calling 'generate'; CURRENT SPEAKER: grok-3_mas, DIALOGUE TURN NUM = 39.
[2025-10-08 21:38:34,849] [INFO] ENTER: 'MASPromptGenerator' calling 'claim'; CURRENT SPEAKER: grok-3_mas, DIALOGUE TURN NUM = 39.
[2025-10-08 21:38:34,849] [INFO] EXIT: 'MASPromptGenerator' calling 'claim' (6.747245788574219e-05 secs).
[2025-10-08 21:38:34,850] [INFO] ENTER: 'DialogueMoveGenerator' calling 'generate'; CURRENT SPEAKER: grok-3_mas, DIALOGUE TURN NUM = 39.
[2025-10-08 21:38:34,850] [INFO] ENTER: 'MASPromptGenerator' calling 'claim_negation'; CURRENT SPEAKER: grok-3_mas, DIALOGUE TURN NUM = 39.
[2025-10-08 21:38:34,850] [INFO] EXIT: 'MASPromptGenerator' calling 'claim_negation' (7.128715515136719e-05 secs).
[2025-10-08 21:38:34,851] [INFO] ENTER: 'DialogueMoveGenerator' calling 'generate'; CURRENT SPEAKER: grok-3_mas, DIALOGUE TURN NUM = 39.
[2025-10-08 21:38:34,851] [INFO] ENTER: 'MASPromptGenerator' calling 'concede_claim'; CURRENT SPEAKER: grok-3_mas, DIALOGUE TURN NUM = 39.
[2025-10-08 21:38:34,851] [INFO] EXIT: 'MASPromptGenerator' calling 'concede_claim' (5.340576171875e-05 secs).
[2025-10-08 21:38:34,852] [INFO] ENTER: 'DialogueMoveGenerator' calling 'generate'; CURRENT SPEAKER: grok-3_mas, DIALOGUE TURN NUM = 39.
[2025-10-08 21:38:34,852] [INFO] ENTER: 'MASPromptGenerator' calling 'question_claim'; CURRENT SPEAKER: grok-3_mas, DIALOGUE TURN NUM = 39.
[2025-10-08 21:38:34,852] [INFO] EXIT: 'MASPromptGenerator' calling 'question_claim' (5.030632019042969e-05 secs).
[2025-10-08 21:38:34,853] [INFO] ENTER: 'DialogueMoveGenerator' calling 'generate'; CURRENT SPEAKER: grok-3_mas, DIALOGUE TURN NUM = 39.
[2025-10-08 21:38:34,853] [INFO] ENTER: 'MASPromptGenerator' calling 'retract_claim'; CURRENT SPEAKER: grok-3_mas, DIALOGUE TURN NUM = 39.
[2025-10-08 21:38:34,853] [INFO] EXIT: 'MASPromptGenerator' calling 'retract_claim' (6.604194641113281e-05 secs).
[2025-10-08 21:38:34,853] [INFO] ENTER: 'DialogueMoveGenerator' calling 'generate'; CURRENT SPEAKER: grok-3_mas, DIALOGUE TURN NUM = 39.
[2025-10-08 21:38:34,854] [INFO] ENTER: 'MASPromptGenerator' calling 'since_claim'; CURRENT SPEAKER: grok-3_mas, DIALOGUE TURN NUM = 39.
[2025-10-08 21:38:34,854] [INFO] EXIT: 'MASPromptGenerator' calling 'since_claim' (6.246566772460938e-05 secs).
[2025-10-08 21:38:34,854] [INFO] ENTER: 'DialogueMoveGenerator' calling 'generate'; CURRENT SPEAKER: grok-3_mas, DIALOGUE TURN NUM = 39.
[2025-10-08 21:38:34,855] [INFO] ENTER: 'MASPromptGenerator' calling 'why_claim'; CURRENT SPEAKER: grok-3_mas, DIALOGUE TURN NUM = 39.
[2025-10-08 21:38:34,856] [INFO] EXIT: 'MASPromptGenerator' calling 'why_claim' (4.57763671875e-05 secs).
[2025-10-08 21:38:38,517] [INFO] Completion returned and validated from MODEL = 'grok-3'.
[2025-10-08 21:38:38,915] [INFO] Completion returned and validated from MODEL = 'grok-3'.
[2025-10-08 21:38:39,138] [INFO] Completion returned and validated from MODEL = 'grok-3'.
[2025-10-08 21:38:39,141] [INFO] Completion returned and validated from MODEL = 'grok-3'.
[2025-10-08 21:38:39,905] [INFO] Completion returned and validated from MODEL = 'grok-3'.
[2025-10-08 21:38:40,137] [INFO] Completion returned and validated from MODEL = 'grok-3'.
[2025-10-08 21:38:40,468] [INFO] Completion returned and validated from MODEL = 'grok-3'.
[2025-10-08 21:38:42,171] [INFO] Completion returned and validated from MODEL = 'grok-3'.
[2025-10-08 21:38:42,245] [INFO] Completion returned and validated from MODEL = 'grok-3'.
[2025-10-08 21:38:42,722] [INFO] Completion returned and validated from MODEL = 'grok-3'.
[2025-10-08 21:38:42,871] [INFO] Completion returned and validated from MODEL = 'grok-3'.
[2025-10-08 21:38:43,730] [INFO] Completion returned and validated from MODEL = 'grok-3'.
[2025-10-08 21:38:43,730] [INFO] EXIT: 'DialogueMoveGenerator' calling 'generate' (8.880943536758423 secs).
[2025-10-08 21:38:44,734] [INFO] Completion returned and validated from MODEL = 'grok-3'.
[2025-10-08 21:38:44,734] [INFO] EXIT: 'DialogueMoveGenerator' calling 'generate' (9.882829427719116 secs).
[2025-10-08 21:38:45,930] [INFO] Completion returned and validated from MODEL = 'grok-3'.
[2025-10-08 21:38:45,930] [INFO] EXIT: 'DialogueMoveGenerator' calling 'generate' (11.077940702438354 secs).
[2025-10-08 21:38:46,035] [INFO] Completion returned and validated from MODEL = 'grok-3'.
[2025-10-08 21:38:46,035] [INFO] EXIT: 'DialogueMoveGenerator' calling 'generate' (11.185434341430664 secs).
[2025-10-08 21:38:46,181] [INFO] Completion returned and validated from MODEL = 'grok-3'.
[2025-10-08 21:38:46,181] [INFO] EXIT: 'DialogueMoveGenerator' calling 'generate' (11.328382968902588 secs).
[2025-10-08 21:38:46,884] [INFO] Completion returned and validated from MODEL = 'grok-3'.
[2025-10-08 21:38:46,884] [INFO] EXIT: 'DialogueMoveGenerator' calling 'generate' (12.03083324432373 secs).
[2025-10-08 21:40:46,153] [INFO] Completion returned and validated from MODEL = 'grok-3'.
[2025-10-08 21:40:46,153] [INFO] EXIT: 'DialogueMoveGenerator' calling 'generate' (131.29770183563232 secs).
[2025-10-08 21:40:46,154] [INFO] ENTER: 'MASPromptGenerator' calling 'persuasiveness_choice'; CURRENT SPEAKER: grok-3_mas, DIALOGUE TURN NUM = 39.
[2025-10-08 21:40:46,154] [INFO] EXIT: 'MASPromptGenerator' calling 'persuasiveness_choice' (0.0003466606140136719 secs).
[2025-10-08 21:40:48,933] [INFO] Completion returned and validated within 'PersuasivenessChoiceAgent'; MODEL = 'grok-3'; DIALOGUE TURN NUM = 39.
[2025-10-08 21:40:51,457] [INFO] Completion returned and validated within 'PersuasivenessChoiceAgent'; MODEL = 'grok-3'; DIALOGUE TURN NUM = 39.
[2025-10-08 21:40:55,138] [INFO] Completion returned and validated within 'PersuasivenessChoiceAgent'; MODEL = 'grok-3'; DIALOGUE TURN NUM = 39.
[2025-10-08 21:40:57,428] [INFO] Completion returned and validated within 'PersuasivenessChoiceAgent'; MODEL = 'grok-3'; DIALOGUE TURN NUM = 39.
[2025-10-08 21:41:01,875] [INFO] Completion returned and validated within 'PersuasivenessChoiceAgent'; MODEL = 'grok-3'; DIALOGUE TURN NUM = 39.
[2025-10-08 21:41:01,876] [INFO] ENTER: 'DisambiguationAgent' calling '_grouping_similar_utterance_types'; CURRENT SPEAKER: grok-3_mas, DIALOGUE TURN NUM = 39.
[2025-10-08 21:41:01,876] [INFO] EXIT: 'DisambiguationAgent' calling '_grouping_similar_utterance_types' (9.775161743164062e-06 secs).
[2025-10-08 21:41:01,876] [INFO] ENTER: 'DisambiguationAgent' calling '_identifying_similar_sentences_and_choosing_one_to_return_to_user'; CURRENT SPEAKER: grok-3_mas, DIALOGUE TURN NUM = 39.
[2025-10-08 21:41:13,935] [INFO] 'DisambiguationAgent' grouped similar sentences, completion returned and validated; MODEL = 'grok-3'.
[2025-10-08 21:41:15,203] [INFO] 'DisambiguationAgent' chose sentences to remove, completion returned and validated from MODEL = 'grok-3'.
[2025-10-08 21:41:16,497] [INFO] 'DisambiguationAgent' chose sentences to remove, completion returned and validated from MODEL = 'grok-3'.
[2025-10-08 21:41:17,990] [INFO] 'DisambiguationAgent' chose sentences to remove, completion returned and validated from MODEL = 'grok-3'.
[2025-10-08 21:41:19,229] [INFO] 'DisambiguationAgent' chose sentences to remove, completion returned and validated from MODEL = 'grok-3'.
[2025-10-08 21:41:20,413] [INFO] 'DisambiguationAgent' chose sentences to remove, completion returned and validated from MODEL = 'grok-3'.
[2025-10-08 21:41:21,541] [INFO] 'DisambiguationAgent' chose sentences to remove, completion returned and validated from MODEL = 'grok-3'.
[2025-10-08 21:41:21,542] [INFO] EXIT: 'DisambiguationAgent' calling '_identifying_similar_sentences_and_choosing_one_to_return_to_user' (19.66564393043518 secs).
[2025-10-08 21:41:21,542] [INFO] ENTER: 'DisambiguationAgent' calling '_removing_repetitive_sentences'; CURRENT SPEAKER: grok-3_mas, DIALOGUE TURN NUM = 39.
[2025-10-08 21:41:21,542] [INFO] EXIT: 'DisambiguationAgent' calling '_removing_repetitive_sentences' (1.8358230590820312e-05 secs).
[2025-10-08 21:41:21,542] [INFO] ENTER: 'DisambiguationAgent' calling '_choose_the_most_persuasive_sentences'; CURRENT SPEAKER: grok-3_mas, DIALOGUE TURN NUM = 39.
[2025-10-08 21:41:25,046] [INFO] 'DisambiguationAgent': reached maximum allowed sentences, succussfully chose most persuasive sentences, completion returned and validated from MODEL = 'grok-3'.
[2025-10-08 21:41:25,046] [INFO] EXIT: 'DisambiguationAgent' calling '_choose_the_most_persuasive_sentences' (3.5040698051452637 secs).
[2025-10-08 21:41:25,046] [INFO] ENTER: 'DisambiguationAgent' calling 'return_disambiguated_sentences'; CURRENT SPEAKER: grok-3_mas, DIALOGUE TURN NUM = 39.
[2025-10-08 21:41:25,046] [INFO] EXIT: 'DisambiguationAgent' calling 'return_disambiguated_sentences' (3.0994415283203125e-06 secs).
[2025-10-08 21:41:25,046] [ERROR] Wrong state used; State of type HumanState; error message: dict has unexpected extra key(s): "graph_rag_examples", "intermediate_generations", "knowledge_base_ensemble_or_model_name", "model_seed", "model_temp", "model_top_p", "number_of_graph_rag_examples", "number_of_vector_based_rag_examples", "political_position_prob_of_na", "political_position_range", "political_position_std", "speaker_model_name", "speaker_type", "vector_based_persona_string", "vector_based_persona_sys_prompt"
[2025-10-08 21:41:25,047] [INFO] Correct state used; State of type GenerationAgentsState; 'IGNORE THE ABOVE ERRORS'.
[2025-10-08 21:41:25,733] [INFO] 'commitment_update' completed '___Since___' update; MODEL = 'grok-3'.
[2025-10-08 21:41:26,433] [INFO] 'commitment_update' completed '___Claim___' update for current speaker's commitments; MODEL = 'grok-3'.
[2025-10-08 21:41:27,122] [INFO] 'commitment_update' completed '___Claim___' update for current speaker's commitments; MODEL = 'grok-3'.
[2025-10-08 21:41:27,750] [INFO] 'commitment_update' completed '___Since___' update; MODEL = 'grok-3'.
[2025-10-08 21:41:28,398] [INFO] 'commitment_update' completed '___Claim___' update for current speaker's commitments; MODEL = 'grok-3'.
[2025-10-08 21:41:28,924] [INFO] Parent graph returned.
[2025-10-08 21:41:29,122] [INFO] WINNER: None; LOSER: None, REASON: {'reason': 'Maximum number of dialogue turns reached (40 dialogue turns).', 'utterance_type': None, 'utterance': None}
[2025-10-08 21:41:29,122] [INFO] DIALOGUE END: Session finished.
